B01001_024E,B01001_012E,B01001_048E,B01001_031MA,B01001_036E,B01001_035EA,B01001_024M,B01001_012M,B01001_016MA,B01001_048M,B01001_036M,B01001_039MA,B01001_012EA,B01001_009EA,B01001_011E,B01001_020MA,B01001_035E,B01001_023E,B01001_047E,B01001_043MA,B01001_011M,B01001_005MA,B01001_028MA,B01001_035M,B01001_047EA,B01001_023M,B01001_047M,B01001_001EA,B01001_024EA,B01001_002E,B01001_015MA,B01001_026E,B01001_030MA,B01001_014E,B01001_038E,B01001_011EA,B01001_034EA,B01001_002M,B01001_026M,B01001_038MA,B01001_014M,B01001_038M,B01001_008EA,B01001_013E,B01001_001E,B01001_037E,B01001_004MA,B01001_025E,B01001_042MA,B01001_049E,B01001_046EA,B01001_013M,B01001_001M,B01001_027MA,B01001_037M,B01001_025M,B01001_023EA,B01001_049M,B01001_010MA,B01001_004E,B01001_028E,B01001_016E,B01001_033MA,B01001_018MA,B01001_037EA,B01001_004M,B01001_014EA,B01001_028M,B01001_016M,B01001_049EA,B01001_029E,B01001_022MA,B01001_045MA,B01001_015E,B01001_003E,B01001_039E,B01001_027E,B01001_007MA,B01001_003EA,B01001_015M,B01001_026EA,B01001_041EA,B01001_003M,B01001_039M,B01001_027M,NAME,B01001_038EA,B01001_018M,B01001_006E,B01001_032MA,B01001_017MA,B01001_036EA,B01001_006M,B01001_013EA,B01001_019E,B01001_007E,B01001_021MA,B01001_029M,B01001_040EA,B01001_017E,B01001_005E,B01001_044MA,B01001_029MA,B01001_006MA,B01001_048EA,B01001_025EA,B01001_017M,B01001_002EA,B01001_005M,B01001_018E,B01001_008M,B01001_035MA,B01001_012MA,B01001_040E,B01001_031EA,B01001_005EA,B01001_028EA,B01001_040M,B01001_009E,B01001_019M,B01001_007M,B01001_047MA,B01001_001MA,B01001_024MA,B01001_020EA,B01001_009MA,B01001_043EA,B01001_017EA,B01001_008E,B01001_011MA,B01001_034MA,B01001_019MA,B01001_015EA,B01001_030EA,B01001_042E,B01001_030E,B01001_027EA,B01001_042M,B01001_030M,B01001_046MA,B01001_009M,B01001_023MA,B01001_008MA,B01001_004EA,B01001_042EA,B01001_041E,B01001_016EA,B01001_039EA,B01001_041M,B01001_044E,B01001_032E,B01001_037MA,B01001_014MA,B01001_044M,B01001_010EA,B01001_032M,B01001_020E,B01001_033EA,B01001_007EA,B01001_020M,B01001_043E,B01001_003MA,B01001_026MA,B01001_041MA,B01001_022EA,B01001_045EA,B01001_043M,B01001_049MA,B01001_031E,B01001_019EA,B01001_031M,B01001_022E,B01001_010E,B01001_036MA,B01001_046E,B01001_034E,B01001_013MA,B01001_022M,B01001_010M,B01001_046M,B01001_034M,B01001_032EA,B01001_029EA,B01001_006EA,B01001_033E,B01001_021E,B01001_045E,B01001_048MA,B01001_025MA,B01001_002MA,B01001_033M,B01001_021EA,B01001_021M,B01001_045M,B01001_044EA,GEO_ID,B01001_018EA,B01001_040MA
11,40,10,,30,,18,38,,17,33,,,,43,,68,13,104,,55,,,72,,18,106,,,652,,777,,122,108,,,255,253,,101,89,,0,1429,26,,84,,0,,14,449,,32,128,,14,,56,106,33,,,,56,,145,41,,43,,,0,0,38,0,,,14,,,14,43,14,Block Group 1; Census Tract 121.01; Boulder County; Colorado,,31,74,,,,74,,0,73,,68,,45,0,,,,,,43,,14,20,14,,,136,,,,105,0,14,82,,,,,,,,0,,,,,,36,0,,55,14,,14,,,,,42,,,42,0,0,,,14,,14,0,,,14,17,,,,,,28,,0,,14,0,22,,13,0,,14,30,22,14,,,,0,16,0,,,,14,,25,14,,1500000US080130121011,,
8,10,14,,45,,17,16,,23,44,,,,22,,24,27,28,,34,,,38,,31,32,,,699,,667,,32,26,,,202,191,,35,31,,29,1366,93,,15,,12,,33,339,,57,24,,21,,57,60,32,,,,55,,79,36,,72,,,82,24,48,23,,,60,,,29,45,33,Block Group 2; Census Tract 121.01; Boulder County; Colorado,,24,12,,,,20,,26,0,,75,,60,106,,,,,,50,,77,18,14,,,32,,,,38,20,31,14,,,,,,,,0,,,,,,16,23,,26,37,,32,,,,,39,,,43,0,0,,,14,,14,0,,,14,39,,,,,,43,,0,,14,52,41,,39,10,,47,56,38,22,,,,0,26,24,,,,14,,30,29,,1500000US080130121012,,
0,0,0,,9,,14,14,,14,20,,,,29,,9,0,0,,34,,,17,,14,14,,,422,,409,,15,10,,,153,139,,23,20,,33,831,23,,0,,0,,42,254,,36,14,,14,,19,27,95,,,,33,,38,69,,26,,,10,9,21,0,,,20,,,20,31,14,Block Group 3; Census Tract 121.01; Boulder County; Colorado,,14,37,,,,36,,0,0,,40,,47,19,,,,,,51,,30,0,14,,,23,,,,35,0,14,14,,,,,,,,0,,,,,,0,25,,14,38,,14,,,,,51,,,49,69,0,,,59,,14,9,,,17,23,,,,,,34,,0,,14,29,26,,12,11,,35,31,21,19,,,,0,45,70,,,,14,,51,69,,1500000US080130121013,,
20,69,43,,0,,31,76,,44,14,,,,7,,8,13,64,,15,,,16,,23,43,,,663,,511,,0,70,,,353,224,,14,64,,64,1174,67,,13,,0,,89,447,,96,21,,14,,42,0,279,,,,57,,14,315,,0,,,14,0,0,13,,,21,,,14,14,20,Block Group 4; Census Tract 121.01; Boulder County; Colorado,,14,10,,,,16,,0,0,,14,,13,52,,,,,,22,,57,0,14,,,12,,,,19,0,14,14,,,,,,,,0,,,,,,0,0,,14,14,,14,,,,,65,,,77,0,120,,,14,,180,54,,,62,10,,,,,,18,,0,,14,0,0,,8,0,,14,14,13,14,,,,0,13,31,,,,14,,20,36,,1500000US080130121014,,
18,6,8,,0,,20,9,,13,14,,,,35,,17,26,39,,29,,,17,,17,24,,,451,,417,,21,22,,,131,114,,24,24,,9,868,19,,0,,4,,16,218,,23,14,,7,,31,9,35,,,,29,,15,23,,45,,,64,0,56,13,,,44,,,14,40,18,Block Group 1; Census Tract 121.03; Boulder County; Colorado,,14,48,,,,49,,10,0,,33,,15,70,,,,,,18,,47,0,14,,,47,,,,32,0,10,14,,,,,,,,0,,,,,,0,24,,14,24,,14,,,,,54,,,46,14,0,,,17,,14,0,,,14,21,,,,,,24,,0,,14,48,7,,6,0,,34,12,10,14,,,,7,8,12,,,,12,,12,13,,1500000US080130121031,,
0,48,7,,45,,14,44,,11,34,,,,0,,25,28,9,,14,,,27,,16,14,,,443,,558,,24,62,,,135,153,,38,59,,34,1001,36,,18,,8,,23,275,,37,21,,15,,42,14,27,,,,49,,15,23,,55,,,84,16,0,37,,,67,,,19,14,36,Block Group 2; Census Tract 121.03; Boulder County; Colorado,,13,0,,,,14,,26,0,,46,,42,8,,,,,,60,,13,12,14,,,63,,,,41,0,30,14,,,,,,,,0,,,,,,0,67,,14,74,,14,,,,,36,,,28,12,0,,,18,,14,19,,,21,7,,,,,,11,,9,,15,15,0,,58,0,,11,14,29,14,,,,0,0,8,,,,14,,14,12,,1500000US080130121032,,
15,163,8,,159,,17,85,,14,101,,,,85,,80,12,22,,49,,,40,,15,18,,,731,,718,,43,47,,,166,134,,31,34,,82,1449,44,,33,,16,,116,236,,30,8,,18,,21,0,27,,,,26,,14,24,,18,,,0,16,11,0,,,14,,,19,16,14,Block Group 3; Census Tract 121.03; Boulder County; Colorado,,23,18,,,,28,,42,0,,19,,30,18,,,,,,22,,20,25,14,,,70,,,,47,0,39,14,,,,,,,,0,,,,,,30,17,,24,19,,14,,,,,55,,,34,0,0,,,14,,14,27,,,24,7,,,,,,12,,13,,21,29,37,,51,33,,31,32,37,31,,,,37,8,0,,,,50,,14,14,,1500000US080130121033,,
7,0,13,,12,,12,14,,17,19,,,,35,,28,41,0,,34,,,28,,25,14,,,458,,600,,47,47,,,144,146,,44,30,,20,1058,32,,0,,5,,24,271,,34,14,,10,,34,11,29,,,,37,,18,29,,78,,,30,9,16,34,,,26,,,15,19,28,Block Group 1; Census Tract 121.04; Boulder County; Colorado,,18,36,,,,34,,17,0,,44,,3,12,,,,,,6,,18,12,14,,,22,,,,25,0,24,14,,,,,,,,0,,,,,,15,19,,25,31,,14,,,,,55,,,48,18,35,,,20,,38,48,,,51,41,,,,,,31,,0,,14,53,0,,60,0,,37,14,41,14,,,,0,25,59,,,,14,,23,40,,1500000US080130121041,,
34,0,17,,0,,27,14,,20,14,,,,11,,24,54,43,,19,,,26,,35,34,,,569,,680,,40,38,,,135,143,,30,28,,22,1249,39,,6,,34,,34,235,,39,11,,52,,8,8,57,,,,14,,12,34,,16,,,0,39,15,0,,,14,,,39,20,14,Block Group 2; Census Tract 121.04; Boulder County; Colorado,,21,61,,,,50,,0,25,,20,,47,23,,,,,,42,,30,12,14,,,109,,,,56,0,14,29,,,,,,,,0,,,,,,19,49,,17,37,,14,,,,,47,,,45,53,0,,,36,,14,9,,,14,0,,,,,,14,,0,,14,33,5,,98,35,,30,10,51,49,,,,18,83,18,,,,25,,56,21,,1500000US080130121042,,
8,12,16,,43,,13,20,,19,37,,,,0,,21,63,18,,14,,,35,,94,21,,,645,,773,,31,85,,,235,259,,42,91,,185,1418,65,,0,,0,,97,431,,63,14,,14,,54,37,25,,,,79,,47,34,,139,,,63,20,106,22,,,51,,,32,85,31,Block Group 1; Census Tract 121.05; Boulder County; Colorado,,14,48,,,,79,,0,15,,159,,85,0,,,,,,99,,14,0,20,,,33,,,,44,0,14,28,,,,,,,,12,,,,,,0,36,,14,58,,14,,,,,84,,,86,25,0,,,40,,14,11,,,19,20,,,,,,22,,0,,14,13,0,,0,19,,22,14,14,32,,,,0,0,4,,,,14,,14,9,,1500000US080130121051,,
0,68,10,,277,,14,65,,16,113,,,,83,,48,0,21,,100,,,48,,14,24,,,1026,,941,,46,21,,,359,211,,82,39,,91,1967,21,,0,,9,,100,516,,53,14,,14,,130,0,192,,,,122,,14,166,,49,,,109,68,78,0,,,57,,,102,103,14,Block Group 2; Census Tract 121.05; Boulder County; Colorado,,67,0,,,,14,,0,0,,70,,28,70,,,,,,43,,76,69,14,,,109,,,,87,0,14,14,,,,,,,,0,,,,,,12,101,,20,137,,14,,,,,104,,,63,10,0,,,16,,14,0,,,14,20,,,,,,24,,0,,14,26,36,,0,51,,45,44,14,66,,,,0,10,0,,,,14,,17,14,,1500000US080130121052,,
1,0,0,,50,,2,14,,14,74,,,,79,,37,7,15,,93,,,57,,13,20,,,668,,471,,15,15,,,347,234,,25,25,,98,1139,66,,0,,0,,94,569,,72,14,,14,,0,0,0,,,,14,,14,14,,0,,,0,112,8,38,,,14,,,105,15,54,Block Group 3; Census Tract 121.05; Boulder County; Colorado,,42,14,,,,27,,20,80,,14,,105,24,,,,,,101,,40,25,14,,,91,,,,119,0,25,128,,,,,,,,0,,,,,,7,42,,13,67,,14,,,,,10,,,18,8,0,,,14,,14,37,,,32,18,,,,,,25,,0,,14,16,27,,0,25,,23,47,14,47,,,,0,8,41,,,,14,,16,34,,1500000US080130121053,,
31,9,16,,12,,38,15,,27,22,,,,63,,10,9,18,,60,,,16,,14,14,,,852,,804,,61,117,,,398,227,,78,107,,0,1656,0,,9,,0,,14,577,,14,14,,14,,98,0,78,,,,91,,14,78,,57,,,33,24,104,0,,,41,,,41,87,14,Block Group 4; Census Tract 121.05; Boulder County; Colorado,,105,22,,,,42,,0,0,,77,,227,18,,,,,,314,,27,106,14,,,113,,,,115,0,14,14,,,,,,,,0,,,,,,131,21,,96,31,,14,,,,,83,,,61,0,0,,,14,,14,0,,,14,32,,,,,,50,,0,,14,30,14,,54,28,,27,24,57,32,,,,0,20,8,,,,14,,23,15,,1500000US080130121054,,
7,21,7,,48,,11,26,,11,49,,,,49,,69,9,7,,40,,,39,,14,11,,,487,,477,,0,24,,,189,138,,14,23,,73,964,7,,0,,0,,70,249,,12,14,,14,,55,47,61,,,,65,,44,41,,12,,,41,0,31,10,,,29,,,14,36,14,Block Group 1; Census Tract 121.06; Boulder County; Colorado,,14,0,,,,14,,17,23,,16,,62,0,,,,,,54,,14,9,14,,,43,,,,41,0,26,39,,,,,,,,0,,,,,,7,20,,11,31,,14,,,,,28,,,36,32,0,,,30,,14,0,,,14,40,,,,,,46,,0,,14,18,26,,9,0,,26,31,15,14,,,,19,16,17,,,,29,,18,24,,1500000US080130121061,,
8,42,12,,41,,13,48,,18,44,,,,41,,63,28,29,,33,,,46,,25,23,,,743,,921,,34,13,,,163,242,,36,24,,32,1664,66,,0,,1,,32,323,,46,14,,8,,47,33,67,,,,56,,33,55,,9,,,78,30,47,35,,,49,,,53,31,31,Block Group 2; Census Tract 121.06; Boulder County; Colorado,,24,56,,,,50,,23,0,,15,,26,50,,,,,,26,,46,15,14,,,160,,,,85,0,38,14,,,,,,,,0,,,,,,22,56,,35,42,,14,,,,,32,,,27,72,0,,,53,,14,54,,,37,9,,,,,,14,,35,,51,74,28,,169,0,,54,43,184,14,,,,0,10,17,,,,14,,17,20,,1500000US080130121062,,
10,15,5,,52,,14,18,,8,38,,,,151,,69,28,6,,100,,,57,,35,10,,,763,,652,,53,49,,,219,165,,40,43,,95,1415,58,,6,,0,,63,303,,51,11,,14,,25,35,30,,,,28,,30,35,,62,,,53,38,48,40,,,55,,,57,56,38,Block Group 1; Census Tract 121.07; Boulder County; Colorado,,13,0,,,,14,,22,25,,82,,4,23,,,,,,8,,27,4,15,,,0,,,,14,0,22,38,,,,,,,,9,,,,,,22,16,,34,19,,14,,,,,23,,,20,0,40,,,14,,56,25,,,29,33,,,,,,32,,0,,14,63,84,,23,35,,48,110,21,35,,,,0,0,36,,,,14,,14,30,,1500000US080130121071,,
16,119,11,,35,,25,110,,17,37,,,,206,,131,53,13,,138,,,105,,35,23,,,922,,795,,117,27,,,235,307,,75,34,,29,1717,14,,54,,105,,27,493,,21,59,,87,,96,0,35,,,,95,,14,33,,10,,,8,0,56,12,,,13,,,14,77,18,Block Group 2; Census Tract 121.07; Boulder County; Colorado,,14,10,,,,14,,19,0,,14,,69,0,,,,,,48,,14,13,14,,,18,,,,27,18,21,14,,,,,,,,0,,,,,,17,33,,27,36,,29,,,,,86,,,49,5,0,,,9,,14,8,,,15,9,,,,,,14,,0,,14,34,8,,54,159,,34,15,31,198,,,,0,10,0,,,,14,,25,14,,1500000US080130121072,,
22,53,0,,22,,23,45,,14,23,,,,106,,11,0,27,,96,,,18,,14,25,,,511,,734,,0,42,,,195,315,,14,60,,9,1245,97,,9,,45,,15,456,,60,15,,37,,18,30,11,,,,29,,29,16,,0,,,69,0,55,11,,,65,,,14,55,17,Block Group 3; Census Tract 121.07; Boulder County; Colorado,,27,33,,,,40,,27,16,,14,,0,69,,,,,,14,,76,23,14,,,21,,,,29,0,27,28,,,,,,,,0,,,,,,0,56,,14,52,,14,,,,,78,,,59,0,0,,,14,,14,19,,,30,37,,,,,,37,,172,,238,0,27,,17,13,,14,47,21,23,,,,0,0,0,,,,14,,14,14,,1500000US080130121073,,
14,29,10,,21,,15,34,,13,34,,,,32,,77,17,14,,32,,,97,,27,15,,,249,,404,,45,51,,,94,143,,39,56,,10,653,19,,8,,7,,16,190,,19,13,,11,,0,10,40,,,,14,,16,57,,6,,,0,11,0,0,,,14,,,17,14,14,Block Group 1; Census Tract 122.01; Boulder County; Colorado,,14,0,,,,14,,0,0,,9,,5,0,,,,,,10,,14,0,14,,,7,,,,12,0,14,14,,,,,,,,0,,,,,,0,0,,14,14,,14,,,,,10,,,13,7,39,,,12,,63,0,,,14,0,,,,,,14,,17,,33,22,0,,52,41,,18,14,53,44,,,,0,16,16,,,,14,,19,18,,1500000US080130122011,,
13,45,7,,43,,16,56,,11,34,,,,28,,200,0,0,,33,,,163,,14,14,,,735,,772,,136,86,,,217,358,,124,67,,53,1507,25,,0,,6,,38,513,,30,14,,12,,0,0,47,,,,14,,14,68,,83,,,13,25,73,21,,,18,,,33,108,28,Block Group 2; Census Tract 122.01; Boulder County; Colorado,,14,0,,,,14,,14,44,,124,,90,10,,,,,,50,,17,0,47,,,26,,,,29,60,17,48,,,,,,,,41,,,,,,15,51,,23,63,,56,,,,,41,,,37,10,9,,,16,,13,16,,,24,21,,,,,,23,,0,,14,10,90,,15,9,,16,77,18,14,,,,0,0,31,,,,14,,14,39,,1500000US080130122012,,
32,10,40,,0,,23,16,,25,14,,,,70,,54,9,10,,66,,,50,,12,13,,,675,,567,,37,22,,,151,154,,32,30,,45,1242,26,,7,,0,,37,256,,25,11,,14,,0,26,7,,,,14,,35,12,,6,,,28,38,47,0,,,38,,,44,36,14,Block Group 3; Census Tract 122.01; Boulder County; Colorado,,33,7,,,,12,,20,0,,10,,27,47,,,,,,25,,41,39,14,,,13,,,,16,9,30,14,,,,,,,,0,,,,,,10,17,,15,22,,15,,,,,43,,,39,13,40,,,18,,51,4,,,6,20,,,,,,17,,10,,17,102,95,,41,37,,62,73,33,38,,,,84,42,8,,,,96,,26,12,,1500000US080130122013,,
0,87,0,,145,,14,60,,14,100,,,,34,,58,0,9,,32,,,44,,14,17,,,464,,531,,12,28,,,137,187,,20,33,,47,995,95,,0,,7,,50,230,,67,14,,10,,16,34,14,,,,15,,65,22,,13,,,16,0,48,0,,,15,,,14,27,14,Block Group 1; Census Tract 122.04; Boulder County; Colorado,,14,15,,,,14,,36,0,,22,,30,0,,,,,,28,,14,0,14,,,0,,,,14,20,42,14,,,,,,,,0,,,,,,0,0,,14,14,,20,,,,,20,,,21,0,0,,,14,,14,12,,,19,0,,,,,,14,,0,,14,54,59,,35,30,,57,63,46,48,,,,0,12,9,,,,14,,17,15,,1500000US080130122041,,
0,48,26,,39,,14,48,,19,43,,,,5,,45,0,21,,7,,,46,,14,33,,,820,,480,,0,16,,,515,169,,14,28,,0,1300,0,,9,,48,,14,522,,14,13,,39,,0,0,0,,,,14,,14,14,,0,,,21,0,0,0,,,40,,,14,14,14,Block Group 2; Census Tract 122.04; Boulder County; Colorado,,7,0,,,,14,,6,83,,14,,0,0,,,,,,14,,14,4,112,,,0,,,,14,112,10,61,,,,,,,,163,,,,,,0,0,,14,14,,106,,,,,0,,,14,18,74,,,20,,78,0,,,14,23,,,,,,28,,43,,35,0,350,,0,113,,14,449,14,91,,,,14,19,0,,,,22,,21,14,,1500000US080130122042,,
7,54,0,,8,,11,43,,14,13,,,,119,,76,9,0,,89,,,56,,15,14,,,473,,578,,21,22,,,195,270,,33,33,,18,1051,19,,0,,0,,20,360,,24,14,,14,,0,21,7,,,,14,,33,12,,21,,,0,0,7,0,,,14,,,14,11,14,Block Group 3; Census Tract 122.04; Boulder County; Colorado,,10,0,,,,14,,9,8,,33,,63,0,,,,,,38,,14,5,11,,,7,,,,12,40,14,14,,,,,,,,6,,,,,,0,0,,14,14,,40,,,,,27,,,18,26,44,,,32,,39,18,,,22,16,,,,,,17,,46,,51,0,74,,0,84,,14,95,14,96,,,,121,15,33,,,,184,,21,29,,1500000US080130122043,,
0,0,20,,24,,14,14,,31,39,,,,277,,216,10,15,,288,,,168,,15,15,,,677,,677,,4,95,,,303,191,,7,76,,74,1354,14,,0,,0,,62,446,,17,14,,14,,0,0,24,,,,14,,14,28,,0,,,59,38,53,0,,,59,,,38,44,14,Block Group 1; Census Tract 122.05; Boulder County; Colorado,,14,0,,,,14,,67,15,,14,,35,0,,,,,,40,,14,0,14,,,14,,,,27,0,74,30,,,,,,,,0,,,,,,0,0,,14,14,,14,,,,,14,,,22,34,16,,,40,,26,0,,,14,56,,,,,,69,,0,,14,23,39,,10,96,,21,52,15,71,,,,0,12,0,,,,14,,18,14,,1500000US080130122051,,
0,103,2,,33,,14,72,,5,37,,,,239,,97,0,10,,118,,,67,,14,17,,,1317,,635,,82,14,,,532,285,,77,21,,85,1952,13,,0,,0,,73,570,,20,14,,14,,42,0,0,,,,62,,14,14,,4,,,0,0,4,0,,,14,,,14,12,14,Block Group 2; Census Tract 122.05; Boulder County; Colorado,,35,53,,,,77,,0,0,,11,,23,0,,,,,,27,,14,32,508,,,0,,,,14,198,14,14,,,,,,,,398,,,,,,9,0,,14,14,,171,,,,,17,,,21,0,10,,,14,,18,0,,,14,23,,,,,,29,,0,,14,0,41,,218,144,,14,44,245,93,,,,0,21,37,,,,14,,25,35,,1500000US080130122052,,
0,181,0,,23,,14,92,,14,19,,,,134,,178,0,0,,83,,,102,,14,14,,,891,,790,,71,12,,,239,210,,78,18,,72,1681,24,,0,,0,,63,318,,24,14,,14,,0,0,38,,,,14,,14,36,,0,,,0,0,40,0,,,14,,,14,46,14,Block Group 1; Census Tract 122.06; Boulder County; Colorado,,14,0,,,,14,,11,11,,14,,3,0,,,,,,7,,14,0,54,,,29,,,,26,60,18,15,,,,,,,,67,,,,,,0,0,,14,14,,55,,,,,12,,,18,0,103,,,14,,71,12,,,18,0,,,,,,14,,127,,112,0,231,,0,72,,14,166,14,67,,,,160,0,10,,,,107,,14,16,,1500000US080130122061,,
0,26,0,,9,,14,26,,14,15,,,,41,,33,11,12,,39,,,39,,17,17,,,579,,835,,0,0,,,214,322,,14,14,,43,1414,0,,14,,90,,71,369,,14,17,,50,,0,0,10,,,,14,,14,16,,0,,,0,0,18,8,,,14,,,14,22,14,Block Group 2; Census Tract 122.06; Boulder County; Colorado,,14,0,,,,14,,26,59,,14,,41,0,,,,,,64,,14,0,52,,,0,,,,14,58,28,56,,,,,,,,48,,,,,,10,0,,15,14,,89,,,,,77,,,83,0,136,,,14,,111,27,,,30,0,,,,,,14,,111,,91,27,133,,11,193,,28,130,17,184,,,,104,15,23,,,,90,,24,27,,1500000US080130122062,,
0,50,0,,140,,14,60,,14,100,,,,15,,0,13,36,,24,,,14,,21,48,,,819,,1032,,0,69,,,317,522,,14,77,,69,1851,139,,0,,0,,71,374,,53,14,,14,,43,76,14,,,,71,,116,21,,181,,,42,277,37,78,,,51,,,136,50,150,Block Group 1; Census Tract 122.07; Boulder County; Colorado,,14,0,,,,14,,39,0,,278,,11,8,,,,,,18,,23,0,185,,,33,,,,38,0,57,14,,,,,,,,231,,,,,,45,109,,68,93,,14,,,,,0,,,14,0,17,,,14,,28,0,,,14,0,,,,,,14,,42,,82,7,0,,0,14,,11,14,14,23,,,,16,0,0,,,,28,,14,14,,1500000US080130122071,,
0,96,7,,106,,14,63,,19,68,,,,78,,43,53,0,,66,,,57,,61,14,,,754,,587,,54,0,,,226,227,,53,14,,44,1341,93,,0,,0,,43,415,,72,14,,14,,33,0,55,,,,60,,14,59,,31,,,54,21,31,0,,,65,,,39,36,14,Block Group 2; Census Tract 122.07; Boulder County; Colorado,,14,0,,,,14,,8,0,,58,,145,41,,,,,,80,,64,0,14,,,27,,,,44,0,14,14,,,,,,,,0,,,,,,10,0,,22,14,,14,,,,,64,,,65,8,0,,,23,,14,0,,,14,8,,,,,,22,,0,,14,63,0,,86,0,,57,14,75,14,,,,0,9,73,,,,14,,16,70,,1500000US080130122072,,
0,103,41,,92,,14,72,,39,65,,,,212,,171,11,0,,118,,,127,,20,14,,,1196,,511,,17,39,,,482,217,,26,52,,145,1707,35,,119,,11,,89,544,,47,146,,18,,0,0,46,,,,14,,14,46,,0,,,247,42,22,16,,,333,,,65,36,27,Block Group 3; Census Tract 122.07; Boulder County; Colorado,,20,0,,,,14,,52,0,,14,,19,0,,,,,,27,,14,12,14,,,0,,,,14,20,82,14,,,,,,,,0,,,,,,0,24,,14,39,,33,,,,,0,,,14,0,0,,,14,,14,15,,,26,37,,,,,,42,,0,,14,35,101,,13,0,,40,98,22,14,,,,0,0,10,,,,14,,14,23,,1500000US080130122073,,
0,209,0,,220,,14,100,,14,115,,,,165,,190,18,0,,72,,,100,,30,14,,,978,,886,,33,30,,,196,168,,30,48,,112,1864,89,,0,,0,,73,257,,61,14,,14,,0,10,10,,,,14,,15,17,,45,,,25,0,48,0,,,29,,,14,58,14,Block Group 1; Census Tract 122.08; Boulder County; Colorado,,133,0,,,,14,,0,0,,64,,54,19,,,,,,40,,36,86,57,,,11,,,,20,0,14,14,,,,,,,,39,,,,,,0,0,,14,14,,14,,,,,69,,,61,0,0,,,14,,14,17,,,25,19,,,,,,24,,27,,32,22,159,,26,91,,32,107,40,72,,,,11,10,0,,,,18,,15,14,,1500000US080130122081,,
0,19,8,,51,,14,31,,12,52,,,,0,,0,23,24,,14,,,14,,28,33,,,256,,230,,59,38,,,91,96,,49,46,,12,486,14,,2,,12,,19,159,,21,3,,17,,20,0,27,,,,22,,14,34,,20,,,25,0,0,0,,,32,,,14,14,14,Block Group 2; Census Tract 122.08; Boulder County; Colorado,,14,0,,,,14,,0,16,,21,,31,0,,,,,,28,,14,0,24,,,0,,,,14,0,14,26,,,,,,,,14,,,,,,13,0,,20,14,,14,,,,,0,,,14,7,0,,,11,,14,0,,,14,0,,,,,,14,,0,,14,8,0,,21,0,,13,14,24,14,,,,0,0,22,,,,14,,14,27,,1500000US080130122082,,
0,6,0,,0,,14,13,,14,14,,,,15,,15,0,0,,22,,,22,,14,14,,,2607,,2331,,10,3,,,251,248,,15,6,,7,4938,9,,0,,0,,14,295,,19,14,,14,,3,0,0,,,,6,,14,14,,4,,,2,0,0,0,,,4,,,14,14,14,Block Group 1; Census Tract 123; Boulder County; Colorado,,14,16,,,,24,,0,2155,,6,,0,3,,,,,,14,,6,0,79,,,0,,,,14,97,14,272,,,,,,,,174,,,,,,0,35,,14,55,,69,,,,,0,,,14,0,268,,,14,,125,0,,,14,0,,,,,,14,,1933,,229,0,119,,0,48,,14,78,14,47,,,,16,0,0,,,,19,,14,14,,1500000US080130123001,,
0,123,0,,114,,14,72,,14,42,,,,349,,100,0,0,,153,,,52,,14,14,,,1278,,809,,9,41,,,287,197,,8,33,,95,2087,34,,0,,0,,41,372,,19,14,,14,,52,15,0,,,,23,,22,14,,0,,,22,13,0,65,,,29,,,16,14,45,Block Group 2; Census Tract 123; Boulder County; Colorado,,14,0,,,,14,,0,276,,14,,0,11,,,,,,14,,16,0,118,,,0,,,,14,31,14,172,,,,,,,,149,,,,,,0,0,,14,14,,32,,,,,0,,,14,0,50,,,14,,57,0,,,14,0,,,,,,14,,189,,101,0,148,,0,162,,14,75,14,94,,,,39,0,0,,,,43,,14,14,,1500000US080130123002,,
0,17,0,,0,,14,31,,14,14,,,,19,,0,0,0,,43,,,14,,14,14,,,856,,1898,,23,0,,,739,887,,38,14,,37,2754,35,,0,,0,,62,1149,,56,14,,14,,0,0,0,,,,14,,14,14,,0,,,0,0,0,0,,,14,,,14,14,14,Block Group 1; Census Tract 124.01; Boulder County; Colorado,,14,36,,,,56,,0,317,,14,,0,0,,,,,,14,,14,0,377,,,0,,,,14,45,14,326,,,,,,,,342,,,,,,0,0,,14,14,,62,,,,,0,,,14,0,282,,,14,,279,0,,,14,0,,,,,,14,,539,,370,0,20,,0,79,,14,33,14,80,,,,963,0,0,,,,693,,14,14,,1500000US080130124011,,
0,10,0,,0,,14,16,,14,14,,,,0,,24,0,0,,14,,,29,,14,14,,,1658,,661,,16,0,,,727,354,,28,14,,0,2319,0,,3,,0,,14,805,,14,7,,14,,0,0,0,,,,14,,14,14,,0,,,0,0,16,14,,,14,,,14,28,25,Block Group 2; Census Tract 124.01; Boulder County; Colorado,,14,0,,,,14,,0,264,,14,,24,0,,,,,,37,,14,0,313,,,0,,,,14,416,14,212,,,,,,,,462,,,,,,0,0,,14,14,,287,,,,,23,,,36,0,331,,,14,,325,0,,,14,0,,,,,,14,,125,,84,0,463,,0,16,,14,357,14,25,,,,112,0,0,,,,91,,14,14,,1500000US080130124012,,
4,51,0,,41,,7,65,,14,64,,,,5,,0,40,34,,9,,,14,,36,36,,,319,,477,,12,10,,,152,206,,21,16,,0,796,19,,29,,49,,14,321,,32,33,,51,,0,0,48,,,,14,,14,56,,0,,,4,0,26,40,,,9,,,14,31,55,Block Group 3; Census Tract 124.01; Boulder County; Colorado,,14,0,,,,14,,0,0,,14,,57,40,,,,,,75,,64,0,14,,,16,,,,24,0,14,14,,,,,,,,0,,,,,,0,0,,14,14,,14,,,,,47,,,76,0,20,,,14,,25,0,,,14,0,,,,,,14,,82,,63,29,0,,50,19,,55,14,63,25,,,,15,0,9,,,,24,,14,20,,1500000US080130124013,,
0,0,0,,0,,14,14,,14,14,,,,28,,0,0,0,,45,,,14,,14,14,,,929,,626,,4,4,,,637,332,,17,17,,7,1555,0,,13,,0,,14,647,,14,20,,14,,3,3,9,,,,18,,17,17,,0,,,0,0,8,3,,,14,,,14,15,14,Block Group 4; Census Tract 124.01; Boulder County; Colorado,,14,0,,,,14,,13,114,,14,,0,0,,,,,,14,,14,0,196,,,0,,,,14,323,20,148,,,,,,,,204,,,,,,0,10,,14,18,,380,,,,,0,,,14,0,112,,,14,,114,0,,,14,12,,,,,,19,,351,,291,15,196,,14,109,,24,223,21,164,,,,0,0,0,,,,14,,14,14,,1500000US080130124014,,
9,75,7,,82,,15,35,,10,54,,,,189,,154,23,10,,93,,,76,,29,13,,,1014,,1015,,82,111,,,244,370,,64,106,,60,2029,45,,8,,26,,35,538,,29,10,,21,,0,55,17,,,,14,,77,19,,175,,,131,15,60,47,,,127,,,20,40,38,Block Group 1; Census Tract 125.01; Boulder County; Colorado,,14,29,,,,30,,36,0,,174,,42,0,,,,,,47,,14,11,73,,,55,,,,45,0,34,14,,,,,,,,52,,,,,,17,0,,21,14,,14,,,,,7,,,12,14,26,,,14,,35,33,,,49,7,,,,,,12,,3,,5,21,167,,19,84,,17,131,17,80,,,,11,14,0,,,,13,,18,14,,1500000US080130125011,,
0,6,0,,22,,14,10,,14,21,,,,71,,30,7,0,,77,,,41,,11,14,,,324,,300,,44,14,,,114,113,,27,14,,28,624,0,,13,,15,,32,214,,14,22,,17,,3,17,9,,,,6,,23,14,,0,,,0,43,8,49,,,14,,,44,12,41,Block Group 2; Census Tract 125.01; Boulder County; Colorado,,21,7,,,,12,,16,10,,14,,8,0,,,,,,12,,14,18,12,,,8,,,,13,0,18,15,,,,,,,,7,,,,,,0,16,,14,19,,14,,,,,17,,,20,13,7,,,13,,12,7,,,11,7,,,,,,12,,29,,31,19,0,,5,32,,20,14,7,54,,,,0,8,11,,,,14,,12,12,,1500000US080130125012,,
0,0,0,,0,,14,14,,14,14,,,,0,,14,8,24,,14,,,22,,13,21,,,215,,419,,10,7,,,91,248,,15,11,,8,634,0,,0,,10,,13,280,,14,14,,16,,46,0,0,,,,46,,14,14,,0,,,25,0,21,9,,,26,,,14,22,15,Block Group 1; Census Tract 125.05; Boulder County; Colorado,,14,0,,,,14,,15,14,,14,,9,22,,,,,,15,,32,0,14,,,0,,,,14,0,18,23,,,,,,,,0,,,,,,17,0,,19,14,,14,,,,,9,,,14,14,161,,,15,,175,3,,,5,15,,,,,,16,,94,,98,26,13,,12,12,,23,19,18,19,,,,0,16,0,,,,14,,17,14,,1500000US080130125051,,
26,105,23,,24,,22,86,,21,28,,,,164,,91,46,18,,74,,,62,,47,19,,,1387,,1665,,109,170,,,173,307,,60,46,,60,3052,59,,33,,49,,35,420,,44,27,,36,,61,91,127,,,,46,,44,64,,88,,,75,47,167,45,,,74,,,37,109,33,Block Group 2; Census Tract 125.05; Boulder County; Colorado,,22,25,,,,24,,49,34,,58,,78,59,,,,,,49,,47,26,17,,,106,,,,58,21,33,38,,,,,,,,15,,,,,,40,225,,33,179,,24,,,,,52,,,46,24,39,,,27,,41,60,,,64,69,,,,,,49,,30,,38,55,36,,85,139,,45,35,58,75,,,,0,76,31,,,,14,,53,28,,1500000US080130125052,,
0,12,8,,3,,14,16,,12,10,,,,4,,0,0,12,,8,,,14,,14,19,,,242,,172,,9,0,,,93,60,,15,14,,0,414,0,,0,,0,,14,141,,14,14,,14,,0,0,22,,,,14,,14,27,,0,,,14,0,28,0,,,22,,,14,29,14,Block Group 3; Census Tract 125.05; Boulder County; Colorado,,15,19,,,,24,,5,4,,14,,40,36,,,,,,44,,46,12,14,,,29,,,,25,0,9,7,,,,,,,,0,,,,,,0,0,,14,14,,14,,,,,7,,,12,12,0,,,15,,14,0,,,14,24,,,,,,21,,4,,9,31,0,,17,0,,28,14,19,14,,,,7,34,21,,,,14,,28,23,,1500000US080130125053,,
0,123,9,,69,,14,59,,14,51,,,,143,,71,15,14,,74,,,62,,16,15,,,1046,,739,,39,0,,,320,316,,46,14,,42,1785,72,,0,,7,,44,484,,88,14,,12,,41,0,1,,,,52,,14,5,,1,,,2,0,29,15,,,4,,,14,32,23,Block Group 1; Census Tract 125.07; Boulder County; Colorado,,14,4,,,,7,,22,41,,2,,0,7,,,,,,14,,14,0,34,,,0,,,,14,49,23,68,,,,,,,,22,,,,,,19,8,,20,16,,46,,,,,59,,,75,9,48,,,14,,49,0,,,14,12,,,,,,18,,130,,142,0,310,,57,62,,14,222,51,67,,,,27,185,21,,,,41,,133,26,,1500000US080130125071,,
0,5,0,,8,,14,10,,14,13,,,,54,,18,18,26,,34,,,23,,19,23,,,736,,850,,40,23,,,155,270,,36,26,,59,1586,33,,0,,0,,48,304,,30,14,,14,,25,31,42,,,,26,,28,29,,42,,,33,0,93,21,,,32,,,14,44,23,Block Group 2; Census Tract 125.07; Boulder County; Colorado,,16,26,,,,26,,22,105,,41,,23,22,,,,,,20,,36,13,23,,,11,,,,17,62,21,87,,,,,,,,20,,,,,,13,21,,14,33,,67,,,,,23,,,29,13,145,,,19,,162,20,,,30,5,,,,,,9,,56,,62,6,132,,8,93,,9,96,12,65,,,,167,9,0,,,,170,,14,14,,1500000US080130125072,,
0,31,8,,36,,14,33,,12,38,,,,29,,31,9,0,,33,,,27,,13,14,,,349,,323,,31,31,,,125,100,,33,33,,42,672,4,,0,,0,,39,206,,7,14,,14,,7,46,8,,,,11,,37,13,,16,,,2,54,11,6,,,3,,,42,15,8,Block Group 3; Census Tract 125.07; Boulder County; Colorado,,16,0,,,,14,,0,0,,18,,27,11,,,,,,20,,17,16,10,,,33,,,,27,10,14,14,,,,,,,,5,,,,,,5,23,,8,24,,22,,,,,12,,,14,0,0,,,14,,14,0,,,14,5,,,,,,8,,0,,14,10,57,,28,28,,16,49,20,27,,,,0,0,0,,,,14,,14,14,,1500000US080130125073,,
22,158,8,,84,,20,173,,12,97,,,,34,,7,19,0,,36,,,10,,29,14,,,518,,218,,10,7,,,144,108,,17,10,,22,736,0,,0,,0,,26,226,,14,14,,14,,29,8,27,,,,25,,12,24,,0,,,24,0,21,0,,,20,,,14,19,14,Block Group 1; Census Tract 125.08; Boulder County; Colorado,,14,14,,,,15,,13,9,,14,,20,22,,,,,,21,,25,0,14,,,18,,,,20,0,16,14,,,,,,,,0,,,,,,22,9,,32,14,,14,,,,,13,,,14,0,0,,,14,,14,0,,,14,0,,,,,,14,,0,,14,0,95,,6,0,,14,109,10,14,,,,8,0,7,,,,14,,14,12,,1500000US080130125081,,
0,68,0,,69,,14,42,,14,49,,,,64,,94,0,6,,38,,,57,,14,9,,,467,,662,,31,68,,,120,139,,22,49,,27,1129,14,,0,,0,,24,207,,18,14,,14,,26,52,10,,,,27,,71,15,,42,,,100,0,24,57,,,62,,,14,22,41,Block Group 2; Census Tract 125.08; Boulder County; Colorado,,28,0,,,,14,,11,37,,41,,14,8,,,,,,16,,13,18,14,,,23,,,,25,0,17,42,,,,,,,,0,,,,,,33,0,,26,14,,14,,,,,0,,,14,0,13,,,14,,19,0,,,14,0,,,,,,14,,0,,14,19,8,,22,123,,22,13,21,86,,,,9,26,13,,,,15,,39,12,,1500000US080130125082,,
0,86,3,,14,,14,112,,5,15,,,,7,,6,8,20,,10,,,10,,12,31,,,446,,326,,41,90,,,128,127,,29,81,,21,772,17,,7,,6,,20,207,,20,11,,11,,0,7,7,,,,14,,11,13,,7,,,21,7,8,0,,,19,,,11,12,14,Block Group 3; Census Tract 125.08; Boulder County; Colorado,,57,9,,,,14,,11,0,,11,,22,34,,,,,,19,,22,42,40,,,9,,,,16,0,16,14,,,,,,,,36,,,,,,7,10,,11,14,,14,,,,,49,,,40,0,0,,,14,,14,18,,,20,6,,,,,,10,,0,,14,17,52,,9,58,,19,58,13,57,,,,0,0,0,,,,14,,14,14,,1500000US080130125083,,
0,4,15,,8,,14,7,,17,13,,,,9,,0,13,14,,15,,,14,,19,16,,,483,,429,,65,35,,,126,106,,44,28,,16,912,27,,19,,10,,18,205,,23,21,,15,,23,10,18,,,,25,,16,17,,55,,,49,0,51,16,,,38,,,14,32,19,Block Group 1; Census Tract 125.09; Boulder County; Colorado,,15,39,,,,31,,27,20,,43,,23,81,,,,,,20,,57,13,14,,,33,,,,25,7,36,31,,,,,,,,0,,,,,,0,41,,14,43,,12,,,,,38,,,39,0,0,,,14,,14,23,,,30,20,,,,,,28,,0,,14,22,12,,44,12,,26,19,26,17,,,,0,0,0,,,,14,,14,14,,1500000US080130125091,,
36,24,27,,19,,26,17,,30,17,,,,19,,16,53,63,,33,,,19,,35,44,,,872,,744,,54,113,,,325,162,,48,91,,8,1616,32,,23,,21,,13,446,,23,22,,25,,182,8,42,,,,214,,13,33,,53,,,117,35,25,15,,,97,,,31,23,16,Block Group 2; Census Tract 125.09; Boulder County; Colorado,,22,31,,,,24,,44,0,,42,,31,88,,,,,,29,,50,24,14,,,78,,,,44,7,31,14,,,,,,,,0,,,,,,13,54,,18,33,,13,,,,,61,,,47,25,0,,,39,,14,11,,,17,86,,,,,,53,,0,,14,43,0,,12,0,,38,14,18,14,,,,0,0,23,,,,14,,14,22,,1500000US080130125092,,
0,36,0,,13,,14,31,,14,15,,,,69,,19,0,10,,53,,,27,,14,14,,,460,,373,,75,87,,,135,121,,65,62,,28,833,16,,0,,8,,35,233,,17,14,,13,,51,16,25,,,,52,,19,22,,43,,,13,15,26,47,,,21,,,20,27,68,Block Group 3; Census Tract 125.09; Boulder County; Colorado,,14,45,,,,34,,16,0,,35,,5,47,,,,,,8,,56,0,14,,,9,,,,14,0,18,14,,,,,,,,0,,,,,,12,0,,19,14,,14,,,,,0,,,14,41,0,,,40,,14,0,,,14,0,,,,,,14,,0,,14,14,0,,0,26,,20,14,14,44,,,,0,21,0,,,,14,,22,14,,1500000US080130125093,,
0,6,31,,27,,14,9,,25,20,,,,0,,4,0,0,,14,,,7,,14,14,,,161,,181,,0,0,,,83,72,,14,14,,24,342,6,,9,,0,,21,144,,10,14,,14,,12,13,35,,,,21,,17,35,,12,,,8,0,24,16,,,14,,,14,28,16,Block Group 1; Census Tract 125.10; Boulder County; Colorado,,14,21,,,,24,,0,0,,18,,23,0,,,,,,22,,14,0,14,,,18,,,,21,0,14,14,,,,,,,,0,,,,,,0,0,,14,14,,14,,,,,11,,,17,0,0,,,14,,14,0,,,14,0,,,,,,14,,0,,14,23,0,,6,0,,21,14,10,14,,,,0,0,13,,,,14,,14,15,,1500000US080130125101,,
11,13,6,,24,,14,16,,10,22,,,,49,,15,27,17,,44,,,17,,30,19,,,468,,492,,9,22,,,149,125,,14,24,,39,960,0,,7,,27,,34,237,,14,11,,40,,18,17,40,,,,27,,25,39,,42,,,57,9,70,0,,,44,,,14,50,14,Block Group 2; Census Tract 125.10; Boulder County; Colorado,,52,0,,,,14,,19,0,,37,,8,40,,,,,,13,,36,33,15,,,52,,,,43,0,20,14,,,,,,,,10,,,,,,7,40,,11,35,,14,,,,,41,,,56,22,0,,,20,,14,16,,,17,10,,,,,,12,,0,,14,30,11,,48,24,,24,18,29,30,,,,0,22,8,,,,14,,23,12,,1500000US080130125102,,
0,86,8,,47,,14,51,,11,38,,,,40,,96,57,31,,26,,,54,,28,20,,,844,,1085,,20,41,,,190,197,,22,30,,46,1929,61,,21,,7,,30,300,,51,18,,10,,15,21,46,,,,21,,26,39,,51,,,58,10,55,13,,,48,,,17,37,18,Block Group 3; Census Tract 125.10; Boulder County; Colorado,,21,0,,,,14,,42,22,,53,,60,141,,,,,,41,,118,17,17,,,99,,,,55,0,33,29,,,,,,,,11,,,,,,97,38,,125,39,,14,,,,,85,,,44,44,8,,,27,,14,8,,,12,35,,,,,,27,,25,,42,20,59,,51,62,,18,69,30,41,,,,27,65,83,,,,23,,55,67,,1500000US080130125103,,
8,35,7,,77,,12,41,,10,60,,,,11,,19,10,20,,18,,,22,,14,18,,,268,,307,,42,6,,,96,102,,43,11,,0,575,0,,9,,9,,14,172,,14,14,,15,,0,26,55,,,,14,,42,52,,0,,,8,0,0,0,,,12,,,14,14,14,Block Group 4; Census Tract 125.10; Boulder County; Colorado,,16,8,,,,12,,8,0,,14,,0,0,,,,,,14,,14,10,14,,,42,,,,51,0,14,14,,,,,,,,0,,,,,,0,0,,14,14,,14,,,,,37,,,45,0,0,,,14,,14,17,,,20,21,,,,,,21,,0,,14,27,0,,6,13,,24,14,9,21,,,,0,20,24,,,,14,,23,28,,1500000US080130125104,,
32,41,34,,35,,24,30,,20,43,,,,97,,92,14,88,,61,,,85,,15,57,,,807,,642,,33,8,,,164,148,,25,14,,74,1449,37,,93,,88,,47,244,,27,43,,46,,40,0,57,,,,33,,14,38,,7,,,68,20,13,0,,,57,,,20,19,14,Block Group 1; Census Tract 125.11; Boulder County; Colorado,,14,25,,,,42,,68,0,,11,,0,0,,,,,,14,,14,0,14,,,29,,,,30,13,64,14,,,,,,,,0,,,,,,17,14,,18,21,,21,,,,,0,,,14,0,0,,,14,,14,26,,,24,24,,,,,,25,,0,,14,11,95,,36,80,,20,57,26,63,,,,0,0,40,,,,14,,14,63,,1500000US080130125111,,
36,63,20,,0,,37,50,,19,14,,,,97,,75,21,21,,41,,,46,,19,19,,,869,,974,,66,45,,,176,248,,36,29,,31,1843,59,,14,,199,,33,346,,43,14,,224,,37,70,102,,,,32,,37,53,,59,,,48,11,117,16,,,30,,,17,101,27,Block Group 2; Census Tract 125.11; Boulder County; Colorado,,12,11,,,,18,,13,57,,46,,38,9,,,,,,55,,11,8,14,,,110,,,,52,0,16,57,,,,,,,,0,,,,,,0,6,,14,10,,14,,,,,63,,,59,14,0,,,18,,14,3,,,6,0,,,,,,14,,16,,27,20,164,,47,34,,18,120,24,34,,,,0,20,3,,,,14,,21,6,,1500000US080130125112,,
0,0,0,,0,,14,14,,14,14,,,,21,,4,0,0,,38,,,9,,14,14,,,1436,,1338,,0,5,,,192,197,,14,10,,0,2774,0,,0,,0,,14,95,,14,14,,14,,0,0,0,,,,14,,14,14,,0,,,0,0,0,0,,,14,,,14,14,14,Block Group 3; Census Tract 125.11; Boulder County; Colorado,,14,9,,,,14,,0,997,,14,,0,0,,,,,,14,,14,0,159,,,0,,,,14,20,14,253,,,,,,,,269,,,,,,0,0,,14,14,,28,,,,,0,,,14,0,413,,,14,,250,0,,,14,0,,,,,,14,,844,,172,0,120,,0,28,,14,89,14,37,,,,44,0,0,,,,53,,14,14,,1500000US080130125113,,
34,43,6,,75,,22,37,,9,57,,,,39,,55,36,78,,50,,,35,,28,35,,,619,,529,,20,37,,,143,93,,17,24,,66,1148,18,,25,,29,,66,209,,20,23,,27,,36,13,41,,,,27,,14,36,,7,,,4,41,10,5,,,8,,,36,16,10,Block Group 1; Census Tract 126.03; Boulder County; Colorado,,12,14,,,,17,,16,10,,11,,35,36,,,,,,25,,40,7,14,,,59,,,,61,18,18,18,,,,,,,,0,,,,,,12,23,,14,28,,25,,,,,30,,,27,0,0,,,14,,14,69,,,57,14,,,,,,20,,0,,14,10,0,,35,13,,17,14,26,20,,,,0,19,10,,,,14,,21,16,,1500000US080130126031,,
0,30,52,,8,,14,28,,60,12,,,,0,,9,9,8,,14,,,15,,14,14,,,736,,617,,86,71,,,231,175,,91,74,,24,1353,49,,7,,0,,18,385,,31,11,,14,,97,38,60,,,,95,,25,37,,72,,,27,27,42,0,,,24,,,22,29,14,Block Group 2; Census Tract 126.03; Boulder County; Colorado,,22,27,,,,23,,10,0,,61,,103,11,,,,,,97,,16,19,34,,,47,,,,33,23,17,14,,,,,,,,36,,,,,,41,15,,47,23,,38,,,,,28,,,24,0,24,,,14,,36,35,,,48,22,,,,,,26,,20,,32,54,12,,33,10,,62,18,25,16,,,,19,39,9,,,,22,,30,15,,1500000US080130126032,,
15,25,16,,48,,17,26,,17,31,,,,78,,49,13,12,,57,,,40,,14,14,,,427,,522,,42,29,,,113,150,,36,24,,44,949,8,,17,,14,,34,181,,13,19,,17,,8,21,26,,,,13,,19,23,,0,,,23,8,10,12,,,23,,,13,17,18,Block Group 3; Census Tract 126.03; Boulder County; Colorado,,18,5,,,,9,,11,12,,14,,7,14,,,,,,11,,23,11,14,,,19,,,,23,0,17,18,,,,,,,,0,,,,,,22,16,,24,20,,14,,,,,18,,,19,10,60,,,17,,61,0,,,14,8,,,,,,13,,53,,82,10,58,,6,70,,18,57,9,57,,,,14,0,7,,,,21,,14,10,,1500000US080130126033,,
0,64,0,,43,,14,39,,14,32,,,,48,,29,0,0,,59,,,24,,14,14,,,345,,261,,34,1,,,145,166,,48,9,,28,606,48,,0,,0,,28,289,,54,14,,14,,6,21,6,,,,11,,30,10,,30,,,0,35,3,22,,,14,,,57,7,38,Block Group 1; Census Tract 126.05; Boulder County; Colorado,,14,0,,,,14,,0,54,,48,,0,0,,,,,,14,,14,0,12,,,0,,,,14,12,14,51,,,,,,,,1,,,,,,0,7,,14,11,,20,,,,,0,,,14,0,15,,,14,,12,0,,,14,0,,,,,,14,,35,,21,0,57,,0,7,,14,57,14,11,,,,0,0,0,,,,14,,14,14,,1500000US080130126051,,
0,51,12,,45,,14,26,,14,35,,,,47,,34,0,0,,27,,,22,,14,14,,,760,,567,,0,5,,,270,194,,14,7,,46,1327,18,,23,,9,,40,322,,12,8,,13,,0,0,21,,,,14,,14,27,,0,,,0,2,8,2,,,14,,,4,12,3,Block Group 2; Census Tract 126.05; Boulder County; Colorado,,14,0,,,,14,,0,110,,14,,0,0,,,,,,14,,14,0,167,,,0,,,,14,100,14,139,,,,,,,,242,,,,,,7,0,,12,14,,69,,,,,0,,,14,0,112,,,14,,71,0,,,14,0,,,,,,14,,102,,112,0,118,,0,104,,14,83,14,61,,,,109,0,0,,,,58,,14,14,,1500000US080130126052,,
24,88,33,,55,,20,40,,25,26,,,,137,,163,24,28,,50,,,67,,22,22,,,1131,,1148,,84,57,,,174,220,,46,31,,90,2279,79,,14,,66,,22,303,,50,21,,42,,56,16,35,,,,36,,20,21,,31,,,68,63,66,42,,,28,,,59,40,26,Block Group 1; Census Tract 126.08; Boulder County; Colorado,,49,22,,,,17,,28,7,,20,,21,82,,,,,,13,,61,52,54,,,62,,,,35,22,21,10,,,,,,,,54,,,,,,34,3,,39,6,,19,,,,,34,,,38,44,91,,,31,,117,18,,,18,6,,,,,,9,,72,,64,51,87,,57,78,,34,46,39,51,,,,9,4,22,,,,12,,7,19,,1500000US080130126081,,
0,42,6,,25,,14,34,,8,21,,,,149,,69,0,17,,94,,,54,,14,16,,,731,,631,,11,19,,,246,246,,13,12,,18,1362,3,,11,,0,,22,294,,6,13,,14,,0,19,34,,,,14,,11,26,,0,,,13,0,0,0,,,20,,,14,14,14,Block Group 1; Census Tract 126.09; Boulder County; Colorado,,14,6,,,,12,,0,11,,14,,0,0,,,,,,14,,14,0,87,,,42,,,,31,63,14,18,,,,,,,,66,,,,,,0,0,,14,14,,54,,,,,0,,,14,0,185,,,14,,200,0,,,14,12,,,,,,13,,57,,54,8,299,,0,119,,14,206,14,79,,,,58,0,0,,,,59,,14,14,,1500000US080130126091,,
11,12,68,,21,,18,26,,54,31,,,,105,,9,0,58,,92,,,21,,14,45,,,1433,,1127,,0,19,,,487,517,,14,30,,107,2560,0,,71,,52,,103,630,,14,79,,52,,19,18,0,,,,31,,30,14,,0,,,20,19,0,0,,,32,,,31,14,14,Block Group 1; Census Tract 126.10; Boulder County; Colorado,,14,17,,,,27,,0,311,,14,,0,19,,,,,,14,,31,0,195,,,0,,,,14,296,14,222,,,,,,,,270,,,,,,0,22,,14,36,,215,,,,,0,,,14,0,318,,,14,,173,0,,,14,0,,,,,,14,,167,,97,0,139,,8,42,,14,106,18,46,,,,325,17,0,,,,333,,28,14,,1500000US080130126101,,
0,53,0,,0,,14,76,,14,14,,,,45,,16,0,0,,48,,,25,,14,14,,,962,,785,,138,0,,,366,390,,215,14,,0,1747,0,,0,,0,,14,534,,14,14,,14,,0,0,0,,,,14,,14,14,,0,,,0,0,0,0,,,14,,,14,14,14,Block Group 2; Census Tract 126.10; Boulder County; Colorado,,14,0,,,,14,,0,211,,14,,0,0,,,,,,14,,14,0,135,,,56,,,,84,257,14,141,,,,,,,,177,,,,,,0,13,,14,22,,164,,,,,0,,,14,0,245,,,14,,217,0,,,14,0,,,,,,14,,278,,195,16,65,,0,25,,26,56,14,33,,,,138,0,14,,,,110,,14,23,,1500000US080130126102,,
0,37,0,,0,,14,59,,14,14,,,,24,,14,0,0,,29,,,22,,14,14,,,664,,323,,0,15,,,234,152,,14,23,,35,987,17,,0,,0,,40,296,,28,14,,14,,0,0,0,,,,14,,14,14,,0,,,0,0,0,0,,,14,,,14,14,14,Block Group 3; Census Tract 126.10; Boulder County; Colorado,,14,0,,,,14,,20,64,,14,,12,0,,,,,,18,,14,0,99,,,0,,,,14,199,35,92,,,,,,,,111,,,,,,0,0,,14,14,,157,,,,,0,,,14,0,78,,,14,,99,0,,,14,0,,,,,,14,,23,,36,0,162,,0,110,,14,135,14,104,,,,47,0,19,,,,78,,14,34,,1500000US080130126103,,
0,9,0,,0,,14,17,,14,14,,,,0,,0,42,11,,14,,,14,,29,19,,,414,,331,,0,0,,,202,166,,14,14,,13,745,23,,0,,0,,22,351,,36,14,,14,,45,23,80,,,,64,,35,78,,0,,,65,0,55,0,,,67,,,14,57,14,Block Group 1; Census Tract 127.01; Boulder County; Colorado,,18,0,,,,14,,10,27,,14,,8,61,,,,,,13,,54,9,14,,,12,,,,22,0,19,54,,,,,,,,0,,,,,,10,85,,19,89,,14,,,,,45,,,51,19,0,,,21,,14,0,,,14,0,,,,,,14,,0,,14,16,16,,26,0,,26,25,31,14,,,,0,13,22,,,,14,,19,24,,1500000US080130127011,,
10,0,13,,94,,16,14,,21,142,,,,19,,13,0,0,,33,,,21,,14,14,,,774,,709,,0,21,,,301,237,,14,36,,109,1483,22,,0,,13,,124,515,,24,14,,21,,31,38,43,,,,39,,49,66,,39,,,33,82,38,16,,,42,,,118,59,30,Block Group 2; Census Tract 127.01; Boulder County; Colorado,,16,40,,,,67,,69,0,,59,,20,39,,,,,,24,,61,9,14,,,64,,,,62,0,69,14,,,,,,,,0,,,,,,128,13,,113,22,,14,,,,,29,,,38,0,0,,,14,,14,155,,,91,106,,,,,,77,,0,,14,49,0,,62,0,,43,14,41,14,,,,0,66,0,,,,14,,66,14,,1500000US080130127012,,
0,46,9,,58,,14,40,,14,60,,,,0,,85,20,24,,14,,,60,,23,28,,,827,,1086,,51,75,,,264,246,,46,57,,29,1913,52,,0,,0,,37,378,,57,14,,14,,84,67,161,,,,67,,61,89,,34,,,37,30,58,14,,,34,,,41,52,25,Block Group 3; Census Tract 127.01; Boulder County; Colorado,,35,24,,,,36,,31,46,,30,,56,88,,,,,,69,,79,30,35,,,70,,,,59,0,32,64,,,,,,,,19,,,,,,0,68,,14,54,,14,,,,,160,,,100,51,0,,,81,,14,0,,,14,36,,,,,,32,,0,,14,47,0,,37,0,,38,14,34,14,,,,0,28,188,,,,14,,24,121,,1500000US080130127013,,
40,88,7,,11,,38,80,,12,19,,,,273,,154,43,174,,159,,,124,,40,162,,,867,,939,,36,59,,,207,281,,35,38,,66,1806,55,,21,,60,,49,376,,37,30,,52,,20,61,22,,,,32,,50,28,,44,,,39,21,49,26,,,37,,,36,49,25,Block Group 4; Census Tract 127.01; Boulder County; Colorado,,34,13,,,,21,,30,0,,41,,32,28,,,,,,37,,30,20,14,,,6,,,,11,0,30,14,,,,,,,,0,,,,,,0,24,,14,38,,14,,,,,62,,,50,17,0,,,20,,14,12,,,21,14,,,,,,24,,0,,14,26,37,,27,77,,55,62,32,90,,,,0,0,12,,,,14,,14,20,,1500000US080130127014,,
0,83,18,,65,,14,73,,21,58,,,,237,,148,0,0,,179,,,109,,14,14,,,546,,693,,0,19,,,234,197,,14,28,,35,1239,0,,0,,0,,37,327,,14,14,,14,,0,20,15,,,,14,,32,24,,0,,,0,0,36,48,,,14,,,14,38,59,Block Group 1; Census Tract 127.05; Boulder County; Colorado,,14,0,,,,14,,0,0,,14,,19,0,,,,,,29,,14,0,14,,,63,,,,65,41,14,14,,,,,,,,0,,,,,,0,0,,14,14,,66,,,,,14,,,23,40,0,,,41,,14,8,,,13,17,,,,,,27,,0,,14,0,94,,0,182,,14,91,14,134,,,,23,14,0,,,,36,,25,14,,1500000US080130127051,,
0,38,8,,10,,14,47,,12,12,,,,0,,19,10,4,,14,,,31,,18,7,,,417,,386,,0,0,,,160,133,,14,14,,24,803,29,,0,,0,,30,259,,31,14,,14,,0,0,114,,,,14,,14,100,,17,,,33,14,29,12,,,31,,,23,30,20,Block Group 2; Census Tract 127.05; Boulder County; Colorado,,14,9,,,,14,,20,0,,22,,28,0,,,,,,33,,14,9,82,,,15,,,,19,0,25,14,,,,,,,,53,,,,,,49,26,,58,30,,14,,,,,9,,,15,0,66,,,14,,85,0,,,14,12,,,,,,20,,0,,14,14,0,,13,0,,22,14,14,14,,,,0,51,68,,,,14,,60,51,,1500000US080130127052,,
0,0,0,,0,,14,14,,14,14,,,,0,,0,22,24,,14,,,14,,27,27,,,164,,269,,0,0,,,79,161,,14,14,,0,433,14,,5,,6,,14,226,,21,10,,10,,0,0,56,,,,14,,14,55,,7,,,0,0,69,0,,,14,,,14,94,14,Block Group 3; Census Tract 127.05; Boulder County; Colorado,,14,0,,,,14,,7,0,,12,,27,0,,,,,,32,,14,0,14,,,32,,,,35,0,11,14,,,,,,,,0,,,,,,0,74,,14,71,,14,,,,,18,,,17,14,0,,,22,,14,0,,,14,11,,,,,,10,,0,,14,0,17,,0,0,,14,21,14,14,,,,0,30,0,,,,14,,32,14,,1500000US080130127053,,
25,91,0,,104,,39,55,,14,79,,,,33,,164,0,27,,36,,,195,,14,35,,,594,,986,,38,135,,,188,528,,29,150,,211,1580,42,,0,,0,,181,676,,46,14,,14,,0,0,43,,,,14,,14,56,,0,,,77,0,53,288,,,55,,,14,55,302,Block Group 4; Census Tract 127.05; Boulder County; Colorado,,14,0,,,,14,,17,0,,14,,7,0,,,,,,12,,14,0,14,,,17,,,,26,0,28,14,,,,,,,,0,,,,,,36,18,,37,28,,14,,,,,11,,,19,0,0,,,14,,14,11,,,20,23,,,,,,27,,0,,14,41,0,,48,20,,41,14,52,34,,,,0,0,0,,,,14,,14,14,,1500000US080130127054,,
0,179,0,,96,,14,99,,14,65,,,,346,,285,0,0,,215,,,179,,14,14,,,687,,458,,19,0,,,256,193,,29,14,,45,1145,39,,0,,0,,42,396,,37,14,,14,,0,0,0,,,,14,,14,14,,0,,,19,0,0,0,,,30,,,14,14,14,Block Group 5; Census Tract 127.05; Boulder County; Colorado,,28,0,,,,14,,0,0,,14,,10,0,,,,,,16,,14,17,14,,,0,,,,14,0,14,14,,,,,,,,0,,,,,,0,0,,14,14,,14,,,,,6,,,10,16,0,,,27,,14,12,,,19,0,,,,,,14,,0,,14,0,40,,0,16,,14,64,14,27,,,,0,0,0,,,,14,,14,14,,1500000US080130127055,,
25,150,0,,63,,32,64,,14,50,,,,66,,16,8,44,,28,,,16,,10,42,,,747,,869,,39,20,,,155,373,,38,20,,80,1616,80,,6,,0,,52,430,,46,9,,14,,19,40,37,,,,30,,38,46,,19,,,68,76,5,9,,,50,,,57,8,14,Block Group 1; Census Tract 127.07; Boulder County; Colorado,,17,0,,,,14,,8,6,,30,,11,21,,,,,,13,,32,19,14,,,56,,,,65,5,9,11,,,,,,,,6,,,,,,0,95,,14,88,,12,,,,,35,,,35,25,0,,,30,,14,0,,,14,27,,,,,,36,,244,,293,16,57,,22,32,,18,64,19,36,,,,6,24,31,,,,13,,23,24,,1500000US080130127071,,
5,19,0,,31,,7,19,,14,28,,,,4,,16,10,26,,7,,,23,,12,18,,,381,,412,,17,17,,,119,126,,21,20,,22,793,10,,4,,22,,18,229,,12,7,,16,,32,9,27,,,,35,,15,26,,32,,,9,10,6,43,,,15,,,13,9,34,Block Group 2; Census Tract 127.07; Boulder County; Colorado,,8,7,,,,10,,14,24,,30,,22,19,,,,,,16,,32,4,14,,,28,,,,24,0,15,21,,,,,,,,0,,,,,,34,4,,21,7,,14,,,,,15,,,16,26,0,,,21,,14,19,,,17,24,,,,,,30,,0,,14,65,11,,15,0,,58,18,14,14,,,,0,37,54,,,,14,,23,56,,1500000US080130127072,,
0,63,0,,85,,14,41,,14,77,,,,34,,38,16,12,,52,,,42,,26,18,,,563,,629,,49,47,,,194,192,,63,55,,112,1192,88,,0,,0,,82,348,,83,14,,14,,0,73,36,,,,14,,67,45,,28,,,44,45,40,49,,,43,,,44,46,58,Block Group 1; Census Tract 127.08; Boulder County; Colorado,,55,16,,,,27,,25,26,,41,,0,37,,,,,,14,,48,47,14,,,19,,,,31,0,29,46,,,,,,,,0,,,,,,0,0,,14,14,,14,,,,,65,,,54,0,0,,,14,,14,0,,,14,36,,,,,,37,,0,,14,13,0,,49,0,,22,14,41,14,,,,0,0,0,,,,14,,14,14,,1500000US080130127081,,
0,0,0,,0,,14,14,,14,14,,,,0,,0,13,20,,14,,,14,,21,31,,,181,,207,,0,18,,,82,91,,14,29,,0,388,0,,0,,0,,14,169,,14,14,,14,,0,0,0,,,,14,,14,14,,11,,,11,0,0,0,,,23,,,14,14,14,Block Group 2; Census Tract 127.08; Boulder County; Colorado,,15,0,,,,14,,0,0,,22,,46,11,,,,,,50,,23,7,14,,,46,,,,46,0,14,14,,,,,,,,0,,,,,,9,0,,15,14,,14,,,,,23,,,29,18,0,,,28,,14,11,,,19,13,,,,,,22,,0,,14,38,0,,33,0,,41,14,38,14,,,,0,44,16,,,,14,,41,26,,1500000US080130127082,,
38,0,120,,75,,41,14,,82,72,,,,0,,8,13,16,,14,,,14,,21,26,,,532,,693,,38,0,,,183,218,,45,14,,0,1225,28,,24,,0,,14,339,,40,28,,14,,23,37,57,,,,37,,44,57,,0,,,66,0,37,15,,,76,,,14,46,26,Block Group 3; Census Tract 127.08; Boulder County; Colorado,,37,36,,,,55,,17,0,,14,,38,0,,,,,,45,,14,31,53,,,70,,,,62,0,28,14,,,,,,,,42,,,,,,20,0,,34,14,,14,,,,,45,,,42,0,0,,,14,,14,19,,,30,18,,,,,,29,,40,,66,64,26,,110,22,,46,42,75,34,,,,0,0,32,,,,14,,14,37,,1500000US080130127083,,
0,31,0,,34,,14,36,,14,38,,,,0,,0,14,0,,14,,,14,,23,14,,,333,,362,,27,35,,,118,158,,33,33,,18,695,17,,0,,0,,29,268,,28,14,,14,,0,0,0,,,,14,,14,14,,81,,,13,34,67,14,,,22,,,31,80,24,Block Group 4; Census Tract 127.08; Boulder County; Colorado,,14,0,,,,14,,32,0,,79,,12,83,,,,,,20,,82,0,14,,,14,,,,24,13,38,14,,,,,,,,0,,,,,,0,0,,14,14,,24,,,,,0,,,14,19,0,,,29,,14,20,,,31,18,,,,,,30,,0,,14,36,0,,63,0,,42,14,52,14,,,,0,0,0,,,,14,,14,14,,1500000US080130127084,,
18,96,17,,0,,29,119,,28,14,,,,28,,103,32,25,,46,,,85,,36,26,,,431,,471,,0,48,,,156,135,,14,45,,15,902,14,,0,,34,,25,237,,26,14,,38,,29,14,10,,,,51,,25,20,,9,,,8,0,52,0,,,16,,,14,58,14,Block Group 5; Census Tract 127.08; Boulder County; Colorado,,29,44,,,,45,,12,0,,18,,59,11,,,,,,61,,18,26,14,,,70,,,,60,0,20,14,,,,,,,,0,,,,,,12,12,,19,21,,14,,,,,18,,,32,0,0,,,14,,14,0,,,14,11,,,,,,19,,0,,14,0,43,,32,0,,14,68,39,14,,,,0,0,0,,,,14,,14,14,,1500000US080130127085,,
4,41,18,,53,,7,30,,13,35,,,,45,,23,22,20,,26,,,18,,14,14,,,1174,,939,,78,53,,,266,158,,30,23,,49,2113,37,,9,,15,,26,365,,23,10,,12,,89,40,196,,,,35,,19,99,,60,,,142,26,49,14,,,150,,,20,29,17,Block Group 1; Census Tract 127.09; Boulder County; Colorado,,23,27,,,,17,,16,16,,42,,72,55,,,,,,28,,36,55,12,,,102,,,,48,58,13,19,,,,,,,,7,,,,,,26,28,,19,20,,73,,,,,137,,,103,32,14,,,18,,16,40,,,24,27,,,,,,20,,10,,17,71,33,,92,34,,44,21,39,24,,,,28,23,27,,,,36,,17,17,,1500000US080130127091,,
7,0,6,,9,,11,14,,10,14,,,,8,,28,0,17,,14,,,43,,14,19,,,323,,350,,9,26,,,93,87,,16,24,,10,673,0,,9,,9,,15,172,,14,14,,13,,0,13,30,,,,14,,15,24,,40,,,94,15,56,8,,,63,,,23,53,14,Block Group 1; Census Tract 127.10; Boulder County; Colorado,,14,10,,,,18,,22,0,,43,,0,40,,,,,,14,,34,0,14,,,22,,,,27,0,23,14,,,,,,,,0,,,,,,0,0,,14,14,,14,,,,,12,,,19,11,0,,,17,,14,10,,,15,32,,,,,,26,,18,,31,36,0,,33,0,,45,14,43,14,,,,0,23,10,,,,14,,25,15,,1500000US080130127101,,
21,34,16,,44,,17,43,,17,38,,,,30,,33,22,20,,29,,,39,,21,19,,,698,,788,,89,28,,,174,166,,60,21,,18,1486,29,,8,,28,,21,259,,25,13,,34,,22,58,45,,,,25,,53,36,,28,,,33,10,77,0,,,30,,,16,42,14,Block Group 2; Census Tract 127.10; Boulder County; Colorado,,21,0,,,,14,,55,0,,27,,47,85,,,,,,30,,69,18,36,,,38,,,,31,0,39,14,,,,,,,,22,,,,,,23,73,,28,48,,14,,,,,105,,,93,15,0,,,17,,14,23,,,22,44,,,,,,29,,13,,21,83,10,,57,29,,56,16,35,48,,,,0,23,30,,,,14,,21,24,,1500000US080130127102,,
38,0,18,,8,,32,14,,22,13,,,,7,,8,32,28,,12,,,15,,27,25,,,536,,519,,31,19,,,116,127,,28,20,,16,1055,13,,17,,7,,18,218,,16,18,,12,,14,18,86,,,,21,,20,65,,22,,,38,30,38,8,,,36,,,28,36,12,Block Group 3; Census Tract 127.10; Boulder County; Colorado,,13,36,,,,33,,27,13,,21,,16,24,,,,,,18,,22,8,14,,,50,,,,48,0,25,21,,,,,,,,0,,,,,,37,22,,34,22,,14,,,,,28,,,26,0,0,,,14,,14,47,,,51,18,,,,,,20,,63,,60,35,6,,64,18,,29,10,46,21,,,,0,15,32,,,,14,,17,21,,1500000US080130127103,,
13,185,12,,66,,21,189,,20,96,,,,66,,44,15,35,,72,,,59,,25,41,,,724,,621,,0,26,,,294,223,,14,43,,0,1345,0,,14,,14,,14,431,,14,22,,21,,0,0,17,,,,14,,14,27,,99,,,105,0,0,0,,,87,,,14,14,14,Block Group 1; Census Tract 128.01; Boulder County; Colorado,,14,14,,,,23,,18,53,,123,,83,27,,,,,,77,,42,0,72,,,83,,,,80,0,29,60,,,,,,,,52,,,,,,21,0,,33,14,,14,,,,,92,,,70,0,0,,,14,,14,0,,,14,73,,,,,,78,,11,,23,30,0,,30,0,,24,14,33,14,,,,0,32,15,,,,14,,37,24,,1500000US080130128011,,
0,201,0,,97,,14,128,,14,71,,,,59,,24,0,0,,67,,,37,,14,14,,,1622,,1659,,95,124,,,303,375,,66,79,,105,3281,169,,0,,30,,79,602,,126,14,,35,,63,167,169,,,,53,,92,122,,141,,,246,57,265,46,,,131,,,56,139,42,Block Group 2; Census Tract 128.01; Boulder County; Colorado,,28,224,,,,146,,32,42,,97,,121,62,,,,,,112,,58,33,31,,,100,,,,95,0,52,62,,,,,,,,19,,,,,,44,79,,56,79,,14,,,,,130,,,108,0,0,,,14,,14,0,,,14,24,,,,,,40,,0,,14,75,0,,29,126,,58,14,36,122,,,,50,19,14,,,,78,,32,23,,1500000US080130128012,,
26,89,81,,68,,43,65,,88,60,,,,0,,93,61,28,,14,,,107,,98,35,,,2496,,2354,,144,252,,,438,357,,94,105,,315,4850,352,,10,,0,,185,640,,191,16,,14,,210,252,152,,,,123,,135,104,,207,,,279,247,107,180,,,113,,,157,72,95,Block Group 3; Census Tract 128.01; Boulder County; Colorado,,65,80,,,,54,,35,53,,128,,114,374,,,,,,63,,178,84,14,,,146,,,,80,16,41,57,,,,,,,,0,,,,,,46,32,,53,39,,28,,,,,127,,,79,13,0,,,22,,14,45,,,36,80,,,,,,57,,29,,47,113,27,,116,62,,82,44,107,52,,,,0,22,83,,,,14,,36,71,,1500000US080130128013,,
22,18,35,,33,,41,31,,59,36,,,,17,,0,12,24,,29,,,14,,19,26,,,456,,555,,32,82,,,164,213,,33,59,,0,1011,0,,0,,15,,14,315,,14,14,,25,,14,14,53,,,,22,,22,54,,82,,,14,18,0,0,,,24,,,29,14,14,Block Group 1; Census Tract 128.02; Boulder County; Colorado,,37,0,,,,14,,49,22,,66,,22,35,,,,,,32,,40,33,14,,,66,,,,62,0,50,34,,,,,,,,0,,,,,,18,14,,28,15,,14,,,,,54,,,53,32,0,,,40,,14,21,,,33,17,,,,,,27,,0,,14,44,0,,0,22,,46,14,14,35,,,,21,30,26,,,,35,,34,37,,1500000US080130128021,,
0,70,18,,105,,14,72,,29,74,,,,25,,13,0,12,,40,,,21,,14,22,,,1393,,1287,,123,145,,,389,373,,78,73,,171,2680,72,,0,,15,,99,628,,64,14,,25,,129,119,116,,,,82,,81,112,,59,,,23,112,83,87,,,39,,,147,81,102,Block Group 2; Census Tract 128.02; Boulder County; Colorado,,14,102,,,,71,,124,38,,62,,61,75,,,,,,59,,78,0,14,,,160,,,,112,0,94,64,,,,,,,,0,,,,,,0,100,,14,97,,14,,,,,19,,,32,21,0,,,35,,14,16,,,27,18,,,,,,31,,72,,68,35,154,,15,139,,37,195,26,106,,,,0,19,15,,,,14,,30,22,,1500000US080130128022,,
0,0,0,,0,,14,14,,14,14,,,,0,,113,0,0,,14,,,158,,14,14,,,323,,799,,0,104,,,269,769,,14,150,,0,1122,15,,0,,0,,14,1033,,25,14,,14,,0,222,0,,,,14,,207,14,,0,,,20,0,0,0,,,33,,,14,14,14,Block Group 3; Census Tract 128.02; Boulder County; Colorado,,117,0,,,,14,,0,0,,14,,176,0,,,,,,254,,14,114,14,,,0,,,,14,0,14,14,,,,,,,,0,,,,,,19,0,,35,14,,14,,,,,190,,,268,0,0,,,14,,14,13,,,25,33,,,,,,42,,0,,14,0,0,,0,0,,14,14,14,14,,,,86,0,17,,,,127,,14,28,,1500000US080130128023,,
99,105,0,,64,,97,79,,14,65,,,,21,,44,9,48,,35,,,54,,18,47,,,1015,,1240,,99,54,,,266,438,,71,48,,0,2255,0,,13,,24,,14,622,,14,22,,28,,77,68,0,,,,96,,82,14,,120,,,145,30,206,45,,,131,,,48,127,56,Block Group 4; Census Tract 128.02; Boulder County; Colorado,,81,20,,,,32,,23,0,,86,,72,132,,,,,,58,,94,60,14,,,16,,,,26,17,39,14,,,,,,,,0,,,,,,132,127,,116,145,,30,,,,,43,,,48,25,0,,,41,,14,0,,,14,26,,,,,,41,,149,,195,67,0,,37,0,,79,14,43,14,,,,0,26,12,,,,14,,43,21,,1500000US080130128024,,
25,18,35,,8,,32,19,,28,10,,,,92,,10,11,5,,114,,,12,,11,7,,,684,,548,,40,37,,,235,123,,26,23,,42,1232,47,,0,,13,,21,306,,23,14,,21,,57,65,45,,,,34,,36,30,,10,,,44,18,55,28,,,25,,,20,32,24,Block Group 1; Census Tract 129.03; Boulder County; Colorado,,99,30,,,,25,,12,10,,11,,65,25,,,,,,25,,26,66,14,,,52,,,,29,0,14,15,,,,,,,,0,,,,,,6,5,,10,9,,14,,,,,31,,,18,0,7,,,14,,11,25,,,17,24,,,,,,18,,0,,14,34,11,,62,10,,19,13,59,13,,,,6,14,32,,,,10,,14,21,,1500000US080130129031,,
21,0,14,,6,,13,14,,11,10,,,,13,,10,42,36,,10,,,11,,19,19,,,539,,560,,42,0,,,99,113,,29,14,,22,1099,62,,14,,6,,16,186,,28,15,,8,,34,23,30,,,,44,,19,23,,35,,,45,69,19,12,,,44,,,39,16,9,Block Group 2; Census Tract 129.03; Boulder County; Colorado,,17,26,,,,27,,18,10,,43,,45,4,,,,,,31,,6,20,16,,,76,,,,48,0,16,15,,,,,,,,10,,,,,,38,21,,30,31,,14,,,,,54,,,34,41,0,,,27,,14,14,,,12,8,,,,,,9,,2,,4,25,0,,62,0,,17,14,67,14,,,,0,35,35,,,,14,,23,19,,1500000US080130129032,,
0,111,16,,93,,14,66,,25,66,,,,171,,25,0,39,,149,,,29,,14,50,,,1095,,1078,,98,61,,,364,304,,55,50,,87,2173,252,,39,,0,,74,629,,118,52,,14,,33,50,45,,,,39,,45,50,,57,,,40,60,49,94,,,44,,,36,51,69,Block Group 1; Census Tract 129.04; Boulder County; Colorado,,63,118,,,,77,,71,0,,55,,0,61,,,,,,14,,62,53,14,,,14,,,,26,0,73,14,,,,,,,,0,,,,,,2,0,,9,14,,14,,,,,64,,,64,9,0,,,15,,14,62,,,81,80,,,,,,85,,113,,129,28,0,,43,0,,33,14,42,14,,,,0,18,17,,,,14,,31,29,,1500000US080130129041,,
14,79,62,,22,,24,65,,60,29,,,,0,,0,15,0,,14,,,14,,25,14,,,720,,657,,17,22,,,252,194,,28,26,,64,1377,60,,0,,0,,53,380,,48,14,,14,,39,39,25,,,,63,,37,23,,73,,,26,29,28,12,,,28,,,32,40,20,Block Group 2; Census Tract 129.04; Boulder County; Colorado,,35,55,,,,37,,38,50,,55,,70,0,,,,,,72,,14,27,24,,,84,,,,73,0,42,74,,,,,,,,15,,,,,,30,0,,33,14,,14,,,,,26,,,28,58,0,,,71,,14,77,,,58,63,,,,,,52,,0,,14,16,18,,31,0,,25,32,34,14,,,,0,46,47,,,,14,,46,45,,1500000US080130129042,,
0,0,0,,50,,14,14,,14,45,,,,87,,27,0,0,,69,,,44,,14,14,,,725,,824,,46,40,,,204,384,,45,34,,60,1549,15,,0,,0,,48,559,,25,14,,14,,0,61,96,,,,14,,47,82,,22,,,17,10,31,0,,,22,,,19,35,14,Block Group 3; Census Tract 129.04; Boulder County; Colorado,,26,12,,,,14,,124,0,,31,,101,55,,,,,,69,,60,20,14,,,57,,,,58,0,122,14,,,,,,,,0,,,,,,0,30,,14,38,,14,,,,,194,,,221,197,0,,,265,,14,0,,,14,25,,,,,,32,,0,,14,28,0,,17,22,,29,14,29,37,,,,0,69,36,,,,14,,55,44,,1500000US080130129043,,
6,34,62,,15,,14,55,,71,27,,,,0,,0,13,20,,14,,,14,,22,44,,,346,,699,,14,16,,,137,217,,24,26,,20,1045,27,,92,,255,,32,296,,33,93,,147,,9,31,14,,,,15,,36,22,,22,,,20,21,24,35,,,22,,,33,26,54,Block Group 4; Census Tract 129.04; Boulder County; Colorado,,14,0,,,,14,,21,0,,24,,0,19,,,,,,14,,22,0,14,,,0,,,,14,0,29,14,,,,,,,,0,,,,,,71,9,,80,16,,14,,,,,32,,,36,18,0,,,28,,14,0,,,14,0,,,,,,14,,0,,14,28,0,,29,0,,38,14,35,14,,,,0,35,33,,,,14,,31,39,,1500000US080130129044,,
0,83,26,,48,,14,62,,24,39,,,,42,,86,50,26,,35,,,57,,36,33,,,821,,695,,29,35,,,163,133,,22,30,,60,1516,31,,6,,27,,35,233,,23,9,,39,,23,22,157,,,,30,,26,158,,24,,,58,86,54,44,,,38,,,51,34,35,Block Group 1; Census Tract 129.05; Boulder County; Colorado,,10,7,,,,13,,17,0,,27,,32,79,,,,,,31,,31,6,14,,,43,,,,35,0,22,14,,,,,,,,0,,,,,,0,7,,14,14,,14,,,,,13,,,17,0,8,,,14,,16,13,,,19,67,,,,,,46,,0,,14,24,38,,60,0,,28,34,40,14,,,,0,11,74,,,,14,,17,46,,1500000US080130129051,,
12,61,24,,15,,19,68,,47,20,,,,89,,30,15,8,,87,,,40,,22,13,,,556,,756,,88,51,,,167,328,,40,39,,28,1312,105,,20,,143,,47,401,,77,27,,173,,24,45,35,,,,25,,37,40,,42,,,36,25,7,20,,,35,,,35,12,23,Block Group 2; Census Tract 129.05; Boulder County; Colorado,,14,6,,,,12,,14,0,,43,,26,14,,,,,,25,,20,0,20,,,5,,,,10,0,23,14,,,,,,,,13,,,,,,0,0,,14,14,,14,,,,,104,,,103,10,0,,,16,,14,0,,,14,21,,,,,,22,,104,,155,11,16,,22,0,,17,25,18,14,,,,0,23,0,,,,14,,27,14,,1500000US080130129052,,
14,55,47,,33,,16,38,,35,33,,,,15,,29,8,37,,22,,,34,,12,39,,,992,,1053,,75,99,,,175,186,,45,57,,59,2045,43,,15,,6,,36,301,,32,16,,11,,79,30,121,,,,53,,27,87,,99,,,89,76,121,43,,,51,,,75,63,30,Block Group 1; Census Tract 129.07; Boulder County; Colorado,,26,27,,,,30,,22,0,,76,,63,16,,,,,,45,,18,33,30,,,18,,,,22,15,23,14,,,,,,,,38,,,,,,21,60,,21,42,,26,,,,,83,,,46,62,0,,,67,,14,0,,,14,107,,,,,,64,,7,,11,112,22,,59,23,,57,32,41,26,,,,0,38,26,,,,14,,46,27,,1500000US080130129071,,
7,127,0,,75,,11,62,,14,52,,,,88,,37,15,8,,49,,,31,,16,12,,,734,,578,,55,29,,,141,126,,35,27,,48,1312,69,,0,,0,,36,231,,40,14,,14,,57,41,27,,,,49,,32,24,,34,,,33,65,44,63,,,30,,,69,30,52,Block Group 2; Census Tract 129.07; Boulder County; Colorado,,14,12,,,,13,,9,30,,26,,27,0,,,,,,25,,14,0,14,,,18,,,,24,33,14,34,,,,,,,,0,,,,,,8,0,,13,14,,40,,,,,48,,,35,0,0,,,14,,14,26,,,30,22,,,,,,25,,0,,14,40,0,,53,14,,32,14,36,22,,,,0,35,15,,,,14,,40,20,,1500000US080130129072,,
17,20,16,,32,,29,31,,25,36,,,,15,,22,15,29,,24,,,36,,24,31,,,680,,717,,32,39,,,283,240,,36,47,,13,1397,31,,0,,0,,22,505,,37,14,,14,,32,0,92,,,,53,,14,64,,72,,,99,42,98,34,,,94,,,51,96,54,Block Group 1; Census Tract 130.03; Boulder County; Colorado,,31,26,,,,44,,29,0,,84,,17,103,,,,,,29,,92,19,14,,,76,,,,48,0,34,14,,,,,,,,0,,,,,,24,20,,34,34,,14,,,,,13,,,21,15,0,,,25,,14,0,,,14,85,,,,,,99,,54,,85,34,0,,16,0,,54,14,27,14,,,,0,75,41,,,,14,,103,39,,1500000US080130130031,,
0,0,0,,0,,14,14,,14,14,,,,0,,0,0,20,,14,,,14,,14,32,,,212,,294,,16,23,,,95,164,,27,35,,70,506,70,,0,,14,,55,225,,55,14,,21,,42,49,0,,,,66,,75,14,,24,,,0,25,16,21,,,14,,,36,27,31,Block Group 2; Census Tract 130.03; Boulder County; Colorado,,14,0,,,,14,,0,0,,37,,0,0,,,,,,14,,14,0,14,,,0,,,,14,0,14,14,,,,,,,,0,,,,,,0,0,,14,14,,14,,,,,0,,,14,18,0,,,30,,14,0,,,14,0,,,,,,14,,0,,14,24,16,,24,15,,38,25,36,26,,,,0,19,0,,,,14,,32,14,,1500000US080130130032,,
16,0,7,,18,,25,14,,13,31,,,,0,,0,0,27,,14,,,14,,14,31,,,270,,263,,0,22,,,127,109,,14,34,,22,533,0,,60,,72,,35,210,,14,74,,76,,0,13,12,,,,14,,21,23,,13,,,13,0,13,0,,,23,,,14,21,14,Block Group 3; Census Tract 130.03; Boulder County; Colorado,,14,16,,,,26,,0,29,,22,,18,18,,,,,,28,,29,0,14,,,41,,,,49,0,14,49,,,,,,,,0,,,,,,15,0,,24,14,,14,,,,,0,,,14,22,0,,,36,,14,22,,,35,0,,,,,,14,,0,,14,44,0,,0,0,,36,14,14,14,,,,0,0,0,,,,14,,14,14,,1500000US080130130033,,
43,51,15,,37,,65,39,,23,44,,,,189,,87,27,94,,115,,,83,,30,88,,,1623,,1407,,87,111,,,310,266,,57,73,,73,3030,107,,0,,0,,54,518,,69,14,,14,,41,123,144,,,,45,,99,73,,69,,,180,47,148,74,,,103,,,54,90,61,Block Group 4; Census Tract 130.03; Boulder County; Colorado,,26,109,,,,68,,36,40,,47,,117,73,,,,,,84,,57,15,104,,,119,,,,97,0,35,47,,,,,,,,112,,,,,,31,69,,36,82,,14,,,,,146,,,88,42,20,,,49,,30,47,,,55,7,,,,,,10,,0,,14,53,116,,32,21,,54,81,38,33,,,,12,23,43,,,,21,,36,49,,1500000US080130130034,,
15,136,10,,85,,26,85,,18,66,,,,16,,0,31,18,,25,,,14,,36,29,,,1057,,1007,,21,71,,,264,290,,33,66,,17,2064,17,,0,,0,,30,456,,30,14,,14,,66,28,53,,,,76,,48,67,,73,,,190,70,140,71,,,168,,,68,109,69,Block Group 5; Census Tract 130.03; Boulder County; Colorado,,70,9,,,,15,,58,21,,93,,89,76,,,,,,78,,78,69,14,,,62,,,,53,0,54,37,,,,,,,,0,,,,,,0,68,,14,79,,14,,,,,154,,,102,31,0,,,45,,14,0,,,14,30,,,,,,36,,0,,14,78,17,,131,18,,52,28,110,29,,,,0,25,0,,,,14,,40,14,,1500000US080130130035,,
0,17,9,,11,,14,16,,13,17,,,,9,,10,17,16,,15,,,15,,19,19,,,628,,671,,69,47,,,225,279,,72,46,,78,1299,46,,0,,0,,108,471,,70,14,,14,,41,43,38,,,,61,,53,41,,121,,,26,27,29,46,,,22,,,27,30,67,Block Group 1; Census Tract 130.04; Boulder County; Colorado,,33,31,,,,34,,15,28,,131,,22,99,,,,,,21,,110,39,13,,,35,,,,38,0,25,41,,,,,,,,7,,,,,,11,69,,14,89,,14,,,,,25,,,25,9,0,,,14,,14,4,,,6,8,,,,,,11,,44,,62,24,28,,35,17,,22,40,42,21,,,,0,9,40,,,,14,,15,38,,1500000US080130130041,,
10,19,9,,53,,15,21,,15,45,,,,94,,65,0,10,,67,,,83,,14,15,,,1030,,1099,,80,85,,,208,227,,64,48,,73,2129,53,,0,,13,,52,405,,40,14,,20,,56,101,77,,,,46,,66,52,,86,,,61,24,87,109,,,35,,,28,36,99,Block Group 2; Census Tract 130.04; Boulder County; Colorado,,44,80,,,,54,,60,5,,48,,107,154,,,,,,45,,79,29,14,,,70,,,,41,0,38,11,,,,,,,,0,,,,,,37,49,,45,36,,14,,,,,128,,,71,0,0,,,14,,14,40,,,48,63,,,,,,50,,0,,14,26,35,,29,24,,24,54,28,29,,,,19,0,9,,,,29,,14,15,,1500000US080130130042,,
31,50,0,,36,,32,33,,14,32,,,,32,,50,32,119,,25,,,34,,24,85,,,770,,798,,73,57,,,153,208,,52,42,,55,1568,38,,0,,6,,34,317,,31,14,,10,,69,34,59,,,,48,,39,66,,83,,,75,26,87,23,,,34,,,26,43,28,Block Group 1; Census Tract 130.05; Boulder County; Colorado,,19,26,,,,25,,19,2,,64,,41,93,,,,,,39,,45,25,23,,,77,,,,71,0,20,4,,,,,,,,16,,,,,,16,69,,19,69,,14,,,,,18,,,21,0,0,,,14,,14,0,,,14,32,,,,,,39,,0,,14,18,0,,21,24,,21,14,25,25,,,,0,28,8,,,,14,,36,14,,1500000US080130130051,,
23,34,41,,16,,26,28,,37,15,,,,29,,30,0,21,,24,,,27,,14,24,,,841,,678,,88,98,,,169,162,,49,54,,34,1519,3,,9,,0,,41,298,,4,15,,14,,75,83,70,,,,53,,95,38,,25,,,40,32,54,0,,,33,,,39,45,14,Block Group 2; Census Tract 130.05; Boulder County; Colorado,,14,48,,,,41,,7,0,,28,,71,103,,,,,,38,,64,0,13,,,56,,,,34,14,12,14,,,,,,,,8,,,,,,10,47,,16,39,,24,,,,,50,,,25,34,0,,,27,,14,54,,,32,17,,,,,,17,,8,,15,55,30,,68,0,,38,29,40,14,,,,0,17,17,,,,14,,19,20,,1500000US080130130052,,
0,12,0,,78,,14,20,,14,78,,,,35,,39,19,13,,34,,,53,,31,21,,,1112,,950,,74,43,,,266,190,,54,33,,11,2062,15,,0,,0,,17,419,,16,14,,14,,92,57,35,,,,79,,80,45,,72,,,121,51,80,13,,,110,,,59,46,25,Block Group 1; Census Tract 130.06; Boulder County; Colorado,,22,117,,,,98,,60,133,,38,,47,87,,,,,,41,,107,13,32,,,134,,,,97,0,88,130,,,,,,,,19,,,,,,25,54,,28,49,,14,,,,,23,,,29,29,0,,,30,,14,65,,,67,171,,,,,,113,,17,,29,107,10,,77,10,,79,18,55,18,,,,0,4,0,,,,14,,7,14,,1500000US080130130061,,
0,46,0,,27,,14,42,,14,32,,,,35,,35,23,14,,36,,,36,,43,23,,,493,,404,,36,36,,,164,154,,33,36,,7,897,43,,0,,15,,13,289,,44,14,,25,,21,34,83,,,,33,,35,71,,30,,,46,29,34,34,,,40,,,41,32,46,Block Group 2; Census Tract 130.06; Boulder County; Colorado,,22,34,,,,26,,0,0,,33,,16,69,,,,,,26,,58,14,27,,,30,,,,24,0,14,14,,,,,,,,16,,,,,,0,16,,14,28,,14,,,,,37,,,60,0,0,,,14,,14,18,,,31,0,,,,,,14,,0,,14,0,0,,0,19,,14,14,14,26,,,,0,0,0,,,,14,,14,14,,1500000US080130130062,,
0,141,0,,200,,14,132,,14,168,,,,68,,34,21,15,,73,,,61,,21,24,,,1678,,1148,,67,141,,,473,322,,43,99,,116,2826,24,,9,,10,,123,722,,25,21,,25,,147,66,106,,,,100,,85,82,,41,,,181,174,60,28,,,129,,,194,42,27,Block Group 3; Census Tract 130.06; Boulder County; Colorado,,43,62,,,,52,,41,52,,44,,0,282,,,,,,14,,231,45,27,,,100,,,,69,0,39,85,,,,,,,,17,,,,,,28,62,,41,77,,14,,,,,36,,,35,17,0,,,26,,14,0,,,14,12,,,,,,20,,110,,162,65,64,,50,82,,53,57,43,63,,,,0,20,32,,,,14,,32,36,,1500000US080130130063,,
19,4,58,,6,,19,7,,35,11,,,,47,,44,8,22,,45,,,39,,12,19,,,951,,1125,,22,150,,,152,152,,36,74,,12,2076,53,,23,,22,,12,259,,36,22,,20,,26,0,37,,,,30,,14,36,,13,,,72,71,42,60,,,43,,,66,30,56,Block Group 1; Census Tract 132.01; Boulder County; Colorado,,67,29,,,,33,,91,12,,16,,38,131,,,,,,26,,73,94,14,,,91,,,,59,0,49,23,,,,,,,,0,,,,,,67,69,,54,45,,14,,,,,147,,,68,22,6,,,26,,10,29,,,33,49,,,,,,38,,0,,14,130,37,,66,74,,62,40,46,61,,,,8,19,56,,,,13,,18,40,,1500000US080130132011,,
27,6,6,,0,,26,9,,8,14,,,,6,,4,20,10,,10,,,6,,18,11,,,454,,358,,72,35,,,145,81,,49,38,,18,812,41,,4,,7,,19,210,,32,6,,11,,6,2,50,,,,11,,6,38,,6,,,0,0,30,2,,,14,,,14,21,5,Block Group 1; Census Tract 132.02; Boulder County; Colorado,,14,29,,,,33,,62,0,,11,,54,6,,,,,,29,,9,0,29,,,47,,,,27,0,37,14,,,,,,,,26,,,,,,14,27,,18,35,,14,,,,,19,,,19,15,0,,,19,,14,26,,,23,13,,,,,,15,,0,,14,5,23,,54,0,,9,30,34,14,,,,0,14,26,,,,14,,13,19,,1500000US080130132021,,
0,4,9,,0,,14,7,,9,14,,,,4,,0,27,12,,7,,,14,,20,14,,,421,,361,,20,19,,,190,80,,23,23,,7,782,6,,13,,8,,11,235,,10,15,,12,,20,41,0,,,,24,,34,14,,22,,,61,10,35,0,,,46,,,16,22,14,Block Group 2; Census Tract 132.02; Boulder County; Colorado,,11,51,,,,75,,19,47,,15,,28,20,,,,,,19,,24,10,14,,,28,,,,34,0,21,63,,,,,,,,0,,,,,,37,6,,46,13,,14,,,,,15,,,11,40,0,,,30,,14,6,,,11,26,,,,,,23,,9,,12,49,0,,25,9,,25,14,17,14,,,,0,25,14,,,,14,,28,13,,1500000US080130132022,,
29,13,43,,0,,31,21,,51,14,,,,0,,0,20,21,,14,,,14,,24,23,,,616,,586,,0,24,,,159,164,,14,39,,0,1202,0,,37,,16,,14,301,,14,42,,25,,44,56,40,,,,66,,87,52,,34,,,56,0,41,0,,,55,,,14,48,14,Block Group 1; Census Tract 132.05; Boulder County; Colorado,,32,34,,,,38,,82,0,,38,,34,48,,,,,,38,,55,25,14,,,26,,,,31,0,60,14,,,,,,,,0,,,,,,64,0,,50,14,,14,,,,,33,,,34,0,0,,,14,,14,71,,,61,92,,,,,,70,,0,,14,49,0,,84,19,,42,14,56,34,,,,0,34,33,,,,14,,40,37,,1500000US080130132051,,
0,0,0,,0,,14,14,,14,14,,,,0,,0,0,0,,14,,,14,,14,14,,,330,,403,,49,0,,,161,180,,70,14,,20,733,66,,0,,18,,31,329,,74,14,,28,,70,13,34,,,,60,,21,40,,68,,,0,0,15,20,,,14,,,14,24,34,Block Group 2; Census Tract 132.05; Boulder County; Colorado,,38,0,,,,14,,0,0,,59,,66,0,,,,,,64,,14,35,14,,,42,,,,51,0,14,14,,,,,,,,0,,,,,,25,22,,29,36,,14,,,,,56,,,55,0,22,,,14,,36,31,,,49,0,,,,,,14,,0,,14,0,25,,0,36,,14,41,14,49,,,,0,0,0,,,,14,,14,14,,1500000US080130132052,,
11,37,10,,8,,18,46,,18,14,,,,39,,0,59,0,,54,,,14,,59,14,,,558,,454,,0,30,,,227,171,,14,46,,7,1012,8,,0,,0,,11,377,,12,14,,14,,0,0,28,,,,14,,14,32,,17,,,128,0,0,6,,,150,,,14,14,11,Block Group 3; Census Tract 132.05; Boulder County; Colorado,,27,13,,,,22,,40,0,,26,,90,17,,,,,,71,,28,17,14,,,109,,,,150,0,22,14,,,,,,,,0,,,,,,42,0,,62,14,,14,,,,,104,,,59,0,0,,,14,,14,0,,,14,50,,,,,,23,,0,,14,0,27,,11,41,,14,42,18,64,,,,0,45,18,,,,14,,70,31,,1500000US080130132053,,
20,34,10,,0,,25,53,,16,14,,,,16,,12,57,44,,25,,,19,,42,38,,,876,,913,,90,128,,,229,362,,119,159,,94,1789,66,,85,,0,,94,540,,75,105,,14,,0,115,33,,,,14,,123,39,,140,,,27,0,73,18,,,45,,,14,59,29,Block Group 4; Census Tract 132.05; Boulder County; Colorado,,45,50,,,,54,,41,19,,168,,74,44,,,,,,94,,47,42,14,,,78,,,,79,0,43,31,,,,,,,,0,,,,,,23,0,,31,14,,14,,,,,51,,,35,26,0,,,29,,14,0,,,14,0,,,,,,14,,0,,14,66,18,,56,19,,61,28,46,29,,,,0,66,54,,,,14,,56,47,,1500000US080130132054,,
25,92,29,,53,,24,89,,26,64,,,,30,,125,58,42,,23,,,88,,40,31,,,961,,1064,,24,22,,,182,211,,29,28,,67,2025,62,,20,,58,,39,347,,41,22,,46,,88,16,66,,,,77,,26,36,,0,,,23,13,52,32,,,24,,,19,42,50,Block Group 1; Census Tract 132.07; Boulder County; Colorado,,56,19,,,,22,,85,30,,14,,102,12,,,,,,51,,22,68,15,,,79,,,,43,0,50,44,,,,,,,,9,,,,,,68,56,,48,75,,14,,,,,114,,,68,73,11,,,46,,18,13,,,20,52,,,,,,38,,0,,14,45,56,,60,50,,40,87,33,44,,,,0,16,10,,,,14,,24,13,,1500000US080130132071,,
0,72,0,,39,,14,48,,14,35,,,,65,,121,19,0,,46,,,75,,28,14,,,348,,386,,0,20,,,121,135,,14,26,,11,734,0,,0,,9,,20,196,,14,14,,14,,28,0,0,,,,43,,14,14,,0,,,0,0,18,11,,,14,,,14,27,21,Block Group 2; Census Tract 132.07; Boulder County; Colorado,,11,0,,,,14,,26,0,,14,,29,0,,,,,,44,,14,7,14,,,0,,,,14,0,29,14,,,,,,,,0,,,,,,0,0,,14,14,,14,,,,,31,,,48,12,0,,,19,,14,0,,,14,21,,,,,,30,,56,,71,0,91,,0,0,,14,70,14,14,,,,34,0,14,,,,50,,14,22,,1500000US080130132072,,
10,43,10,,0,,16,38,,15,14,,,,6,,12,11,15,,10,,,19,,17,21,,,655,,505,,41,20,,,159,106,,39,25,,33,1160,36,,14,,8,,29,240,,31,22,,13,,52,9,43,,,,45,,16,35,,12,,,28,25,62,0,,,32,,,28,41,14,Block Group 3; Census Tract 132.07; Boulder County; Colorado,,21,47,,,,41,,26,18,,18,,24,51,,,,,,22,,36,18,14,,,34,,,,29,14,25,29,,,,,,,,0,,,,,,0,12,,14,19,,22,,,,,83,,,41,61,22,,,42,,24,37,,,35,15,,,,,,21,,0,,14,47,26,,31,10,,40,45,24,18,,,,0,41,53,,,,14,,33,32,,1500000US080130132073,,
47,0,45,,0,,46,14,,53,14,,,,0,,0,15,77,,14,,,14,,23,50,,,560,,761,,29,74,,,181,182,,32,54,,22,1321,15,,37,,108,,35,307,,20,44,,73,,76,21,24,,,,67,,35,26,,59,,,25,30,0,0,,,38,,,47,14,14,Block Group 1; Census Tract 132.08; Boulder County; Colorado,,16,0,,,,14,,58,0,,50,,27,21,,,,,,26,,26,10,14,,,14,,,,22,8,57,14,,,,,,,,0,,,,,,31,12,,31,37,,13,,,,,48,,,50,35,0,,,27,,14,40,,,49,31,,,,,,40,,0,,14,12,34,,46,71,,29,45,33,68,,,,0,45,74,,,,14,,44,59,,1500000US080130132081,,
14,0,0,,0,,22,14,,14,14,,,,18,,19,47,42,,30,,,30,,45,40,,,377,,596,,77,62,,,269,266,,109,100,,0,973,0,,0,,146,,14,464,,14,14,,224,,14,0,0,,,,25,,14,14,,62,,,24,18,49,0,,,37,,,29,52,14,Block Group 2; Census Tract 132.08; Boulder County; Colorado,,14,12,,,,20,,12,0,,83,,50,65,,,,,,49,,104,0,14,,,35,,,,42,0,18,14,,,,,,,,0,,,,,,18,22,,30,32,,14,,,,,50,,,46,0,0,,,14,,14,0,,,14,19,,,,,,29,,0,,14,26,0,,24,21,,30,14,28,37,,,,0,0,27,,,,14,,14,32,,1500000US080130132082,,
84,103,50,,33,,61,69,,48,34,,,,131,,43,62,96,,103,,,66,,70,62,,,1398,,1500,,183,175,,,270,226,,98,71,,21,2898,145,,40,,78,,35,389,,58,48,,64,,44,128,43,,,,61,,100,37,,75,,,38,31,22,0,,,36,,,72,25,14,Block Group 3; Census Tract 132.08; Boulder County; Colorado,,14,196,,,,98,,89,17,,62,,88,57,,,,,,78,,62,0,14,,,68,,,,49,0,66,29,,,,,,,,0,,,,,,110,55,,65,46,,14,,,,,13,,,22,77,0,,,79,,14,23,,,27,82,,,,,,57,,22,,38,66,61,,85,77,,49,71,56,90,,,,33,21,33,,,,53,,35,54,,1500000US080130132083,,
15,9,13,,0,,25,14,,28,14,,,,25,,26,35,29,,39,,,41,,39,33,,,478,,481,,8,4,,,213,203,,13,16,,77,959,28,,0,,0,,85,389,,35,14,,14,,38,5,37,,,,50,,18,42,,32,,,35,0,49,0,,,43,,,14,49,14,Block Group 4; Census Tract 132.08; Boulder County; Colorado,,20,53,,,,58,,0,0,,33,,0,12,,,,,,14,,22,13,14,,,0,,,,14,0,14,14,,,,,,,,0,,,,,,0,11,,14,18,,14,,,,,40,,,44,34,7,,,35,,14,88,,,92,45,,,,,,49,,54,,87,10,0,,38,0,,17,14,44,14,,,,0,23,66,,,,14,,34,84,,1500000US080130132084,,
0,131,10,,171,,14,115,,14,158,,,,65,,174,33,77,,50,,,114,,34,54,,,1217,,1311,,0,33,,,404,458,,14,34,,118,2528,12,,0,,0,,100,805,,14,14,,14,,174,53,150,,,,143,,58,96,,37,,,91,6,87,319,,,70,,,10,62,208,Block Group 1; Census Tract 132.10; Boulder County; Colorado,,14,97,,,,90,,20,0,,43,,97,59,,,,,,84,,80,0,14,,,38,,,,47,9,32,14,,,,,,,,0,,,,,,0,14,,14,18,,17,,,,,68,,,66,12,42,,,19,,53,1,,,2,45,,,,,,50,,46,,62,67,83,,37,18,,58,104,31,30,,,,0,16,18,,,,14,,27,23,,1500000US080130132101,,
0,150,14,,69,,14,95,,23,44,,,,56,,60,92,28,,44,,,78,,71,38,,,1294,,947,,140,89,,,330,293,,152,87,,26,2241,11,,0,,9,,31,491,,18,14,,15,,17,30,136,,,,27,,47,104,,0,,,72,22,197,0,,,55,,,23,122,14,Block Group 2; Census Tract 132.10; Boulder County; Colorado,,92,41,,,,45,,15,26,,14,,102,0,,,,,,75,,14,68,14,,,61,,,,49,16,19,38,,,,,,,,0,,,,,,28,38,,45,42,,25,,,,,139,,,93,85,0,,,94,,14,68,,,63,60,,,,,,88,,0,,14,114,102,,15,14,,115,100,17,22,,,,0,31,0,,,,14,,49,14,,1500000US080130132102,,
0,66,20,,38,,14,62,,33,42,,,,50,,58,18,12,,50,,,45,,22,15,,,639,,538,,115,33,,,196,143,,91,34,,9,1177,52,,30,,14,,16,275,,57,38,,22,,34,16,29,,,,36,,26,45,,50,,,0,14,77,10,,,14,,,25,61,17,Block Group 3; Census Tract 132.10; Boulder County; Colorado,,14,0,,,,14,,0,30,,41,,38,35,,,,,,33,,42,11,14,,,22,,,,27,40,14,35,,,,,,,,0,,,,,,94,0,,50,14,,64,,,,,1,,,2,0,0,,,14,,14,10,,,15,32,,,,,,35,,0,,14,57,0,,9,0,,45,14,14,14,,,,0,53,0,,,,14,,40,14,,1500000US080130132103,,
29,18,24,,29,,32,29,,27,35,,,,0,,45,34,11,,14,,,59,,29,17,,,926,,852,,76,88,,,243,192,,63,67,,28,1778,53,,10,,0,,43,403,,49,17,,14,,100,14,129,,,,89,,25,90,,37,,,15,15,28,12,,,26,,,26,45,22,Block Group 1; Census Tract 132.11; Boulder County; Colorado,,37,78,,,,65,,26,0,,38,,55,164,,,,,,43,,108,36,14,,,124,,,,86,0,36,14,,,,,,,,0,,,,,,13,60,,22,67,,14,,,,,94,,,57,17,0,,,28,,14,0,,,14,43,,,,,,40,,51,,82,85,0,,60,0,,75,14,46,14,,,,0,28,49,,,,14,,32,40,,1500000US080130132111,,
23,131,23,,82,,26,128,,27,107,,,,0,,52,0,0,,14,,,76,,14,14,,,336,,343,,0,0,,,171,180,,14,14,,29,679,28,,18,,11,,36,341,,36,29,,18,,16,9,36,,,,27,,15,55,,0,,,0,36,31,0,,,14,,,42,50,14,Block Group 2; Census Tract 132.11; Boulder County; Colorado,,14,12,,,,20,,0,0,,14,,0,0,,,,,,14,,14,0,14,,,36,,,,53,0,14,14,,,,,,,,0,,,,,,0,0,,14,14,,14,,,,,11,,,20,0,0,,,14,,14,0,,,14,0,,,,,,14,,0,,14,12,13,,11,49,,19,21,17,60,,,,0,10,0,,,,14,,16,14,,1500000US080130132112,,
86,104,14,,0,,98,114,,24,14,,,,32,,0,0,0,,51,,,14,,14,14,,,973,,394,,110,99,,,467,334,,134,96,,46,1367,0,,0,,0,,77,726,,14,14,,14,,148,0,36,,,,137,,14,55,,90,,,66,0,0,0,,,84,,,14,14,14,Block Group 3; Census Tract 132.11; Boulder County; Colorado,,66,0,,,,14,,0,0,,127,,0,0,,,,,,14,,14,55,68,,,8,,,,16,0,14,14,,,,,,,,53,,,,,,25,75,,36,106,,14,,,,,68,,,85,15,0,,,25,,14,0,,,14,0,,,,,,14,,0,,14,97,54,,0,0,,130,68,14,14,,,,0,86,0,,,,14,,89,14,,1500000US080130132113,,
0,67,16,,151,,14,76,,25,85,,,,36,,40,0,14,,43,,,39,,14,24,,,802,,1025,,190,10,,,359,295,,280,17,,166,1827,185,,0,,14,,98,535,,121,14,,24,,62,22,73,,,,55,,38,68,,49,,,16,33,15,138,,,24,,,29,24,94,Block Group 4; Census Tract 132.11; Boulder County; Colorado,,14,35,,,,60,,0,23,,44,,0,72,,,,,,14,,88,0,14,,,60,,,,54,0,14,37,,,,,,,,0,,,,,,20,74,,32,87,,14,,,,,30,,,36,0,0,,,14,,14,0,,,14,45,,,,,,66,,30,,48,29,0,,112,0,,33,14,95,14,,,,0,0,0,,,,14,,14,14,,1500000US080130132114,,
0,0,0,,16,,14,14,,14,26,,,,0,,15,0,0,,14,,,26,,14,14,,,539,,500,,54,0,,,215,216,,57,14,,31,1039,14,,0,,0,,37,409,,24,14,,14,,0,0,92,,,,14,,14,75,,17,,,0,47,48,0,,,14,,,52,55,14,Block Group 5; Census Tract 132.11; Boulder County; Colorado,,39,61,,,,61,,31,0,,27,,102,34,,,,,,75,,33,36,14,,,83,,,,70,0,35,14,,,,,,,,0,,,,,,37,15,,43,24,,14,,,,,60,,,58,0,0,,,14,,14,0,,,14,6,,,,,,9,,0,,14,13,28,,34,35,,22,47,41,52,,,,67,10,53,,,,76,,17,50,,1500000US080130132115,,
0,16,0,,18,,14,28,,14,29,,,,0,,0,0,0,,14,,,14,,14,14,,,185,,226,,0,16,,,114,119,,14,25,,41,411,33,,0,,13,,43,220,,40,14,,22,,35,21,20,,,,40,,34,26,,0,,,18,0,7,0,,,26,,,14,11,14,Block Group 6; Census Tract 132.11; Boulder County; Colorado,,14,0,,,,14,,0,0,,14,,0,15,,,,,,14,,24,0,14,,,20,,,,34,0,14,14,,,,,,,,0,,,,,,0,17,,14,27,,14,,,,,0,,,14,0,0,,,14,,14,0,,,14,1,,,,,,2,,0,,14,0,0,,28,14,,14,14,32,25,,,,14,40,24,,,,24,,36,29,,1500000US080130132116,,
22,35,0,,29,,17,35,,14,44,,,,20,,0,12,34,,22,,,14,,18,32,,,441,,470,,45,10,,,118,124,,50,16,,0,911,38,,0,,60,,14,218,,44,14,,47,,0,52,54,,,,14,,53,63,,19,,,9,37,27,0,,,13,,,66,23,14,Block Group 1; Census Tract 132.12; Boulder County; Colorado,,21,47,,,,57,,39,0,,21,,51,11,,,,,,32,,17,23,20,,,60,,,,65,0,31,14,,,,,,,,13,,,,,,10,0,,16,14,,14,,,,,40,,,33,0,0,,,14,,14,0,,,14,38,,,,,,44,,24,,32,12,0,,22,0,,19,14,24,14,,,,0,11,7,,,,14,,17,12,,1500000US080130132121,,
0,15,0,,40,,14,19,,14,35,,,,58,,7,11,0,,57,,,14,,18,14,,,860,,762,,41,80,,,223,308,,28,48,,58,1622,0,,0,,0,,46,498,,14,14,,14,,50,32,83,,,,43,,43,42,,19,,,21,27,83,13,,,23,,,45,47,16,Block Group 2; Census Tract 132.12; Boulder County; Colorado,,20,72,,,,49,,12,54,,29,,185,54,,,,,,169,,38,13,14,,,148,,,,158,20,19,42,,,,,,,,0,,,,,,14,134,,21,117,,24,,,,,44,,,35,27,0,,,25,,14,39,,,41,31,,,,,,29,,27,,32,29,0,,0,14,,28,14,14,23,,,,13,18,36,,,,21,,22,41,,1500000US080130132122,,
0,86,41,,32,,14,67,,61,42,,,,28,,0,38,11,,30,,,14,,30,17,,,779,,742,,51,35,,,174,146,,38,34,,18,1521,36,,14,,14,,21,263,,28,22,,22,,38,55,87,,,,31,,43,61,,40,,,50,28,36,15,,,37,,,29,30,23,Block Group 3; Census Tract 132.12; Boulder County; Colorado,,27,38,,,,35,,39,0,,33,,67,38,,,,,,96,,36,29,14,,,110,,,,59,0,34,14,,,,,,,,0,,,,,,44,30,,35,35,,14,,,,,29,,,32,69,0,,,44,,14,63,,,49,28,,,,,,27,,0,,14,26,0,,68,39,,29,14,36,38,,,,10,41,0,,,,15,,36,14,,1500000US080130132123,,
14,57,29,,43,,22,59,,31,48,,,,80,,67,0,11,,54,,,53,,14,17,,,463,,386,,9,0,,,156,171,,14,14,,50,849,19,,9,,30,,60,206,,30,20,,26,,0,0,49,,,,14,,14,53,,0,,,11,12,0,0,,,19,,,19,14,14,Block Group 4; Census Tract 132.12; Boulder County; Colorado,,14,0,,,,14,,11,0,,14,,15,0,,,,,,17,,14,0,14,,,21,,,,18,36,19,14,,,,,,,,0,,,,,,0,0,,14,14,,46,,,,,0,,,14,0,0,,,14,,14,0,,,14,9,,,,,,13,,0,,14,9,101,,0,95,,16,80,14,66,,,,53,0,9,,,,60,,14,19,,1500000US080130132124,,
27,179,12,,12,,27,233,,19,20,,,,0,,250,41,12,,14,,,255,,39,18,,,897,,1455,,37,159,,,310,637,,40,223,,77,2352,86,,0,,10,,60,895,,69,14,,15,,49,67,100,,,,51,,64,100,,153,,,39,97,58,15,,,42,,,86,68,27,Block Group 1; Census Tract 132.14; Boulder County; Colorado,,31,0,,,,14,,14,0,,180,,69,56,,,,,,56,,65,24,14,,,66,,,,64,0,22,14,,,,,,,,0,,,,,,16,164,,24,202,,14,,,,,101,,,81,0,0,,,14,,14,0,,,14,27,,,,,,43,,94,,111,62,0,,97,0,,46,14,54,14,,,,30,26,26,,,,51,,31,31,,1500000US080130132141,,
13,140,0,,131,,21,91,,14,92,,,,276,,215,35,122,,172,,,108,,40,138,,,2095,,1795,,108,107,,,487,397,,86,89,,214,3890,75,,0,,31,,140,728,,54,14,,34,,49,17,48,,,,53,,33,55,,127,,,144,182,227,43,,,135,,,201,183,54,Block Group 2; Census Tract 132.14; Boulder County; Colorado,,14,73,,,,70,,278,40,,118,,78,221,,,,,,80,,162,0,14,,,168,,,,110,48,175,54,,,,,,,,0,,,,,,23,0,,37,14,,75,,,,,50,,,51,0,0,,,14,,14,29,,,37,115,,,,,,81,,0,,14,88,31,,183,12,,65,51,88,31,,,,100,0,49,,,,133,,14,38,,1500000US080130132142,,
20,49,41,,13,,34,74,,49,21,,,,3,,13,0,20,,5,,,21,,14,31,,,291,,276,,14,19,,,123,142,,24,24,,0,567,30,,0,,0,,14,221,,35,14,,14,,30,0,22,,,,37,,14,31,,14,,,28,15,28,13,,,39,,,25,41,21,Block Group 1; Census Tract 132.15; Boulder County; Colorado,,17,0,,,,14,,13,0,,24,,21,45,,,,,,31,,40,10,14,,,9,,,,15,0,20,14,,,,,,,,0,,,,,,0,17,,14,30,,14,,,,,0,,,14,0,0,,,14,,14,0,,,14,10,,,,,,17,,4,,10,0,21,,4,18,,14,28,11,30,,,,0,0,23,,,,14,,14,38,,1500000US080130132151,,
0,203,0,,296,,14,120,,14,165,,,,164,,197,28,36,,123,,,141,,37,43,,,1299,,1625,,4,19,,,263,408,,15,31,,93,2924,43,,0,,0,,91,528,,69,14,,14,,63,105,114,,,,67,,104,76,,235,,,81,25,102,70,,,75,,,39,104,74,Block Group 2; Census Tract 132.15; Boulder County; Colorado,,33,41,,,,32,,39,0,,176,,61,99,,,,,,73,,86,20,25,,,31,,,,37,0,56,14,,,,,,,,12,,,,,,12,75,,20,73,,14,,,,,68,,,56,23,0,,,35,,14,24,,,37,28,,,,,,32,,17,,35,101,127,,14,118,,86,136,24,99,,,,44,0,92,,,,70,,14,75,,1500000US080130132152,,
0,7,0,,52,,14,16,,14,59,,,,0,,0,0,0,,14,,,14,,14,14,,,823,,878,,72,102,,,284,281,,55,127,,144,1701,61,,0,,32,,138,535,,53,14,,53,,28,104,72,,,,34,,95,64,,38,,,74,0,150,20,,,50,,,14,68,33,Block Group 3; Census Tract 132.15; Boulder County; Colorado,,23,80,,,,61,,14,23,,36,,78,110,,,,,,49,,87,13,14,,,69,,,,63,33,23,37,,,,,,,,0,,,,,,0,100,,14,74,,49,,,,,30,,,28,0,0,,,14,,14,58,,,66,38,,,,,,42,,28,,46,0,0,,18,21,,14,14,28,35,,,,0,17,15,,,,14,,29,25,,1500000US080130132153,,
1,12,92,,36,,5,21,,126,40,,,,0,,0,34,42,,14,,,14,,39,53,,,662,,722,,56,26,,,211,220,,43,33,,111,1384,143,,0,,31,,59,375,,74,14,,33,,36,0,18,,,,35,,14,28,,0,,,16,135,35,135,,,29,,,79,39,71,Block Group 1; Census Tract 133.02; Boulder County; Colorado,,14,0,,,,14,,20,0,,14,,34,21,,,,,,45,,37,0,32,,,67,,,,62,0,30,14,,,,,,,,24,,,,,,0,0,,14,14,,14,,,,,0,,,14,0,22,,,14,,31,20,,,40,0,,,,,,14,,0,,14,36,70,,50,0,,40,63,46,14,,,,0,18,43,,,,14,,29,28,,1500000US080130133021,,
16,23,16,,29,,25,26,,25,44,,,,66,,0,29,0,,103,,,14,,45,14,,,566,,578,,19,94,,,176,233,,32,71,,93,1144,40,,0,,0,,51,358,,51,14,,14,,34,102,0,,,,43,,72,14,,0,,,36,59,0,27,,,48,,,40,14,40,Block Group 2; Census Tract 133.02; Boulder County; Colorado,,104,57,,,,71,,18,0,,14,,29,0,,,,,,50,,14,69,14,,,32,,,,55,0,30,14,,,,,,,,0,,,,,,0,0,,14,14,,14,,,,,0,,,14,57,0,,,85,,14,0,,,14,18,,,,,,29,,0,,14,0,0,,0,145,,14,14,14,155,,,,0,18,18,,,,14,,28,29,,1500000US080130133022,,
0,31,0,,0,,14,27,,14,14,,,,20,,39,0,14,,34,,,41,,14,22,,,262,,208,,50,0,,,117,125,,61,14,,13,470,34,,0,,0,,20,221,,33,14,,14,,38,29,0,,,,50,,45,14,,0,,,0,0,0,0,,,14,,,14,14,14,Block Group 3; Census Tract 133.02; Boulder County; Colorado,,14,0,,,,14,,18,0,,14,,35,0,,,,,,40,,14,0,14,,,0,,,,14,22,29,14,,,,,,,,0,,,,,,0,0,,14,14,,39,,,,,54,,,53,0,0,,,14,,14,16,,,25,0,,,,,,14,,0,,14,0,0,,16,22,,14,14,25,39,,,,0,19,0,,,,14,,32,14,,1500000US080130133023,,
0,51,0,,0,,14,54,,14,14,,,,46,,36,29,13,,54,,,42,,35,21,,,334,,354,,14,16,,,138,133,,24,20,,20,688,31,,0,,28,,31,233,,34,14,,31,,0,0,0,,,,14,,14,14,,0,,,0,22,0,36,,,14,,,32,14,53,Block Group 4; Census Tract 133.02; Boulder County; Colorado,,14,0,,,,14,,56,0,,14,,0,0,,,,,,14,,14,0,14,,,32,,,,46,0,51,14,,,,,,,,0,,,,,,19,0,,29,14,,14,,,,,18,,,28,0,0,,,14,,14,16,,,24,39,,,,,,45,,0,,14,80,0,,66,0,,57,14,65,14,,,,0,0,20,,,,14,,14,32,,1500000US080130133024,,
0,32,20,,40,,14,40,,31,39,,,,45,,53,0,0,,40,,,52,,14,14,,,800,,608,,19,0,,,364,184,,28,14,,17,1408,15,,17,,33,,28,436,,26,26,,36,,48,28,118,,,,53,,32,91,,0,,,0,15,27,14,,,14,,,23,42,23,Block Group 5; Census Tract 133.02; Boulder County; Colorado,,31,0,,,,14,,36,231,,14,,71,0,,,,,,98,,14,18,14,,,104,,,,88,0,42,314,,,,,,,,0,,,,,,0,0,,14,14,,14,,,,,94,,,82,0,0,,,14,,14,40,,,44,97,,,,,,73,,0,,14,34,23,,67,0,,41,39,80,14,,,,0,36,16,,,,14,,43,25,,1500000US080130133025,,
12,85,35,,96,,20,63,,40,135,,,,0,,18,27,43,,14,,,28,,33,45,,,916,,725,,82,67,,,266,246,,62,47,,79,1641,20,,0,,0,,81,470,,18,14,,14,,6,46,27,,,,10,,49,32,,42,,,113,14,34,9,,,109,,,24,39,19,Block Group 1; Census Tract 133.05; Boulder County; Colorado,,19,112,,,,88,,0,71,,48,,21,26,,,,,,32,,31,16,45,,,28,,,,37,0,14,76,,,,,,,,41,,,,,,0,21,,14,28,,14,,,,,7,,,12,25,0,,,30,,14,0,,,14,43,,,,,,43,,87,,69,88,51,,64,11,,66,76,60,17,,,,0,45,29,,,,14,,41,33,,1500000US080130133051,,
103,56,6,,94,,157,40,,9,57,,,,41,,32,26,64,,44,,,34,,28,71,,,1224,,1434,,159,78,,,433,580,,177,63,,124,2658,102,,0,,108,,83,951,,88,14,,151,,131,53,87,,,,52,,67,95,,245,,,29,116,153,83,,,33,,,86,124,51,Block Group 2; Census Tract 133.05; Boulder County; Colorado,,19,21,,,,31,,38,48,,247,,79,22,,,,,,63,,28,11,13,,,40,,,,35,12,28,80,,,,,,,,6,,,,,,7,124,,11,142,,19,,,,,90,,,75,0,0,,,14,,14,45,,,50,21,,,,,,25,,0,,14,0,60,,101,15,,14,55,79,19,,,,0,10,18,,,,14,,16,28,,1500000US080130133052,,
0,26,7,,55,,14,33,,13,64,,,,26,,43,9,0,,42,,,52,,14,14,,,740,,593,,209,49,,,322,232,,183,44,,56,1333,35,,8,,6,,60,487,,42,13,,15,,0,29,52,,,,14,,49,64,,0,,,19,13,6,19,,,23,,,19,36,21,Block Group 3; Census Tract 133.05; Boulder County; Colorado,,14,18,,,,30,,35,10,,14,,39,25,,,,,,37,,41,0,14,,,37,,,,45,36,44,75,,,,,,,,0,,,,,,53,51,,82,63,,60,,,,,51,,,59,10,0,,,41,,14,0,,,14,24,,,,,,38,,39,,51,19,130,,30,25,,31,148,33,34,,,,7,10,17,,,,45,,16,27,,1500000US080130133053,,
9,94,22,,111,,14,55,,28,62,,,,52,,38,20,45,,56,,,41,,38,36,,,628,,1028,,63,49,,,150,297,,58,44,,88,1656,18,,31,,120,,57,373,,23,29,,61,,0,73,65,,,,14,,70,50,,30,,,11,29,16,50,,,18,,,31,27,41,Block Group 1; Census Tract 133.06; Boulder County; Colorado,,35,0,,,,14,,5,0,,37,,78,0,,,,,,61,,14,39,14,,,37,,,,42,0,14,14,,,,,,,,0,,,,,,19,50,,23,41,,14,,,,,160,,,139,23,0,,,26,,14,11,,,17,26,,,,,,43,,0,,14,17,0,,77,16,,19,14,71,26,,,,0,16,48,,,,14,,20,34,,1500000US080130133061,,
19,116,0,,72,,21,95,,14,57,,,,61,,49,28,0,,59,,,35,,42,14,,,1296,,1383,,54,147,,,406,487,,43,131,,112,2679,59,,54,,19,,77,833,,88,53,,15,,69,203,139,,,,98,,139,118,,58,,,76,27,96,105,,,96,,,32,96,136,Block Group 2; Census Tract 133.06; Boulder County; Colorado,,21,73,,,,83,,36,15,,96,,74,100,,,,,,83,,153,13,23,,,82,,,,66,0,33,26,,,,,,,,13,,,,,,35,2,,38,6,,14,,,,,155,,,180,22,0,,,37,,14,133,,,187,15,,,,,,21,,157,,155,17,52,,37,36,,20,61,32,34,,,,0,15,34,,,,14,,23,35,,1500000US080130133062,,
18,53,45,,69,,22,50,,43,75,,,,117,,74,67,52,,78,,,63,,56,36,,,770,,766,,27,40,,,199,233,,43,48,,112,1536,17,,20,,72,,85,377,,29,26,,62,,42,37,22,,,,44,,39,39,,0,,,43,17,25,42,,,44,,,29,35,43,Block Group 1; Census Tract 133.07; Boulder County; Colorado,,57,27,,,,49,,0,17,,14,,14,1,,,,,,18,,9,64,14,,,40,,,,54,0,14,32,,,,,,,,0,,,,,,25,0,,21,14,,14,,,,,11,,,17,1,33,,,2,,56,6,,,11,13,,,,,,15,,0,,14,54,39,,101,0,,47,67,62,14,,,,33,10,36,,,,56,,19,29,,1500000US080130133071,,
4,161,19,,75,,7,82,,22,66,,,,113,,73,20,0,,102,,,53,,23,14,,,1073,,1016,,53,71,,,246,297,,50,96,,107,2089,48,,18,,27,,50,452,,45,29,,33,,50,42,71,,,,63,,36,50,,57,,,183,48,24,149,,,151,,,41,26,107,Block Group 2; Census Tract 133.07; Boulder County; Colorado,,36,15,,,,22,,0,22,,50,,83,30,,,,,,73,,30,34,14,,,71,,,,50,0,14,35,,,,,,,,0,,,,,,21,65,,19,65,,14,,,,,69,,,54,25,0,,,32,,14,9,,,15,10,,,,,,15,,0,,14,28,9,,52,68,,23,14,57,57,,,,0,15,50,,,,14,,18,66,,1500000US080130133072,,
11,96,37,,31,,16,46,,30,29,,,,91,,15,19,28,,91,,,35,,20,24,,,618,,515,,60,31,,,211,127,,46,34,,12,1133,21,,37,,23,,33,284,,25,46,,25,,46,33,0,,,,36,,31,14,,14,,,29,22,20,59,,,27,,,25,22,41,Block Group 1; Census Tract 133.08; Boulder County; Colorado,,20,0,,,,14,,22,0,,21,,37,0,,,,,,28,,14,16,14,,,9,,,,14,0,26,14,,,,,,,,0,,,,,,18,0,,20,14,,14,,,,,33,,,28,12,0,,,19,,14,23,,,24,36,,,,,,37,,0,,14,63,0,,58,0,,60,14,57,14,,,,0,34,37,,,,14,,38,31,,1500000US080130133081,,
22,95,13,,51,,20,57,,25,38,,,,65,,56,13,55,,66,,,45,,22,35,,,810,,1007,,21,50,,,185,218,,22,56,,61,1817,114,,41,,37,,38,333,,72,38,,37,,94,102,77,,,,125,,56,52,,74,,,31,5,39,38,,,28,,,10,49,44,Block Group 2; Census Tract 133.08; Boulder County; Colorado,,48,0,,,,14,,35,0,,51,,32,64,,,,,,29,,81,30,14,,,79,,,,46,0,33,14,,,,,,,,0,,,,,,19,34,,20,53,,14,,,,,72,,,59,0,0,,,14,,14,12,,,19,14,,,,,,21,,0,,14,33,44,,25,76,,29,43,19,75,,,,0,35,59,,,,14,,28,36,,1500000US080130133082,,
7,13,21,,66,,12,13,,23,66,,,,73,,9,10,9,,62,,,14,,15,15,,,356,,376,,9,14,,,161,115,,14,21,,15,732,18,,0,,29,,19,257,,22,14,,44,,15,0,36,,,,22,,14,42,,0,,,20,0,50,0,,,24,,,14,38,14,Block Group 3; Census Tract 133.08; Boulder County; Colorado,,81,0,,,,14,,0,0,,14,,37,25,,,,,,44,,31,78,14,,,11,,,,17,0,14,14,,,,,,,,0,,,,,,0,0,,14,14,,14,,,,,51,,,68,10,0,,,15,,14,0,,,14,21,,,,,,25,,7,,13,0,18,,10,0,,14,30,16,14,,,,21,0,29,,,,33,,14,26,,1500000US080130133083,,
0,87,0,,63,,14,54,,14,58,,,,94,,138,20,0,,58,,,73,,26,14,,,650,,624,,0,38,,,216,184,,14,34,,54,1274,15,,0,,12,,55,360,,24,14,,19,,0,65,14,,,,14,,71,24,,19,,,35,64,45,0,,,33,,,69,52,14,Block Group 1; Census Tract 134.01; Boulder County; Colorado,,29,0,,,,14,,13,0,,30,,57,22,,,,,,48,,30,29,14,,,47,,,,58,18,21,14,,,,,,,,0,,,,,,18,10,,22,16,,23,,,,,25,,,24,0,0,,,14,,14,36,,,28,26,,,,,,25,,0,,14,8,73,,0,56,,13,82,14,47,,,,20,26,27,,,,27,,33,30,,1500000US080130134011,,
0,49,7,,93,,14,47,,10,82,,,,105,,130,35,9,,65,,,89,,45,15,,,729,,713,,17,22,,,199,199,,19,27,,55,1442,9,,0,,44,,68,364,,14,14,,65,,32,0,13,,,,58,,14,37,,66,,,12,34,40,0,,,20,,,53,28,14,Block Group 2; Census Tract 134.01; Boulder County; Colorado,,38,48,,,,42,,12,16,,58,,66,0,,,,,,50,,14,16,15,,,47,,,,40,13,18,28,,,,,,,,9,,,,,,41,0,,54,14,,20,,,,,45,,,64,5,0,,,10,,14,0,,,14,11,,,,,,18,,0,,14,0,153,,67,63,,14,113,74,73,,,,14,44,0,,,,22,,51,14,,1500000US080130134012,,
9,37,0,,139,,15,31,,14,85,,,,31,,68,0,0,,31,,,65,,14,14,,,435,,742,,41,52,,,166,198,,40,46,,31,1177,20,,0,,13,,27,286,,21,14,,20,,21,0,22,,,,31,,14,44,,35,,,20,0,10,19,,,22,,,14,15,28,Block Group 3; Census Tract 134.01; Boulder County; Colorado,,14,0,,,,14,,31,0,,37,,30,63,,,,,,30,,42,0,14,,,73,,,,56,0,59,14,,,,,,,,0,,,,,,10,57,,15,63,,14,,,,,22,,,25,31,0,,,35,,14,0,,,14,9,,,,,,15,,0,,14,9,8,,17,61,,15,16,23,64,,,,9,82,97,,,,14,,82,91,,1500000US080130134013,,
18,45,19,,18,,28,56,,29,26,,,,41,,0,0,13,,50,,,14,,14,21,,,409,,501,,101,27,,,179,232,,88,46,,21,910,89,,0,,0,,34,380,,68,14,,14,,0,40,20,,,,14,,45,29,,50,,,0,33,3,20,,,14,,,51,7,34,Block Group 1; Census Tract 134.02; Boulder County; Colorado,,43,11,,,,18,,24,0,,47,,43,0,,,,,,53,,14,25,14,,,20,,,,21,0,28,14,,,,,,,,0,,,,,,0,31,,14,55,,14,,,,,31,,,46,0,20,,,14,,36,0,,,14,12,,,,,,19,,19,,30,1,10,,0,41,,2,20,14,52,,,,32,16,16,,,,48,,26,24,,1500000US080130134021,,
0,18,10,,0,,14,30,,16,14,,,,0,,29,10,13,,14,,,30,,20,21,,,356,,239,,89,0,,,195,102,,92,14,,15,595,18,,26,,26,,25,232,,22,30,,30,,0,11,34,,,,14,,24,38,,0,,,12,0,38,0,,,25,,,14,40,14,Block Group 2; Census Tract 134.02; Boulder County; Colorado,,14,0,,,,14,,63,0,,14,,8,27,,,,,,14,,41,0,14,,,8,,,,14,0,79,14,,,,,,,,0,,,,,,0,0,,14,14,,14,,,,,34,,,35,0,0,,,14,,14,0,,,14,23,,,,,,27,,0,,14,0,54,,29,0,,14,86,34,14,,,,0,0,0,,,,14,,14,14,,1500000US080130134022,,
15,138,25,,132,,23,95,,30,92,,,,0,,19,81,67,,14,,,33,,59,57,,,1509,,1521,,0,102,,,466,380,,14,92,,26,3030,56,,14,,106,,42,786,,65,23,,139,,0,73,71,,,,14,,86,61,,23,,,190,0,83,26,,,139,,,14,74,45,Block Group 3; Census Tract 134.02; Boulder County; Colorado,,37,154,,,,85,,12,42,,37,,26,65,,,,,,29,,68,21,40,,,70,,,,69,109,19,51,,,,,,,,22,,,,,,178,0,,191,14,,157,,,,,141,,,86,64,18,,,52,,30,102,,,88,21,,,,,,36,,38,,71,70,165,,86,92,,55,248,61,101,,,,0,186,101,,,,14,,174,105,,1500000US080130134023,,
0,0,0,,16,,14,14,,14,26,,,,23,,0,16,16,,41,,,14,,26,25,,,484,,739,,0,0,,,279,370,,14,14,,0,1223,19,,0,,22,,14,616,,32,14,,28,,0,0,22,,,,14,,14,38,,0,,,0,0,0,0,,,14,,,14,14,14,Block Group 4; Census Tract 134.02; Boulder County; Colorado,,18,0,,,,14,,17,0,,14,,70,0,,,,,,71,,14,10,41,,,22,,,,37,0,21,14,,,,,,,,24,,,,,,8,24,,17,40,,14,,,,,191,,,132,55,179,,,87,,154,91,,,93,138,,,,,,200,,0,,14,200,11,,0,49,,288,21,14,79,,,,0,0,0,,,,14,,14,14,,1500000US080130134024,,
0,41,19,,0,,14,54,,31,14,,,,81,,57,0,14,,79,,,62,,14,24,,,995,,1043,,25,157,,,383,307,,41,130,,184,2038,90,,20,,0,,137,613,,93,33,,14,,0,44,44,,,,14,,65,59,,24,,,15,45,15,38,,,27,,,65,24,57,Block Group 5; Census Tract 134.02; Boulder County; Colorado,,14,115,,,,118,,39,0,,40,,150,0,,,,,,137,,14,0,69,,,30,,,,37,18,49,14,,,,,,,,44,,,,,,35,20,,42,34,,29,,,,,70,,,85,0,17,,,14,,28,12,,,21,13,,,,,,22,,152,,112,0,112,,106,78,,14,105,99,101,,,,0,50,64,,,,14,,63,67,,1500000US080130134025,,
6,13,0,,0,,10,20,,14,14,,,,38,,14,0,0,,47,,,22,,14,14,,,248,,187,,13,40,,,104,74,,23,37,,13,435,30,,16,,0,,22,163,,30,26,,14,,13,8,12,,,,22,,14,19,,0,,,19,13,13,12,,,23,,,22,21,20,Block Group 1; Census Tract 135.03; Boulder County; Colorado,,21,10,,,,16,,34,0,,14,,11,13,,,,,,18,,21,13,14,,,0,,,,14,0,32,14,,,,,,,,0,,,,,,25,0,,28,14,,14,,,,,23,,,28,7,12,,,12,,19,0,,,14,0,,,,,,14,,0,,14,0,0,,0,0,,14,14,14,14,,,,0,11,3,,,,14,,19,8,,1500000US080130135031,,
8,13,17,,94,,13,20,,21,65,,,,31,,67,20,17,,35,,,86,,25,18,,,921,,708,,77,22,,,282,223,,68,26,,50,1629,15,,0,,8,,43,467,,24,14,,13,,128,11,22,,,,130,,17,22,,15,,,0,133,102,159,,,14,,,149,128,129,Block Group 2; Census Tract 135.03; Boulder County; Colorado,,77,0,,,,14,,24,140,,23,,5,73,,,,,,9,,103,70,14,,,10,,,,15,7,24,133,,,,,,,,0,,,,,,14,0,,23,14,,13,,,,,76,,,79,13,0,,,22,,14,29,,,30,14,,,,,,15,,0,,14,0,91,,0,45,,14,107,14,56,,,,0,0,9,,,,14,,14,13,,1500000US080130135032,,
0,58,17,,44,,14,57,,28,44,,,,144,,102,15,8,,129,,,87,,24,13,,,1217,,1021,,3,90,,,410,320,,5,63,,138,2238,76,,6,,18,,113,622,,75,10,,20,,50,72,123,,,,76,,79,88,,0,,,42,164,7,69,,,57,,,215,14,91,Block Group 3; Census Tract 135.03; Boulder County; Colorado,,19,162,,,,116,,13,36,,14,,24,58,,,,,,28,,76,11,14,,,89,,,,67,0,14,63,,,,,,,,0,,,,,,28,52,,32,61,,14,,,,,6,,,11,110,0,,,123,,14,10,,,16,60,,,,,,52,,3,,8,41,99,,32,115,,66,95,30,103,,,,0,20,23,,,,14,,25,26,,1500000US080130135033,,
8,8,18,,129,,12,16,,20,120,,,,15,,35,0,8,,25,,,42,,14,13,,,276,,532,,19,30,,,117,244,,27,32,,30,808,28,,9,,0,,31,317,,29,16,,14,,10,0,28,,,,19,,14,43,,0,,,26,10,0,50,,,32,,,19,14,49,Block Group 4; Census Tract 135.03; Boulder County; Colorado,,12,0,,,,14,,19,0,,14,,75,12,,,,,,54,,21,7,14,,,22,,,,27,0,20,14,,,,,,,,0,,,,,,0,0,,14,14,,14,,,,,98,,,69,0,0,,,14,,14,0,,,14,35,,,,,,39,,0,,14,0,0,,9,28,,14,14,17,50,,,,0,0,42,,,,14,,14,45,,1500000US080130135034,,
13,25,0,,36,,20,32,,14,35,,,,13,,9,0,8,,23,,,17,,14,13,,,595,,498,,82,64,,,235,149,,62,49,,81,1093,34,,0,,18,,63,344,,39,14,,23,,26,0,45,,,,36,,14,53,,86,,,15,40,69,42,,,24,,,66,39,48,Block Group 1; Census Tract 135.05; Boulder County; Colorado,,106,10,,,,17,,0,55,,74,,46,49,,,,,,55,,46,71,14,,,0,,,,14,0,14,55,,,,,,,,0,,,,,,0,12,,14,23,,14,,,,,0,,,14,0,0,,,14,,14,0,,,14,60,,,,,,68,,0,,14,13,0,,20,0,,21,14,22,14,,,,40,11,0,,,,46,,16,14,,1500000US080130135051,,
26,16,19,,51,,29,25,,21,40,,,,202,,36,52,36,,252,,,36,,34,30,,,935,,832,,13,26,,,580,405,,19,45,,96,1767,78,,12,,0,,114,959,,110,19,,14,,30,22,179,,,,38,,28,228,,48,,,0,22,17,17,,,14,,,38,29,30,Block Group 2; Census Tract 135.05; Boulder County; Colorado,,14,57,,,,73,,30,0,,49,,19,146,,,,,,28,,131,0,14,,,174,,,,256,0,28,14,,,,,,,,0,,,,,,0,51,,14,69,,14,,,,,27,,,39,0,0,,,14,,14,11,,,18,11,,,,,,17,,57,,63,13,0,,23,73,,21,14,33,70,,,,15,11,51,,,,28,,19,37,,1500000US080130135052,,
10,127,5,,120,,17,81,,7,93,,,,78,,39,78,37,,65,,,58,,70,31,,,840,,872,,40,36,,,210,201,,48,36,,100,1712,98,,25,,84,,74,340,,70,28,,72,,71,15,0,,,,67,,23,14,,60,,,26,0,79,34,,,30,,,14,80,34,Block Group 3; Census Tract 135.05; Boulder County; Colorado,,14,0,,,,14,,0,61,,48,,11,85,,,,,,18,,82,0,14,,,16,,,,25,45,14,101,,,,,,,,0,,,,,,7,13,,11,20,,64,,,,,21,,,25,27,0,,,28,,14,28,,,31,6,,,,,,10,,30,,45,19,13,,96,17,,28,20,89,28,,,,0,23,32,,,,14,,26,38,,1500000US080130135053,,
31,80,32,,74,,24,58,,25,52,,,,52,,8,43,87,,44,,,13,,32,46,,,912,,991,,45,48,,,192,210,,53,39,,27,1903,57,,36,,34,,31,358,,49,30,,28,,38,21,49,,,,47,,36,40,,53,,,59,0,41,16,,,45,,,14,36,24,Block Group 1; Census Tract 135.06; Boulder County; Colorado,,15,11,,,,19,,57,20,,46,,81,77,,,,,,60,,53,9,14,,,33,,,,33,0,47,30,,,,,,,,0,,,,,,49,42,,48,49,,14,,,,,52,,,42,44,0,,,61,,14,51,,,67,0,,,,,,14,,15,,26,111,14,,181,12,,55,23,120,18,,,,30,21,62,,,,44,,23,38,,1500000US080130135061,,
7,56,8,,55,,12,49,,13,42,,,,46,,82,40,58,,41,,,54,,30,34,,,1360,,1433,,104,26,,,256,196,,64,25,,152,2793,148,,9,,50,,60,408,,65,14,,34,,49,7,42,,,,39,,11,38,,81,,,127,114,98,121,,,76,,,68,59,66,Block Group 2; Census Tract 135.06; Boulder County; Colorado,,64,6,,,,12,,45,74,,76,,113,173,,,,,,123,,112,55,14,,,174,,,,107,0,34,68,,,,,,,,0,,,,,,20,57,,23,51,,14,,,,,153,,,103,10,55,,,16,,64,48,,,35,69,,,,,,48,,0,,14,22,37,,71,26,,23,37,46,32,,,,0,41,64,,,,14,,40,44,,1500000US080130135062,,
12,45,5,,9,,11,43,,8,16,,,,64,,105,6,22,,79,,,114,,9,21,,,525,,555,,42,34,,,195,218,,39,34,,24,1080,43,,4,,12,,26,375,,30,10,,16,,12,0,55,,,,21,,14,54,,15,,,44,20,33,41,,,36,,,34,32,44,Block Group 1; Census Tract 135.07; Boulder County; Colorado,,13,0,,,,14,,29,27,,22,,47,10,,,,,,37,,19,10,14,,,76,,,,61,0,28,49,,,,,,,,0,,,,,,12,19,,21,33,,14,,,,,7,,,13,16,0,,,20,,14,36,,,35,19,,,,,,28,,0,,14,18,17,,51,29,,21,30,49,39,,,,0,3,7,,,,14,,8,12,,1500000US080130135071,,
5,84,11,,56,,8,98,,11,73,,,,120,,34,0,5,,109,,,34,,14,8,,,1190,,1131,,156,94,,,280,297,,111,75,,35,2321,59,,12,,8,,36,517,,42,11,,13,,120,124,132,,,,83,,109,87,,18,,,38,78,105,151,,,43,,,79,85,169,Block Group 2; Census Tract 135.07; Boulder County; Colorado,,34,39,,,,38,,16,23,,28,,33,126,,,,,,29,,100,20,36,,,75,,,,50,12,18,28,,,,,,,,26,,,,,,25,11,,22,22,,23,,,,,39,,,51,52,13,,,56,,26,46,,,34,41,,,,,,44,,63,,51,23,32,,58,0,,20,40,60,14,,,,0,14,89,,,,14,,17,62,,1500000US080130135072,,
0,84,0,,70,,14,69,,14,52,,,,33,,71,0,0,,42,,,83,,14,14,,,1322,,1290,,120,88,,,452,354,,105,85,,152,2612,124,,0,,0,,145,711,,102,14,,14,,87,87,120,,,,64,,94,91,,48,,,59,94,77,79,,,51,,,81,54,72,Block Group 1; Census Tract 135.08; Boulder County; Colorado,,50,17,,,,23,,73,69,,48,,137,59,,,,,,103,,72,32,14,,,52,,,,65,0,85,120,,,,,,,,0,,,,,,108,20,,86,33,,14,,,,,104,,,74,24,95,,,28,,139,49,,,61,59,,,,,,49,,0,,14,37,83,,78,77,,37,121,106,80,,,,0,17,29,,,,14,,28,33,,1500000US080130135081,,
48,93,78,,108,,39,68,,49,80,,,,110,,40,71,82,,118,,,49,,54,63,,,1366,,1419,,37,34,,,282,293,,44,39,,74,2785,93,,47,,76,,68,538,,57,33,,59,,18,99,67,,,,31,,59,79,,95,,,52,63,122,51,,,57,,,55,95,48,Block Group 2; Census Tract 135.08; Boulder County; Colorado,,66,0,,,,14,,94,57,,86,,91,103,,,,,,66,,67,107,14,,,61,,,,55,59,67,84,,,,,,,,0,,,,,,47,47,,49,43,,66,,,,,41,,,44,82,21,,,70,,35,9,,,16,52,,,,,,54,,57,,60,36,32,,48,0,,37,56,40,14,,,,0,98,85,,,,14,,66,58,,1500000US080130135082,,
0,0,2,,0,,14,14,,6,14,,,,0,,0,12,0,,14,,,14,,19,14,,,463,,533,,0,57,,,232,253,,14,55,,129,996,74,,3,,0,,114,466,,80,7,,14,,54,55,0,,,,76,,79,14,,0,,,23,80,18,16,,,35,,,83,28,26,Block Group 3; Census Tract 135.08; Boulder County; Colorado,,14,0,,,,14,,34,0,,14,,57,14,,,,,,61,,22,0,14,,,51,,,,57,0,41,14,,,,,,,,0,,,,,,0,45,,14,64,,14,,,,,49,,,55,0,31,,,14,,50,0,,,14,32,,,,,,35,,0,,14,25,0,,26,65,,27,14,30,68,,,,0,32,12,,,,14,,37,21,,1500000US080130135083,,
0,40,11,,21,,14,46,,18,34,,,,54,,27,137,11,,61,,,43,,131,17,,,746,,662,,29,45,,,325,247,,48,42,,26,1408,23,,70,,94,,36,536,,33,95,,101,,0,31,51,,,,14,,42,42,,10,,,82,65,0,0,,,96,,,68,14,14,Block Group 4; Census Tract 135.08; Boulder County; Colorado,,14,9,,,,18,,0,92,,19,,41,0,,,,,,49,,14,0,14,,,79,,,,63,0,14,135,,,,,,,,0,,,,,,14,0,,24,14,,14,,,,,16,,,25,0,0,,,14,,14,0,,,14,22,,,,,,35,,0,,14,28,0,,225,0,,37,14,210,14,,,,0,22,33,,,,14,,34,37,,1500000US080130135084,,
25,10,25,,61,,27,15,,25,69,,,,123,,43,44,29,,128,,,42,,42,26,,,742,,766,,86,76,,,197,208,,54,50,,18,1508,10,,0,,4,,21,357,,17,14,,8,,7,53,54,,,,8,,47,37,,57,,,23,3,58,19,,,23,,,6,41,25,Block Group 1; Census Tract 136.01; Boulder County; Colorado,,55,7,,,,9,,20,0,,38,,13,40,,,,,,20,,53,50,14,,,18,,,,18,17,22,14,,,,,,,,0,,,,,,41,19,,47,22,,27,,,,,61,,,52,40,0,,,36,,14,42,,,38,24,,,,,,24,,0,,14,96,6,,58,0,,44,11,41,14,,,,0,58,70,,,,14,,32,52,,1500000US080130136011,,
10,14,16,,70,,15,17,,25,55,,,,21,,0,22,32,,30,,,14,,33,34,,,752,,677,,22,57,,,196,185,,24,47,,38,1429,2,,14,,0,,42,362,,6,21,,14,,46,33,74,,,,48,,30,49,,40,,,113,0,55,17,,,65,,,14,38,21,Block Group 2; Census Tract 136.01; Boulder County; Colorado,,87,27,,,,24,,9,0,,31,,5,89,,,,,,9,,59,107,14,,,67,,,,69,0,10,14,,,,,,,,0,,,,,,0,43,,14,36,,14,,,,,89,,,79,0,0,,,14,,14,36,,,40,21,,,,,,21,,0,,14,43,0,,21,0,,37,14,32,14,,,,0,62,114,,,,14,,80,85,,1500000US080130136012,,
0,0,12,,0,,14,14,,19,14,,,,0,,0,0,0,,14,,,14,,14,14,,,314,,346,,44,37,,,166,156,,43,42,,14,660,20,,0,,0,,21,269,,21,14,,14,,24,26,25,,,,37,,28,41,,52,,,55,0,59,15,,,38,,,14,48,25,Block Group 3; Census Tract 136.01; Boulder County; Colorado,,14,15,,,,23,,0,0,,50,,18,88,,,,,,27,,73,0,14,,,14,,,,24,0,14,14,,,,,,,,0,,,,,,0,37,,14,54,,14,,,,,41,,,41,0,0,,,14,,14,0,,,14,0,,,,,,14,,0,,14,0,22,,14,0,,14,34,24,14,,,,0,9,19,,,,14,,15,31,,1500000US080130136013,,
0,11,0,,6,,14,17,,14,9,,,,0,,19,9,18,,14,,,25,,11,17,,,477,,378,,19,5,,,188,130,,27,9,,4,855,22,,0,,8,,8,279,,30,14,,9,,0,0,53,,,,14,,14,56,,20,,,22,8,33,0,,,22,,,12,32,14,Block Group 1; Census Tract 136.02; Boulder County; Colorado,,18,91,,,,85,,24,17,,30,,48,4,,,,,,29,,9,16,10,,,63,,,,56,0,26,28,,,,,,,,6,,,,,,12,28,,12,43,,14,,,,,16,,,16,47,0,,,21,,14,18,,,16,24,,,,,,18,,0,,14,61,35,,50,0,,66,39,36,14,,,,0,31,7,,,,14,,13,11,,1500000US080130136021,,
18,13,0,,4,,30,21,,14,8,,,,30,,0,0,0,,33,,,14,,14,14,,,248,,161,,0,27,,,95,79,,14,25,,84,409,7,,0,,0,,61,151,,11,14,,14,,0,0,0,,,,14,,14,14,,0,,,16,0,0,0,,,14,,,14,14,14,Block Group 2; Census Tract 136.02; Boulder County; Colorado,,14,0,,,,14,,47,0,,14,,21,0,,,,,,25,,14,0,14,,,15,,,,18,0,51,14,,,,,,,,0,,,,,,33,0,,43,14,,14,,,,,20,,,24,22,0,,,33,,14,2,,,4,24,,,,,,39,,0,,14,10,5,,0,7,,15,7,14,12,,,,0,2,2,,,,14,,5,5,,1500000US080130136022,,
0,24,0,,39,,14,21,,14,27,,,,0,,0,3,0,,14,,,14,,6,14,,,383,,346,,28,39,,,65,87,,20,21,,20,729,30,,0,,0,,17,137,,21,14,,14,,5,16,30,,,,8,,20,25,,21,,,21,53,39,6,,,21,,,38,33,9,Block Group 1; Census Tract 137.03; Boulder County; Colorado,,22,4,,,,6,,23,15,,21,,50,21,,,,,,33,,20,18,2,,,23,,,,20,0,23,18,,,,,,,,1,,,,,,48,7,,34,12,,14,,,,,12,,,18,0,0,,,14,,14,11,,,16,17,,,,,,17,,0,,14,24,4,,31,3,,24,7,24,6,,,,2,28,13,,,,5,,23,15,,1500000US080130137031,,
5,6,6,,5,,9,7,,8,7,,,,3,,9,7,29,,6,,,11,,9,24,,,236,,326,,36,23,,,102,132,,38,19,,13,562,3,,0,,0,,15,208,,5,14,,14,,1,0,13,,,,3,,14,17,,2,,,7,2,22,0,,,12,,,5,20,14,Block Group 2; Census Tract 137.03; Boulder County; Colorado,,3,2,,,,3,,2,0,,3,,25,3,,,,,,22,,5,2,14,,,2,,,,3,0,6,14,,,,,,,,0,,,,,,10,9,,15,15,,14,,,,,69,,,73,12,0,,,16,,14,0,,,14,2,,,,,,3,,18,,24,83,0,,85,0,,94,14,111,14,,,,0,26,20,,,,14,,21,19,,1500000US080130137032,,
14,11,0,,43,,23,18,,14,42,,,,0,,0,34,60,,14,,,14,,38,46,,,572,,559,,20,34,,,180,183,,33,40,,20,1131,0,,0,,13,,31,332,,14,14,,20,,20,0,53,,,,34,,14,45,,24,,,60,0,42,0,,,67,,,14,59,14,Block Group 1; Census Tract 137.04; Boulder County; Colorado,,14,0,,,,14,,56,0,,29,,47,70,,,,,,44,,90,0,14,,,127,,,,117,16,37,14,,,,,,,,0,,,,,,13,15,,23,26,,26,,,,,52,,,39,12,0,,,20,,14,19,,,31,14,,,,,,24,,39,,46,59,0,,38,0,,56,14,44,14,,,,0,73,33,,,,14,,61,41,,1500000US080130137041,,
68,0,51,,0,,74,14,,70,14,,,,0,,0,43,0,,14,,,14,,49,14,,,310,,216,,18,28,,,163,105,,27,32,,0,526,0,,0,,0,,14,247,,14,14,,14,,0,0,76,,,,14,,14,88,,11,,,17,0,0,0,,,27,,,14,14,14,Block Group 2; Census Tract 137.04; Boulder County; Colorado,,14,0,,,,14,,0,0,,15,,44,16,,,,,,42,,26,0,14,,,31,,,,37,0,14,14,,,,,,,,0,,,,,,0,0,,14,14,,14,,,,,34,,,40,0,13,,,14,,24,0,,,14,15,,,,,,25,,21,,35,28,0,,12,0,,35,14,19,14,,,,0,0,0,,,,14,,14,14,,1500000US080130137042,,
0,63,0,,26,,14,69,,14,39,,,,170,,38,16,0,,84,,,50,,26,14,,,651,,504,,43,20,,,170,252,,46,32,,18,1155,74,,15,,0,,31,369,,68,24,,14,,100,0,0,,,,97,,14,14,,0,,,0,31,0,130,,,14,,,51,14,115,Block Group 3; Census Tract 137.04; Boulder County; Colorado,,65,31,,,,42,,0,0,,14,,0,0,,,,,,14,,14,70,14,,,58,,,,79,0,14,14,,,,,,,,0,,,,,,17,0,,27,14,,14,,,,,12,,,20,42,0,,,46,,14,0,,,14,32,,,,,,40,,0,,14,56,20,,20,0,,54,35,33,14,,,,0,18,35,,,,14,,29,40,,1500000US080130137043,,
0,87,0,,21,,14,79,,14,35,,,,34,,182,34,29,,57,,,168,,36,33,,,953,,1227,,76,43,,,220,368,,56,41,,0,2180,52,,0,,37,,14,499,,45,14,,37,,19,91,201,,,,28,,71,157,,63,,,77,20,253,0,,,56,,,29,216,14,Block Group 4; Census Tract 137.04; Boulder County; Colorado,,45,83,,,,61,,64,0,,81,,52,82,,,,,,37,,66,53,14,,,74,,,,50,0,60,14,,,,,,,,0,,,,,,0,103,,14,80,,14,,,,,35,,,35,46,0,,,71,,14,0,,,14,39,,,,,,36,,22,,38,38,0,,28,0,,44,14,33,14,,,,43,33,66,,,,53,,38,48,,1500000US080130137044,,
0,52,7,,27,,14,37,,11,23,,,,7,,25,0,0,,12,,,28,,14,14,,,321,,312,,16,28,,,104,117,,16,22,,47,633,40,,7,,0,,33,193,,26,11,,14,,8,27,8,,,,11,,26,13,,12,,,13,42,43,14,,,19,,,45,32,23,Block Group 1; Census Tract 137.05; Boulder County; Colorado,,14,0,,,,14,,27,0,,18,,35,8,,,,,,30,,12,0,14,,,0,,,,14,0,27,14,,,,,,,,0,,,,,,26,16,,28,22,,14,,,,,11,,,19,0,0,,,14,,14,9,,,13,26,,,,,,26,,0,,14,18,0,,10,0,,21,14,14,14,,,,0,24,0,,,,14,,24,14,,1500000US080130137051,,
0,40,0,,30,,14,21,,14,24,,,,23,,16,3,0,,27,,,16,,5,14,,,418,,393,,16,25,,,118,119,,19,7,,5,811,15,,0,,0,,8,226,,19,14,,14,,37,0,0,,,,21,,14,14,,13,,,57,33,41,57,,,49,,,40,41,40,Block Group 2; Census Tract 137.05; Boulder County; Colorado,,27,0,,,,14,,29,0,,21,,42,19,,,,,,27,,23,30,14,,,19,,,,24,0,27,14,,,,,,,,0,,,,,,26,0,,24,14,,14,,,,,57,,,35,6,0,,,10,,14,5,,,8,25,,,,,,27,,9,,17,25,0,,20,17,,29,14,22,28,,,,0,54,17,,,,14,,40,18,,1500000US080130137052,,
0,104,13,,22,,14,112,,18,23,,,,53,,0,0,0,,49,,,14,,14,14,,,636,,303,,28,16,,,374,126,,28,23,,0,939,0,,0,,0,,14,425,,14,14,,14,,11,17,20,,,,16,,23,27,,11,,,132,0,35,24,,,161,,,14,31,38,Block Group 3; Census Tract 137.05; Boulder County; Colorado,,10,17,,,,23,,0,0,,16,,70,18,,,,,,68,,25,8,14,,,18,,,,26,0,14,14,,,,,,,,0,,,,,,3,0,,5,14,,14,,,,,55,,,55,0,0,,,14,,14,6,,,9,0,,,,,,14,,0,,14,37,132,,28,34,,30,184,26,53,,,,0,0,27,,,,14,,14,43,,1500000US080130137053,,
0,45,0,,16,,14,36,,14,26,,,,15,,15,21,18,,18,,,24,,22,21,,,553,,604,,36,72,,,134,157,,40,55,,8,1157,80,,18,,9,,15,278,,53,21,,13,,0,20,40,,,,14,,29,33,,0,,,46,0,21,40,,,44,,,14,25,40,Block Group 1; Census Tract 137.06; Boulder County; Colorado,,21,66,,,,56,,22,71,,14,,37,7,,,,,,39,,12,13,14,,,67,,,,72,0,26,82,,,,,,,,0,,,,,,28,61,,27,77,,14,,,,,9,,,15,0,0,,,14,,14,16,,,26,32,,,,,,31,,30,,51,31,0,,43,16,,29,14,35,26,,,,0,61,27,,,,14,,47,33,,1500000US080130137061,,
9,7,8,,25,,14,12,,13,29,,,,0,,0,9,36,,14,,,14,,13,30,,,711,,545,,154,40,,,287,189,,103,51,,50,1256,127,,0,,0,,65,445,,95,14,,14,,92,9,15,,,,106,,14,23,,22,,,16,0,25,66,,,24,,,14,29,52,Block Group 2; Census Tract 137.06; Boulder County; Colorado,,30,14,,,,22,,5,0,,25,,38,98,,,,,,37,,83,25,14,,,17,,,,26,0,10,14,,,,,,,,0,,,,,,22,0,,25,14,,14,,,,,38,,,36,38,0,,,40,,14,27,,,28,11,,,,,,14,,0,,14,132,0,,27,10,,78,14,26,16,,,,0,20,24,,,,14,,23,28,,1500000US080130137062,,
0,9,7,,49,,14,13,,12,66,,,,0,,0,18,0,,14,,,14,,21,14,,,312,,357,,9,5,,,130,152,,15,9,,44,669,39,,7,,0,,41,257,,36,13,,14,,37,39,0,,,,35,,36,14,,11,,,91,0,45,23,,,93,,,14,63,28,Block Group 3; Census Tract 137.06; Boulder County; Colorado,,14,10,,,,17,,40,0,,17,,10,0,,,,,,17,,14,0,14,,,11,,,,19,0,37,14,,,,,,,,0,,,,,,10,0,,16,14,,14,,,,,47,,,44,7,0,,,12,,14,0,,,14,0,,,,,,14,,19,,28,21,0,,18,0,,25,14,22,14,,,,0,16,27,,,,14,,23,38,,1500000US080130137063,,
8,0,8,,0,,13,14,,13,14,,,,0,,0,0,0,,14,,,14,,14,14,,,319,,285,,0,12,,,108,87,,14,20,,12,604,4,,0,,17,,20,173,,6,14,,26,,0,0,100,,,,14,,14,64,,0,,,36,12,42,0,,,39,,,21,41,14,Block Group 4; Census Tract 137.06; Boulder County; Colorado,,25,0,,,,14,,0,13,,14,,39,16,,,,,,39,,24,22,14,,,38,,,,38,0,14,23,,,,,,,,0,,,,,,6,12,,10,22,,14,,,,,93,,,58,0,0,,,14,,14,30,,,34,23,,,,,,26,,24,,39,0,1,,0,0,,14,2,14,14,,,,0,30,6,,,,14,,23,11,,1500000US080130137064,,
0,42,0,,29,,14,39,,14,36,,,,181,,119,0,0,,134,,,128,,14,14,,,423,,456,,92,17,,,165,295,,92,28,,58,879,88,,0,,0,,81,429,,97,14,,14,,18,170,0,,,,29,,181,14,,0,,,0,14,0,16,,,14,,,22,14,28,Block Group 1; Census Tract 606.01; Boulder County; Colorado,,14,0,,,,14,,0,0,,14,,0,0,,,,,,14,,14,0,14,,,0,,,,14,0,14,14,,,,,,,,0,,,,,,0,0,,14,14,,14,,,,,0,,,14,0,0,,,14,,14,18,,,30,0,,,,,,14,,0,,14,0,0,,0,17,,14,14,14,30,,,,0,0,0,,,,14,,14,14,,1500000US080130606011,,
0,260,14,,74,,14,280,,24,71,,,,88,,84,0,14,,88,,,72,,14,22,,,1740,,1540,,72,45,,,450,417,,52,42,,270,3280,286,,0,,0,,139,800,,207,14,,14,,182,45,42,,,,177,,42,51,,170,,,80,153,99,59,,,55,,,100,65,66,Block Group 2; Census Tract 606.01; Boulder County; Colorado,,33,70,,,,69,,67,42,,180,,182,47,,,,,,93,,45,21,55,,,121,,,,76,8,54,58,,,,,,,,49,,,,,,0,26,,14,37,,15,,,,,129,,,79,63,86,,,98,,133,32,,,53,20,,,,,,31,,0,,14,40,8,,19,105,,44,15,32,102,,,,0,27,81,,,,14,,44,70,,1500000US080130606012,,
0,80,19,,101,,14,90,,31,121,,,,218,,124,0,0,,196,,,82,,14,14,,,659,,723,,18,71,,,234,313,,30,84,,65,1382,19,,0,,0,,80,439,,31,14,,14,,0,0,22,,,,14,,14,35,,46,,,98,0,76,35,,,86,,,14,93,58,Block Group 3; Census Tract 606.01; Boulder County; Colorado,,14,20,,,,35,,0,0,,72,,70,0,,,,,,57,,14,0,14,,,0,,,,14,0,14,14,,,,,,,,0,,,,,,18,31,,28,46,,14,,,,,36,,,40,0,0,,,14,,14,0,,,14,0,,,,,,14,,0,,14,19,49,,16,131,,32,55,26,196,,,,0,0,0,,,,14,,14,14,,1500000US080130606013,,
6,6,0,,0,,10,10,,14,14,,,,28,,7,33,6,,45,,,11,,37,9,,,321,,241,,12,6,,,125,119,,14,10,,0,562,0,,6,,0,,14,185,,14,9,,14,,0,0,14,,,,14,,14,17,,0,,,32,6,21,0,,,33,,,10,29,14,Block Group 1; Census Tract 606.02; Boulder County; Colorado,,14,0,,,,14,,14,0,,14,,41,13,,,,,,48,,14,0,14,,,21,,,,20,27,16,14,,,,,,,,0,,,,,,12,16,,14,18,,45,,,,,24,,,29,5,0,,,9,,14,14,,,16,16,,,,,,25,,0,,14,41,21,,74,0,,27,37,60,14,,,,0,7,33,,,,14,,10,34,,1500000US080130606021,,
13,0,3,,6,,23,14,,5,10,,,,0,,5,0,11,,14,,,10,,14,14,,,218,,232,,28,25,,,128,120,,26,24,,0,450,19,,5,,14,,14,231,,22,8,,15,,0,17,36,,,,14,,19,42,,6,,,32,10,30,0,,,42,,,16,39,14,Block Group 1; Census Tract 607; Boulder County; Colorado,,14,41,,,,41,,3,25,,9,,0,0,,,,,,14,,14,0,14,,,37,,,,43,0,5,41,,,,,,,,0,,,,,,0,17,,14,28,,14,,,,,0,,,14,11,16,,,19,,27,6,,,11,6,,,,,,11,,0,,14,9,0,,9,0,,33,14,11,14,,,,0,10,0,,,,14,,16,14,,1500000US080130607001,,
15,5,5,,15,,17,12,,8,18,,,,0,,0,58,37,,14,,,14,,31,33,,,450,,551,,22,20,,,124,149,,23,23,,28,1001,61,,0,,0,,26,212,,33,14,,14,,6,46,44,,,,13,,30,38,,106,,,0,0,8,6,,,14,,,14,14,11,Block Group 2; Census Tract 607; Boulder County; Colorado,,25,37,,,,25,,0,20,,59,,38,35,,,,,,33,,42,21,14,,,23,,,,20,0,14,31,,,,,,,,0,,,,,,0,0,,14,14,,14,,,,,40,,,36,30,0,,,29,,14,25,,,30,26,,,,,,27,,49,,53,17,25,,26,5,,20,30,28,9,,,,0,54,48,,,,14,,60,29,,1500000US080130607002,,
0,9,0,,45,,14,15,,14,41,,,,42,,43,17,19,,36,,,37,,19,18,,,572,,641,,6,7,,,165,152,,12,15,,25,1213,7,,14,,47,,20,296,,12,15,,33,,12,16,21,,,,18,,27,27,,41,,,60,12,56,0,,,49,,,20,48,14,Block Group 3; Census Tract 607; Boulder County; Colorado,,8,37,,,,59,,52,0,,39,,150,23,,,,,,98,,31,4,14,,,129,,,,115,8,37,14,,,,,,,,0,,,,,,39,0,,33,14,,14,,,,,82,,,64,7,0,,,12,,14,0,,,14,17,,,,,,21,,13,,19,18,26,,19,21,,21,29,21,24,,,,11,36,22,,,,16,,35,36,,1500000US080130607003,,
0,0,0,,6,,14,14,,14,10,,,,0,,0,0,0,,14,,,14,,14,14,,,50,,61,,0,0,,,51,48,,14,14,,0,111,0,,0,,0,,14,95,,14,14,,14,,0,0,0,,,,14,,14,14,,0,,,0,0,0,0,,,14,,,14,14,14,Block Group 1; Census Tract 608.01; Boulder County; Colorado,,11,0,,,,14,,0,0,,14,,7,0,,,,,,11,,14,7,14,,,9,,,,15,0,14,14,,,,,,,,0,,,,,,19,8,,29,13,,14,,,,,19,,,18,0,0,,,14,,14,36,,,48,0,,,,,,14,,0,,14,0,0,,0,0,,14,14,14,14,,,,0,0,0,,,,14,,14,14,,1500000US080130608011,,
18,146,0,,65,,28,74,,14,56,,,,106,,197,42,39,,84,,,93,,38,42,,,738,,1091,,26,87,,,162,266,,28,59,,41,1829,59,,6,,6,,46,344,,53,10,,10,,66,60,8,,,,46,,83,12,,40,,,69,34,53,129,,,46,,,37,48,71,Block Group 2; Census Tract 608.01; Boulder County; Colorado,,14,0,,,,14,,18,0,,60,,13,75,,,,,,19,,54,0,24,,,41,,,,32,0,28,14,,,,,,,,14,,,,,,6,44,,11,38,,14,,,,,20,,,23,0,75,,,14,,88,0,,,14,0,,,,,,14,,0,,14,0,48,,67,92,,14,41,47,59,,,,0,8,11,,,,14,,14,17,,1500000US080130608012,,
10,99,11,,104,,17,85,,18,96,,,,96,,172,11,15,,89,,,98,,18,22,,,1098,,868,,121,47,,,325,199,,139,43,,78,1966,11,,9,,19,,65,455,,19,19,,26,,65,44,13,,,,72,,53,20,,6,,,39,90,75,11,,,28,,,97,57,17,Block Group 3; Census Tract 608.01; Boulder County; Colorado,,34,29,,,,45,,24,6,,13,,200,33,,,,,,244,,50,30,14,,,0,,,,14,38,37,13,,,,,,,,0,,,,,,8,0,,13,14,,39,,,,,26,,,21,0,15,,,14,,24,0,,,14,64,,,,,,51,,0,,14,13,83,,67,122,,21,91,48,100,,,,29,11,22,,,,39,,16,25,,1500000US080130608013,,
0,155,0,,30,,14,174,,14,51,,,,22,,86,0,0,,35,,,122,,14,14,,,631,,506,,0,48,,,398,342,,14,54,,22,1137,10,,0,,0,,38,667,,17,14,,14,,0,108,0,,,,14,,164,14,,82,,,65,0,0,0,,,72,,,14,14,14,Block Group 1; Census Tract 608.02; Boulder County; Colorado,,14,0,,,,14,,0,0,,71,,0,159,,,,,,14,,128,0,14,,,50,,,,62,0,14,14,,,,,,,,0,,,,,,0,18,,14,32,,14,,,,,0,,,14,15,0,,,23,,14,118,,,178,0,,,,,,14,,27,,44,34,40,,32,0,,37,66,37,14,,,,0,16,0,,,,14,,26,14,,1500000US080130608021,,
0,19,0,,40,,14,32,,14,44,,,,0,,17,0,0,,14,,,29,,14,14,,,219,,239,,22,4,,,163,105,,34,12,,36,458,31,,0,,0,,41,237,,37,14,,14,,0,10,17,,,,14,,18,28,,0,,,0,0,15,5,,,14,,,14,25,17,Block Group 2; Census Tract 608.02; Boulder County; Colorado,,24,11,,,,31,,0,0,,14,,0,38,,,,,,14,,103,14,39,,,0,,,,14,0,14,14,,,,,,,,24,,,,,,0,0,,14,14,,14,,,,,14,,,23,34,0,,,40,,14,23,,,37,30,,,,,,41,,0,,14,0,0,,39,0,,14,14,31,14,,,,0,15,0,,,,14,,24,14,,1500000US080130608022,,
60,26,18,,99,,85,43,,27,106,,,,120,,116,14,45,,122,,,85,,23,44,,,1379,,934,,117,92,,,469,334,,111,91,,108,2313,141,,15,,0,,111,669,,118,26,,14,,188,14,51,,,,172,,23,49,,97,,,69,0,0,43,,,64,,,14,14,67,Block Group 3; Census Tract 608.02; Boulder County; Colorado,,14,89,,,,129,,80,122,,122,,0,194,,,,,,14,,168,0,55,,,48,,,,59,0,81,154,,,,,,,,29,,,,,,16,23,,24,43,,14,,,,,20,,,32,21,0,,,33,,14,17,,,26,16,,,,,,25,,77,,96,0,0,,34,0,,14,14,38,14,,,,0,80,14,,,,14,,82,23,,1500000US080130608023,,
28,54,15,,108,,25,58,,25,105,,,,44,,24,0,0,,77,,,38,,14,14,,,641,,718,,102,59,,,329,508,,147,89,,39,1359,164,,0,,0,,37,779,,198,14,,14,,0,68,22,,,,14,,101,37,,112,,,17,49,0,21,,,27,,,61,14,33,Block Group 4; Census Tract 608.02; Boulder County; Colorado,,14,151,,,,215,,17,0,,166,,84,0,,,,,,123,,14,0,14,,,0,,,,14,0,28,14,,,,,,,,0,,,,,,39,0,,45,14,,14,,,,,0,,,14,0,92,,,14,,135,0,,,14,16,,,,,,27,,0,,14,17,0,,0,0,,27,14,14,14,,,,0,17,0,,,,14,,29,14,,1500000US080130608024,,
0,44,38,,38,,14,41,,46,36,,,,19,,21,17,16,,33,,,26,,20,18,,,637,,620,,84,38,,,193,164,,89,49,,57,1257,80,,0,,22,,41,321,,55,14,,26,,18,6,81,,,,30,,9,84,,31,,,37,26,95,23,,,37,,,30,85,29,Block Group 1; Census Tract 609; Boulder County; Colorado,,30,17,,,,28,,28,0,,47,,28,48,,,,,,43,,57,14,14,,,80,,,,78,0,33,14,,,,,,,,0,,,,,,45,0,,50,14,,14,,,,,14,,,23,31,0,,,33,,14,0,,,14,0,,,,,,14,,0,,14,36,11,,13,29,,38,19,19,38,,,,0,72,0,,,,14,,92,14,,1500000US080130609001,,
20,82,39,,131,,24,99,,42,105,,,,26,,27,80,14,,42,,,44,,94,22,,,1279,,1578,,219,130,,,257,355,,140,107,,40,2857,71,,27,,11,,36,547,,65,39,,16,,56,109,130,,,,62,,88,83,,128,,,141,134,198,118,,,88,,,111,99,107,Block Group 2; Census Tract 609; Boulder County; Colorado,,26,54,,,,52,,6,0,,92,,117,10,,,,,,70,,15,15,14,,,83,,,,62,0,12,14,,,,,,,,0,,,,,,27,49,,33,59,,14,,,,,78,,,68,28,96,,,32,,103,11,,,19,11,,,,,,26,,53,,77,16,30,,23,24,,20,52,32,39,,,,53,65,77,,,,88,,42,99,,1500000US080130609002,,
0,18,49,,28,,14,24,,60,30,,,,31,,16,0,60,,36,,,27,,14,82,,,346,,764,,18,169,,,212,444,,30,120,,122,1110,25,,0,,0,,158,611,,41,14,,14,,9,109,0,,,,17,,115,14,,63,,,43,0,8,41,,,46,,,14,13,58,Block Group 3; Census Tract 609; Boulder County; Colorado,,14,6,,,,16,,20,16,,88,,0,0,,,,,,14,,14,0,14,,,7,,,,18,7,31,23,,,,,,,,0,,,,,,0,143,,14,140,,11,,,,,22,,,34,1,0,,,5,,14,11,,,24,0,,,,,,14,,0,,14,0,45,,0,0,,14,65,14,14,,,,0,0,23,,,,14,,14,25,,1500000US080130609003,,
9,20,9,,24,,14,19,,14,23,,,,16,,12,3,0,,23,,,18,,4,14,,,688,,581,,69,66,,,181,136,,64,47,,31,1269,17,,0,,3,,27,287,,15,14,,5,,82,18,55,,,,75,,18,37,,20,,,16,19,30,25,,,16,,,21,24,24,Block Group 1; Census Tract 613; Boulder County; Colorado,,6,57,,,,42,,10,17,,22,,98,47,,,,,,51,,33,4,14,,,112,,,,47,47,15,27,,,,,,,,0,,,,,,12,31,,18,27,,40,,,,,67,,,55,10,0,,,15,,14,44,,,47,18,,,,,,18,,0,,14,8,12,,31,53,,14,18,29,57,,,,23,24,0,,,,29,,22,14,,1500000US080130613001,,
0,12,0,,21,,14,14,,14,21,,,,12,,16,31,3,,17,,,21,,25,6,,,1011,,927,,57,82,,,201,153,,32,37,,53,1938,77,,0,,0,,32,306,,35,14,,14,,91,102,77,,,,47,,39,51,,160,,,154,37,91,55,,,64,,,32,62,31,Block Group 2; Census Tract 613; Boulder County; Colorado,,25,100,,,,79,,35,16,,74,,52,168,,,,,,29,,79,46,14,,,99,,,,64,0,39,24,,,,,,,,0,,,,,,11,12,,14,14,,14,,,,,84,,,38,25,0,,,25,,14,0,,,14,33,,,,,,28,,7,,13,39,20,,29,0,,31,22,35,14,,,,3,11,17,,,,6,,17,18,,1500000US080130613002,,
0,29,0,,85,,14,36,,14,50,,,,7,,22,9,18,,14,,,21,,14,19,,,1260,,992,,112,143,,,313,193,,65,84,,42,2252,91,,0,,0,,32,440,,55,14,,14,,169,75,132,,,,79,,41,79,,52,,,165,32,107,99,,,112,,,40,74,74,Block Group 1; Census Tract 614; Boulder County; Colorado,,24,111,,,,124,,25,43,,49,,112,144,,,,,,66,,71,27,21,,,73,,,,53,10,23,33,,,,,,,,13,,,,,,10,9,,16,15,,16,,,,,91,,,52,10,0,,,16,,14,28,,,29,30,,,,,,27,,21,,32,10,30,,46,0,,17,24,43,14,,,,0,10,10,,,,14,,17,16,,1500000US080130614001,,
13,45,12,,42,,19,46,,18,40,,,,70,,0,29,38,,69,,,14,,30,29,,,923,,945,,72,138,,,192,215,,53,88,,46,1868,10,,0,,0,,34,339,,16,14,,14,,28,91,108,,,,33,,101,54,,70,,,56,29,61,0,,,42,,,32,53,14,Block Group 2; Census Tract 614; Boulder County; Colorado,,14,39,,,,32,,14,48,,54,,108,70,,,,,,54,,69,9,14,,,112,,,,55,0,18,44,,,,,,,,0,,,,,,56,71,,38,54,,14,,,,,106,,,61,0,15,,,14,,25,11,,,17,9,,,,,,14,,12,,20,65,31,,60,8,,58,41,60,12,,,,0,32,34,,,,14,,30,27,,1500000US080130614002,,
