Vintage 2024 Prepared March 2025,,,,,,,,,
id,idtxt,countyfips,year,estimate,change,births,deaths,netmig,datatype
1,0001970,0,1970,2224610,58710,40348,17274,35636,Estimate
2,0001971,0,1971,2284660,60050,40937,17680,36793,Estimate
3,0001972,0,1972,2378318,93660,39485,17890,72065,Estimate
4,0001973,0,1973,2489591,111276,38563,18258,90971,Estimate
5,0001974,0,1974,2543764,54173,38791,18254,33636,Estimate
6,0001975,0,1975,2576902,33138,39606,17637,11169,Estimate
7,0001976,0,1976,2618311,41409,40576,17700,18533,Estimate
8,0001977,0,1977,2676220,57909,42031,17934,33812,Estimate
9,0001978,0,1978,2766084,89864,43573,18114,64405,Estimate
10,0001979,0,1979,2850234,84150,45637,18380,56893,Estimate
11,0001980,0,1980,2908036,57802,48463,18685,28024,Estimate
12,0001981,0,1981,2980340,72301,50919,19153,40535,Estimate
13,0001982,0,1982,3064868,84522,53457,19512,50577,Estimate
14,0001983,0,1983,3137512,72639,54726,19599,37512,Estimate
15,0001984,0,1984,3174844,37323,54498,19957,2782,Estimate
16,0001985,0,1985,3214448,39596,54734,20310,5172,Estimate
17,0001986,0,1986,3243803,29351,55139,20518,-5270,Estimate
18,0001987,0,1987,3263354,19551,54490,20942,-13997,Estimate
19,0001988,0,1988,3271448,8094,53589,21215,-24280,Estimate
20,0001989,0,1989,3284537,13089,53040,21199,-18752,Estimate
21,0001990,0,1990,3303377,18840,53107,21303,-12964,Estimate
22,0001991,0,1991,3380938,77561,53530,22094,46125,Estimate
23,0001992,0,1992,3489860,108922,54545,22428,76805,Estimate
24,0001993,0,1993,3605050,115190,54100,23171,84261,Estimate
25,0001994,0,1994,3712085,107035,53787,23829,77077,Estimate
26,0001995,0,1995,3811078,98993,53863,24695,69825,Estimate
27,0001996,0,1996,3902506,91428,54974,25073,61527,Estimate
28,0001997,0,1997,3995955,93449,56305,25876,63020,Estimate
29,0001998,0,1998,4102500,106545,57736,26293,75102,Estimate
30,0001999,0,1999,4216006,113506,60718,26531,79319,Estimate
31,0002000,0,2000,4338785,122779,63917,26998,85860,Estimate
32,0002001,0,2001,4444513,105728,66525,27934,67137,Estimate
33,0002002,0,2002,4504709,60196,67778,28833,21251,Estimate
34,0002003,0,2003,4555084,50375,69012,28950,10313,Estimate
35,0002004,0,2004,4608811,53727,68452,29025,14300,Estimate
36,0002005,0,2005,4662534,53723,69031,29087,13779,Estimate
37,0002006,0,2006,4745660,83126,69538,29308,42896,Estimate
38,0002007,0,2007,4821784,76124,70777,29653,35000,Estimate
39,0002008,0,2008,4901938,80154,70733,31048,40469,Estimate
40,0002009,0,2009,4976853,74915,69135,30487,36267,Estimate
41,0002010,0,2010,5050332,73479,67306,31396,37569,Estimate
42,0002011,0,2011,5123550,73218,65923,32017,39312,Estimate
43,0002012,0,2012,5194662,71112,64733,32764,39143,Estimate
44,0002013,0,2013,5270884,76222,64737,33624,45109,Estimate
45,0002014,0,2014,5347654,76770,65711,34003,45062,Estimate
46,0002015,0,2015,5446593,98939,66339,36244,68844,Estimate
47,0002016,0,2016,5529629,83036,66561,36820,53295,Estimate
48,0002017,0,2017,5599589,69960,65312,37747,42395,Estimate
49,0002018,0,2018,5676913,77324,63782,38219,51761,Estimate
50,0002019,0,2019,5734909,57996,62484,38645,34157,Estimate
51,0002020,0,2020,5786877,51968,62809,42149,31308,Estimate
52,0002021,0,2021,5813551,26674,61980,46550,11244,Estimate
53,0002022,0,2022,5850121,36570,62493,49740,23817,Estimate
54,0002023,0,2023,5900420,50299,62166,45237,33370,Estimate
55,0002024,0,2024,5956729,56309,62399,44950,38860,Estimate
56,0002025,0,2025,5989880,33151,62352,42769,13568,Projection
57,0002026,0,2026,6024961,35080,62664,43238,15654,Projection
58,0002027,0,2027,6069891,44930,63043,44067,25954,Projection
59,0002028,0,2028,6118744,48853,63331,44998,30521,Projection
60,0002029,0,2029,6170934,52190,63579,45991,34602,Projection
61,0002030,0,2030,6227441,56507,63942,47024,39589,Projection
62,0002031,0,2031,6288046,60606,64359,48111,44358,Projection
63,0002032,0,2032,6351410,63364,64665,49242,47941,Projection
64,0002033,0,2033,6413452,62042,65019,50405,47428,Projection
65,0002034,0,2034,6473975,60523,65377,51572,46719,Projection
66,0002035,0,2035,6532802,58827,65701,52740,45866,Projection
67,0002036,0,2036,6589822,57020,65997,53905,44927,Projection
68,0002037,0,2037,6645256,55434,66212,55050,44272,Projection
69,0002038,0,2038,6698919,53663,66374,56167,43456,Projection
70,0002039,0,2039,6750646,51727,66447,57256,42536,Projection
71,0002040,0,2040,6799893,49248,66449,58298,41097,Projection
72,0002041,0,2041,6846667,46774,66379,59287,39682,Projection
73,0002042,0,2042,6893077,46410,66210,60225,40425,Projection
74,0002043,0,2043,6937810,44733,66034,61122,39822,Projection
75,0002044,0,2044,6981577,43767,65792,61965,39940,Projection
76,0002045,0,2045,7024435,42858,65530,62729,40057,Projection
77,0002046,0,2046,7066059,41624,65247,63420,39797,Projection
78,0002047,0,2047,7106469,40411,64934,64090,39566,Projection
79,0002048,0,2048,7145726,39257,64625,64757,39389,Projection
80,0002049,0,2049,7184436,38710,64314,65306,39703,Projection
81,0002050,0,2050,7221772,37336,64032,65783,39086,Projection
82,0002051,0,2051,7258368,36596,63736,66226,39086,Projection
83,0002052,0,2052,7294418,36050,63604,66639,39085,Projection
84,0002053,0,2053,7329953,35534,63493,67043,39084,Projection
85,0002054,0,2054,7364960,35007,63406,67432,39033,Projection
86,0002055,0,2055,7399493,34533,63344,67818,39007,Projection
87,0002056,0,2056,7433561,34068,63301,68214,38981,Projection
88,0002057,0,2057,7467161,33600,63276,68607,38931,Projection
89,0002058,0,2058,7500285,33124,63265,69021,38880,Projection
90,0002059,0,2059,7532952,32667,63268,69429,38828,Projection
91,0002060,0,2060,7565154,32202,63281,69857,38778,Projection
92,0011970,1,1970,187058,6058,3608,835,3285,Estimate
93,0011971,1,1971,192134,5076,3705,881,2252,Estimate
94,0011972,1,1972,201659,9525,3578,942,6889,Estimate
95,0011973,1,1973,211148,9489,3629,1019,6879,Estimate
96,0011974,1,1974,214619,3471,3756,1038,753,Estimate
97,0011975,1,1975,216880,2261,3908,1061,-586,Estimate
98,0011976,1,1976,222739,5859,4087,1063,2835,Estimate
99,0011977,1,1977,226135,3396,4238,1072,230,Estimate
100,0011978,1,1978,239634,13499,4375,1114,10238,Estimate
101,0011979,1,1979,246063,6429,4504,1179,3104,Estimate
102,0011980,1,1980,247377,1314,4681,1251,-2116,Estimate
103,0011981,1,1981,253031,5654,4827,1273,2100,Estimate
104,0011982,1,1982,260136,7105,5098,1294,3301,Estimate
105,0011983,1,1983,267245,7109,5266,1299,3142,Estimate
106,0011984,1,1984,265770,-1475,5156,1341,-5290,Estimate
107,0011985,1,1985,268764,2994,5153,1352,-807,Estimate
108,0011986,1,1986,268643,-121,5156,1365,-3912,Estimate
109,0011987,1,1987,269323,680,5080,1483,-2917,Estimate
110,0011988,1,1988,269019,-304,5041,1513,-3832,Estimate
111,0011989,1,1989,266771,-2248,4901,1458,-5691,Estimate
112,0011990,1,1990,266205,-566,4792,1495,-3863,Estimate
113,0011991,1,1991,273620,7415,4940,1639,4114,Estimate
114,0011992,1,1992,281386,7766,5005,1619,4380,Estimate
115,0011993,1,1993,290782,9396,5034,1693,6055,Estimate
116,0011994,1,1994,300793,10011,4906,1800,6905,Estimate
117,0011995,1,1995,312587,11794,5063,1781,8512,Estimate
118,0011996,1,1996,323039,10452,5251,1844,7045,Estimate
119,0011997,1,1997,332750,9711,5480,1872,6103,Estimate
120,0011998,1,1998,344025,11275,5846,2053,7482,Estimate
121,0011999,1,1999,355309,11284,6155,2081,7210,Estimate
122,0012000,1,2000,351734,-3575,6869,2115,-8329,Estimate
123,0012001,1,2001,359437,7703,6918,2223,3008,Estimate
124,0012002,1,2002,371181,11744,7269,2213,6688,Estimate
125,0012003,1,2003,377665,6484,7393,2283,1374,Estimate
126,0012004,1,2004,385945,8280,7429,2216,3067,Estimate
127,0012005,1,2005,395384,9439,7560,2357,4236,Estimate
128,0012006,1,2006,407587,12203,7733,2241,6711,Estimate
129,0012007,1,2007,415915,8328,7841,2279,2766,Estimate
130,0012008,1,2008,425138,9223,7925,2448,3746,Estimate
131,0012009,1,2009,436323,11185,7699,2359,5845,Estimate
132,0012010,1,2010,443711,7388,7436,2474,2426,Estimate
133,0012011,1,2011,452181,8470,7247,2467,3690,Estimate
134,0012012,1,2012,460468,8287,6923,2754,4118,Estimate
135,0012013,1,2013,469878,9410,7171,2798,5037,Estimate
136,0012014,1,2014,479901,10023,7044,2711,5690,Estimate
137,0012015,1,2015,490351,10450,7361,2962,6051,Estimate
138,0012016,1,2016,497822,7471,7171,2942,3242,Estimate
139,0012017,1,2017,503706,5884,7167,3113,1830,Estimate
140,0012018,1,2018,511422,7716,6916,3128,3928,Estimate
141,0012019,1,2019,516481,5059,6719,3170,1510,Estimate
142,0012020,1,2020,520489,4008,6805,3402,605,Estimate
143,0012021,1,2021,523505,3016,6644,3958,330,Estimate
144,0012022,1,2022,528201,4696,6838,4299,2157,Estimate
145,0012023,1,2023,535901,7700,6905,3611,4406,Estimate
146,0012024,1,2024,543760,7859,7008,3624,4475,Estimate
147,0012025,1,2025,548596,4836,7095,3708,1449,Projection
148,0012026,1,2026,553633,5037,7150,3783,1670,Projection
149,0012027,1,2027,559452,5819,7273,3885,2431,Projection
150,0012028,1,2028,565753,6300,7335,3989,2955,Projection
151,0012029,1,2029,572635,6882,7394,4096,3584,Projection
152,0012030,1,2030,580091,7456,7454,4205,4207,Projection
153,0012031,1,2031,587562,7471,7492,4318,4297,Projection
154,0012032,1,2032,595363,7801,7499,4433,4734,Projection
155,0012033,1,2033,603066,7703,7509,4551,4745,Projection
156,0012034,1,2034,610479,7413,7507,4670,4576,Projection
157,0012035,1,2035,617749,7270,7499,4789,4560,Projection
158,0012036,1,2036,624868,7119,7480,4908,4547,Projection
159,0012037,1,2037,631835,6966,7452,5025,4539,Projection
160,0012038,1,2038,638620,6785,7416,5141,4510,Projection
161,0012039,1,2039,645233,6614,7375,5254,4492,Projection
162,0012040,1,2040,651678,6444,7334,5365,4475,Projection
163,0012041,1,2041,657953,6275,7294,5471,4452,Projection
164,0012042,1,2042,664270,6318,7249,5574,4643,Projection
165,0012043,1,2043,670424,6154,7214,5676,4616,Projection
166,0012044,1,2044,676526,6101,7185,5772,4688,Projection
167,0012045,1,2045,682588,6062,7164,5864,4763,Projection
168,0012046,1,2046,688566,5978,7145,5952,4785,Projection
169,0012047,1,2047,694508,5943,7130,6039,4852,Projection
170,0012048,1,2048,700413,5905,7118,6125,4912,Projection
171,0012049,1,2049,706337,5924,7108,6205,5021,Projection
172,0012050,1,2050,712139,5802,7102,6281,4981,Projection
173,0012051,1,2051,717862,5723,7096,6353,4981,Projection
174,0012052,1,2052,723533,5671,7115,6425,4981,Projection
175,0012053,1,2053,729151,5617,7133,6497,4981,Projection
176,0012054,1,2054,734713,5562,7149,6568,4981,Projection
177,0012055,1,2055,740218,5505,7165,6640,4981,Projection
178,0012056,1,2056,745663,5445,7178,6714,4981,Projection
179,0012057,1,2057,751044,5381,7190,6790,4981,Projection
180,0012058,1,2058,756356,5312,7198,6867,4981,Projection
181,0012059,1,2059,761593,5237,7203,6946,4981,Projection
182,0012060,1,2060,766750,5157,7204,7028,4981,Projection
183,0031970,3,1970,11484,484,218,76,342,Estimate
184,0031971,3,1971,11731,247,207,80,120,Estimate
185,0031972,3,1972,12104,373,204,87,256,Estimate
186,0031973,3,1973,11538,-566,209,86,-689,Estimate
187,0031974,3,1974,11511,-27,204,88,-143,Estimate
188,0031975,3,1975,11658,147,208,81,20,Estimate
189,0031976,3,1976,11611,-47,203,68,-182,Estimate
190,0031977,3,1977,11338,-273,203,78,-398,Estimate
191,0031978,3,1978,11572,234,216,85,103,Estimate
192,0031979,3,1979,11623,51,212,72,-89,Estimate
193,0031980,3,1980,11877,254,217,69,106,Estimate
194,0031981,3,1981,12184,307,242,74,139,Estimate
195,0031982,3,1982,12258,74,252,81,-97,Estimate
196,0031983,3,1983,12643,385,251,86,220,Estimate
197,0031984,3,1984,12928,285,252,91,124,Estimate
198,0031985,3,1985,13011,83,255,87,-85,Estimate
199,0031986,3,1986,13336,325,252,82,155,Estimate
200,0031987,3,1987,13427,91,260,87,-82,Estimate
201,0031988,3,1988,13715,288,269,95,114,Estimate
202,0031989,3,1989,13660,-55,249,101,-203,Estimate
203,0031990,3,1990,13597,-63,250,97,-216,Estimate
204,0031991,3,1991,13641,44,273,95,-134,Estimate
205,0031992,3,1992,13572,-69,273,84,-258,Estimate
206,0031993,3,1993,13656,84,228,98,-46,Estimate
207,0031994,3,1994,13826,170,218,98,50,Estimate
208,0031995,3,1995,14103,277,230,126,173,Estimate
209,0031996,3,1996,14319,216,236,119,99,Estimate
210,0031997,3,1997,14478,159,235,124,48,Estimate
211,0031998,3,1998,14621,143,242,100,1,Estimate
212,0031999,3,1999,14825,204,203,114,115,Estimate
213,0032000,3,2000,15097,272,231,106,147,Estimate
214,0032001,3,2001,15231,134,249,113,-2,Estimate
215,0032002,3,2002,15266,35,227,116,-76,Estimate
216,0032003,3,2003,15360,94,220,131,5,Estimate
217,0032004,3,2004,15406,46,271,101,-124,Estimate
218,0032005,3,2005,15395,-11,260,115,-156,Estimate
219,0032006,3,2006,15350,-45,227,93,-179,Estimate
220,0032007,3,2007,15293,-57,263,114,-206,Estimate
221,0032008,3,2008,15346,53,258,109,-96,Estimate
222,0032009,3,2009,15301,-45,272,89,-228,Estimate
223,0032010,3,2010,15474,173,250,127,50,Estimate
224,0032011,3,2011,15528,54,234,131,-49,Estimate
225,0032012,3,2012,15604,76,208,118,-14,Estimate
226,0032013,3,2013,15709,105,223,146,28,Estimate
227,0032014,3,2014,15788,79,240,126,-35,Estimate
228,0032015,3,2015,15885,97,215,128,10,Estimate
229,0032016,3,2016,15936,51,200,141,-8,Estimate
230,0032017,3,2017,16053,117,197,157,77,Estimate
231,0032018,3,2018,16184,131,200,138,69,Estimate
232,0032019,3,2019,16247,63,192,144,15,Estimate
233,0032020,3,2020,16373,126,187,159,98,Estimate
234,0032021,3,2021,16577,204,188,162,178,Estimate
235,0032022,3,2022,16593,16,197,207,26,Estimate
236,0032023,3,2023,16650,57,182,170,45,Estimate
237,0032024,3,2024,16632,-18,173,169,-22,Estimate
238,0032025,3,2025,16626,-6,176,153,-29,Projection
239,0032026,3,2026,16619,-7,173,154,-26,Projection
240,0032027,3,2027,16648,29,171,156,14,Projection
241,0032028,3,2028,16679,32,171,158,19,Projection
242,0032029,3,2029,16713,34,171,161,23,Projection
243,0032030,3,2030,16749,36,172,163,27,Projection
244,0032031,3,2031,16788,40,173,166,32,Projection
245,0032032,3,2032,16830,42,174,168,36,Projection
246,0032033,3,2033,16870,40,176,171,35,Projection
247,0032034,3,2034,16910,40,178,174,36,Projection
248,0032035,3,2035,16950,40,179,176,37,Projection
249,0032036,3,2036,16990,40,181,179,37,Projection
250,0032037,3,2037,17030,40,182,181,39,Projection
251,0032038,3,2038,17070,40,183,183,40,Projection
252,0032039,3,2039,17108,38,184,185,39,Projection
253,0032040,3,2040,17145,36,184,187,39,Projection
254,0032041,3,2041,17179,34,184,188,38,Projection
255,0032042,3,2042,17212,34,184,189,40,Projection
256,0032043,3,2043,17244,32,183,190,40,Projection
257,0032044,3,2044,17275,30,182,191,40,Projection
258,0032045,3,2045,17304,29,181,192,40,Projection
259,0032046,3,2046,17331,27,179,192,40,Projection
260,0032047,3,2047,17358,27,177,192,42,Projection
261,0032048,3,2048,17385,27,176,191,43,Projection
262,0032049,3,2049,17411,26,174,191,43,Projection
263,0032050,3,2050,17436,25,172,190,43,Projection
264,0032051,3,2051,17460,24,170,190,43,Projection
265,0032052,3,2052,17483,24,169,189,43,Projection
266,0032053,3,2053,17507,24,168,188,43,Projection
267,0032054,3,2054,17531,24,168,187,43,Projection
268,0032055,3,2055,17555,24,167,186,43,Projection
269,0032056,3,2056,17579,24,167,185,43,Projection
270,0032057,3,2057,17605,25,166,184,43,Projection
271,0032058,3,2058,17630,25,166,184,43,Projection
272,0032059,3,2059,17655,25,166,184,43,Projection
273,0032060,3,2060,17681,25,166,184,43,Projection
274,0051970,5,1970,163683,5683,2645,858,3896,Estimate
275,0051971,5,1971,169845,6162,2677,884,4369,Estimate
276,0051972,5,1972,182615,12770,2633,932,11069,Estimate
277,0051973,5,1973,198369,15754,2679,963,14038,Estimate
278,0051974,5,1974,208669,10300,2829,998,8469,Estimate
279,0051975,5,1975,218016,9347,3107,1007,7247,Estimate
280,0051976,5,1976,228736,10720,3337,1013,8396,Estimate
281,0051977,5,1977,240684,11948,3552,1039,9435,Estimate
282,0051978,5,1978,261140,20456,3847,1128,17737,Estimate
283,0051979,5,1979,278439,17299,4201,1213,14311,Estimate
284,0051980,5,1980,297761,19322,4692,1278,15908,Estimate
285,0051981,5,1981,315543,17782,5089,1364,14057,Estimate
286,0051982,5,1982,334909,19366,5505,1431,15292,Estimate
287,0051983,5,1983,349463,14554,5790,1477,10241,Estimate
288,0051984,5,1984,367287,17824,5948,1508,13384,Estimate
289,0051985,5,1985,381244,13957,6276,1565,9246,Estimate
290,0051986,5,1986,387244,6000,6436,1648,1212,Estimate
291,0051987,5,1987,388687,1443,6342,1679,-3220,Estimate
292,0051988,5,1988,386723,-1964,6269,1694,-6539,Estimate
293,0051989,5,1989,389502,2779,6235,1718,-1738,Estimate
294,0051990,5,1990,393708,4206,6182,1771,-205,Estimate
295,0051991,5,1991,403200,9492,6404,1909,4997,Estimate
296,0051992,5,1992,417678,14478,6551,1970,9897,Estimate
297,0051993,5,1993,427474,9796,6407,2036,5425,Estimate
298,0051994,5,1994,436413,8939,6250,2223,4912,Estimate
299,0051995,5,1995,442542,6129,6231,2289,2187,Estimate
300,0051996,5,1996,451067,8525,6343,2281,4463,Estimate
301,0051997,5,1997,459061,7994,6166,2475,4303,Estimate
302,0051998,5,1998,472406,13345,6504,2534,9375,Estimate
303,0051999,5,1999,481307,8901,6905,2641,4637,Estimate
304,0052000,5,2000,490722,9415,7111,2711,5015,Estimate
305,0052001,5,2001,501671,10949,7526,2909,6332,Estimate
306,0052002,5,2002,510503,8832,7553,2932,4211,Estimate
307,0052003,5,2003,516354,5851,8031,2914,734,Estimate
308,0052004,5,2004,523715,7361,8013,2884,2232,Estimate
309,0052005,5,2005,528214,4499,8088,3014,-575,Estimate
310,0052006,5,2006,536051,7837,8036,2934,2735,Estimate
311,0052007,5,2007,545882,9831,8233,3118,4716,Estimate
312,0052008,5,2008,556246,10364,8292,3207,5279,Estimate
313,0052009,5,2009,566480,10234,8124,3182,5292,Estimate
314,0052010,5,2010,574819,8339,7981,3295,3653,Estimate
315,0052011,5,2011,585817,10998,7707,3422,6713,Estimate
316,0052012,5,2012,596228,10411,7747,3382,6046,Estimate
317,0052013,5,2013,607861,11633,7821,3555,7367,Estimate
318,0052014,5,2014,618310,10449,7906,3487,6030,Estimate
319,0052015,5,2015,629965,11655,8130,3750,7275,Estimate
320,0052016,5,2016,637656,7691,8094,3925,3522,Estimate
321,0052017,5,2017,642976,5320,7855,3957,1422,Estimate
322,0052018,5,2018,650167,7191,7687,3973,3477,Estimate
323,0052019,5,2019,653807,3640,7548,3974,66,Estimate
324,0052020,5,2020,655288,1481,7580,4616,-1483,Estimate
325,0052021,5,2021,656858,1570,7551,4737,-1244,Estimate
326,0052022,5,2022,658069,1211,7620,5088,-1321,Estimate
327,0052023,5,2023,661564,3495,7619,4828,704,Estimate
328,0052024,5,2024,666557,4993,7652,4779,2120,Estimate
329,0052025,5,2025,667885,1328,7511,4299,-1884,Projection
330,0052026,5,2026,669582,1696,7521,4307,-1517,Projection
331,0052027,5,2027,674596,5014,7523,4352,1843,Projection
332,0052028,5,2028,680490,5894,7572,4439,2761,Projection
333,0052029,5,2029,686297,5807,7631,4540,2716,Projection
334,0052030,5,2030,692570,6274,7694,4646,3225,Projection
335,0052031,5,2031,699464,6894,7792,4757,3859,Projection
336,0052032,5,2032,706735,7271,7868,4871,4275,Projection
337,0052033,5,2033,713988,7253,7961,4988,4279,Projection
338,0052034,5,2034,721242,7254,8057,5105,4302,Projection
339,0052035,5,2035,728427,7185,8150,5222,4257,Projection
340,0052036,5,2036,735626,7199,8239,5339,4299,Projection
341,0052037,5,2037,742846,7220,8323,5454,4352,Projection
342,0052038,5,2038,750057,7211,8400,5566,4376,Projection
343,0052039,5,2039,757101,7044,8469,5674,4250,Projection
344,0052040,5,2040,763856,6754,8523,5780,4011,Projection
345,0052041,5,2041,770319,6463,8564,5879,3777,Projection
346,0052042,5,2042,776616,6297,8597,5972,3671,Projection
347,0052043,5,2043,782766,6151,8623,6059,3587,Projection
348,0052044,5,2044,788869,6103,8636,6141,3607,Projection
349,0052045,5,2045,794906,6037,8639,6216,3615,Projection
350,0052046,5,2046,800836,5929,8631,6284,3582,Projection
351,0052047,5,2047,806705,5869,8614,6350,3605,Projection
352,0052048,5,2048,812507,5802,8591,6414,3625,Projection
353,0052049,5,2049,818275,5769,8565,6468,3671,Projection
354,0052050,5,2050,823938,5663,8541,6513,3636,Projection
355,0052051,5,2051,829537,5598,8518,6556,3636,Projection
356,0052052,5,2052,835097,5560,8519,6594,3636,Projection
357,0052053,5,2053,840623,5525,8522,6633,3636,Projection
358,0052054,5,2054,846119,5496,8530,6670,3636,Projection
359,0052055,5,2055,851589,5470,8543,6709,3636,Projection
360,0052056,5,2056,857038,5450,8562,6748,3636,Projection
361,0052057,5,2057,862474,5436,8586,6786,3636,Projection
362,0052058,5,2058,867900,5426,8615,6825,3636,Projection
363,0052059,5,2059,873323,5423,8650,6864,3636,Projection
364,0052060,5,2060,878743,5420,8689,6905,3636,Projection
365,0071970,7,1970,2698,-342,57,19,-380,Estimate
366,0071971,7,1971,2556,-142,58,18,-182,Estimate
367,0071972,7,1972,2540,-16,68,19,-65,Estimate
368,0071973,7,1973,2945,405,61,19,363,Estimate
369,0071974,7,1974,3149,204,51,21,174,Estimate
370,0071975,7,1975,3390,241,54,26,213,Estimate
371,0071976,7,1976,3439,49,59,24,14,Estimate
372,0071977,7,1977,3604,165,65,18,118,Estimate
373,0071978,7,1978,3684,80,75,17,22,Estimate
374,0071979,7,1979,3857,173,74,23,122,Estimate
375,0071980,7,1980,3734,-123,70,25,-168,Estimate
376,0071981,7,1981,4012,278,77,27,228,Estimate
377,0071982,7,1982,4196,184,82,33,135,Estimate
378,0071983,7,1983,4989,793,89,33,737,Estimate
379,0071984,7,1984,4981,-8,100,27,-81,Estimate
380,0071985,7,1985,5213,232,105,22,149,Estimate
381,0071986,7,1986,5335,122,99,31,54,Estimate
382,0071987,7,1987,5265,-70,92,35,-127,Estimate
383,0071988,7,1988,5004,-261,90,36,-315,Estimate
384,0071989,7,1989,5196,192,88,39,143,Estimate
385,0071990,7,1990,5378,182,85,33,130,Estimate
386,0071991,7,1991,5624,246,73,36,209,Estimate
387,0071992,7,1992,5888,264,70,25,219,Estimate
388,0071993,7,1993,6183,295,62,35,268,Estimate
389,0071994,7,1994,6538,355,77,34,312,Estimate
390,0071995,7,1995,7110,572,61,36,547,Estimate
391,0071996,7,1996,7929,819,77,36,778,Estimate
392,0071997,7,1997,8528,599,99,48,548,Estimate
393,0071998,7,1998,9133,605,84,41,562,Estimate
394,0071999,7,1999,9570,437,106,56,387,Estimate
395,0072000,7,2000,10042,472,104,56,424,Estimate
396,0072001,7,2001,10465,423,112,60,371,Estimate
397,0072002,7,2002,10700,235,126,58,167,Estimate
398,0072003,7,2003,10964,264,118,57,203,Estimate
399,0072004,7,2004,11171,207,129,64,142,Estimate
400,0072005,7,2005,11402,231,109,62,184,Estimate
401,0072006,7,2006,11798,396,105,62,353,Estimate
402,0072007,7,2007,12108,310,150,78,238,Estimate
403,0072008,7,2008,12074,-34,130,76,-88,Estimate
404,0072009,7,2009,11899,-175,111,94,-192,Estimate
405,0072010,7,2010,12060,161,108,63,116,Estimate
406,0072011,7,2011,11955,-105,137,82,-160,Estimate
407,0072012,7,2012,11990,35,116,72,-9,Estimate
408,0072013,7,2013,11995,5,106,92,-9,Estimate
409,0072014,7,2014,11931,-64,109,94,-79,Estimate
410,0072015,7,2015,12009,78,118,101,61,Estimate
411,0072016,7,2016,12362,353,117,91,327,Estimate
412,0072017,7,2017,12758,396,136,107,367,Estimate
413,0072018,7,2018,13034,276,118,105,263,Estimate
414,0072019,7,2019,13194,160,106,104,158,Estimate
415,0072020,7,2020,13429,235,102,110,243,Estimate
416,0072021,7,2021,13815,386,118,122,390,Estimate
417,0072022,7,2022,13993,178,104,152,226,Estimate
418,0072023,7,2023,14182,189,98,150,241,Estimate
419,0072024,7,2024,14137,-45,94,139,0,Estimate
420,0072025,7,2025,14092,-45,97,132,-10,Projection
421,0072026,7,2026,14047,-45,97,133,-9,Projection
422,0072027,7,2027,14077,30,96,135,68,Projection
423,0072028,7,2028,14131,54,96,137,95,Projection
424,0072029,7,2029,14212,81,96,140,125,Projection
425,0072030,7,2030,14323,110,97,143,157,Projection
426,0072031,7,2031,14467,145,97,146,194,Projection
427,0072032,7,2032,14638,171,97,149,222,Projection
428,0072033,7,2033,14803,165,98,153,220,Projection
429,0072034,7,2034,14966,163,98,156,222,Projection
430,0072035,7,2035,15125,159,98,160,221,Projection
431,0072036,7,2036,15278,153,99,164,217,Projection
432,0072037,7,2037,15432,154,99,167,222,Projection
433,0072038,7,2038,15581,149,99,170,220,Projection
434,0072039,7,2039,15731,150,99,173,223,Projection
435,0072040,7,2040,15878,146,99,176,222,Projection
436,0072041,7,2041,16021,144,99,178,222,Projection
437,0072042,7,2042,16172,150,99,180,231,Projection
438,0072043,7,2043,16316,144,99,183,228,Projection
439,0072044,7,2044,16460,144,99,185,229,Projection
440,0072045,7,2045,16601,141,99,187,229,Projection
441,0072046,7,2046,16738,137,98,188,227,Projection
442,0072047,7,2047,16874,137,98,190,229,Projection
443,0072048,7,2048,17011,137,98,192,231,Projection
444,0072049,7,2049,17148,137,98,194,233,Projection
445,0072050,7,2050,17280,132,98,195,229,Projection
446,0072051,7,2051,17411,131,98,196,229,Projection
447,0072052,7,2052,17540,130,98,197,229,Projection
448,0072053,7,2053,17669,129,98,199,229,Projection
449,0072054,7,2054,17796,127,98,200,229,Projection
450,0072055,7,2055,17922,126,99,202,229,Projection
451,0072056,7,2056,18047,125,99,203,229,Projection
452,0072057,7,2057,18172,125,99,204,229,Projection
453,0072058,7,2058,18296,124,100,205,229,Projection
454,0072059,7,2059,18419,123,100,206,229,Projection
455,0072060,7,2060,18542,122,101,208,229,Projection
456,0091970,9,1970,5653,-167,91,68,-190,Estimate
457,0091971,9,1971,5567,-86,87,68,-105,Estimate
458,0091972,9,1972,5675,108,93,67,82,Estimate
459,0091973,9,1973,5630,-45,90,69,-66,Estimate
460,0091974,9,1974,5520,-110,83,61,-132,Estimate
461,0091975,9,1975,5625,105,95,54,64,Estimate
462,0091976,9,1976,5694,69,101,54,22,Estimate
463,0091977,9,1977,5527,-167,99,52,-214,Estimate
464,0091978,9,1978,5513,-14,93,58,-49,Estimate
465,0091979,9,1979,5465,-48,81,60,-69,Estimate
466,0091980,9,1980,5407,-58,82,55,-85,Estimate
467,0091981,9,1981,5357,-50,90,53,-87,Estimate
468,0091982,9,1982,5330,-27,88,51,-64,Estimate
469,0091983,9,1983,5276,-54,98,54,-98,Estimate
470,0091984,9,1984,5051,-225,86,55,-256,Estimate
471,0091985,9,1985,4873,-178,73,56,-195,Estimate
472,0091986,9,1986,4587,-286,70,59,-297,Estimate
473,0091987,9,1987,4559,-28,66,52,-42,Estimate
474,0091988,9,1988,4728,169,75,56,150,Estimate
475,0091989,9,1989,4629,-99,64,58,-105,Estimate
476,0091990,9,1990,4516,-113,56,55,-114,Estimate
477,0091991,9,1991,4438,-78,55,49,-84,Estimate
478,0091992,9,1992,4298,-140,42,58,-124,Estimate
479,0091993,9,1993,4325,27,33,56,50,Estimate
480,0091994,9,1994,4387,62,54,54,62,Estimate
481,0091995,9,1995,4432,45,44,56,57,Estimate
482,0091996,9,1996,4524,92,58,58,92,Estimate
483,0091997,9,1997,4560,36,49,58,45,Estimate
484,0091998,9,1998,4531,-29,53,69,-13,Estimate
485,0091999,9,1999,4522,-9,42,63,12,Estimate
486,0092000,9,2000,4500,-22,55,74,-3,Estimate
487,0092001,9,2001,4447,-53,41,67,-27,Estimate
488,0092002,9,2002,4315,-132,40,64,-108,Estimate
489,0092003,9,2003,4258,-57,35,62,-30,Estimate
490,0092004,9,2004,4166,-92,26,53,-65,Estimate
491,0092005,9,2005,4098,-68,38,56,-50,Estimate
492,0092006,9,2006,4088,-10,37,62,15,Estimate
493,0092007,9,2007,3993,-95,44,70,-69,Estimate
494,0092008,9,2008,3906,-87,45,62,-70,Estimate
495,0092009,9,2009,3814,-92,38,69,-61,Estimate
496,0092010,9,2010,3795,-19,39,52,-6,Estimate
497,0092011,9,2011,3767,-28,41,73,4,Estimate
498,0092012,9,2012,3704,-63,53,72,-44,Estimate
499,0092013,9,2013,3637,-67,48,54,-61,Estimate
500,0092014,9,2014,3564,-73,37,49,-61,Estimate
501,0092015,9,2015,3530,-34,32,56,-10,Estimate
502,0092016,9,2016,3505,-25,38,63,0,Estimate
503,0092017,9,2017,3523,18,39,45,24,Estimate
504,0092018,9,2018,3550,27,35,61,53,Estimate
505,0092019,9,2019,3565,15,47,51,19,Estimate
506,0092020,9,2020,3478,-87,40,68,-59,Estimate
507,0092021,9,2021,3490,12,35,69,46,Estimate
508,0092022,9,2022,3434,-56,34,79,-11,Estimate
509,0092023,9,2023,3389,-45,40,50,-35,Estimate
510,0092024,9,2024,3398,9,30,61,40,Estimate
511,0092025,9,2025,3412,14,36,42,20,Projection
512,0092026,9,2026,3427,15,35,41,21,Projection
513,0092027,9,2027,3419,-8,35,41,-2,Projection
514,0092028,9,2028,3411,-8,35,41,-2,Projection
515,0092029,9,2029,3402,-9,35,41,-3,Projection
516,0092030,9,2030,3392,-10,34,41,-3,Projection
517,0092031,9,2031,3382,-9,34,41,-3,Projection
518,0092032,9,2032,3373,-9,34,41,-2,Projection
519,0092033,9,2033,3365,-9,34,41,-2,Projection
520,0092034,9,2034,3357,-8,34,41,-2,Projection
521,0092035,9,2035,3349,-8,34,41,-2,Projection
522,0092036,9,2036,3341,-7,34,41,-1,Projection
523,0092037,9,2037,3336,-5,35,41,1,Projection
524,0092038,9,2038,3331,-5,35,41,1,Projection
525,0092039,9,2039,3327,-5,35,40,1,Projection
526,0092040,9,2040,3323,-4,35,40,2,Projection
527,0092041,9,2041,3320,-3,35,40,2,Projection
528,0092042,9,2042,3318,-2,35,40,3,Projection
529,0092043,9,2043,3316,-2,35,40,3,Projection
530,0092044,9,2044,3314,-2,35,40,2,Projection
531,0092045,9,2045,3311,-2,35,39,2,Projection
532,0092046,9,2046,3310,-1,35,39,3,Projection
533,0092047,9,2047,3310,-1,35,39,3,Projection
534,0092048,9,2048,3308,-1,35,38,2,Projection
535,0092049,9,2049,3307,-1,35,38,2,Projection
536,0092050,9,2050,3306,-1,34,37,2,Projection
537,0092051,9,2051,3305,-1,34,37,2,Projection
538,0092052,9,2052,3305,0,34,36,2,Projection
539,0092053,9,2053,3305,0,34,36,2,Projection
540,0092054,9,2054,3305,0,34,35,2,Projection
541,0092055,9,2055,3306,1,34,35,2,Projection
542,0092056,9,2056,3306,1,33,35,2,Projection
543,0092057,9,2057,3308,1,33,34,2,Projection
544,0092058,9,2058,3309,2,33,34,2,Projection
545,0092059,9,2059,3311,2,33,33,2,Projection
546,0092060,9,2060,3313,2,33,33,2,Projection
547,00111970,11,1970,6488,-262,87,63,-286,Estimate
548,00111971,11,1971,6469,-19,88,67,-40,Estimate
549,00111972,11,1972,6359,-110,87,66,-131,Estimate
550,00111973,11,1973,6020,-339,80,57,-362,Estimate
551,00111974,11,1974,6141,121,82,73,112,Estimate
552,00111975,11,1975,6337,196,83,74,187,Estimate
553,00111976,11,1976,6245,-92,85,68,-109,Estimate
554,00111977,11,1977,6129,-116,90,67,-139,Estimate
555,00111978,11,1978,5887,-242,94,56,-280,Estimate
556,00111979,11,1979,6008,121,97,48,72,Estimate
557,00111980,11,1980,5944,-64,93,48,-109,Estimate
558,00111981,11,1981,5941,-3,89,58,-34,Estimate
559,00111982,11,1982,5767,-174,92,61,-205,Estimate
560,00111983,11,1983,5972,205,92,67,180,Estimate
561,00111984,11,1984,5838,-134,80,68,-146,Estimate
562,00111985,11,1985,5699,-139,78,62,-155,Estimate
563,00111986,11,1986,5729,30,68,65,27,Estimate
564,00111987,11,1987,5432,-297,61,61,-297,Estimate
565,00111988,11,1988,5432,0,71,63,-8,Estimate
566,00111989,11,1989,5210,-222,70,60,-232,Estimate
567,00111990,11,1990,5023,-187,62,58,-191,Estimate
568,00111991,11,1991,4965,-58,59,66,-51,Estimate
569,00111992,11,1992,5037,72,48,51,75,Estimate
570,00111993,11,1993,5357,320,63,43,300,Estimate
571,00111994,11,1994,5401,44,59,45,30,Estimate
572,00111995,11,1995,5555,154,78,74,150,Estimate
573,00111996,11,1996,5625,70,70,73,73,Estimate
574,00111997,11,1997,5643,18,56,70,32,Estimate
575,00111998,11,1998,6001,358,72,74,360,Estimate
576,00111999,11,1999,6001,0,82,62,-20,Estimate
577,00112000,11,2000,5966,-35,66,65,-36,Estimate
578,00112001,11,2001,5882,-84,69,64,-89,Estimate
579,00112002,11,2002,6203,321,66,78,333,Estimate
580,00112003,11,2003,6653,450,62,66,454,Estimate
581,00112004,11,2004,6357,-296,63,64,-295,Estimate
582,00112005,11,2005,6261,-96,63,49,-110,Estimate
583,00112006,11,2006,6076,-185,60,72,-173,Estimate
584,00112007,11,2007,5773,-303,68,56,-315,Estimate
585,00112008,11,2008,6008,235,64,73,244,Estimate
586,00112009,11,2009,6481,473,63,69,479,Estimate
587,00112010,11,2010,6506,25,54,58,29,Estimate
588,00112011,11,2011,6355,-151,44,60,-135,Estimate
589,00112012,11,2012,5864,-491,55,60,-486,Estimate
590,00112013,11,2013,5800,-64,38,62,-40,Estimate
591,00112014,11,2014,5851,51,32,49,68,Estimate
592,00112015,11,2015,5966,115,42,55,128,Estimate
593,00112016,11,2016,5753,-213,34,61,-186,Estimate
594,00112017,11,2017,5968,215,42,72,245,Estimate
595,00112018,11,2018,5984,16,30,83,69,Estimate
596,00112019,11,2019,5980,-4,45,64,15,Estimate
597,00112020,11,2020,5479,-501,43,71,-473,Estimate
598,00112021,11,2021,5343,-136,36,79,-93,Estimate
599,00112022,11,2022,5425,82,41,86,127,Estimate
600,00112023,11,2023,5700,275,46,71,300,Estimate
601,00112024,11,2024,5744,44,40,75,79,Estimate
602,00112025,11,2025,5801,57,25,48,79,Projection
603,00112026,11,2026,5858,57,26,48,80,Projection
604,00112027,11,2027,5839,-18,27,49,4,Projection
605,00112028,11,2028,5817,-22,26,49,0,Projection
606,00112029,11,2029,5795,-22,26,49,1,Projection
607,00112030,11,2030,5773,-22,26,50,1,Projection
608,00112031,11,2031,5751,-22,26,50,2,Projection
609,00112032,11,2032,5728,-23,26,51,2,Projection
610,00112033,11,2033,5706,-22,26,51,2,Projection
611,00112034,11,2034,5685,-21,27,51,3,Projection
612,00112035,11,2035,5664,-21,27,52,4,Projection
613,00112036,11,2036,5644,-20,27,52,5,Projection
614,00112037,11,2037,5624,-20,28,53,5,Projection
615,00112038,11,2038,5604,-20,28,53,5,Projection
616,00112039,11,2039,5584,-20,28,54,6,Projection
617,00112040,11,2040,5565,-19,28,54,7,Projection
618,00112041,11,2041,5547,-18,28,54,7,Projection
619,00112042,11,2042,5526,-20,28,55,6,Projection
620,00112043,11,2043,5507,-20,28,55,7,Projection
621,00112044,11,2044,5487,-19,28,55,8,Projection
622,00112045,11,2045,5470,-18,27,55,10,Projection
623,00112046,11,2046,5451,-18,27,56,10,Projection
624,00112047,11,2047,5432,-19,27,56,10,Projection
625,00112048,11,2048,5414,-18,26,56,12,Projection
626,00112049,11,2049,5396,-19,25,56,12,Projection
627,00112050,11,2050,5376,-19,25,56,12,Projection
628,00112051,11,2051,5356,-20,24,56,12,Projection
629,00112052,11,2052,5336,-20,24,56,12,Projection
630,00112053,11,2053,5315,-21,23,56,12,Projection
631,00112054,11,2054,5294,-21,23,56,12,Projection
632,00112055,11,2055,5272,-22,22,56,12,Projection
633,00112056,11,2056,5250,-22,22,56,12,Projection
634,00112057,11,2057,5227,-23,21,56,12,Projection
635,00112058,11,2058,5204,-23,21,56,12,Projection
636,00112059,11,2059,5181,-23,21,56,12,Projection
637,00112060,11,2060,5158,-23,21,56,12,Projection
638,00131970,13,1970,133432,6432,2309,780,4903,Estimate
639,00131971,13,1971,139606,6174,2268,778,4684,Estimate
640,00131972,13,1972,149630,10024,2198,802,8628,Estimate
641,00131973,13,1973,158937,9307,2147,841,8001,Estimate
642,00131974,13,1974,166393,7456,2066,851,6241,Estimate
643,00131975,13,1975,169181,2788,2073,811,1526,Estimate
644,00131976,13,1976,170416,1235,2120,810,-75,Estimate
645,00131977,13,1977,177978,7562,2207,845,6200,Estimate
646,00131978,13,1978,183474,5496,2331,853,4018,Estimate
647,00131979,13,1979,187199,3725,2491,869,2103,Estimate
648,00131980,13,1980,190695,3496,2644,897,1749,Estimate
649,00131981,13,1981,194914,4219,2876,956,2299,Estimate
650,00131982,13,1982,200177,5263,3039,999,3223,Estimate
651,00131983,13,1983,204606,4429,3060,977,2346,Estimate
652,00131984,13,1984,210225,5619,3160,1002,3461,Estimate
653,00131985,13,1985,209444,-781,3279,1055,-3005,Estimate
654,00131986,13,1986,211841,2397,3299,1036,134,Estimate
655,00131987,13,1987,214222,2381,3262,1034,153,Estimate
656,00131988,13,1988,218380,4158,3241,1066,1983,Estimate
657,00131989,13,1989,222354,3974,3231,1068,1811,Estimate
658,00131990,13,1990,226042,3688,3275,1080,1493,Estimate
659,00131991,13,1991,230977,4935,3323,1104,2716,Estimate
660,00131992,13,1992,238392,7415,3332,1043,5126,Estimate
661,00131993,13,1993,247282,8890,3228,1191,6853,Estimate
662,00131994,13,1994,252726,5444,3166,1205,3483,Estimate
663,00131995,13,1995,257502,4776,3050,1281,3007,Estimate
664,00131996,13,1996,261769,4267,3199,1242,2310,Estimate
665,00131997,13,1997,266064,4295,3182,1352,2465,Estimate
666,00131998,13,1998,274121,8057,3377,1343,6023,Estimate
667,00131999,13,1999,283928,9807,3513,1369,7663,Estimate
668,00132000,13,2000,276254,-7674,3719,1388,-10005,Estimate
669,00132001,13,2001,283510,7256,3402,1444,5298,Estimate
670,00132002,13,2002,284433,923,3575,1403,-1249,Estimate
671,00132003,13,2003,282763,-1670,3636,1474,-3832,Estimate
672,00132004,13,2004,283288,525,3571,1434,-1612,Estimate
673,00132005,13,2005,282910,-378,3510,1378,-2510,Estimate
674,00132006,13,2006,286133,3223,3511,1471,1183,Estimate
675,00132007,13,2007,288757,2624,3390,1481,715,Estimate
676,00132008,13,2008,291827,3070,3353,1524,1241,Estimate
677,00132009,13,2009,293641,1814,3187,1512,139,Estimate
678,00132010,13,2010,295605,1964,3141,1544,367,Estimate
679,00132011,13,2011,300526,4921,2995,1510,3436,Estimate
680,00132012,13,2012,305881,5355,2954,1571,3972,Estimate
681,00132013,13,2013,310896,5015,2963,1666,3718,Estimate
682,00132014,13,2014,314213,3317,2939,1709,2087,Estimate
683,00132015,13,2015,320352,6139,2857,1784,5066,Estimate
684,00132016,13,2016,323957,3605,2841,1813,2577,Estimate
685,00132017,13,2017,325414,1457,2628,1790,619,Estimate
686,00132018,13,2018,328055,2641,2580,1832,1893,Estimate
687,00132019,13,2019,328827,772,2525,1998,245,Estimate
688,00132020,13,2020,330951,2124,2507,2040,1657,Estimate
689,00132021,13,2021,327135,-3816,2472,2129,-4159,Estimate
690,00132022,13,2022,328029,894,2430,2201,665,Estimate
691,00132023,13,2023,328337,308,2398,2148,58,Estimate
692,00132024,13,2024,329996,1659,2304,2178,1533,Estimate
693,00132025,13,2025,329440,-556,2351,2218,-689,Projection
694,00132026,13,2026,329009,-431,2342,2250,-523,Projection
695,00132027,13,2027,329993,984,2360,2305,928,Projection
696,00132028,13,2028,331178,1185,2373,2360,1172,Projection
697,00132029,13,2029,332594,1416,2397,2419,1438,Projection
698,00132030,13,2030,334116,1522,2431,2480,1571,Projection
699,00132031,13,2031,335858,1742,2477,2543,1808,Projection
700,00132032,13,2032,337781,1923,2532,2608,2000,Projection
701,00132033,13,2033,339691,1910,2591,2675,1994,Projection
702,00132034,13,2034,341579,1889,2646,2744,1987,Projection
703,00132035,13,2035,343436,1857,2695,2810,1972,Projection
704,00132036,13,2036,345265,1828,2738,2878,1967,Projection
705,00132037,13,2037,347038,1773,2774,2945,1944,Projection
706,00132038,13,2038,348748,1710,2802,3009,1917,Projection
707,00132039,13,2039,350389,1640,2822,3072,1891,Projection
708,00132040,13,2040,351954,1565,2832,3131,1864,Projection
709,00132041,13,2041,353443,1489,2835,3188,1842,Projection
710,00132042,13,2042,354861,1418,2825,3243,1835,Projection
711,00132043,13,2043,356106,1246,2810,3293,1728,Projection
712,00132044,13,2044,357215,1108,2787,3343,1664,Projection
713,00132045,13,2045,358185,970,2759,3384,1595,Projection
714,00132046,13,2046,358998,813,2726,3424,1511,Projection
715,00132047,13,2047,359674,676,2690,3459,1445,Projection
716,00132048,13,2048,360212,538,2653,3499,1384,Projection
717,00132049,13,2049,360637,425,2615,3528,1338,Projection
718,00132050,13,2050,360910,273,2578,3550,1245,Projection
719,00132051,13,2051,361120,210,2542,3577,1245,Projection
720,00132052,13,2052,361274,154,2506,3598,1245,Projection
721,00132053,13,2053,361376,102,2474,3617,1245,Projection
722,00132054,13,2054,361429,53,2445,3637,1245,Projection
723,00132055,13,2055,361442,13,2419,3652,1245,Projection
724,00132056,13,2056,361412,-30,2397,3672,1245,Projection
725,00132057,13,2057,361348,-64,2379,3688,1245,Projection
726,00132058,13,2058,361254,-94,2365,3704,1245,Projection
727,00132059,13,2059,361135,-119,2355,3718,1245,Projection
728,00132060,13,2060,360999,-137,2348,3730,1245,Projection
729,00142000,14,2000,38545,38545,0,0,38545,Estimate
730,00142001,14,2001,41387,2842,645,0,2197,Estimate
731,00142002,14,2002,42432,1045,677,116,484,Estimate
732,00142003,14,2003,44960,2528,689,190,2029,Estimate
733,00142004,14,2004,46406,1446,604,208,1050,Estimate
734,00142005,14,2005,48251,1845,649,193,1389,Estimate
735,00142006,14,2006,51152,2901,676,228,2453,Estimate
736,00142007,14,2007,53328,2176,722,231,1685,Estimate
737,00142008,14,2008,54400,1072,723,230,579,Estimate
738,00142009,14,2009,55378,978,693,244,529,Estimate
739,00142010,14,2010,56107,729,690,271,310,Estimate
740,00142011,14,2011,57584,1477,682,316,1111,Estimate
741,00142012,14,2012,59271,1687,673,318,1332,Estimate
742,00142013,14,2013,60669,1398,684,323,1037,Estimate
743,00142014,14,2014,62504,1835,699,347,1483,Estimate
744,00142015,14,2015,65831,3327,671,358,3014,Estimate
745,00142016,14,2016,67707,1876,735,377,1518,Estimate
746,00142017,14,2017,69655,1948,673,352,1627,Estimate
747,00142018,14,2018,71322,1667,634,373,1406,Estimate
748,00142019,14,2019,72669,1347,685,435,1097,Estimate
749,00142020,14,2020,74502,1833,642,432,1623,Estimate
750,00142021,14,2021,75433,931,645,444,730,Estimate
751,00142022,14,2022,76269,836,635,492,693,Estimate
752,00142023,14,2023,77133,864,673,467,658,Estimate
753,00142024,14,2024,78453,1320,676,513,1157,Estimate
754,00142025,14,2025,79397,944,696,530,778,Projection
755,00142026,14,2026,80370,973,715,541,799,Projection
756,00142027,14,2027,81432,1062,702,557,917,Projection
757,00142028,14,2028,82622,1190,728,573,1035,Projection
758,00142029,14,2029,83871,1248,686,590,1153,Projection
759,00142030,14,2030,85261,1390,698,608,1300,Projection
760,00142031,14,2031,86620,1359,686,626,1300,Projection
761,00142032,14,2032,87972,1352,697,645,1300,Projection
762,00142033,14,2033,89290,1318,682,664,1300,Projection
763,00142034,14,2034,90593,1303,687,684,1300,Projection
764,00142035,14,2035,91869,1275,678,703,1300,Projection
765,00142036,14,2036,93145,1277,700,723,1300,Projection
766,00142037,14,2037,94401,1256,699,743,1300,Projection
767,00142038,14,2038,95650,1249,711,763,1300,Projection
768,00142039,14,2039,96880,1230,712,782,1300,Projection
769,00142040,14,2040,98093,1213,714,801,1300,Projection
770,00142041,14,2041,99294,1201,721,820,1300,Projection
771,00142042,14,2042,100462,1168,707,839,1300,Projection
772,00142043,14,2043,101627,1165,722,857,1300,Projection
773,00142044,14,2044,102769,1141,717,875,1300,Projection
774,00142045,14,2045,103893,1124,718,893,1300,Projection
775,00142046,14,2046,105012,1119,728,909,1300,Projection
776,00142047,14,2047,106114,1103,728,925,1300,Projection
777,00142048,14,2048,107203,1088,731,943,1300,Projection
778,00142049,14,2049,108268,1065,723,959,1300,Projection
779,00142050,14,2050,109330,1062,735,973,1300,Projection
780,00142051,14,2051,110367,1037,724,987,1300,Projection
781,00142052,14,2052,111393,1026,726,1001,1300,Projection
782,00142053,14,2053,112407,1014,729,1015,1300,Projection
783,00142054,14,2054,113411,1004,733,1029,1300,Projection
784,00142055,14,2055,114404,993,736,1043,1300,Projection
785,00142056,14,2056,115385,981,740,1059,1300,Projection
786,00142057,14,2057,116355,970,744,1074,1300,Projection
787,00142058,14,2058,117313,958,748,1090,1300,Projection
788,00142059,14,2059,118260,947,751,1105,1300,Projection
789,00142060,14,2060,119194,934,754,1120,1300,Projection
790,00151970,15,1970,10273,323,159,101,265,Estimate
791,00151971,15,1971,10719,446,162,107,391,Estimate
792,00151972,15,1972,11213,494,159,101,436,Estimate
793,00151973,15,1973,11554,341,152,105,294,Estimate
794,00151974,15,1974,11744,190,171,118,137,Estimate
795,00151975,15,1975,12024,280,173,109,216,Estimate
796,00151976,15,1976,12043,19,182,103,-60,Estimate
797,00151977,15,1977,12486,443,197,108,354,Estimate
798,00151978,15,1978,12583,97,202,117,12,Estimate
799,00151979,15,1979,13019,436,232,121,325,Estimate
800,00151980,15,1980,13295,276,253,119,142,Estimate
801,00151981,15,1981,13561,266,241,110,135,Estimate
802,00151982,15,1982,13417,-144,228,106,-266,Estimate
803,00151983,15,1983,13211,-206,222,118,-310,Estimate
804,00151984,15,1984,12839,-372,193,126,-439,Estimate
805,00151985,15,1985,12349,-490,163,115,-538,Estimate
806,00151986,15,1986,12473,124,163,122,83,Estimate
807,00151987,15,1987,12453,-20,149,122,-47,Estimate
808,00151988,15,1988,12390,-63,139,114,-88,Estimate
809,00151989,15,1989,12559,169,140,121,150,Estimate
810,00151990,15,1990,12688,129,133,114,110,Estimate
811,00151991,15,1991,12866,178,125,117,170,Estimate
812,00151992,15,1992,13119,253,112,155,296,Estimate
813,00151993,15,1993,13702,583,128,142,597,Estimate
814,00151994,15,1994,14104,402,127,157,432,Estimate
815,00151995,15,1995,14659,555,115,121,561,Estimate
816,00151996,15,1996,15124,465,111,139,493,Estimate
817,00151997,15,1997,15409,285,132,162,315,Estimate
818,00151998,15,1998,15528,119,143,144,120,Estimate
819,00151999,15,1999,15935,407,138,126,395,Estimate
820,00152000,15,2000,16312,377,137,134,374,Estimate
821,00152001,15,2001,16410,98,157,146,87,Estimate
822,00152002,15,2002,16646,236,139,162,259,Estimate
823,00152003,15,2003,16794,148,137,137,148,Estimate
824,00152004,15,2004,16946,152,147,147,152,Estimate
825,00152005,15,2005,17022,76,151,140,65,Estimate
826,00152006,15,2006,16984,-38,142,162,-18,Estimate
827,00152007,15,2007,17238,254,132,153,275,Estimate
828,00152008,15,2008,17403,165,130,169,204,Estimate
829,00152009,15,2009,17604,201,156,143,188,Estimate
830,00152010,15,2010,17797,193,138,157,212,Estimate
831,00152011,15,2011,17932,135,147,157,145,Estimate
832,00152012,15,2012,17967,35,152,157,40,Estimate
833,00152013,15,2013,18036,69,110,179,138,Estimate
834,00152014,15,2014,18066,30,143,168,55,Estimate
835,00152015,15,2015,18108,42,138,203,107,Estimate
836,00152016,15,2016,18519,411,134,184,461,Estimate
837,00152017,15,2017,18967,448,130,177,495,Estimate
838,00152018,15,2018,19250,283,144,173,312,Estimate
839,00152019,15,2019,19390,140,127,185,198,Estimate
840,00152020,15,2020,19485,95,135,209,169,Estimate
841,00152021,15,2021,19737,252,148,173,277,Estimate
842,00152022,15,2022,20255,518,145,187,560,Estimate
843,00152023,15,2023,20602,347,169,212,390,Estimate
844,00152024,15,2024,20802,200,148,185,237,Estimate
845,00152025,15,2025,20954,152,138,210,224,Projection
846,00152026,15,2026,21101,147,136,215,226,Projection
847,00152027,15,2027,21277,176,135,222,263,Projection
848,00152028,15,2028,21444,167,134,229,262,Projection
849,00152029,15,2029,21603,160,133,236,263,Projection
850,00152030,15,2030,21753,150,132,244,262,Projection
851,00152031,15,2031,21897,143,131,251,263,Projection
852,00152032,15,2032,21980,83,129,258,212,Projection
853,00152033,15,2033,22046,66,127,264,204,Projection
854,00152034,15,2034,22095,49,125,270,194,Projection
855,00152035,15,2035,22139,44,123,276,197,Projection
856,00152036,15,2036,22175,36,122,282,196,Projection
857,00152037,15,2037,22204,29,121,288,196,Projection
858,00152038,15,2038,22227,23,120,293,196,Projection
859,00152039,15,2039,22246,19,120,298,198,Projection
860,00152040,15,2040,22260,14,119,303,198,Projection
861,00152041,15,2041,22269,9,119,308,198,Projection
862,00152042,15,2042,22268,-1,119,312,192,Projection
863,00152043,15,2043,22256,-12,118,316,186,Projection
864,00152044,15,2044,22237,-19,118,319,182,Projection
865,00152045,15,2045,22212,-26,118,322,179,Projection
866,00152046,15,2046,22178,-33,117,324,174,Projection
867,00152047,15,2047,22138,-41,116,326,169,Projection
868,00152048,15,2048,22093,-45,116,328,167,Projection
869,00152049,15,2049,22044,-50,115,329,164,Projection
870,00152050,15,2050,21988,-56,114,329,159,Projection
871,00152051,15,2051,21932,-56,114,329,159,Projection
872,00152052,15,2052,21876,-56,113,328,159,Projection
873,00152053,15,2053,21820,-56,112,327,159,Projection
874,00152054,15,2054,21764,-56,112,326,159,Projection
875,00152055,15,2055,21709,-55,111,325,159,Projection
876,00152056,15,2056,21654,-55,110,324,159,Projection
877,00152057,15,2057,21600,-54,109,323,159,Projection
878,00152058,15,2058,21547,-53,109,321,159,Projection
879,00152059,15,2059,21494,-52,108,319,159,Projection
880,00152060,15,2060,21443,-51,107,318,159,Projection
881,00171970,17,1970,2396,-64,38,22,-80,Estimate
882,00171971,17,1971,2397,1,36,28,-7,Estimate
883,00171972,17,1972,2251,-146,35,29,-152,Estimate
884,00171973,17,1973,2294,43,37,23,29,Estimate
885,00171974,17,1974,2304,10,33,24,1,Estimate
886,00171975,17,1975,2224,-80,38,25,-93,Estimate
887,00171976,17,1976,2218,-6,43,23,-26,Estimate
888,00171977,17,1977,2051,-167,37,18,-186,Estimate
889,00171978,17,1978,2125,74,35,19,58,Estimate
890,00171979,17,1979,2175,50,42,28,36,Estimate
891,00171980,17,1980,2164,-11,40,25,-26,Estimate
892,00171981,17,1981,2209,45,35,20,30,Estimate
893,00171982,17,1982,2240,31,38,21,14,Estimate
894,00171983,17,1983,2226,-14,46,22,-38,Estimate
895,00171984,17,1984,2237,11,55,23,-21,Estimate
896,00171985,17,1985,2294,57,56,22,23,Estimate
897,00171986,17,1986,2185,-109,45,23,-131,Estimate
898,00171987,17,1987,2097,-88,36,26,-98,Estimate
899,00171988,17,1988,2208,111,43,27,95,Estimate
900,00171989,17,1989,2314,106,47,31,90,Estimate
901,00171990,17,1990,2396,82,36,29,75,Estimate
902,00171991,17,1991,2477,81,40,24,65,Estimate
903,00171992,17,1992,2407,-70,41,22,-89,Estimate
904,00171993,17,1993,2307,-100,36,21,-115,Estimate
905,00171994,17,1994,2297,-10,20,21,-9,Estimate
906,00171995,17,1995,2270,-27,29,17,-39,Estimate
907,00171996,17,1996,2284,14,33,21,2,Estimate
908,00171997,17,1997,2297,13,19,26,20,Estimate
909,00171998,17,1998,2340,43,30,26,39,Estimate
910,00171999,17,1999,2276,-64,32,23,-73,Estimate
911,00172000,17,2000,2214,-62,23,15,-70,Estimate
912,00172001,17,2001,2173,-41,17,15,-43,Estimate
913,00172002,17,2002,2162,-11,28,20,-19,Estimate
914,00172003,17,2003,2119,-43,21,32,-32,Estimate
915,00172004,17,2004,2070,-49,17,28,-38,Estimate
916,00172005,17,2005,2041,-29,22,27,-24,Estimate
917,00172006,17,2006,1977,-64,21,21,-64,Estimate
918,00172007,17,2007,1910,-67,26,14,-79,Estimate
919,00172008,17,2008,1898,-12,24,19,-17,Estimate
920,00172009,17,2009,1833,-65,22,34,-53,Estimate
921,00172010,17,2010,1834,1,21,18,-2,Estimate
922,00172011,17,2011,1832,-2,21,21,-2,Estimate
923,00172012,17,2012,1832,0,38,27,-11,Estimate
924,00172013,17,2013,1819,-13,27,18,-22,Estimate
925,00172014,17,2014,1817,-2,27,15,-14,Estimate
926,00172015,17,2015,1806,-11,29,19,-21,Estimate
927,00172016,17,2016,1794,-12,26,21,-17,Estimate
928,00172017,17,2017,1788,-6,21,20,-7,Estimate
929,00172018,17,2018,1783,-5,15,22,2,Estimate
930,00172019,17,2019,1777,-6,7,9,-4,Estimate
931,00172020,17,2020,1745,-32,17,17,-32,Estimate
932,00172021,17,2021,1717,-28,21,25,-24,Estimate
933,00172022,17,2022,1733,16,15,29,30,Estimate
934,00172023,17,2023,1741,8,12,28,24,Estimate
935,00172024,17,2024,1737,-4,21,25,0,Estimate
936,00172025,17,2025,1710,-27,18,17,-29,Projection
937,00172026,17,2026,1682,-27,17,16,-28,Projection
938,00172027,17,2027,1683,1,17,16,1,Projection
939,00172028,17,2028,1685,1,16,16,1,Projection
940,00172029,17,2029,1686,1,16,16,2,Projection
941,00172030,17,2030,1684,-2,16,17,-1,Projection
942,00172031,17,2031,1679,-5,16,17,-5,Projection
943,00172032,17,2032,1672,-6,16,17,-5,Projection
944,00172033,17,2033,1667,-6,16,17,-4,Projection
945,00172034,17,2034,1661,-6,16,17,-4,Projection
946,00172035,17,2035,1656,-6,16,18,-4,Projection
947,00172036,17,2036,1651,-5,16,18,-3,Projection
948,00172037,17,2037,1646,-5,16,18,-3,Projection
949,00172038,17,2038,1641,-5,17,18,-3,Projection
950,00172039,17,2039,1636,-6,17,18,-4,Projection
951,00172040,17,2040,1630,-6,17,18,-4,Projection
952,00172041,17,2041,1623,-7,17,18,-5,Projection
953,00172042,17,2042,1616,-8,17,19,-6,Projection
954,00172043,17,2043,1608,-8,17,19,-6,Projection
955,00172044,17,2044,1599,-9,17,19,-7,Projection
956,00172045,17,2045,1588,-11,16,19,-8,Projection
957,00172046,17,2046,1577,-11,16,19,-8,Projection
958,00172047,17,2047,1565,-12,16,19,-9,Projection
959,00172048,17,2048,1551,-14,15,19,-11,Projection
960,00172049,17,2049,1536,-15,15,18,-12,Projection
961,00172050,17,2050,1520,-16,15,18,-12,Projection
962,00172051,17,2051,1504,-16,14,18,-12,Projection
963,00172052,17,2052,1488,-16,14,18,-12,Projection
964,00172053,17,2053,1472,-16,14,18,-12,Projection
965,00172054,17,2054,1456,-16,13,17,-12,Projection
966,00172055,17,2055,1440,-16,13,17,-12,Projection
967,00172056,17,2056,1424,-16,13,17,-12,Projection
968,00172057,17,2057,1408,-16,12,17,-12,Projection
969,00172058,17,2058,1391,-16,12,16,-12,Projection
970,00172059,17,2059,1375,-16,12,16,-12,Projection
971,00172060,17,2060,1359,-16,12,16,-12,Projection
972,00191970,19,1970,4993,643,82,37,598,Estimate
973,00191971,19,1971,5689,696,97,39,638,Estimate
974,00191972,19,1972,5846,157,94,41,104,Estimate
975,00191973,19,1973,5727,-119,91,38,-172,Estimate
976,00191974,19,1974,5752,25,110,37,-48,Estimate
977,00191975,19,1975,6005,253,133,32,152,Estimate
978,00191976,19,1976,6159,154,139,36,51,Estimate
979,00191977,19,1977,6165,6,132,36,-90,Estimate
980,00191978,19,1978,6605,440,141,30,329,Estimate
981,00191979,19,1979,6990,385,163,33,255,Estimate
982,00191980,19,1980,7349,359,155,36,240,Estimate
983,00191981,19,1981,7514,165,160,36,41,Estimate
984,00191982,19,1982,7421,-93,171,41,-223,Estimate
985,00191983,19,1983,7723,302,157,42,187,Estimate
986,00191984,19,1984,7747,24,150,35,-91,Estimate
987,00191985,19,1985,7936,189,142,37,84,Estimate
988,00191986,19,1986,8159,223,132,39,130,Estimate
989,00191987,19,1987,7822,-337,127,32,-432,Estimate
990,00191988,19,1988,7727,-95,122,30,-187,Estimate
991,00191989,19,1989,7667,-60,114,34,-140,Estimate
992,00191990,19,1990,7628,-39,110,35,-114,Estimate
993,00191991,19,1991,7663,35,108,32,-41,Estimate
994,00191992,19,1992,7834,171,114,34,91,Estimate
995,00191993,19,1993,8039,205,114,37,128,Estimate
996,00191994,19,1994,8460,421,118,44,347,Estimate
997,00191995,19,1995,8686,226,117,54,163,Estimate
998,00191996,19,1996,8722,36,122,50,-36,Estimate
999,00191997,19,1997,8880,158,103,36,91,Estimate
1000,00191998,19,1998,9005,125,101,36,60,Estimate
1001,00191999,19,1999,9186,181,116,42,107,Estimate
1002,00192000,19,2000,9360,174,110,39,103,Estimate
1003,00192001,19,2001,9464,104,118,38,24,Estimate
1004,00192002,19,2002,9466,2,108,50,-56,Estimate
1005,00192003,19,2003,9517,51,92,48,7,Estimate
1006,00192004,19,2004,9461,-56,102,44,-114,Estimate
1007,00192005,19,2005,9392,-69,99,60,-108,Estimate
1008,00192006,19,2006,9279,-113,121,42,-192,Estimate
1009,00192007,19,2007,9333,54,82,57,29,Estimate
1010,00192008,19,2008,9294,-39,99,43,-95,Estimate
1011,00192009,19,2009,9060,-234,76,43,-267,Estimate
1012,00192010,19,2010,9155,95,81,64,78,Estimate
1013,00192011,19,2011,9027,-128,69,58,-139,Estimate
1014,00192012,19,2012,9016,-11,63,46,-28,Estimate
1015,00192013,19,2013,8966,-50,70,59,-61,Estimate
1016,00192014,19,2014,9034,68,80,62,50,Estimate
1017,00192015,19,2015,9158,124,62,60,122,Estimate
1018,00192016,19,2016,9237,79,74,60,65,Estimate
1019,00192017,19,2017,9427,190,76,53,167,Estimate
1020,00192018,19,2018,9385,-42,80,69,-53,Estimate
1021,00192019,19,2019,9415,30,77,71,24,Estimate
1022,00192020,19,2020,9398,-17,67,73,-11,Estimate
1023,00192021,19,2021,9461,63,70,65,58,Estimate
1024,00192022,19,2022,9360,-101,60,78,-83,Estimate
1025,00192023,19,2023,9164,-196,68,64,-200,Estimate
1026,00192024,19,2024,9125,-39,61,66,-34,Estimate
1027,00192025,19,2025,9074,-51,65,76,-39,Projection
1028,00192026,19,2026,9025,-49,65,76,-38,Projection
1029,00192027,19,2027,9041,16,65,76,27,Projection
1030,00192028,19,2028,9070,29,65,78,41,Projection
1031,00192029,19,2029,9109,39,66,79,52,Projection
1032,00192030,19,2030,9159,50,66,80,64,Projection
1033,00192031,19,2031,9220,61,67,81,75,Projection
1034,00192032,19,2032,9286,66,67,82,82,Projection
1035,00192033,19,2033,9350,64,68,84,80,Projection
1036,00192034,19,2034,9411,62,68,85,78,Projection
1037,00192035,19,2035,9470,59,69,86,76,Projection
1038,00192036,19,2036,9526,56,70,87,73,Projection
1039,00192037,19,2037,9581,55,71,88,72,Projection
1040,00192038,19,2038,9633,52,72,89,68,Projection
1041,00192039,19,2039,9681,49,74,90,65,Projection
1042,00192040,19,2040,9727,46,75,91,62,Projection
1043,00192041,19,2041,9771,43,76,91,58,Projection
1044,00192042,19,2042,9813,43,77,92,57,Projection
1045,00192043,19,2043,9853,39,78,92,53,Projection
1046,00192044,19,2044,9890,37,80,92,49,Projection
1047,00192045,19,2045,9924,34,81,92,45,Projection
1048,00192046,19,2046,9954,30,82,92,40,Projection
1049,00192047,19,2047,9979,25,82,92,34,Projection
1050,00192048,19,2048,10000,21,83,91,29,Projection
1051,00192049,19,2049,10018,18,84,91,25,Projection
1052,00192050,19,2050,10030,12,84,90,18,Projection
1053,00192051,19,2051,10043,13,85,89,18,Projection
1054,00192052,19,2052,10057,14,85,89,18,Projection
1055,00192053,19,2053,10073,15,85,88,18,Projection
1056,00192054,19,2054,10089,17,86,87,18,Projection
1057,00192055,19,2055,10107,18,86,86,18,Projection
1058,00192056,19,2056,10126,19,86,85,18,Projection
1059,00192057,19,2057,10146,20,86,84,18,Projection
1060,00192058,19,2058,10167,21,86,83,18,Projection
1061,00192059,19,2059,10188,22,86,83,18,Projection
1062,00192060,19,2060,10210,22,86,82,18,Projection
1063,00211970,21,1970,7829,-261,153,57,-357,Estimate
1064,00211971,21,1971,7762,-67,153,60,-160,Estimate
1065,00211972,21,1972,7780,18,138,69,-51,Estimate
1066,00211973,21,1973,7901,121,143,73,51,Estimate
1067,00211974,21,1974,8030,129,164,71,36,Estimate
1068,00211975,21,1975,8034,4,159,67,-88,Estimate
1069,00211976,21,1976,7818,-216,158,61,-313,Estimate
1070,00211977,21,1977,7914,96,176,61,-19,Estimate
1071,00211978,21,1978,7856,-58,174,63,-169,Estimate
1072,00211979,21,1979,7790,-66,170,58,-178,Estimate
1073,00211980,21,1980,7776,-14,183,59,-138,Estimate
1074,00211981,21,1981,7703,-73,185,62,-196,Estimate
1075,00211982,21,1982,7713,10,181,57,-114,Estimate
1076,00211983,21,1983,7901,188,169,56,75,Estimate
1077,00211984,21,1984,7999,98,152,58,4,Estimate
1078,00211985,21,1985,7776,-223,147,58,-312,Estimate
1079,00211986,21,1986,7947,171,140,70,101,Estimate
1080,00211987,21,1987,8090,143,137,75,81,Estimate
1081,00211988,21,1988,7854,-236,135,60,-311,Estimate
1082,00211989,21,1989,7623,-231,135,56,-310,Estimate
1083,00211990,21,1990,7465,-158,133,59,-232,Estimate
1084,00211991,21,1991,7535,70,111,54,13,Estimate
1085,00211992,21,1992,7513,-22,113,82,-53,Estimate
1086,00211993,21,1993,7641,128,127,63,64,Estimate
1087,00211994,21,1994,7746,105,116,71,60,Estimate
1088,00211995,21,1995,7877,131,116,76,91,Estimate
1089,00211996,21,1996,8021,144,132,70,82,Estimate
1090,00211997,21,1997,8104,83,128,66,21,Estimate
1091,00211998,21,1998,8186,82,134,84,32,Estimate
1092,00211999,21,1999,8313,127,121,72,78,Estimate
1093,00212000,21,2000,8407,94,142,85,37,Estimate
1094,00212001,21,2001,8365,-42,133,72,-103,Estimate
1095,00212002,21,2002,8389,24,105,74,-7,Estimate
1096,00212003,21,2003,8387,-2,109,75,-36,Estimate
1097,00212004,21,2004,8501,114,122,75,67,Estimate
1098,00212005,21,2005,8500,-1,123,72,-52,Estimate
1099,00212006,21,2006,8470,-30,116,64,-82,Estimate
1100,00212007,21,2007,8433,-37,127,74,-90,Estimate
1101,00212008,21,2008,8384,-49,123,77,-95,Estimate
1102,00212009,21,2009,8210,-174,113,79,-208,Estimate
1103,00212010,21,2010,8282,72,137,73,8,Estimate
1104,00212011,21,2011,8201,-81,104,88,-97,Estimate
1105,00212012,21,2012,8134,-67,126,82,-111,Estimate
1106,00212013,21,2013,8067,-67,109,99,-77,Estimate
1107,00212014,21,2014,7997,-70,122,71,-121,Estimate
1108,00212015,21,2015,7930,-67,116,93,-90,Estimate
1109,00212016,21,2016,7842,-88,96,88,-96,Estimate
1110,00212017,21,2017,7757,-85,95,71,-109,Estimate
1111,00212018,21,2018,7660,-97,82,92,-87,Estimate
1112,00212019,21,2019,7550,-110,103,92,-121,Estimate
1113,00212020,21,2020,7455,-95,88,100,-83,Estimate
1114,00212021,21,2021,7586,131,97,102,136,Estimate
1115,00212022,21,2022,7567,-19,104,139,16,Estimate
1116,00212023,21,2023,7492,-75,90,106,-59,Estimate
1117,00212024,21,2024,7525,33,94,84,23,Estimate
1118,00212025,21,2025,7553,28,84,80,24,Projection
1119,00212026,21,2026,7582,29,84,79,25,Projection
1120,00212027,21,2027,7590,7,85,80,2,Projection
1121,00212028,21,2028,7599,9,85,81,4,Projection
1122,00212029,21,2029,7608,9,86,81,4,Projection
1123,00212030,21,2030,7616,9,86,82,5,Projection
1124,00212031,21,2031,7627,11,86,82,7,Projection
1125,00212032,21,2032,7638,11,86,82,7,Projection
1126,00212033,21,2033,7652,13,86,83,10,Projection
1127,00212034,21,2034,7665,13,86,83,11,Projection
1128,00212035,21,2035,7678,14,85,83,12,Projection
1129,00212036,21,2036,7688,9,85,84,8,Projection
1130,00212037,21,2037,7696,8,84,84,7,Projection
1131,00212038,21,2038,7702,6,84,84,6,Projection
1132,00212039,21,2039,7705,3,83,84,4,Projection
1133,00212040,21,2040,7707,2,83,84,3,Projection
1134,00212041,21,2041,7706,-1,82,84,1,Projection
1135,00212042,21,2042,7702,-4,82,84,-1,Projection
1136,00212043,21,2043,7696,-6,81,84,-3,Projection
1137,00212044,21,2044,7688,-8,80,83,-5,Projection
1138,00212045,21,2045,7679,-10,79,83,-6,Projection
1139,00212046,21,2046,7667,-12,78,82,-7,Projection
1140,00212047,21,2047,7654,-13,77,82,-9,Projection
1141,00212048,21,2048,7638,-16,76,81,-11,Projection
1142,00212049,21,2049,7621,-17,75,81,-12,Projection
1143,00212050,21,2050,7603,-18,74,80,-13,Projection
1144,00212051,21,2051,7584,-18,73,79,-13,Projection
1145,00212052,21,2052,7566,-18,73,78,-13,Projection
1146,00212053,21,2053,7548,-18,72,77,-13,Projection
1147,00212054,21,2054,7530,-18,72,76,-13,Projection
1148,00212055,21,2055,7513,-18,71,75,-13,Projection
1149,00212056,21,2056,7496,-17,70,75,-13,Projection
1150,00212057,21,2057,7478,-17,70,74,-13,Projection
1151,00212058,21,2058,7461,-17,69,74,-13,Projection
1152,00212059,21,2059,7443,-17,69,73,-13,Projection
1153,00212060,21,2060,7426,-18,68,73,-13,Projection
1154,00231970,23,1970,3080,-40,49,26,-63,Estimate
1155,00231971,23,1971,3037,-43,59,35,-67,Estimate
1156,00231972,23,1972,3201,164,60,37,141,Estimate
1157,00231973,23,1973,3197,-4,48,34,-18,Estimate
1158,00231974,23,1974,3112,-85,42,33,-94,Estimate
1159,00231975,23,1975,3114,2,47,30,-15,Estimate
1160,00231976,23,1976,3102,-12,51,29,-34,Estimate
1161,00231977,23,1977,3153,51,56,26,21,Estimate
1162,00231978,23,1978,3243,90,58,23,55,Estimate
1163,00231979,23,1979,3153,-90,52,24,-118,Estimate
1164,00231980,23,1980,3069,-84,55,32,-107,Estimate
1165,00231981,23,1981,3062,-7,62,35,-34,Estimate
1166,00231982,23,1982,3125,63,64,26,25,Estimate
1167,00231983,23,1983,3276,151,59,22,114,Estimate
1168,00231984,23,1984,3267,-9,48,25,-32,Estimate
1169,00231985,23,1985,3363,96,46,23,73,Estimate
1170,00231986,23,1986,3307,-56,45,28,-73,Estimate
1171,00231987,23,1987,3349,42,48,30,24,Estimate
1172,00231988,23,1988,3397,48,50,24,22,Estimate
1173,00231989,23,1989,3277,-120,49,22,-147,Estimate
1174,00231990,23,1990,3182,-95,47,25,-117,Estimate
1175,00231991,23,1991,3264,82,40,23,65,Estimate
1176,00231992,23,1992,3196,-68,45,24,-89,Estimate
1177,00231993,23,1993,3342,146,44,38,140,Estimate
1178,00231994,23,1994,3379,37,50,33,20,Estimate
1179,00231995,23,1995,3521,142,58,36,120,Estimate
1180,00231996,23,1996,3586,65,42,39,62,Estimate
1181,00231997,23,1997,3641,55,47,46,54,Estimate
1182,00231998,23,1998,3708,67,40,37,64,Estimate
1183,00231999,23,1999,3680,-28,50,36,-42,Estimate
1184,00232000,23,2000,3673,-7,40,37,-10,Estimate
1185,00232001,23,2001,3741,68,47,38,59,Estimate
1186,00232002,23,2002,3734,-7,47,33,-21,Estimate
1187,00232003,23,2003,3800,66,48,46,64,Estimate
1188,00232004,23,2004,3802,2,29,51,24,Estimate
1189,00232005,23,2005,3695,-107,39,34,-112,Estimate
1190,00232006,23,2006,3698,3,39,39,3,Estimate
1191,00232007,23,2007,3676,-22,29,32,-19,Estimate
1192,00232008,23,2008,3611,-65,31,38,-58,Estimate
1193,00232009,23,2009,3505,-106,33,29,-110,Estimate
1194,00232010,23,2010,3532,27,27,28,28,Estimate
1195,00232011,23,2011,3518,-14,37,32,-19,Estimate
1196,00232012,23,2012,3517,-1,29,41,11,Estimate
1197,00232013,23,2013,3516,-1,29,43,13,Estimate
1198,00232014,23,2014,3516,0,28,42,14,Estimate
1199,00232015,23,2015,3516,0,29,34,5,Estimate
1200,00232016,23,2016,3516,0,30,47,17,Estimate
1201,00232017,23,2017,3516,0,40,36,-4,Estimate
1202,00232018,23,2018,3515,-1,31,43,11,Estimate
1203,00232019,23,2019,3500,-15,27,44,2,Estimate
1204,00232020,23,2020,3503,3,28,38,13,Estimate
1205,00232021,23,2021,3618,115,41,40,114,Estimate
1206,00232022,23,2022,3615,-3,30,59,26,Estimate
1207,00232023,23,2023,3632,17,37,55,35,Estimate
1208,00232024,23,2024,3692,60,39,67,88,Estimate
1209,00232025,23,2025,3707,15,28,47,35,Projection
1210,00232026,23,2026,3713,6,28,48,26,Projection
1211,00232027,23,2027,3693,-20,27,49,1,Projection
1212,00232028,23,2028,3672,-21,27,49,1,Projection
1213,00232029,23,2029,3650,-22,26,50,2,Projection
1214,00232030,23,2030,3628,-23,26,50,1,Projection
1215,00232031,23,2031,3605,-23,25,50,2,Projection
1216,00232032,23,2032,3582,-23,25,51,2,Projection
1217,00232033,23,2033,3557,-24,24,51,2,Projection
1218,00232034,23,2034,3533,-24,24,51,3,Projection
1219,00232035,23,2035,3510,-24,23,51,4,Projection
1220,00232036,23,2036,3486,-23,23,51,5,Projection
1221,00232037,23,2037,3462,-24,23,51,5,Projection
1222,00232038,23,2038,3439,-23,23,51,6,Projection
1223,00232039,23,2039,3417,-22,22,52,7,Projection
1224,00232040,23,2040,3395,-22,22,51,7,Projection
1225,00232041,23,2041,3373,-21,22,51,7,Projection
1226,00232042,23,2042,3351,-22,22,51,7,Projection
1227,00232043,23,2043,3328,-23,22,51,6,Projection
1228,00232044,23,2044,3306,-23,22,51,6,Projection
1229,00232045,23,2045,3282,-23,22,51,6,Projection
1230,00232046,23,2046,3258,-24,21,50,5,Projection
1231,00232047,23,2047,3234,-24,21,50,5,Projection
1232,00232048,23,2048,3211,-24,21,49,5,Projection
1233,00232049,23,2049,3187,-24,21,49,4,Projection
1234,00232050,23,2050,3163,-24,20,48,4,Projection
1235,00232051,23,2051,3139,-24,20,47,4,Projection
1236,00232052,23,2052,3116,-23,20,47,4,Projection
1237,00232053,23,2053,3093,-23,19,46,4,Projection
1238,00232054,23,2054,3071,-22,19,45,4,Projection
1239,00232055,23,2055,3049,-22,19,45,4,Projection
1240,00232056,23,2056,3027,-22,18,44,4,Projection
1241,00232057,23,2057,3006,-21,18,43,4,Projection
1242,00232058,23,2058,2985,-21,18,43,4,Projection
1243,00232059,23,2059,2964,-21,17,42,4,Projection
1244,00232060,23,2060,2944,-20,17,41,4,Projection
1245,00251970,25,1970,3085,-35,38,46,-27,Estimate
1246,00251971,25,1971,3082,-3,40,40,-3,Estimate
1247,00251972,25,1972,3195,113,44,39,108,Estimate
1248,00251973,25,1973,3255,60,41,45,64,Estimate
1249,00251974,25,1974,3335,80,43,39,76,Estimate
1250,00251975,25,1975,3307,-28,46,36,-38,Estimate
1251,00251976,25,1976,3184,-123,42,44,-121,Estimate
1252,00251977,25,1977,3137,-47,50,52,-45,Estimate
1253,00251978,25,1978,2932,-205,52,47,-210,Estimate
1254,00251979,25,1979,2818,-114,46,35,-125,Estimate
1255,00251980,25,1980,2983,165,41,35,159,Estimate
1256,00251981,25,1981,2962,-21,44,42,-23,Estimate
1257,00251982,25,1982,2909,-53,47,41,-59,Estimate
1258,00251983,25,1983,3032,123,46,40,117,Estimate
1259,00251984,25,1984,2893,-139,47,40,-146,Estimate
1260,00251985,25,1985,2997,104,48,38,94,Estimate
1261,00251986,25,1986,2985,-12,51,39,-24,Estimate
1262,00251987,25,1987,3072,87,47,38,78,Estimate
1263,00251988,25,1988,3842,770,42,32,760,Estimate
1264,00251989,25,1989,3901,59,37,40,62,Estimate
1265,00251990,25,1990,3927,26,41,38,23,Estimate
1266,00251991,25,1991,3974,47,50,26,23,Estimate
1267,00251992,25,1992,4140,166,46,38,158,Estimate
1268,00251993,25,1993,4140,0,40,46,6,Estimate
1269,00251994,25,1994,4213,73,29,56,100,Estimate
1270,00251995,25,1995,4220,7,51,37,-7,Estimate
1271,00251996,25,1996,4262,42,48,49,43,Estimate
1272,00251997,25,1997,4299,37,44,37,30,Estimate
1273,00251998,25,1998,4283,-16,52,51,-17,Estimate
1274,00251999,25,1999,5002,719,48,38,709,Estimate
1275,00252000,25,2000,5128,126,45,34,115,Estimate
1276,00252001,25,2001,5253,125,41,39,123,Estimate
1277,00252002,25,2002,5344,91,42,49,98,Estimate
1278,00252003,25,2003,5156,-188,43,49,-182,Estimate
1279,00252004,25,2004,5432,276,53,55,278,Estimate
1280,00252005,25,2005,5437,5,40,48,13,Estimate
1281,00252006,25,2006,5713,276,35,47,288,Estimate
1282,00252007,25,2007,5907,194,28,45,211,Estimate
1283,00252008,25,2008,5893,-14,31,40,-5,Estimate
1284,00252009,25,2009,5803,-90,44,47,-87,Estimate
1285,00252010,25,2010,5838,35,37,32,30,Estimate
1286,00252011,25,2011,5837,-1,34,36,1,Estimate
1287,00252012,25,2012,5839,2,40,47,9,Estimate
1288,00252013,25,2013,5843,4,41,39,2,Estimate
1289,00252014,25,2014,5843,0,31,42,11,Estimate
1290,00252015,25,2015,5839,-4,42,37,-9,Estimate
1291,00252016,25,2016,5837,-2,27,56,27,Estimate
1292,00252017,25,2017,5837,0,29,48,19,Estimate
1293,00252018,25,2018,5837,0,29,37,8,Estimate
1294,00252019,25,2019,5841,4,28,45,21,Estimate
1295,00252020,25,2020,5689,-152,23,57,-118,Estimate
1296,00252021,25,2021,5736,47,30,66,83,Estimate
1297,00252022,25,2022,5605,-131,24,81,-74,Estimate
1298,00252023,25,2023,5639,34,29,49,54,Estimate
1299,00252024,25,2024,5632,-7,32,53,14,Estimate
1300,00252025,25,2025,5644,12,29,34,17,Projection
1301,00252026,25,2026,5656,12,29,35,18,Projection
1302,00252027,25,2027,5662,6,29,35,12,Projection
1303,00252028,25,2028,5668,6,29,36,13,Projection
1304,00252029,25,2029,5673,5,29,36,13,Projection
1305,00252030,25,2030,5677,4,29,37,12,Projection
1306,00252031,25,2031,5683,6,29,38,14,Projection
1307,00252032,25,2032,5692,8,30,38,17,Projection
1308,00252033,25,2033,5701,9,31,39,17,Projection
1309,00252034,25,2034,5711,10,31,39,18,Projection
1310,00252035,25,2035,5721,10,32,40,18,Projection
1311,00252036,25,2036,5732,11,33,41,19,Projection
1312,00252037,25,2037,5744,12,33,41,20,Projection
1313,00252038,25,2038,5755,11,34,42,19,Projection
1314,00252039,25,2039,5766,11,34,42,19,Projection
1315,00252040,25,2040,5778,12,35,43,20,Projection
1316,00252041,25,2041,5790,12,35,43,20,Projection
1317,00252042,25,2042,5804,14,35,43,22,Projection
1318,00252043,25,2043,5818,14,35,44,22,Projection
1319,00252044,25,2044,5832,14,36,44,23,Projection
1320,00252045,25,2045,5847,16,36,44,24,Projection
1321,00252046,25,2046,5862,15,36,44,23,Projection
1322,00252047,25,2047,5877,15,36,44,24,Projection
1323,00252048,25,2048,5893,15,36,45,24,Projection
1324,00252049,25,2049,5909,16,36,45,25,Projection
1325,00252050,25,2050,5925,16,36,45,25,Projection
1326,00252051,25,2051,5941,16,36,45,25,Projection
1327,00252052,25,2052,5958,16,36,45,25,Projection
1328,00252053,25,2053,5974,17,36,45,25,Projection
1329,00252054,25,2054,5991,17,36,44,25,Projection
1330,00252055,25,2055,6008,17,36,44,25,Projection
1331,00252056,25,2056,6025,17,37,44,25,Projection
1332,00252057,25,2057,6042,17,37,44,25,Projection
1333,00252058,25,2058,6060,17,37,44,25,Projection
1334,00252059,25,2059,6078,18,37,44,25,Projection
1335,00252060,25,2060,6095,18,37,45,25,Projection
1336,00271970,27,1970,1131,21,14,13,20,Estimate
1337,00271971,27,1971,1176,45,14,13,44,Estimate
1338,00271972,27,1972,1227,51,12,11,50,Estimate
1339,00271973,27,1973,1152,-75,14,10,-79,Estimate
1340,00271974,27,1974,1164,12,16,10,6,Estimate
1341,00271975,27,1975,1165,1,12,12,1,Estimate
1342,00271976,27,1976,1200,35,13,14,36,Estimate
1343,00271977,27,1977,1253,53,21,9,41,Estimate
1344,00271978,27,1978,1355,102,21,7,88,Estimate
1345,00271979,27,1979,1558,203,27,7,183,Estimate
1346,00271980,27,1980,1535,-23,32,8,-47,Estimate
1347,00271981,27,1981,1563,28,24,10,14,Estimate
1348,00271982,27,1982,1621,58,23,15,50,Estimate
1349,00271983,27,1983,1767,146,25,13,134,Estimate
1350,00271984,27,1984,1898,131,28,12,115,Estimate
1351,00271985,27,1985,2066,168,27,19,160,Estimate
1352,00271986,27,1986,2075,9,24,20,5,Estimate
1353,00271987,27,1987,2050,-25,26,12,-39,Estimate
1354,00271988,27,1988,1976,-74,21,9,-86,Estimate
1355,00271989,27,1989,1947,-29,21,14,-36,Estimate
1356,00271990,27,1990,1947,0,19,11,-8,Estimate
1357,00271991,27,1991,2010,63,13,12,62,Estimate
1358,00271992,27,1992,2139,129,28,19,120,Estimate
1359,00271993,27,1993,2322,183,19,22,186,Estimate
1360,00271994,27,1994,2414,92,36,14,70,Estimate
1361,00271995,27,1995,2621,207,34,12,185,Estimate
1362,00271996,27,1996,2850,229,35,24,218,Estimate
1363,00271997,27,1997,3060,210,30,13,193,Estimate
1364,00271998,27,1998,3174,114,35,14,93,Estimate
1365,00271999,27,1999,3357,183,34,21,170,Estimate
1366,00272000,27,2000,3518,161,35,21,147,Estimate
1367,00272001,27,2001,3730,212,30,15,197,Estimate
1368,00272002,27,2002,3783,53,31,27,49,Estimate
1369,00272003,27,2003,3934,151,25,28,154,Estimate
1370,00272004,27,2004,3984,50,36,21,35,Estimate
1371,00272005,27,2005,4045,61,24,30,67,Estimate
1372,00272006,27,2006,4017,-28,15,33,-10,Estimate
1373,00272007,27,2007,4130,113,23,26,116,Estimate
1374,00272008,27,2008,4119,-11,26,26,-11,Estimate
1375,00272009,27,2009,4166,47,24,39,62,Estimate
1376,00272010,27,2010,4272,106,25,37,118,Estimate
1377,00272011,27,2011,4318,46,22,29,53,Estimate
1378,00272012,27,2012,4367,49,26,36,59,Estimate
1379,00272013,27,2013,4405,38,21,36,53,Estimate
1380,00272014,27,2014,4437,32,22,34,44,Estimate
1381,00272015,27,2015,4467,30,26,35,39,Estimate
1382,00272016,27,2016,4496,29,18,53,64,Estimate
1383,00272017,27,2017,4539,43,37,44,50,Estimate
1384,00272018,27,2018,4591,52,32,48,68,Estimate
1385,00272019,27,2019,4645,54,22,28,60,Estimate
1386,00272020,27,2020,4721,76,39,48,85,Estimate
1387,00272021,27,2021,5062,341,41,59,359,Estimate
1388,00272022,27,2022,5339,277,44,66,299,Estimate
1389,00272023,27,2023,5551,212,45,53,220,Estimate
1390,00272024,27,2024,5558,7,53,54,8,Estimate
1391,00272025,27,2025,5543,-15,44,62,2,Projection
1392,00272026,27,2026,5528,-14,46,62,2,Projection
1393,00272027,27,2027,5557,29,47,63,45,Projection
1394,00272028,27,2028,5594,37,48,65,54,Projection
1395,00272029,27,2029,5639,45,48,66,63,Projection
1396,00272030,27,2030,5695,56,49,68,75,Projection
1397,00272031,27,2031,5752,57,49,69,77,Projection
1398,00272032,27,2032,5809,57,48,71,80,Projection
1399,00272033,27,2033,5863,55,47,73,80,Projection
1400,00272034,27,2034,5915,51,47,74,79,Projection
1401,00272035,27,2035,5965,50,46,76,80,Projection
1402,00272036,27,2036,6011,46,45,78,78,Projection
1403,00272037,27,2037,6054,43,45,79,77,Projection
1404,00272038,27,2038,6095,41,44,81,77,Projection
1405,00272039,27,2039,6133,38,44,82,76,Projection
1406,00272040,27,2040,6174,41,44,83,80,Projection
1407,00272041,27,2041,6220,45,44,84,85,Projection
1408,00272042,27,2042,6274,54,44,85,94,Projection
1409,00272043,27,2043,6332,58,45,85,99,Projection
1410,00272044,27,2044,6392,60,45,86,101,Projection
1411,00272045,27,2045,6453,61,46,87,102,Projection
1412,00272046,27,2046,6515,62,47,87,102,Projection
1413,00272047,27,2047,6578,63,48,88,104,Projection
1414,00272048,27,2048,6643,65,48,88,105,Projection
1415,00272049,27,2049,6712,69,49,88,108,Projection
1416,00272050,27,2050,6779,67,50,89,106,Projection
1417,00272051,27,2051,6847,68,51,89,106,Projection
1418,00272052,27,2052,6916,69,52,89,106,Projection
1419,00272053,27,2053,6985,69,52,89,106,Projection
1420,00272054,27,2054,7055,70,53,89,106,Projection
1421,00272055,27,2055,7125,71,53,89,106,Projection
1422,00272056,27,2056,7197,71,54,89,106,Projection
1423,00272057,27,2057,7268,72,54,89,106,Projection
1424,00272058,27,2058,7340,72,55,89,106,Projection
1425,00272059,27,2059,7413,72,55,89,106,Projection
1426,00272060,27,2060,7485,73,55,89,106,Projection
1427,00291970,29,1970,15316,-184,213,213,-184,Estimate
1428,00291971,29,1971,15437,121,217,216,120,Estimate
1429,00291972,29,1972,16016,579,217,218,580,Estimate
1430,00291973,29,1973,16465,449,212,219,456,Estimate
1431,00291974,29,1974,17185,720,224,201,697,Estimate
1432,00291975,29,1975,18202,1017,235,202,984,Estimate
1433,00291976,29,1976,18477,275,234,222,263,Estimate
1434,00291977,29,1977,19080,603,273,220,550,Estimate
1435,00291978,29,1978,19591,511,313,210,408,Estimate
1436,00291979,29,1979,20644,1053,314,217,956,Estimate
1437,00291980,29,1980,21477,833,336,227,724,Estimate
1438,00291981,29,1981,22479,1002,363,238,877,Estimate
1439,00291982,29,1982,23433,954,382,228,800,Estimate
1440,00291983,29,1983,23627,194,381,246,59,Estimate
1441,00291984,29,1984,24015,388,352,282,318,Estimate
1442,00291985,29,1985,23466,-549,331,263,-617,Estimate
1443,00291986,29,1986,22353,-1113,307,234,-1186,Estimate
1444,00291987,29,1987,21782,-571,275,244,-602,Estimate
1445,00291988,29,1988,21502,-280,248,257,-271,Estimate
1446,00291989,29,1989,21205,-297,239,257,-279,Estimate
1447,00291990,29,1990,21036,-169,234,268,-135,Estimate
1448,00291991,29,1991,21227,191,236,264,219,Estimate
1449,00291992,29,1992,21870,643,280,270,633,Estimate
1450,00291993,29,1993,23237,1367,268,257,1356,Estimate
1451,00291994,29,1994,24343,1106,274,284,1116,Estimate
1452,00291995,29,1995,25193,850,306,292,836,Estimate
1453,00291996,29,1996,25718,525,300,319,544,Estimate
1454,00291997,29,1997,26001,283,298,311,296,Estimate
1455,00291998,29,1998,26827,826,309,296,813,Estimate
1456,00291999,29,1999,27408,581,299,317,599,Estimate
1457,00292000,29,2000,27910,502,296,330,536,Estimate
1458,00292001,29,2001,28387,477,316,314,475,Estimate
1459,00292002,29,2002,28778,391,317,339,413,Estimate
1460,00292003,29,2003,29061,283,344,329,268,Estimate
1461,00292004,29,2004,29453,392,330,299,361,Estimate
1462,00292005,29,2005,29412,-41,336,336,-41,Estimate
1463,00292006,29,2006,29702,290,346,303,247,Estimate
1464,00292007,29,2007,29877,175,353,323,145,Estimate
1465,00292008,29,2008,30342,465,369,351,447,Estimate
1466,00292009,29,2009,30625,283,329,358,312,Estimate
1467,00292010,29,2010,30889,264,341,339,262,Estimate
1468,00292011,29,2011,30433,-456,344,356,-444,Estimate
1469,00292012,29,2012,30554,121,337,316,100,Estimate
1470,00292013,29,2013,30428,-126,320,317,-129,Estimate
1471,00292014,29,2014,30066,-362,292,362,-292,Estimate
1472,00292015,29,2015,30039,-27,271,379,81,Estimate
1473,00292016,29,2016,30489,450,281,358,527,Estimate
1474,00292017,29,2017,30703,214,281,382,315,Estimate
1475,00292018,29,2018,31033,330,280,438,488,Estimate
1476,00292019,29,2019,31238,205,269,407,343,Estimate
1477,00292020,29,2020,31058,-180,277,416,-41,Estimate
1478,00292021,29,2021,31390,332,300,491,523,Estimate
1479,00292022,29,2022,31576,186,261,503,428,Estimate
1480,00292023,29,2023,31783,207,264,446,389,Estimate
1481,00292024,29,2024,32295,512,277,397,632,Estimate
1482,00292025,29,2025,32776,481,279,424,625,Projection
1483,00292026,29,2026,33259,484,285,432,630,Projection
1484,00292027,29,2027,33297,38,290,443,191,Projection
1485,00292028,29,2028,33371,74,288,448,234,Projection
1486,00292029,29,2029,33493,122,287,453,288,Projection
1487,00292030,29,2030,33657,164,286,460,339,Projection
1488,00292031,29,2031,33865,208,284,467,391,Projection
1489,00292032,29,2032,34108,243,283,475,435,Projection
1490,00292033,29,2033,34339,232,282,483,433,Projection
1491,00292034,29,2034,34560,220,280,492,432,Projection
1492,00292035,29,2035,34769,210,278,500,431,Projection
1493,00292036,29,2036,34970,200,277,507,431,Projection
1494,00292037,29,2037,35159,189,275,515,428,Projection
1495,00292038,29,2038,35338,179,274,521,426,Projection
1496,00292039,29,2039,35507,169,273,528,424,Projection
1497,00292040,29,2040,35665,158,272,534,421,Projection
1498,00292041,29,2041,35814,149,271,540,418,Projection
1499,00292042,29,2042,35979,165,269,545,441,Projection
1500,00292043,29,2043,36130,152,268,550,434,Projection
1501,00292044,29,2044,36285,154,267,555,442,Projection
1502,00292045,29,2045,36440,155,266,559,448,Projection
1503,00292046,29,2046,36589,149,265,562,446,Projection
1504,00292047,29,2047,36739,150,264,565,451,Projection
1505,00292048,29,2048,36892,152,263,568,457,Projection
1506,00292049,29,2049,37050,158,262,569,465,Projection
1507,00292050,29,2050,37200,150,262,570,459,Projection
1508,00292051,29,2051,37350,150,261,571,459,Projection
1509,00292052,29,2052,37500,150,261,570,459,Projection
1510,00292053,29,2053,37650,151,262,570,459,Projection
1511,00292054,29,2054,37801,151,262,570,459,Projection
1512,00292055,29,2055,37953,152,262,569,459,Projection
1513,00292056,29,2056,38106,153,262,568,459,Projection
1514,00292057,29,2057,38260,154,262,567,459,Projection
1515,00292058,29,2058,38414,154,262,566,459,Projection
1516,00292059,29,2059,38570,156,262,565,459,Projection
1517,00292060,29,2060,38726,156,262,565,459,Projection
1518,00311970,31,1970,515985,1985,9802,5275,-2542,Estimate
1519,00311971,31,1971,521213,5228,9644,5337,921,Estimate
1520,00311972,31,1972,520235,-978,8861,5232,-4607,Estimate
1521,00311973,31,1973,524014,3779,8045,5206,940,Estimate
1522,00311974,31,1974,514875,-9139,7499,5070,-11568,Estimate
1523,00311975,31,1975,499371,-15504,7411,4728,-18187,Estimate
1524,00311976,31,1976,501128,1757,7406,4616,-1033,Estimate
1525,00311977,31,1977,496702,-4426,7492,4585,-7333,Estimate
1526,00311978,31,1978,496054,-648,7641,4582,-3707,Estimate
1527,00311979,31,1979,496263,209,7823,4587,-3027,Estimate
1528,00311980,31,1980,493385,-2878,8201,4525,-6554,Estimate
1529,00311981,31,1981,495990,2605,8547,4561,-1381,Estimate
1530,00311982,31,1982,498377,2387,8906,4539,-1980,Estimate
1531,00311983,31,1983,503273,4896,9110,4541,327,Estimate
1532,00311984,31,1984,496672,-6601,8994,4614,-10981,Estimate
1533,00311985,31,1985,496431,-241,8935,4581,-4595,Estimate
1534,00311986,31,1986,497014,583,9068,4583,-3902,Estimate
1535,00311987,31,1987,490274,-6740,9020,4567,-11193,Estimate
1536,00311988,31,1988,479622,-10652,8616,4484,-14784,Estimate
1537,00311989,31,1989,472785,-6837,8314,4437,-10714,Estimate
1538,00311990,31,1990,466998,-5787,8443,4402,-9828,Estimate
1539,00311991,31,1991,475184,8186,8548,4450,4088,Estimate
1540,00311992,31,1992,488265,13081,8807,4565,8839,Estimate
1541,00311993,31,1993,501336,13071,8611,4670,9130,Estimate
1542,00311994,31,1994,504252,2916,8401,4711,-774,Estimate
1543,00311995,31,1995,507720,3468,8062,4886,292,Estimate
1544,00311996,31,1996,518260,10540,8349,4731,6922,Estimate
1545,00311997,31,1997,527442,9182,8594,4684,5272,Estimate
1546,00311998,31,1998,533409,5967,8608,4648,2007,Estimate
1547,00311999,31,1999,545515,12106,9183,4483,7406,Estimate
1548,00312000,31,2000,556740,11225,9544,4390,6071,Estimate
1549,00312001,31,2001,563300,6560,10297,4310,573,Estimate
1550,00312002,31,2002,559090,-4210,10278,4444,-10044,Estimate
1551,00312003,31,2003,560348,1258,10404,4234,-4912,Estimate
1552,00312004,31,2004,560230,-118,10269,4318,-6069,Estimate
1553,00312005,31,2005,559459,-771,10436,4278,-6929,Estimate
1554,00312006,31,2006,562862,3403,10134,4194,-2537,Estimate
1555,00312007,31,2007,570437,7575,10084,4134,1625,Estimate
1556,00312008,31,2008,581903,11466,10169,4183,5480,Estimate
1557,00312009,31,2009,595573,13670,10184,4134,7620,Estimate
1558,00312010,31,2010,604879,9306,9716,4229,3819,Estimate
1559,00312011,31,2011,620229,15350,9634,4184,9900,Estimate
1560,00312012,31,2012,632924,12695,9189,4170,7676,Estimate
1561,00312013,31,2013,645302,12378,9261,4216,7333,Estimate
1562,00312014,31,2014,658632,13330,9327,4233,8236,Estimate
1563,00312015,31,2015,675534,16902,9365,4323,11860,Estimate
1564,00312016,31,2016,686468,10934,9417,4467,5984,Estimate
1565,00312017,31,2017,693134,6666,9009,4370,2027,Estimate
1566,00312018,31,2018,702679,9545,8943,4434,5036,Estimate
1567,00312019,31,2019,710143,7464,8726,4526,3264,Estimate
1568,00312020,31,2020,717626,7483,8696,5124,3911,Estimate
1569,00312021,31,2021,711487,-6139,8557,5165,-9531,Estimate
1570,00312022,31,2022,714747,3260,8167,5407,500,Estimate
1571,00312023,31,2023,720885,6138,8070,5176,3244,Estimate
1572,00312024,31,2024,728309,7424,8285,5132,4271,Estimate
1573,00312025,31,2025,731070,2761,8270,4605,-903,Projection
1574,00312026,31,2026,734465,3395,8344,4630,-319,Projection
1575,00312027,31,2027,739731,5266,8383,4698,1580,Projection
1576,00312028,31,2028,745628,5897,8427,4774,2245,Projection
1577,00312029,31,2029,751946,6318,8461,4854,2710,Projection
1578,00312030,31,2030,758616,6670,8493,4938,3115,Projection
1579,00312031,31,2031,765639,7023,8526,5025,3522,Projection
1580,00312032,31,2032,772637,6998,8555,5117,3559,Projection
1581,00312033,31,2033,779212,6575,8587,5210,3198,Projection
1582,00312034,31,2034,785410,6198,8612,5300,2885,Projection
1583,00312035,31,2035,791220,5810,8632,5391,2569,Projection
1584,00312036,31,2036,796622,5401,8644,5481,2238,Projection
1585,00312037,31,2037,801609,4988,8650,5567,1905,Projection
1586,00312038,31,2038,806162,4553,8646,5648,1555,Projection
1587,00312039,31,2039,810291,4129,8634,5726,1221,Projection
1588,00312040,31,2040,813593,3302,8605,5798,495,Projection
1589,00312041,31,2041,816116,2523,8557,5861,-173,Projection
1590,00312042,31,2042,818492,2375,8499,5917,-207,Projection
1591,00312043,31,2043,820748,2256,8435,5970,-209,Projection
1592,00312044,31,2044,822897,2149,8367,6016,-202,Projection
1593,00312045,31,2045,824955,2059,8296,6054,-183,Projection
1594,00312046,31,2046,826939,1984,8225,6088,-153,Projection
1595,00312047,31,2047,828858,1919,8158,6120,-119,Projection
1596,00312048,31,2048,830706,1847,8095,6156,-92,Projection
1597,00312049,31,2049,832504,1798,8038,6179,-61,Projection
1598,00312050,31,2050,834260,1757,7987,6202,-28,Projection
1599,00312051,31,2051,835949,1689,7942,6226,-28,Projection
1600,00312052,31,2052,837572,1623,7902,6251,-28,Projection
1601,00312053,31,2053,839133,1561,7869,6280,-28,Projection
1602,00312054,31,2054,840639,1506,7842,6308,-28,Projection
1603,00312055,31,2055,842093,1454,7822,6341,-28,Projection
1604,00312056,31,2056,843495,1403,7808,6377,-28,Projection
1605,00312057,31,2057,844851,1355,7798,6415,-28,Projection
1606,00312058,31,2058,846157,1306,7793,6459,-28,Projection
1607,00312059,31,2059,847413,1256,7789,6505,-28,Projection
1608,00312060,31,2060,848617,1204,7788,6556,-28,Projection
1609,00331970,33,1970,1628,-102,31,15,-118,Estimate
1610,00331971,33,1971,1578,-50,28,13,-65,Estimate
1611,00331972,33,1972,1544,-34,23,14,-43,Estimate
1612,00331973,33,1973,1559,15,18,12,9,Estimate
1613,00331974,33,1974,1442,-117,20,10,-127,Estimate
1614,00331975,33,1975,1581,139,24,14,129,Estimate
1615,00331976,33,1976,1566,-15,27,16,-26,Estimate
1616,00331977,33,1977,1467,-99,32,12,-119,Estimate
1617,00331978,33,1978,1519,52,35,12,29,Estimate
1618,00331979,33,1979,1514,-5,36,13,-28,Estimate
1619,00331980,33,1980,1662,148,35,10,123,Estimate
1620,00331981,33,1981,1680,18,34,11,-5,Estimate
1621,00331982,33,1982,1682,2,30,16,-12,Estimate
1622,00331983,33,1983,1789,107,33,14,88,Estimate
1623,00331984,33,1984,1687,-102,32,11,-123,Estimate
1624,00331985,33,1985,1548,-139,26,11,-154,Estimate
1625,00331986,33,1986,1529,-19,24,10,-33,Estimate
1626,00331987,33,1987,1494,-35,25,12,-48,Estimate
1627,00331988,33,1988,1591,97,27,12,82,Estimate
1628,00331989,33,1989,1541,-50,21,14,-57,Estimate
1629,00331990,33,1990,1507,-34,18,14,-38,Estimate
1630,00331991,33,1991,1432,-75,16,13,-78,Estimate
1631,00331992,33,1992,1401,-31,18,13,-36,Estimate
1632,00331993,33,1993,1426,25,16,13,22,Estimate
1633,00331994,33,1994,1500,74,13,8,69,Estimate
1634,00331995,33,1995,1557,57,18,21,60,Estimate
1635,00331996,33,1996,1645,88,23,14,79,Estimate
1636,00331997,33,1997,1674,29,24,16,21,Estimate
1637,00331998,33,1998,1764,90,13,9,86,Estimate
1638,00331999,33,1999,1810,46,16,22,52,Estimate
1639,00332000,33,2000,1847,37,21,18,34,Estimate
1640,00332001,33,2001,1865,18,22,19,15,Estimate
1641,00332002,33,2002,1880,15,22,21,14,Estimate
1642,00332003,33,2003,1879,-1,20,24,3,Estimate
1643,00332004,33,2004,1873,-6,23,19,-10,Estimate
1644,00332005,33,2005,1888,15,21,11,5,Estimate
1645,00332006,33,2006,1990,102,22,20,100,Estimate
1646,00332007,33,2007,2001,11,27,20,4,Estimate
1647,00332008,33,2008,2074,73,30,19,62,Estimate
1648,00332009,33,2009,2052,-22,28,16,-34,Estimate
1649,00332010,33,2010,2060,8,17,14,5,Estimate
1650,00332011,33,2011,2065,5,18,17,4,Estimate
1651,00332012,33,2012,2078,13,24,17,6,Estimate
1652,00332013,33,2013,2082,4,17,18,5,Estimate
1653,00332014,33,2014,2084,2,15,30,17,Estimate
1654,00332015,33,2015,2087,3,19,12,-4,Estimate
1655,00332016,33,2016,2088,1,15,14,0,Estimate
1656,00332017,33,2017,2088,0,12,21,9,Estimate
1657,00332018,33,2018,2091,3,16,21,8,Estimate
1658,00332019,33,2019,2085,-6,7,18,5,Estimate
1659,00332020,33,2020,2078,-7,13,25,5,Estimate
1660,00332021,33,2021,2122,44,16,30,58,Estimate
1661,00332022,33,2022,2205,83,20,42,105,Estimate
1662,00332023,33,2023,2271,66,23,27,70,Estimate
1663,00332024,33,2024,2209,-62,12,19,-55,Estimate
1664,00332025,33,2025,2154,-55,18,19,-54,Projection
1665,00332026,33,2026,2100,-54,18,19,-54,Projection
1666,00332027,33,2027,2100,0,18,18,0,Projection
1667,00332028,33,2028,2099,-2,17,18,0,Projection
1668,00332029,33,2029,2096,-3,17,18,-1,Projection
1669,00332030,33,2030,2098,2,17,18,3,Projection
1670,00332031,33,2031,2099,1,17,18,3,Projection
1671,00332032,33,2032,2099,0,16,18,2,Projection
1672,00332033,33,2033,2097,-1,16,18,1,Projection
1673,00332034,33,2034,2095,-2,16,18,1,Projection
1674,00332035,33,2035,2092,-4,16,18,-1,Projection
1675,00332036,33,2036,2088,-4,15,18,-1,Projection
1676,00332037,33,2037,2084,-4,15,18,-1,Projection
1677,00332038,33,2038,2081,-3,15,18,0,Projection
1678,00332039,33,2039,2079,-2,15,18,2,Projection
1679,00332040,33,2040,2078,-1,15,18,2,Projection
1680,00332041,33,2041,2078,0,15,18,2,Projection
1681,00332042,33,2042,2077,0,15,18,3,Projection
1682,00332043,33,2043,2078,1,15,18,4,Projection
1683,00332044,33,2044,2079,1,15,18,4,Projection
1684,00332045,33,2045,2080,0,15,18,3,Projection
1685,00332046,33,2046,2080,1,15,17,3,Projection
1686,00332047,33,2047,2082,2,15,17,4,Projection
1687,00332048,33,2048,2084,2,15,17,4,Projection
1688,00332049,33,2049,2085,1,15,17,3,Projection
1689,00332050,33,2050,2087,1,15,17,3,Projection
1690,00332051,33,2051,2088,2,15,17,3,Projection
1691,00332052,33,2052,2090,2,15,17,3,Projection
1692,00332053,33,2053,2092,2,15,16,3,Projection
1693,00332054,33,2054,2094,2,15,16,3,Projection
1694,00332055,33,2055,2096,2,15,16,3,Projection
1695,00332056,33,2056,2098,2,15,16,3,Projection
1696,00332057,33,2057,2100,2,15,16,3,Projection
1697,00332058,33,2058,2103,2,15,16,3,Projection
1698,00332059,33,2059,2105,2,16,16,3,Projection
1699,00332060,33,2060,2108,3,16,16,3,Projection
1700,00351970,35,1970,8594,774,129,66,711,Estimate
1701,00351971,35,1971,9344,750,136,68,682,Estimate
1702,00351972,35,1972,10324,980,126,63,917,Estimate
1703,00351973,35,1973,11707,1383,131,69,1321,Estimate
1704,00351974,35,1974,13115,1408,148,69,1329,Estimate
1705,00351975,35,1975,14647,1532,159,59,1432,Estimate
1706,00351976,35,1976,15797,1150,183,60,1027,Estimate
1707,00351977,35,1977,17614,1817,234,65,1648,Estimate
1708,00351978,35,1978,20787,3173,272,87,2988,Estimate
1709,00351979,35,1979,23101,2314,325,99,2088,Estimate
1710,00351980,35,1980,25627,2526,355,93,2264,Estimate
1711,00351981,35,1981,27515,1888,381,88,1595,Estimate
1712,00351982,35,1982,29927,2412,440,95,2067,Estimate
1713,00351983,35,1983,33124,3197,510,119,2806,Estimate
1714,00351984,35,1984,36327,3203,574,130,2759,Estimate
1715,00351985,35,1985,40048,3721,635,128,3214,Estimate
1716,00351986,35,1986,45654,5606,726,126,5006,Estimate
1717,00351987,35,1987,48844,3190,813,128,2505,Estimate
1718,00351988,35,1988,53127,4283,922,152,3513,Estimate
1719,00351989,35,1989,57164,4037,1060,167,3144,Estimate
1720,00351990,35,1990,61614,4450,1169,153,3434,Estimate
1721,00351991,35,1991,66688,5074,1311,159,3922,Estimate
1722,00351992,35,1992,75360,8672,1369,190,7493,Estimate
1723,00351993,35,1993,83128,7768,1483,222,6507,Estimate
1724,00351994,35,1994,92530,9402,1617,262,8047,Estimate
1725,00351995,35,1995,103836,11306,1719,239,9826,Estimate
1726,00351996,35,1996,114713,10877,1981,251,9147,Estimate
1727,00351997,35,1997,129329,14616,2281,329,12664,Estimate
1728,00351998,35,1998,144352,15023,2525,350,12848,Estimate
1729,00351999,35,1999,162324,17972,2897,399,15474,Estimate
1730,00352000,35,2000,180511,18187,3281,438,15344,Estimate
1731,00352001,35,2001,199038,18527,3648,490,15369,Estimate
1732,00352002,35,2002,209705,10667,3765,505,7407,Estimate
1733,00352003,35,2003,221146,11441,3999,534,7976,Estimate
1734,00352004,35,2004,233646,12500,3967,585,9118,Estimate
1735,00352005,35,2005,244442,10796,4159,589,7226,Estimate
1736,00352006,35,2006,257833,13391,4112,654,9933,Estimate
1737,00352007,35,2007,268599,10766,4205,748,7309,Estimate
1738,00352008,35,2008,276740,8141,3938,784,4987,Estimate
1739,00352009,35,2009,282163,5423,3773,779,2429,Estimate
1740,00352010,35,2010,287124,4961,3627,904,2238,Estimate
1741,00352011,35,2011,292623,5499,3557,905,2847,Estimate
1742,00352012,35,2012,298733,6110,3477,1034,3667,Estimate
1743,00352013,35,2013,306327,7594,3429,1043,5208,Estimate
1744,00352014,35,2014,314609,8282,3536,1035,5781,Estimate
1745,00352015,35,2015,322079,7470,3376,1252,5346,Estimate
1746,00352016,35,2016,328333,6254,3495,1338,4097,Estimate
1747,00352017,35,2017,335933,7600,3507,1337,5430,Estimate
1748,00352018,35,2018,343267,7334,3417,1434,5351,Estimate
1749,00352019,35,2019,351212,7945,3449,1507,6003,Estimate
1750,00352020,35,2020,360315,9103,3583,1755,7275,Estimate
1751,00352021,35,2021,369842,9527,3529,1872,7870,Estimate
1752,00352022,35,2022,376444,6602,3850,2130,4882,Estimate
1753,00352023,35,2023,385141,8697,3914,2071,6854,Estimate
1754,00352024,35,2024,394030,8889,3960,2105,7034,Estimate
1755,00352025,35,2025,401211,7181,3868,1993,5306,Projection
1756,00352026,35,2026,408412,7202,3890,2064,5375,Projection
1757,00352027,35,2027,415581,7169,3928,2159,5400,Projection
1758,00352028,35,2028,422791,7210,3967,2257,5500,Projection
1759,00352029,35,2029,429940,7149,4006,2357,5500,Projection
1760,00352030,35,2030,436921,6981,4041,2460,5400,Projection
1761,00352031,35,2031,443733,6812,4077,2566,5300,Projection
1762,00352032,35,2032,450666,6933,4107,2674,5500,Projection
1763,00352033,35,2033,457519,6853,4138,2785,5500,Projection
1764,00352034,35,2034,464241,6722,4170,2898,5450,Projection
1765,00352035,35,2035,470833,6592,4204,3013,5400,Projection
1766,00352036,35,2036,477287,6455,4234,3130,5350,Projection
1767,00352037,35,2037,483597,6310,4259,3249,5300,Projection
1768,00352038,35,2038,489757,6160,4277,3367,5250,Projection
1769,00352039,35,2039,495760,6003,4289,3486,5200,Projection
1770,00352040,35,2040,501601,5840,4296,3605,5150,Projection
1771,00352041,35,2041,507274,5674,4297,3724,5100,Projection
1772,00352042,35,2042,512780,5506,4296,3840,5050,Projection
1773,00352043,35,2043,518113,5333,4291,3957,5000,Projection
1774,00352044,35,2044,523272,5158,4282,4074,4950,Projection
1775,00352045,35,2045,528255,4984,4270,4186,4900,Projection
1776,00352046,35,2046,533066,4810,4254,4293,4850,Projection
1777,00352047,35,2047,537700,4634,4236,4401,4800,Projection
1778,00352048,35,2048,542154,4455,4216,4511,4750,Projection
1779,00352049,35,2049,546436,4282,4195,4613,4700,Projection
1780,00352050,35,2050,550552,4116,4174,4708,4650,Projection
1781,00352051,35,2051,554506,3954,4154,4800,4600,Projection
1782,00352052,35,2052,558303,3796,4136,4889,4550,Projection
1783,00352053,35,2053,561945,3643,4119,4976,4500,Projection
1784,00352054,35,2054,565437,3491,4102,5061,4450,Projection
1785,00352055,35,2055,568781,3344,4086,5141,4400,Projection
1786,00352056,35,2056,571979,3198,4069,5221,4350,Projection
1787,00352057,35,2057,575034,3054,4052,5297,4300,Projection
1788,00352058,35,2058,577947,2913,4034,5371,4250,Projection
1789,00352059,35,2059,580722,2775,4016,5442,4200,Projection
1790,00352060,35,2060,583363,2641,3998,5507,4150,Projection
1791,00371970,37,1970,7689,1169,169,42,1042,Estimate
1792,00371971,37,1971,8452,763,187,49,625,Estimate
1793,00371972,37,1972,8763,311,171,49,189,Estimate
1794,00371973,37,1973,9541,778,161,46,663,Estimate
1795,00371974,37,1974,10344,803,168,49,684,Estimate
1796,00371975,37,1975,10619,275,171,50,154,Estimate
1797,00371976,37,1976,11432,813,185,43,671,Estimate
1798,00371977,37,1977,12083,651,183,39,507,Estimate
1799,00371978,37,1978,12872,789,194,51,646,Estimate
1800,00371979,37,1979,13283,411,241,57,227,Estimate
1801,00371980,37,1980,13411,128,280,48,-104,Estimate
1802,00371981,37,1981,13772,361,313,44,92,Estimate
1803,00371982,37,1982,15378,1606,362,45,1289,Estimate
1804,00371983,37,1983,15959,581,379,47,249,Estimate
1805,00371984,37,1984,16771,812,366,43,489,Estimate
1806,00371985,37,1985,18029,1258,375,40,923,Estimate
1807,00371986,37,1986,18853,824,374,49,499,Estimate
1808,00371987,37,1987,19002,149,366,59,-158,Estimate
1809,00371988,37,1988,19567,565,370,57,252,Estimate
1810,00371989,37,1989,20881,1314,393,47,968,Estimate
1811,00371990,37,1990,22182,1301,418,42,925,Estimate
1812,00371991,37,1991,23459,1277,411,44,910,Estimate
1813,00371992,37,1992,24938,1479,431,44,1092,Estimate
1814,00371993,37,1993,26834,1896,432,62,1526,Estimate
1815,00371994,37,1994,29026,2192,469,67,1790,Estimate
1816,00371995,37,1995,30882,1856,436,62,1482,Estimate
1817,00371996,37,1996,32928,2046,492,75,1629,Estimate
1818,00371997,37,1997,35206,2278,599,62,1741,Estimate
1819,00371998,37,1998,37611,2405,630,60,1835,Estimate
1820,00371999,37,1999,39910,2299,645,49,1703,Estimate
1821,00372000,37,2000,43288,3378,774,80,2684,Estimate
1822,00372001,37,2001,44440,1152,785,64,431,Estimate
1823,00372002,37,2002,45100,660,769,87,-22,Estimate
1824,00372003,37,2003,45758,658,830,88,-84,Estimate
1825,00372004,37,2004,46485,727,794,90,23,Estimate
1826,00372005,37,2005,47278,793,769,89,113,Estimate
1827,00372006,37,2006,48214,936,851,98,183,Estimate
1828,00372007,37,2007,49284,1070,872,84,282,Estimate
1829,00372008,37,2008,50301,1017,858,104,263,Estimate
1830,00372009,37,2009,51520,1219,871,93,441,Estimate
1831,00372010,37,2010,52057,537,775,96,-142,Estimate
1832,00372011,37,2011,52120,63,650,83,-504,Estimate
1833,00372012,37,2012,52160,40,695,100,-555,Estimate
1834,00372013,37,2013,52262,102,602,120,-380,Estimate
1835,00372014,37,2014,52398,136,659,121,-402,Estimate
1836,00372015,37,2015,52780,382,642,111,-149,Estimate
1837,00372016,37,2016,53041,261,664,121,-282,Estimate
1838,00372017,37,2017,53724,683,607,126,202,Estimate
1839,00372018,37,2018,54205,481,575,140,46,Estimate
1840,00372019,37,2019,54818,613,557,145,201,Estimate
1841,00372020,37,2020,55673,855,529,171,497,Estimate
1842,00372021,37,2021,55799,126,518,167,-225,Estimate
1843,00372022,37,2022,55318,-481,523,181,-823,Estimate
1844,00372023,37,2023,54577,-741,508,173,-1076,Estimate
1845,00372024,37,2024,54196,-381,456,198,-639,Estimate
1846,00372025,37,2025,53715,-481,456,160,-778,Projection
1847,00372026,37,2026,53294,-421,464,158,-727,Projection
1848,00372027,37,2027,53479,185,468,156,-127,Projection
1849,00372028,37,2028,53647,168,476,158,-150,Projection
1850,00372029,37,2029,54062,414,484,159,90,Projection
1851,00372030,37,2030,54495,433,494,163,103,Projection
1852,00372031,37,2031,55205,710,511,166,365,Projection
1853,00372032,37,2032,55957,752,526,169,395,Projection
1854,00372033,37,2033,56723,766,541,173,398,Projection
1855,00372034,37,2034,57502,779,556,176,399,Projection
1856,00372035,37,2035,58287,786,570,180,396,Projection
1857,00372036,37,2036,59066,779,583,183,379,Projection
1858,00372037,37,2037,59835,769,595,187,361,Projection
1859,00372038,37,2038,60589,754,605,190,339,Projection
1860,00372039,37,2039,61326,737,614,193,317,Projection
1861,00372040,37,2040,62042,715,621,197,292,Projection
1862,00372041,37,2041,62733,691,625,200,266,Projection
1863,00372042,37,2042,63419,686,628,203,261,Projection
1864,00372043,37,2043,64087,668,629,207,246,Projection
1865,00372044,37,2044,64745,658,629,210,238,Projection
1866,00372045,37,2045,65393,648,628,213,233,Projection
1867,00372046,37,2046,66028,635,625,215,225,Projection
1868,00372047,37,2047,66652,624,622,218,220,Projection
1869,00372048,37,2048,67262,610,619,222,213,Projection
1870,00372049,37,2049,67862,600,614,225,210,Projection
1871,00372050,37,2050,68442,581,610,228,198,Projection
1872,00372051,37,2051,69016,574,606,230,198,Projection
1873,00372052,37,2052,69584,568,603,232,198,Projection
1874,00372053,37,2053,70147,563,600,235,198,Projection
1875,00372054,37,2054,70707,559,598,237,198,Projection
1876,00372055,37,2055,71262,556,597,239,198,Projection
1877,00372056,37,2056,71817,554,597,241,198,Projection
1878,00372057,37,2057,72369,553,598,243,198,Projection
1879,00372058,37,2058,72922,552,600,246,198,Projection
1880,00372059,37,2059,73475,553,603,248,198,Projection
1881,00372060,37,2060,74030,555,606,249,198,Projection
1882,00391970,39,1970,3912,52,39,41,54,Estimate
1883,00391971,39,1971,3947,35,49,37,23,Estimate
1884,00391972,39,1972,4045,98,51,40,87,Estimate
1885,00391973,39,1973,4672,627,49,42,620,Estimate
1886,00391974,39,1974,4728,56,55,40,41,Estimate
1887,00391975,39,1975,4919,191,63,35,163,Estimate
1888,00391976,39,1976,5277,358,75,36,319,Estimate
1889,00391977,39,1977,5334,57,88,37,6,Estimate
1890,00391978,39,1978,5595,261,95,32,198,Estimate
1891,00391979,39,1979,6201,606,90,35,551,Estimate
1892,00391980,39,1980,6904,703,97,43,649,Estimate
1893,00391981,39,1981,7122,218,112,42,148,Estimate
1894,00391982,39,1982,7500,378,123,42,297,Estimate
1895,00391983,39,1983,7997,497,131,44,410,Estimate
1896,00391984,39,1984,8261,264,126,46,184,Estimate
1897,00391985,39,1985,8560,299,113,47,233,Estimate
1898,00391986,39,1986,8793,233,119,46,160,Estimate
1899,00391987,39,1987,9340,547,138,45,454,Estimate
1900,00391988,39,1988,9829,489,136,42,395,Estimate
1901,00391989,39,1989,9725,-104,124,50,-178,Estimate
1902,00391990,39,1990,9754,29,139,54,-56,Estimate
1903,00391991,39,1991,10267,513,141,53,425,Estimate
1904,00391992,39,1992,10764,497,152,51,396,Estimate
1905,00391993,39,1993,11535,771,111,53,713,Estimate
1906,00391994,39,1994,12846,1311,155,66,1222,Estimate
1907,00391995,39,1995,14325,1479,179,53,1353,Estimate
1908,00391996,39,1996,15812,1487,182,60,1365,Estimate
1909,00391997,39,1997,16987,1175,192,75,1058,Estimate
1910,00391998,39,1998,18030,1043,217,69,895,Estimate
1911,00391999,39,1999,19086,1056,216,63,903,Estimate
1912,00392000,39,2000,20102,1016,208,91,899,Estimate
1913,00392001,39,2001,21294,1192,256,83,1019,Estimate
1914,00392002,39,2002,21604,310,236,91,165,Estimate
1915,00392003,39,2003,21933,329,214,89,204,Estimate
1916,00392004,39,2004,22041,108,215,111,4,Estimate
1917,00392005,39,2005,22259,218,202,89,105,Estimate
1918,00392006,39,2006,22527,268,196,86,158,Estimate
1919,00392007,39,2007,22478,-49,204,94,-159,Estimate
1920,00392008,39,2008,22663,185,164,124,145,Estimate
1921,00392009,39,2009,22890,227,185,117,159,Estimate
1922,00392010,39,2010,23107,217,163,107,161,Estimate
1923,00392011,39,2011,23032,-75,174,107,-142,Estimate
1924,00392012,39,2012,23034,2,171,116,-53,Estimate
1925,00392013,39,2013,23183,149,156,133,126,Estimate
1926,00392014,39,2014,23569,386,179,120,327,Estimate
1927,00392015,39,2015,24061,492,208,138,422,Estimate
1928,00392016,39,2016,24450,389,201,124,312,Estimate
1929,00392017,39,2017,24942,492,222,154,424,Estimate
1930,00392018,39,2018,25366,424,197,149,376,Estimate
1931,00392019,39,2019,25668,302,195,162,269,Estimate
1932,00392020,39,2020,26223,555,233,162,484,Estimate
1933,00392021,39,2021,27153,930,219,199,910,Estimate
1934,00392022,39,2022,27825,672,261,230,641,Estimate
1935,00392023,39,2023,28795,970,264,209,915,Estimate
1936,00392024,39,2024,29337,542,267,216,491,Estimate
1937,00392025,39,2025,29922,585,290,197,492,Projection
1938,00392026,39,2026,30508,586,294,203,494,Projection
1939,00392027,39,2027,30771,263,303,211,171,Projection
1940,00392028,39,2028,31072,301,301,217,218,Projection
1941,00392029,39,2029,31409,337,298,223,262,Projection
1942,00392030,39,2030,31779,370,294,230,306,Projection
1943,00392031,39,2031,32182,402,291,236,348,Projection
1944,00392032,39,2032,32628,447,287,243,402,Projection
1945,00392033,39,2033,33039,410,283,250,377,Projection
1946,00392034,39,2034,33389,351,278,258,330,Projection
1947,00392035,39,2035,33682,292,273,265,284,Projection
1948,00392036,39,2036,33917,236,267,272,240,Projection
1949,00392037,39,2037,34097,180,262,279,197,Projection
1950,00392038,39,2038,34223,126,256,285,155,Projection
1951,00392039,39,2039,34299,76,251,292,117,Projection
1952,00392040,39,2040,34325,27,246,298,78,Projection
1953,00392041,39,2041,34303,-22,242,304,39,Projection
1954,00392042,39,2042,34277,-26,240,309,43,Projection
1955,00392043,39,2043,34246,-31,239,315,45,Projection
1956,00392044,39,2044,34212,-34,239,320,47,Projection
1957,00392045,39,2045,34177,-35,240,324,49,Projection
1958,00392046,39,2046,34142,-35,242,328,51,Projection
1959,00392047,39,2047,34108,-34,244,331,53,Projection
1960,00392048,39,2048,34074,-34,246,334,54,Projection
1961,00392049,39,2049,34041,-33,248,337,55,Projection
1962,00392050,39,2050,34008,-33,251,338,55,Projection
1963,00392051,39,2051,33976,-32,252,340,55,Projection
1964,00392052,39,2052,33945,-31,254,340,55,Projection
1965,00392053,39,2053,33915,-30,255,340,55,Projection
1966,00392054,39,2054,33886,-29,256,340,55,Projection
1967,00392055,39,2055,33857,-29,256,340,55,Projection
1968,00392056,39,2056,33827,-29,255,339,55,Projection
1969,00392057,39,2057,33797,-30,254,339,55,Projection
1970,00392058,39,2058,33767,-31,252,338,55,Projection
1971,00392059,39,2059,33735,-32,250,337,55,Projection
1972,00392060,39,2060,33702,-33,248,336,55,Projection
1973,00411970,41,1970,238384,13384,5270,1363,9477,Estimate
1974,00411971,41,1971,248034,9650,5520,1461,5591,Estimate
1975,00411972,41,1972,265926,17892,5525,1540,13907,Estimate
1976,00411973,41,1973,288885,22959,5631,1609,18937,Estimate
1977,00411974,41,1974,294169,5284,5768,1599,1115,Estimate
1978,00411975,41,1975,291339,-2830,5783,1569,-7044,Estimate
1979,00411976,41,1976,289357,-1982,5767,1591,-6158,Estimate
1980,00411977,41,1977,298720,9363,5701,1605,5267,Estimate
1981,00411978,41,1978,305048,6328,5669,1627,2286,Estimate
1982,00411979,41,1979,309369,4321,5682,1676,315,Estimate
1983,00411980,41,1980,311995,2626,5769,1705,-1438,Estimate
1984,00411981,41,1981,322174,10179,6032,1730,5877,Estimate
1985,00411982,41,1982,331738,9564,6371,1762,4955,Estimate
1986,00411983,41,1983,341721,9983,6474,1784,5293,Estimate
1987,00411984,41,1984,354753,13032,6657,1817,8192,Estimate
1988,00411985,41,1985,368506,13753,6952,1844,8645,Estimate
1989,00411986,41,1986,379304,10798,7324,1931,5405,Estimate
1990,00411987,41,1987,392720,13416,7617,2064,7863,Estimate
1991,00411988,41,1988,395265,2545,7650,2093,-3012,Estimate
1992,00411989,41,1989,396314,1049,7635,2120,-4466,Estimate
1993,00411990,41,1990,397289,975,7478,2153,-4350,Estimate
1994,00411991,41,1991,405951,8662,7289,2260,3633,Estimate
1995,00411992,41,1992,422819,16868,7498,2204,11574,Estimate
1996,00411993,41,1993,437127,14308,7479,2324,9153,Estimate
1997,00411994,41,1994,456506,19379,7444,2326,14261,Estimate
1998,00411995,41,1995,469692,13186,7763,2432,7855,Estimate
1999,00411996,41,1996,476988,7296,7611,2558,2243,Estimate
2000,00411997,41,1997,486808,9820,7744,2694,4770,Estimate
2001,00411998,41,1998,498018,11210,7738,2729,6201,Estimate
2002,00411999,41,1999,508809,10791,8041,2819,5569,Estimate
2003,00412000,41,2000,519803,10994,8276,2914,5632,Estimate
2004,00412001,41,2001,536336,16533,8338,2999,11194,Estimate
2005,00412002,41,2002,545240,8904,8703,3125,3326,Estimate
2006,00412003,41,2003,551668,6428,8420,3215,1223,Estimate
2007,00412004,41,2004,558455,6787,8234,3378,1931,Estimate
2008,00412005,41,2005,569322,10867,8543,3252,5576,Estimate
2009,00412006,41,2006,582502,13180,8624,3430,7986,Estimate
2010,00412007,41,2007,588772,6270,8921,3354,703,Estimate
2011,00412008,41,2008,599060,10288,9043,3464,4709,Estimate
2012,00412009,41,2009,608518,9458,8587,3513,4384,Estimate
2013,00412010,41,2010,627232,18714,9002,3526,13238,Estimate
2014,00412011,41,2011,639139,11907,9231,3651,6327,Estimate
2015,00412012,41,2012,648445,9306,9156,3781,3931,Estimate
2016,00412013,41,2013,658303,9858,9086,3940,4712,Estimate
2017,00412014,41,2014,665754,7451,9181,4050,2320,Estimate
2018,00412015,41,2015,677969,12215,9435,4160,6940,Estimate
2019,00412016,41,2016,692295,14326,9473,4327,9180,Estimate
2020,00412017,41,2017,704797,12502,9474,4674,7702,Estimate
2021,00412018,41,2018,717812,13015,9336,4651,8330,Estimate
2022,00412019,41,2019,725498,7686,9119,4724,3291,Estimate
2023,00412020,41,2020,733831,8333,9003,4989,4319,Estimate
2024,00412021,41,2021,738767,4936,9280,5925,1581,Estimate
2025,00412022,41,2022,742583,3816,9271,6248,793,Estimate
2026,00412023,41,2023,746917,4334,9020,5573,887,Estimate
2027,00412024,41,2024,752892,5975,8910,5556,2621,Estimate
2028,00412025,41,2025,757067,4175,9002,5096,268,Projection
2029,00412026,41,2026,761605,4538,9224,5103,417,Projection
2030,00412027,41,2027,768498,6893,9437,5141,2598,Projection
2031,00412028,41,2028,776143,7645,9639,5207,3213,Projection
2032,00412029,41,2029,784553,8410,9830,5279,3859,Projection
2033,00412030,41,2030,793776,9223,10011,5360,4572,Projection
2034,00412031,41,2031,803789,10013,10169,5450,5293,Projection
2035,00412032,41,2032,814377,10589,10255,5549,5883,Projection
2036,00412033,41,2033,824870,10493,10321,5656,5827,Projection
2037,00412034,41,2034,835227,10357,10368,5763,5752,Projection
2038,00412035,41,2035,845416,10189,10401,5868,5656,Projection
2039,00412036,41,2036,855394,9978,10406,5972,5543,Projection
2040,00412037,41,2037,865124,9730,10394,6074,5409,Projection
2041,00412038,41,2038,874559,9435,10367,6172,5240,Projection
2042,00412039,41,2039,883672,9113,10318,6266,5061,Projection
2043,00412040,41,2040,892456,8784,10265,6355,4874,Projection
2044,00412041,41,2041,900891,8435,10201,6439,4674,Projection
2045,00412042,41,2042,909234,8342,10137,6518,4724,Projection
2046,00412043,41,2043,917232,7998,10053,6594,4540,Projection
2047,00412044,41,2044,924972,7740,9965,6665,4440,Projection
2048,00412045,41,2045,932453,7481,9876,6728,4333,Projection
2049,00412046,41,2046,939626,7173,9781,6784,4176,Projection
2050,00412047,41,2047,946525,6899,9695,6838,4042,Projection
2051,00412048,41,2048,953147,6622,9623,6891,3890,Projection
2052,00412049,41,2049,959551,6404,9564,6935,3776,Projection
2053,00412050,41,2050,965622,6071,9508,6973,3537,Projection
2054,00412051,41,2051,971610,5987,9458,7008,3537,Projection
2055,00412052,41,2052,977553,5943,9451,7044,3537,Projection
2056,00412053,41,2053,983451,5899,9447,7086,3537,Projection
2057,00412054,41,2054,989309,5857,9452,7132,3537,Projection
2058,00412055,41,2055,995129,5820,9464,7180,3537,Projection
2059,00412056,41,2056,1000910,5780,9477,7234,3537,Projection
2060,00412057,41,2057,1006649,5739,9495,7292,3537,Projection
2061,00412058,41,2058,1012346,5697,9514,7354,3537,Projection
2062,00412059,41,2059,1017999,5654,9536,7419,3537,Projection
2063,00412060,41,2060,1023604,5605,9559,7492,3537,Projection
2064,00431970,43,1970,22110,610,298,331,643,Estimate
2065,00431971,43,1971,22780,670,321,339,688,Estimate
2066,00431972,43,1972,23521,741,302,330,769,Estimate
2067,00431973,43,1973,24731,1210,292,339,1257,Estimate
2068,00431974,43,1974,25726,995,333,351,1013,Estimate
2069,00431975,43,1975,26228,502,331,348,519,Estimate
2070,00431976,43,1976,26288,60,331,367,96,Estimate
2071,00431977,43,1977,26512,224,349,382,257,Estimate
2072,00431978,43,1978,27032,520,357,375,538,Estimate
2073,00431979,43,1979,28590,1558,387,353,1524,Estimate
2074,00431980,43,1980,28847,257,402,347,202,Estimate
2075,00431981,43,1981,29521,674,400,352,626,Estimate
2076,00431982,43,1982,30343,822,385,378,815,Estimate
2077,00431983,43,1983,31366,1023,389,392,1026,Estimate
2078,00431984,43,1984,31296,-70,396,400,-66,Estimate
2079,00431985,43,1985,31366,70,375,398,93,Estimate
2080,00431986,43,1986,31130,-236,383,359,-260,Estimate
2081,00431987,43,1987,31394,264,383,351,232,Estimate
2082,00431988,43,1988,31893,499,357,387,529,Estimate
2083,00431989,43,1989,32114,221,358,407,270,Estimate
2084,00431990,43,1990,32230,116,339,414,191,Estimate
2085,00431991,43,1991,32236,6,336,402,72,Estimate
2086,00431992,43,1992,33818,1582,357,407,1632,Estimate
2087,00431993,43,1993,36504,2686,391,420,2715,Estimate
2088,00431994,43,1994,38711,2207,384,396,2219,Estimate
2089,00431995,43,1995,40520,1809,418,479,1870,Estimate
2090,00431996,43,1996,41831,1311,448,514,1377,Estimate
2091,00431997,43,1997,42854,1023,444,448,1027,Estimate
2092,00431998,43,1998,43817,963,406,470,1027,Estimate
2093,00431999,43,1999,45135,1318,445,476,1349,Estimate
2094,00432000,43,2000,46369,1234,473,462,1223,Estimate
2095,00432001,43,2001,46733,364,446,479,397,Estimate
2096,00432002,43,2002,46969,236,404,464,296,Estimate
2097,00432003,43,2003,46828,-141,420,516,-45,Estimate
2098,00432004,43,2004,46540,-288,401,494,-195,Estimate
2099,00432005,43,2005,46447,-93,402,493,-2,Estimate
2100,00432006,43,2006,46703,256,439,483,300,Estimate
2101,00432007,43,2007,46654,-49,422,516,45,Estimate
2102,00432008,43,2008,46774,120,425,458,153,Estimate
2103,00432009,43,2009,46635,-139,413,491,-61,Estimate
2104,00432010,43,2010,46854,219,373,504,350,Estimate
2105,00432011,43,2011,47076,222,379,528,371,Estimate
2106,00432012,43,2012,47130,54,388,498,164,Estimate
2107,00432013,43,2013,47183,53,335,529,247,Estimate
2108,00432014,43,2014,47119,-64,380,541,97,Estimate
2109,00432015,43,2015,47213,94,381,546,259,Estimate
2110,00432016,43,2016,47284,71,379,541,233,Estimate
2111,00432017,43,2017,47564,280,379,575,476,Estimate
2112,00432018,43,2018,47990,426,375,562,613,Estimate
2113,00432019,43,2019,48380,390,383,580,587,Estimate
2114,00432020,43,2020,48891,511,412,580,679,Estimate
2115,00432021,43,2021,49251,360,380,678,658,Estimate
2116,00432022,43,2022,49588,337,333,754,758,Estimate
2117,00432023,43,2023,50372,784,394,638,1028,Estimate
2118,00432024,43,2024,50071,-301,330,623,-8,Estimate
2119,00432025,43,2025,49786,-285,341,606,-21,Projection
2120,00432026,43,2026,49506,-280,337,599,-18,Projection
2121,00432027,43,2027,49362,-144,332,595,119,Projection
2122,00432028,43,2028,49257,-104,328,595,162,Projection
2123,00432029,43,2029,49206,-52,325,596,219,Projection
2124,00432030,43,2030,49215,10,322,598,286,Projection
2125,00432031,43,2031,49272,56,319,601,338,Projection
2126,00432032,43,2032,49357,85,316,605,373,Projection
2127,00432033,43,2033,49448,91,314,609,386,Projection
2128,00432034,43,2034,49534,87,312,613,387,Projection
2129,00432035,43,2035,49624,90,311,618,397,Projection
2130,00432036,43,2036,49714,90,310,622,402,Projection
2131,00432037,43,2037,49790,76,310,627,392,Projection
2132,00432038,43,2038,49870,80,310,630,401,Projection
2133,00432039,43,2039,49952,82,309,634,407,Projection
2134,00432040,43,2040,50041,89,309,638,417,Projection
2135,00432041,43,2041,50130,90,308,641,422,Projection
2136,00432042,43,2042,50233,103,307,644,440,Projection
2137,00432043,43,2043,50342,109,305,647,451,Projection
2138,00432044,43,2044,50463,121,304,649,466,Projection
2139,00432045,43,2045,50595,132,302,651,481,Projection
2140,00432046,43,2046,50731,136,301,653,488,Projection
2141,00432047,43,2047,50879,149,299,654,504,Projection
2142,00432048,43,2048,51045,166,298,656,524,Projection
2143,00432049,43,2049,51224,179,297,657,539,Projection
2144,00432050,43,2050,51409,184,296,658,546,Projection
2145,00432051,43,2051,51591,183,295,658,546,Projection
2146,00432052,43,2052,51773,182,295,659,546,Projection
2147,00432053,43,2053,51955,182,295,659,546,Projection
2148,00432054,43,2054,52136,181,294,659,546,Projection
2149,00432055,43,2055,52317,180,294,659,546,Projection
2150,00432056,43,2056,52496,180,293,660,546,Projection
2151,00432057,43,2057,52675,179,293,660,546,Projection
2152,00432058,43,2058,52852,178,293,661,546,Projection
2153,00432059,43,2059,53029,177,292,662,546,Projection
2154,00432060,43,2060,53205,176,292,662,546,Projection
2155,00451970,45,1970,14965,565,253,150,462,Estimate
2156,00451971,45,1971,15540,575,269,158,464,Estimate
2157,00451972,45,1972,16008,468,268,151,351,Estimate
2158,00451973,45,1973,16438,430,254,143,319,Estimate
2159,00451974,45,1974,17002,564,254,135,445,Estimate
2160,00451975,45,1975,18024,1022,277,144,889,Estimate
2161,00451976,45,1976,18392,368,285,150,233,Estimate
2162,00451977,45,1977,18992,600,286,142,456,Estimate
2163,00451978,45,1978,19963,971,335,148,784,Estimate
2164,00451979,45,1979,21621,1658,400,145,1403,Estimate
2165,00451980,45,1980,23000,1379,429,148,1098,Estimate
2166,00451981,45,1981,24940,1940,492,154,1602,Estimate
2167,00451982,45,1982,29029,4089,565,147,3671,Estimate
2168,00451983,45,1983,28925,-104,569,146,-527,Estimate
2169,00451984,45,1984,25642,-3283,519,155,-3647,Estimate
2170,00451985,45,1985,25714,72,475,165,-238,Estimate
2171,00451986,45,1986,26191,477,454,173,196,Estimate
2172,00451987,45,1987,26387,196,433,183,-54,Estimate
2173,00451988,45,1988,27325,938,421,186,703,Estimate
2174,00451989,45,1989,28809,1484,432,192,1244,Estimate
2175,00451990,45,1990,30338,1529,469,199,1259,Estimate
2176,00451991,45,1991,31228,890,495,210,605,Estimate
2177,00451992,45,1992,31348,120,462,188,-154,Estimate
2178,00451993,45,1993,32579,1231,426,204,1009,Estimate
2179,00451994,45,1994,34496,1917,465,212,1664,Estimate
2180,00451995,45,1995,36417,1921,498,229,1652,Estimate
2181,00451996,45,1996,37678,1261,561,230,930,Estimate
2182,00451997,45,1997,38887,1209,603,250,856,Estimate
2183,00451998,45,1998,41225,2338,580,237,1995,Estimate
2184,00451999,45,1999,42694,1469,676,256,1049,Estimate
2185,00452000,45,2000,44239,1545,733,242,1054,Estimate
2186,00452001,45,2001,45907,1668,796,269,1141,Estimate
2187,00452002,45,2002,46728,821,811,282,292,Estimate
2188,00452003,45,2003,47484,756,866,288,178,Estimate
2189,00452004,45,2004,48156,672,811,275,136,Estimate
2190,00452005,45,2005,49256,1100,832,271,539,Estimate
2191,00452006,45,2006,51106,1850,893,274,1231,Estimate
2192,00452007,45,2007,52676,1570,971,290,889,Estimate
2193,00452008,45,2008,54226,1550,975,286,861,Estimate
2194,00452009,45,2009,55400,1174,997,268,445,Estimate
2195,00452010,45,2010,56150,750,912,278,116,Estimate
2196,00452011,45,2011,56267,117,863,294,-452,Estimate
2197,00452012,45,2012,56415,148,788,252,-388,Estimate
2198,00452013,45,2013,56798,383,822,281,-158,Estimate
2199,00452014,45,2014,57131,333,773,288,-152,Estimate
2200,00452015,45,2015,57495,364,767,338,-65,Estimate
2201,00452016,45,2016,58161,666,839,337,164,Estimate
2202,00452017,45,2017,58871,710,823,322,209,Estimate
2203,00452018,45,2018,59769,898,781,340,457,Estimate
2204,00452019,45,2019,60556,787,754,376,409,Estimate
2205,00452020,45,2020,61799,1243,748,358,853,Estimate
2206,00452021,45,2021,62103,304,729,437,12,Estimate
2207,00452022,45,2022,62371,268,728,414,-46,Estimate
2208,00452023,45,2023,62864,493,709,420,204,Estimate
2209,00452024,45,2024,63174,310,750,393,-47,Estimate
2210,00452025,45,2025,63220,46,702,414,-242,Projection
2211,00452026,45,2026,63278,57,698,421,-220,Projection
2212,00452027,45,2027,63779,501,702,431,231,Projection
2213,00452028,45,2028,64374,595,713,444,325,Projection
2214,00452029,45,2029,65068,694,725,456,426,Projection
2215,00452030,45,2030,65876,808,739,470,540,Projection
2216,00452031,45,2031,66777,901,754,484,632,Projection
2217,00452032,45,2032,67747,970,768,499,701,Projection
2218,00452033,45,2033,68725,978,783,514,709,Projection
2219,00452034,45,2034,69706,981,798,529,712,Projection
2220,00452035,45,2035,70684,978,813,545,710,Projection
2221,00452036,45,2036,71662,978,826,560,712,Projection
2222,00452037,45,2037,72639,977,839,576,714,Projection
2223,00452038,45,2038,73618,979,851,591,720,Projection
2224,00452039,45,2039,74593,974,861,606,719,Projection
2225,00452040,45,2040,75562,970,869,620,720,Projection
2226,00452041,45,2041,76524,962,877,633,718,Projection
2227,00452042,45,2042,77464,939,880,646,705,Projection
2228,00452043,45,2043,78348,884,882,657,659,Projection
2229,00452044,45,2044,79189,842,881,667,628,Projection
2230,00452045,45,2045,79987,797,878,677,596,Projection
2231,00452046,45,2046,80730,743,874,685,554,Projection
2232,00452047,45,2047,81424,694,868,693,520,Projection
2233,00452048,45,2048,82062,638,860,700,478,Projection
2234,00452049,45,2049,82646,584,851,706,440,Projection
2235,00452050,45,2050,83161,515,840,710,385,Projection
2236,00452051,45,2051,83660,499,828,714,385,Projection
2237,00452052,45,2052,84149,489,821,717,385,Projection
2238,00452053,45,2053,84629,479,814,720,385,Projection
2239,00452054,45,2054,85100,471,809,723,385,Projection
2240,00452055,45,2055,85564,464,804,725,385,Projection
2241,00452056,45,2056,86023,459,801,727,385,Projection
2242,00452057,45,2057,86477,454,799,730,385,Projection
2243,00452058,45,2058,86929,452,798,732,385,Projection
2244,00452059,45,2059,87378,449,799,735,385,Projection
2245,00452060,45,2060,87824,447,801,739,385,Projection
2246,00471970,47,1970,1301,151,21,14,144,Estimate
2247,00471971,47,1971,1417,116,19,14,111,Estimate
2248,00471972,47,1972,1515,98,18,13,93,Estimate
2249,00471973,47,1973,1752,237,14,11,234,Estimate
2250,00471974,47,1974,1701,-51,21,14,-58,Estimate
2251,00471975,47,1975,1846,145,28,15,132,Estimate
2252,00471976,47,1976,1881,35,29,11,17,Estimate
2253,00471977,47,1977,1973,92,38,10,64,Estimate
2254,00471978,47,1978,2102,129,43,13,99,Estimate
2255,00471979,47,1979,2231,129,38,15,106,Estimate
2256,00471980,47,1980,2477,246,36,13,223,Estimate
2257,00471981,47,1981,2620,143,48,11,106,Estimate
2258,00471982,47,1982,2776,156,59,15,112,Estimate
2259,00471983,47,1983,3024,248,56,15,207,Estimate
2260,00471984,47,1984,3013,-11,58,11,-58,Estimate
2261,00471985,47,1985,3081,68,51,14,31,Estimate
2262,00471986,47,1986,3237,156,41,15,130,Estimate
2263,00471987,47,1987,3279,42,50,11,3,Estimate
2264,00471988,47,1988,3172,-107,50,12,-145,Estimate
2265,00471989,47,1989,3114,-58,41,12,-87,Estimate
2266,00471990,47,1990,3073,-41,38,11,-68,Estimate
2267,00471991,47,1991,3091,18,31,15,2,Estimate
2268,00471992,47,1992,3239,148,32,22,138,Estimate
2269,00471993,47,1993,3372,133,40,13,106,Estimate
2270,00471994,47,1994,3499,127,37,14,104,Estimate
2271,00471995,47,1995,3670,171,45,16,142,Estimate
2272,00471996,47,1996,3789,119,48,13,84,Estimate
2273,00471997,47,1997,4035,246,41,14,219,Estimate
2274,00471998,47,1998,4241,206,48,13,171,Estimate
2275,00471999,47,1999,4538,297,46,16,267,Estimate
2276,00472000,47,2000,4807,269,72,17,214,Estimate
2277,00472001,47,2001,4829,22,57,15,-20,Estimate
2278,00472002,47,2002,4830,1,66,26,-39,Estimate
2279,00472003,47,2003,4851,21,53,31,-1,Estimate
2280,00472004,47,2004,4825,-26,56,26,-56,Estimate
2281,00472005,47,2005,4892,67,55,20,32,Estimate
2282,00472006,47,2006,4953,61,73,28,16,Estimate
2283,00472007,47,2007,4964,11,58,19,-28,Estimate
2284,00472008,47,2008,5084,120,49,30,101,Estimate
2285,00472009,47,2009,5396,312,52,26,286,Estimate
2286,00472010,47,2010,5463,67,47,25,45,Estimate
2287,00472011,47,2011,5477,14,47,28,-5,Estimate
2288,00472012,47,2012,5500,23,39,27,11,Estimate
2289,00472013,47,2013,5512,12,48,21,-15,Estimate
2290,00472014,47,2014,5536,24,40,30,14,Estimate
2291,00472015,47,2015,5553,17,39,34,12,Estimate
2292,00472016,47,2016,5578,25,42,30,13,Estimate
2293,00472017,47,2017,5635,57,40,30,47,Estimate
2294,00472018,47,2018,5707,72,42,23,53,Estimate
2295,00472019,47,2019,5751,44,15,24,53,Estimate
2296,00472020,47,2020,5824,73,46,48,75,Estimate
2297,00472021,47,2021,5896,72,33,34,73,Estimate
2298,00472022,47,2022,5913,17,49,35,3,Estimate
2299,00472023,47,2023,5919,6,39,44,11,Estimate
2300,00472024,47,2024,5969,50,46,44,48,Estimate
2301,00472025,47,2025,6015,46,42,38,41,Projection
2302,00472026,47,2026,6060,45,43,39,42,Projection
2303,00472027,47,2027,6075,15,43,40,12,Projection
2304,00472028,47,2028,6093,18,44,41,15,Projection
2305,00472029,47,2029,6113,20,44,43,19,Projection
2306,00472030,47,2030,6136,23,45,44,22,Projection
2307,00472031,47,2031,6175,39,45,45,39,Projection
2308,00472032,47,2032,6225,50,46,46,50,Projection
2309,00472033,47,2033,6275,50,47,48,51,Projection
2310,00472034,47,2034,6325,51,48,49,52,Projection
2311,00472035,47,2035,6376,50,49,50,52,Projection
2312,00472036,47,2036,6411,36,49,51,37,Projection
2313,00472037,47,2037,6448,37,50,52,39,Projection
2314,00472038,47,2038,6485,37,50,53,40,Projection
2315,00472039,47,2039,6515,30,51,55,33,Projection
2316,00472040,47,2040,6544,29,51,55,33,Projection
2317,00472041,47,2041,6573,29,52,56,33,Projection
2318,00472042,47,2042,6602,29,52,57,34,Projection
2319,00472043,47,2043,6631,29,52,58,34,Projection
2320,00472044,47,2044,6659,28,53,59,34,Projection
2321,00472045,47,2045,6687,28,53,59,34,Projection
2322,00472046,47,2046,6713,26,53,60,33,Projection
2323,00472047,47,2047,6741,28,54,60,34,Projection
2324,00472048,47,2048,6770,28,54,60,34,Projection
2325,00472049,47,2049,6797,28,54,60,33,Projection
2326,00472050,47,2050,6825,28,55,60,33,Projection
2327,00472051,47,2051,6854,29,55,59,33,Projection
2328,00472052,47,2052,6883,29,55,59,33,Projection
2329,00472053,47,2053,6913,30,56,59,33,Projection
2330,00472054,47,2054,6944,31,56,58,33,Projection
2331,00472055,47,2055,6976,32,57,58,33,Projection
2332,00472056,47,2056,7009,33,57,57,33,Projection
2333,00472057,47,2057,7042,34,57,56,33,Projection
2334,00472058,47,2058,7077,35,57,56,33,Projection
2335,00472059,47,2059,7112,35,58,55,33,Projection
2336,00472060,47,2060,7149,36,58,55,33,Projection
2337,00491970,49,1970,4236,346,72,27,301,Estimate
2338,00491971,49,1971,4750,514,79,32,467,Estimate
2339,00491972,49,1972,5689,939,92,34,881,Estimate
2340,00491973,49,1973,6138,449,104,31,376,Estimate
2341,00491974,49,1974,6178,40,104,32,-32,Estimate
2342,00491975,49,1975,6446,268,116,30,182,Estimate
2343,00491976,49,1976,6501,55,121,27,-39,Estimate
2344,00491977,49,1977,6568,67,122,34,-21,Estimate
2345,00491978,49,1978,6904,336,118,37,255,Estimate
2346,00491979,49,1979,7208,304,127,33,210,Estimate
2347,00491980,49,1980,7530,322,149,33,206,Estimate
2348,00491981,49,1981,7748,218,162,36,92,Estimate
2349,00491982,49,1982,8113,365,151,40,254,Estimate
2350,00491983,49,1983,8115,2,146,35,-109,Estimate
2351,00491984,49,1984,8893,778,149,33,662,Estimate
2352,00491985,49,1985,9212,319,141,40,218,Estimate
2353,00491986,49,1986,9139,-73,151,36,-188,Estimate
2354,00491987,49,1987,8908,-231,140,34,-337,Estimate
2355,00491988,49,1988,8467,-441,113,33,-521,Estimate
2356,00491989,49,1989,8178,-289,107,35,-361,Estimate
2357,00491990,49,1990,8010,-168,115,36,-247,Estimate
2358,00491991,49,1991,8391,381,100,35,316,Estimate
2359,00491992,49,1992,8605,214,90,33,157,Estimate
2360,00491993,49,1993,8930,325,86,40,279,Estimate
2361,00491994,49,1994,9348,418,91,40,367,Estimate
2362,00491995,49,1995,9952,604,117,33,520,Estimate
2363,00491996,49,1996,10512,560,111,44,493,Estimate
2364,00491997,49,1997,10960,448,124,42,366,Estimate
2365,00491998,49,1998,11411,451,134,42,359,Estimate
2366,00491999,49,1999,11996,585,136,55,504,Estimate
2367,00492000,49,2000,12852,856,150,59,765,Estimate
2368,00492001,49,2001,13283,431,153,62,340,Estimate
2369,00492002,49,2002,13461,178,159,67,86,Estimate
2370,00492003,49,2003,13688,227,163,54,118,Estimate
2371,00492004,49,2004,13912,224,142,40,122,Estimate
2372,00492005,49,2005,13897,-15,146,73,-88,Estimate
2373,00492006,49,2006,14135,238,139,59,158,Estimate
2374,00492007,49,2007,14339,204,170,49,83,Estimate
2375,00492008,49,2008,14535,196,156,57,97,Estimate
2376,00492009,49,2009,14664,129,145,54,38,Estimate
2377,00492010,49,2010,14790,126,138,44,32,Estimate
2378,00492011,49,2011,14836,46,106,66,6,Estimate
2379,00492012,49,2012,14925,89,111,45,23,Estimate
2380,00492013,49,2013,14948,23,117,61,-33,Estimate
2381,00492014,49,2014,14934,-14,123,66,-71,Estimate
2382,00492015,49,2015,14961,27,113,77,-9,Estimate
2383,00492016,49,2016,15042,81,127,66,20,Estimate
2384,00492017,49,2017,15147,105,129,67,43,Estimate
2385,00492018,49,2018,15268,121,107,85,99,Estimate
2386,00492019,49,2019,15409,141,109,75,107,Estimate
2387,00492020,49,2020,15750,341,132,67,276,Estimate
2388,00492021,49,2021,15863,113,113,92,92,Estimate
2389,00492022,49,2022,15759,-104,127,115,-116,Estimate
2390,00492023,49,2023,16000,241,127,85,199,Estimate
2391,00492024,49,2024,16202,202,136,84,150,Estimate
2392,00492025,49,2025,16349,147,140,83,90,Projection
2393,00492026,49,2026,16504,155,146,83,92,Projection
2394,00492027,49,2027,16580,76,150,84,10,Projection
2395,00492028,49,2028,16670,91,154,85,22,Projection
2396,00492029,49,2029,16775,105,157,86,34,Projection
2397,00492030,49,2030,16895,120,160,87,47,Projection
2398,00492031,49,2031,17020,125,163,88,50,Projection
2399,00492032,49,2032,17154,134,164,89,59,Projection
2400,00492033,49,2033,17285,131,165,90,56,Projection
2401,00492034,49,2034,17414,129,166,91,54,Projection
2402,00492035,49,2035,17539,125,167,92,51,Projection
2403,00492036,49,2036,17664,125,167,93,52,Projection
2404,00492037,49,2037,17786,121,167,94,48,Projection
2405,00492038,49,2038,17902,116,166,94,44,Projection
2406,00492039,49,2039,18015,113,166,95,42,Projection
2407,00492040,49,2040,18126,111,165,96,42,Projection
2408,00492041,49,2041,18233,107,164,96,39,Projection
2409,00492042,49,2042,18336,103,163,96,36,Projection
2410,00492043,49,2043,18436,101,162,97,35,Projection
2411,00492044,49,2044,18533,96,161,97,32,Projection
2412,00492045,49,2045,18627,94,160,97,31,Projection
2413,00492046,49,2046,18719,92,159,96,30,Projection
2414,00492047,49,2047,18810,90,158,96,28,Projection
2415,00492048,49,2048,18899,89,157,96,28,Projection
2416,00492049,49,2049,18989,90,157,96,29,Projection
2417,00492050,49,2050,19078,89,156,95,27,Projection
2418,00492051,49,2051,19168,89,156,94,27,Projection
2419,00492052,49,2052,19258,90,156,93,27,Projection
2420,00492053,49,2053,19350,92,156,91,27,Projection
2421,00492054,49,2054,19443,93,157,90,27,Projection
2422,00492055,49,2055,19538,95,157,90,27,Projection
2423,00492056,49,2056,19634,96,158,89,27,Projection
2424,00492057,49,2057,19732,98,159,88,27,Projection
2425,00492058,49,2058,19832,100,160,87,27,Projection
2426,00492059,49,2059,19934,102,161,86,27,Projection
2427,00492060,49,2060,20039,105,162,84,27,Projection
2428,00511970,51,1970,7714,394,123,40,311,Estimate
2429,00511971,51,1971,8257,543,134,41,450,Estimate
2430,00511972,51,1972,8442,185,123,44,106,Estimate
2431,00511973,51,1973,8746,304,106,34,232,Estimate
2432,00511974,51,1974,9338,592,102,36,526,Estimate
2433,00511975,51,1975,9396,58,98,41,1,Estimate
2434,00511976,51,1976,9079,-317,100,35,-382,Estimate
2435,00511977,51,1977,9258,179,101,39,117,Estimate
2436,00511978,51,1978,9568,310,113,43,240,Estimate
2437,00511979,51,1979,9967,399,124,31,306,Estimate
2438,00511980,51,1980,10686,719,135,35,619,Estimate
2439,00511981,51,1981,10669,-17,151,45,-123,Estimate
2440,00511982,51,1982,10619,-50,160,44,-166,Estimate
2441,00511983,51,1983,10375,-244,165,43,-366,Estimate
2442,00511984,51,1984,10419,44,141,37,-60,Estimate
2443,00511985,51,1985,10390,-29,129,41,-117,Estimate
2444,00511986,51,1986,10890,500,145,51,406,Estimate
2445,00511987,51,1987,10855,-35,138,55,-118,Estimate
2446,00511988,51,1988,10827,-28,128,55,-101,Estimate
2447,00511989,51,1989,10509,-318,128,44,-402,Estimate
2448,00511990,51,1990,10316,-193,127,42,-278,Estimate
2449,00511991,51,1991,10413,97,124,47,20,Estimate
2450,00511992,51,1992,10771,358,122,50,286,Estimate
2451,00511993,51,1993,11306,535,138,57,454,Estimate
2452,00511994,51,1994,11667,361,124,43,280,Estimate
2453,00511995,51,1995,11982,315,91,59,283,Estimate
2454,00511996,51,1996,12241,259,129,49,179,Estimate
2455,00511997,51,1997,12396,155,118,61,98,Estimate
2456,00511998,51,1998,13444,1048,134,33,947,Estimate
2457,00511999,51,1999,13736,292,130,48,210,Estimate
2458,00512000,51,2000,13988,252,155,53,150,Estimate
2459,00512001,51,2001,14345,357,186,66,237,Estimate
2460,00512002,51,2002,14316,-29,171,71,-129,Estimate
2461,00512003,51,2003,14206,-110,178,73,-215,Estimate
2462,00512004,51,2004,14230,24,165,70,-71,Estimate
2463,00512005,51,2005,14473,243,168,73,148,Estimate
2464,00512006,51,2006,14650,177,158,51,70,Estimate
2465,00512007,51,2007,14957,307,162,49,194,Estimate
2466,00512008,51,2008,15137,180,168,66,78,Estimate
2467,00512009,51,2009,15266,129,182,59,6,Estimate
2468,00512010,51,2010,15309,43,158,69,-46,Estimate
2469,00512011,51,2011,15348,39,152,58,-55,Estimate
2470,00512012,51,2012,15270,-78,164,74,-168,Estimate
2471,00512013,51,2013,15425,155,149,65,71,Estimate
2472,00512014,51,2014,15552,127,136,54,45,Estimate
2473,00512015,51,2015,15826,274,138,79,215,Estimate
2474,00512016,51,2016,16082,256,158,79,177,Estimate
2475,00512017,51,2017,16464,382,135,67,314,Estimate
2476,00512018,51,2018,16681,217,126,81,172,Estimate
2477,00512019,51,2019,16941,260,131,63,192,Estimate
2478,00512020,51,2020,16945,4,134,93,-37,Estimate
2479,00512021,51,2021,17294,349,133,81,297,Estimate
2480,00512022,51,2022,17318,24,133,89,-20,Estimate
2481,00512023,51,2023,17342,24,138,81,-33,Estimate
2482,00512024,51,2024,17304,-38,142,111,-69,Estimate
2483,00512025,51,2025,17249,-55,135,91,-99,Projection
2484,00512026,51,2026,17193,-55,132,89,-98,Projection
2485,00512027,51,2027,17270,77,129,89,37,Projection
2486,00512028,51,2028,17355,85,126,90,49,Projection
2487,00512029,51,2029,17447,91,124,91,58,Projection
2488,00512030,51,2030,17546,99,122,92,69,Projection
2489,00512031,51,2031,17653,108,121,93,80,Projection
2490,00512032,51,2032,17770,116,121,94,90,Projection
2491,00512033,51,2033,17887,117,121,96,92,Projection
2492,00512034,51,2034,18004,118,122,97,92,Projection
2493,00512035,51,2035,18122,118,124,98,92,Projection
2494,00512036,51,2036,18242,119,125,99,93,Projection
2495,00512037,51,2037,18361,119,128,101,92,Projection
2496,00512038,51,2038,18481,120,130,102,92,Projection
2497,00512039,51,2039,18602,120,132,103,91,Projection
2498,00512040,51,2040,18722,120,135,104,89,Projection
2499,00512041,51,2041,18840,118,137,105,86,Projection
2500,00512042,51,2042,18940,100,138,105,67,Projection
2501,00512043,51,2043,19037,97,140,106,63,Projection
2502,00512044,51,2044,19132,96,141,107,62,Projection
2503,00512045,51,2045,19227,95,142,108,61,Projection
2504,00512046,51,2046,19321,93,143,108,59,Projection
2505,00512047,51,2047,19415,94,144,109,59,Projection
2506,00512048,51,2048,19509,94,145,109,58,Projection
2507,00512049,51,2049,19603,94,146,110,58,Projection
2508,00512050,51,2050,19695,92,146,110,56,Projection
2509,00512051,51,2051,19788,92,147,111,56,Projection
2510,00512052,51,2052,19880,92,147,111,56,Projection
2511,00512053,51,2053,19973,92,148,112,56,Projection
2512,00512054,51,2054,20064,92,148,112,56,Projection
2513,00512055,51,2055,20156,91,148,113,56,Projection
2514,00512056,51,2056,20246,90,148,114,56,Projection
2515,00512057,51,2057,20336,90,148,115,56,Projection
2516,00512058,51,2058,20425,89,149,116,56,Projection
2517,00512059,51,2059,20513,88,149,117,56,Projection
2518,00512060,51,2060,20600,87,149,118,56,Projection
2519,00531970,53,1970,203,-6,5,3,-8,Estimate
2520,00531971,53,1971,206,3,4,4,3,Estimate
2521,00531972,53,1972,272,68,0,0,68,Estimate
2522,00531973,53,1973,288,19,0,0,19,Estimate
2523,00531974,53,1974,323,35,3,5,37,Estimate
2524,00531975,53,1975,353,30,5,3,28,Estimate
2525,00531976,53,1976,409,56,5,4,55,Estimate
2526,00531977,53,1977,466,57,5,6,58,Estimate
2527,00531978,53,1978,490,24,6,5,23,Estimate
2528,00531979,53,1979,504,14,6,4,12,Estimate
2529,00531980,53,1980,417,-87,4,3,-88,Estimate
2530,00531981,53,1981,455,35,0,0,35,Estimate
2531,00531982,53,1982,478,17,0,0,17,Estimate
2532,00531983,53,1983,559,76,0,0,76,Estimate
2533,00531984,53,1984,580,12,0,0,12,Estimate
2534,00531985,53,1985,472,-116,0,0,-116,Estimate
2535,00531986,53,1986,468,-8,0,0,-8,Estimate
2536,00531987,53,1987,508,40,7,3,36,Estimate
2537,00531988,53,1988,489,-19,6,3,-22,Estimate
2538,00531989,53,1989,476,-13,4,4,-13,Estimate
2539,00531990,53,1990,469,-7,4,4,-7,Estimate
2540,00531991,53,1991,449,-20,3,0,-23,Estimate
2541,00531992,53,1992,504,55,4,0,51,Estimate
2542,00531993,53,1993,535,31,9,0,22,Estimate
2543,00531994,53,1994,614,79,5,0,74,Estimate
2544,00531995,53,1995,657,43,3,4,44,Estimate
2545,00531996,53,1996,710,53,7,3,49,Estimate
2546,00531997,53,1997,739,29,4,4,29,Estimate
2547,00531998,53,1998,775,36,6,0,30,Estimate
2548,00531999,53,1999,787,12,8,4,8,Estimate
2549,00532000,53,2000,792,5,12,1,-6,Estimate
2550,00532001,53,2001,804,12,6,4,10,Estimate
2551,00532002,53,2002,806,2,10,5,-3,Estimate
2552,00532003,53,2003,784,-22,5,1,-26,Estimate
2553,00532004,53,2004,831,47,8,1,40,Estimate
2554,00532005,53,2005,813,-18,8,2,-24,Estimate
2555,00532006,53,2006,830,17,7,5,15,Estimate
2556,00532007,53,2007,845,15,9,1,7,Estimate
2557,00532008,53,2008,824,-21,8,2,-27,Estimate
2558,00532009,53,2009,827,3,10,2,-5,Estimate
2559,00532010,53,2010,843,16,10,4,10,Estimate
2560,00532011,53,2011,835,-8,5,7,-6,Estimate
2561,00532012,53,2012,831,-4,6,3,-7,Estimate
2562,00532013,53,2013,825,-6,10,5,-11,Estimate
2563,00532014,53,2014,819,-6,6,4,-8,Estimate
2564,00532015,53,2015,813,-6,7,5,-8,Estimate
2565,00532016,53,2016,809,-4,2,4,-2,Estimate
2566,00532017,53,2017,805,-4,4,4,-4,Estimate
2567,00532018,53,2018,801,-4,3,7,0,Estimate
2568,00532019,53,2019,798,-3,3,0,-6,Estimate
2569,00532020,53,2020,792,-6,5,11,0,Estimate
2570,00532021,53,2021,778,-14,3,5,-12,Estimate
2571,00532022,53,2022,779,1,4,7,4,Estimate
2572,00532023,53,2023,771,-8,6,8,-6,Estimate
2573,00532024,53,2024,754,-17,3,9,-11,Estimate
2574,00532025,53,2025,741,-13,4,7,-11,Projection
2575,00532026,53,2026,728,-13,5,6,-11,Projection
2576,00532027,53,2027,727,0,5,6,1,Projection
2577,00532028,53,2028,728,1,5,6,1,Projection
2578,00532029,53,2029,729,1,6,6,1,Projection
2579,00532030,53,2030,730,1,6,6,1,Projection
2580,00532031,53,2031,731,1,7,6,0,Projection
2581,00532032,53,2032,731,0,7,6,-1,Projection
2582,00532033,53,2033,731,0,7,6,-1,Projection
2583,00532034,53,2034,731,0,7,6,-2,Projection
2584,00532035,53,2035,730,-1,7,6,-2,Projection
2585,00532036,53,2036,729,-1,7,6,-2,Projection
2586,00532037,53,2037,728,-1,8,6,-2,Projection
2587,00532038,53,2038,729,0,8,6,-2,Projection
2588,00532039,53,2039,730,1,8,6,-1,Projection
2589,00532040,53,2040,731,1,7,5,-1,Projection
2590,00532041,53,2041,732,1,7,5,-1,Projection
2591,00532042,53,2042,732,0,7,5,-2,Projection
2592,00532043,53,2043,733,1,7,5,-1,Projection
2593,00532044,53,2044,735,1,7,5,-1,Projection
2594,00532045,53,2045,736,1,7,5,-1,Projection
2595,00532046,53,2046,736,1,7,5,-1,Projection
2596,00532047,53,2047,738,2,7,5,0,Projection
2597,00532048,53,2048,739,1,6,5,-1,Projection
2598,00532049,53,2049,740,2,6,5,0,Projection
2599,00532050,53,2050,742,1,6,5,0,Projection
2600,00532051,53,2051,743,1,6,5,0,Projection
2601,00532052,53,2052,743,1,6,5,0,Projection
2602,00532053,53,2053,743,0,5,5,0,Projection
2603,00532054,53,2054,743,0,5,5,0,Projection
2604,00532055,53,2055,743,0,5,5,0,Projection
2605,00532056,53,2056,742,-1,5,5,0,Projection
2606,00532057,53,2057,741,-1,4,5,0,Projection
2607,00532058,53,2058,740,-1,4,5,0,Projection
2608,00532059,53,2059,739,-1,4,5,0,Projection
2609,00532060,53,2060,738,-1,4,5,0,Projection
2610,00551970,55,1970,6527,-73,95,88,-80,Estimate
2611,00551971,55,1971,6274,-253,81,93,-241,Estimate
2612,00551972,55,1972,6357,83,78,94,99,Estimate
2613,00551973,55,1973,6648,291,80,105,316,Estimate
2614,00551974,55,1974,6586,-62,87,97,-52,Estimate
2615,00551975,55,1975,6630,44,96,87,35,Estimate
2616,00551976,55,1976,6734,104,107,97,94,Estimate
2617,00551977,55,1977,6676,-58,105,93,-70,Estimate
2618,00551978,55,1978,6712,36,96,72,12,Estimate
2619,00551979,55,1979,6556,-156,101,72,-185,Estimate
2620,00551980,55,1980,6417,-139,95,84,-150,Estimate
2621,00551981,55,1981,6326,-91,91,78,-104,Estimate
2622,00551982,55,1982,6523,197,91,82,188,Estimate
2623,00551983,55,1983,6741,218,90,81,209,Estimate
2624,00551984,55,1984,6639,-102,84,71,-115,Estimate
2625,00551985,55,1985,6809,170,82,77,165,Estimate
2626,00551986,55,1986,6752,-57,84,81,-60,Estimate
2627,00551987,55,1987,6500,-252,77,75,-254,Estimate
2628,00551988,55,1988,6292,-208,75,69,-214,Estimate
2629,00551989,55,1989,6130,-162,69,77,-154,Estimate
2630,00551990,55,1990,5975,-155,60,79,-136,Estimate
2631,00551991,55,1991,6060,85,59,81,107,Estimate
2632,00551992,55,1992,6182,122,59,67,130,Estimate
2633,00551993,55,1993,6443,261,69,88,280,Estimate
2634,00551994,55,1994,6914,471,67,70,474,Estimate
2635,00551995,55,1995,7159,245,62,88,271,Estimate
2636,00551996,55,1996,7395,236,50,89,275,Estimate
2637,00551997,55,1997,7667,272,65,84,291,Estimate
2638,00551998,55,1998,7780,113,64,102,151,Estimate
2639,00551999,55,1999,7830,50,70,97,77,Estimate
2640,00552000,55,2000,7826,-4,71,92,17,Estimate
2641,00552001,55,2001,7905,79,74,89,94,Estimate
2642,00552002,55,2002,7916,11,83,98,26,Estimate
2643,00552003,55,2003,8042,126,79,112,159,Estimate
2644,00552004,55,2004,7729,-313,73,88,-298,Estimate
2645,00552005,55,2005,7823,94,61,95,128,Estimate
2646,00552006,55,2006,7750,-73,58,92,-39,Estimate
2647,00552007,55,2007,7658,-92,58,92,-58,Estimate
2648,00552008,55,2008,7680,22,59,119,82,Estimate
2649,00552009,55,2009,6710,-970,56,108,-918,Estimate
2650,00552010,55,2010,6655,-55,56,102,-9,Estimate
2651,00552011,55,2011,6671,16,46,105,75,Estimate
2652,00552012,55,2012,6686,15,59,106,62,Estimate
2653,00552013,55,2013,6697,11,50,88,49,Estimate
2654,00552014,55,2014,6700,3,41,97,59,Estimate
2655,00552015,55,2015,6706,6,55,104,55,Estimate
2656,00552016,55,2016,6721,15,44,109,80,Estimate
2657,00552017,55,2017,6737,16,44,117,89,Estimate
2658,00552018,55,2018,6758,21,45,100,76,Estimate
2659,00552019,55,2019,6778,20,41,109,88,Estimate
2660,00552020,55,2020,6834,56,45,126,137,Estimate
2661,00552021,55,2021,6950,116,43,126,199,Estimate
2662,00552022,55,2022,7101,151,45,152,258,Estimate
2663,00552023,55,2023,7059,-42,39,129,48,Estimate
2664,00552024,55,2024,7025,-34,52,112,26,Estimate
2665,00552025,55,2025,6994,-31,51,111,29,Projection
2666,00552026,55,2026,6962,-31,50,112,30,Projection
2667,00552027,55,2027,6905,-57,50,113,6,Projection
2668,00552028,55,2028,6848,-57,49,113,8,Projection
2669,00552029,55,2029,6791,-57,48,114,9,Projection
2670,00552030,55,2030,6733,-58,47,114,10,Projection
2671,00552031,55,2031,6661,-72,45,115,-2,Projection
2672,00552032,55,2032,6590,-71,44,115,0,Projection
2673,00552033,55,2033,6517,-73,42,116,2,Projection
2674,00552034,55,2034,6446,-71,41,116,4,Projection
2675,00552035,55,2035,6375,-71,40,116,6,Projection
2676,00552036,55,2036,6306,-70,39,116,7,Projection
2677,00552037,55,2037,6237,-68,39,116,9,Projection
2678,00552038,55,2038,6171,-67,38,116,11,Projection
2679,00552039,55,2039,6106,-65,38,115,12,Projection
2680,00552040,55,2040,6043,-63,38,115,14,Projection
2681,00552041,55,2041,5982,-61,37,114,15,Projection
2682,00552042,55,2042,5923,-59,37,113,17,Projection
2683,00552043,55,2043,5868,-56,37,111,18,Projection
2684,00552044,55,2044,5813,-54,37,110,19,Projection
2685,00552045,55,2045,5762,-52,37,108,20,Projection
2686,00552046,55,2046,5712,-50,36,107,20,Projection
2687,00552047,55,2047,5664,-47,36,105,22,Projection
2688,00552048,55,2048,5620,-44,36,103,23,Projection
2689,00552049,55,2049,5579,-41,35,101,25,Projection
2690,00552050,55,2050,5541,-38,35,99,26,Projection
2691,00552051,55,2051,5504,-37,35,98,26,Projection
2692,00552052,55,2052,5469,-35,34,95,26,Projection
2693,00552053,55,2053,5435,-34,34,93,26,Projection
2694,00552054,55,2054,5403,-32,33,92,26,Projection
2695,00552055,55,2055,5372,-31,33,90,26,Projection
2696,00552056,55,2056,5343,-29,33,88,26,Projection
2697,00552057,55,2057,5315,-28,32,86,26,Projection
2698,00552058,55,2058,5288,-27,32,85,26,Projection
2699,00552059,55,2059,5262,-26,32,84,26,Projection
2700,00552060,55,2060,5237,-25,31,82,26,Projection
2701,00571970,57,1970,1850,60,36,12,36,Estimate
2702,00571971,57,1971,2007,157,38,16,135,Estimate
2703,00571972,57,1972,1985,-22,32,18,-36,Estimate
2704,00571973,57,1973,2122,137,41,12,108,Estimate
2705,00571974,57,1974,1852,-270,40,10,-300,Estimate
2706,00571975,57,1975,1724,-128,31,10,-149,Estimate
2707,00571976,57,1976,1708,-16,27,12,-31,Estimate
2708,00571977,57,1977,1681,-27,29,13,-43,Estimate
2709,00571978,57,1978,1801,120,27,13,106,Estimate
2710,00571979,57,1979,1771,-30,27,14,-43,Estimate
2711,00571980,57,1980,1895,124,33,9,100,Estimate
2712,00571981,57,1981,2022,127,31,8,104,Estimate
2713,00571982,57,1982,2057,35,29,12,18,Estimate
2714,00571983,57,1983,1818,-239,26,8,-257,Estimate
2715,00571984,57,1984,1799,-19,23,8,-34,Estimate
2716,00571985,57,1985,1729,-70,25,10,-85,Estimate
2717,00571986,57,1986,1708,-21,24,7,-38,Estimate
2718,00571987,57,1987,1775,67,20,10,57,Estimate
2719,00571988,57,1988,1713,-62,19,14,-67,Estimate
2720,00571989,57,1989,1651,-62,19,13,-68,Estimate
2721,00571990,57,1990,1592,-59,22,12,-69,Estimate
2722,00571991,57,1991,1560,-32,16,7,-41,Estimate
2723,00571992,57,1992,1577,17,22,11,6,Estimate
2724,00571993,57,1993,1628,51,21,16,46,Estimate
2725,00571994,57,1994,1646,18,22,16,12,Estimate
2726,00571995,57,1995,1613,-33,13,10,-36,Estimate
2727,00571996,57,1996,1593,-20,12,11,-21,Estimate
2728,00571997,57,1997,1599,6,16,11,1,Estimate
2729,00571998,57,1998,1591,-8,16,16,-8,Estimate
2730,00571999,57,1999,1580,-11,18,11,-18,Estimate
2731,00572000,57,2000,1574,-6,12,7,-11,Estimate
2732,00572001,57,2001,1590,16,17,18,17,Estimate
2733,00572002,57,2002,1591,1,18,10,-7,Estimate
2734,00572003,57,2003,1586,-5,12,12,-5,Estimate
2735,00572004,57,2004,1521,-65,10,8,-67,Estimate
2736,00572005,57,2005,1492,-29,9,12,-26,Estimate
2737,00572006,57,2006,1443,-49,15,12,-52,Estimate
2738,00572007,57,2007,1422,-21,12,11,-22,Estimate
2739,00572008,57,2008,1381,-41,11,13,-39,Estimate
2740,00572009,57,2009,1386,5,8,14,11,Estimate
2741,00572010,57,2010,1387,1,10,7,-2,Estimate
2742,00572011,57,2011,1387,0,12,10,-2,Estimate
2743,00572012,57,2012,1385,-2,9,15,4,Estimate
2744,00572013,57,2013,1383,-2,6,10,2,Estimate
2745,00572014,57,2014,1381,-2,17,12,-7,Estimate
2746,00572015,57,2015,1381,0,12,10,-2,Estimate
2747,00572016,57,2016,1379,-2,12,12,-2,Estimate
2748,00572017,57,2017,1379,0,15,13,-2,Estimate
2749,00572018,57,2018,1379,0,13,15,2,Estimate
2750,00572019,57,2019,1379,0,6,7,1,Estimate
2751,00572020,57,2020,1377,-2,7,11,2,Estimate
2752,00572021,57,2021,1358,-19,6,15,-10,Estimate
2753,00572022,57,2022,1314,-44,8,9,-43,Estimate
2754,00572023,57,2023,1310,-4,11,15,0,Estimate
2755,00572024,57,2024,1270,-40,9,10,-39,Estimate
2756,00572025,57,2025,1228,-42,9,14,-38,Projection
2757,00572026,57,2026,1185,-42,9,13,-38,Projection
2758,00572027,57,2027,1180,-6,9,13,-1,Projection
2759,00572028,57,2028,1175,-5,9,13,0,Projection
2760,00572029,57,2029,1169,-5,9,13,-1,Projection
2761,00572030,57,2030,1165,-5,9,13,0,Projection
2762,00572031,57,2031,1159,-5,8,13,0,Projection
2763,00572032,57,2032,1155,-5,8,14,1,Projection
2764,00572033,57,2033,1148,-7,8,14,-2,Projection
2765,00572034,57,2034,1142,-6,8,14,-1,Projection
2766,00572035,57,2035,1136,-6,9,14,-1,Projection
2767,00572036,57,2036,1130,-6,9,14,-1,Projection
2768,00572037,57,2037,1125,-6,9,14,-1,Projection
2769,00572038,57,2038,1120,-5,9,13,0,Projection
2770,00572039,57,2039,1115,-5,9,13,0,Projection
2771,00572040,57,2040,1111,-5,9,13,0,Projection
2772,00572041,57,2041,1106,-4,9,13,0,Projection
2773,00572042,57,2042,1101,-5,9,13,-1,Projection
2774,00572043,57,2043,1096,-5,9,13,-1,Projection
2775,00572044,57,2044,1089,-6,9,13,-2,Projection
2776,00572045,57,2045,1083,-6,9,13,-2,Projection
2777,00572046,57,2046,1076,-7,9,13,-3,Projection
2778,00572047,57,2047,1069,-7,9,13,-3,Projection
2779,00572048,57,2048,1062,-7,8,13,-3,Projection
2780,00572049,57,2049,1054,-7,8,13,-3,Projection
2781,00572050,57,2050,1047,-7,8,12,-3,Projection
2782,00572051,57,2051,1040,-7,8,12,-3,Projection
2783,00572052,57,2052,1033,-7,8,12,-3,Projection
2784,00572053,57,2053,1026,-7,8,12,-3,Projection
2785,00572054,57,2054,1020,-7,8,12,-3,Projection
2786,00572055,57,2055,1013,-7,8,11,-3,Projection
2787,00572056,57,2056,1007,-6,8,11,-3,Projection
2788,00572057,57,2057,1000,-6,8,11,-3,Projection
2789,00572058,57,2058,994,-6,8,11,-3,Projection
2790,00572059,57,2059,988,-6,8,11,-3,Projection
2791,00572060,57,2060,983,-6,8,10,-3,Projection
2792,00591970,59,1970,237712,12712,3963,1286,10035,Estimate
2793,00591971,59,1971,247090,9378,4018,1345,6705,Estimate
2794,00591972,59,1972,263598,16508,4008,1398,13898,Estimate
2795,00591973,59,1973,283938,20340,4097,1465,17708,Estimate
2796,00591974,59,1974,296686,12748,4218,1505,10035,Estimate
2797,00591975,59,1975,312469,15783,4241,1503,13045,Estimate
2798,00591976,59,1976,325430,12961,4305,1587,10243,Estimate
2799,00591977,59,1977,337136,11706,4660,1675,8721,Estimate
2800,00591978,59,1978,355220,18084,4905,1729,14908,Estimate
2801,00591979,59,1979,369693,14473,5187,1804,11090,Estimate
2802,00591980,59,1980,374709,5016,5551,1836,1301,Estimate
2803,00591981,59,1981,386410,11701,5821,1917,7797,Estimate
2804,00591982,59,1982,398695,12285,6088,1994,8191,Estimate
2805,00591983,59,1983,406163,7468,6290,1986,3164,Estimate
2806,00591984,59,1984,413716,7553,6451,2014,3116,Estimate
2807,00591985,59,1985,421617,7901,6581,2121,3441,Estimate
2808,00591986,59,1986,427070,5453,6743,2166,876,Estimate
2809,00591987,59,1987,430187,3117,6681,2155,-1409,Estimate
2810,00591988,59,1988,432429,2242,6569,2290,-2037,Estimate
2811,00591989,59,1989,435905,3476,6557,2319,-762,Estimate
2812,00591990,59,1990,439524,3619,6619,2319,-681,Estimate
2813,00591991,59,1991,449663,10139,6445,2430,6124,Estimate
2814,00591992,59,1992,463534,13871,6538,2418,9751,Estimate
2815,00591993,59,1993,476206,12672,6513,2597,8756,Estimate
2816,00591994,59,1994,483432,7226,6472,2670,3424,Estimate
2817,00591995,59,1995,491314,7882,6352,2712,4242,Estimate
2818,00591996,59,1996,498048,6734,6229,2796,3301,Estimate
2819,00591997,59,1997,504230,6182,6372,2965,2775,Estimate
2820,00591998,59,1998,512482,8252,6358,3076,4970,Estimate
2821,00591999,59,1999,520811,8329,6301,3030,5058,Estimate
2822,00592000,59,2000,526716,5905,6701,3159,2363,Estimate
2823,00592001,59,2001,528067,1351,6532,3133,-2048,Estimate
2824,00592002,59,2002,527539,-528,6551,3400,-3679,Estimate
2825,00592003,59,2003,525429,-2110,6620,3444,-5286,Estimate
2826,00592004,59,2004,524876,-553,6337,3367,-3523,Estimate
2827,00592005,59,2005,523517,-1359,6183,3338,-4204,Estimate
2828,00592006,59,2006,524579,1062,6138,3462,-1614,Estimate
2829,00592007,59,2007,527120,2541,6194,3541,-112,Estimate
2830,00592008,59,2008,530565,3445,6167,3736,1014,Estimate
2831,00592009,59,2009,532606,2041,5934,3678,-215,Estimate
2832,00592010,59,2010,535651,3045,5723,3757,1079,Estimate
2833,00592011,59,2011,540625,4974,5545,3744,3173,Estimate
2834,00592012,59,2012,546631,6006,5565,3906,4347,Estimate
2835,00592013,59,2013,552236,5605,5633,4003,3975,Estimate
2836,00592014,59,2014,559016,6780,5917,4110,4973,Estimate
2837,00592015,59,2015,565161,6145,5838,4397,4704,Estimate
2838,00592016,59,2016,571744,6583,5903,4322,5002,Estimate
2839,00592017,59,2017,575923,4179,5977,4489,2691,Estimate
2840,00592018,59,2018,579821,3898,5589,4521,2830,Estimate
2841,00592019,59,2019,582568,2747,5626,4493,1614,Estimate
2842,00592020,59,2020,583138,570,5723,4901,-252,Estimate
2843,00592021,59,2021,580840,-2298,5379,5367,-2310,Estimate
2844,00592022,59,2022,576580,-4260,5523,5446,-4337,Estimate
2845,00592023,59,2023,577599,1019,5341,5096,774,Estimate
2846,00592024,59,2024,578437,838,5379,4988,447,Estimate
2847,00592025,59,2025,577837,-600,5337,4711,-1225,Projection
2848,00592026,59,2026,577256,-581,5245,4722,-1104,Projection
2849,00592027,59,2027,579089,1833,5179,4767,1422,Projection
2850,00592028,59,2028,581170,2081,5119,4841,1802,Projection
2851,00592029,59,2029,583011,1841,5070,4924,1695,Projection
2852,00592030,59,2030,585095,2084,5036,5004,2053,Projection
2853,00592031,59,2031,587436,2341,5021,5093,2414,Projection
2854,00592032,59,2032,589964,2528,5018,5183,2692,Projection
2855,00592033,59,2033,592441,2478,5041,5274,2710,Projection
2856,00592034,59,2034,594871,2430,5082,5365,2713,Projection
2857,00592035,59,2035,597244,2373,5135,5457,2695,Projection
2858,00592036,59,2036,599561,2317,5196,5547,2668,Projection
2859,00592037,59,2037,601809,2248,5258,5635,2624,Projection
2860,00592038,59,2038,603966,2157,5318,5719,2557,Projection
2861,00592039,59,2039,606038,2072,5372,5799,2499,Projection
2862,00592040,59,2040,608028,1990,5419,5873,2444,Projection
2863,00592041,59,2041,609922,1895,5457,5939,2377,Projection
2864,00592042,59,2042,611849,1927,5473,6001,2455,Projection
2865,00592043,59,2043,613695,1846,5483,6056,2418,Projection
2866,00592044,59,2044,615515,1820,5485,6104,2439,Projection
2867,00592045,59,2045,617308,1793,5481,6144,2455,Projection
2868,00592046,59,2046,619048,1740,5472,6174,2442,Projection
2869,00592047,59,2047,620455,1407,5452,6204,2159,Projection
2870,00592048,59,2048,621600,1145,5422,6230,1953,Projection
2871,00592049,59,2049,622736,1137,5389,6241,1988,Projection
2872,00592050,59,2050,623814,1077,5353,6243,1967,Projection
2873,00592051,59,2051,624856,1042,5316,6241,1967,Projection
2874,00592052,59,2052,625882,1027,5295,6235,1967,Projection
2875,00592053,59,2053,626896,1014,5274,6227,1967,Projection
2876,00592054,59,2054,627904,1008,5255,6214,1967,Projection
2877,00592055,59,2055,628907,1003,5238,6201,1967,Projection
2878,00592056,59,2056,629908,1001,5221,6188,1967,Projection
2879,00592057,59,2057,630908,1001,5206,6173,1967,Projection
2880,00592058,59,2058,631906,997,5193,6163,1967,Projection
2881,00592059,59,2059,632904,998,5180,6149,1967,Projection
2882,00592060,59,2060,633902,998,5170,6139,1967,Projection
2883,00611970,61,1970,2022,-38,32,23,-47,Estimate
2884,00611971,61,1971,1994,-28,34,20,-42,Estimate
2885,00611972,61,1972,2003,9,38,19,-10,Estimate
2886,00611973,61,1973,2027,24,33,24,15,Estimate
2887,00611974,61,1974,1994,-33,34,27,-40,Estimate
2888,00611975,61,1975,2051,57,36,23,44,Estimate
2889,00611976,61,1976,2019,-32,37,21,-48,Estimate
2890,00611977,61,1977,1875,-144,33,19,-158,Estimate
2891,00611978,61,1978,1786,-89,33,16,-106,Estimate
2892,00611979,61,1979,1868,82,35,20,67,Estimate
2893,00611980,61,1980,1948,80,34,24,70,Estimate
2894,00611981,61,1981,1995,47,35,25,37,Estimate
2895,00611982,61,1982,1927,-68,33,24,-77,Estimate
2896,00611983,61,1983,1925,-2,34,21,-15,Estimate
2897,00611984,61,1984,1950,25,39,18,4,Estimate
2898,00611985,61,1985,1847,-103,33,13,-123,Estimate
2899,00611986,61,1986,1798,-49,23,14,-58,Estimate
2900,00611987,61,1987,1758,-40,24,16,-48,Estimate
2901,00611988,61,1988,1711,-47,24,13,-58,Estimate
2902,00611989,61,1989,1698,-13,21,16,-18,Estimate
2903,00611990,61,1990,1678,-20,18,19,-19,Estimate
2904,00611991,61,1991,1682,4,19,21,6,Estimate
2905,00611992,61,1992,1700,18,15,19,22,Estimate
2906,00611993,61,1993,1700,0,14,19,5,Estimate
2907,00611994,61,1994,1698,-2,16,24,6,Estimate
2908,00611995,61,1995,1638,-60,20,10,-70,Estimate
2909,00611996,61,1996,1662,24,14,19,29,Estimate
2910,00611997,61,1997,1660,-2,17,25,6,Estimate
2911,00611998,61,1998,1655,-5,19,18,-6,Estimate
2912,00611999,61,1999,1626,-29,14,13,-30,Estimate
2913,00612000,61,2000,1612,-14,16,14,-16,Estimate
2914,00612001,61,2001,1606,-6,16,25,3,Estimate
2915,00612002,61,2002,1566,-40,14,16,-38,Estimate
2916,00612003,61,2003,1548,-18,23,18,-23,Estimate
2917,00612004,61,2004,1523,-25,11,22,-14,Estimate
2918,00612005,61,2005,1543,20,16,20,24,Estimate
2919,00612006,61,2006,1514,-29,7,18,-18,Estimate
2920,00612007,61,2007,1471,-43,22,24,-41,Estimate
2921,00612008,61,2008,1432,-39,15,22,-32,Estimate
2922,00612009,61,2009,1392,-40,17,19,-38,Estimate
2923,00612010,61,2010,1399,7,6,19,20,Estimate
2924,00612011,61,2011,1383,-16,20,22,-14,Estimate
2925,00612012,61,2012,1392,9,8,21,22,Estimate
2926,00612013,61,2013,1397,5,15,18,8,Estimate
2927,00612014,61,2014,1393,-4,19,20,-3,Estimate
2928,00612015,61,2015,1406,13,14,22,21,Estimate
2929,00612016,61,2016,1420,14,20,21,15,Estimate
2930,00612017,61,2017,1428,8,17,21,12,Estimate
2931,00612018,61,2018,1442,14,17,24,21,Estimate
2932,00612019,61,2019,1454,12,10,8,10,Estimate
2933,00612020,61,2020,1454,0,13,15,2,Estimate
2934,00612021,61,2021,1453,-1,20,21,0,Estimate
2935,00612022,61,2022,1430,-23,11,19,-15,Estimate
2936,00612023,61,2023,1380,-50,19,22,-47,Estimate
2937,00612024,61,2024,1417,37,19,14,32,Estimate
2938,00612025,61,2025,1416,-1,15,18,2,Projection
2939,00612026,61,2026,1414,-2,15,18,1,Projection
2940,00612027,61,2027,1410,-4,14,18,-1,Projection
2941,00612028,61,2028,1405,-4,14,18,-1,Projection
2942,00612029,61,2029,1400,-5,14,17,-1,Projection
2943,00612030,61,2030,1395,-5,14,17,-1,Projection
2944,00612031,61,2031,1389,-6,13,17,-2,Projection
2945,00612032,61,2032,1384,-5,13,17,-2,Projection
2946,00612033,61,2033,1379,-5,13,17,-2,Projection
2947,00612034,61,2034,1374,-4,13,17,-1,Projection
2948,00612035,61,2035,1370,-4,14,17,-1,Projection
2949,00612036,61,2036,1366,-4,14,17,-1,Projection
2950,00612037,61,2037,1362,-4,14,17,-1,Projection
2951,00612038,61,2038,1358,-4,14,17,-2,Projection
2952,00612039,61,2039,1353,-4,14,17,-2,Projection
2953,00612040,61,2040,1348,-5,14,17,-2,Projection
2954,00612041,61,2041,1343,-5,14,17,-2,Projection
2955,00612042,61,2042,1339,-5,14,17,-3,Projection
2956,00612043,61,2043,1334,-5,14,17,-3,Projection
2957,00612044,61,2044,1329,-5,14,16,-3,Projection
2958,00612045,61,2045,1324,-5,14,16,-3,Projection
2959,00612046,61,2046,1319,-5,14,16,-3,Projection
2960,00612047,61,2047,1315,-5,14,16,-3,Projection
2961,00612048,61,2048,1310,-5,14,16,-3,Projection
2962,00612049,61,2049,1305,-5,14,16,-3,Projection
2963,00612050,61,2050,1300,-5,14,16,-3,Projection
2964,00612051,61,2051,1295,-5,14,16,-3,Projection
2965,00612052,61,2052,1290,-5,14,15,-3,Projection
2966,00612053,61,2053,1285,-5,13,15,-3,Projection
2967,00612054,61,2054,1281,-5,13,15,-3,Projection
2968,00612055,61,2055,1276,-5,13,15,-3,Projection
2969,00612056,61,2056,1271,-5,13,15,-3,Projection
2970,00612057,61,2057,1267,-5,13,14,-3,Projection
2971,00612058,61,2058,1262,-5,13,14,-3,Projection
2972,00612059,61,2059,1258,-5,13,14,-3,Projection
2973,00612060,61,2060,1253,-5,12,14,-3,Projection
2974,00631970,63,1970,7579,69,131,71,9,Estimate
2975,00631971,63,1971,7777,198,134,66,130,Estimate
2976,00631972,63,1972,7394,-383,121,71,-433,Estimate
2977,00631973,63,1973,7416,22,119,73,-24,Estimate
2978,00631974,63,1974,7559,143,135,71,79,Estimate
2979,00631975,63,1975,7661,102,143,64,23,Estimate
2980,00631976,63,1976,7747,86,145,66,7,Estimate
2981,00631977,63,1977,7671,-76,146,73,-149,Estimate
2982,00631978,63,1978,7483,-188,142,73,-257,Estimate
2983,00631979,63,1979,7586,103,131,63,35,Estimate
2984,00631980,63,1980,7582,-4,134,65,-73,Estimate
2985,00631981,63,1981,7513,-69,135,66,-138,Estimate
2986,00631982,63,1982,7570,57,140,60,-23,Estimate
2987,00631983,63,1983,7765,195,142,69,122,Estimate
2988,00631984,63,1984,7812,47,131,89,5,Estimate
2989,00631985,63,1985,7547,-265,124,85,-304,Estimate
2990,00631986,63,1986,7373,-174,114,72,-216,Estimate
2991,00631987,63,1987,7241,-132,113,63,-182,Estimate
2992,00631988,63,1988,7280,39,119,61,-19,Estimate
2993,00631989,63,1989,7201,-79,116,72,-123,Estimate
2994,00631990,63,1990,7128,-73,111,68,-116,Estimate
2995,00631991,63,1991,7156,28,120,57,-35,Estimate
2996,00631992,63,1992,7234,78,96,64,46,Estimate
2997,00631993,63,1993,7262,28,107,54,-25,Estimate
2998,00631994,63,1994,7340,78,96,80,62,Estimate
2999,00631995,63,1995,7413,73,75,68,66,Estimate
3000,00631996,63,1996,7479,66,83,73,56,Estimate
3001,00631997,63,1997,7601,122,67,66,121,Estimate
3002,00631998,63,1998,7756,155,75,77,157,Estimate
3003,00631999,63,1999,7901,145,101,71,115,Estimate
3004,00632000,63,2000,7975,74,100,85,59,Estimate
3005,00632001,63,2001,8073,98,107,69,60,Estimate
3006,00632002,63,2002,8289,216,80,85,221,Estimate
3007,00632003,63,2003,8185,-104,78,67,-115,Estimate
3008,00632004,63,2004,8257,72,90,72,54,Estimate
3009,00632005,63,2005,7998,-259,108,68,-299,Estimate
3010,00632006,63,2006,7946,-52,98,92,-58,Estimate
3011,00632007,63,2007,7835,-111,92,80,-123,Estimate
3012,00632008,63,2008,8042,207,101,67,173,Estimate
3013,00632009,63,2009,8269,227,102,76,201,Estimate
3014,00632010,63,2010,8267,-2,108,81,-29,Estimate
3015,00632011,63,2011,8165,-102,105,83,-124,Estimate
3016,00632012,63,2012,8085,-80,93,69,-104,Estimate
3017,00632013,63,2013,8006,-79,83,76,-86,Estimate
3018,00632014,63,2014,7664,-342,94,80,-356,Estimate
3019,00632015,63,2015,7561,-103,116,75,-144,Estimate
3020,00632016,63,2016,7480,-81,94,79,-96,Estimate
3021,00632017,63,2017,7400,-80,87,72,-95,Estimate
3022,00632018,63,2018,7285,-115,79,77,-117,Estimate
3023,00632019,63,2019,7182,-103,98,70,-131,Estimate
3024,00632020,63,2020,7069,-113,91,80,-124,Estimate
3025,00632021,63,2021,6930,-139,81,97,-123,Estimate
3026,00632022,63,2022,7011,81,104,93,70,Estimate
3027,00632023,63,2023,7021,10,78,84,16,Estimate
3028,00632024,63,2024,7063,42,78,84,48,Estimate
3029,00632025,63,2025,7070,7,65,67,9,Projection
3030,00632026,63,2026,7081,10,65,66,12,Projection
3031,00632027,63,2027,7081,0,65,67,1,Projection
3032,00632028,63,2028,7081,1,65,67,2,Projection
3033,00632029,63,2029,7082,1,66,67,2,Projection
3034,00632030,63,2030,7085,3,67,67,3,Projection
3035,00632031,63,2031,7089,3,68,68,3,Projection
3036,00632032,63,2032,7091,3,69,68,2,Projection
3037,00632033,63,2033,7095,4,71,69,2,Projection
3038,00632034,63,2034,7099,4,72,69,1,Projection
3039,00632035,63,2035,7104,5,73,69,1,Projection
3040,00632036,63,2036,7110,6,74,69,1,Projection
3041,00632037,63,2037,7115,5,75,70,0,Projection
3042,00632038,63,2038,7121,6,76,70,0,Projection
3043,00632039,63,2039,7128,7,76,70,1,Projection
3044,00632040,63,2040,7134,7,76,70,1,Projection
3045,00632041,63,2041,7141,6,76,71,1,Projection
3046,00632042,63,2042,7149,8,76,71,3,Projection
3047,00632043,63,2043,7156,7,76,71,3,Projection
3048,00632044,63,2044,7164,8,75,71,4,Projection
3049,00632045,63,2045,7173,9,75,71,6,Projection
3050,00632046,63,2046,7182,9,74,71,6,Projection
3051,00632047,63,2047,7193,10,73,71,8,Projection
3052,00632048,63,2048,7203,11,73,71,9,Projection
3053,00632049,63,2049,7215,12,72,70,10,Projection
3054,00632050,63,2050,7227,12,71,70,11,Projection
3055,00632051,63,2051,7238,11,70,69,11,Projection
3056,00632052,63,2052,7249,10,69,69,11,Projection
3057,00632053,63,2053,7259,10,68,69,11,Projection
3058,00632054,63,2054,7268,10,67,68,11,Projection
3059,00632055,63,2055,7277,9,66,68,11,Projection
3060,00632056,63,2056,7286,9,65,67,11,Projection
3061,00632057,63,2057,7294,8,64,67,11,Projection
3062,00632058,63,2058,7302,8,63,66,11,Projection
3063,00632059,63,2059,7311,8,63,66,11,Projection
3064,00632060,63,2060,7319,8,63,66,11,Projection
3065,00651970,65,1970,8313,673,196,58,535,Estimate
3066,00651971,65,1971,8436,123,213,47,-43,Estimate
3067,00651972,65,1972,8448,12,189,39,-138,Estimate
3068,00651973,65,1973,8521,73,156,50,-33,Estimate
3069,00651974,65,1974,8505,-16,143,49,-110,Estimate
3070,00651975,65,1975,8621,116,148,42,10,Estimate
3071,00651976,65,1976,8872,251,152,41,140,Estimate
3072,00651977,65,1977,8757,-115,170,39,-246,Estimate
3073,00651978,65,1978,8736,-21,176,38,-159,Estimate
3074,00651979,65,1979,8847,111,180,39,-30,Estimate
3075,00651980,65,1980,8861,14,218,39,-165,Estimate
3076,00651981,65,1981,8979,118,244,37,-89,Estimate
3077,00651982,65,1982,8425,-554,207,34,-727,Estimate
3078,00651983,65,1983,7657,-768,160,36,-892,Estimate
3079,00651984,65,1984,7163,-494,132,34,-592,Estimate
3080,00651985,65,1985,6789,-374,114,33,-455,Estimate
3081,00651986,65,1986,6450,-339,102,34,-407,Estimate
3082,00651987,65,1987,6045,-405,92,34,-463,Estimate
3083,00651988,65,1988,5750,-295,86,33,-348,Estimate
3084,00651989,65,1989,5896,146,88,32,90,Estimate
3085,00651990,65,1990,6028,132,92,34,74,Estimate
3086,00651991,65,1991,6136,108,103,32,37,Estimate
3087,00651992,65,1992,6208,72,116,31,-13,Estimate
3088,00651993,65,1993,6265,57,103,26,-20,Estimate
3089,00651994,65,1994,6378,113,78,25,60,Estimate
3090,00651995,65,1995,7148,770,100,38,708,Estimate
3091,00651996,65,1996,7554,406,128,41,319,Estimate
3092,00651997,65,1997,7870,316,96,33,253,Estimate
3093,00651998,65,1998,7827,-43,118,33,-128,Estimate
3094,00651999,65,1999,7819,-8,127,46,-89,Estimate
3095,00652000,65,2000,7939,120,145,38,13,Estimate
3096,00652001,65,2001,7821,-118,136,45,-209,Estimate
3097,00652002,65,2002,7726,-95,131,38,-188,Estimate
3098,00652003,65,2003,7520,-206,118,36,-288,Estimate
3099,00652004,65,2004,7416,-104,116,37,-183,Estimate
3100,00652005,65,2005,7284,-132,115,26,-221,Estimate
3101,00652006,65,2006,7217,-67,112,28,-151,Estimate
3102,00652007,65,2007,7271,54,119,53,-12,Estimate
3103,00652008,65,2008,7269,-2,128,45,-85,Estimate
3104,00652009,65,2009,7174,-95,120,37,-178,Estimate
3105,00652010,65,2010,7282,108,106,36,38,Estimate
3106,00652011,65,2011,7242,-40,104,41,-103,Estimate
3107,00652012,65,2012,7103,-139,72,40,-171,Estimate
3108,00652013,65,2013,7071,-32,80,35,-77,Estimate
3109,00652014,65,2014,7085,14,80,43,-23,Estimate
3110,00652015,65,2015,7159,74,86,42,30,Estimate
3111,00652016,65,2016,7246,87,64,44,67,Estimate
3112,00652017,65,2017,7352,106,86,38,58,Estimate
3113,00652018,65,2018,7332,-20,84,36,-68,Estimate
3114,00652019,65,2019,7555,223,99,26,150,Estimate
3115,00652020,65,2020,7413,-142,75,27,-190,Estimate
3116,00652021,65,2021,7400,-13,72,52,-33,Estimate
3117,00652022,65,2022,7353,-47,83,48,-82,Estimate
3118,00652023,65,2023,7366,13,93,42,-38,Estimate
3119,00652024,65,2024,7353,-13,76,40,-49,Estimate
3120,00652025,65,2025,7361,8,82,43,-30,Projection
3121,00652026,65,2026,7380,19,84,42,-22,Projection
3122,00652027,65,2027,7439,59,86,42,14,Projection
3123,00652028,65,2028,7506,67,89,42,19,Projection
3124,00652029,65,2029,7580,74,92,42,24,Projection
3125,00652030,65,2030,7661,82,95,42,29,Projection
3126,00652031,65,2031,7750,89,98,42,33,Projection
3127,00652032,65,2032,7818,69,99,42,12,Projection
3128,00652033,65,2033,7889,70,100,43,12,Projection
3129,00652034,65,2034,7960,71,102,43,12,Projection
3130,00652035,65,2035,8032,72,103,43,12,Projection
3131,00652036,65,2036,8106,74,104,43,13,Projection
3132,00652037,65,2037,8178,72,104,44,12,Projection
3133,00652038,65,2038,8243,65,105,44,5,Projection
3134,00652039,65,2039,8303,60,105,44,0,Projection
3135,00652040,65,2040,8359,56,104,45,-3,Projection
3136,00652041,65,2041,8414,54,103,45,-4,Projection
3137,00652042,65,2042,8464,50,103,45,-7,Projection
3138,00652043,65,2043,8512,48,102,46,-8,Projection
3139,00652044,65,2044,8558,46,101,46,-9,Projection
3140,00652045,65,2045,8602,44,100,46,-9,Projection
3141,00652046,65,2046,8645,43,99,46,-9,Projection
3142,00652047,65,2047,8682,37,98,46,-14,Projection
3143,00652048,65,2048,8718,36,97,46,-15,Projection
3144,00652049,65,2049,8751,33,96,47,-16,Projection
3145,00652050,65,2050,8784,33,95,47,-16,Projection
3146,00652051,65,2051,8816,32,95,47,-16,Projection
3147,00652052,65,2052,8848,32,95,47,-16,Projection
3148,00652053,65,2053,8880,32,95,47,-16,Projection
3149,00652054,65,2054,8912,32,95,47,-16,Projection
3150,00652055,65,2055,8945,32,95,47,-16,Projection
3151,00652056,65,2056,8978,33,96,47,-16,Projection
3152,00652057,65,2057,9011,33,97,47,-16,Projection
3153,00652058,65,2058,9045,34,97,47,-16,Projection
3154,00652059,65,2059,9079,35,98,47,-16,Projection
3155,00652060,65,2060,9115,35,99,48,-16,Projection
3156,00671970,67,1970,19316,-384,340,189,-535,Estimate
3157,00671971,67,1971,19786,470,346,164,288,Estimate
3158,00671972,67,1972,20046,260,318,177,119,Estimate
3159,00671973,67,1973,21395,1349,310,201,1240,Estimate
3160,00671974,67,1974,21971,576,317,199,458,Estimate
3161,00671975,67,1975,23186,1215,349,177,1043,Estimate
3162,00671976,67,1976,23854,668,360,171,479,Estimate
3163,00671977,67,1977,24636,782,375,170,577,Estimate
3164,00671978,67,1978,26411,1775,419,176,1532,Estimate
3165,00671979,67,1979,26401,-10,442,178,-274,Estimate
3166,00671980,67,1980,27464,1063,472,194,785,Estimate
3167,00671981,67,1981,28531,1067,467,204,804,Estimate
3168,00671982,67,1982,29729,1198,496,194,896,Estimate
3169,00671983,67,1983,30845,1116,545,195,766,Estimate
3170,00671984,67,1984,31072,227,548,190,-131,Estimate
3171,00671985,67,1985,31393,321,549,181,-47,Estimate
3172,00671986,67,1986,30790,-603,505,193,-915,Estimate
3173,00671987,67,1987,30916,126,473,198,-149,Estimate
3174,00671988,67,1988,31179,263,471,194,-14,Estimate
3175,00671989,67,1989,31809,630,442,197,385,Estimate
3176,00671990,67,1990,32453,644,438,194,400,Estimate
3177,00671991,67,1991,33411,958,423,204,739,Estimate
3178,00671992,67,1992,34430,1019,439,205,785,Estimate
3179,00671993,67,1993,35595,1165,417,202,950,Estimate
3180,00671994,67,1994,36904,1309,419,235,1125,Estimate
3181,00671995,67,1995,38760,1856,481,224,1599,Estimate
3182,00671996,67,1996,39700,940,406,250,784,Estimate
3183,00671997,67,1997,40319,619,469,253,403,Estimate
3184,00671998,67,1998,41170,851,420,232,663,Estimate
3185,00671999,67,1999,42757,1587,425,249,1411,Estimate
3186,00672000,67,2000,44578,1821,437,241,1625,Estimate
3187,00672001,67,2001,45645,1067,475,218,810,Estimate
3188,00672002,67,2002,46089,444,458,246,232,Estimate
3189,00672003,67,2003,46447,358,479,271,150,Estimate
3190,00672004,67,2004,46926,479,516,269,232,Estimate
3191,00672005,67,2005,47713,787,501,245,531,Estimate
3192,00672006,67,2006,48408,695,564,302,433,Estimate
3193,00672007,67,2007,49146,738,597,280,421,Estimate
3194,00672008,67,2008,50073,927,606,277,598,Estimate
3195,00672009,67,2009,50759,686,593,275,368,Estimate
3196,00672010,67,2010,51441,682,589,270,363,Estimate
3197,00672011,67,2011,51803,362,543,246,65,Estimate
3198,00672012,67,2012,52314,511,536,332,307,Estimate
3199,00672013,67,2013,53146,832,495,315,652,Estimate
3200,00672014,67,2014,53557,411,552,301,160,Estimate
3201,00672015,67,2015,54300,743,579,345,509,Estimate
3202,00672016,67,2016,54884,584,571,351,364,Estimate
3203,00672017,67,2017,55034,150,503,353,0,Estimate
3204,00672018,67,2018,55731,697,459,338,576,Estimate
3205,00672019,67,2019,55509,-222,421,345,-298,Estimate
3206,00672020,67,2020,55673,164,481,371,54,Estimate
3207,00672021,67,2021,56179,506,437,439,508,Estimate
3208,00672022,67,2022,56571,392,423,464,433,Estimate
3209,00672023,67,2023,56421,-150,424,416,-158,Estimate
3210,00672024,67,2024,56841,420,406,440,454,Estimate
3211,00672025,67,2025,57239,398,415,439,422,Projection
3212,00672026,67,2026,57620,381,405,451,426,Projection
3213,00672027,67,2027,57776,156,397,468,226,Projection
3214,00672028,67,2028,57949,172,385,484,272,Projection
3215,00672029,67,2029,58143,195,376,502,321,Projection
3216,00672030,67,2030,58370,227,369,521,378,Projection
3217,00672031,67,2031,58630,260,365,539,434,Projection
3218,00672032,67,2032,58921,291,365,558,485,Projection
3219,00672033,67,2033,59181,260,367,578,471,Projection
3220,00672034,67,2034,59430,249,370,597,477,Projection
3221,00672035,67,2035,59662,232,374,616,474,Projection
3222,00672036,67,2036,59883,221,379,635,477,Projection
3223,00672037,67,2037,60092,209,385,654,478,Projection
3224,00672038,67,2038,60290,198,390,672,479,Projection
3225,00672039,67,2039,60474,184,396,690,478,Projection
3226,00672040,67,2040,60648,174,402,706,478,Projection
3227,00672041,67,2041,60815,168,407,721,482,Projection
3228,00672042,67,2042,61003,188,412,734,510,Projection
3229,00672043,67,2043,61185,182,417,747,513,Projection
3230,00672044,67,2044,61371,186,421,759,524,Projection
3231,00672045,67,2045,61563,191,425,769,535,Projection
3232,00672046,67,2046,61756,193,428,777,542,Projection
3233,00672047,67,2047,61955,199,431,784,553,Projection
3234,00672048,67,2048,62162,206,432,791,565,Projection
3235,00672049,67,2049,62382,220,434,795,581,Projection
3236,00672050,67,2050,62598,216,435,798,579,Projection
3237,00672051,67,2051,62813,216,436,799,579,Projection
3238,00672052,67,2052,63029,216,437,800,579,Projection
3239,00672053,67,2053,63245,216,438,802,579,Projection
3240,00672054,67,2054,63462,217,440,801,579,Projection
3241,00672055,67,2055,63680,218,441,802,579,Projection
3242,00672056,67,2056,63899,219,442,803,579,Projection
3243,00672057,67,2057,64120,221,443,801,579,Projection
3244,00672058,67,2058,64341,222,444,801,579,Projection
3245,00672059,67,2059,64564,222,445,802,579,Projection
3246,00672060,67,2060,64786,222,446,803,579,Projection
3247,00691970,69,1970,91179,5479,1578,655,4556,Estimate
3248,00691971,69,1971,96297,5118,1565,689,4242,Estimate
3249,00691972,69,1972,105812,9515,1527,697,8685,Estimate
3250,00691973,69,1973,112038,6226,1582,702,5346,Estimate
3251,00691974,69,1974,119903,7865,1603,726,6988,Estimate
3252,00691975,69,1975,120907,1004,1610,723,117,Estimate
3253,00691976,69,1976,123413,2506,1671,769,1604,Estimate
3254,00691977,69,1977,131164,7751,1798,799,6752,Estimate
3255,00691978,69,1978,137739,6575,1985,783,5373,Estimate
3256,00691979,69,1979,145531,7792,2183,788,6397,Estimate
3257,00691980,69,1980,150115,4584,2324,798,3058,Estimate
3258,00691981,69,1981,153793,3678,2428,862,2112,Estimate
3259,00691982,69,1982,158719,4926,2545,901,3282,Estimate
3260,00691983,69,1983,162804,4085,2639,844,2290,Estimate
3261,00691984,69,1984,166500,3696,2697,884,1883,Estimate
3262,00691985,69,1985,170724,4224,2748,961,2437,Estimate
3263,00691986,69,1986,174980,4256,2785,1024,2495,Estimate
3264,00691987,69,1987,178151,3171,2722,1050,1499,Estimate
3265,00691988,69,1988,180220,2069,2717,1004,356,Estimate
3266,00691989,69,1989,183598,3378,2719,1017,1676,Estimate
3267,00691990,69,1990,187046,3448,2717,1033,1764,Estimate
3268,00691991,69,1991,193546,6500,2699,1090,4891,Estimate
3269,00691992,69,1992,199664,6118,2785,1169,4502,Estimate
3270,00691993,69,1993,206849,7185,2643,1132,5674,Estimate
3271,00691994,69,1994,214930,8081,2793,1144,6432,Estimate
3272,00691995,69,1995,221626,6696,2779,1262,5179,Estimate
3273,00691996,69,1996,227251,5625,2821,1246,4050,Estimate
3274,00691997,69,1997,232800,5549,2784,1302,4067,Estimate
3275,00691998,69,1998,239080,6280,2843,1332,4769,Estimate
3276,00691999,69,1999,246158,7078,2993,1432,5517,Estimate
3277,00692000,69,2000,253087,6929,3228,1431,5132,Estimate
3278,00692001,69,2001,260911,7824,3311,1523,6036,Estimate
3279,00692002,69,2002,266171,5260,3289,1516,3487,Estimate
3280,00692003,69,2003,268146,1975,3358,1531,148,Estimate
3281,00692004,69,2004,273269,5123,3500,1551,3174,Estimate
3282,00692005,69,2005,275873,2604,3318,1530,816,Estimate
3283,00692006,69,2006,281027,5154,3511,1540,3183,Estimate
3284,00692007,69,2007,286754,5727,3517,1532,3742,Estimate
3285,00692008,69,2008,292394,5640,3425,1687,3902,Estimate
3286,00692009,69,2009,297502,5108,3566,1664,3206,Estimate
3287,00692010,69,2010,300532,3030,3378,1818,1470,Estimate
3288,00692011,69,2011,305342,4810,3313,1861,3358,Estimate
3289,00692012,69,2012,310952,5610,3407,1871,4074,Estimate
3290,00692013,69,2013,316337,5385,3375,1990,4000,Estimate
3291,00692014,69,2014,324123,7786,3490,1986,6282,Estimate
3292,00692015,69,2015,333445,9322,3448,2246,8120,Estimate
3293,00692016,69,2016,339128,5683,3463,2182,4402,Estimate
3294,00692017,69,2017,344187,5059,3346,2407,4120,Estimate
3295,00692018,69,2018,350661,6474,3284,2396,5586,Estimate
3296,00692019,69,2019,356800,6139,3159,2314,5294,Estimate
3297,00692020,69,2020,359957,3157,3092,2466,2531,Estimate
3298,00692021,69,2021,362836,2879,3026,2716,2569,Estimate
3299,00692022,69,2022,368062,5226,3123,2899,5002,Estimate
3300,00692023,69,2023,371450,3388,2952,2750,3186,Estimate
3301,00692024,69,2024,374387,2937,3025,2736,2648,Estimate
3302,00692025,69,2025,376261,1874,3110,2808,1573,Projection
3303,00692026,69,2026,378133,1872,3080,2859,1650,Projection
3304,00692027,69,2027,380579,2446,3049,2934,2331,Projection
3305,00692028,69,2028,383012,2433,3029,3012,2416,Projection
3306,00692029,69,2029,385519,2507,3020,3094,2580,Projection
3307,00692030,69,2030,388366,2847,3029,3176,2995,Projection
3308,00692031,69,2031,391535,3169,3060,3261,3371,Projection
3309,00692032,69,2032,394933,3397,3098,3349,3648,Projection
3310,00692033,69,2033,398284,3351,3149,3436,3639,Projection
3311,00692034,69,2034,401537,3253,3195,3527,3585,Projection
3312,00692035,69,2035,404700,3162,3236,3616,3542,Projection
3313,00692036,69,2036,407779,3079,3272,3704,3511,Projection
3314,00692037,69,2037,410768,2990,3304,3791,3477,Projection
3315,00692038,69,2038,413672,2903,3331,3878,3450,Projection
3316,00692039,69,2039,416472,2800,3352,3962,3410,Projection
3317,00692040,69,2040,419174,2702,3367,4042,3377,Projection
3318,00692041,69,2041,421772,2598,3377,4119,3340,Projection
3319,00692042,69,2042,424445,2673,3378,4191,3486,Projection
3320,00692043,69,2043,427035,2590,3382,4261,3469,Projection
3321,00692044,69,2044,429614,2579,3382,4325,3522,Projection
3322,00692045,69,2045,432192,2578,3381,4381,3578,Projection
3323,00692046,69,2046,434726,2534,3379,4430,3585,Projection
3324,00692047,69,2047,437239,2513,3375,4478,3616,Projection
3325,00692048,69,2048,439734,2495,3369,4524,3650,Projection
3326,00692049,69,2049,442250,2517,3361,4560,3716,Projection
3327,00692050,69,2050,444673,2423,3353,4589,3659,Projection
3328,00692051,69,2051,447058,2385,3342,4616,3659,Projection
3329,00692052,69,2052,449406,2348,3327,4638,3659,Projection
3330,00692053,69,2053,451723,2317,3314,4656,3659,Projection
3331,00692054,69,2054,454008,2285,3300,4673,3659,Projection
3332,00692055,69,2055,456262,2254,3284,4689,3659,Projection
3333,00692056,69,2056,458484,2222,3268,4704,3659,Projection
3334,00692057,69,2057,460675,2190,3251,4719,3659,Projection
3335,00692058,69,2058,462831,2156,3233,4735,3659,Projection
3336,00692059,69,2059,464954,2123,3214,4750,3659,Projection
3337,00692060,69,2060,467045,2090,3197,4765,3659,Projection
3338,00711970,71,1970,15803,-497,252,209,-540,Estimate
3339,00711971,71,1971,16037,234,261,210,183,Estimate
3340,00711972,71,1972,15980,-57,246,228,-75,Estimate
3341,00711973,71,1973,15703,-277,214,225,-266,Estimate
3342,00711974,71,1974,15694,-9,202,214,3,Estimate
3343,00711975,71,1975,15632,-62,211,202,-71,Estimate
3344,00711976,71,1976,15624,-8,217,204,-21,Estimate
3345,00711977,71,1977,15352,-272,235,199,-308,Estimate
3346,00711978,71,1978,14922,-430,220,188,-462,Estimate
3347,00711979,71,1979,14617,-305,211,177,-339,Estimate
3348,00711980,71,1980,14943,326,233,168,261,Estimate
3349,00711981,71,1981,15123,180,243,169,106,Estimate
3350,00711982,71,1982,15160,37,259,173,-49,Estimate
3351,00711983,71,1983,15135,-25,236,177,-84,Estimate
3352,00711984,71,1984,14714,-421,213,189,-445,Estimate
3353,00711985,71,1985,14241,-473,203,180,-496,Estimate
3354,00711986,71,1986,14113,-128,184,177,-135,Estimate
3355,00711987,71,1987,14397,284,187,194,291,Estimate
3356,00711988,71,1988,14222,-175,187,180,-182,Estimate
3357,00711989,71,1989,13960,-262,169,162,-269,Estimate
3358,00711990,71,1990,13746,-214,182,172,-224,Estimate
3359,00711991,71,1991,13816,70,193,196,73,Estimate
3360,00711992,71,1992,14034,218,197,149,170,Estimate
3361,00711993,71,1993,14215,181,152,157,186,Estimate
3362,00711994,71,1994,14753,538,176,173,535,Estimate
3363,00711995,71,1995,14907,154,169,210,195,Estimate
3364,00711996,71,1996,14974,67,156,179,90,Estimate
3365,00711997,71,1997,15048,74,146,181,109,Estimate
3366,00711998,71,1998,15050,2,163,151,-10,Estimate
3367,00711999,71,1999,15138,88,161,183,110,Estimate
3368,00712000,71,2000,15286,148,193,162,117,Estimate
3369,00712001,71,2001,15310,24,165,209,68,Estimate
3370,00712002,71,2002,15659,349,172,184,361,Estimate
3371,00712003,71,2003,16089,430,168,162,424,Estimate
3372,00712004,71,2004,15700,-389,176,186,-379,Estimate
3373,00712005,71,2005,15570,-130,177,165,-142,Estimate
3374,00712006,71,2006,15552,-18,189,171,-36,Estimate
3375,00712007,71,2007,15525,-27,177,152,-52,Estimate
3376,00712008,71,2008,15486,-39,190,176,-53,Estimate
3377,00712009,71,2009,15477,-9,193,165,-37,Estimate
3378,00712010,71,2010,15407,-70,154,176,-48,Estimate
3379,00712011,71,2011,15325,-82,149,196,-35,Estimate
3380,00712012,71,2012,15245,-80,149,163,-66,Estimate
3381,00712013,71,2013,15172,-73,147,185,-35,Estimate
3382,00712014,71,2014,15086,-86,119,159,-46,Estimate
3383,00712015,71,2015,14997,-89,125,181,-33,Estimate
3384,00712016,71,2016,14906,-91,130,184,-37,Estimate
3385,00712017,71,2017,14817,-89,145,182,-52,Estimate
3386,00712018,71,2018,14729,-88,102,161,-29,Estimate
3387,00712019,71,2019,14644,-85,135,176,-44,Estimate
3388,00712020,71,2020,14491,-153,104,192,-65,Estimate
3389,00712021,71,2021,14333,-158,128,203,-83,Estimate
3390,00712022,71,2022,14308,-25,108,253,120,Estimate
3391,00712023,71,2023,14419,111,117,211,205,Estimate
3392,00712024,71,2024,14565,146,114,205,237,Estimate
3393,00712025,71,2025,14687,122,113,183,192,Projection
3394,00712026,71,2026,14809,122,114,187,195,Projection
3395,00712027,71,2027,14735,-74,114,191,3,Projection
3396,00712028,71,2028,14660,-75,112,193,5,Projection
3397,00712029,71,2029,14580,-79,110,194,5,Projection
3398,00712030,71,2030,14497,-83,107,196,5,Projection
3399,00712031,71,2031,14391,-107,104,197,-14,Projection
3400,00712032,71,2032,14275,-116,101,199,-18,Projection
3401,00712033,71,2033,14152,-123,98,200,-21,Projection
3402,00712034,71,2034,14022,-130,95,201,-24,Projection
3403,00712035,71,2035,13884,-138,92,201,-28,Projection
3404,00712036,71,2036,13740,-145,89,202,-32,Projection
3405,00712037,71,2037,13588,-151,87,202,-36,Projection
3406,00712038,71,2038,13432,-156,85,202,-38,Projection
3407,00712039,71,2039,13271,-161,83,202,-42,Projection
3408,00712040,71,2040,13107,-164,81,202,-43,Projection
3409,00712041,71,2041,12938,-169,80,201,-47,Projection
3410,00712042,71,2042,12764,-174,78,200,-53,Projection
3411,00712043,71,2043,12586,-178,77,199,-56,Projection
3412,00712044,71,2044,12402,-184,75,197,-62,Projection
3413,00712045,71,2045,12214,-188,74,195,-67,Projection
3414,00712046,71,2046,12023,-192,73,193,-72,Projection
3415,00712047,71,2047,11827,-196,71,190,-77,Projection
3416,00712048,71,2048,11631,-196,70,187,-79,Projection
3417,00712049,71,2049,11435,-196,68,184,-80,Projection
3418,00712050,71,2050,11243,-192,67,181,-78,Projection
3419,00712051,71,2051,11053,-190,66,177,-78,Projection
3420,00712052,71,2052,10866,-187,64,174,-78,Projection
3421,00712053,71,2053,10681,-185,63,170,-78,Projection
3422,00712054,71,2054,10498,-183,61,166,-78,Projection
3423,00712055,71,2055,10318,-180,60,162,-78,Projection
3424,00712056,71,2056,10140,-178,59,159,-78,Projection
3425,00712057,71,2057,9964,-176,57,155,-78,Projection
3426,00712058,71,2058,9791,-174,56,151,-78,Projection
3427,00712059,71,2059,9619,-171,55,148,-78,Projection
3428,00712060,71,2060,9450,-170,53,145,-78,Projection
3429,00731970,73,1970,4861,51,62,64,53,Estimate
3430,00731971,73,1971,4963,102,63,60,99,Estimate
3431,00731972,73,1972,4902,-61,65,61,-65,Estimate
3432,00731973,73,1973,4822,-80,64,52,-92,Estimate
3433,00731974,73,1974,4885,63,66,50,47,Estimate
3434,00731975,73,1975,4982,97,61,62,98,Estimate
3435,00731976,73,1976,4901,-81,55,56,-80,Estimate
3436,00731977,73,1977,4740,-161,55,45,-171,Estimate
3437,00731978,73,1978,4583,-157,67,50,-174,Estimate
3438,00731979,73,1979,4560,-23,67,62,-28,Estimate
3439,00731980,73,1980,4632,72,70,65,67,Estimate
3440,00731981,73,1981,4508,-124,85,62,-147,Estimate
3441,00731982,73,1982,4495,-13,82,63,-32,Estimate
3442,00731983,73,1983,4558,63,82,57,38,Estimate
3443,00731984,73,1984,4465,-93,90,52,-131,Estimate
3444,00731985,73,1985,4588,123,85,54,92,Estimate
3445,00731986,73,1986,4431,-157,78,49,-186,Estimate
3446,00731987,73,1987,4442,11,74,49,-14,Estimate
3447,00731988,73,1988,4577,135,74,57,118,Estimate
3448,00731989,73,1989,4549,-28,69,55,-42,Estimate
3449,00731990,73,1990,4514,-35,58,50,-43,Estimate
3450,00731991,73,1991,5432,918,61,65,922,Estimate
3451,00731992,73,1992,5972,540,51,60,549,Estimate
3452,00731993,73,1993,5882,-90,56,58,-88,Estimate
3453,00731994,73,1994,5936,54,59,52,47,Estimate
3454,00731995,73,1995,5984,48,54,60,54,Estimate
3455,00731996,73,1996,6113,129,61,67,135,Estimate
3456,00731997,73,1997,6092,-21,56,60,-17,Estimate
3457,00731998,73,1998,6106,14,61,55,8,Estimate
3458,00731999,73,1999,6088,-18,52,65,-5,Estimate
3459,00732000,73,2000,6164,76,54,50,72,Estimate
3460,00732001,73,2001,6076,-88,52,61,-79,Estimate
3461,00732002,73,2002,6047,-29,59,63,-25,Estimate
3462,00732003,73,2003,6052,5,62,60,3,Estimate
3463,00732004,73,2004,5907,-145,63,46,-162,Estimate
3464,00732005,73,2005,5787,-120,46,49,-117,Estimate
3465,00732006,73,2006,5665,-122,80,51,-151,Estimate
3466,00732007,73,2007,5571,-94,61,56,-99,Estimate
3467,00732008,73,2008,5522,-49,51,55,-45,Estimate
3468,00732009,73,2009,5463,-59,61,50,-70,Estimate
3469,00732010,73,2010,5474,11,57,48,2,Estimate
3470,00732011,73,2011,5488,14,64,52,2,Estimate
3471,00732012,73,2012,5503,15,50,56,21,Estimate
3472,00732013,73,2013,5522,19,72,41,-12,Estimate
3473,00732014,73,2014,5538,16,49,47,14,Estimate
3474,00732015,73,2015,5553,15,69,66,12,Estimate
3475,00732016,73,2016,5573,20,52,59,27,Estimate
3476,00732017,73,2017,5591,18,53,53,18,Estimate
3477,00732018,73,2018,5621,30,59,56,27,Estimate
3478,00732019,73,2019,5642,21,67,55,9,Estimate
3479,00732020,73,2020,5662,20,50,69,39,Estimate
3480,00732021,73,2021,5476,-186,42,62,-166,Estimate
3481,00732022,73,2022,5522,46,52,63,57,Estimate
3482,00732023,73,2023,5501,-21,57,61,-17,Estimate
3483,00732024,73,2024,5575,74,41,70,103,Estimate
3484,00732025,73,2025,5595,20,43,43,20,Projection
3485,00732026,73,2026,5605,10,42,43,10,Projection
3486,00732027,73,2027,5612,7,41,43,9,Projection
3487,00732028,73,2028,5616,4,40,43,7,Projection
3488,00732029,73,2029,5625,10,39,43,14,Projection
3489,00732030,73,2030,5632,6,38,44,12,Projection
3490,00732031,73,2031,5642,10,38,44,16,Projection
3491,00732032,73,2032,5650,8,38,45,15,Projection
3492,00732033,73,2033,5654,4,37,45,12,Projection
3493,00732034,73,2034,5654,1,37,46,9,Projection
3494,00732035,73,2035,5652,-3,37,46,6,Projection
3495,00732036,73,2036,5649,-2,37,46,7,Projection
3496,00732037,73,2037,5648,-1,38,47,7,Projection
3497,00732038,73,2038,5646,-1,38,47,7,Projection
3498,00732039,73,2039,5647,1,39,47,9,Projection
3499,00732040,73,2040,5648,1,40,48,9,Projection
3500,00732041,73,2041,5649,1,40,48,9,Projection
3501,00732042,73,2042,5652,2,41,49,10,Projection
3502,00732043,73,2043,5655,3,42,49,10,Projection
3503,00732044,73,2044,5658,3,42,49,10,Projection
3504,00732045,73,2045,5663,5,43,49,11,Projection
3505,00732046,73,2046,5668,5,43,49,11,Projection
3506,00732047,73,2047,5672,5,43,49,11,Projection
3507,00732048,73,2048,5677,5,42,49,12,Projection
3508,00732049,73,2049,5682,5,42,49,12,Projection
3509,00732050,73,2050,5687,4,41,49,12,Projection
3510,00732051,73,2051,5691,5,40,48,13,Projection
3511,00732052,73,2052,5696,4,40,48,13,Projection
3512,00732053,73,2053,5699,4,39,48,13,Projection
3513,00732054,73,2054,5703,4,38,48,14,Projection
3514,00732055,73,2055,5707,3,37,48,14,Projection
3515,00732056,73,2056,5709,3,36,47,14,Projection
3516,00732057,73,2057,5712,3,35,47,15,Projection
3517,00732058,73,2058,5714,2,35,47,15,Projection
3518,00732059,73,2059,5716,2,34,47,15,Projection
3519,00732060,73,2060,5719,2,33,47,16,Projection
3520,00751970,75,1970,18881,-19,302,166,-155,Estimate
3521,00751971,75,1971,18996,115,324,167,-42,Estimate
3522,00751972,75,1972,19131,135,313,170,-8,Estimate
3523,00751973,75,1973,19437,306,289,175,192,Estimate
3524,00751974,75,1974,19386,-51,284,176,-159,Estimate
3525,00751975,75,1975,19243,-143,303,173,-273,Estimate
3526,00751976,75,1976,19529,286,312,185,159,Estimate
3527,00751977,75,1977,19503,-26,318,175,-169,Estimate
3528,00751978,75,1978,19359,-144,321,149,-316,Estimate
3529,00751979,75,1979,19272,-87,331,147,-271,Estimate
3530,00751980,75,1980,19797,525,343,154,336,Estimate
3531,00751981,75,1981,19780,-17,353,166,-204,Estimate
3532,00751982,75,1982,19649,-131,368,165,-334,Estimate
3533,00751983,75,1983,19787,138,340,175,-27,Estimate
3534,00751984,75,1984,19382,-405,317,182,-540,Estimate
3535,00751985,75,1985,19063,-319,306,170,-455,Estimate
3536,00751986,75,1986,18167,-896,276,159,-1013,Estimate
3537,00751987,75,1987,17740,-427,261,162,-526,Estimate
3538,00751988,75,1988,17932,192,245,176,123,Estimate
3539,00751989,75,1989,17725,-207,238,172,-273,Estimate
3540,00751990,75,1990,17508,-217,239,180,-276,Estimate
3541,00751991,75,1991,17499,-9,234,179,-64,Estimate
3542,00751992,75,1992,17567,68,242,186,12,Estimate
3543,00751993,75,1993,17965,398,262,162,298,Estimate
3544,00751994,75,1994,18831,866,238,136,764,Estimate
3545,00751995,75,1995,19372,541,244,177,474,Estimate
3546,00751996,75,1996,19664,292,244,174,222,Estimate
3547,00751997,75,1997,20006,342,236,195,301,Estimate
3548,00751998,75,1998,20001,-5,258,178,-85,Estimate
3549,00751999,75,1999,20294,293,256,183,220,Estimate
3550,00752000,75,2000,20656,362,246,194,310,Estimate
3551,00752001,75,2001,22354,1698,270,206,1634,Estimate
3552,00752002,75,2002,22095,-259,250,204,-305,Estimate
3553,00752003,75,2003,22371,276,298,193,171,Estimate
3554,00752004,75,2004,22181,-190,239,210,-219,Estimate
3555,00752005,75,2005,22088,-93,223,202,-114,Estimate
3556,00752006,75,2006,22267,179,230,199,148,Estimate
3557,00752007,75,2007,22403,136,244,180,72,Estimate
3558,00752008,75,2008,22324,-79,231,207,-103,Estimate
3559,00752009,75,2009,22517,193,253,194,134,Estimate
3560,00752010,75,2010,22293,-224,206,202,-228,Estimate
3561,00752011,75,2011,22210,-83,212,182,-113,Estimate
3562,00752012,75,2012,22131,-79,223,182,-120,Estimate
3563,00752013,75,2013,22056,-75,252,199,-128,Estimate
3564,00752014,75,2014,21964,-92,240,239,-93,Estimate
3565,00752015,75,2015,21873,-91,219,185,-125,Estimate
3566,00752016,75,2016,21772,-101,223,257,-67,Estimate
3567,00752017,75,2017,21691,-81,237,228,-90,Estimate
3568,00752018,75,2018,21611,-80,235,196,-119,Estimate
3569,00752019,75,2019,21504,-107,207,215,-99,Estimate
3570,00752020,75,2020,21205,-299,238,237,-300,Estimate
3571,00752021,75,2021,20997,-208,189,313,-84,Estimate
3572,00752022,75,2022,20816,-181,213,280,-114,Estimate
3573,00752023,75,2023,20624,-192,165,263,-94,Estimate
3574,00752024,75,2024,20756,132,191,235,176,Estimate
3575,00752025,75,2025,20866,110,161,191,139,Projection
3576,00752026,75,2026,20974,108,158,193,142,Projection
3577,00752027,75,2027,20948,-26,157,197,14,Projection
3578,00752028,75,2028,20920,-28,154,200,18,Projection
3579,00752029,75,2029,20894,-26,153,203,24,Projection
3580,00752030,75,2030,20869,-24,153,206,29,Projection
3581,00752031,75,2031,20848,-21,154,209,34,Projection
3582,00752032,75,2032,20827,-21,155,212,36,Projection
3583,00752033,75,2033,20808,-20,157,215,38,Projection
3584,00752034,75,2034,20786,-22,159,219,38,Projection
3585,00752035,75,2035,20764,-22,160,221,39,Projection
3586,00752036,75,2036,20742,-22,162,224,40,Projection
3587,00752037,75,2037,20719,-23,164,227,40,Projection
3588,00752038,75,2038,20695,-24,165,229,40,Projection
3589,00752039,75,2039,20669,-25,166,232,40,Projection
3590,00752040,75,2040,20643,-27,168,234,40,Projection
3591,00752041,75,2041,20614,-29,168,236,39,Projection
3592,00752042,75,2042,20586,-27,168,238,42,Projection
3593,00752043,75,2043,20558,-28,168,240,43,Projection
3594,00752044,75,2044,20528,-30,167,241,44,Projection
3595,00752045,75,2045,20497,-31,165,242,45,Projection
3596,00752046,75,2046,20463,-34,163,242,46,Projection
3597,00752047,75,2047,20424,-39,160,243,44,Projection
3598,00752048,75,2048,20380,-44,157,243,43,Projection
3599,00752049,75,2049,20332,-48,153,243,42,Projection
3600,00752050,75,2050,20278,-54,150,243,40,Projection
3601,00752051,75,2051,20221,-57,146,243,40,Projection
3602,00752052,75,2052,20162,-59,143,242,40,Projection
3603,00752053,75,2053,20101,-61,140,242,40,Projection
3604,00752054,75,2054,20038,-63,138,241,40,Projection
3605,00752055,75,2055,19974,-64,136,240,40,Projection
3606,00752056,75,2056,19908,-65,134,239,40,Projection
3607,00752057,75,2057,19842,-66,132,238,40,Projection
3608,00752058,75,2058,19775,-67,131,238,40,Projection
3609,00752059,75,2059,19708,-67,130,237,40,Projection
3610,00752060,75,2060,19640,-67,130,237,40,Projection
3611,00771970,77,1970,54548,648,816,555,387,Estimate
3612,00771971,77,1971,55245,697,863,594,428,Estimate
3613,00771972,77,1972,56975,1730,873,581,1438,Estimate
3614,00771973,77,1973,58827,1852,818,580,1614,Estimate
3615,00771974,77,1974,60393,1566,832,583,1317,Estimate
3616,00771975,77,1975,64569,4176,914,571,3833,Estimate
3617,00771976,77,1976,65277,708,999,581,290,Estimate
3618,00771977,77,1977,67294,2017,1059,611,1569,Estimate
3619,00771978,77,1978,70851,3557,1145,618,3030,Estimate
3620,00771979,77,1979,76703,5852,1268,569,5153,Estimate
3621,00771980,77,1980,82644,5941,1434,607,5114,Estimate
3622,00771981,77,1981,87073,4429,1642,664,3451,Estimate
3623,00771982,77,1982,93831,6758,1817,689,5630,Estimate
3624,00771983,77,1983,96675,2844,1843,703,1704,Estimate
3625,00771984,77,1984,93474,-3201,1674,704,-4171,Estimate
3626,00771985,77,1985,88021,-5453,1488,704,-6237,Estimate
3627,00771986,77,1986,85562,-2459,1383,700,-3142,Estimate
3628,00771987,77,1987,85559,-3,1260,734,-529,Estimate
3629,00771988,77,1988,87288,1729,1193,800,1336,Estimate
3630,00771989,77,1989,90593,3305,1228,834,2911,Estimate
3631,00771990,77,1990,93727,3134,1264,819,2689,Estimate
3632,00771991,77,1991,95990,2263,1273,858,1848,Estimate
3633,00771992,77,1992,97408,1418,1292,846,972,Estimate
3634,00771993,77,1993,99901,2493,1344,864,2013,Estimate
3635,00771994,77,1994,102757,2856,1292,962,2526,Estimate
3636,00771995,77,1995,105412,2655,1304,920,2271,Estimate
3637,00771996,77,1996,107536,2124,1342,1000,1782,Estimate
3638,00771997,77,1997,109762,2226,1363,1022,1885,Estimate
3639,00771998,77,1998,112335,2573,1404,1078,2247,Estimate
3640,00771999,77,1999,114570,2235,1428,1012,1819,Estimate
3641,00772000,77,2000,117649,3079,1485,1109,2703,Estimate
3642,00772001,77,2001,119864,2215,1507,1184,1892,Estimate
3643,00772002,77,2002,121787,1923,1522,1161,1562,Estimate
3644,00772003,77,2003,124152,2365,1554,1231,2042,Estimate
3645,00772004,77,2004,126626,2474,1708,1200,1966,Estimate
3646,00772005,77,2005,128999,2373,1755,1232,1850,Estimate
3647,00772006,77,2006,133128,4129,1859,1270,3540,Estimate
3648,00772007,77,2007,137390,4262,1994,1210,3478,Estimate
3649,00772008,77,2008,140680,3290,2062,1353,2581,Estimate
3650,00772009,77,2009,144795,4115,2048,1292,3359,Estimate
3651,00772010,77,2010,147155,2360,2021,1309,1648,Estimate
3652,00772011,77,2011,147957,802,1908,1296,190,Estimate
3653,00772012,77,2012,147939,-18,1818,1306,-530,Estimate
3654,00772013,77,2013,147926,-13,1854,1378,-489,Estimate
3655,00772014,77,2014,147876,-50,1760,1382,-428,Estimate
3656,00772015,77,2015,148774,898,1826,1492,564,Estimate
3657,00772016,77,2016,150346,1572,1709,1477,1340,Estimate
3658,00772017,77,2017,152148,1802,1656,1518,1664,Estimate
3659,00772018,77,2018,154047,1899,1657,1527,1769,Estimate
3660,00772019,77,2019,155108,1061,1604,1543,1000,Estimate
3661,00772020,77,2020,156010,902,1568,1685,1019,Estimate
3662,00772021,77,2021,157465,1455,1527,1900,1828,Estimate
3663,00772022,77,2022,158596,1131,1438,2015,1708,Estimate
3664,00772023,77,2023,159701,1105,1428,1777,1454,Estimate
3665,00772024,77,2024,161196,1495,1472,1784,1807,Estimate
3666,00772025,77,2025,162594,1398,1467,1751,1683,Projection
3667,00772026,77,2026,163968,1374,1470,1790,1693,Projection
3668,00772027,77,2027,164570,602,1488,1842,956,Projection
3669,00772028,77,2028,165398,828,1485,1886,1228,Projection
3670,00772029,77,2029,166591,1192,1488,1934,1638,Projection
3671,00772030,77,2030,168121,1531,1493,1988,2025,Projection
3672,00772031,77,2031,169901,1779,1501,2047,2325,Projection
3673,00772032,77,2032,171866,1965,1507,2110,2569,Projection
3674,00772033,77,2033,173760,1894,1515,2178,2557,Projection
3675,00772034,77,2034,175582,1822,1522,2245,2545,Projection
3676,00772035,77,2035,177329,1747,1528,2312,2531,Projection
3677,00772036,77,2036,179001,1672,1534,2379,2517,Projection
3678,00772037,77,2037,180599,1597,1537,2445,2506,Projection
3679,00772038,77,2038,182123,1525,1538,2511,2497,Projection
3680,00772039,77,2039,183576,1453,1538,2575,2489,Projection
3681,00772040,77,2040,184957,1381,1535,2636,2482,Projection
3682,00772041,77,2041,186263,1306,1530,2696,2472,Projection
3683,00772042,77,2042,187623,1360,1522,2752,2590,Projection
3684,00772043,77,2043,188900,1277,1515,2806,2568,Projection
3685,00772044,77,2044,190165,1264,1508,2857,2614,Projection
3686,00772045,77,2045,191418,1253,1499,2904,2658,Projection
3687,00772046,77,2046,192630,1212,1491,2947,2668,Projection
3688,00772047,77,2047,193830,1200,1482,2988,2707,Projection
3689,00772048,77,2048,195016,1186,1474,3028,2740,Projection
3690,00772049,77,2049,196223,1207,1466,3061,2802,Projection
3691,00772050,77,2050,197368,1145,1459,3090,2776,Projection
3692,00772051,77,2051,198480,1112,1452,3116,2776,Projection
3693,00772052,77,2052,199566,1086,1449,3139,2776,Projection
3694,00772053,77,2053,200629,1064,1447,3159,2776,Projection
3695,00772054,77,2054,201674,1045,1446,3177,2776,Projection
3696,00772055,77,2055,202703,1028,1445,3193,2776,Projection
3697,00772056,77,2056,203717,1014,1446,3209,2776,Projection
3698,00772057,77,2057,204718,1002,1448,3223,2776,Projection
3699,00772058,77,2058,205708,990,1450,3236,2776,Projection
3700,00772059,77,2059,206688,979,1452,3249,2776,Projection
3701,00772060,77,2060,207656,969,1454,3262,2776,Projection
3702,00791970,79,1970,794,58,13,6,51,Estimate
3703,00791971,79,1971,824,30,14,6,22,Estimate
3704,00791972,79,1972,838,14,10,8,12,Estimate
3705,00791973,79,1973,777,-61,9,9,-61,Estimate
3706,00791974,79,1974,803,26,11,6,21,Estimate
3707,00791975,79,1975,802,-1,9,4,-6,Estimate
3708,00791976,79,1976,812,10,9,3,4,Estimate
3709,00791977,79,1977,816,4,10,3,-3,Estimate
3710,00791978,79,1978,832,16,9,5,12,Estimate
3711,00791979,79,1979,791,-41,10,7,-44,Estimate
3712,00791980,79,1980,825,34,14,6,26,Estimate
3713,00791981,79,1981,910,85,15,6,76,Estimate
3714,00791982,79,1982,864,-46,12,4,-54,Estimate
3715,00791983,79,1983,877,13,13,5,5,Estimate
3716,00791984,79,1984,867,-10,13,6,-17,Estimate
3717,00791985,79,1985,836,-31,14,5,-40,Estimate
3718,00791986,79,1986,771,-65,14,5,-74,Estimate
3719,00791987,79,1987,738,-33,13,3,-43,Estimate
3720,00791988,79,1988,689,-49,11,4,-56,Estimate
3721,00791989,79,1989,611,-78,8,5,-81,Estimate
3722,00791990,79,1990,551,-60,7,5,-62,Estimate
3723,00791991,79,1991,571,20,6,8,22,Estimate
3724,00791992,79,1992,582,11,8,5,8,Estimate
3725,00791993,79,1993,603,21,8,4,17,Estimate
3726,00791994,79,1994,648,45,8,8,45,Estimate
3727,00791995,79,1995,669,21,7,4,18,Estimate
3728,00791996,79,1996,735,66,8,7,65,Estimate
3729,00791997,79,1997,745,10,6,4,8,Estimate
3730,00791998,79,1998,778,33,3,6,36,Estimate
3731,00791999,79,1999,807,29,3,3,29,Estimate
3732,00792000,79,2000,836,29,5,9,33,Estimate
3733,00792001,79,2001,820,-16,5,5,-16,Estimate
3734,00792002,79,2002,805,-15,5,7,-13,Estimate
3735,00792003,79,2003,830,25,6,4,23,Estimate
3736,00792004,79,2004,842,12,9,5,8,Estimate
3737,00792005,79,2005,806,-36,2,5,-33,Estimate
3738,00792006,79,2006,789,-17,1,7,-11,Estimate
3739,00792007,79,2007,803,14,5,5,14,Estimate
3740,00792008,79,2008,767,-36,2,7,-31,Estimate
3741,00792009,79,2009,714,-53,5,5,-53,Estimate
3742,00792010,79,2010,705,-9,9,8,-10,Estimate
3743,00792011,79,2011,712,7,5,3,5,Estimate
3744,00792012,79,2012,723,11,6,5,10,Estimate
3745,00792013,79,2013,734,11,4,4,11,Estimate
3746,00792014,79,2014,747,13,5,4,12,Estimate
3747,00792015,79,2015,755,8,6,7,9,Estimate
3748,00792016,79,2016,770,15,8,6,13,Estimate
3749,00792017,79,2017,788,18,7,16,27,Estimate
3750,00792018,79,2018,811,23,8,4,19,Estimate
3751,00792019,79,2019,834,23,3,4,24,Estimate
3752,00792020,79,2020,871,37,7,11,41,Estimate
3753,00792021,79,2021,926,55,4,6,57,Estimate
3754,00792022,79,2022,924,-2,8,13,3,Estimate
3755,00792023,79,2023,934,10,5,12,17,Estimate
3756,00792024,79,2024,934,0,7,13,6,Estimate
3757,00792025,79,2025,938,4,6,7,5,Projection
3758,00792026,79,2026,941,3,5,8,5,Projection
3759,00792027,79,2027,943,2,5,8,5,Projection
3760,00792028,79,2028,945,1,5,8,5,Projection
3761,00792029,79,2029,946,1,4,9,5,Projection
3762,00792030,79,2030,946,0,4,9,5,Projection
3763,00792031,79,2031,946,0,4,9,5,Projection
3764,00792032,79,2032,945,-1,4,10,5,Projection
3765,00792033,79,2033,944,-1,4,10,5,Projection
3766,00792034,79,2034,942,-2,4,11,5,Projection
3767,00792035,79,2035,940,-2,4,11,5,Projection
3768,00792036,79,2036,937,-2,4,11,5,Projection
3769,00792037,79,2037,934,-3,4,12,5,Projection
3770,00792038,79,2038,931,-3,4,12,5,Projection
3771,00792039,79,2039,928,-3,4,13,5,Projection
3772,00792040,79,2040,924,-4,4,13,5,Projection
3773,00792041,79,2041,920,-4,4,13,5,Projection
3774,00792042,79,2042,916,-4,4,14,5,Projection
3775,00792043,79,2043,911,-5,4,14,5,Projection
3776,00792044,79,2044,906,-5,4,14,5,Projection
3777,00792045,79,2045,901,-5,4,14,5,Projection
3778,00792046,79,2046,896,-5,4,14,5,Projection
3779,00792047,79,2047,890,-5,4,15,5,Projection
3780,00792048,79,2048,885,-6,4,15,5,Projection
3781,00792049,79,2049,879,-6,4,15,5,Projection
3782,00792050,79,2050,873,-6,4,15,5,Projection
3783,00792051,79,2051,868,-6,4,15,5,Projection
3784,00792052,79,2052,862,-6,4,15,5,Projection
3785,00792053,79,2053,856,-6,4,15,5,Projection
3786,00792054,79,2054,851,-5,4,15,5,Projection
3787,00792055,79,2055,846,-5,4,14,5,Projection
3788,00792056,79,2056,841,-5,4,14,5,Projection
3789,00792057,79,2057,836,-5,4,14,5,Projection
3790,00792058,79,2058,831,-5,4,14,5,Projection
3791,00792059,79,2059,827,-4,4,13,5,Projection
3792,00792060,79,2060,823,-4,4,13,5,Projection
3793,00811970,81,1970,6569,-161,111,61,-211,Estimate
3794,00811971,81,1971,6744,175,110,57,122,Estimate
3795,00811972,81,1972,6923,179,113,56,122,Estimate
3796,00811973,81,1973,7504,581,104,58,535,Estimate
3797,00811974,81,1974,8278,774,127,66,713,Estimate
3798,00811975,81,1975,9699,1421,142,61,1340,Estimate
3799,00811976,81,1976,9767,68,169,60,-41,Estimate
3800,00811977,81,1977,10438,671,210,69,530,Estimate
3801,00811978,81,1978,10717,279,226,78,131,Estimate
3802,00811979,81,1979,12532,1815,269,75,1621,Estimate
3803,00811980,81,1980,13240,708,311,63,460,Estimate
3804,00811981,81,1981,13665,425,324,69,170,Estimate
3805,00811982,81,1982,14887,1222,346,73,949,Estimate
3806,00811983,81,1983,15622,735,333,72,474,Estimate
3807,00811984,81,1984,14412,-1210,267,72,-1405,Estimate
3808,00811985,81,1985,13286,-1126,245,66,-1305,Estimate
3809,00811986,81,1986,12679,-607,225,62,-770,Estimate
3810,00811987,81,1987,11886,-793,189,62,-920,Estimate
3811,00811988,81,1988,11754,-132,168,72,-228,Estimate
3812,00811989,81,1989,11526,-228,164,68,-324,Estimate
3813,00811990,81,1990,11399,-127,168,56,-239,Estimate
3814,00811991,81,1991,11453,54,176,67,-55,Estimate
3815,00811992,81,1992,11697,244,138,85,191,Estimate
3816,00811993,81,1993,11797,100,154,70,16,Estimate
3817,00811994,81,1994,11997,200,135,53,118,Estimate
3818,00811995,81,1995,12189,192,131,100,161,Estimate
3819,00811996,81,1996,12285,96,141,66,21,Estimate
3820,00811997,81,1997,12573,288,158,90,220,Estimate
3821,00811998,81,1998,12810,237,168,71,140,Estimate
3822,00811999,81,1999,13026,216,166,73,123,Estimate
3823,00812000,81,2000,13182,156,180,97,73,Estimate
3824,00812001,81,2001,13089,-93,201,100,-194,Estimate
3825,00812002,81,2002,13134,45,209,106,-58,Estimate
3826,00812003,81,2003,13054,-80,175,102,-153,Estimate
3827,00812004,81,2004,13063,9,205,85,-111,Estimate
3828,00812005,81,2005,12965,-98,172,91,-179,Estimate
3829,00812006,81,2006,13102,137,204,91,24,Estimate
3830,00812007,81,2007,13270,168,215,108,61,Estimate
3831,00812008,81,2008,13446,176,224,88,40,Estimate
3832,00812009,81,2009,13544,98,224,80,-46,Estimate
3833,00812010,81,2010,13806,262,217,103,148,Estimate
3834,00812011,81,2011,13452,-354,187,67,-474,Estimate
3835,00812012,81,2012,13216,-236,164,120,-280,Estimate
3836,00812013,81,2013,13187,-29,190,91,-128,Estimate
3837,00812014,81,2014,13016,-171,176,90,-257,Estimate
3838,00812015,81,2015,13038,22,193,98,-73,Estimate
3839,00812016,81,2016,13266,228,181,91,138,Estimate
3840,00812017,81,2017,13223,-43,178,103,-118,Estimate
3841,00812018,81,2018,13291,68,155,99,12,Estimate
3842,00812019,81,2019,13364,73,160,111,24,Estimate
3843,00812020,81,2020,13267,-97,140,118,-119,Estimate
3844,00812021,81,2021,13163,-104,147,159,-92,Estimate
3845,00812022,81,2022,13169,6,120,162,48,Estimate
3846,00812023,81,2023,13319,150,148,95,97,Estimate
3847,00812024,81,2024,13186,-133,149,103,-179,Estimate
3848,00812025,81,2025,13067,-119,150,101,-167,Projection
3849,00812026,81,2026,12952,-115,148,100,-163,Projection
3850,00812027,81,2027,12975,23,147,99,-25,Projection
3851,00812028,81,2028,12993,18,147,100,-29,Projection
3852,00812029,81,2029,13006,13,148,101,-34,Projection
3853,00812030,81,2030,13014,8,148,102,-38,Projection
3854,00812031,81,2031,13017,4,149,103,-42,Projection
3855,00812032,81,2032,13017,-1,149,104,-46,Projection
3856,00812033,81,2033,13017,0,149,105,-44,Projection
3857,00812034,81,2034,13018,2,150,106,-42,Projection
3858,00812035,81,2035,13021,3,150,107,-41,Projection
3859,00812036,81,2036,13025,4,151,107,-40,Projection
3860,00812037,81,2037,13029,4,151,108,-39,Projection
3861,00812038,81,2038,13034,5,151,109,-37,Projection
3862,00812039,81,2039,13038,4,151,109,-37,Projection
3863,00812040,81,2040,13043,5,150,110,-35,Projection
3864,00812041,81,2041,13047,4,149,110,-35,Projection
3865,00812042,81,2042,13048,1,148,111,-36,Projection
3866,00812043,81,2043,13047,-1,146,111,-36,Projection
3867,00812044,81,2044,13045,-2,144,111,-36,Projection
3868,00812045,81,2045,13041,-4,143,110,-37,Projection
3869,00812046,81,2046,13035,-6,141,110,-37,Projection
3870,00812047,81,2047,13025,-9,139,110,-39,Projection
3871,00812048,81,2048,13015,-10,138,109,-39,Projection
3872,00812049,81,2049,13001,-14,136,109,-41,Projection
3873,00812050,81,2050,12989,-13,134,108,-39,Projection
3874,00812051,81,2051,12976,-13,133,107,-39,Projection
3875,00812052,81,2052,12962,-13,132,106,-39,Projection
3876,00812053,81,2053,12949,-13,131,105,-39,Projection
3877,00812054,81,2054,12935,-13,130,105,-39,Projection
3878,00812055,81,2055,12922,-13,129,104,-39,Projection
3879,00812056,81,2056,12909,-13,129,103,-39,Projection
3880,00812057,81,2057,12896,-13,128,102,-39,Projection
3881,00812058,81,2058,12884,-13,128,102,-39,Projection
3882,00812059,81,2059,12872,-12,128,101,-39,Projection
3883,00812060,81,2060,12860,-11,128,100,-39,Projection
3884,00831970,83,1970,13040,-60,238,127,-171,Estimate
3885,00831971,83,1971,13393,353,253,114,214,Estimate
3886,00831972,83,1972,13715,322,259,116,179,Estimate
3887,00831973,83,1973,13654,-61,244,133,-172,Estimate
3888,00831974,83,1974,14014,360,259,136,237,Estimate
3889,00831975,83,1975,14701,687,282,122,527,Estimate
3890,00831976,83,1976,14789,88,265,115,-62,Estimate
3891,00831977,83,1977,15087,298,263,127,162,Estimate
3892,00831978,83,1978,15356,269,277,138,130,Estimate
3893,00831979,83,1979,16279,923,286,135,772,Estimate
3894,00831980,83,1980,16728,449,309,137,277,Estimate
3895,00831981,83,1981,17595,867,323,129,673,Estimate
3896,00831982,83,1982,18550,955,348,130,737,Estimate
3897,00831983,83,1983,19609,1059,350,146,855,Estimate
3898,00831984,83,1984,19826,217,353,136,0,Estimate
3899,00831985,83,1985,19283,-543,356,115,-784,Estimate
3900,00831986,83,1986,18835,-448,328,129,-647,Estimate
3901,00831987,83,1987,18192,-643,315,147,-811,Estimate
3902,00831988,83,1988,18110,-82,320,147,-255,Estimate
3903,00831989,83,1989,18432,322,319,156,159,Estimate
3904,00831990,83,1990,18706,274,297,161,138,Estimate
3905,00831991,83,1991,19062,356,259,165,262,Estimate
3906,00831992,83,1992,19654,592,320,139,411,Estimate
3907,00831993,83,1993,20645,991,325,164,830,Estimate
3908,00831994,83,1994,21390,745,302,186,629,Estimate
3909,00831995,83,1995,22159,769,316,175,628,Estimate
3910,00831996,83,1996,22645,486,341,205,350,Estimate
3911,00831997,83,1997,22974,329,296,192,225,Estimate
3912,00831998,83,1998,23114,140,295,204,49,Estimate
3913,00831999,83,1999,23518,404,315,227,316,Estimate
3914,00832000,83,2000,23852,334,309,234,259,Estimate
3915,00832001,83,2001,23873,21,305,242,-42,Estimate
3916,00832002,83,2002,24109,236,330,278,184,Estimate
3917,00832003,83,2003,24378,269,309,236,196,Estimate
3918,00832004,83,2004,24607,229,316,231,144,Estimate
3919,00832005,83,2005,24603,-4,306,260,-50,Estimate
3920,00832006,83,2006,25017,414,298,245,361,Estimate
3921,00832007,83,2007,25177,160,348,236,48,Estimate
3922,00832008,83,2008,25200,23,324,259,-42,Estimate
3923,00832009,83,2009,25365,165,320,256,101,Estimate
3924,00832010,83,2010,25532,167,317,270,120,Estimate
3925,00832011,83,2011,25519,-13,308,288,-33,Estimate
3926,00832012,83,2012,25501,-18,294,268,-44,Estimate
3927,00832013,83,2013,25485,-16,293,252,-57,Estimate
3928,00832014,83,2014,25464,-21,325,272,-74,Estimate
3929,00832015,83,2015,25522,58,329,241,-30,Estimate
3930,00832016,83,2016,25543,21,297,262,-14,Estimate
3931,00832017,83,2017,25556,13,251,281,43,Estimate
3932,00832018,83,2018,25612,56,285,267,38,Estimate
3933,00832019,83,2019,25732,120,240,273,153,Estimate
3934,00832020,83,2020,25891,159,248,293,204,Estimate
3935,00832021,83,2021,26256,365,259,336,442,Estimate
3936,00832022,83,2022,26511,255,242,387,400,Estimate
3937,00832023,83,2023,26641,130,236,328,222,Estimate
3938,00832024,83,2024,26861,220,228,326,318,Estimate
3939,00832025,83,2025,26962,101,216,301,186,Projection
3940,00832026,83,2026,27058,97,215,305,186,Projection
3941,00832027,83,2027,27036,-23,213,311,75,Projection
3942,00832028,83,2028,27025,-10,210,315,95,Projection
3943,00832029,83,2029,27023,-3,207,320,110,Projection
3944,00832030,83,2030,27027,5,204,325,125,Projection
3945,00832031,83,2031,27053,25,202,330,154,Projection
3946,00832032,83,2032,27078,25,199,336,162,Projection
3947,00832033,83,2033,27089,11,196,341,157,Projection
3948,00832034,83,2034,27090,0,193,347,154,Projection
3949,00832035,83,2035,27082,-8,191,352,153,Projection
3950,00832036,83,2036,27068,-14,189,357,154,Projection
3951,00832037,83,2037,27046,-21,187,362,153,Projection
3952,00832038,83,2038,27020,-26,186,366,154,Projection
3953,00832039,83,2039,26989,-31,184,370,155,Projection
3954,00832040,83,2040,26953,-36,183,374,155,Projection
3955,00832041,83,2041,26913,-40,181,377,156,Projection
3956,00832042,83,2042,26877,-36,179,379,165,Projection
3957,00832043,83,2043,26838,-39,177,381,165,Projection
3958,00832044,83,2044,26804,-35,175,383,173,Projection
3959,00832045,83,2045,26773,-31,173,384,179,Projection
3960,00832046,83,2046,26745,-28,171,384,185,Projection
3961,00832047,83,2047,26720,-25,170,385,190,Projection
3962,00832048,83,2048,26698,-21,168,385,196,Projection
3963,00832049,83,2049,26682,-16,166,385,203,Projection
3964,00832050,83,2050,26667,-16,164,384,204,Projection
3965,00832051,83,2051,26650,-17,162,383,204,Projection
3966,00832052,83,2052,26634,-17,161,381,204,Projection
3967,00832053,83,2053,26618,-16,159,380,204,Projection
3968,00832054,83,2054,26601,-17,158,378,204,Projection
3969,00832055,83,2055,26584,-17,156,377,204,Projection
3970,00832056,83,2056,26567,-17,155,375,204,Projection
3971,00832057,83,2057,26551,-17,153,374,204,Projection
3972,00832058,83,2058,26534,-17,152,372,204,Projection
3973,00832059,83,2059,26517,-17,150,371,204,Projection
3974,00832060,83,2060,26500,-17,149,370,204,Projection
3975,00851970,85,1970,18357,-43,308,188,-163,Estimate
3976,00851971,85,1971,18321,-36,316,188,-164,Estimate
3977,00851972,85,1972,18350,29,280,177,-74,Estimate
3978,00851973,85,1973,18769,419,266,176,329,Estimate
3979,00851974,85,1974,19621,852,278,172,746,Estimate
3980,00851975,85,1975,20468,847,286,175,736,Estimate
3981,00851976,85,1976,21293,825,316,182,691,Estimate
3982,00851977,85,1977,21968,675,359,182,498,Estimate
3983,00851978,85,1978,22791,823,383,181,621,Estimate
3984,00851979,85,1979,23441,650,409,182,423,Estimate
3985,00851980,85,1980,24490,1049,454,186,781,Estimate
3986,00851981,85,1981,25031,541,451,186,276,Estimate
3987,00851982,85,1982,25245,214,424,193,-17,Estimate
3988,00851983,85,1983,25543,298,421,201,78,Estimate
3989,00851984,85,1984,24943,-600,405,211,-794,Estimate
3990,00851985,85,1985,24389,-554,370,232,-692,Estimate
3991,00851986,85,1986,23833,-556,324,219,-661,Estimate
3992,00851987,85,1987,23822,-11,288,214,-85,Estimate
3993,00851988,85,1988,24087,265,288,225,202,Estimate
3994,00851989,85,1989,24281,194,293,230,131,Estimate
3995,00851990,85,1990,24466,185,314,233,104,Estimate
3996,00851991,85,1991,25272,806,319,244,731,Estimate
3997,00851992,85,1992,26219,947,318,254,883,Estimate
3998,00851993,85,1993,27284,1065,362,254,957,Estimate
3999,00851994,85,1994,28505,1221,390,250,1081,Estimate
4000,00851995,85,1995,29669,1164,423,264,1005,Estimate
4001,00851996,85,1996,30482,813,434,278,657,Estimate
4002,00851997,85,1997,31251,769,481,293,581,Estimate
4003,00851998,85,1998,31833,582,421,327,488,Estimate
4004,00851999,85,1999,32750,917,438,302,781,Estimate
4005,00852000,85,2000,33579,829,435,296,690,Estimate
4006,00852001,85,2001,34442,863,469,314,708,Estimate
4007,00852002,85,2002,34926,484,500,352,336,Estimate
4008,00852003,85,2003,35640,714,449,345,610,Estimate
4009,00852004,85,2004,36131,491,469,349,371,Estimate
4010,00852005,85,2005,36997,866,515,309,660,Estimate
4011,00852006,85,2006,37968,971,506,362,827,Estimate
4012,00852007,85,2007,39131,1163,504,364,1023,Estimate
4013,00852008,85,2008,39952,821,563,404,662,Estimate
4014,00852009,85,2009,40680,728,554,368,542,Estimate
4015,00852010,85,2010,41188,508,487,389,410,Estimate
4016,00852011,85,2011,41260,72,492,399,-21,Estimate
4017,00852012,85,2012,41303,43,402,450,91,Estimate
4018,00852013,85,2013,41331,28,455,383,-44,Estimate
4019,00852014,85,2014,41388,57,481,388,-36,Estimate
4020,00852015,85,2015,41457,69,454,459,74,Estimate
4021,00852016,85,2016,41594,137,423,431,145,Estimate
4022,00852017,85,2017,41768,174,466,456,164,Estimate
4023,00852018,85,2018,42084,316,449,427,294,Estimate
4024,00852019,85,2019,42500,416,359,422,479,Estimate
4025,00852020,85,2020,42814,314,406,470,378,Estimate
4026,00852021,85,2021,43242,428,381,527,574,Estimate
4027,00852022,85,2022,43847,605,402,609,812,Estimate
4028,00852023,85,2023,44287,440,402,532,570,Estimate
4029,00852024,85,2024,44748,461,410,537,588,Estimate
4030,00852025,85,2025,45102,354,432,501,423,Projection
4031,00852026,85,2026,45455,353,433,507,427,Projection
4032,00852027,85,2027,45596,141,433,517,224,Projection
4033,00852028,85,2028,45790,194,429,522,287,Projection
4034,00852029,85,2029,46053,263,426,528,365,Projection
4035,00852030,85,2030,46389,336,423,536,448,Projection
4036,00852031,85,2031,46772,383,422,545,507,Projection
4037,00852032,85,2032,47185,413,420,556,549,Projection
4038,00852033,85,2033,47575,390,419,569,540,Projection
4039,00852034,85,2034,47952,377,418,581,540,Projection
4040,00852035,85,2035,48324,372,417,594,548,Projection
4041,00852036,85,2036,48669,345,417,607,535,Projection
4042,00852037,85,2037,48991,322,416,619,526,Projection
4043,00852038,85,2038,49290,299,414,632,517,Projection
4044,00852039,85,2039,49569,279,413,644,510,Projection
4045,00852040,85,2040,49824,254,412,656,498,Projection
4046,00852041,85,2041,50054,231,411,667,487,Projection
4047,00852042,85,2042,50289,234,409,678,503,Projection
4048,00852043,85,2043,50499,210,407,689,491,Projection
4049,00852044,85,2044,50694,196,406,698,488,Projection
4050,00852045,85,2045,50878,184,405,707,486,Projection
4051,00852046,85,2046,51043,165,404,715,476,Projection
4052,00852047,85,2047,51195,152,403,722,471,Projection
4053,00852048,85,2048,51332,137,402,729,464,Projection
4054,00852049,85,2049,51460,128,401,734,461,Projection
4055,00852050,85,2050,51573,113,399,738,452,Projection
4056,00852051,85,2051,51682,109,398,741,452,Projection
4057,00852052,85,2052,51789,107,398,743,452,Projection
4058,00852053,85,2053,51895,106,398,744,452,Projection
4059,00852054,85,2054,52001,105,398,745,452,Projection
4060,00852055,85,2055,52106,105,398,745,452,Projection
4061,00852056,85,2056,52211,105,397,744,452,Projection
4062,00852057,85,2057,52317,106,397,743,452,Projection
4063,00852058,85,2058,52423,107,396,742,452,Projection
4064,00852059,85,2059,52531,108,396,740,452,Projection
4065,00852060,85,2060,52641,110,396,738,452,Projection
4066,00871970,87,1970,20268,768,356,184,596,Estimate
4067,00871971,87,1971,20918,650,357,193,486,Estimate
4068,00871972,87,1972,21361,443,373,200,270,Estimate
4069,00871973,87,1973,21595,234,366,212,80,Estimate
4070,00871974,87,1974,21603,8,353,214,-131,Estimate
4071,00871975,87,1975,21729,126,348,197,-25,Estimate
4072,00871976,87,1976,21450,-279,347,188,-438,Estimate
4073,00871977,87,1977,21553,103,349,193,-53,Estimate
4074,00871978,87,1978,21386,-167,354,197,-324,Estimate
4075,00871979,87,1979,21865,479,388,206,297,Estimate
4076,00871980,87,1980,22498,633,434,204,403,Estimate
4077,00871981,87,1981,22435,-63,446,203,-306,Estimate
4078,00871982,87,1982,22700,265,466,220,19,Estimate
4079,00871983,87,1983,23286,586,487,227,326,Estimate
4080,00871984,87,1984,22827,-459,443,222,-680,Estimate
4081,00871985,87,1985,22431,-396,417,219,-594,Estimate
4082,00871986,87,1986,21508,-923,400,221,-1102,Estimate
4083,00871987,87,1987,21678,170,360,227,37,Estimate
4084,00871988,87,1988,21831,153,360,232,25,Estimate
4085,00871989,87,1989,21895,64,379,218,-97,Estimate
4086,00871990,87,1990,21933,38,364,211,-115,Estimate
4087,00871991,87,1991,22703,770,361,202,611,Estimate
4088,00871992,87,1992,23486,783,392,246,637,Estimate
4089,00871993,87,1993,24238,752,401,256,607,Estimate
4090,00871994,87,1994,25078,840,448,239,631,Estimate
4091,00871995,87,1995,25367,289,421,241,109,Estimate
4092,00871996,87,1996,26048,681,451,214,444,Estimate
4093,00871997,87,1997,26650,602,512,231,321,Estimate
4094,00871998,87,1998,26666,16,465,238,-211,Estimate
4095,00871999,87,1999,26954,288,540,225,-27,Estimate
4096,00872000,87,2000,27250,296,465,232,63,Estimate
4097,00872001,87,2001,27475,225,475,276,26,Estimate
4098,00872002,87,2002,27662,187,482,251,-44,Estimate
4099,00872003,87,2003,27855,193,494,233,-68,Estimate
4100,00872004,87,2004,27912,57,414,226,-131,Estimate
4101,00872005,87,2005,27947,35,439,240,-164,Estimate
4102,00872006,87,2006,27983,36,414,246,-132,Estimate
4103,00872007,87,2007,27848,-135,415,233,-317,Estimate
4104,00872008,87,2008,27746,-102,421,278,-245,Estimate
4105,00872009,87,2009,28026,280,444,192,28,Estimate
4106,00872010,87,2010,28196,170,447,239,-38,Estimate
4107,00872011,87,2011,28430,234,460,277,51,Estimate
4108,00872012,87,2012,28247,-183,423,271,-335,Estimate
4109,00872013,87,2013,28249,2,412,229,-181,Estimate
4110,00872014,87,2014,28162,-87,431,237,-281,Estimate
4111,00872015,87,2015,28335,173,454,263,-18,Estimate
4112,00872016,87,2016,28294,-41,427,283,-185,Estimate
4113,00872017,87,2017,28425,131,401,277,7,Estimate
4114,00872018,87,2018,28933,508,469,271,310,Estimate
4115,00872019,87,2019,29131,198,410,265,53,Estimate
4116,00872020,87,2020,29082,-49,430,323,-156,Estimate
4117,00872021,87,2021,29017,-65,377,305,-137,Estimate
4118,00872022,87,2022,29396,379,419,321,281,Estimate
4119,00872023,87,2023,29795,399,406,282,275,Estimate
4120,00872024,87,2024,30302,507,407,279,379,Estimate
4121,00872025,87,2025,30407,105,388,282,0,Projection
4122,00872026,87,2026,30528,121,383,283,21,Projection
4123,00872027,87,2027,30667,139,379,286,46,Projection
4124,00872028,87,2028,30812,145,375,288,58,Projection
4125,00872029,87,2029,30964,151,372,291,71,Projection
4126,00872030,87,2030,31123,159,368,294,85,Projection
4127,00872031,87,2031,31288,165,366,297,97,Projection
4128,00872032,87,2032,31455,167,363,301,105,Projection
4129,00872033,87,2033,31616,161,361,304,104,Projection
4130,00872034,87,2034,31772,156,360,308,104,Projection
4131,00872035,87,2035,31928,156,360,312,107,Projection
4132,00872036,87,2036,32074,146,361,316,101,Projection
4133,00872037,87,2037,32222,148,363,320,105,Projection
4134,00872038,87,2038,32362,140,364,324,100,Projection
4135,00872039,87,2039,32503,141,366,328,103,Projection
4136,00872040,87,2040,32633,130,368,332,94,Projection
4137,00872041,87,2041,32760,127,370,335,92,Projection
4138,00872042,87,2042,32886,126,371,339,94,Projection
4139,00872043,87,2043,33006,120,372,342,91,Projection
4140,00872044,87,2044,33125,120,372,345,93,Projection
4141,00872045,87,2045,33245,119,372,348,95,Projection
4142,00872046,87,2046,33363,118,372,350,97,Projection
4143,00872047,87,2047,33483,120,372,352,101,Projection
4144,00872048,87,2048,33605,122,370,354,106,Projection
4145,00872049,87,2049,33733,128,369,356,114,Projection
4146,00872050,87,2050,33862,130,367,356,119,Projection
4147,00872051,87,2051,33989,127,365,357,119,Projection
4148,00872052,87,2052,34115,126,364,358,119,Projection
4149,00872053,87,2053,34239,124,363,358,119,Projection
4150,00872054,87,2054,34360,121,361,359,119,Projection
4151,00872055,87,2055,34479,119,359,359,119,Projection
4152,00872056,87,2056,34596,117,357,359,119,Projection
4153,00872057,87,2057,34711,115,356,360,119,Projection
4154,00872058,87,2058,34824,113,354,360,119,Projection
4155,00872059,87,2059,34935,111,353,361,119,Projection
4156,00872060,87,2060,35044,109,352,362,119,Projection
4157,00891970,89,1970,23398,-602,409,271,-740,Estimate
4158,00891971,89,1971,22897,-501,428,265,-664,Estimate
4159,00891972,89,1972,23422,525,429,243,339,Estimate
4160,00891973,89,1973,23574,152,378,260,34,Estimate
4161,00891974,89,1974,23410,-164,386,262,-288,Estimate
4162,00891975,89,1975,23934,524,397,248,375,Estimate
4163,00891976,89,1976,23845,-89,403,258,-234,Estimate
4164,00891977,89,1977,23246,-599,406,270,-735,Estimate
4165,00891978,89,1978,22781,-465,393,263,-595,Estimate
4166,00891979,89,1979,22574,-207,389,256,-340,Estimate
4167,00891980,89,1980,22559,-15,400,253,-162,Estimate
4168,00891981,89,1981,22523,-36,390,245,-181,Estimate
4169,00891982,89,1982,22355,-168,370,255,-283,Estimate
4170,00891983,89,1983,22291,-64,400,247,-217,Estimate
4171,00891984,89,1984,21815,-476,405,235,-646,Estimate
4172,00891985,89,1985,21760,-55,364,247,-172,Estimate
4173,00891986,89,1986,21457,-303,354,234,-423,Estimate
4174,00891987,89,1987,20914,-543,347,225,-665,Estimate
4175,00891988,89,1988,20845,-69,328,238,-159,Estimate
4176,00891989,89,1989,20468,-377,322,228,-471,Estimate
4177,00891990,89,1990,20110,-358,309,224,-443,Estimate
4178,00891991,89,1991,20374,264,287,223,200,Estimate
4179,00891992,89,1992,20293,-81,318,250,-149,Estimate
4180,00891993,89,1993,20435,142,346,238,34,Estimate
4181,00891994,89,1994,20489,54,299,248,3,Estimate
4182,00891995,89,1995,20698,209,300,260,169,Estimate
4183,00891996,89,1996,20738,40,271,252,21,Estimate
4184,00891997,89,1997,20763,25,292,260,-7,Estimate
4185,00891998,89,1998,20507,-256,258,235,-279,Estimate
4186,00891999,89,1999,20408,-99,288,214,-173,Estimate
4187,00892000,89,2000,20244,-164,281,228,-217,Estimate
4188,00892001,89,2001,19900,-344,298,217,-425,Estimate
4189,00892002,89,2002,19624,-276,322,247,-351,Estimate
4190,00892003,89,2003,19667,43,296,227,-26,Estimate
4191,00892004,89,2004,19561,-106,291,216,-181,Estimate
4192,00892005,89,2005,19370,-191,300,245,-246,Estimate
4193,00892006,89,2006,19193,-177,232,223,-186,Estimate
4194,00892007,89,2007,18937,-256,255,216,-295,Estimate
4195,00892008,89,2008,18853,-84,280,265,-99,Estimate
4196,00892009,89,2009,18844,-9,230,229,-10,Estimate
4197,00892010,89,2010,18838,-6,218,213,-11,Estimate
4198,00892011,89,2011,18831,-7,245,216,-36,Estimate
4199,00892012,89,2012,18815,-16,270,258,-28,Estimate
4200,00892013,89,2013,18799,-16,188,220,16,Estimate
4201,00892014,89,2014,18779,-20,216,262,26,Estimate
4202,00892015,89,2015,18817,38,193,240,85,Estimate
4203,00892016,89,2016,18797,-20,228,251,3,Estimate
4204,00892017,89,2017,18763,-34,215,219,-30,Estimate
4205,00892018,89,2018,18756,-7,228,234,-1,Estimate
4206,00892019,89,2019,18734,-22,199,254,33,Estimate
4207,00892020,89,2020,18670,-64,208,248,-24,Estimate
4208,00892021,89,2021,18527,-143,202,326,-19,Estimate
4209,00892022,89,2022,18277,-250,188,307,-131,Estimate
4210,00892023,89,2023,18142,-135,195,252,-78,Estimate
4211,00892024,89,2024,17916,-226,196,280,-142,Estimate
4212,00892025,89,2025,17744,-172,195,216,-151,Projection
4213,00892026,89,2026,17571,-173,189,213,-149,Projection
4214,00892027,89,2027,17522,-49,184,213,-21,Projection
4215,00892028,89,2028,17466,-55,182,213,-24,Projection
4216,00892029,89,2029,17402,-64,180,213,-31,Projection
4217,00892030,89,2030,17330,-72,178,213,-36,Projection
4218,00892031,89,2031,17251,-79,175,213,-41,Projection
4219,00892032,89,2032,17164,-87,172,213,-47,Projection
4220,00892033,89,2033,17072,-91,170,213,-48,Projection
4221,00892034,89,2034,16979,-93,168,213,-48,Projection
4222,00892035,89,2035,16884,-95,166,213,-48,Projection
4223,00892036,89,2036,16787,-97,165,212,-49,Projection
4224,00892037,89,2037,16689,-98,163,212,-50,Projection
4225,00892038,89,2038,16588,-101,162,211,-52,Projection
4226,00892039,89,2039,16485,-103,161,211,-52,Projection
4227,00892040,89,2040,16380,-105,159,210,-54,Projection
4228,00892041,89,2041,16272,-108,157,209,-56,Projection
4229,00892042,89,2042,16158,-114,155,208,-61,Projection
4230,00892043,89,2043,16044,-113,152,207,-59,Projection
4231,00892044,89,2044,15932,-112,150,205,-58,Projection
4232,00892045,89,2045,15819,-113,148,204,-58,Projection
4233,00892046,89,2046,15705,-114,146,202,-59,Projection
4234,00892047,89,2047,15589,-116,145,200,-60,Projection
4235,00892048,89,2048,15473,-116,142,198,-60,Projection
4236,00892049,89,2049,15354,-119,140,196,-63,Projection
4237,00892050,89,2050,15235,-119,138,194,-63,Projection
4238,00892051,89,2051,15115,-120,136,192,-63,Projection
4239,00892052,89,2052,14996,-119,134,190,-63,Projection
4240,00892053,89,2053,14876,-119,132,188,-63,Projection
4241,00892054,89,2054,14757,-119,130,186,-63,Projection
4242,00892055,89,2055,14638,-119,128,185,-63,Projection
4243,00892056,89,2056,14519,-119,127,183,-63,Projection
4244,00892057,89,2057,14399,-119,125,181,-63,Projection
4245,00892058,89,2058,14280,-120,123,180,-63,Projection
4246,00892059,89,2059,14159,-120,121,179,-63,Projection
4247,00892060,89,2060,14039,-121,120,178,-63,Projection
4248,00911970,91,1970,1543,-67,23,19,-71,Estimate
4249,00911971,91,1971,1529,-14,20,14,-20,Estimate
4250,00911972,91,1972,1510,-19,23,14,-28,Estimate
4251,00911973,91,1973,1664,154,31,17,140,Estimate
4252,00911974,91,1974,1717,53,30,14,37,Estimate
4253,00911975,91,1975,1816,99,29,15,85,Estimate
4254,00911976,91,1976,1968,152,32,15,135,Estimate
4255,00911977,91,1977,1923,-45,36,14,-67,Estimate
4256,00911978,91,1978,1984,61,31,15,45,Estimate
4257,00911979,91,1979,1989,5,32,14,-13,Estimate
4258,00911980,91,1980,1951,-38,30,14,-54,Estimate
4259,00911981,91,1981,2056,105,32,12,85,Estimate
4260,00911982,91,1982,2110,54,39,14,29,Estimate
4261,00911983,91,1983,2124,14,39,14,-11,Estimate
4262,00911984,91,1984,2207,83,32,16,67,Estimate
4263,00911985,91,1985,2130,-77,28,16,-89,Estimate
4264,00911986,91,1986,1999,-131,27,13,-145,Estimate
4265,00911987,91,1987,2151,152,22,16,146,Estimate
4266,00911988,91,1988,2219,68,25,17,60,Estimate
4267,00911989,91,1989,2262,43,24,14,33,Estimate
4268,00911990,91,1990,2306,44,23,13,34,Estimate
4269,00911991,91,1991,2414,108,31,14,91,Estimate
4270,00911992,91,1992,2533,119,29,25,115,Estimate
4271,00911993,91,1993,2652,119,21,16,114,Estimate
4272,00911994,91,1994,2904,252,27,11,236,Estimate
4273,00911995,91,1995,3080,176,30,19,165,Estimate
4274,00911996,91,1996,3256,176,25,17,168,Estimate
4275,00911997,91,1997,3324,68,31,17,54,Estimate
4276,00911998,91,1998,3457,133,35,17,115,Estimate
4277,00911999,91,1999,3627,170,38,24,156,Estimate
4278,00912000,91,2000,3776,149,26,20,143,Estimate
4279,00912001,91,2001,3809,33,40,25,18,Estimate
4280,00912002,91,2002,3903,94,31,15,78,Estimate
4281,00912003,91,2003,3905,2,31,26,-3,Estimate
4282,00912004,91,2004,4023,118,35,26,109,Estimate
4283,00912005,91,2005,4084,61,35,23,49,Estimate
4284,00912006,91,2006,4137,53,38,26,41,Estimate
4285,00912007,91,2007,4274,137,40,29,126,Estimate
4286,00912008,91,2008,4407,133,42,21,112,Estimate
4287,00912009,91,2009,4372,-35,26,21,-40,Estimate
4288,00912010,91,2010,4446,74,38,27,63,Estimate
4289,00912011,91,2011,4404,-42,29,19,-52,Estimate
4290,00912012,91,2012,4478,74,33,20,61,Estimate
4291,00912013,91,2013,4515,37,32,33,38,Estimate
4292,00912014,91,2014,4528,13,34,44,23,Estimate
4293,00912015,91,2015,4550,22,21,29,30,Estimate
4294,00912016,91,2016,4721,171,34,34,171,Estimate
4295,00912017,91,2017,4730,9,31,22,0,Estimate
4296,00912018,91,2018,4736,6,23,35,18,Estimate
4297,00912019,91,2019,4886,150,17,36,169,Estimate
4298,00912020,91,2020,4877,-9,25,19,-15,Estimate
4299,00912021,91,2021,5052,175,38,37,174,Estimate
4300,00912022,91,2022,5096,44,30,38,52,Estimate
4301,00912023,91,2023,5177,81,33,44,92,Estimate
4302,00912024,91,2024,5191,14,31,49,32,Estimate
4303,00912025,91,2025,5192,1,35,44,10,Projection
4304,00912026,91,2026,5192,1,35,44,10,Projection
4305,00912027,91,2027,5191,-1,35,45,9,Projection
4306,00912028,91,2028,5193,2,35,46,13,Projection
4307,00912029,91,2029,5198,5,34,47,17,Projection
4308,00912030,91,2030,5206,9,34,48,22,Projection
4309,00912031,91,2031,5221,14,34,49,29,Projection
4310,00912032,91,2032,5240,20,35,50,35,Projection
4311,00912033,91,2033,5262,22,35,51,37,Projection
4312,00912034,91,2034,5286,24,35,52,41,Projection
4313,00912035,91,2035,5312,25,35,53,42,Projection
4314,00912036,91,2036,5339,27,36,53,45,Projection
4315,00912037,91,2037,5366,27,36,54,46,Projection
4316,00912038,91,2038,5396,30,36,55,49,Projection
4317,00912039,91,2039,5430,33,36,56,53,Projection
4318,00912040,91,2040,5463,34,37,57,54,Projection
4319,00912041,91,2041,5498,34,37,57,55,Projection
4320,00912042,91,2042,5537,39,37,58,61,Projection
4321,00912043,91,2043,5579,42,37,59,63,Projection
4322,00912044,91,2044,5622,44,37,59,66,Projection
4323,00912045,91,2045,5669,47,37,59,69,Projection
4324,00912046,91,2046,5718,49,37,60,72,Projection
4325,00912047,91,2047,5770,52,37,60,74,Projection
4326,00912048,91,2048,5824,54,38,60,76,Projection
4327,00912049,91,2049,5880,57,38,61,79,Projection
4328,00912050,91,2050,5938,57,39,60,79,Projection
4329,00912051,91,2051,5995,58,39,60,79,Projection
4330,00912052,91,2052,6053,58,39,60,79,Projection
4331,00912053,91,2053,6112,59,40,60,79,Projection
4332,00912054,91,2054,6171,59,40,60,79,Projection
4333,00912055,91,2055,6231,60,40,59,79,Projection
4334,00912056,91,2056,6292,60,41,59,79,Projection
4335,00912057,91,2057,6353,61,41,59,79,Projection
4336,00912058,91,2058,6414,61,41,59,79,Projection
4337,00912059,91,2059,6476,62,42,59,79,Projection
4338,00912060,91,2060,6539,63,42,58,79,Projection
4339,00931970,93,1970,2208,98,23,20,95,Estimate
4340,00931971,93,1971,2299,91,30,21,82,Estimate
4341,00931972,93,1972,2756,457,43,20,434,Estimate
4342,00931973,93,1973,2938,182,47,17,152,Estimate
4343,00931974,93,1974,2987,49,51,19,17,Estimate
4344,00931975,93,1975,3225,238,53,23,208,Estimate
4345,00931976,93,1976,3329,104,58,23,69,Estimate
4346,00931977,93,1977,3520,191,66,21,146,Estimate
4347,00931978,93,1978,4006,486,73,23,436,Estimate
4348,00931979,93,1979,4553,547,96,22,473,Estimate
4349,00931980,93,1980,5461,908,110,23,821,Estimate
4350,00931981,93,1981,5975,514,107,26,433,Estimate
4351,00931982,93,1982,6399,424,125,28,327,Estimate
4352,00931983,93,1983,6888,489,138,26,377,Estimate
4353,00931984,93,1984,6747,-141,126,23,-244,Estimate
4354,00931985,93,1985,6601,-146,110,27,-229,Estimate
4355,00931986,93,1986,6860,259,112,28,175,Estimate
4356,00931987,93,1987,6937,77,109,33,1,Estimate
4357,00931988,93,1988,6893,-44,98,38,-104,Estimate
4358,00931989,93,1989,7054,161,96,32,97,Estimate
4359,00931990,93,1990,7224,170,91,28,107,Estimate
4360,00931991,93,1991,7699,475,108,26,393,Estimate
4361,00931992,93,1992,8089,390,83,35,342,Estimate
4362,00931993,93,1993,8575,486,114,34,406,Estimate
4363,00931994,93,1994,9526,951,105,37,883,Estimate
4364,00931995,93,1995,10575,1049,146,38,941,Estimate
4365,00931996,93,1996,11382,807,135,42,714,Estimate
4366,00931997,93,1997,12364,982,130,40,892,Estimate
4367,00931998,93,1998,13061,697,147,51,601,Estimate
4368,00931999,93,1999,13904,843,178,43,708,Estimate
4369,00932000,93,2000,14728,824,149,65,740,Estimate
4370,00932001,93,2001,15172,444,168,55,331,Estimate
4371,00932002,93,2002,15417,245,170,70,145,Estimate
4372,00932003,93,2003,15789,372,173,67,266,Estimate
4373,00932004,93,2004,15913,124,149,72,47,Estimate
4374,00932005,93,2005,16061,148,166,58,40,Estimate
4375,00932006,93,2006,16128,67,161,65,-29,Estimate
4376,00932007,93,2007,16336,208,150,71,129,Estimate
4377,00932008,93,2008,16278,-58,135,71,-122,Estimate
4378,00932009,93,2009,15971,-307,149,64,-392,Estimate
4379,00932010,93,2010,16262,291,121,82,252,Estimate
4380,00932011,93,2011,15896,-366,117,82,-401,Estimate
4381,00932012,93,2012,15739,-157,109,77,-189,Estimate
4382,00932013,93,2013,15730,-9,97,73,-33,Estimate
4383,00932014,93,2014,15778,48,96,85,37,Estimate
4384,00932015,93,2015,15975,197,115,90,172,Estimate
4385,00932016,93,2016,16461,486,118,98,466,Estimate
4386,00932017,93,2017,16866,405,113,101,393,Estimate
4387,00932018,93,2018,17366,500,124,99,475,Estimate
4388,00932019,93,2019,17512,146,135,118,129,Estimate
4389,00932020,93,2020,17419,-93,140,111,-122,Estimate
4390,00932021,93,2021,17740,321,125,132,328,Estimate
4391,00932022,93,2022,17914,174,137,142,179,Estimate
4392,00932023,93,2023,18124,210,151,141,200,Estimate
4393,00932024,93,2024,18327,203,142,141,202,Estimate
4394,00932025,93,2025,18481,154,124,138,168,Projection
4395,00932026,93,2026,18632,151,124,142,169,Projection
4396,00932027,93,2027,18789,157,124,148,181,Projection
4397,00932028,93,2028,18936,148,124,154,178,Projection
4398,00932029,93,2029,19075,139,125,161,174,Projection
4399,00932030,93,2030,19205,130,125,167,172,Projection
4400,00932031,93,2031,19326,122,126,173,169,Projection
4401,00932032,93,2032,19439,113,125,180,167,Projection
4402,00932033,93,2033,19543,104,126,187,165,Projection
4403,00932034,93,2034,19640,96,126,193,163,Projection
4404,00932035,93,2035,19728,88,127,199,161,Projection
4405,00932036,93,2036,19809,81,128,206,159,Projection
4406,00932037,93,2037,19883,74,129,212,157,Projection
4407,00932038,93,2038,19950,67,130,217,155,Projection
4408,00932039,93,2039,20012,61,131,223,153,Projection
4409,00932040,93,2040,20067,56,132,228,151,Projection
4410,00932041,93,2041,20117,50,134,233,149,Projection
4411,00932042,93,2042,20162,45,135,237,147,Projection
4412,00932043,93,2043,20203,41,136,241,145,Projection
4413,00932044,93,2044,20240,37,137,244,144,Projection
4414,00932045,93,2045,20274,34,138,246,142,Projection
4415,00932046,93,2046,20305,31,139,248,140,Projection
4416,00932047,93,2047,20334,29,140,249,138,Projection
4417,00932048,93,2048,20360,26,141,250,136,Projection
4418,00932049,93,2049,20385,25,141,250,134,Projection
4419,00932050,93,2050,20409,24,142,250,132,Projection
4420,00932051,93,2051,20433,24,142,249,130,Projection
4421,00932052,93,2052,20457,24,143,246,128,Projection
4422,00932053,93,2053,20482,25,143,244,126,Projection
4423,00932054,93,2054,20508,26,143,241,124,Projection
4424,00932055,93,2055,20535,27,143,238,122,Projection
4425,00932056,93,2056,20563,28,143,235,120,Projection
4426,00932057,93,2057,20591,29,142,232,119,Projection
4427,00932058,93,2058,20622,30,142,228,117,Projection
4428,00932059,93,2059,20653,31,142,225,115,Projection
4429,00932060,93,2060,20685,32,141,222,113,Projection
4430,00951970,95,1970,4085,-235,55,59,-231,Estimate
4431,00951971,95,1971,3899,-186,61,52,-195,Estimate
4432,00951972,95,1972,3968,69,53,58,74,Estimate
4433,00951973,95,1973,4020,52,50,67,69,Estimate
4434,00951974,95,1974,3990,-30,54,60,-24,Estimate
4435,00951975,95,1975,4235,245,60,53,238,Estimate
4436,00951976,95,1976,4394,159,74,57,142,Estimate
4437,00951977,95,1977,4379,-15,75,62,-28,Estimate
4438,00951978,95,1978,4362,-17,70,58,-29,Estimate
4439,00951979,95,1979,4423,61,63,48,46,Estimate
4440,00951980,95,1980,4533,110,60,54,104,Estimate
4441,00951981,95,1981,4495,-38,70,54,-54,Estimate
4442,00951982,95,1982,4561,66,70,61,57,Estimate
4443,00951983,95,1983,4688,127,70,61,118,Estimate
4444,00951984,95,1984,4430,-258,66,48,-276,Estimate
4445,00951985,95,1985,4421,-9,57,56,-10,Estimate
4446,00951986,95,1986,4445,24,67,54,11,Estimate
4447,00951987,95,1987,4411,-34,59,52,-41,Estimate
4448,00951988,95,1988,4332,-79,50,47,-82,Estimate
4449,00951989,95,1989,4249,-83,53,44,-92,Estimate
4450,00951990,95,1990,4185,-64,56,52,-68,Estimate
4451,00951991,95,1991,4201,16,56,57,17,Estimate
4452,00951992,95,1992,4230,29,46,55,38,Estimate
4453,00951993,95,1993,4373,143,55,56,144,Estimate
4454,00951994,95,1994,4403,30,48,76,58,Estimate
4455,00951995,95,1995,4477,74,52,37,59,Estimate
4456,00951996,95,1996,4502,25,70,52,7,Estimate
4457,00951997,95,1997,4575,73,51,55,77,Estimate
4458,00951998,95,1998,4565,-10,61,64,-7,Estimate
4459,00951999,95,1999,4519,-46,58,46,-58,Estimate
4460,00952000,95,2000,4451,-68,64,50,-82,Estimate
4461,00952001,95,2001,4487,36,52,55,39,Estimate
4462,00952002,95,2002,4496,9,58,56,7,Estimate
4463,00952003,95,2003,4477,-19,57,53,-23,Estimate
4464,00952004,95,2004,4580,103,71,63,95,Estimate
4465,00952005,95,2005,4548,-32,69,38,-63,Estimate
4466,00952006,95,2006,4504,-44,58,51,-51,Estimate
4467,00952007,95,2007,4484,-20,72,37,-55,Estimate
4468,00952008,95,2008,4451,-33,53,58,-28,Estimate
4469,00952009,95,2009,4454,3,47,44,0,Estimate
4470,00952010,95,2010,4465,11,59,54,6,Estimate
4471,00952011,95,2011,4473,8,51,61,18,Estimate
4472,00952012,95,2012,4482,9,55,50,4,Estimate
4473,00952013,95,2013,4486,4,41,49,12,Estimate
4474,00952014,95,2014,4494,8,65,49,-8,Estimate
4475,00952015,95,2015,4499,5,57,55,3,Estimate
4476,00952016,95,2016,4505,6,68,45,-17,Estimate
4477,00952017,95,2017,4514,9,53,51,7,Estimate
4478,00952018,95,2018,4515,1,41,55,15,Estimate
4479,00952019,95,2019,4520,5,52,44,-3,Estimate
4480,00952020,95,2020,4523,3,48,57,12,Estimate
4481,00952021,95,2021,4499,-24,57,79,-2,Estimate
4482,00952022,95,2022,4450,-49,45,77,-17,Estimate
4483,00952023,95,2023,4471,21,54,70,37,Estimate
4484,00952024,95,2024,4484,13,51,43,5,Estimate
4485,00952025,95,2025,4475,-9,51,42,-18,Projection
4486,00952026,95,2026,4470,-5,50,42,-13,Projection
4487,00952027,95,2027,4476,6,49,42,-2,Projection
4488,00952028,95,2028,4484,8,49,42,0,Projection
4489,00952029,95,2029,4483,-1,49,42,-8,Projection
4490,00952030,95,2030,4487,4,49,42,-3,Projection
4491,00952031,95,2031,4490,4,49,42,-3,Projection
4492,00952032,95,2032,4486,-4,49,42,-11,Projection
4493,00952033,95,2033,4487,1,49,43,-6,Projection
4494,00952034,95,2034,4485,-1,49,43,-7,Projection
4495,00952035,95,2035,4486,0,49,43,-6,Projection
4496,00952036,95,2036,4482,-3,49,43,-9,Projection
4497,00952037,95,2037,4485,3,49,43,-2,Projection
4498,00952038,95,2038,4486,0,49,43,-5,Projection
4499,00952039,95,2039,4478,-7,49,44,-12,Projection
4500,00952040,95,2040,4476,-3,49,44,-7,Projection
4501,00952041,95,2041,4472,-4,48,44,-8,Projection
4502,00952042,95,2042,4468,-5,48,44,-9,Projection
4503,00952043,95,2043,4463,-5,48,44,-9,Projection
4504,00952044,95,2044,4457,-6,47,44,-9,Projection
4505,00952045,95,2045,4450,-7,47,44,-9,Projection
4506,00952046,95,2046,4444,-6,47,44,-8,Projection
4507,00952047,95,2047,4437,-7,46,44,-9,Projection
4508,00952048,95,2048,4431,-6,46,44,-8,Projection
4509,00952049,95,2049,4424,-7,45,44,-8,Projection
4510,00952050,95,2050,4418,-6,45,44,-7,Projection
4511,00952051,95,2051,4411,-7,44,44,-7,Projection
4512,00952052,95,2052,4404,-7,44,44,-7,Projection
4513,00952053,95,2053,4397,-7,44,43,-7,Projection
4514,00952054,95,2054,4390,-7,43,43,-7,Projection
4515,00952055,95,2055,4383,-7,43,43,-7,Projection
4516,00952056,95,2056,4376,-7,43,43,-7,Projection
4517,00952057,95,2057,4369,-7,43,43,-7,Projection
4518,00952058,95,2058,4362,-7,42,42,-7,Projection
4519,00952059,95,2059,4355,-7,42,42,-7,Projection
4520,00952060,95,2060,4348,-7,42,42,-7,Projection
4521,00971970,97,1970,6342,682,121,25,586,Estimate
4522,00971971,97,1971,6970,628,124,27,531,Estimate
4523,00971972,97,1972,7434,464,116,28,376,Estimate
4524,00971973,97,1973,8124,690,105,24,609,Estimate
4525,00971974,97,1974,8529,405,107,25,323,Estimate
4526,00971975,97,1975,8987,458,110,27,375,Estimate
4527,00971976,97,1976,9658,671,99,30,602,Estimate
4528,00971977,97,1977,10225,567,98,31,500,Estimate
4529,00971978,97,1978,10796,571,100,32,503,Estimate
4530,00971979,97,1979,10533,-263,95,33,-325,Estimate
4531,00971980,97,1980,10256,-277,106,36,-347,Estimate
4532,00971981,97,1981,9924,-332,122,37,-417,Estimate
4533,00971982,97,1982,10036,112,143,36,5,Estimate
4534,00971983,97,1983,10207,171,156,29,44,Estimate
4535,00971984,97,1984,10773,566,156,24,434,Estimate
4536,00971985,97,1985,11316,543,151,28,420,Estimate
4537,00971986,97,1986,11968,652,163,30,519,Estimate
4538,00971987,97,1987,12042,74,170,30,-66,Estimate
4539,00971988,97,1988,12092,50,156,26,-80,Estimate
4540,00971989,97,1989,12415,323,161,23,185,Estimate
4541,00971990,97,1990,12714,299,150,24,173,Estimate
4542,00971991,97,1991,12984,270,146,32,156,Estimate
4543,00971992,97,1992,13365,381,170,23,234,Estimate
4544,00971993,97,1993,14060,695,128,42,609,Estimate
4545,00971994,97,1994,14539,479,167,38,350,Estimate
4546,00971995,97,1995,14652,113,141,32,4,Estimate
4547,00971996,97,1996,14548,-104,144,37,-211,Estimate
4548,00971997,97,1997,14796,248,150,39,137,Estimate
4549,00971998,97,1998,14777,-19,136,30,-125,Estimate
4550,00971999,97,1999,14827,50,145,29,-66,Estimate
4551,00972000,97,2000,15763,936,176,43,803,Estimate
4552,00972001,97,2001,16184,421,165,48,304,Estimate
4553,00972002,97,2002,16101,-83,170,32,-221,Estimate
4554,00972003,97,2003,16275,174,166,44,52,Estimate
4555,00972004,97,2004,16077,-198,155,39,-314,Estimate
4556,00972005,97,2005,16136,59,172,50,-63,Estimate
4557,00972006,97,2006,16087,-49,157,35,-171,Estimate
4558,00972007,97,2007,16236,149,166,40,23,Estimate
4559,00972008,97,2008,16673,437,162,43,318,Estimate
4560,00972009,97,2009,17053,380,171,44,253,Estimate
4561,00972010,97,2010,17156,103,141,38,0,Estimate
4562,00972011,97,2011,17128,-28,175,53,-150,Estimate
4563,00972012,97,2012,17201,73,128,51,-4,Estimate
4564,00972013,97,2013,17321,120,124,43,39,Estimate
4565,00972014,97,2014,17521,200,132,59,127,Estimate
4566,00972015,97,2015,17701,180,127,52,105,Estimate
4567,00972016,97,2016,17691,-10,146,65,-91,Estimate
4568,00972017,97,2017,17658,-33,163,49,-147,Estimate
4569,00972018,97,2018,17643,-15,119,73,-61,Estimate
4570,00972019,97,2019,17413,-230,148,59,-319,Estimate
4571,00972020,97,2020,17358,-55,146,59,-142,Estimate
4572,00972021,97,2021,17341,-17,128,83,-62,Estimate
4573,00972022,97,2022,16868,-473,120,67,-526,Estimate
4574,00972023,97,2023,16679,-189,133,63,-259,Estimate
4575,00972024,97,2024,16593,-86,100,59,-127,Estimate
4576,00972025,97,2025,16465,-128,107,69,-166,Projection
4577,00972026,97,2026,16354,-112,108,68,-152,Projection
4578,00972027,97,2027,16382,29,109,68,-12,Projection
4579,00972028,97,2028,16409,27,110,69,-14,Projection
4580,00972029,97,2029,16430,21,110,70,-20,Projection
4581,00972030,97,2030,16444,14,111,70,-27,Projection
4582,00972031,97,2031,16454,10,112,71,-30,Projection
4583,00972032,97,2032,16471,17,112,72,-22,Projection
4584,00972033,97,2033,16490,19,112,73,-21,Projection
4585,00972034,97,2034,16512,21,113,74,-17,Projection
4586,00972035,97,2035,16534,23,113,74,-16,Projection
4587,00972036,97,2036,16547,12,113,75,-26,Projection
4588,00972037,97,2037,16548,2,113,76,-36,Projection
4589,00972038,97,2038,16550,2,113,77,-34,Projection
4590,00972039,97,2039,16552,2,113,77,-34,Projection
4591,00972040,97,2040,16556,3,113,77,-32,Projection
4592,00972041,97,2041,16558,3,113,78,-32,Projection
4593,00972042,97,2042,16564,6,113,78,-29,Projection
4594,00972043,97,2043,16574,10,113,79,-24,Projection
4595,00972044,97,2044,16587,13,112,79,-20,Projection
4596,00972045,97,2045,16605,18,112,80,-15,Projection
4597,00972046,97,2046,16628,24,112,80,-8,Projection
4598,00972047,97,2047,16652,24,112,80,-8,Projection
4599,00972048,97,2048,16682,30,112,80,-2,Projection
4600,00972049,97,2049,16714,32,112,80,0,Projection
4601,00972050,97,2050,16743,29,109,82,2,Projection
4602,00972051,97,2051,16771,29,109,82,2,Projection
4603,00972052,97,2052,16800,28,108,82,2,Projection
4604,00972053,97,2053,16828,28,108,82,2,Projection
4605,00972054,97,2054,16856,28,107,82,2,Projection
4606,00972055,97,2055,16884,28,107,81,2,Projection
4607,00972056,97,2056,16913,29,107,80,2,Projection
4608,00972057,97,2057,16943,30,107,80,2,Projection
4609,00972058,97,2058,16973,30,107,80,2,Projection
4610,00972059,97,2059,17004,31,108,79,2,Projection
4611,00972060,97,2060,17036,32,108,78,2,Projection
4612,00991970,99,1970,13274,274,265,128,137,Estimate
4613,00991971,99,1971,13339,65,278,145,-68,Estimate
4614,00991972,99,1972,13362,23,252,136,-93,Estimate
4615,00991973,99,1973,13444,82,241,130,-29,Estimate
4616,00991974,99,1974,13456,12,237,134,-91,Estimate
4617,00991975,99,1975,13684,228,230,143,141,Estimate
4618,00991976,99,1976,13655,-29,263,141,-151,Estimate
4619,00991977,99,1977,13505,-150,288,127,-311,Estimate
4620,00991978,99,1978,13271,-234,273,136,-371,Estimate
4621,00991979,99,1979,13397,126,276,135,-15,Estimate
4622,00991980,99,1980,13075,-322,292,123,-491,Estimate
4623,00991981,99,1981,13092,17,299,125,-157,Estimate
4624,00991982,99,1982,13363,271,298,138,111,Estimate
4625,00991983,99,1983,14104,741,311,136,566,Estimate
4626,00991984,99,1984,14307,203,318,120,5,Estimate
4627,00991985,99,1985,14374,67,314,121,-126,Estimate
4628,00991986,99,1986,14128,-246,296,123,-419,Estimate
4629,00991987,99,1987,13986,-142,259,137,-264,Estimate
4630,00991988,99,1988,14231,245,244,135,136,Estimate
4631,00991989,99,1989,13719,-512,225,118,-619,Estimate
4632,00991990,99,1990,13329,-390,214,115,-489,Estimate
4633,00991991,99,1991,12961,-368,219,116,-471,Estimate
4634,00991992,99,1992,13102,141,214,116,43,Estimate
4635,00991993,99,1993,13420,318,209,124,233,Estimate
4636,00991994,99,1994,13693,273,228,105,150,Estimate
4637,00991995,99,1995,13822,129,214,105,20,Estimate
4638,00991996,99,1996,14009,187,209,135,113,Estimate
4639,00991997,99,1997,14118,109,220,104,-7,Estimate
4640,00991998,99,1998,14223,105,208,136,33,Estimate
4641,00991999,99,1999,14372,149,212,124,61,Estimate
4642,00992000,99,2000,14452,80,240,136,-24,Estimate
4643,00992001,99,2001,14109,-343,269,141,-471,Estimate
4644,00992002,99,2002,14011,-98,247,146,-199,Estimate
4645,00992003,99,2003,13822,-189,242,120,-311,Estimate
4646,00992004,99,2004,13656,-166,204,126,-244,Estimate
4647,00992005,99,2005,13510,-146,233,103,-276,Estimate
4648,00992006,99,2006,13208,-302,187,99,-390,Estimate
4649,00992007,99,2007,12772,-436,189,131,-494,Estimate
4650,00992008,99,2008,12682,-90,190,128,-152,Estimate
4651,00992009,99,2009,12576,-106,191,146,-151,Estimate
4652,00992010,99,2010,12531,-45,186,123,-108,Estimate
4653,00992011,99,2011,12478,-53,142,149,-46,Estimate
4654,00992012,99,2012,12398,-80,188,127,-141,Estimate
4655,00992013,99,2013,12287,-111,167,118,-160,Estimate
4656,00992014,99,2014,12023,-264,145,103,-306,Estimate
4657,00992015,99,2015,11891,-132,165,127,-170,Estimate
4658,00992016,99,2016,11887,-4,185,149,-40,Estimate
4659,00992017,99,2017,11930,43,160,123,6,Estimate
4660,00992018,99,2018,11971,41,165,133,9,Estimate
4661,00992019,99,2019,12011,40,150,130,20,Estimate
4662,00992020,99,2020,12013,2,159,126,-31,Estimate
4663,00992021,99,2021,11937,-76,144,177,-43,Estimate
4664,00992022,99,2022,11825,-112,140,165,-87,Estimate
4665,00992023,99,2023,11779,-46,155,136,-65,Estimate
4666,00992024,99,2024,11944,165,137,127,155,Estimate
4667,00992025,99,2025,12022,78,123,122,77,Projection
4668,00992026,99,2026,12107,85,123,122,84,Projection
4669,00992027,99,2027,12093,-13,123,123,-14,Projection
4670,00992028,99,2028,12076,-17,122,124,-15,Projection
4671,00992029,99,2029,12055,-22,120,124,-18,Projection
4672,00992030,99,2030,12028,-27,119,125,-21,Projection
4673,00992031,99,2031,11997,-31,117,126,-23,Projection
4674,00992032,99,2032,11961,-36,116,126,-26,Projection
4675,00992033,99,2033,11923,-37,115,127,-26,Projection
4676,00992034,99,2034,11885,-38,115,128,-25,Projection
4677,00992035,99,2035,11847,-38,114,128,-24,Projection
4678,00992036,99,2036,11807,-39,114,129,-24,Projection
4679,00992037,99,2037,11768,-39,114,130,-23,Projection
4680,00992038,99,2038,11729,-39,114,130,-22,Projection
4681,00992039,99,2039,11690,-40,113,131,-22,Projection
4682,00992040,99,2040,11650,-39,113,131,-22,Projection
4683,00992041,99,2041,11611,-39,113,131,-21,Projection
4684,00992042,99,2042,11571,-40,112,131,-21,Projection
4685,00992043,99,2043,11531,-40,111,131,-20,Projection
4686,00992044,99,2044,11490,-41,110,131,-20,Projection
4687,00992045,99,2045,11448,-42,109,131,-20,Projection
4688,00992046,99,2046,11406,-42,107,130,-20,Projection
4689,00992047,99,2047,11363,-43,106,130,-19,Projection
4690,00992048,99,2048,11320,-43,104,129,-18,Projection
4691,00992049,99,2049,11274,-45,102,128,-19,Projection
4692,00992050,99,2050,11230,-45,101,128,-18,Projection
4693,00992051,99,2051,11184,-46,99,127,-18,Projection
4694,00992052,99,2052,11137,-46,97,126,-18,Projection
4695,00992053,99,2053,11091,-47,96,125,-18,Projection
4696,00992054,99,2054,11043,-47,95,124,-18,Projection
4697,00992055,99,2055,10995,-48,93,123,-18,Projection
4698,00992056,99,2056,10947,-48,92,122,-18,Projection
4699,00992057,99,2057,10898,-49,91,122,-18,Projection
4700,00992058,99,2058,10848,-50,90,121,-18,Projection
4701,00992059,99,2059,10798,-50,88,121,-18,Projection
4702,00992060,99,2060,10746,-51,87,121,-18,Projection
4703,001011970,101,1970,118533,-1467,2206,1035,-2638,Estimate
4704,001011971,101,1971,119714,1181,2214,1051,18,Estimate
4705,001011972,101,1972,120677,963,2026,1102,39,Estimate
4706,001011973,101,1973,124232,3555,1922,1088,2721,Estimate
4707,001011974,101,1974,124568,336,1969,1108,-525,Estimate
4708,001011975,101,1975,125520,952,1953,1081,80,Estimate
4709,001011976,101,1976,124789,-731,1888,1044,-1575,Estimate
4710,001011977,101,1977,123725,-1064,1900,1045,-1919,Estimate
4711,001011978,101,1978,123937,212,1920,1027,-681,Estimate
4712,001011979,101,1979,125933,1996,1953,1046,1089,Estimate
4713,001011980,101,1980,125745,-188,2053,1092,-1149,Estimate
4714,001011981,101,1981,124797,-948,2012,1077,-1883,Estimate
4715,001011982,101,1982,123756,-1041,1986,1065,-1962,Estimate
4716,001011983,101,1983,123434,-322,1996,1072,-1246,Estimate
4717,001011984,101,1984,122360,-1074,1926,1090,-1910,Estimate
4718,001011985,101,1985,121907,-453,1875,1123,-1205,Estimate
4719,001011986,101,1986,122365,458,1813,1127,-228,Estimate
4720,001011987,101,1987,122838,473,1781,1166,-142,Estimate
4721,001011988,101,1988,123737,899,1766,1199,332,Estimate
4722,001011989,101,1989,123363,-374,1689,1176,-887,Estimate
4723,001011990,101,1990,123053,-310,1698,1190,-818,Estimate
4724,001011991,101,1991,123482,429,1764,1242,-93,Estimate
4725,001011992,101,1992,124412,930,1805,1259,384,Estimate
4726,001011993,101,1993,126356,1944,1780,1169,1333,Estimate
4727,001011994,101,1994,128721,2365,1746,1236,1855,Estimate
4728,001011995,101,1995,130831,2110,1730,1337,1717,Estimate
4729,001011996,101,1996,132502,1671,1734,1260,1197,Estimate
4730,001011997,101,1997,134794,2292,1739,1359,1912,Estimate
4731,001011998,101,1998,137381,2587,1869,1352,2070,Estimate
4732,001011999,101,1999,139718,2337,1933,1374,1778,Estimate
4733,001012000,101,2000,141854,2136,1927,1380,1589,Estimate
4734,001012001,101,2001,143996,2142,2004,1393,1531,Estimate
4735,001012002,101,2002,146481,2485,1985,1482,1982,Estimate
4736,001012003,101,2003,147972,1491,2060,1451,882,Estimate
4737,001012004,101,2004,148720,748,1946,1526,328,Estimate
4738,001012005,101,2005,149969,1249,1993,1546,802,Estimate
4739,001012006,101,2006,152064,2095,2014,1412,1493,Estimate
4740,001012007,101,2007,154759,2695,2143,1509,2061,Estimate
4741,001012008,101,2008,156252,1493,2167,1608,934,Estimate
4742,001012009,101,2009,157324,1072,2038,1558,592,Estimate
4743,001012010,101,2010,159496,2172,2070,1542,1644,Estimate
4744,001012011,101,2011,159838,342,1865,1651,128,Estimate
4745,001012012,101,2012,160327,489,1878,1591,202,Estimate
4746,001012013,101,2013,160565,238,1852,1622,8,Estimate
4747,001012014,101,2014,160867,302,1921,1631,12,Estimate
4748,001012015,101,2015,162449,1582,1874,1734,1442,Estimate
4749,001012016,101,2016,164124,1675,1851,1714,1538,Estimate
4750,001012017,101,2017,165549,1425,1788,1785,1422,Estimate
4751,001012018,101,2018,166686,1137,1824,1836,1149,Estimate
4752,001012019,101,2019,167486,800,1817,1878,861,Estimate
4753,001012020,101,2020,168339,853,1729,1999,1123,Estimate
4754,001012021,101,2021,169307,968,1690,2399,1677,Estimate
4755,001012022,101,2022,169404,97,1710,2608,995,Estimate
4756,001012023,101,2023,169681,277,1694,2152,735,Estimate
4757,001012024,101,2024,169916,235,1685,2055,605,Estimate
4758,001012025,101,2025,170033,117,1646,1883,354,Projection
4759,001012026,101,2026,170127,94,1632,1908,370,Projection
4760,001012027,101,2027,170360,233,1600,1952,585,Projection
4761,001012028,101,2028,170674,314,1564,1996,747,Projection
4762,001012029,101,2029,171074,401,1525,2042,918,Projection
4763,001012030,101,2030,171569,495,1485,2089,1098,Projection
4764,001012031,101,2031,172147,578,1446,2137,1269,Projection
4765,001012032,101,2032,172779,631,1399,2186,1418,Projection
4766,001012033,101,2033,173339,560,1356,2237,1441,Projection
4767,001012034,101,2034,173786,447,1316,2287,1418,Projection
4768,001012035,101,2035,173995,209,1279,2339,1269,Projection
4769,001012036,101,2036,173876,-118,1243,2390,1029,Projection
4770,001012037,101,2037,173720,-156,1205,2440,1079,Projection
4771,001012038,101,2038,173528,-192,1168,2490,1129,Projection
4772,001012039,101,2039,173302,-226,1133,2538,1179,Projection
4773,001012040,101,2040,173045,-257,1099,2585,1229,Projection
4774,001012041,101,2041,172761,-284,1066,2629,1279,Projection
4775,001012042,101,2042,172453,-308,1034,2671,1329,Projection
4776,001012043,101,2043,172126,-327,1005,2711,1379,Projection
4777,001012044,101,2044,171786,-341,980,2749,1429,Projection
4778,001012045,101,2045,171438,-347,957,2784,1479,Projection
4779,001012046,101,2046,171091,-348,938,2815,1529,Projection
4780,001012047,101,2047,170746,-344,923,2846,1579,Projection
4781,001012048,101,2048,170410,-336,910,2875,1629,Projection
4782,001012049,101,2049,170088,-321,900,2900,1679,Projection
4783,001012050,101,2050,169787,-302,892,2922,1729,Projection
4784,001012051,101,2051,169509,-278,885,2942,1779,Projection
4785,001012052,101,2052,169263,-246,884,2960,1829,Projection
4786,001012053,101,2053,169052,-211,886,2975,1879,Projection
4787,001012054,101,2054,168829,-223,888,2990,1879,Projection
4788,001012055,101,2055,168621,-208,892,3005,1904,Projection
4789,001012056,101,2056,168429,-192,897,3018,1929,Projection
4790,001012057,101,2057,168229,-200,902,3031,1929,Projection
4791,001012058,101,2058,168020,-209,906,3044,1929,Projection
4792,001012059,101,2059,167803,-217,911,3056,1929,Projection
4793,001012060,101,2060,167578,-225,915,3069,1929,Projection
4794,001031970,103,1970,4828,-32,77,45,-64,Estimate
4795,001031971,103,1971,4773,-55,85,42,-98,Estimate
4796,001031972,103,1972,4601,-172,80,36,-216,Estimate
4797,001031973,103,1973,4837,236,70,42,208,Estimate
4798,001031974,103,1974,4977,140,69,45,116,Estimate
4799,001031975,103,1975,5086,109,81,46,74,Estimate
4800,001031976,103,1976,5056,-30,89,43,-76,Estimate
4801,001031977,103,1977,5109,53,105,37,-15,Estimate
4802,001031978,103,1978,5470,361,118,38,281,Estimate
4803,001031979,103,1979,6054,584,130,39,493,Estimate
4804,001031980,103,1980,6381,327,144,44,227,Estimate
4805,001031981,103,1981,6886,505,151,46,400,Estimate
4806,001031982,103,1982,7272,386,162,39,263,Estimate
4807,001031983,103,1983,7621,349,156,37,230,Estimate
4808,001031984,103,1984,6941,-680,135,35,-780,Estimate
4809,001031985,103,1985,6590,-351,125,35,-441,Estimate
4810,001031986,103,1986,6440,-150,115,34,-231,Estimate
4811,001031987,103,1987,6428,-12,100,34,-78,Estimate
4812,001031988,103,1988,6299,-129,94,38,-185,Estimate
4813,001031989,103,1989,6111,-188,91,34,-245,Estimate
4814,001031990,103,1990,5942,-169,83,34,-218,Estimate
4815,001031991,103,1991,6024,82,86,32,28,Estimate
4816,001031992,103,1992,6177,153,70,36,119,Estimate
4817,001031993,103,1993,6261,84,73,45,56,Estimate
4818,001031994,103,1994,6318,57,65,39,31,Estimate
4819,001031995,103,1995,6400,82,72,40,50,Estimate
4820,001031996,103,1996,6342,-58,66,44,-80,Estimate
4821,001031997,103,1997,6320,-22,59,48,-33,Estimate
4822,001031998,103,1998,6230,-90,62,45,-107,Estimate
4823,001031999,103,1999,6093,-137,78,56,-159,Estimate
4824,001032000,103,2000,5967,-126,65,47,-144,Estimate
4825,001032001,103,2001,5880,-87,66,57,-96,Estimate
4826,001032002,103,2002,5936,56,67,40,29,Estimate
4827,001032003,103,2003,5855,-81,75,35,-121,Estimate
4828,001032004,103,2004,5904,49,76,47,20,Estimate
4829,001032005,103,2005,5818,-86,75,58,-103,Estimate
4830,001032006,103,2006,5981,163,93,50,120,Estimate
4831,001032007,103,2007,6093,112,100,52,64,Estimate
4832,001032008,103,2008,6160,67,109,43,1,Estimate
4833,001032009,103,2009,6317,157,90,40,107,Estimate
4834,001032010,103,2010,6617,300,101,43,242,Estimate
4835,001032011,103,2011,6736,119,106,40,53,Estimate
4836,001032012,103,2012,6793,57,73,55,39,Estimate
4837,001032013,103,2013,6764,-29,81,52,-58,Estimate
4838,001032014,103,2014,6644,-120,70,58,-132,Estimate
4839,001032015,103,2015,6621,-23,83,53,-53,Estimate
4840,001032016,103,2016,6616,-5,75,62,-18,Estimate
4841,001032017,103,2017,6568,-48,67,45,-70,Estimate
4842,001032018,103,2018,6588,20,82,56,-6,Estimate
4843,001032019,103,2019,6528,-60,52,55,-57,Estimate
4844,001032020,103,2020,6522,-6,54,46,-14,Estimate
4845,001032021,103,2021,6445,-77,57,68,-66,Estimate
4846,001032022,103,2022,6557,112,64,73,121,Estimate
4847,001032023,103,2023,6581,24,50,57,31,Estimate
4848,001032024,103,2024,6601,20,44,48,24,Estimate
4849,001032025,103,2025,6602,1,38,58,20,Projection
4850,001032026,103,2026,6604,2,39,57,21,Projection
4851,001032027,103,2027,6577,-27,39,58,-8,Projection
4852,001032028,103,2028,6550,-27,39,58,-8,Projection
4853,001032029,103,2029,6521,-29,38,58,-10,Projection
4854,001032030,103,2030,6490,-31,38,58,-11,Projection
4855,001032031,103,2031,6444,-46,38,58,-26,Projection
4856,001032032,103,2032,6395,-49,38,58,-28,Projection
4857,001032033,103,2033,6347,-47,37,58,-26,Projection
4858,001032034,103,2034,6301,-47,37,59,-25,Projection
4859,001032035,103,2035,6255,-46,37,59,-23,Projection
4860,001032036,103,2036,6208,-47,37,59,-24,Projection
4861,001032037,103,2037,6163,-45,36,59,-22,Projection
4862,001032038,103,2038,6119,-45,36,59,-22,Projection
4863,001032039,103,2039,6074,-45,36,59,-22,Projection
4864,001032040,103,2040,6028,-46,36,59,-22,Projection
4865,001032041,103,2041,5982,-45,35,59,-22,Projection
4866,001032042,103,2042,5936,-47,35,59,-23,Projection
4867,001032043,103,2043,5889,-47,35,59,-23,Projection
4868,001032044,103,2044,5841,-48,34,58,-23,Projection
4869,001032045,103,2045,5792,-49,33,58,-24,Projection
4870,001032046,103,2046,5744,-48,32,57,-23,Projection
4871,001032047,103,2047,5693,-50,31,57,-25,Projection
4872,001032048,103,2048,5643,-51,30,57,-24,Projection
4873,001032049,103,2049,5591,-52,29,56,-25,Projection
4874,001032050,103,2050,5540,-51,28,55,-24,Projection
4875,001032051,103,2051,5489,-51,27,55,-24,Projection
4876,001032052,103,2052,5437,-52,26,54,-24,Projection
4877,001032053,103,2053,5386,-52,25,53,-24,Projection
4878,001032054,103,2054,5334,-52,25,52,-24,Projection
4879,001032055,103,2055,5282,-52,24,52,-24,Projection
4880,001032056,103,2056,5230,-52,23,51,-24,Projection
4881,001032057,103,2057,5177,-52,22,51,-24,Projection
4882,001032058,103,2058,5125,-53,22,50,-24,Projection
4883,001032059,103,2059,5072,-53,21,50,-24,Projection
4884,001032060,103,2060,5019,-53,20,49,-24,Projection
4885,001051970,105,1970,10453,-347,192,118,-421,Estimate
4886,001051971,105,1971,10287,-166,200,120,-246,Estimate
4887,001051972,105,1972,10361,74,199,112,-13,Estimate
4888,001051973,105,1973,10483,122,190,112,44,Estimate
4889,001051974,105,1974,10686,203,205,122,120,Estimate
4890,001051975,105,1975,10795,109,198,117,28,Estimate
4891,001051976,105,1976,10593,-202,188,102,-288,Estimate
4892,001051977,105,1977,10501,-92,200,102,-190,Estimate
4893,001051978,105,1978,10535,34,194,107,-53,Estimate
4894,001051979,105,1979,10575,40,184,113,-31,Estimate
4895,001051980,105,1980,10581,6,193,117,-70,Estimate
4896,001051981,105,1981,10856,275,231,102,146,Estimate
4897,001051982,105,1982,11092,236,235,98,99,Estimate
4898,001051983,105,1983,11373,281,213,108,176,Estimate
4899,001051984,105,1984,11375,2,198,111,-85,Estimate
4900,001051985,105,1985,11546,171,215,112,68,Estimate
4901,001051986,105,1986,11906,360,230,105,235,Estimate
4902,001051987,105,1987,11758,-148,206,105,-249,Estimate
4903,001051988,105,1988,11578,-180,187,111,-256,Estimate
4904,001051989,105,1989,11109,-469,188,103,-554,Estimate
4905,001051990,105,1990,10746,-363,175,98,-440,Estimate
4906,001051991,105,1991,10842,96,184,112,24,Estimate
4907,001051992,105,1992,10944,102,170,122,54,Estimate
4908,001051993,105,1993,11210,266,182,101,185,Estimate
4909,001051994,105,1994,11466,256,157,109,208,Estimate
4910,001051995,105,1995,11695,229,154,115,190,Estimate
4911,001051996,105,1996,11822,127,159,104,72,Estimate
4912,001051997,105,1997,11968,146,158,131,119,Estimate
4913,001051998,105,1998,12117,149,167,108,90,Estimate
4914,001051999,105,1999,12288,171,166,109,114,Estimate
4915,001052000,105,2000,12429,141,189,113,65,Estimate
4916,001052001,105,2001,12406,-23,178,132,-69,Estimate
4917,001052002,105,2002,12409,3,175,134,-38,Estimate
4918,001052003,105,2003,12619,210,174,127,163,Estimate
4919,001052004,105,2004,12824,205,173,130,162,Estimate
4920,001052005,105,2005,12696,-128,184,133,-179,Estimate
4921,001052006,105,2006,12439,-257,191,119,-329,Estimate
4922,001052007,105,2007,12167,-272,147,138,-281,Estimate
4923,001052008,105,2008,12105,-62,157,122,-97,Estimate
4924,001052009,105,2009,11995,-110,159,125,-144,Estimate
4925,001052010,105,2010,12001,6,166,125,-35,Estimate
4926,001052011,105,2011,11957,-44,150,122,-72,Estimate
4927,001052012,105,2012,11912,-45,130,127,-48,Estimate
4928,001052013,105,2013,11868,-44,150,129,-65,Estimate
4929,001052014,105,2014,11823,-45,149,113,-81,Estimate
4930,001052015,105,2015,11778,-45,127,131,-41,Estimate
4931,001052016,105,2016,11734,-44,138,128,-54,Estimate
4932,001052017,105,2017,11688,-46,118,134,-30,Estimate
4933,001052018,105,2018,11644,-44,125,137,-32,Estimate
4934,001052019,105,2019,11600,-44,126,121,-49,Estimate
4935,001052020,105,2020,11537,-63,111,146,-28,Estimate
4936,001052021,105,2021,11408,-129,122,161,-90,Estimate
4937,001052022,105,2022,11330,-78,109,173,-14,Estimate
4938,001052023,105,2023,11208,-122,121,137,-106,Estimate
4939,001052024,105,2024,11139,-69,111,149,-31,Estimate
4940,001052025,105,2025,11087,-52,98,126,-25,Projection
4941,001052026,105,2026,11035,-52,97,126,-23,Projection
4942,001052027,105,2027,11002,-33,94,126,-1,Projection
4943,001052028,105,2028,10968,-34,93,127,0,Projection
4944,001052029,105,2029,10932,-36,92,129,1,Projection
4945,001052030,105,2030,10895,-37,92,130,2,Projection
4946,001052031,105,2031,10859,-36,91,132,4,Projection
4947,001052032,105,2032,10819,-40,91,133,2,Projection
4948,001052033,105,2033,10776,-43,90,134,1,Projection
4949,001052034,105,2034,10730,-46,89,134,-1,Projection
4950,001052035,105,2035,10681,-49,88,135,-2,Projection
4951,001052036,105,2036,10628,-53,88,136,-4,Projection
4952,001052037,105,2037,10573,-55,87,136,-6,Projection
4953,001052038,105,2038,10513,-60,86,137,-9,Projection
4954,001052039,105,2039,10449,-64,85,137,-12,Projection
4955,001052040,105,2040,10379,-69,84,137,-17,Projection
4956,001052041,105,2041,10306,-73,83,137,-20,Projection
4957,001052042,105,2042,10227,-79,82,136,-25,Projection
4958,001052043,105,2043,10143,-84,81,136,-29,Projection
4959,001052044,105,2044,10053,-90,79,135,-34,Projection
4960,001052045,105,2045,9959,-95,78,134,-39,Projection
4961,001052046,105,2046,9858,-101,76,133,-45,Projection
4962,001052047,105,2047,9751,-107,75,131,-50,Projection
4963,001052048,105,2048,9639,-112,73,130,-55,Projection
4964,001052049,105,2049,9519,-119,71,128,-62,Projection
4965,001052050,105,2050,9395,-124,69,126,-67,Projection
4966,001052051,105,2051,9270,-125,67,125,-67,Projection
4967,001052052,105,2052,9146,-124,65,123,-67,Projection
4968,001052053,105,2053,9022,-124,63,121,-67,Projection
4969,001052054,105,2054,8898,-124,62,119,-67,Projection
4970,001052055,105,2055,8773,-124,60,117,-67,Projection
4971,001052056,105,2056,8649,-124,59,116,-67,Projection
4972,001052057,105,2057,8525,-124,57,114,-67,Projection
4973,001052058,105,2058,8401,-124,56,113,-67,Projection
4974,001052059,105,2059,8277,-124,54,112,-67,Projection
4975,001052060,105,2060,8152,-125,53,111,-67,Projection
4976,001071970,107,1970,6733,563,109,58,512,Estimate
4977,001071971,107,1971,7295,562,120,66,508,Estimate
4978,001071972,107,1972,8016,721,112,60,669,Estimate
4979,001071973,107,1973,8658,642,115,56,583,Estimate
4980,001071974,107,1974,8858,200,135,57,122,Estimate
4981,001071975,107,1975,9497,639,148,54,545,Estimate
4982,001071976,107,1976,10112,615,163,56,508,Estimate
4983,001071977,107,1977,10656,544,181,61,424,Estimate
4984,001071978,107,1978,11796,1140,202,56,994,Estimate
4985,001071979,107,1979,12976,1180,227,53,1006,Estimate
4986,001071980,107,1980,13419,443,244,53,252,Estimate
4987,001071981,107,1981,13473,54,261,51,-156,Estimate
4988,001071982,107,1982,13758,285,279,58,64,Estimate
4989,001071983,107,1983,13853,95,284,67,-122,Estimate
4990,001071984,107,1984,14248,395,255,65,205,Estimate
4991,001071985,107,1985,14196,-52,226,62,-216,Estimate
4992,001071986,107,1986,13863,-333,214,59,-488,Estimate
4993,001071987,107,1987,13862,-1,194,58,-137,Estimate
4994,001071988,107,1988,13765,-97,190,54,-233,Estimate
4995,001071989,107,1989,13950,185,210,50,25,Estimate
4996,001071990,107,1990,14216,266,209,52,109,Estimate
4997,001071991,107,1991,14729,513,198,40,355,Estimate
4998,001071992,107,1992,15153,424,171,62,315,Estimate
4999,001071993,107,1993,15925,772,196,71,647,Estimate
5000,001071994,107,1994,16619,694,184,59,569,Estimate
5001,001071995,107,1995,17257,638,169,66,535,Estimate
5002,001071996,107,1996,17719,462,177,56,341,Estimate
5003,001071997,107,1997,18119,400,179,70,291,Estimate
5004,001071998,107,1998,18605,486,179,57,364,Estimate
5005,001071999,107,1999,19232,627,202,70,495,Estimate
5006,001072000,107,2000,20122,890,226,51,715,Estimate
5007,001072001,107,2001,20436,314,204,81,191,Estimate
5008,001072002,107,2002,20892,456,222,69,303,Estimate
5009,001072003,107,2003,21128,236,235,67,68,Estimate
5010,001072004,107,2004,21293,165,229,61,-3,Estimate
5011,001072005,107,2005,21453,160,239,68,-11,Estimate
5012,001072006,107,2006,21886,433,249,91,275,Estimate
5013,001072007,107,2007,22415,529,258,88,359,Estimate
5014,001072008,107,2008,22931,516,267,95,344,Estimate
5015,001072009,107,2009,23325,394,260,88,222,Estimate
5016,001072010,107,2010,23439,114,247,90,-43,Estimate
5017,001072011,107,2011,23485,46,228,88,-94,Estimate
5018,001072012,107,2012,23525,40,216,92,-84,Estimate
5019,001072013,107,2013,23578,53,202,101,-48,Estimate
5020,001072014,107,2014,23659,81,208,103,-24,Estimate
5021,001072015,107,2015,23824,165,214,101,52,Estimate
5022,001072016,107,2016,23952,128,246,107,-11,Estimate
5023,001072017,107,2017,24162,210,229,123,104,Estimate
5024,001072018,107,2018,24314,152,193,120,79,Estimate
5025,001072019,107,2019,24520,206,208,123,121,Estimate
5026,001072020,107,2020,24837,317,194,130,253,Estimate
5027,001072021,107,2021,25068,231,182,117,166,Estimate
5028,001072022,107,2022,25105,37,219,145,-37,Estimate
5029,001072023,107,2023,25137,32,193,139,-22,Estimate
5030,001072024,107,2024,25241,104,199,130,35,Estimate
5031,001072025,107,2025,25229,-12,200,153,-59,Projection
5032,001072026,107,2026,25219,-10,200,158,-52,Projection
5033,001072027,107,2027,25359,140,201,164,103,Projection
5034,001072028,107,2028,25514,155,202,171,124,Projection
5035,001072029,107,2029,25690,176,204,178,150,Projection
5036,001072030,107,2030,25887,197,206,185,176,Projection
5037,001072031,107,2031,26105,218,207,193,203,Projection
5038,001072032,107,2032,26339,234,209,200,226,Projection
5039,001072033,107,2033,26566,227,211,208,224,Projection
5040,001072034,107,2034,26785,219,212,216,222,Projection
5041,001072035,107,2035,26996,211,214,224,221,Projection
5042,001072036,107,2036,27198,203,216,232,219,Projection
5043,001072037,107,2037,27388,190,217,240,212,Projection
5044,001072038,107,2038,27565,177,219,248,206,Projection
5045,001072039,107,2039,27728,163,221,255,197,Projection
5046,001072040,107,2040,27878,150,222,263,190,Projection
5047,001072041,107,2041,28011,134,224,269,179,Projection
5048,001072042,107,2042,28141,129,225,276,180,Projection
5049,001072043,107,2043,28256,116,225,281,172,Projection
5050,001072044,107,2044,28362,106,226,286,166,Projection
5051,001072045,107,2045,28459,98,225,291,163,Projection
5052,001072046,107,2046,28543,84,225,295,153,Projection
5053,001072047,107,2047,28616,73,224,298,147,Projection
5054,001072048,107,2048,28678,62,222,301,142,Projection
5055,001072049,107,2049,28730,52,220,303,135,Projection
5056,001072050,107,2050,28775,45,218,305,132,Projection
5057,001072051,107,2051,28817,42,215,305,132,Projection
5058,001072052,107,2052,28857,40,213,305,132,Projection
5059,001072053,107,2053,28894,37,211,305,132,Projection
5060,001072054,107,2054,28929,35,208,305,132,Projection
5061,001072055,107,2055,28963,34,207,305,132,Projection
5062,001072056,107,2056,28996,33,205,304,132,Projection
5063,001072057,107,2057,29028,32,204,303,132,Projection
5064,001072058,107,2058,29059,32,202,303,132,Projection
5065,001072059,107,2059,29091,32,202,302,132,Projection
5066,001072060,107,2060,29123,32,201,301,132,Projection
5067,001091970,109,1970,3833,3,82,36,-43,Estimate
5068,001091971,109,1971,3855,22,79,37,-20,Estimate
5069,001091972,109,1972,3938,83,75,34,42,Estimate
5070,001091973,109,1973,3936,-2,75,34,-43,Estimate
5071,001091974,109,1974,4076,140,68,36,108,Estimate
5072,001091975,109,1975,4098,22,71,30,-19,Estimate
5073,001091976,109,1976,4035,-63,92,27,-128,Estimate
5074,001091977,109,1977,4039,4,90,30,-56,Estimate
5075,001091978,109,1978,4231,192,81,32,143,Estimate
5076,001091979,109,1979,3952,-279,86,35,-330,Estimate
5077,001091980,109,1980,3969,17,96,38,-41,Estimate
5078,001091981,109,1981,4106,137,92,32,77,Estimate
5079,001091982,109,1982,4201,95,93,26,28,Estimate
5080,001091983,109,1983,4434,233,103,31,161,Estimate
5081,001091984,109,1984,4387,-47,92,32,-107,Estimate
5082,001091985,109,1985,4400,13,77,31,-33,Estimate
5083,001091986,109,1986,4598,198,77,38,159,Estimate
5084,001091987,109,1987,4785,187,84,36,139,Estimate
5085,001091988,109,1988,4663,-122,76,29,-169,Estimate
5086,001091989,109,1989,4639,-24,70,30,-64,Estimate
5087,001091990,109,1990,4642,3,81,32,-46,Estimate
5088,001091991,109,1991,4735,93,87,41,47,Estimate
5089,001091992,109,1992,4796,61,80,35,16,Estimate
5090,001091993,109,1993,4831,35,85,31,-19,Estimate
5091,001091994,109,1994,4943,112,79,31,64,Estimate
5092,001091995,109,1995,5273,330,62,39,307,Estimate
5093,001091996,109,1996,5426,153,85,31,99,Estimate
5094,001091997,109,1997,5492,66,80,37,23,Estimate
5095,001091998,109,1998,5564,72,86,46,32,Estimate
5096,001091999,109,1999,5772,208,84,43,167,Estimate
5097,001092000,109,2000,5982,210,85,51,176,Estimate
5098,001092001,109,2001,6083,101,73,47,75,Estimate
5099,001092002,109,2002,6245,162,96,53,119,Estimate
5100,001092003,109,2003,6279,34,97,40,-23,Estimate
5101,001092004,109,2004,6240,-39,84,35,-88,Estimate
5102,001092005,109,2005,6284,44,74,35,5,Estimate
5103,001092006,109,2006,6241,-43,99,38,-104,Estimate
5104,001092007,109,2007,6159,-82,80,38,-124,Estimate
5105,001092008,109,2008,6176,17,59,48,6,Estimate
5106,001092009,109,2009,6126,-50,73,47,-76,Estimate
5107,001092010,109,2010,6144,18,65,47,0,Estimate
5108,001092011,109,2011,6156,12,72,37,-23,Estimate
5109,001092012,109,2012,6158,2,76,29,-45,Estimate
5110,001092013,109,2013,6166,8,73,32,-33,Estimate
5111,001092014,109,2014,6175,9,55,46,0,Estimate
5112,001092015,109,2015,6183,8,78,60,-10,Estimate
5113,001092016,109,2016,6188,5,77,49,-23,Estimate
5114,001092017,109,2017,6214,26,66,47,7,Estimate
5115,001092018,109,2018,6276,62,77,55,40,Estimate
5116,001092019,109,2019,6360,84,44,48,88,Estimate
5117,001092020,109,2020,6391,31,41,48,38,Estimate
5118,001092021,109,2021,6509,118,62,69,125,Estimate
5119,001092022,109,2022,6623,114,71,87,130,Estimate
5120,001092023,109,2023,6683,60,59,75,76,Estimate
5121,001092024,109,2024,6682,-1,61,52,-10,Estimate
5122,001092025,109,2025,6666,-16,55,64,-7,Projection
5123,001092026,109,2026,6652,-14,54,65,-4,Projection
5124,001092027,109,2027,6675,23,54,67,36,Projection
5125,001092028,109,2028,6697,22,54,69,37,Projection
5126,001092029,109,2029,6717,20,54,71,38,Projection
5127,001092030,109,2030,6736,19,53,73,38,Projection
5128,001092031,109,2031,6754,17,53,75,39,Projection
5129,001092032,109,2032,6769,15,53,77,40,Projection
5130,001092033,109,2033,6783,14,53,79,41,Projection
5131,001092034,109,2034,6795,12,52,81,41,Projection
5132,001092035,109,2035,6805,11,52,83,42,Projection
5133,001092036,109,2036,6815,9,52,85,43,Projection
5134,001092037,109,2037,6822,8,52,87,43,Projection
5135,001092038,109,2038,6829,7,51,89,44,Projection
5136,001092039,109,2039,6835,6,51,90,45,Projection
5137,001092040,109,2040,6840,5,51,91,45,Projection
5138,001092041,109,2041,6845,4,51,93,46,Projection
5139,001092042,109,2042,6849,4,51,94,47,Projection
5140,001092043,109,2043,6852,3,50,95,48,Projection
5141,001092044,109,2044,6855,3,50,95,48,Projection
5142,001092045,109,2045,6858,3,49,96,49,Projection
5143,001092046,109,2046,6860,3,49,96,50,Projection
5144,001092047,109,2047,6863,3,49,96,50,Projection
5145,001092048,109,2048,6866,3,48,96,51,Projection
5146,001092049,109,2049,6869,3,48,96,52,Projection
5147,001092050,109,2050,6873,4,48,96,52,Projection
5148,001092051,109,2051,6878,4,47,96,53,Projection
5149,001092052,109,2052,6883,5,47,95,54,Projection
5150,001092053,109,2053,6889,6,47,95,54,Projection
5151,001092054,109,2054,6897,7,47,95,55,Projection
5152,001092055,109,2055,6905,8,46,94,56,Projection
5153,001092056,109,2056,6914,9,46,94,57,Projection
5154,001092057,109,2057,6924,10,46,93,57,Projection
5155,001092058,109,2058,6935,11,46,92,58,Projection
5156,001092059,109,2059,6947,12,46,92,59,Projection
5157,001092060,109,2060,6960,13,45,92,59,Projection
5158,001111970,111,1970,822,-3,24,6,-21,Estimate
5159,001111971,111,1971,788,-34,18,9,-43,Estimate
5160,001111972,111,1972,777,-11,22,10,-23,Estimate
5161,001111973,111,1973,892,115,24,8,99,Estimate
5162,001111974,111,1974,834,-58,18,6,-70,Estimate
5163,001111975,111,1975,841,7,20,5,-8,Estimate
5164,001111976,111,1976,852,11,26,5,-10,Estimate
5165,001111977,111,1977,886,34,25,8,17,Estimate
5166,001111978,111,1978,956,70,19,10,61,Estimate
5167,001111979,111,1979,850,-106,17,7,-116,Estimate
5168,001111980,111,1980,862,12,23,3,-8,Estimate
5169,001111981,111,1981,976,114,22,3,95,Estimate
5170,001111982,111,1982,1147,171,28,6,149,Estimate
5171,001111983,111,1983,1009,-138,31,7,-162,Estimate
5172,001111984,111,1984,916,-93,26,6,-113,Estimate
5173,001111985,111,1985,763,-153,26,5,-174,Estimate
5174,001111986,111,1986,754,-9,17,6,-20,Estimate
5175,001111987,111,1987,811,57,14,5,48,Estimate
5176,001111988,111,1988,747,-64,14,3,-75,Estimate
5177,001111989,111,1989,746,-1,9,3,-7,Estimate
5178,001111990,111,1990,750,4,12,4,-4,Estimate
5179,001111991,111,1991,703,-47,14,3,-58,Estimate
5180,001111992,111,1992,575,-128,9,3,-134,Estimate
5181,001111993,111,1993,541,-34,6,5,-35,Estimate
5182,001111994,111,1994,558,17,7,5,15,Estimate
5183,001111995,111,1995,581,23,10,6,19,Estimate
5184,001111996,111,1996,591,10,6,4,8,Estimate
5185,001111997,111,1997,572,-19,5,7,-17,Estimate
5186,001111998,111,1998,552,-20,5,3,-22,Estimate
5187,001111999,111,1999,552,0,8,5,-3,Estimate
5188,001112000,111,2000,574,22,3,3,22,Estimate
5189,001112001,111,2001,566,-8,5,3,-10,Estimate
5190,001112002,111,2002,599,33,5,1,29,Estimate
5191,001112003,111,2003,615,16,6,0,10,Estimate
5192,001112004,111,2004,635,20,6,3,17,Estimate
5193,001112005,111,2005,645,10,6,3,7,Estimate
5194,001112006,111,2006,672,27,9,2,20,Estimate
5195,001112007,111,2007,686,14,7,4,11,Estimate
5196,001112008,111,2008,698,12,5,2,9,Estimate
5197,001112009,111,2009,687,-11,3,3,-11,Estimate
5198,001112010,111,2010,709,22,3,3,22,Estimate
5199,001112011,111,2011,706,-3,8,8,-3,Estimate
5200,001112012,111,2012,703,-3,3,2,-4,Estimate
5201,001112013,111,2013,704,1,3,5,3,Estimate
5202,001112014,111,2014,700,-4,7,3,-8,Estimate
5203,001112015,111,2015,696,-4,6,6,-4,Estimate
5204,001112016,111,2016,697,1,5,3,-1,Estimate
5205,001112017,111,2017,700,3,6,5,2,Estimate
5206,001112018,111,2018,703,3,3,1,1,Estimate
5207,001112019,111,2019,705,2,3,0,-1,Estimate
5208,001112020,111,2020,711,6,2,6,10,Estimate
5209,001112021,111,2021,741,30,5,7,32,Estimate
5210,001112022,111,2022,800,59,4,8,63,Estimate
5211,001112023,111,2023,803,3,10,5,-2,Estimate
5212,001112024,111,2024,818,15,1,6,20,Estimate
5213,001112025,111,2025,840,22,7,5,20,Projection
5214,001112026,111,2026,861,22,7,5,20,Projection
5215,001112027,111,2027,862,1,7,5,-1,Projection
5216,001112028,111,2028,863,1,7,5,-1,Projection
5217,001112029,111,2029,863,0,7,5,-2,Projection
5218,001112030,111,2030,862,-1,7,6,-3,Projection
5219,001112031,111,2031,860,-1,7,6,-3,Projection
5220,001112032,111,2032,858,-2,7,6,-3,Projection
5221,001112033,111,2033,856,-3,7,6,-4,Projection
5222,001112034,111,2034,853,-2,7,6,-3,Projection
5223,001112035,111,2035,850,-3,6,6,-3,Projection
5224,001112036,111,2036,846,-4,6,6,-4,Projection
5225,001112037,111,2037,843,-3,6,6,-3,Projection
5226,001112038,111,2038,839,-4,5,6,-3,Projection
5227,001112039,111,2039,840,0,5,6,1,Projection
5228,001112040,111,2040,841,1,5,6,2,Projection
5229,001112041,111,2041,841,0,5,6,1,Projection
5230,001112042,111,2042,842,1,5,6,2,Projection
5231,001112043,111,2043,843,1,5,6,2,Projection
5232,001112044,111,2044,844,1,5,6,2,Projection
5233,001112045,111,2045,844,1,5,6,2,Projection
5234,001112046,111,2046,846,1,5,6,2,Projection
5235,001112047,111,2047,847,1,5,6,2,Projection
5236,001112048,111,2048,848,1,5,6,2,Projection
5237,001112049,111,2049,849,1,5,6,2,Projection
5238,001112050,111,2050,850,1,5,6,1,Projection
5239,001112051,111,2051,851,1,5,5,1,Projection
5240,001112052,111,2052,851,1,5,5,1,Projection
5241,001112053,111,2053,852,1,5,5,1,Projection
5242,001112054,111,2054,853,1,5,5,1,Projection
5243,001112055,111,2055,855,1,5,5,1,Projection
5244,001112056,111,2056,856,1,6,5,1,Projection
5245,001112057,111,2057,857,1,6,5,1,Projection
5246,001112058,111,2058,859,1,6,5,1,Projection
5247,001112059,111,2059,860,1,6,5,1,Projection
5248,001112060,111,2060,861,1,6,5,1,Projection
5249,001131970,113,1970,1973,23,40,18,1,Estimate
5250,001131971,113,1971,2070,97,36,20,81,Estimate
5251,001131972,113,1972,2032,-38,34,16,-56,Estimate
5252,001131973,113,1973,2276,244,38,20,226,Estimate
5253,001131974,113,1974,2449,173,41,20,152,Estimate
5254,001131975,113,1975,2430,-19,39,16,-42,Estimate
5255,001131976,113,1976,2684,254,44,18,228,Estimate
5256,001131977,113,1977,2760,76,48,18,46,Estimate
5257,001131978,113,1978,2890,130,45,13,98,Estimate
5258,001131979,113,1979,2862,-28,57,13,-72,Estimate
5259,001131980,113,1980,3187,325,62,12,275,Estimate
5260,001131981,113,1981,3168,-19,62,9,-72,Estimate
5261,001131982,113,1982,2999,-169,64,12,-221,Estimate
5262,001131983,113,1983,2914,-85,57,11,-131,Estimate
5263,001131984,113,1984,2969,55,54,13,14,Estimate
5264,001131985,113,1985,3189,220,59,11,172,Estimate
5265,001131986,113,1986,3374,185,58,9,136,Estimate
5266,001131987,113,1987,3463,89,50,10,49,Estimate
5267,001131988,113,1988,3557,94,55,11,50,Estimate
5268,001131989,113,1989,3612,55,53,11,13,Estimate
5269,001131990,113,1990,3726,114,50,10,74,Estimate
5270,001131991,113,1991,4124,398,53,10,355,Estimate
5271,001131992,113,1992,4563,439,49,11,401,Estimate
5272,001131993,113,1993,4869,306,51,19,274,Estimate
5273,001131994,113,1994,5308,439,48,8,399,Estimate
5274,001131995,113,1995,5489,181,63,11,129,Estimate
5275,001131996,113,1996,5798,309,64,15,260,Estimate
5276,001131997,113,1997,5952,154,53,14,115,Estimate
5277,001131998,113,1998,6452,500,74,10,436,Estimate
5278,001131999,113,1999,6531,79,56,10,33,Estimate
5279,001132000,113,2000,6614,83,67,13,29,Estimate
5280,001132001,113,2001,6900,286,65,15,236,Estimate
5281,001132002,113,2002,7042,142,84,13,71,Estimate
5282,001132003,113,2003,7010,-32,74,24,-82,Estimate
5283,001132004,113,2004,7027,17,78,15,-46,Estimate
5284,001132005,113,2005,7045,18,72,15,-39,Estimate
5285,001132006,113,2006,7059,14,105,21,-70,Estimate
5286,001132007,113,2007,7276,217,96,19,140,Estimate
5287,001132008,113,2008,7304,28,118,11,-79,Estimate
5288,001132009,113,2009,7267,-37,79,13,-103,Estimate
5289,001132010,113,2010,7356,89,65,20,44,Estimate
5290,001132011,113,2011,7486,130,76,18,72,Estimate
5291,001132012,113,2012,7576,90,72,31,49,Estimate
5292,001132013,113,2013,7615,39,68,25,-4,Estimate
5293,001132014,113,2014,7728,113,69,26,70,Estimate
5294,001132015,113,2015,7825,97,68,22,51,Estimate
5295,001132016,113,2016,8001,176,68,27,135,Estimate
5296,001132017,113,2017,8014,13,68,16,-39,Estimate
5297,001132018,113,2018,8154,140,49,13,104,Estimate
5298,001132019,113,2019,8123,-31,62,24,-69,Estimate
5299,001132020,113,2020,8056,-67,54,22,-99,Estimate
5300,001132021,113,2021,8080,24,53,27,-2,Estimate
5301,001132022,113,2022,8006,-74,50,43,-81,Estimate
5302,001132023,113,2023,7870,-136,47,33,-150,Estimate
5303,001132024,113,2024,7802,-68,45,36,-77,Estimate
5304,001132025,113,2025,7742,-60,64,29,-95,Projection
5305,001132026,113,2026,7687,-55,65,29,-91,Projection
5306,001132027,113,2027,7755,68,67,28,29,Projection
5307,001132028,113,2028,7833,78,69,28,38,Projection
5308,001132029,113,2029,7922,89,72,29,46,Projection
5309,001132030,113,2030,8022,100,74,29,55,Projection
5310,001132031,113,2031,8132,110,77,29,63,Projection
5311,001132032,113,2032,8256,123,79,30,74,Projection
5312,001132033,113,2033,8374,119,81,30,67,Projection
5313,001132034,113,2034,8488,114,84,31,62,Projection
5314,001132035,113,2035,8599,111,86,31,57,Projection
5315,001132036,113,2036,8707,108,87,32,52,Projection
5316,001132037,113,2037,8809,103,89,33,47,Projection
5317,001132038,113,2038,8907,97,90,33,41,Projection
5318,001132039,113,2039,8999,93,90,33,36,Projection
5319,001132040,113,2040,9087,87,90,34,31,Projection
5320,001132041,113,2041,9168,81,90,34,25,Projection
5321,001132042,113,2042,9246,78,90,35,23,Projection
5322,001132043,113,2043,9319,73,89,35,19,Projection
5323,001132044,113,2044,9389,70,88,36,17,Projection
5324,001132045,113,2045,9454,65,87,36,14,Projection
5325,001132046,113,2046,9515,62,86,37,12,Projection
5326,001132047,113,2047,9572,56,85,37,9,Projection
5327,001132048,113,2048,9624,52,83,37,6,Projection
5328,001132049,113,2049,9671,47,82,38,3,Projection
5329,001132050,113,2050,9715,44,81,38,1,Projection
5330,001132051,113,2051,9757,42,79,38,1,Projection
5331,001132052,113,2052,9798,41,78,39,1,Projection
5332,001132053,113,2053,9837,40,77,39,1,Projection
5333,001132054,113,2054,9876,38,76,39,1,Projection
5334,001132055,113,2055,9914,38,76,39,1,Projection
5335,001132056,113,2056,9951,38,76,39,1,Projection
5336,001132057,113,2057,9989,38,76,39,1,Projection
5337,001132058,113,2058,10027,38,76,39,1,Projection
5338,001132059,113,2059,10065,38,77,39,1,Projection
5339,001132060,113,2060,10104,39,77,39,1,Projection
5340,001151970,115,1970,3406,-144,45,41,-148,Estimate
5341,001151971,115,1971,3408,2,55,47,-6,Estimate
5342,001151972,115,1972,3354,-54,54,51,-57,Estimate
5343,001151973,115,1973,3310,-44,48,45,-47,Estimate
5344,001151974,115,1974,3298,-12,51,45,-18,Estimate
5345,001151975,115,1975,3374,76,56,41,61,Estimate
5346,001151976,115,1976,3348,-26,50,35,-41,Estimate
5347,001151977,115,1977,3324,-24,45,40,-29,Estimate
5348,001151978,115,1978,3375,51,56,39,34,Estimate
5349,001151979,115,1979,3413,38,53,39,24,Estimate
5350,001151980,115,1980,3256,-157,44,36,-165,Estimate
5351,001151981,115,1981,3217,-39,45,33,-51,Estimate
5352,001151982,115,1982,3201,-16,47,35,-28,Estimate
5353,001151983,115,1983,3159,-42,50,35,-57,Estimate
5354,001151984,115,1984,3195,36,48,37,25,Estimate
5355,001151985,115,1985,2991,-204,37,40,-201,Estimate
5356,001151986,115,1986,2825,-166,33,33,-166,Estimate
5357,001151987,115,1987,2793,-32,34,33,-33,Estimate
5358,001151988,115,1988,2794,1,33,34,2,Estimate
5359,001151989,115,1989,2734,-60,32,35,-57,Estimate
5360,001151990,115,1990,2674,-60,29,31,-58,Estimate
5361,001151991,115,1991,2668,-6,30,22,-14,Estimate
5362,001151992,115,1992,2633,-35,30,41,-24,Estimate
5363,001151993,115,1993,2650,17,19,34,32,Estimate
5364,001151994,115,1994,2660,10,31,47,26,Estimate
5365,001151995,115,1995,2652,-8,34,42,0,Estimate
5366,001151996,115,1996,2681,29,29,43,43,Estimate
5367,001151997,115,1997,2730,49,29,38,58,Estimate
5368,001151998,115,1998,2679,-51,35,47,-39,Estimate
5369,001151999,115,1999,2718,39,35,35,39,Estimate
5370,001152000,115,2000,2742,24,30,42,36,Estimate
5371,001152001,115,2001,2694,-48,33,37,-44,Estimate
5372,001152002,115,2002,2694,0,30,43,13,Estimate
5373,001152003,115,2003,2715,21,20,39,40,Estimate
5374,001152004,115,2004,2606,-109,31,44,-96,Estimate
5375,001152005,115,2005,2578,-28,35,49,-14,Estimate
5376,001152006,115,2006,2515,-63,21,34,-50,Estimate
5377,001152007,115,2007,2422,-93,14,34,-73,Estimate
5378,001152008,115,2008,2420,-2,27,33,4,Estimate
5379,001152009,115,2009,2376,-44,21,31,-34,Estimate
5380,001152010,115,2010,2367,-9,21,36,6,Estimate
5381,001152011,115,2011,2371,4,29,41,16,Estimate
5382,001152012,115,2012,2375,4,21,38,21,Estimate
5383,001152013,115,2013,2379,4,27,29,6,Estimate
5384,001152014,115,2014,2384,5,26,33,12,Estimate
5385,001152015,115,2015,2388,4,24,53,33,Estimate
5386,001152016,115,2016,2392,4,29,36,11,Estimate
5387,001152017,115,2017,2396,4,20,34,18,Estimate
5388,001152018,115,2018,2401,5,21,35,19,Estimate
5389,001152019,115,2019,2405,4,19,28,13,Estimate
5390,001152020,115,2020,2391,-14,18,39,7,Estimate
5391,001152021,115,2021,2332,-59,15,44,-30,Estimate
5392,001152022,115,2022,2297,-35,12,40,-7,Estimate
5393,001152023,115,2023,2320,23,17,39,45,Estimate
5394,001152024,115,2024,2278,-42,25,49,-18,Estimate
5395,001152025,115,2025,2250,-28,23,30,-21,Projection
5396,001152026,115,2026,2223,-27,22,29,-20,Projection
5397,001152027,115,2027,2215,-8,21,28,0,Projection
5398,001152028,115,2028,2208,-7,20,29,1,Projection
5399,001152029,115,2029,2204,-5,20,29,4,Projection
5400,001152030,115,2030,2196,-7,20,28,1,Projection
5401,001152031,115,2031,2188,-8,20,28,1,Projection
5402,001152032,115,2032,2186,-2,20,28,7,Projection
5403,001152033,115,2033,2179,-7,20,28,2,Projection
5404,001152034,115,2034,2172,-7,20,29,2,Projection
5405,001152035,115,2035,2168,-4,20,29,5,Projection
5406,001152036,115,2036,2162,-6,20,29,3,Projection
5407,001152037,115,2037,2160,-2,20,29,7,Projection
5408,001152038,115,2038,2158,-2,20,29,7,Projection
5409,001152039,115,2039,2151,-7,20,29,2,Projection
5410,001152040,115,2040,2150,-1,20,29,7,Projection
5411,001152041,115,2041,2148,-1,20,29,7,Projection
5412,001152042,115,2042,2147,-1,20,29,8,Projection
5413,001152043,115,2043,2146,-1,20,29,8,Projection
5414,001152044,115,2044,2146,0,20,28,8,Projection
5415,001152045,115,2045,2146,0,20,28,8,Projection
5416,001152046,115,2046,2146,-1,20,28,7,Projection
5417,001152047,115,2047,2145,0,20,28,8,Projection
5418,001152048,115,2048,2146,0,20,27,8,Projection
5419,001152049,115,2049,2146,0,20,27,7,Projection
5420,001152050,115,2050,2146,0,20,26,7,Projection
5421,001152051,115,2051,2147,1,20,26,7,Projection
5422,001152052,115,2052,2148,1,20,25,7,Projection
5423,001152053,115,2053,2150,2,20,25,7,Projection
5424,001152054,115,2054,2152,2,20,24,7,Projection
5425,001152055,115,2055,2155,3,20,24,7,Projection
5426,001152056,115,2056,2158,3,20,23,7,Projection
5427,001152057,115,2057,2161,3,20,23,7,Projection
5428,001152058,115,2058,2165,4,20,23,7,Projection
5429,001152059,115,2059,2169,4,20,22,7,Projection
5430,001152060,115,2060,2173,4,20,22,7,Projection
5431,001171970,117,1970,2794,564,47,14,531,Estimate
5432,001171971,117,1971,3308,514,62,14,466,Estimate
5433,001171972,117,1972,3982,674,67,12,619,Estimate
5434,001171973,117,1973,4838,856,73,14,797,Estimate
5435,001171974,117,1974,5555,717,70,16,663,Estimate
5436,001171975,117,1975,5870,315,79,14,250,Estimate
5437,001171976,117,1976,6476,606,96,16,526,Estimate
5438,001171977,117,1977,7232,756,107,21,670,Estimate
5439,001171978,117,1978,7989,757,118,24,663,Estimate
5440,001171979,117,1979,8563,574,126,18,466,Estimate
5441,001171980,117,1980,8926,363,156,15,222,Estimate
5442,001171981,117,1981,9234,308,187,24,145,Estimate
5443,001171982,117,1982,10017,783,207,28,604,Estimate
5444,001171983,117,1983,10310,293,220,22,95,Estimate
5445,001171984,117,1984,12025,1715,219,18,1514,Estimate
5446,001171985,117,1985,12865,840,229,22,633,Estimate
5447,001171986,117,1986,13274,409,240,21,190,Estimate
5448,001171987,117,1987,12406,-868,212,17,-1063,Estimate
5449,001171988,117,1988,12498,92,196,19,-85,Estimate
5450,001171989,117,1989,12718,220,200,21,41,Estimate
5451,001171990,117,1990,13059,341,202,15,154,Estimate
5452,001171991,117,1991,13469,410,209,13,214,Estimate
5453,001171992,117,1992,13845,376,202,31,205,Estimate
5454,001171993,117,1993,15189,1344,203,38,1179,Estimate
5455,001171994,117,1994,17107,1918,211,20,1727,Estimate
5456,001171995,117,1995,18274,1167,200,20,987,Estimate
5457,001171996,117,1996,19396,1122,194,36,964,Estimate
5458,001171997,117,1997,20352,956,241,39,754,Estimate
5459,001171998,117,1998,21285,933,216,30,747,Estimate
5460,001171999,117,1999,22568,1283,281,46,1048,Estimate
5461,001172000,117,2000,25708,3140,275,38,2903,Estimate
5462,001172001,117,2001,26293,585,329,44,300,Estimate
5463,001172002,117,2002,26514,221,364,41,-102,Estimate
5464,001172003,117,2003,26706,192,346,32,-122,Estimate
5465,001172004,117,2004,26707,1,353,46,-306,Estimate
5466,001172005,117,2005,26623,-84,339,46,-377,Estimate
5467,001172006,117,2006,26839,216,367,50,-101,Estimate
5468,001172007,117,2007,27163,324,345,42,21,Estimate
5469,001172008,117,2008,27464,301,366,49,-16,Estimate
5470,001172009,117,2009,27783,319,373,47,-7,Estimate
5471,001172010,117,2010,28073,290,287,51,54,Estimate
5472,001172011,117,2011,28087,14,308,54,-240,Estimate
5473,001172012,117,2012,28385,298,309,57,46,Estimate
5474,001172013,117,2013,28860,475,248,53,280,Estimate
5475,001172014,117,2014,29496,636,271,67,432,Estimate
5476,001172015,117,2015,30268,772,271,69,570,Estimate
5477,001172016,117,2016,30817,549,295,63,317,Estimate
5478,001172017,117,2017,31133,316,279,68,105,Estimate
5479,001172018,117,2018,31095,-38,275,71,-242,Estimate
5480,001172019,117,2019,31190,95,241,71,-75,Estimate
5481,001172020,117,2020,31238,48,263,84,-131,Estimate
5482,001172021,117,2021,31235,-3,251,71,-183,Estimate
5483,001172022,117,2022,30907,-328,252,91,-489,Estimate
5484,001172023,117,2023,30812,-95,242,86,-251,Estimate
5485,001172024,117,2024,30889,77,266,78,-111,Estimate
5486,001172025,117,2025,30781,-108,238,84,-262,Projection
5487,001172026,117,2026,30700,-81,237,83,-235,Projection
5488,001172027,117,2027,30898,198,237,84,45,Projection
5489,001172028,117,2028,31093,195,238,86,42,Projection
5490,001172029,117,2029,31268,176,239,88,24,Projection
5491,001172030,117,2030,31446,177,241,90,27,Projection
5492,001172031,117,2031,31630,184,242,92,34,Projection
5493,001172032,117,2032,31812,182,244,94,32,Projection
5494,001172033,117,2033,31987,175,246,97,26,Projection
5495,001172034,117,2034,32157,170,248,99,21,Projection
5496,001172035,117,2035,32321,164,251,101,14,Projection
5497,001172036,117,2036,32479,158,253,103,7,Projection
5498,001172037,117,2037,32650,171,256,105,20,Projection
5499,001172038,117,2038,32815,165,259,107,13,Projection
5500,001172039,117,2039,32972,157,261,110,5,Projection
5501,001172040,117,2040,33118,146,263,112,-5,Projection
5502,001172041,117,2041,33258,140,265,114,-11,Projection
5503,001172042,117,2042,33394,136,265,115,-15,Projection
5504,001172043,117,2043,33529,135,266,117,-14,Projection
5505,001172044,117,2044,33657,128,265,118,-19,Projection
5506,001172045,117,2045,33782,126,265,120,-19,Projection
5507,001172046,117,2046,33903,120,264,121,-22,Projection
5508,001172047,117,2047,34018,115,263,122,-26,Projection
5509,001172048,117,2048,34133,115,262,123,-24,Projection
5510,001172049,117,2049,34244,111,261,125,-26,Projection
5511,001172050,117,2050,34348,104,260,125,-31,Projection
5512,001172051,117,2051,34451,103,259,125,-31,Projection
5513,001172052,117,2052,34553,102,258,125,-31,Projection
5514,001172053,117,2053,34653,100,258,127,-31,Projection
5515,001172054,117,2054,34752,99,257,127,-31,Projection
5516,001172055,117,2055,34850,98,256,127,-31,Projection
5517,001172056,117,2056,34948,98,256,127,-31,Projection
5518,001172057,117,2057,35046,98,256,127,-31,Projection
5519,001172058,117,2058,35143,97,256,128,-31,Projection
5520,001172059,117,2059,35240,97,256,128,-31,Projection
5521,001172060,117,2060,35338,98,256,128,-31,Projection
5522,001191970,119,1970,3392,122,61,27,88,Estimate
5523,001191971,119,1971,3696,304,64,29,269,Estimate
5524,001191972,119,1972,4513,817,61,32,788,Estimate
5525,001191973,119,1973,5053,540,69,31,502,Estimate
5526,001191974,119,1974,5434,381,85,30,326,Estimate
5527,001191975,119,1975,5779,345,91,33,287,Estimate
5528,001191976,119,1976,6058,279,80,38,237,Estimate
5529,001191977,119,1977,6405,347,80,38,305,Estimate
5530,001191978,119,1978,6995,590,92,39,537,Estimate
5531,001191979,119,1979,7888,893,116,40,817,Estimate
5532,001191980,119,1980,8155,267,140,46,173,Estimate
5533,001191981,119,1981,8635,480,153,46,373,Estimate
5534,001191982,119,1982,9314,679,162,47,564,Estimate
5535,001191983,119,1983,10172,858,160,51,749,Estimate
5536,001191984,119,1984,10864,692,169,56,579,Estimate
5537,001191985,119,1985,11305,441,190,62,313,Estimate
5538,001191986,119,1986,11800,495,206,60,349,Estimate
5539,001191987,119,1987,12458,658,200,58,516,Estimate
5540,001191988,119,1988,12477,19,185,55,-111,Estimate
5541,001191989,119,1989,12474,-3,185,53,-135,Estimate
5542,001191990,119,1990,12535,61,188,57,-70,Estimate
5543,001191991,119,1991,12717,182,194,73,61,Estimate
5544,001191992,119,1992,13673,956,155,65,866,Estimate
5545,001191993,119,1993,14734,1061,143,66,984,Estimate
5546,001191994,119,1994,15786,1052,185,73,940,Estimate
5547,001191995,119,1995,16979,1193,214,78,1057,Estimate
5548,001191996,119,1996,18134,1155,220,93,1028,Estimate
5549,001191997,119,1997,19069,935,236,65,764,Estimate
5550,001191998,119,1998,19671,602,203,82,481,Estimate
5551,001191999,119,1999,20184,513,218,73,368,Estimate
5552,001192000,119,2000,21067,883,214,96,765,Estimate
5553,001192001,119,2001,21738,671,211,83,543,Estimate
5554,001192002,119,2002,21989,251,249,96,98,Estimate
5555,001192003,119,2003,22218,229,232,93,90,Estimate
5556,001192004,119,2004,22218,0,219,95,-124,Estimate
5557,001192005,119,2005,22505,287,205,104,186,Estimate
5558,001192006,119,2006,22791,286,206,120,200,Estimate
5559,001192007,119,2007,23164,373,234,98,237,Estimate
5560,001192008,119,2008,23102,-62,195,121,-136,Estimate
5561,001192009,119,2009,23205,103,183,124,44,Estimate
5562,001192010,119,2010,23441,236,202,151,185,Estimate
5563,001192011,119,2011,23268,-173,222,134,-261,Estimate
5564,001192012,119,2012,23270,2,154,144,-8,Estimate
5565,001192013,119,2013,23110,-160,165,125,-200,Estimate
5566,001192014,119,2014,23121,11,195,174,-10,Estimate
5567,001192015,119,2015,23006,-115,192,181,-126,Estimate
5568,001192016,119,2016,23607,601,191,174,584,Estimate
5569,001192017,119,2017,24153,546,181,144,509,Estimate
5570,001192018,119,2018,24523,370,170,172,372,Estimate
5571,001192019,119,2019,24679,156,154,190,192,Estimate
5572,001192020,119,2020,24747,68,195,185,58,Estimate
5573,001192021,119,2021,24954,207,167,239,279,Estimate
5574,001192022,119,2022,24859,-95,178,274,1,Estimate
5575,001192023,119,2023,24704,-155,180,219,-116,Estimate
5576,001192024,119,2024,24823,119,177,227,169,Estimate
5577,001192025,119,2025,24826,3,175,243,72,Projection
5578,001192026,119,2026,24824,-3,175,250,72,Projection
5579,001192027,119,2027,24852,28,177,259,110,Projection
5580,001192028,119,2028,24855,4,176,268,96,Projection
5581,001192029,119,2029,24871,15,176,278,117,Projection
5582,001192030,119,2030,24897,26,175,287,138,Projection
5583,001192031,119,2031,24940,43,175,297,165,Projection
5584,001192032,119,2032,24998,58,173,306,192,Projection
5585,001192033,119,2033,25052,53,171,316,197,Projection
5586,001192034,119,2034,25100,48,170,325,203,Projection
5587,001192035,119,2035,25145,45,168,334,211,Projection
5588,001192036,119,2036,25184,39,167,343,215,Projection
5589,001192037,119,2037,25208,24,166,352,210,Projection
5590,001192038,119,2038,25229,21,164,360,217,Projection
5591,001192039,119,2039,25249,19,163,367,223,Projection
5592,001192040,119,2040,25266,18,162,374,229,Projection
5593,001192041,119,2041,25283,17,162,380,235,Projection
5594,001192042,119,2042,25312,29,161,385,253,Projection
5595,001192043,119,2043,25343,31,161,390,260,Projection
5596,001192044,119,2044,25380,37,161,395,271,Projection
5597,001192045,119,2045,25423,44,161,399,282,Projection
5598,001192046,119,2046,25472,49,161,402,290,Projection
5599,001192047,119,2047,25538,65,161,405,309,Projection
5600,001192048,119,2048,25611,73,162,408,319,Projection
5601,001192049,119,2049,25695,84,162,410,331,Projection
5602,001192050,119,2050,25779,85,163,411,333,Projection
5603,001192051,119,2051,25863,84,163,413,333,Projection
5604,001192052,119,2052,25947,84,164,413,333,Projection
5605,001192053,119,2053,26032,85,165,413,333,Projection
5606,001192054,119,2054,26118,86,165,412,333,Projection
5607,001192055,119,2055,26205,87,165,412,333,Projection
5608,001192056,119,2056,26292,88,166,411,333,Projection
5609,001192057,119,2057,26382,89,166,410,333,Projection
5610,001192058,119,2058,26472,91,167,409,333,Projection
5611,001192059,119,2059,26565,92,167,408,333,Projection
5612,001192060,119,2060,26659,94,167,406,333,Projection
5613,001211970,121,1970,5520,-160,70,51,-179,Estimate
5614,001211971,121,1971,5401,-119,71,49,-141,Estimate
5615,001211972,121,1972,5431,30,65,54,19,Estimate
5616,001211973,121,1973,5171,-260,58,68,-250,Estimate
5617,001211974,121,1974,5163,-8,62,63,-7,Estimate
5618,001211975,121,1975,5135,-28,71,57,-42,Estimate
5619,001211976,121,1976,5207,72,72,56,56,Estimate
5620,001211977,121,1977,4975,-232,72,54,-250,Estimate
5621,001211978,121,1978,4835,-140,80,49,-171,Estimate
5622,001211979,121,1979,4871,36,80,55,11,Estimate
5623,001211980,121,1980,5287,416,80,66,402,Estimate
5624,001211981,121,1981,5217,-70,81,64,-87,Estimate
5625,001211982,121,1982,5392,175,89,58,144,Estimate
5626,001211983,121,1983,5570,178,102,54,130,Estimate
5627,001211984,121,1984,5531,-39,96,58,-77,Estimate
5628,001211985,121,1985,5396,-135,80,60,-155,Estimate
5629,001211986,121,1986,5194,-202,73,57,-218,Estimate
5630,001211987,121,1987,5187,-7,76,53,-30,Estimate
5631,001211988,121,1988,5142,-45,64,50,-59,Estimate
5632,001211989,121,1989,4951,-191,53,44,-200,Estimate
5633,001211990,121,1990,4768,-183,56,49,-190,Estimate
5634,001211991,121,1991,4784,16,45,69,40,Estimate
5635,001211992,121,1992,4892,108,63,52,97,Estimate
5636,001211993,121,1993,5139,247,56,52,243,Estimate
5637,001211994,121,1994,5220,81,60,52,73,Estimate
5638,001211995,121,1995,5236,16,70,55,1,Estimate
5639,001211996,121,1996,5224,-12,49,58,-3,Estimate
5640,001211997,121,1997,5214,-10,61,52,-19,Estimate
5641,001211998,121,1998,5155,-59,45,59,-45,Estimate
5642,001211999,121,1999,5022,-133,65,62,-136,Estimate
5643,001212000,121,2000,4942,-80,46,53,-73,Estimate
5644,001212001,121,2001,4899,-43,48,43,-48,Estimate
5645,001212002,121,2002,5259,360,40,65,385,Estimate
5646,001212003,121,2003,5140,-119,57,49,-127,Estimate
5647,001212004,121,2004,5060,-80,38,57,-61,Estimate
5648,001212005,121,2005,4995,-65,45,47,-63,Estimate
5649,001212006,121,2006,4981,-14,45,57,-2,Estimate
5650,001212007,121,2007,4927,-54,42,38,-58,Estimate
5651,001212008,121,2008,4802,-125,43,53,-115,Estimate
5652,001212009,121,2009,4777,-25,44,44,-25,Estimate
5653,001212010,121,2010,4815,38,54,41,25,Estimate
5654,001212011,121,2011,4608,-207,40,53,-194,Estimate
5655,001212012,121,2012,4560,-48,40,50,-38,Estimate
5656,001212013,121,2013,4614,54,35,42,61,Estimate
5657,001212014,121,2014,4617,3,47,51,7,Estimate
5658,001212015,121,2015,4682,65,47,50,68,Estimate
5659,001212016,121,2016,4745,63,57,66,72,Estimate
5660,001212017,121,2017,4845,100,45,39,94,Estimate
5661,001212018,121,2018,4812,-33,58,58,-33,Estimate
5662,001212019,121,2019,4826,14,46,46,14,Estimate
5663,001212020,121,2020,4813,-13,43,65,9,Estimate
5664,001212021,121,2021,4871,58,50,68,76,Estimate
5665,001212022,121,2022,4840,-31,49,77,-3,Estimate
5666,001212023,121,2023,4851,11,44,60,27,Estimate
5667,001212024,121,2024,4773,-78,60,53,-85,Estimate
5668,001212025,121,2025,4677,-96,45,44,-98,Projection
5669,001212026,121,2026,4579,-97,42,43,-97,Projection
5670,001212027,121,2027,4579,0,40,42,2,Projection
5671,001212028,121,2028,4580,1,39,42,4,Projection
5672,001212029,121,2029,4581,1,38,42,4,Projection
5673,001212030,121,2030,4581,0,38,42,5,Projection
5674,001212031,121,2031,4582,1,38,42,6,Projection
5675,001212032,121,2032,4575,-8,37,42,-2,Projection
5676,001212033,121,2033,4558,-16,37,43,-10,Projection
5677,001212034,121,2034,4536,-23,36,43,-16,Projection
5678,001212035,121,2035,4511,-25,36,43,-17,Projection
5679,001212036,121,2036,4486,-25,36,43,-17,Projection
5680,001212037,121,2037,4458,-27,36,44,-19,Projection
5681,001212038,121,2038,4429,-29,35,44,-21,Projection
5682,001212039,121,2039,4399,-30,36,44,-22,Projection
5683,001212040,121,2040,4368,-32,36,44,-23,Projection
5684,001212041,121,2041,4336,-32,36,44,-23,Projection
5685,001212042,121,2042,4303,-33,36,44,-25,Projection
5686,001212043,121,2043,4270,-33,36,44,-25,Projection
5687,001212044,121,2044,4236,-34,35,44,-25,Projection
5688,001212045,121,2045,4203,-33,35,44,-25,Projection
5689,001212046,121,2046,4169,-34,35,44,-25,Projection
5690,001212047,121,2047,4134,-35,34,44,-26,Projection
5691,001212048,121,2048,4098,-36,34,43,-26,Projection
5692,001212049,121,2049,4063,-36,33,43,-26,Projection
5693,001212050,121,2050,4026,-36,33,43,-26,Projection
5694,001212051,121,2051,3989,-37,32,43,-26,Projection
5695,001212052,121,2052,3953,-37,31,42,-26,Projection
5696,001212053,121,2053,3916,-37,31,42,-26,Projection
5697,001212054,121,2054,3878,-37,30,41,-26,Projection
5698,001212055,121,2055,3841,-38,29,41,-26,Projection
5699,001212056,121,2056,3803,-38,28,40,-26,Projection
5700,001212057,121,2057,3764,-38,27,40,-26,Projection
5701,001212058,121,2058,3726,-39,27,39,-26,Projection
5702,001212059,121,2059,3687,-39,26,39,-26,Projection
5703,001212060,121,2060,3647,-39,25,38,-26,Projection
5704,001231970,123,1970,90033,2833,1578,668,1923,Estimate
5705,001231971,123,1971,92978,2945,1624,669,1990,Estimate
5706,001231972,123,1972,98492,5514,1631,689,4572,Estimate
5707,001231973,123,1973,104037,5545,1674,735,4606,Estimate
5708,001231974,123,1974,108024,3987,1680,719,3026,Estimate
5709,001231975,123,1975,108841,817,1730,666,-247,Estimate
5710,001231976,123,1976,109989,1148,1852,696,-8,Estimate
5711,001231977,123,1977,111944,1955,1853,699,801,Estimate
5712,001231978,123,1978,114905,2961,1848,693,1806,Estimate
5713,001231979,123,1979,120243,5338,1968,732,4102,Estimate
5714,001231980,123,1980,123564,3321,2124,762,1959,Estimate
5715,001231981,123,1981,124027,463,2219,783,-973,Estimate
5716,001231982,123,1982,124358,331,2293,774,-1188,Estimate
5717,001231983,123,1983,127334,2976,2312,752,1416,Estimate
5718,001231984,123,1984,128969,1635,2298,792,129,Estimate
5719,001231985,123,1985,130400,1431,2291,839,-21,Estimate
5720,001231986,123,1986,129749,-651,2211,835,-2027,Estimate
5721,001231987,123,1987,131028,1279,2151,857,-15,Estimate
5722,001231988,123,1988,131880,852,2132,840,-440,Estimate
5723,001231989,123,1989,131867,-13,2142,824,-1331,Estimate
5724,001231990,123,1990,131981,114,2183,842,-1227,Estimate
5725,001231991,123,1991,135739,3758,2270,834,2322,Estimate
5726,001231992,123,1992,140128,4389,2298,899,2990,Estimate
5727,001231993,123,1993,145779,5651,2322,955,4284,Estimate
5728,001231994,123,1994,151375,5596,2326,945,4215,Estimate
5729,001231995,123,1995,157174,5799,2224,926,4501,Estimate
5730,001231996,123,1996,161805,4631,2309,1067,3389,Estimate
5731,001231997,123,1997,166839,5034,2487,1005,3552,Estimate
5732,001231998,123,1998,172393,5554,2599,1062,4017,Estimate
5733,001231999,123,1999,177267,4874,2841,1096,3129,Estimate
5734,001232000,123,2000,183074,5807,2998,1053,3862,Estimate
5735,001232001,123,2001,192482,9408,3245,1210,7373,Estimate
5736,001232002,123,2002,198975,6493,3447,1178,4224,Estimate
5737,001232003,123,2003,207157,8182,3651,1224,5755,Estimate
5738,001232004,123,2004,214069,6912,3895,1217,4234,Estimate
5739,001232005,123,2005,223432,9363,3849,1263,6777,Estimate
5740,001232006,123,2006,231283,7851,4001,1259,5109,Estimate
5741,001232007,123,2007,238279,6996,4101,1314,4209,Estimate
5742,001232008,123,2008,244116,5837,4013,1294,3118,Estimate
5743,001232009,123,2009,248959,4843,3923,1314,2234,Estimate
5744,001232010,123,2010,254230,5271,3799,1352,2824,Estimate
5745,001232011,123,2011,258702,4472,3751,1435,2156,Estimate
5746,001232012,123,2012,263850,5148,3795,1456,2809,Estimate
5747,001232013,123,2013,269770,5920,3815,1566,3671,Estimate
5748,001232014,123,2014,275994,6224,3961,1611,3874,Estimate
5749,001232015,123,2015,284855,8861,4083,1732,6510,Estimate
5750,001232016,123,2016,294513,9658,4256,1751,7153,Estimate
5751,001232017,123,2017,304595,10082,4309,1832,7605,Estimate
5752,001232018,123,2018,313219,8624,4271,1880,6233,Estimate
5753,001232019,123,2019,322333,9114,4243,1870,6741,Estimate
5754,001232020,123,2020,331459,9126,4431,2028,6723,Estimate
5755,001232021,123,2021,339934,8475,4433,2270,6312,Estimate
5756,001232022,123,2022,350563,10629,4605,2599,8623,Estimate
5757,001232023,123,2023,360272,9709,4859,2309,7159,Estimate
5758,001232024,123,2024,369880,9608,4878,2314,7044,Estimate
5759,001232025,123,2025,378531,8651,5001,2358,6008,Projection
5760,001232026,123,2026,387269,8737,5074,2423,6087,Projection
5761,001232027,123,2027,392737,5468,5156,2508,2820,Projection
5762,001232028,123,2028,398149,5413,5145,2587,2854,Projection
5763,001232029,123,2029,404099,5950,5135,2667,3482,Projection
5764,001232030,123,2030,410593,6494,5142,2751,4103,Projection
5765,001232031,123,2031,417819,7226,5157,2838,4907,Projection
5766,001232032,123,2032,425336,7517,5165,2929,5281,Projection
5767,001232033,123,2033,432710,7374,5184,3023,5212,Projection
5768,001232034,123,2034,440033,7323,5205,3118,5236,Projection
5769,001232035,123,2035,447224,7191,5224,3215,5182,Projection
5770,001232036,123,2036,454292,7068,5242,3313,5139,Projection
5771,001232037,123,2037,461236,6943,5258,3410,5096,Projection
5772,001232038,123,2038,468037,6801,5272,3508,5037,Projection
5773,001232039,123,2039,474711,6675,5284,3605,4997,Projection
5774,001232040,123,2040,481250,6539,5294,3702,4947,Projection
5775,001232041,123,2041,487653,6403,5302,3797,4898,Projection
5776,001232042,123,2042,494215,6562,5314,3889,5137,Projection
5777,001232043,123,2043,500662,6446,5329,3982,5099,Projection
5778,001232044,123,2044,507110,6449,5342,4072,5179,Projection
5779,001232045,123,2045,513561,6451,5355,4160,5257,Projection
5780,001232046,123,2046,519967,6405,5366,4244,5283,Projection
5781,001232047,123,2047,526379,6412,5376,4327,5364,Projection
5782,001232048,123,2048,532793,6414,5384,4411,5442,Projection
5783,001232049,123,2049,539264,6472,5391,4490,5571,Projection
5784,001232050,123,2050,545632,6368,5399,4565,5534,Projection
5785,001232051,123,2051,551932,6300,5404,4638,5534,Projection
5786,001232052,123,2052,558177,6245,5420,4710,5534,Projection
5787,001232053,123,2053,564365,6188,5436,4782,5534,Projection
5788,001232054,123,2054,570497,6132,5450,4852,5534,Projection
5789,001232055,123,2055,576570,6073,5462,4923,5534,Projection
5790,001232056,123,2056,582582,6013,5473,4994,5534,Projection
5791,001232057,123,2057,588531,5949,5481,5066,5534,Projection
5792,001232058,123,2058,594411,5880,5486,5140,5534,Projection
5793,001232059,123,2059,600221,5810,5490,5214,5534,Projection
5794,001232060,123,2060,605956,5735,5491,5290,5534,Projection
5795,001251970,125,1970,8501,-249,119,112,-256,Estimate
5796,001251971,125,1971,8327,-174,120,107,-187,Estimate
5797,001251972,125,1972,8279,-48,120,103,-65,Estimate
5798,001251973,125,1973,8308,29,125,95,-1,Estimate
5799,001251974,125,1974,8451,143,135,99,107,Estimate
5800,001251975,125,1975,8750,299,143,109,265,Estimate
5801,001251976,125,1976,8856,106,146,114,74,Estimate
5802,001251977,125,1977,9196,340,155,114,299,Estimate
5803,001251978,125,1978,9157,-39,170,117,-92,Estimate
5804,001251979,125,1979,9619,462,179,109,392,Estimate
5805,001251980,125,1980,9697,78,177,92,-7,Estimate
5806,001251981,125,1981,9753,56,173,101,-16,Estimate
5807,001251982,125,1982,9899,146,174,115,87,Estimate
5808,001251983,125,1983,10033,134,184,104,54,Estimate
5809,001251984,125,1984,9935,-98,180,106,-172,Estimate
5810,001251985,125,1985,9853,-82,154,104,-132,Estimate
5811,001251986,125,1986,9583,-270,145,100,-315,Estimate
5812,001251987,125,1987,9434,-149,135,102,-182,Estimate
5813,001251988,125,1988,9564,130,118,108,120,Estimate
5814,001251989,125,1989,9211,-353,102,107,-348,Estimate
5815,001251990,125,1990,8925,-286,116,96,-306,Estimate
5816,001251991,125,1991,9007,82,128,91,45,Estimate
5817,001251992,125,1992,9008,1,113,93,-19,Estimate
5818,001251993,125,1993,9172,164,107,96,153,Estimate
5819,001251994,125,1994,9278,106,98,83,91,Estimate
5820,001251995,125,1995,9446,168,95,105,178,Estimate
5821,001251996,125,1996,9521,75,108,106,73,Estimate
5822,001251997,125,1997,9655,134,128,114,120,Estimate
5823,001251998,125,1998,9806,151,139,103,115,Estimate
5824,001251999,125,1999,9818,12,141,99,-30,Estimate
5825,001252000,125,2000,9815,-3,92,91,-4,Estimate
5826,001252001,125,2001,9831,16,144,114,-14,Estimate
5827,001252002,125,2002,9947,116,119,115,112,Estimate
5828,001252003,125,2003,10093,146,163,107,90,Estimate
5829,001252004,125,2004,9885,-208,140,104,-244,Estimate
5830,001252005,125,2005,9892,7,142,105,-30,Estimate
5831,001252006,125,2006,9917,25,153,112,-16,Estimate
5832,001252007,125,2007,9881,-36,148,89,-95,Estimate
5833,001252008,125,2008,9895,14,159,121,-24,Estimate
5834,001252009,125,2009,10036,141,166,90,65,Estimate
5835,001252010,125,2010,10032,-4,128,92,-40,Estimate
5836,001252011,125,2011,10111,79,155,118,42,Estimate
5837,001252012,125,2012,10078,-33,157,112,-78,Estimate
5838,001252013,125,2013,10143,65,140,92,17,Estimate
5839,001252014,125,2014,10188,45,142,78,-19,Estimate
5840,001252015,125,2015,10039,-149,142,97,-194,Estimate
5841,001252016,125,2016,10056,17,145,100,-28,Estimate
5842,001252017,125,2017,9973,-83,145,115,-113,Estimate
5843,001252018,125,2018,9955,-18,134,99,-53,Estimate
5844,001252019,125,2019,10009,54,148,93,-1,Estimate
5845,001252020,125,2020,9978,-31,116,97,-50,Estimate
5846,001252021,125,2021,9932,-46,134,126,-54,Estimate
5847,001252022,125,2022,9976,44,140,95,-1,Estimate
5848,001252023,125,2023,9985,9,121,92,-20,Estimate
5849,001252024,125,2024,10026,41,128,119,32,Estimate
5850,001252025,125,2025,9906,-120,130,101,-149,Projection
5851,001252026,125,2026,9788,-118,125,99,-143,Projection
5852,001252027,125,2027,9817,28,120,98,7,Projection
5853,001252028,125,2028,9847,31,118,98,11,Projection
5854,001252029,125,2029,9851,3,115,98,-14,Projection
5855,001252030,125,2030,9852,1,114,98,-14,Projection
5856,001252031,125,2031,9847,-5,113,99,-20,Projection
5857,001252032,125,2032,9839,-7,112,99,-20,Projection
5858,001252033,125,2033,9835,-5,111,99,-17,Projection
5859,001252034,125,2034,9832,-2,111,99,-14,Projection
5860,001252035,125,2035,9832,0,111,100,-12,Projection
5861,001252036,125,2036,9830,-3,112,100,-14,Projection
5862,001252037,125,2037,9834,5,113,100,-7,Projection
5863,001252038,125,2038,9830,-4,113,101,-17,Projection
5864,001252039,125,2039,9833,3,114,101,-10,Projection
5865,001252040,125,2040,9828,-5,115,101,-18,Projection
5866,001252041,125,2041,9822,-6,115,102,-20,Projection
5867,001252042,125,2042,9812,-10,116,102,-25,Projection
5868,001252043,125,2043,9799,-13,116,102,-27,Projection
5869,001252044,125,2044,9782,-17,116,102,-32,Projection
5870,001252045,125,2045,9761,-21,116,102,-35,Projection
5871,001252046,125,2046,9737,-23,115,102,-37,Projection
5872,001252047,125,2047,9709,-28,114,101,-41,Projection
5873,001252048,125,2048,9678,-32,113,101,-44,Projection
5874,001252049,125,2049,9643,-35,112,101,-46,Projection
5875,001252050,125,2050,9605,-37,110,101,-47,Projection
5876,001252051,125,2051,9567,-39,108,100,-47,Projection
5877,001252052,125,2052,9527,-39,107,100,-47,Projection
5878,001252053,125,2053,9487,-40,106,99,-47,Projection
5879,001252054,125,2054,9445,-41,104,99,-47,Projection
5880,001252055,125,2055,9403,-42,103,98,-47,Projection
5881,001252056,125,2056,9359,-44,102,98,-47,Projection
5882,001252057,125,2057,9314,-45,100,98,-47,Projection
5883,001252058,125,2058,9269,-46,99,98,-47,Projection
5884,001252059,125,2059,9222,-47,98,98,-47,Projection
5885,001252060,125,2060,9174,-48,97,98,-47,Projection
