Vintage 2024 Prepared October 2025,,,,,,,,,,,,,,
id,countyfips,placefips,municipalityname,year,totalpopulation,householdpopulation,groupquarterspopulation,householdsize,totalhousingunits,occupiedhousingunits,vacanthousingunits,vacancyrate,hpthuratio,countyplace
1,71,760,Aguilar,2010,534,534,0,2.49,269,214,55,20.34,1.99,7100760
2,71,760,Aguilar,2011,517,517,0,2.29,269,225,44,16.18,1.92,7100760
3,71,760,Aguilar,2012,509,509,0,2.28,269,223,46,16.92,1.89,7100760
4,71,760,Aguilar,2013,498,498,0,2.26,269,221,48,18.02,1.85,7100760
5,71,760,Aguilar,2014,492,492,0,2.24,269,219,50,18.46,1.83,7100760
6,71,760,Aguilar,2015,487,487,0,2.22,269,219,50,18.65,1.81,7100760
7,71,760,Aguilar,2016,482,482,0,2.21,269,218,51,18.82,1.79,7100760
8,71,760,Aguilar,2017,477,477,0,2.19,269,218,51,19.03,1.77,7100760
9,71,760,Aguilar,2018,471,471,0,2.17,269,217,52,19.33,1.75,7100760
10,71,760,Aguilar,2019,465,465,0,2.15,269,216,53,19.7,1.73,7100760
11,71,760,Aguilar,2020,457,457,0,2.14,269,214,55,20.45,1.7,7100760
12,71,760,Aguilar,2021,458,458,0,2.14,269,214,55,20.45,1.7,7100760
13,71,760,Aguilar,2022,455,455,0,2.13,269,214,55,20.45,1.69,7100760
14,71,760,Aguilar,2023,454,454,0,2.12,269,214,55,20.45,1.69,7100760
15,71,760,Aguilar,2024,450,450,0,2.1,269,214,55,20.45,1.67,7100760
16,121,925,Akron,2010,1651,1467,184,2.22,815,660,155,18.98,1.8,12100925
17,121,925,Akron,2011,1688,1569,119,2.17,816,725,91,11.2,1.92,12100925
18,121,925,Akron,2012,1627,1573,54,2.18,817,723,94,11.54,1.93,12100925
19,121,925,Akron,2013,1670,1577,93,2.19,817,721,96,11.78,1.93,12100925
20,121,925,Akron,2014,1660,1579,80,2.2,817,718,99,12.09,1.93,12100925
21,121,925,Akron,2015,1711,1583,127,2.21,819,716,103,12.52,1.93,12100925
22,121,925,Akron,2016,1755,1584,171,2.22,820,713,107,13.02,1.93,12100925
23,121,925,Akron,2017,1836,1584,252,2.23,821,710,111,13.55,1.93,12100925
24,121,925,Akron,2018,1788,1587,200,2.24,823,707,116,14.04,1.93,12100925
25,121,925,Akron,2019,1776,1585,191,2.25,825,703,122,14.79,1.92,12100925
26,121,925,Akron,2020,1752,1586,166,2.26,828,701,127,15.34,1.92,12100925
27,121,925,Akron,2021,1766,1601,165,2.28,829,702,127,15.32,1.93,12100925
28,121,925,Akron,2022,1755,1591,164,2.27,829,702,127,15.32,1.92,12100925
29,121,925,Akron,2023,1759,1594,165,2.27,830,703,127,15.3,1.92,12100925
30,121,925,Akron,2024,1731,1568,163,2.22,833,705,128,15.37,1.88,12100925
31,3,1090,Alamosa,2010,8796,8124,672,2.37,3675,3433,242,6.59,2.21,301090
32,3,1090,Alamosa,2011,8866,8194,672,2.36,3713,3469,244,6.57,2.21,301090
33,3,1090,Alamosa,2012,8947,8275,672,2.36,3769,3509,260,6.89,2.2,301090
34,3,1090,Alamosa,2013,9049,8377,672,2.35,3832,3559,273,7.12,2.19,301090
35,3,1090,Alamosa,2014,9169,8372,797,2.35,3871,3564,307,7.93,2.16,301090
36,3,1090,Alamosa,2015,9259,8462,797,2.34,3929,3609,320,8.15,2.15,301090
37,3,1090,Alamosa,2016,9302,8505,797,2.34,3961,3635,326,8.24,2.15,301090
38,3,1090,Alamosa,2017,9455,8658,797,2.34,4050,3705,345,8.52,2.14,301090
39,3,1090,Alamosa,2018,9583,8786,797,2.33,4130,3767,363,8.79,2.13,301090
40,3,1090,Alamosa,2019,9677,8880,797,2.33,4186,3813,373,8.91,2.12,301090
41,3,1090,Alamosa,2020,9824,8923,901,2.32,4239,3854,385,9.08,2.1,301090
42,3,1090,Alamosa,2021,9911,8986,925,2.32,4255,3868,387,9.1,2.11,301090
43,3,1090,Alamosa,2022,9872,8965,907,2.31,4275,3886,389,9.1,2.1,301090
44,3,1090,Alamosa,2023,9885,8985,900,2.29,4312,3920,392,9.09,2.08,301090
45,3,1090,Alamosa,2024,9888,8970,918,2.26,4366,3969,397,9.09,2.05,301090
46,93,1530,Alma,2010,271,271,0,2.2,169,123,46,26.98,1.6,9301530
47,93,1530,Alma,2011,247,247,0,1.98,171,125,46,26.96,1.44,9301530
48,93,1530,Alma,2012,250,250,0,1.99,172,126,46,26.87,1.45,9301530
49,93,1530,Alma,2013,255,255,0,2,173,127,46,26.51,1.47,9301530
50,93,1530,Alma,2014,261,261,0,2.02,175,129,46,26.04,1.49,9301530
51,93,1530,Alma,2015,267,267,0,2.03,176,131,45,25.32,1.52,9301530
52,93,1530,Alma,2016,275,275,0,2.04,177,134,43,24.11,1.55,9301530
53,93,1530,Alma,2017,282,282,0,2.06,178,137,41,23.06,1.58,9301530
54,93,1530,Alma,2018,290,290,0,2.07,179,140,39,21.89,1.62,9301530
55,93,1530,Alma,2019,293,293,0,2.09,179,140,39,21.79,1.64,9301530
56,93,1530,Alma,2020,296,296,0,2.1,180,141,39,21.67,1.64,9301530
57,93,1530,Alma,2021,299,299,0,2.11,181,142,39,21.55,1.65,9301530
58,93,1530,Alma,2022,309,309,0,2.12,187,146,41,21.93,1.65,9301530
59,93,1530,Alma,2023,314,314,0,2.11,190,149,41,21.58,1.65,9301530
60,93,1530,Alma,2024,319,319,0,2.13,192,150,42,21.88,1.66,9301530
61,21,2355,Antonito,2010,783,782,1,2.46,375,318,57,15.23,2.09,2102355
62,21,2355,Antonito,2011,758,757,1,2.26,377,335,42,11.06,2.01,2102355
63,21,2355,Antonito,2012,748,746,1,2.25,377,332,45,11.89,1.98,2102355
64,21,2355,Antonito,2013,737,736,1,2.24,377,329,48,12.73,1.95,2102355
65,21,2355,Antonito,2014,726,724,1,2.22,377,326,51,13.64,1.92,2102355
66,21,2355,Antonito,2015,714,713,1,2.21,377,322,55,14.53,1.89,2102355
67,21,2355,Antonito,2016,701,700,1,2.2,377,318,59,15.68,1.86,2102355
68,21,2355,Antonito,2017,688,687,2,2.19,377,314,63,16.83,1.82,2102355
69,21,2355,Antonito,2018,674,672,2,2.18,377,309,68,18.16,1.78,2102355
70,21,2355,Antonito,2019,658,656,2,2.17,377,303,74,19.63,1.74,2102355
71,21,2355,Antonito,2020,645,641,4,2.15,377,298,79,20.95,1.7,2102355
72,21,2355,Antonito,2021,649,645,4,2.16,377,298,79,20.95,1.71,2102355
73,21,2355,Antonito,2022,639,635,4,2.13,377,298,79,20.95,1.68,2102355
74,21,2355,Antonito,2023,625,621,4,2.08,377,298,79,20.95,1.65,2102355
75,21,2355,Antonito,2024,621,617,4,2.07,377,298,79,20.95,1.64,2102355
76,73,3235,Arriba,2010,193,193,0,2.24,117,86,31,26.36,1.65,7303235
77,73,3235,Arriba,2011,196,196,0,2.04,117,96,21,17.91,1.68,7303235
78,73,3235,Arriba,2012,197,197,0,2.06,117,96,21,18.08,1.68,7303235
79,73,3235,Arriba,2013,199,199,0,2.07,118,96,22,18.59,1.69,7303235
80,73,3235,Arriba,2014,199,199,0,2.08,118,96,22,18.94,1.69,7303235
81,73,3235,Arriba,2015,200,200,0,2.09,118,95,23,19.07,1.69,7303235
82,73,3235,Arriba,2016,201,201,0,2.11,119,95,24,19.75,1.69,7303235
83,73,3235,Arriba,2017,203,203,0,2.12,120,96,24,20.17,1.69,7303235
84,73,3235,Arriba,2018,202,202,0,2.13,121,95,26,21.8,1.67,7303235
85,73,3235,Arriba,2019,201,201,0,2.14,121,94,27,22.31,1.66,7303235
86,73,3235,Arriba,2020,201,201,0,2.16,121,93,28,23.14,1.66,7303235
87,73,3235,Arriba,2021,203,203,0,2.16,122,94,28,22.95,1.66,7303235
88,73,3235,Arriba,2022,202,202,0,2.13,123,95,28,22.76,1.64,7303235
89,73,3235,Arriba,2023,202,202,0,2.13,124,95,29,23.39,1.63,7303235
90,73,3235,Arriba,2024,201,201,0,2.09,125,96,29,23.2,1.61,7303235
91,1,3455,Arvada (Part),2010,2857,2851,6,2.57,1151,1111,40,3.48,2.48,103455
92,1,3455,Arvada (Part),2011,2881,2875,6,2.57,1152,1119,33,2.84,2.5,103455
93,1,3455,Arvada (Part),2012,2898,2892,6,2.57,1152,1125,27,2.36,2.51,103455
94,1,3455,Arvada (Part),2013,2920,2914,6,2.57,1153,1132,21,1.79,2.53,103455
95,1,3455,Arvada (Part),2014,2941,2934,6,2.58,1154,1139,15,1.27,2.54,103455
96,1,3455,Arvada (Part),2015,2962,2956,6,2.58,1155,1147,8,0.7,2.56,103455
97,1,3455,Arvada (Part),2016,2971,2964,6,2.58,1155,1149,6,0.52,2.57,103455
98,1,3455,Arvada (Part),2017,2958,2952,6,2.58,1156,1143,13,1.11,2.55,103455
99,1,3455,Arvada (Part),2018,2947,2941,6,2.58,1157,1139,18,1.59,2.54,103455
100,1,3455,Arvada (Part),2019,2921,2915,6,2.58,1157,1128,29,2.51,2.52,103455
101,1,3455,Arvada (Part),2020,2882,2882,0,2.58,1156,1119,37,3.2,2.49,103455
102,1,3455,Arvada (Part),2021,2836,2836,0,2.53,1156,1119,37,3.2,2.45,103455
103,1,3455,Arvada (Part),2022,2800,2800,0,2.5,1156,1119,37,3.2,2.42,103455
104,1,3455,Arvada (Part),2023,2785,2785,0,2.49,1156,1119,37,3.2,2.41,103455
105,1,3455,Arvada (Part),2024,2767,2767,0,2.47,1156,1119,37,3.2,2.39,103455
106,59,3455,Arvada (Part),2010,103924,103424,500,2.48,43364,41730,1634,3.77,2.39,5903455
107,59,3455,Arvada (Part),2011,105261,104757,504,2.48,43723,42240,1483,3.39,2.4,5903455
108,59,3455,Arvada (Part),2012,107545,107037,508,2.48,44433,43130,1303,2.93,2.41,5903455
109,59,3455,Arvada (Part),2013,109541,108880,661,2.48,45015,43845,1170,2.6,2.42,5903455
110,59,3455,Arvada (Part),2014,111691,111025,666,2.49,45664,44677,987,2.16,2.43,5903455
111,59,3455,Arvada (Part),2015,113754,113059,695,2.49,46488,45460,1028,2.21,2.43,5903455
112,59,3455,Arvada (Part),2016,116393,115635,758,2.49,47405,46465,940,1.98,2.44,5903455
113,59,3455,Arvada (Part),2017,118187,117428,759,2.49,48308,47162,1146,2.37,2.43,5903455
114,59,3455,Arvada (Part),2018,120026,119260,766,2.49,49093,47865,1228,2.5,2.43,5903455
115,59,3455,Arvada (Part),2019,120949,120180,769,2.49,49699,48202,1497,3.01,2.42,5903455
116,59,3455,Arvada (Part),2020,121617,120925,692,2.49,50208,48526,1682,3.35,2.41,5903455
117,59,3455,Arvada (Part),2021,121030,120353,677,2.46,50518,48825,1693,3.35,2.38,5903455
118,59,3455,Arvada (Part),2022,118979,118290,689,2.41,50778,49076,1702,3.35,2.33,5903455
119,59,3455,Arvada (Part),2023,118989,118291,698,2.39,51152,49438,1714,3.35,2.31,5903455
120,59,3455,Arvada (Part),2024,119152,118458,694,2.38,51498,49772,1726,3.35,2.3,5903455
121,999,3455,Arvada (Total),2010,106781,106275,506,2.48,44515,42841,1674,3.76,2.39,99903455
122,999,3455,Arvada (Total),2011,108142,107632,510,2.48,44875,43359,1516,3.38,2.4,99903455
123,999,3455,Arvada (Total),2012,110443,109929,514,2.48,45585,44255,1330,2.92,2.41,99903455
124,999,3455,Arvada (Total),2013,112461,111794,667,2.49,46168,44978,1190,2.58,2.42,99903455
125,999,3455,Arvada (Total),2014,114632,113960,672,2.49,46818,45817,1001,2.14,2.43,99903455
126,999,3455,Arvada (Total),2015,116716,116016,701,2.49,47643,46607,1036,2.17,2.44,99903455
127,999,3455,Arvada (Total),2016,119364,118599,764,2.49,48560,47614,946,1.95,2.44,99903455
128,999,3455,Arvada (Total),2017,121145,120380,765,2.49,49464,48305,1159,2.34,2.43,99903455
129,999,3455,Arvada (Total),2018,122973,122201,772,2.49,50250,49004,1246,2.48,2.43,99903455
130,999,3455,Arvada (Total),2019,123870,123095,775,2.5,50856,49330,1526,3,2.42,99903455
131,999,3455,Arvada (Total),2020,124499,123807,692,2.49,51364,49645,1719,3.35,2.41,99903455
132,999,3455,Arvada (Total),2021,123866,123189,677,2.47,51674,49944,1730,3.35,2.38,99903455
133,999,3455,Arvada (Total),2022,121779,121090,689,2.41,51934,50195,1739,3.35,2.33,99903455
134,999,3455,Arvada (Total),2023,121774,121076,698,2.39,52308,50557,1751,3.35,2.31,99903455
135,999,3455,Arvada (Total),2024,121919,121225,694,2.38,52654,50891,1763,3.35,2.3,99903455
136,97,3620,Aspen,2010,6659,6617,42,1.88,5931,3517,2414,40.7,1.12,9703620
137,97,3620,Aspen,2011,6990,6948,42,1.9,5958,3661,2297,38.56,1.17,9703620
138,97,3620,Aspen,2012,7020,6978,42,1.91,5985,3662,2323,38.82,1.17,9703620
139,97,3620,Aspen,2013,7078,7036,42,1.91,6012,3676,2336,38.86,1.17,9703620
140,97,3620,Aspen,2014,7160,7118,42,1.92,6040,3703,2337,38.68,1.18,9703620
141,97,3620,Aspen,2015,7238,7196,42,1.93,6067,3729,2338,38.54,1.19,9703620
142,97,3620,Aspen,2016,7215,7173,42,1.94,6094,3702,2392,39.24,1.18,9703620
143,97,3620,Aspen,2017,7167,7125,42,1.94,6121,3665,2456,40.13,1.16,9703620
144,97,3620,Aspen,2018,7158,7116,42,1.95,6148,3645,2503,40.71,1.16,9703620
145,97,3620,Aspen,2019,7040,6998,42,1.96,6175,3571,2604,42.17,1.13,9703620
146,97,3620,Aspen,2020,6987,6971,16,1.97,6197,3540,2657,42.88,1.12,9703620
147,97,3620,Aspen,2021,6943,6927,16,1.96,6200,3542,2658,42.87,1.12,9703620
148,97,3620,Aspen,2022,6721,6705,16,1.89,6214,3550,2664,42.87,1.08,9703620
149,97,3620,Aspen,2023,6632,6616,16,1.84,6301,3599,2702,42.88,1.05,9703620
150,97,3620,Aspen,2024,6556,6540,16,1.82,6299,3598,2701,42.88,1.04,9703620
151,123,3950,Ault,2010,1523,1523,0,2.63,615,579,36,5.85,2.48,12303950
152,123,3950,Ault,2011,1533,1533,0,2.63,615,582,33,5.34,2.49,12303950
153,123,3950,Ault,2012,1545,1545,0,2.64,615,586,29,4.75,2.51,12303950
154,123,3950,Ault,2013,1560,1560,0,2.64,617,591,26,4.24,2.53,12303950
155,123,3950,Ault,2014,1585,1585,0,2.64,622,599,23,3.63,2.55,12303950
156,123,3950,Ault,2015,1608,1608,0,2.65,627,607,20,3.17,2.56,12303950
157,123,3950,Ault,2016,1663,1663,0,2.65,646,627,19,2.93,2.57,12303950
158,123,3950,Ault,2017,1724,1724,0,2.65,668,650,18,2.77,2.58,12303950
159,123,3950,Ault,2018,1777,1777,0,2.66,691,668,23,3.26,2.57,12303950
160,123,3950,Ault,2019,1795,1795,0,2.66,703,675,28,3.98,2.55,12303950
161,123,3950,Ault,2020,1937,1937,0,2.66,763,728,35,4.59,2.54,12303950
162,123,3950,Ault,2021,2379,2379,0,2.64,945,902,43,4.55,2.52,12303950
163,123,3950,Ault,2022,2559,2559,0,2.64,1018,971,47,4.62,2.51,12303950
164,123,3950,Ault,2023,2797,2797,0,2.63,1115,1064,51,4.57,2.51,12303950
165,123,3950,Ault,2024,2780,2780,0,2.61,1116,1065,51,4.57,2.49,12303950
166,1,4000,Aurora (Part),2010,39978,39074,904,3.07,14132,12707,1425,10.08,2.76,104000
167,1,4000,Aurora (Part),2011,40638,39712,926,3.07,14088,12927,1161,8.24,2.82,104000
168,1,4000,Aurora (Part),2012,41877,40970,908,3.07,14250,13350,900,6.32,2.88,104000
169,1,4000,Aurora (Part),2013,42567,41645,922,3.07,14240,13584,656,4.61,2.92,104000
170,1,4000,Aurora (Part),2014,43879,42845,1034,3.06,14443,13990,453,3.14,2.97,104000
171,1,4000,Aurora (Part),2015,45390,44357,1033,3.06,14744,14500,244,1.65,3.01,104000
172,1,4000,Aurora (Part),2016,45696,44484,1213,3.06,14729,14556,173,1.17,3.02,104000
173,1,4000,Aurora (Part),2017,45486,44268,1218,3.05,14855,14504,351,2.36,2.98,104000
174,1,4000,Aurora (Part),2018,46281,45058,1223,3.05,15279,14786,493,3.23,2.95,104000
175,1,4000,Aurora (Part),2019,47399,46171,1228,3.04,15937,15176,761,4.78,2.9,104000
176,1,4000,Aurora (Part),2020,48032,46596,1436,3.03,16395,15392,1003,6.12,2.84,104000
177,1,4000,Aurora (Part),2021,49482,48083,1399,2.94,17448,16380,1068,6.12,2.76,104000
178,1,4000,Aurora (Part),2022,50971,49554,1417,2.87,18361,17238,1123,6.12,2.7,104000
179,1,4000,Aurora (Part),2023,52975,51542,1433,2.85,19245,18068,1177,6.12,2.68,104000
180,1,4000,Aurora (Part),2024,56189,54730,1459,2.82,20693,19427,1266,6.12,2.64,104000
181,5,4000,Aurora (Part),2010,286285,284633,1652,2.6,117205,109648,7557,6.45,2.43,504000
182,5,4000,Aurora (Part),2011,292776,291183,1594,2.6,118103,111780,6323,5.35,2.47,504000
183,5,4000,Aurora (Part),2012,299166,297570,1596,2.61,118503,113847,4656,3.93,2.51,504000
184,5,4000,Aurora (Part),2013,305268,303864,1404,2.62,119157,115876,3281,2.75,2.55,504000
185,5,4000,Aurora (Part),2014,311253,309839,1414,2.63,120745,117705,3040,2.52,2.57,504000
186,5,4000,Aurora (Part),2015,316861,315637,1224,2.64,121517,119454,2063,1.7,2.6,504000
187,5,4000,Aurora (Part),2016,319811,318613,1198,2.65,122059,120163,1896,1.55,2.61,504000
188,5,4000,Aurora (Part),2017,323544,322319,1225,2.66,124579,121161,3418,2.74,2.59,504000
189,5,4000,Aurora (Part),2018,329286,328033,1253,2.67,126598,122936,3662,2.89,2.59,504000
190,5,4000,Aurora (Part),2019,333058,331778,1280,2.68,128681,123958,4723,3.67,2.58,504000
191,5,4000,Aurora (Part),2020,336059,333994,2065,2.68,130865,124841,6024,4.6,2.55,504000
192,5,4000,Aurora (Part),2021,336942,334958,1984,2.65,132306,126215,6091,4.6,2.53,504000
193,5,4000,Aurora (Part),2022,337759,335711,2048,2.62,134473,128283,6190,4.6,2.5,504000
194,5,4000,Aurora (Part),2023,339299,337230,2069,2.61,135545,129305,6240,4.6,2.49,504000
195,5,4000,Aurora (Part),2024,341088,338968,2120,2.6,136416,130136,6280,4.6,2.48,504000
196,35,4000,Aurora (Part),2010,156,156,0,2.84,64,55,9,14.06,2.44,3504000
197,35,4000,Aurora (Part),2011,251,251,0,2.83,99,89,10,10.38,2.54,3504000
198,35,4000,Aurora (Part),2012,326,326,0,2.81,125,116,9,7.31,2.61,3504000
199,35,4000,Aurora (Part),2013,400,400,0,2.8,152,143,9,6.13,2.63,3504000
200,35,4000,Aurora (Part),2014,569,569,0,2.79,213,204,9,4.36,2.67,3504000
201,35,4000,Aurora (Part),2015,726,726,0,2.78,277,261,16,5.74,2.62,3504000
202,35,4000,Aurora (Part),2016,868,868,0,2.76,328,314,14,4.13,2.65,3504000
203,35,4000,Aurora (Part),2017,1241,1241,0,2.75,478,451,27,5.56,2.6,3504000
204,35,4000,Aurora (Part),2018,1665,1665,0,2.73,694,609,85,12.2,2.4,3504000
205,35,4000,Aurora (Part),2019,2106,2106,0,2.71,909,776,133,14.63,2.32,3504000
206,35,4000,Aurora (Part),2020,2662,2662,0,2.7,1155,987,168,14.55,2.3,3504000
207,35,4000,Aurora (Part),2021,3189,3189,0,2.69,1389,1187,202,14.54,2.3,3504000
208,35,4000,Aurora (Part),2022,3844,3844,0,2.66,1689,1444,245,14.51,2.28,3504000
209,35,4000,Aurora (Part),2023,4135,4135,0,2.63,1839,1572,267,14.52,2.25,3504000
210,35,4000,Aurora (Part),2024,4287,4287,0,2.62,1912,1634,278,14.54,2.24,3504000
211,999,4000,Aurora (Total),2010,326419,323863,2556,2.65,131401,122410,8991,6.84,2.46,99904000
212,999,4000,Aurora (Total),2011,333665,331145,2520,2.65,132290,124796,7494,5.67,2.5,99904000
213,999,4000,Aurora (Total),2012,341370,338866,2503,2.66,132878,127313,5565,4.19,2.55,99904000
214,999,4000,Aurora (Total),2013,348235,345909,2326,2.67,133549,129603,3946,2.95,2.59,99904000
215,999,4000,Aurora (Total),2014,355700,353253,2447,2.68,135401,131898,3503,2.59,2.61,99904000
216,999,4000,Aurora (Total),2015,362976,360719,2257,2.69,136538,134215,2323,1.7,2.64,99904000
217,999,4000,Aurora (Total),2016,366376,363965,2411,2.7,137116,135034,2082,1.52,2.65,99904000
218,999,4000,Aurora (Total),2017,370271,367828,2443,2.7,139912,136116,3796,2.71,2.63,99904000
219,999,4000,Aurora (Total),2018,377232,374756,2476,2.71,142571,138331,4240,2.97,2.63,99904000
220,999,4000,Aurora (Total),2019,382563,380055,2508,2.72,145527,139910,5617,3.86,2.61,99904000
221,999,4000,Aurora (Total),2020,386753,383252,3501,2.71,148415,141220,7195,4.85,2.58,99904000
222,999,4000,Aurora (Total),2021,389613,386230,3383,2.69,151143,143782,7361,4.87,2.56,99904000
223,999,4000,Aurora (Total),2022,392574,389109,3465,2.65,154523,146965,7558,4.89,2.52,99904000
224,999,4000,Aurora (Total),2023,396409,392907,3502,2.64,156629,148945,7684,4.91,2.51,99904000
225,999,4000,Aurora (Total),2024,401564,397985,3579,2.63,159021,151197,7824,4.92,2.5,99904000
226,37,4110,Avon,2010,6422,6422,0,2.88,3483,2228,1255,36.04,1.84,3704110
227,37,4110,Avon,2011,6205,6205,0,2.75,3490,2253,1237,35.45,1.78,3704110
228,37,4110,Avon,2012,6148,6148,0,2.73,3498,2249,1249,35.7,1.76,3704110
229,37,4110,Avon,2013,6080,6080,0,2.71,3502,2242,1260,35.97,1.74,3704110
230,37,4110,Avon,2014,6021,6021,0,2.69,3512,2239,1273,36.25,1.71,3704110
231,37,4110,Avon,2015,5972,5972,0,2.67,3519,2238,1281,36.41,1.7,3704110
232,37,4110,Avon,2016,5911,5911,0,2.65,3527,2233,1294,36.69,1.68,3704110
233,37,4110,Avon,2017,5825,5825,0,2.62,3534,2221,1313,37.14,1.65,3704110
234,37,4110,Avon,2018,5769,5769,0,2.6,3544,2218,1326,37.42,1.63,3704110
235,37,4110,Avon,2019,5758,5758,0,2.58,3590,2234,1356,37.77,1.6,3704110
236,37,4110,Avon,2020,6071,6071,0,2.54,3835,2394,1441,37.57,1.58,3704110
237,37,4110,Avon,2021,6322,6322,0,2.46,4114,2569,1545,37.55,1.54,3704110
238,37,4110,Avon,2022,6211,6211,0,2.41,4130,2579,1551,37.55,1.5,3704110
239,37,4110,Avon,2023,6052,6052,0,2.34,4135,2582,1553,37.56,1.46,3704110
240,37,4110,Avon,2024,6127,6127,0,2.31,4258,2658,1600,37.58,1.44,3704110
241,37,4935,Basalt (Part),2010,2917,2917,0,2.57,1318,1134,184,13.94,2.21,3704935
242,37,4935,Basalt (Part),2011,2741,2741,0,2.41,1319,1139,180,13.65,2.08,3704935
243,37,4935,Basalt (Part),2012,2726,2726,0,2.39,1320,1139,181,13.69,2.07,3704935
244,37,4935,Basalt (Part),2013,2708,2708,0,2.38,1320,1139,181,13.74,2.05,3704935
245,37,4935,Basalt (Part),2014,2689,2689,0,2.36,1320,1138,182,13.79,2.04,3704935
246,37,4935,Basalt (Part),2015,2674,2674,0,2.35,1320,1138,182,13.79,2.03,3704935
247,37,4935,Basalt (Part),2016,2684,2684,0,2.33,1334,1149,185,13.84,2.01,3704935
248,37,4935,Basalt (Part),2017,2854,2854,0,2.32,1431,1231,200,13.96,1.99,3704935
249,37,4935,Basalt (Part),2018,2878,2878,0,2.3,1453,1250,203,14,1.98,3704935
250,37,4935,Basalt (Part),2019,2889,2889,0,2.29,1470,1263,207,14.08,1.97,3704935
251,37,4935,Basalt (Part),2020,2905,2905,0,2.26,1489,1288,201,13.5,1.95,3704935
252,37,4935,Basalt (Part),2021,2933,2933,0,2.19,1549,1340,209,13.49,1.89,3704935
253,37,4935,Basalt (Part),2022,2956,2956,0,2.14,1595,1380,215,13.48,1.85,3704935
254,37,4935,Basalt (Part),2023,2932,2932,0,2.08,1626,1407,219,13.47,1.8,3704935
255,37,4935,Basalt (Part),2024,2894,2894,0,2.05,1632,1412,220,13.48,1.77,3704935
256,97,4935,Basalt (Part),2010,931,931,0,2.38,514,392,122,23.74,1.81,9704935
257,97,4935,Basalt (Part),2011,953,953,0,2.37,514,402,112,21.8,1.85,9704935
258,97,4935,Basalt (Part),2012,954,954,0,2.36,514,405,109,21.27,1.86,9704935
259,97,4935,Basalt (Part),2013,957,957,0,2.34,514,408,106,20.61,1.86,9704935
260,97,4935,Basalt (Part),2014,960,960,0,2.33,514,412,102,19.86,1.87,9704935
261,97,4935,Basalt (Part),2015,963,963,0,2.32,514,416,98,19.13,1.87,9704935
262,97,4935,Basalt (Part),2016,970,970,0,2.3,519,421,98,18.82,1.87,9704935
263,97,4935,Basalt (Part),2017,1034,1034,0,2.29,555,452,103,18.58,1.86,9704935
264,97,4935,Basalt (Part),2018,1042,1042,0,2.27,560,458,102,18.18,1.86,9704935
265,97,4935,Basalt (Part),2019,1045,1045,0,2.26,565,463,102,18.05,1.85,9704935
266,97,4935,Basalt (Part),2020,1072,1072,0,2.25,579,477,102,17.62,1.85,9704935
267,97,4935,Basalt (Part),2021,1089,1089,0,2.24,592,487,105,17.74,1.84,9704935
268,97,4935,Basalt (Part),2022,1075,1075,0,2.16,605,498,107,17.69,1.78,9704935
269,97,4935,Basalt (Part),2023,1105,1105,0,2.1,639,526,113,17.68,1.73,9704935
270,97,4935,Basalt (Part),2024,1123,1123,0,2.08,657,541,116,17.66,1.71,9704935
271,999,4935,Basalt (Total),2010,3848,3848,0,2.52,1832,1526,306,16.69,2.1,99904935
272,999,4935,Basalt (Total),2011,3695,3695,0,2.4,1833,1541,292,15.94,2.02,99904935
273,999,4935,Basalt (Total),2012,3680,3680,0,2.38,1834,1544,290,15.81,2.01,99904935
274,999,4935,Basalt (Total),2013,3664,3664,0,2.37,1834,1547,287,15.66,2,99904935
275,999,4935,Basalt (Total),2014,3649,3649,0,2.35,1834,1550,284,15.49,1.99,99904935
276,999,4935,Basalt (Total),2015,3637,3637,0,2.34,1834,1554,280,15.29,1.98,99904935
277,999,4935,Basalt (Total),2016,3654,3654,0,2.33,1853,1571,282,15.24,1.97,99904935
278,999,4935,Basalt (Total),2017,3888,3888,0,2.31,1986,1683,303,15.25,1.96,99904935
279,999,4935,Basalt (Total),2018,3920,3920,0,2.3,2013,1708,305,15.17,1.95,99904935
280,999,4935,Basalt (Total),2019,3934,3934,0,2.28,2035,1726,309,15.18,1.93,99904935
281,999,4935,Basalt (Total),2020,3977,3977,0,2.25,2068,1765,303,14.65,1.92,99904935
282,999,4935,Basalt (Total),2021,4022,4022,0,2.2,2141,1827,314,14.67,1.88,99904935
283,999,4935,Basalt (Total),2022,4031,4031,0,2.15,2200,1878,322,14.64,1.83,99904935
284,999,4935,Basalt (Total),2023,4037,4037,0,2.09,2265,1933,332,14.66,1.78,99904935
285,999,4935,Basalt (Total),2024,4017,4017,0,2.06,2289,1953,336,14.68,1.75,99904935
286,67,5265,Bayfield,2010,2357,2357,0,2.58,976,912,64,6.56,2.41,6705265
287,67,5265,Bayfield,2011,2394,2394,0,2.59,986,923,63,6.41,2.43,6705265
288,67,5265,Bayfield,2012,2442,2442,0,2.6,1000,938,62,6.21,2.44,6705265
289,67,5265,Bayfield,2013,2487,2487,0,2.61,1011,952,59,5.88,2.46,6705265
290,67,5265,Bayfield,2014,2528,2528,0,2.62,1022,964,58,5.71,2.47,6705265
291,67,5265,Bayfield,2015,2573,2573,0,2.63,1033,977,56,5.45,2.49,6705265
292,67,5265,Bayfield,2016,2630,2630,0,2.64,1050,994,56,5.29,2.5,6705265
293,67,5265,Bayfield,2017,2713,2713,0,2.66,1079,1022,57,5.3,2.51,6705265
294,67,5265,Bayfield,2018,2761,2761,0,2.67,1094,1035,59,5.39,2.52,6705265
295,67,5265,Bayfield,2019,2782,2782,0,2.68,1102,1039,63,5.72,2.52,6705265
296,67,5265,Bayfield,2020,2847,2828,19,2.68,1117,1055,62,5.55,2.53,6705265
297,67,5265,Bayfield,2021,2890,2871,19,2.69,1130,1067,63,5.58,2.54,6705265
298,67,5265,Bayfield,2022,2900,2881,19,2.66,1147,1083,64,5.58,2.51,6705265
299,67,5265,Bayfield,2023,2890,2871,19,2.62,1160,1095,65,5.6,2.48,6705265
300,67,5265,Bayfield,2024,2918,2899,19,2.61,1177,1111,66,5.61,2.46,6705265
301,1,6090,Bennett (Part),2010,1961,1961,0,2.74,772,716,56,7.25,2.54,106090
302,1,6090,Bennett (Part),2011,1993,1993,0,2.75,770,724,46,5.93,2.59,106090
303,1,6090,Bennett (Part),2012,2021,2021,0,2.77,768,731,37,4.82,2.63,106090
304,1,6090,Bennett (Part),2013,2054,2054,0,2.78,767,739,28,3.63,2.68,106090
305,1,6090,Bennett (Part),2014,2081,2081,0,2.79,765,745,20,2.56,2.72,106090
306,1,6090,Bennett (Part),2015,2113,2113,0,2.8,764,753,11,1.4,2.77,106090
307,1,6090,Bennett (Part),2016,2125,2125,0,2.82,762,754,8,1.03,2.79,106090
308,1,6090,Bennett (Part),2017,2104,2104,0,2.83,760,744,16,2.15,2.77,106090
309,1,6090,Bennett (Part),2018,2140,2140,0,2.84,777,753,24,3.06,2.75,106090
310,1,6090,Bennett (Part),2019,2381,2381,0,2.85,876,835,41,4.68,2.72,106090
311,1,6090,Bennett (Part),2020,2509,2509,0,2.85,939,879,60,6.37,2.67,106090
312,1,6090,Bennett (Part),2021,2893,2893,0,2.81,1100,1030,70,6.36,2.63,106090
313,1,6090,Bennett (Part),2022,3138,3138,0,2.77,1209,1132,77,6.37,2.6,106090
314,1,6090,Bennett (Part),2023,3254,3254,0,2.76,1260,1180,80,6.35,2.58,106090
315,1,6090,Bennett (Part),2024,3594,3594,0,2.74,1401,1312,89,6.35,2.57,106090
316,5,6090,Bennett (Part),2010,353,353,0,2.94,126,120,6,4.76,2.8,506090
317,5,6090,Bennett (Part),2011,359,359,0,2.96,126,121,5,3.95,2.85,506090
318,5,6090,Bennett (Part),2012,366,366,0,2.99,126,122,4,2.81,2.9,506090
319,5,6090,Bennett (Part),2013,372,372,0,3.01,126,124,2,1.93,2.95,506090
320,5,6090,Bennett (Part),2014,375,375,0,3.03,126,124,2,1.74,2.98,506090
321,5,6090,Bennett (Part),2015,381,381,0,3.06,126,125,1,1.15,3.02,506090
322,5,6090,Bennett (Part),2016,384,384,0,3.08,126,125,1,1.03,3.05,506090
323,5,6090,Bennett (Part),2017,384,384,0,3.1,126,124,2,1.77,3.05,506090
324,5,6090,Bennett (Part),2018,386,386,0,3.12,126,124,2,1.82,3.06,506090
325,5,6090,Bennett (Part),2019,403,403,0,3.15,131,128,3,2.29,3.08,506090
326,5,6090,Bennett (Part),2020,421,421,0,3.17,137,133,4,2.94,3.07,506090
327,5,6090,Bennett (Part),2021,426,426,0,3.06,143,139,4,2.94,2.98,506090
328,5,6090,Bennett (Part),2022,426,426,0,3.06,143,139,4,2.94,2.98,506090
329,5,6090,Bennett (Part),2023,428,428,0,3.06,144,140,4,2.94,2.97,506090
330,5,6090,Bennett (Part),2024,430,430,0,3.05,145,141,4,2.94,2.97,506090
331,999,6090,Bennett (Total),2010,2314,2314,0,2.77,898,836,62,6.9,2.58,99906090
332,999,6090,Bennett (Total),2011,2352,2352,0,2.78,896,845,51,5.65,2.63,99906090
333,999,6090,Bennett (Total),2012,2387,2387,0,2.8,894,853,41,4.54,2.67,99906090
334,999,6090,Bennett (Total),2013,2425,2425,0,2.81,893,863,30,3.39,2.72,99906090
335,999,6090,Bennett (Total),2014,2456,2456,0,2.83,891,869,22,2.44,2.76,99906090
336,999,6090,Bennett (Total),2015,2493,2493,0,2.84,890,878,12,1.36,2.8,99906090
337,999,6090,Bennett (Total),2016,2509,2509,0,2.85,888,879,9,1.03,2.83,99906090
338,999,6090,Bennett (Total),2017,2488,2488,0,2.87,886,867,19,2.1,2.81,99906090
339,999,6090,Bennett (Total),2018,2526,2526,0,2.88,903,877,26,2.89,2.8,99906090
340,999,6090,Bennett (Total),2019,2784,2784,0,2.89,1007,963,44,4.37,2.76,99906090
341,999,6090,Bennett (Total),2020,2930,2930,0,2.9,1076,1012,64,5.95,2.72,99906090
342,999,6090,Bennett (Total),2021,3319,3319,0,2.84,1243,1169,74,5.95,2.67,99906090
343,999,6090,Bennett (Total),2022,3564,3564,0,2.8,1352,1271,81,5.99,2.64,99906090
344,999,6090,Bennett (Total),2023,3682,3682,0,2.79,1404,1320,84,5.98,2.62,99906090
345,999,6090,Bennett (Total),2024,4024,4024,0,2.77,1546,1453,93,6.02,2.6,99906090
346,69,6255,Berthoud (Part),2010,5040,4971,69,2.51,2064,1979,85,4.12,2.41,6906255
347,69,6255,Berthoud (Part),2011,5183,5113,71,2.52,2114,2025,89,4.21,2.42,6906255
348,69,6255,Berthoud (Part),2012,5350,5278,72,2.54,2171,2080,91,4.21,2.43,6906255
349,69,6255,Berthoud (Part),2013,5549,5475,73,2.55,2247,2147,100,4.45,2.44,6906255
350,69,6255,Berthoud (Part),2014,5988,5913,75,2.56,2417,2308,109,4.52,2.45,6906255
351,69,6255,Berthoud (Part),2015,6262,6186,76,2.57,2512,2403,109,4.33,2.46,6906255
352,69,6255,Berthoud (Part),2016,6600,6523,77,2.59,2642,2523,119,4.52,2.47,6906255
353,69,6255,Berthoud (Part),2017,6986,6908,79,2.6,2813,2660,153,5.43,2.46,6906255
354,69,6255,Berthoud (Part),2018,8101,8021,80,2.61,3268,3076,192,5.87,2.45,6906255
355,69,6255,Berthoud (Part),2019,9409,9328,81,2.62,3819,3566,253,6.62,2.44,6906255
356,69,6255,Berthoud (Part),2020,10328,10255,73,2.61,4242,3926,316,7.44,2.42,6906255
357,69,6255,Berthoud (Part),2021,11053,10974,79,2.51,4726,4374,352,7.44,2.32,6906255
358,69,6255,Berthoud (Part),2022,11827,11742,85,2.45,5173,4788,385,7.44,2.27,6906255
359,69,6255,Berthoud (Part),2023,12206,12123,83,2.4,5447,5042,405,7.44,2.23,6906255
360,69,6255,Berthoud (Part),2024,12529,12439,90,2.38,5657,5236,421,7.44,2.2,6906255
361,123,6255,Berthoud (Part),2010,63,63,0,3.32,20,19,1,5,3.15,12306255
362,123,6255,Berthoud (Part),2011,67,67,0,3.35,21,20,1,4.18,3.19,12306255
363,123,6255,Berthoud (Part),2012,72,72,0,3.39,22,21,1,3.38,3.27,12306255
364,123,6255,Berthoud (Part),2013,73,73,0,3.43,22,21,1,2.69,3.32,12306255
365,123,6255,Berthoud (Part),2014,139,139,0,3.46,41,40,1,2.01,3.39,12306255
366,123,6255,Berthoud (Part),2015,148,148,0,3.5,43,42,1,1.5,3.44,12306255
367,123,6255,Berthoud (Part),2016,203,203,0,3.54,58,57,1,1.13,3.5,12306255
368,123,6255,Berthoud (Part),2017,213,213,0,3.57,60,60,0,0.82,3.55,12306255
369,123,6255,Berthoud (Part),2018,251,251,0,3.61,70,70,0,0.66,3.59,12306255
370,123,6255,Berthoud (Part),2019,258,258,0,3.63,71,71,0,0,3.63,12306255
371,123,6255,Berthoud (Part),2020,261,261,0,3.68,71,71,0,0,3.68,12306255
372,123,6255,Berthoud (Part),2021,259,259,0,3.65,71,71,0,0,3.65,12306255
373,123,6255,Berthoud (Part),2022,258,258,0,3.63,71,71,0,0,3.63,12306255
374,123,6255,Berthoud (Part),2023,258,258,0,3.63,71,71,0,0,3.63,12306255
375,123,6255,Berthoud (Part),2024,256,256,0,3.61,71,71,0,0,3.61,12306255
376,999,6255,Berthoud (Total),2010,5103,5034,69,2.52,2084,1998,86,4.13,2.42,99906255
377,999,6255,Berthoud (Total),2011,5251,5180,71,2.53,2135,2045,90,4.21,2.43,99906255
378,999,6255,Berthoud (Total),2012,5422,5350,72,2.55,2193,2101,92,4.2,2.44,99906255
379,999,6255,Berthoud (Total),2013,5622,5549,73,2.56,2269,2168,101,4.43,2.45,99906255
380,999,6255,Berthoud (Total),2014,6127,6052,75,2.58,2458,2348,110,4.47,2.46,99906255
381,999,6255,Berthoud (Total),2015,6410,6334,76,2.59,2555,2446,109,4.28,2.48,99906255
382,999,6255,Berthoud (Total),2016,6803,6726,77,2.61,2700,2580,120,4.44,2.49,99906255
383,999,6255,Berthoud (Total),2017,7199,7120,79,2.62,2873,2720,153,5.34,2.48,99906255
384,999,6255,Berthoud (Total),2018,8352,8272,80,2.63,3338,3146,192,5.76,2.48,99906255
385,999,6255,Berthoud (Total),2019,9667,9586,81,2.64,3890,3637,253,6.5,2.46,99906255
386,999,6255,Berthoud (Total),2020,10589,10516,73,2.63,4313,3997,316,7.33,2.44,99906255
387,999,6255,Berthoud (Total),2021,11312,11233,79,2.53,4797,4445,352,7.34,2.34,99906255
388,999,6255,Berthoud (Total),2022,12085,12000,85,2.47,5244,4859,385,7.34,2.29,99906255
389,999,6255,Berthoud (Total),2023,12464,12381,83,2.42,5518,5113,405,7.34,2.24,99906255
390,999,6255,Berthoud (Total),2024,12785,12695,90,2.39,5728,5307,421,7.35,2.22,99906255
391,63,6530,Bethune,2010,237,237,0,3.23,79,73,6,7.14,3,6306530
392,63,6530,Bethune,2011,224,224,0,3.04,79,74,5,6.7,2.84,6306530
393,63,6530,Bethune,2012,221,221,0,3.04,79,73,6,7.93,2.8,6306530
394,63,6530,Bethune,2013,218,218,0,3.04,79,72,7,9.12,2.76,6306530
395,63,6530,Bethune,2014,207,207,0,3.04,79,68,11,13.99,2.62,6306530
396,63,6530,Bethune,2015,202,202,0,3.04,79,66,13,15.89,2.56,6306530
397,63,6530,Bethune,2016,199,199,0,3.04,79,65,14,17.42,2.52,6306530
398,63,6530,Bethune,2017,195,195,0,3.05,79,64,15,18.91,2.47,6306530
399,63,6530,Bethune,2018,192,192,0,3.05,80,63,17,21.05,2.4,6306530
400,63,6530,Bethune,2019,188,188,0,3.03,80,62,18,22.5,2.35,6306530
401,63,6530,Bethune,2020,183,183,0,3.05,80,60,20,25,2.29,6306530
402,63,6530,Bethune,2021,179,179,0,2.98,80,60,20,25,2.24,6306530
403,63,6530,Bethune,2022,180,180,0,3,80,60,20,25,2.25,6306530
404,63,6530,Bethune,2023,182,182,0,2.98,81,61,20,24.69,2.25,6306530
405,63,6530,Bethune,2024,183,183,0,3,81,61,20,24.69,2.26,6306530
406,47,7025,Black Hawk,2010,118,118,0,2.16,74,55,19,26.09,1.59,4707025
407,47,7025,Black Hawk,2011,135,135,0,2.29,74,59,15,20.07,1.82,4707025
408,47,7025,Black Hawk,2012,136,136,0,2.26,74,60,14,18.73,1.84,4707025
409,47,7025,Black Hawk,2013,136,136,0,2.23,74,61,13,17.32,1.84,4707025
410,47,7025,Black Hawk,2014,137,137,0,2.2,74,62,12,15.88,1.85,4707025
411,47,7025,Black Hawk,2015,137,137,0,2.17,74,63,11,14.37,1.85,4707025
412,47,7025,Black Hawk,2016,138,138,0,2.14,74,65,9,12.81,1.86,4707025
413,47,7025,Black Hawk,2017,125,125,0,2.11,67,59,8,11.21,1.87,4707025
414,47,7025,Black Hawk,2018,126,126,0,2.08,67,61,6,9.57,1.88,4707025
415,47,7025,Black Hawk,2019,126,126,0,2.03,67,62,5,7.46,1.88,4707025
416,47,7025,Black Hawk,2020,125,125,0,2.02,66,62,4,6.06,1.89,4707025
417,47,7025,Black Hawk,2021,126,126,0,2.03,66,62,4,6.06,1.91,4707025
418,47,7025,Black Hawk,2022,126,126,0,2.03,66,62,4,6.06,1.91,4707025
419,47,7025,Black Hawk,2023,125,125,0,2.02,66,62,4,6.06,1.89,4707025
420,47,7025,Black Hawk,2024,125,125,0,2.02,66,62,4,6.06,1.89,4707025
421,23,7190,Blanca,2010,383,383,0,3.13,146,123,23,16.07,2.62,2307190
422,23,7190,Blanca,2011,349,349,0,2.72,148,128,20,13.32,2.36,2307190
423,23,7190,Blanca,2012,349,349,0,2.72,149,128,21,13.98,2.34,2307190
424,23,7190,Blanca,2013,349,349,0,2.72,150,128,22,14.68,2.33,2307190
425,23,7190,Blanca,2014,346,346,0,2.73,150,127,23,15.3,2.31,2307190
426,23,7190,Blanca,2015,344,344,0,2.73,150,126,24,15.94,2.29,2307190
427,23,7190,Blanca,2016,341,341,0,2.73,150,125,25,16.59,2.27,2307190
428,23,7190,Blanca,2017,339,339,0,2.73,150,124,26,17.28,2.26,2307190
429,23,7190,Blanca,2018,336,336,0,2.73,150,123,27,18,2.24,2307190
430,23,7190,Blanca,2019,328,328,0,2.73,150,120,30,20,2.19,2307190
431,23,7190,Blanca,2020,321,321,0,2.7,150,119,31,20.67,2.14,2307190
432,23,7190,Blanca,2021,332,332,0,2.79,150,119,31,20.67,2.21,2307190
433,23,7190,Blanca,2022,332,332,0,2.79,150,119,31,20.67,2.21,2307190
434,23,7190,Blanca,2023,333,333,0,2.8,150,119,31,20.67,2.22,2307190
435,23,7190,Blanca,2024,339,339,0,2.85,150,119,31,20.67,2.26,2307190
436,117,7410,Blue River,2010,851,851,0,2.53,726,337,389,53.58,1.17,11707410
437,117,7410,Blue River,2011,849,849,0,2.52,728,336,392,53.78,1.17,11707410
438,117,7410,Blue River,2012,855,855,0,2.52,731,339,392,53.62,1.17,11707410
439,117,7410,Blue River,2013,861,861,0,2.52,730,341,389,53.26,1.18,11707410
440,117,7410,Blue River,2014,866,866,0,2.52,730,344,386,52.92,1.19,11707410
441,117,7410,Blue River,2015,879,879,0,2.52,731,349,382,52.26,1.2,11707410
442,117,7410,Blue River,2016,892,892,0,2.52,735,354,381,51.83,1.21,11707410
443,117,7410,Blue River,2017,896,896,0,2.52,741,356,385,51.92,1.21,11707410
444,117,7410,Blue River,2018,891,891,0,2.51,747,354,393,52.55,1.19,11707410
445,117,7410,Blue River,2019,887,887,0,2.51,757,353,404,53.37,1.17,11707410
446,117,7410,Blue River,2020,871,871,0,2.49,761,350,411,54.01,1.14,11707410
447,117,7410,Blue River,2021,860,860,0,2.45,764,351,413,54.06,1.13,11707410
448,117,7410,Blue River,2022,846,846,0,2.38,773,356,417,53.95,1.09,11707410
449,117,7410,Blue River,2023,837,837,0,2.33,780,359,421,53.97,1.07,11707410
450,117,7410,Blue River,2024,854,854,0,2.37,783,360,423,54.02,1.09,11707410
451,109,7571,Bonanza City,2010,16,16,0,2.17,31,7,24,76.19,0.52,10907571
452,109,7571,Bonanza City,2011,26,26,0,1.54,31,17,14,44.63,0.84,10907571
453,109,7571,Bonanza City,2012,26,26,0,1.48,31,17,14,43.92,0.84,10907571
454,109,7571,Bonanza City,2013,23,23,0,1.42,29,16,13,43.29,0.79,10907571
455,109,7571,Bonanza City,2014,23,23,0,1.36,29,17,12,42.5,0.79,10907571
456,109,7571,Bonanza City,2015,22,22,0,1.3,29,17,12,41.51,0.76,10907571
457,109,7571,Bonanza City,2016,20,20,0,1.24,27,16,11,40.31,0.74,10907571
458,109,7571,Bonanza City,2017,19,19,0,1.18,27,16,11,39.4,0.7,10907571
459,109,7571,Bonanza City,2018,18,18,0,1.12,27,16,11,39,0.67,10907571
460,109,7571,Bonanza City,2019,18,18,0,1.06,27,17,10,37.04,0.67,10907571
461,109,7571,Bonanza City,2020,17,17,0,1,27,17,10,37.04,0.63,10907571
462,109,7571,Bonanza City,2021,17,17,0,1,27,17,10,37.04,0.63,10907571
463,109,7571,Bonanza City,2022,17,17,0,1,27,17,10,37.04,0.63,10907571
464,109,7571,Bonanza City,2023,17,17,0,1,27,17,10,37.04,0.63,10907571
465,109,7571,Bonanza City,2024,17,17,0,1,27,17,10,37.04,0.63,10907571
466,101,7795,Boone,2010,340,332,8,2.39,182,139,43,23.63,1.82,10107795
467,101,7795,Boone,2011,338,330,8,2.41,179,137,42,23.37,1.84,10107795
468,101,7795,Boone,2012,332,324,8,2.43,174,133,41,23.41,1.86,10107795
469,101,7795,Boone,2013,326,318,8,2.45,171,130,41,24,1.86,10107795
470,101,7795,Boone,2014,317,310,8,2.47,166,125,41,24.46,1.87,10107795
471,101,7795,Boone,2015,321,313,8,2.49,162,126,36,22.34,1.93,10107795
472,101,7795,Boone,2016,324,316,8,2.51,159,126,33,20.76,1.99,10107795
473,101,7795,Boone,2017,324,316,8,2.53,155,125,30,19.37,2.04,10107795
474,101,7795,Boone,2018,323,316,8,2.55,152,124,28,18.58,2.08,10107795
475,101,7795,Boone,2019,315,307,8,2.58,148,119,29,19.59,2.07,10107795
476,101,7795,Boone,2020,305,303,2,2.59,145,117,28,19.31,2.09,10107795
477,101,7795,Boone,2021,306,304,2,2.58,146,118,28,19.31,2.08,10107795
478,101,7795,Boone,2022,306,304,2,2.55,147,119,28,19.31,2.07,10107795
479,101,7795,Boone,2023,306,304,2,2.55,148,119,29,19.31,2.05,10107795
480,101,7795,Boone,2024,306,304,2,2.53,149,120,29,19.31,2.04,10107795
481,13,7850,Boulder,2010,97901,89349,8552,2.16,43497,41365,2132,4.9,2.05,1307850
482,13,7850,Boulder,2011,100233,91034,9199,2.16,43908,42089,1819,4.14,2.07,1307850
483,13,7850,Boulder,2012,101701,91797,9904,2.16,43863,42403,1460,3.33,2.09,1307850
484,13,7850,Boulder,2013,103443,92863,10580,2.17,44144,42854,1290,2.92,2.1,1307850
485,13,7850,Boulder,2014,105583,94326,11257,2.17,44869,43476,1393,3.1,2.1,1307850
486,13,7850,Boulder,2015,108088,96062,12026,2.17,45285,44231,1054,2.33,2.12,1307850
487,13,7850,Boulder,2016,108816,96473,12343,2.17,45394,44398,996,2.19,2.13,1307850
488,13,7850,Boulder,2017,108484,95688,12796,2.17,45416,44029,1387,3.05,2.11,1307850
489,13,7850,Boulder,2018,108380,95152,13228,2.17,45303,43780,1523,3.36,2.1,1307850
490,13,7850,Boulder,2019,108496,94919,13577,2.17,46169,43664,2505,5.43,2.06,1307850
491,13,7850,Boulder,2020,108959,95503,13456,2.16,46941,44179,2762,5.88,2.03,1307850
492,13,7850,Boulder,2021,104715,94608,10107,2.13,47258,44477,2781,5.88,2,1307850
493,13,7850,Boulder,2022,107148,94543,12605,2.11,47567,44768,2799,5.88,1.99,1307850
494,13,7850,Boulder,2023,107302,93993,13309,2.09,47840,45025,2815,5.88,1.96,1307850
495,13,7850,Boulder,2024,107632,93882,13750,2.06,48493,45639,2854,5.89,1.94,1307850
496,5,8070,Bow Mar (Part),2010,590,590,0,2.96,204,199,5,2.45,2.89,508070
497,5,8070,Bow Mar (Part),2011,591,591,0,2.96,204,200,4,2.04,2.9,508070
498,5,8070,Bow Mar (Part),2012,593,593,0,2.95,204,201,3,1.57,2.91,508070
499,5,8070,Bow Mar (Part),2013,595,595,0,2.95,204,202,2,1.13,2.92,508070
500,5,8070,Bow Mar (Part),2014,594,594,0,2.94,204,202,2,1.06,2.91,508070
501,5,8070,Bow Mar (Part),2015,595,595,0,2.94,204,203,1,0.73,2.92,508070
502,5,8070,Bow Mar (Part),2016,600,600,0,2.94,206,205,1,0.69,2.91,508070
503,5,8070,Bow Mar (Part),2017,596,596,0,2.93,206,203,3,1.25,2.89,508070
504,5,8070,Bow Mar (Part),2018,594,594,0,2.92,206,203,3,1.35,2.88,508070
505,5,8070,Bow Mar (Part),2019,590,590,0,2.92,206,202,4,1.94,2.86,508070
506,5,8070,Bow Mar (Part),2020,585,585,0,2.9,206,202,4,1.94,2.84,508070
507,5,8070,Bow Mar (Part),2021,585,585,0,2.9,206,202,4,1.94,2.84,508070
508,5,8070,Bow Mar (Part),2022,585,585,0,2.9,206,202,4,1.94,2.84,508070
509,5,8070,Bow Mar (Part),2023,585,585,0,2.9,206,202,4,1.94,2.84,508070
510,5,8070,Bow Mar (Part),2024,589,589,0,2.89,208,204,4,1.94,2.83,508070
511,59,8070,Bow Mar (Part),2010,277,277,0,3.04,98,91,7,7.14,2.83,5908070
512,59,8070,Bow Mar (Part),2011,280,280,0,3.04,98,92,6,6.22,2.86,5908070
513,59,8070,Bow Mar (Part),2012,265,265,0,3.04,92,87,5,5.19,2.88,5908070
514,59,8070,Bow Mar (Part),2013,267,267,0,3.04,92,88,4,4.43,2.9,5908070
515,59,8070,Bow Mar (Part),2014,269,269,0,3.04,92,89,3,3.55,2.92,5908070
516,59,8070,Bow Mar (Part),2015,269,269,0,3.03,92,89,3,3.48,2.92,5908070
517,59,8070,Bow Mar (Part),2016,271,271,0,3.03,92,89,3,2.99,2.95,5908070
518,59,8070,Bow Mar (Part),2017,269,269,0,3.03,92,89,3,3.42,2.92,5908070
519,59,8070,Bow Mar (Part),2018,269,269,0,3.03,92,89,3,3.43,2.92,5908070
520,59,8070,Bow Mar (Part),2019,267,267,0,3.03,92,88,4,4.35,2.9,5908070
521,59,8070,Bow Mar (Part),2020,266,266,0,3.02,92,88,4,4.35,2.89,5908070
522,59,8070,Bow Mar (Part),2021,263,263,0,2.99,92,88,4,4.35,2.86,5908070
523,59,8070,Bow Mar (Part),2022,257,257,0,2.92,92,88,4,4.35,2.79,5908070
524,59,8070,Bow Mar (Part),2023,255,255,0,2.9,92,88,4,4.35,2.77,5908070
525,59,8070,Bow Mar (Part),2024,257,257,0,2.89,93,89,4,4.3,2.76,5908070
526,999,8070,Bow Mar (Total),2010,867,867,0,2.99,302,290,12,3.97,2.87,99908070
527,999,8070,Bow Mar (Total),2011,871,871,0,2.99,302,292,10,3.39,2.88,99908070
528,999,8070,Bow Mar (Total),2012,858,858,0,2.98,296,288,8,2.69,2.9,99908070
529,999,8070,Bow Mar (Total),2013,862,862,0,2.98,296,290,6,2.15,2.91,99908070
530,999,8070,Bow Mar (Total),2014,864,864,0,2.97,296,291,5,1.83,2.92,99908070
531,999,8070,Bow Mar (Total),2015,865,865,0,2.97,296,291,5,1.59,2.92,99908070
532,999,8070,Bow Mar (Total),2016,871,871,0,2.96,298,294,4,1.4,2.92,99908070
533,999,8070,Bow Mar (Total),2017,865,865,0,2.96,298,292,6,1.92,2.9,99908070
534,999,8070,Bow Mar (Total),2018,863,863,0,2.95,298,292,6,2,2.9,99908070
535,999,8070,Bow Mar (Total),2019,857,857,0,2.96,298,290,8,2.68,2.88,99908070
536,999,8070,Bow Mar (Total),2020,851,851,0,2.93,298,290,8,2.68,2.86,99908070
537,999,8070,Bow Mar (Total),2021,848,848,0,2.92,298,290,8,2.68,2.85,99908070
538,999,8070,Bow Mar (Total),2022,842,842,0,2.9,298,290,8,2.68,2.83,99908070
539,999,8070,Bow Mar (Total),2023,840,840,0,2.9,298,290,8,2.68,2.82,99908070
540,999,8070,Bow Mar (Total),2024,846,846,0,2.89,301,293,8,2.66,2.81,99908070
541,71,8345,Branson,2010,73,73,0,2.16,46,34,12,26.67,1.59,7108345
542,71,8345,Branson,2011,79,79,0,2.22,46,36,10,22.71,1.72,7108345
543,71,8345,Branson,2012,76,76,0,2.23,46,34,12,25.31,1.65,7108345
544,71,8345,Branson,2013,73,73,0,2.23,46,33,13,28.63,1.59,7108345
545,71,8345,Branson,2014,71,71,0,2.24,46,32,14,31.02,1.54,7108345
546,71,8345,Branson,2015,69,69,0,2.25,46,31,15,33.07,1.5,7108345
547,71,8345,Branson,2016,67,67,0,2.25,46,30,16,35.11,1.46,7108345
548,71,8345,Branson,2017,65,65,0,2.26,46,29,17,37.24,1.41,7108345
549,71,8345,Branson,2018,63,63,0,2.27,46,28,18,39.62,1.37,7108345
550,71,8345,Branson,2019,60,60,0,2.22,46,27,19,41.3,1.3,7108345
551,71,8345,Branson,2020,57,57,0,2.28,46,25,21,45.65,1.24,7108345
552,71,8345,Branson,2021,57,57,0,2.28,46,25,21,45.65,1.24,7108345
553,71,8345,Branson,2022,57,57,0,2.28,46,25,21,45.65,1.24,7108345
554,71,8345,Branson,2023,57,57,0,2.28,46,25,21,45.65,1.24,7108345
555,71,8345,Branson,2024,56,56,0,2.24,46,25,21,45.65,1.22,7108345
556,117,8400,Breckenridge,2010,4552,4449,103,2.28,6915,1951,4964,71.79,0.64,11708400
557,117,8400,Breckenridge,2011,4581,4467,114,2.28,6942,1964,4978,71.71,0.64,11708400
558,117,8400,Breckenridge,2012,4695,4570,125,2.27,6979,2013,4966,71.15,0.65,11708400
559,117,8400,Breckenridge,2013,4847,4712,135,2.27,7011,2080,4931,70.33,0.67,11708400
560,117,8400,Breckenridge,2014,5002,4856,146,2.26,7057,2149,4908,69.54,0.69,11708400
561,117,8400,Breckenridge,2015,5234,5077,157,2.25,7113,2251,4862,68.35,0.71,11708400
562,117,8400,Breckenridge,2016,5382,5214,168,2.25,7122,2318,4804,67.46,0.73,11708400
563,117,8400,Breckenridge,2017,5422,5243,178,2.24,7136,2337,4799,67.25,0.73,11708400
564,117,8400,Breckenridge,2018,5437,5248,189,2.24,7269,2346,4923,67.73,0.72,11708400
565,117,8400,Breckenridge,2019,5373,5173,200,2.23,7344,2319,5025,68.42,0.7,11708400
566,117,8400,Breckenridge,2020,5047,5026,21,2.21,7364,2275,5089,69.11,0.68,11708400
567,117,8400,Breckenridge,2021,4985,4964,21,2.17,7395,2285,5110,69.1,0.67,11708400
568,117,8400,Breckenridge,2022,4943,4922,21,2.11,7546,2331,5215,69.11,0.65,11708400
569,117,8400,Breckenridge,2023,4964,4943,21,2.07,7730,2388,5342,69.11,0.64,11708400
570,117,8400,Breckenridge,2024,5073,5052,21,2.11,7765,2399,5366,69.1,0.65,11708400
571,1,8675,Brighton (Part),2010,33102,31556,1546,2.95,11270,10709,561,4.98,2.8,108675
572,1,8675,Brighton (Part),2011,33607,32057,1550,2.95,11331,10870,461,4.07,2.83,108675
573,1,8675,Brighton (Part),2012,34037,32480,1558,2.95,11394,11005,389,3.41,2.85,108675
574,1,8675,Brighton (Part),2013,35475,33911,1565,2.95,11789,11481,308,2.61,2.88,108675
575,1,8675,Brighton (Part),2014,36042,34470,1571,2.96,11884,11662,222,1.87,2.9,108675
576,1,8675,Brighton (Part),2015,36972,35394,1578,2.96,12092,11967,125,1.04,2.93,108675
577,1,8675,Brighton (Part),2016,37666,36082,1584,2.96,12285,12190,95,0.77,2.94,108675
578,1,8675,Brighton (Part),2017,38848,37257,1591,2.96,12791,12580,211,1.65,2.91,108675
579,1,8675,Brighton (Part),2018,39658,38060,1598,2.96,13162,12848,314,2.38,2.89,108675
580,1,8675,Brighton (Part),2019,39919,38314,1605,2.96,13435,12932,503,3.74,2.85,108675
581,1,8675,Brighton (Part),2020,39931,39078,853,2.95,13936,13232,704,5.05,2.8,108675
582,1,8675,Brighton (Part),2021,40396,39552,844,2.9,14387,13660,727,5.05,2.75,108675
583,1,8675,Brighton (Part),2022,41395,40562,833,2.84,15044,14284,760,5.05,2.7,108675
584,1,8675,Brighton (Part),2023,42012,41176,836,2.83,15348,14573,775,5.05,2.68,108675
585,1,8675,Brighton (Part),2024,42724,41850,874,2.81,15702,14909,793,5.05,2.67,108675
586,123,8675,Brighton (Part),2010,344,344,0,3.1,117,111,6,5.13,2.94,12308675
587,123,8675,Brighton (Part),2011,338,338,0,3.07,115,110,5,4.36,2.94,12308675
588,123,8675,Brighton (Part),2012,335,335,0,3.05,114,110,4,3.59,2.94,12308675
589,123,8675,Brighton (Part),2013,329,329,0,3.02,112,109,3,2.93,2.94,12308675
590,123,8675,Brighton (Part),2014,319,319,0,3,109,107,2,2.27,2.93,12308675
591,123,8675,Brighton (Part),2015,321,321,0,2.97,110,108,2,1.77,2.92,12308675
592,123,8675,Brighton (Part),2016,346,346,0,2.95,119,117,2,1.42,2.91,12308675
593,123,8675,Brighton (Part),2017,367,367,0,2.92,127,126,1,1.13,2.89,12308675
594,123,8675,Brighton (Part),2018,375,375,0,2.9,131,130,1,1.08,2.86,12308675
595,123,8675,Brighton (Part),2019,369,369,0,2.86,130,129,1,0.77,2.84,12308675
596,123,8675,Brighton (Part),2020,362,362,0,2.85,128,127,1,0.78,2.83,12308675
597,123,8675,Brighton (Part),2021,359,359,0,2.83,128,127,1,0.78,2.8,12308675
598,123,8675,Brighton (Part),2022,358,358,0,2.82,128,127,1,0.78,2.8,12308675
599,123,8675,Brighton (Part),2023,419,419,0,2.81,150,149,1,0.67,2.79,12308675
600,123,8675,Brighton (Part),2024,461,461,0,2.79,166,165,1,0.6,2.78,12308675
601,999,8675,Brighton (Total),2010,33446,31900,1546,2.95,11387,10820,567,4.98,2.8,99908675
602,999,8675,Brighton (Total),2011,33945,32395,1550,2.95,11446,10980,466,4.07,2.83,99908675
603,999,8675,Brighton (Total),2012,34372,32815,1558,2.95,11508,11115,393,3.42,2.85,99908675
604,999,8675,Brighton (Total),2013,35804,34239,1565,2.95,11901,11590,311,2.61,2.88,99908675
605,999,8675,Brighton (Total),2014,36361,34790,1571,2.96,11993,11769,224,1.87,2.9,99908675
606,999,8675,Brighton (Total),2015,37293,35715,1578,2.96,12202,12075,127,1.04,2.93,99908675
607,999,8675,Brighton (Total),2016,38012,36428,1584,2.96,12404,12307,97,0.78,2.94,99908675
608,999,8675,Brighton (Total),2017,39215,37624,1591,2.96,12918,12706,212,1.64,2.91,99908675
609,999,8675,Brighton (Total),2018,40033,38435,1598,2.96,13293,12978,315,2.37,2.89,99908675
610,999,8675,Brighton (Total),2019,40288,38683,1605,2.96,13565,13061,504,3.72,2.85,99908675
611,999,8675,Brighton (Total),2020,40293,39440,853,2.95,14064,13359,705,5.01,2.8,99908675
612,999,8675,Brighton (Total),2021,40755,39911,844,2.89,14515,13787,728,5.02,2.75,99908675
613,999,8675,Brighton (Total),2022,41753,40920,833,2.84,15172,14411,761,5.02,2.7,99908675
614,999,8675,Brighton (Total),2023,42431,41595,836,2.83,15498,14722,776,5.01,2.68,99908675
615,999,8675,Brighton (Total),2024,43185,42311,874,2.81,15868,15074,794,5,2.67,99908675
616,43,9115,Brookside,2010,233,233,0,2.73,90,86,4,5,2.59,4309115
617,43,9115,Brookside,2011,209,209,0,2.46,90,85,5,5.53,2.32,4309115
618,43,9115,Brookside,2012,208,208,0,2.46,90,85,5,5.85,2.31,4309115
619,43,9115,Brookside,2013,208,208,0,2.46,90,84,6,6.18,2.31,4309115
620,43,9115,Brookside,2014,207,207,0,2.47,90,84,6,6.57,2.3,4309115
621,43,9115,Brookside,2015,207,207,0,2.47,90,84,6,6.89,2.3,4309115
622,43,9115,Brookside,2016,206,206,0,2.47,90,83,7,7.23,2.29,4309115
623,43,9115,Brookside,2017,206,206,0,2.48,90,83,7,7.45,2.29,4309115
624,43,9115,Brookside,2018,206,206,0,2.48,90,83,7,7.58,2.29,4309115
625,43,9115,Brookside,2019,211,211,0,2.48,92,85,7,7.61,2.29,4309115
626,43,9115,Brookside,2020,236,236,0,2.48,103,95,8,7.77,2.29,4309115
627,43,9115,Brookside,2021,239,239,0,2.52,103,95,8,7.77,2.32,4309115
628,43,9115,Brookside,2022,241,241,0,2.48,105,97,8,7.62,2.3,4309115
629,43,9115,Brookside,2023,241,241,0,2.46,106,98,8,7.55,2.27,4309115
630,43,9115,Brookside,2024,240,240,0,2.45,106,98,8,7.55,2.26,4309115
631,14,9280,Broomfield,2010,56107,55825,282,2.6,22685,21498,1187,5.23,2.46,1409280
632,14,9280,Broomfield,2011,57584,57307,277,2.59,23056,22168,888,3.85,2.49,1409280
633,14,9280,Broomfield,2012,59271,59001,270,2.57,23426,22927,499,2.13,2.52,1409280
634,14,9280,Broomfield,2013,60669,60404,265,2.56,25541,23579,1962,7.68,2.36,1409280
635,14,9280,Broomfield,2014,62504,62245,259,2.55,26564,24409,2155,8.11,2.34,1409280
636,14,9280,Broomfield,2015,65831,65577,254,2.54,27750,25834,1916,6.9,2.36,1409280
637,14,9280,Broomfield,2016,67707,67459,248,2.53,28585,26698,1887,6.6,2.36,1409280
638,14,9280,Broomfield,2017,69655,69413,242,2.52,29498,27598,1900,6.44,2.35,1409280
639,14,9280,Broomfield,2018,71322,70723,599,2.5,30060,28250,1810,6.02,2.35,1409280
640,14,9280,Broomfield,2019,72669,72439,230,2.49,30982,29071,1911,6.17,2.34,1409280
641,14,9280,Broomfield,2020,74502,74021,481,2.48,31498,29872,1626,5.16,2.35,1409280
642,14,9280,Broomfield,2021,75433,75002,431,2.48,31916,30268,1648,5.16,2.35,1409280
643,14,9280,Broomfield,2022,76269,75818,451,2.43,32935,31234,1701,5.16,2.3,1409280
644,14,9280,Broomfield,2023,77133,76667,466,2.41,33548,31816,1732,5.16,2.29,1409280
645,14,9280,Broomfield,2024,78453,77983,470,2.38,34581,32795,1786,5.16,2.26,1409280
646,87,9555,Brush,2010,5468,5095,373,2.63,2128,1937,191,8.98,2.39,8709555
647,87,9555,Brush,2011,5327,4961,366,2.46,2128,2014,114,5.36,2.33,8709555
648,87,9555,Brush,2012,5293,4933,360,2.45,2128,2010,118,5.55,2.32,8709555
649,87,9555,Brush,2013,5287,4934,353,2.46,2128,2005,123,5.79,2.32,8709555
650,87,9555,Brush,2014,5265,4919,347,2.46,2128,2000,128,6.03,2.31,8709555
651,87,9555,Brush,2015,5283,4944,340,2.48,2128,1993,135,6.34,2.32,8709555
652,87,9555,Brush,2016,5276,4943,333,2.48,2128,1990,138,6.5,2.32,8709555
653,87,9555,Brush,2017,5295,4968,327,2.5,2128,1985,143,6.73,2.33,8709555
654,87,9555,Brush,2018,5354,5034,320,2.55,2128,1974,154,7.24,2.37,8709555
655,87,9555,Brush,2019,5347,5034,313,2.56,2134,1963,171,8.01,2.36,8709555
656,87,9555,Brush,2020,5332,4988,344,2.55,2139,1958,181,8.46,2.33,8709555
657,87,9555,Brush,2021,5280,4967,313,2.52,2152,1970,182,8.46,2.31,8709555
658,87,9555,Brush,2022,5281,4962,319,2.51,2156,1974,182,8.44,2.3,8709555
659,87,9555,Brush,2023,5311,4998,313,2.53,2162,1979,183,8.46,2.31,8709555
660,87,9555,Brush,2024,5355,5038,317,2.54,2164,1981,183,8.46,2.33,8709555
661,15,10105,Buena Vista,2010,2618,2618,0,2.19,1381,1194,187,13.54,1.9,1510105
662,15,10105,Buena Vista,2011,2655,2655,0,2.2,1397,1209,188,13.45,1.9,1510105
663,15,10105,Buena Vista,2012,2645,2645,0,2.2,1407,1203,204,14.5,1.88,1510105
664,15,10105,Buena Vista,2013,2690,2690,0,2.2,1431,1222,209,14.61,1.88,1510105
665,15,10105,Buena Vista,2014,2704,2704,0,2.21,1454,1226,228,15.68,1.86,1510105
666,15,10105,Buena Vista,2015,2723,2723,0,2.21,1474,1233,241,16.36,1.85,1510105
667,15,10105,Buena Vista,2016,2745,2745,0,2.21,1484,1241,243,16.39,1.85,1510105
668,15,10105,Buena Vista,2017,2784,2784,0,2.22,1506,1256,250,16.58,1.85,1510105
669,15,10105,Buena Vista,2018,2806,2806,0,2.22,1529,1264,265,17.33,1.84,1510105
670,15,10105,Buena Vista,2019,2824,2824,0,2.22,1552,1270,282,18.17,1.82,1510105
671,15,10105,Buena Vista,2020,2850,2837,13,2.22,1571,1276,295,18.78,1.81,1510105
672,15,10105,Buena Vista,2021,2978,2965,13,2.22,1643,1334,309,18.81,1.8,1510105
673,15,10105,Buena Vista,2022,3002,2989,13,2.15,1709,1388,321,18.78,1.75,1510105
674,15,10105,Buena Vista,2023,3022,3009,13,2.12,1744,1417,327,18.75,1.73,1510105
675,15,10105,Buena Vista,2024,3073,3060,13,2.11,1785,1450,335,18.77,1.71,1510105
676,63,10600,Burlington,2010,4253,3184,1069,2.37,1468,1342,126,8.59,2.17,6310600
677,63,10600,Burlington,2011,4208,3238,970,2.37,1470,1368,102,6.91,2.2,6310600
678,63,10600,Burlington,2012,4113,3241,872,2.38,1470,1363,107,7.26,2.2,6310600
679,63,10600,Burlington,2013,4020,3244,776,2.39,1470,1358,112,7.6,2.21,6310600
680,63,10600,Burlington,2014,3825,3148,677,2.4,1470,1311,159,10.81,2.14,6310600
681,63,10600,Burlington,2015,3718,3138,581,2.41,1470,1301,169,11.51,2.13,6310600
682,63,10600,Burlington,2016,3617,3137,480,2.42,1470,1294,176,11.95,2.13,6310600
683,63,10600,Burlington,2017,3493,3136,356,2.44,1470,1288,182,12.38,2.13,6310600
684,63,10600,Burlington,2018,3389,3123,266,2.45,1471,1276,195,13.24,2.12,6310600
685,63,10600,Burlington,2019,3286,3110,176,2.46,1470,1265,205,13.95,2.12,6310600
686,63,10600,Burlington,2020,3165,3095,70,2.46,1470,1256,214,14.56,2.11,6310600
687,63,10600,Burlington,2021,3098,3031,67,2.41,1472,1258,214,14.54,2.06,6310600
688,63,10600,Burlington,2022,3130,3061,69,2.43,1472,1258,214,14.54,2.08,6310600
689,63,10600,Burlington,2023,3133,3064,69,2.44,1472,1258,214,14.54,2.08,6310600
690,63,10600,Burlington,2024,3147,3078,69,2.45,1472,1258,214,14.54,2.09,6310600
691,41,11260,Calhan,2010,784,784,0,2.51,348,312,36,10.34,2.25,4111260
692,41,11260,Calhan,2011,794,794,0,2.52,347,315,32,9.11,2.29,4111260
693,41,11260,Calhan,2012,795,795,0,2.52,345,316,29,8.51,2.3,4111260
694,41,11260,Calhan,2013,792,792,0,2.52,343,314,29,8.42,2.31,4111260
695,41,11260,Calhan,2014,782,782,0,2.53,341,310,31,9.21,2.29,4111260
696,41,11260,Calhan,2015,778,778,0,2.53,338,308,30,8.95,2.3,4111260
697,41,11260,Calhan,2016,785,785,0,2.53,337,310,27,8.07,2.33,4111260
698,41,11260,Calhan,2017,785,785,0,2.54,336,310,26,7.84,2.34,4111260
699,41,11260,Calhan,2018,785,785,0,2.54,334,309,25,7.45,2.35,4111260
700,41,11260,Calhan,2019,772,772,0,2.54,332,304,28,8.43,2.33,4111260
701,41,11260,Calhan,2020,760,760,0,2.53,332,300,32,9.67,2.29,4111260
702,41,11260,Calhan,2021,763,763,0,2.52,335,303,32,9.67,2.28,4111260
703,41,11260,Calhan,2022,763,763,0,2.52,335,303,32,9.67,2.28,4111260
704,41,11260,Calhan,2023,762,762,0,2.52,334,302,32,9.67,2.28,4111260
705,41,11260,Calhan,2024,763,763,0,2.52,335,303,32,9.67,2.28,4111260
706,9,11645,Campo,2010,109,109,0,2.68,65,41,24,37.33,1.68,911645
707,9,11645,Campo,2011,117,117,0,2.34,65,50,15,23.27,1.8,911645
708,9,11645,Campo,2012,113,113,0,2.35,65,48,17,25.63,1.74,911645
709,9,11645,Campo,2013,111,111,0,2.3,65,48,17,25.75,1.71,911645
710,9,11645,Campo,2014,109,109,0,2.26,65,48,17,25.87,1.68,911645
711,9,11645,Campo,2015,108,108,0,2.24,65,48,17,25.99,1.66,911645
712,9,11645,Campo,2016,107,107,0,2.23,65,48,17,26.12,1.65,911645
713,9,11645,Campo,2017,107,107,0,2.26,65,47,18,27.36,1.65,911645
714,9,11645,Campo,2018,108,108,0,2.28,65,47,18,27.51,1.66,911645
715,9,11645,Campo,2019,108,108,0,2.3,65,47,18,27.69,1.66,911645
716,9,11645,Campo,2020,102,102,0,2.32,65,44,21,32.31,1.57,911645
717,9,11645,Campo,2021,102,102,0,2.32,65,44,21,32.31,1.57,911645
718,9,11645,Campo,2022,100,100,0,2.27,65,44,21,32.31,1.54,911645
719,9,11645,Campo,2023,99,99,0,2.25,65,44,21,32.31,1.52,911645
720,9,11645,Campo,2024,98,98,0,2.23,65,44,21,32.31,1.51,911645
721,43,11810,Canon City,2010,16391,14817,1574,2.19,7449,6773,676,9.07,1.99,4311810
722,43,11810,Canon City,2011,16612,15114,1497,2.23,7458,6768,690,9.26,2.03,4311810
723,43,11810,Canon City,2012,16707,15160,1547,2.23,7466,6789,677,9.07,2.03,4311810
724,43,11810,Canon City,2013,16788,15198,1589,2.23,7470,6807,663,8.88,2.03,4311810
725,43,11810,Canon City,2014,16832,15230,1602,2.23,7477,6821,656,8.77,2.04,4311810
726,43,11810,Canon City,2015,16884,15287,1597,2.23,7488,6848,640,8.55,2.04,4311810
727,43,11810,Canon City,2016,16880,15328,1552,2.23,7492,6867,625,8.34,2.05,4311810
728,43,11810,Canon City,2017,16935,15425,1510,2.23,7513,6911,602,8.01,2.05,4311810
729,43,11810,Canon City,2018,17115,15599,1516,2.23,7565,6991,574,7.59,2.06,4311810
730,43,11810,Canon City,2019,17206,15728,1478,2.23,7597,7049,548,7.21,2.07,4311810
731,43,11810,Canon City,2020,17161,15872,1289,2.23,7639,7114,525,6.87,2.08,4311810
732,43,11810,Canon City,2021,17350,16096,1254,2.26,7662,7136,526,6.87,2.1,4311810
733,43,11810,Canon City,2022,17404,15992,1412,2.23,7699,7170,529,6.87,2.08,4311810
734,43,11810,Canon City,2023,17425,15937,1488,2.21,7733,7202,531,6.87,2.06,4311810
735,43,11810,Canon City,2024,17361,15877,1484,2.2,7752,7220,532,6.86,2.05,4311810
736,45,12030,Carbonate,2010,0,0,0,0,0,0,0,0,0,4512030
737,45,12030,Carbonate,2011,0,0,0,0,0,0,0,0,0,4512030
738,45,12030,Carbonate,2012,0,0,0,0,0,0,0,0,0,4512030
739,45,12030,Carbonate,2013,0,0,0,0,0,0,0,0,0,4512030
740,45,12030,Carbonate,2014,0,0,0,0,0,0,0,0,0,4512030
741,45,12030,Carbonate,2015,0,0,0,0,0,0,0,0,0,4512030
742,45,12030,Carbonate,2016,0,0,0,0,0,0,0,0,0,4512030
743,45,12030,Carbonate,2017,0,0,0,0,0,0,0,0,0,4512030
744,45,12030,Carbonate,2018,0,0,0,0,0,0,0,0,0,4512030
745,45,12030,Carbonate,2019,0,0,0,0,0,0,0,0,0,4512030
746,45,12030,Carbonate,2020,0,0,0,0,0,0,0,0,0,4512030
747,45,12030,Carbonate,2021,0,0,0,0,0,0,0,0,0,4512030
748,45,12030,Carbonate,2022,0,0,0,0,0,0,0,0,0,4512030
749,45,12030,Carbonate,2023,0,0,0,0,0,0,0,0,0,4512030
750,45,12030,Carbonate,2024,0,0,0,0,0,0,0,0,0,4512030
751,45,12045,Carbondale,2010,6398,6293,105,2.86,2426,2203,223,9.2,2.59,4512045
752,45,12045,Carbondale,2011,6331,6221,110,2.79,2429,2231,198,8.17,2.56,4512045
753,45,12045,Carbondale,2012,6289,6178,111,2.77,2430,2230,200,8.22,2.54,4512045
754,45,12045,Carbondale,2013,6281,6162,119,2.75,2438,2239,199,8.17,2.53,4512045
755,45,12045,Carbondale,2014,6275,6158,117,2.73,2452,2252,200,8.14,2.51,4512045
756,45,12045,Carbondale,2015,6286,6165,121,2.72,2471,2271,200,8.11,2.49,4512045
757,45,12045,Carbondale,2016,6314,6191,123,2.7,2493,2296,197,7.91,2.48,4512045
758,45,12045,Carbondale,2017,6358,6231,126,2.68,2521,2327,194,7.7,2.47,4512045
759,45,12045,Carbondale,2018,6385,6255,129,2.66,2540,2352,188,7.38,2.46,4512045
760,45,12045,Carbondale,2019,6401,6269,132,2.64,2557,2374,183,7.16,2.45,4512045
761,45,12045,Carbondale,2020,6462,6366,96,2.62,2594,2426,168,6.48,2.45,4512045
762,45,12045,Carbondale,2021,6530,6445,85,2.61,2637,2467,170,6.45,2.44,4512045
763,45,12045,Carbondale,2022,6435,6356,79,2.58,2637,2467,170,6.45,2.41,4512045
764,45,12045,Carbondale,2023,6514,6440,74,2.57,2677,2504,173,6.46,2.41,4512045
765,45,12045,Carbondale,2024,6527,6453,74,2.57,2687,2513,174,6.48,2.4,4512045
766,35,12387,Castle Pines,2010,10384,10376,8,2.97,3637,3498,139,3.82,2.85,3512387
767,35,12387,Castle Pines,2011,10487,10478,9,2.96,3644,3541,103,2.83,2.88,3512387
768,35,12387,Castle Pines,2012,10589,10580,10,2.95,3657,3584,73,1.99,2.89,3512387
769,35,12387,Castle Pines,2013,10621,10611,10,2.95,3664,3603,61,1.68,2.9,3512387
770,35,12387,Castle Pines,2014,10648,10637,11,2.94,3665,3621,44,1.19,2.9,3512387
771,35,12387,Castle Pines,2015,10578,10567,12,2.93,3666,3608,58,1.57,2.88,3512387
772,35,12387,Castle Pines,2016,10579,10567,12,2.91,3667,3625,42,1.13,2.88,3512387
773,35,12387,Castle Pines,2017,10513,10500,13,2.91,3669,3613,56,1.53,2.86,3512387
774,35,12387,Castle Pines,2018,10401,10388,14,2.89,3715,3590,125,3.36,2.8,3512387
775,35,12387,Castle Pines,2019,10561,10547,14,2.88,3818,3663,155,4.06,2.76,3512387
776,35,12387,Castle Pines,2020,11258,11225,33,2.86,4083,3921,162,3.97,2.75,3512387
777,35,12387,Castle Pines,2021,12327,12294,33,2.85,4489,4311,178,3.97,2.74,3512387
778,35,12387,Castle Pines,2022,13555,13522,33,2.83,4981,4783,198,3.98,2.71,3512387
779,35,12387,Castle Pines,2023,14435,14402,33,2.79,5370,5157,213,3.97,2.68,3512387
780,35,12387,Castle Pines,2024,15121,15088,33,2.79,5641,5417,224,3.97,2.67,3512387
781,35,12415,Castle Rock,2010,48580,48037,543,2.86,17697,16781,916,5.18,2.71,3512415
782,35,12415,Castle Rock,2011,50351,49775,577,2.87,18052,17372,680,3.76,2.76,3512415
783,35,12415,Castle Rock,2012,52087,51458,629,2.87,18425,17943,482,2.61,2.79,3512415
784,35,12415,Castle Rock,2013,54099,53414,684,2.87,19014,18603,411,2.16,2.81,3512415
785,35,12415,Castle Rock,2014,56996,56263,733,2.87,19883,19582,301,1.51,2.83,3512415
786,35,12415,Castle Rock,2015,59228,58446,782,2.87,20743,20336,407,1.96,2.82,3512415
787,35,12415,Castle Rock,2016,62275,61445,830,2.87,21709,21407,302,1.39,2.83,3512415
788,35,12415,Castle Rock,2017,65684,64804,879,2.87,22990,22565,425,1.85,2.82,3512415
789,35,12415,Castle Rock,2018,67767,66840,928,2.87,24265,23297,968,3.99,2.75,3512415
790,35,12415,Castle Rock,2019,71369,70393,976,2.86,25791,24573,1218,4.72,2.73,3512415
791,35,12415,Castle Rock,2020,73775,73205,570,2.86,26832,25607,1225,4.57,2.73,3512415
792,35,12415,Castle Rock,2021,77168,76616,552,2.85,28192,26905,1287,4.57,2.72,3512415
793,35,12415,Castle Rock,2022,79907,79347,560,2.82,29452,28108,1344,4.56,2.69,3512415
794,35,12415,Castle Rock,2023,82000,81411,589,2.79,30588,29192,1396,4.56,2.66,3512415
795,35,12415,Castle Rock,2024,83497,82899,598,2.78,31234,29808,1426,4.57,2.65,3512415
796,29,12635,Cedaredge,2010,2248,2248,0,2.11,1180,1066,114,9.66,1.91,2912635
797,29,12635,Cedaredge,2011,2223,2223,0,2.1,1179,1057,122,10.36,1.89,2912635
798,29,12635,Cedaredge,2012,2216,2216,0,2.1,1176,1056,120,10.17,1.88,2912635
799,29,12635,Cedaredge,2013,2219,2219,0,2.09,1176,1060,116,9.85,1.89,2912635
800,29,12635,Cedaredge,2014,2189,2189,0,2.09,1174,1048,126,10.7,1.86,2912635
801,29,12635,Cedaredge,2015,2187,2187,0,2.08,1177,1050,127,10.77,1.86,2912635
802,29,12635,Cedaredge,2016,2208,2208,0,2.08,1176,1063,113,9.6,1.88,2912635
803,29,12635,Cedaredge,2017,2215,2215,0,2.07,1175,1069,106,9.02,1.89,2912635
804,29,12635,Cedaredge,2018,2241,2241,0,2.07,1182,1084,98,8.27,1.9,2912635
805,29,12635,Cedaredge,2019,2263,2263,0,2.06,1191,1098,93,7.81,1.9,2912635
806,29,12635,Cedaredge,2020,2281,2281,0,2.06,1200,1108,92,7.67,1.9,2912635
807,29,12635,Cedaredge,2021,2333,2333,0,2.08,1215,1122,93,7.65,1.92,2912635
808,29,12635,Cedaredge,2022,2377,2377,0,2.08,1240,1145,95,7.66,1.92,2912635
809,29,12635,Cedaredge,2023,2429,2429,0,2.1,1251,1155,96,7.67,1.94,2912635
810,29,12635,Cedaredge,2024,2456,2456,0,2.11,1262,1165,97,7.69,1.95,2912635
811,5,12815,Centennial,2010,100555,98854,1701,2.63,38801,37517,1284,3.31,2.55,512815
812,5,12815,Centennial,2011,101652,99911,1741,2.64,38966,37895,1071,2.75,2.56,512815
813,5,12815,Centennial,2012,102798,101017,1781,2.64,39114,38296,818,2.09,2.58,512815
814,5,12815,Centennial,2013,104697,102869,1827,2.64,39574,38983,591,1.49,2.6,512815
815,5,12815,Centennial,2014,105372,103503,1870,2.64,39739,39185,554,1.39,2.6,512815
816,5,12815,Centennial,2015,106547,104625,1922,2.64,39956,39573,383,0.96,2.62,512815
817,5,12815,Centennial,2016,107156,105187,1969,2.65,40120,39761,359,0.9,2.62,512815
818,5,12815,Centennial,2017,108585,106571,2014,2.65,40927,40265,662,1.62,2.6,512815
819,5,12815,Centennial,2018,108908,106850,2059,2.65,41078,40362,716,1.74,2.6,512815
820,5,12815,Centennial,2019,109180,107077,2103,2.65,41374,40437,937,2.26,2.59,512815
821,5,12815,Centennial,2020,108087,106677,1410,2.64,41581,40416,1165,2.8,2.57,512815
822,5,12815,Centennial,2021,108093,106680,1413,2.64,41586,40421,1165,2.8,2.57,512815
823,5,12815,Centennial,2022,108105,106682,1423,2.64,41592,40426,1166,2.8,2.56,512815
824,5,12815,Centennial,2023,108956,107543,1413,2.62,42196,41014,1182,2.8,2.55,512815
825,5,12815,Centennial,2024,110749,109310,1439,2.61,43077,41870,1207,2.8,2.54,512815
826,105,12855,Center (Part),2010,218,218,0,4.49,53,49,4,8.33,4.11,10512855
827,105,12855,Center (Part),2011,115,115,0,2.48,53,46,7,12.29,2.17,10512855
828,105,12855,Center (Part),2012,108,108,0,2.47,53,44,9,17.6,2.04,10512855
829,105,12855,Center (Part),2013,100,100,0,2.47,53,41,12,23.2,1.89,10512855
830,105,12855,Center (Part),2014,93,93,0,2.47,53,38,15,28.77,1.75,10512855
831,105,12855,Center (Part),2015,85,85,0,2.46,53,35,18,34.55,1.6,10512855
832,105,12855,Center (Part),2016,78,78,0,2.46,53,32,21,40.49,1.47,10512855
833,105,12855,Center (Part),2017,70,70,0,2.45,53,28,25,46.3,1.32,10512855
834,105,12855,Center (Part),2018,61,61,0,2.45,53,25,28,52.95,1.15,10512855
835,105,12855,Center (Part),2019,53,53,0,2.41,53,22,31,58.49,1,10512855
836,105,12855,Center (Part),2020,44,44,0,2.44,53,18,35,66.04,0.83,10512855
837,105,12855,Center (Part),2021,43,43,0,2.39,53,18,35,66.04,0.81,10512855
838,105,12855,Center (Part),2022,43,43,0,2.39,53,18,35,66.04,0.81,10512855
839,105,12855,Center (Part),2023,42,42,0,2.33,53,18,35,66.04,0.79,10512855
840,105,12855,Center (Part),2024,41,41,0,2.28,53,18,35,66.04,0.77,10512855
841,109,12855,Center (Part),2010,2011,2011,0,2.93,807,686,121,14.96,2.49,10912855
842,109,12855,Center (Part),2011,2074,2074,0,2.82,807,734,73,9.01,2.57,10912855
843,109,12855,Center (Part),2012,2055,2055,0,2.8,807,733,74,9.14,2.55,10912855
844,109,12855,Center (Part),2013,2036,2036,0,2.78,807,732,75,9.31,2.52,10912855
845,109,12855,Center (Part),2014,2017,2017,0,2.76,807,731,76,9.47,2.5,10912855
846,109,12855,Center (Part),2015,1997,1997,0,2.74,807,729,78,9.62,2.47,10912855
847,109,12855,Center (Part),2016,1978,1978,0,2.72,807,728,79,9.75,2.45,10912855
848,109,12855,Center (Part),2017,1958,1958,0,2.7,807,726,81,10,2.43,10912855
849,109,12855,Center (Part),2018,1934,1934,0,2.68,807,723,84,10.44,2.4,10912855
850,109,12855,Center (Part),2019,1909,1909,0,2.66,807,719,88,10.9,2.37,10912855
851,109,12855,Center (Part),2020,1886,1886,0,2.64,807,715,92,11.4,2.34,10912855
852,109,12855,Center (Part),2021,1897,1897,0,2.65,807,715,92,11.4,2.35,10912855
853,109,12855,Center (Part),2022,1887,1887,0,2.64,807,715,92,11.4,2.34,10912855
854,109,12855,Center (Part),2023,1876,1876,0,2.62,807,715,92,11.4,2.32,10912855
855,109,12855,Center (Part),2024,1854,1854,0,2.59,807,715,92,11.4,2.3,10912855
856,999,12855,Center (Total),2010,2229,2229,0,3.03,860,735,125,14.55,2.59,99912855
857,999,12855,Center (Total),2011,2189,2189,0,2.8,860,781,79,9.21,2.55,99912855
858,999,12855,Center (Total),2012,2163,2163,0,2.78,860,777,83,9.66,2.52,99912855
859,999,12855,Center (Total),2013,2136,2136,0,2.76,860,773,87,10.16,2.48,99912855
860,999,12855,Center (Total),2014,2110,2110,0,2.75,860,768,92,10.66,2.45,99912855
861,999,12855,Center (Total),2015,2083,2083,0,2.73,860,764,96,11.15,2.42,99912855
862,999,12855,Center (Total),2016,2056,2056,0,2.71,860,760,100,11.65,2.39,99912855
863,999,12855,Center (Total),2017,2028,2028,0,2.69,860,755,105,12.24,2.36,99912855
864,999,12855,Center (Total),2018,1995,1995,0,2.67,860,748,112,13.06,2.32,99912855
865,999,12855,Center (Total),2019,1962,1962,0,2.65,860,741,119,13.84,2.28,99912855
866,999,12855,Center (Total),2020,1930,1930,0,2.63,860,733,127,14.77,2.24,99912855
867,999,12855,Center (Total),2021,1940,1940,0,2.65,860,733,127,14.77,2.26,99912855
868,999,12855,Center (Total),2022,1930,1930,0,2.63,860,733,127,14.77,2.24,99912855
869,999,12855,Center (Total),2023,1918,1918,0,2.62,860,733,127,14.77,2.23,99912855
870,999,12855,Center (Total),2024,1895,1895,0,2.59,860,733,127,14.77,2.2,99912855
871,19,12910,Central City (Part),2010,0,0,0,0,0,0,0,0,0,1912910
872,19,12910,Central City (Part),2011,0,0,0,0,0,0,0,0,0,1912910
873,19,12910,Central City (Part),2012,0,0,0,0,0,0,0,0,0,1912910
874,19,12910,Central City (Part),2013,0,0,0,0,0,0,0,0,0,1912910
875,19,12910,Central City (Part),2014,0,0,0,0,0,0,0,0,0,1912910
876,19,12910,Central City (Part),2015,0,0,0,0,0,0,0,0,0,1912910
877,19,12910,Central City (Part),2016,0,0,0,0,0,0,0,0,0,1912910
878,19,12910,Central City (Part),2017,0,0,0,0,0,0,0,0,0,1912910
879,19,12910,Central City (Part),2018,0,0,0,0,0,0,0,0,0,1912910
880,19,12910,Central City (Part),2019,0,0,0,0,0,0,0,0,0,1912910
881,19,12910,Central City (Part),2020,0,0,0,0,0,0,0,0,0,1912910
882,19,12910,Central City (Part),2021,0,0,0,0,0,0,0,0,0,1912910
883,19,12910,Central City (Part),2022,0,0,0,0,0,0,0,0,0,1912910
884,19,12910,Central City (Part),2023,0,0,0,0,0,0,0,0,0,1912910
885,19,12910,Central City (Part),2024,0,0,0,0,0,0,0,0,0,1912910
886,47,12910,Central City (Part),2010,668,668,0,1.92,493,348,145,29.45,1.35,4712910
887,47,12910,Central City (Part),2011,725,725,0,1.94,493,374,119,24.14,1.47,4712910
888,47,12910,Central City (Part),2012,731,731,0,1.94,497,377,120,24.17,1.47,4712910
889,47,12910,Central City (Part),2013,731,731,0,1.94,497,377,120,24.16,1.47,4712910
890,47,12910,Central City (Part),2014,743,743,0,1.94,505,383,122,24.18,1.47,4712910
891,47,12910,Central City (Part),2015,749,749,0,1.94,509,386,123,24.19,1.47,4712910
892,47,12910,Central City (Part),2016,748,748,0,1.94,509,386,123,24.21,1.47,4712910
893,47,12910,Central City (Part),2017,747,747,0,1.94,509,385,124,24.28,1.47,4712910
894,47,12910,Central City (Part),2018,777,777,0,1.94,530,401,129,24.42,1.47,4712910
895,47,12910,Central City (Part),2019,777,777,0,1.94,530,400,130,24.53,1.47,4712910
896,47,12910,Central City (Part),2020,779,779,0,1.94,530,402,128,24.15,1.47,4712910
897,47,12910,Central City (Part),2021,786,786,0,1.96,530,402,128,24.15,1.48,4712910
898,47,12910,Central City (Part),2022,784,784,0,1.95,530,402,128,24.15,1.48,4712910
899,47,12910,Central City (Part),2023,779,779,0,1.94,530,402,128,24.15,1.47,4712910
900,47,12910,Central City (Part),2024,786,786,0,1.94,535,406,129,24.11,1.47,4712910
901,999,12910,Central City (Total),2010,668,668,0,1.92,493,348,145,29.45,1.35,99912910
902,999,12910,Central City (Total),2011,725,725,0,1.94,493,374,119,24.14,1.47,99912910
903,999,12910,Central City (Total),2012,731,731,0,1.94,497,377,120,24.17,1.47,99912910
904,999,12910,Central City (Total),2013,731,731,0,1.94,497,377,120,24.16,1.47,99912910
905,999,12910,Central City (Total),2014,743,743,0,1.94,505,383,122,24.18,1.47,99912910
906,999,12910,Central City (Total),2015,749,749,0,1.94,509,386,123,24.19,1.47,99912910
907,999,12910,Central City (Total),2016,748,748,0,1.94,509,386,123,24.21,1.47,99912910
908,999,12910,Central City (Total),2017,747,747,0,1.94,509,385,124,24.28,1.47,99912910
909,999,12910,Central City (Total),2018,777,777,0,1.94,530,401,129,24.42,1.47,99912910
910,999,12910,Central City (Total),2019,777,777,0,1.94,530,400,130,24.53,1.47,99912910
911,999,12910,Central City (Total),2020,779,779,0,1.94,530,402,128,24.15,1.47,99912910
912,999,12910,Central City (Total),2021,786,786,0,1.96,530,402,128,24.15,1.48,99912910
913,999,12910,Central City (Total),2022,784,784,0,1.95,530,402,128,24.15,1.48,99912910
914,999,12910,Central City (Total),2023,779,779,0,1.94,530,402,128,24.15,1.47,99912910
915,999,12910,Central City (Total),2024,786,786,0,1.94,535,406,129,24.11,1.47,99912910
916,89,13460,Cheraw,2010,252,252,0,2.87,100,88,12,12.17,2.52,8913460
917,89,13460,Cheraw,2011,227,227,0,2.5,100,91,9,9.38,2.27,8913460
918,89,13460,Cheraw,2012,228,228,0,2.5,100,91,9,9.08,2.28,8913460
919,89,13460,Cheraw,2013,229,229,0,2.5,100,91,9,8.76,2.29,8913460
920,89,13460,Cheraw,2014,230,230,0,2.51,100,92,8,8.44,2.3,8913460
921,89,13460,Cheraw,2015,231,231,0,2.51,100,92,8,7.82,2.31,8913460
922,89,13460,Cheraw,2016,232,232,0,2.51,100,93,7,7.47,2.32,8913460
923,89,13460,Cheraw,2017,240,240,0,2.51,103,96,7,7.17,2.33,8913460
924,89,13460,Cheraw,2018,235,235,0,2.52,100,93,7,6.72,2.35,8913460
925,89,13460,Cheraw,2019,236,236,0,2.51,100,94,6,6,2.36,8913460
926,89,13460,Cheraw,2020,237,237,0,2.52,100,94,6,6,2.37,8913460
927,89,13460,Cheraw,2021,236,236,0,2.51,100,94,6,6,2.36,8913460
928,89,13460,Cheraw,2022,232,232,0,2.47,100,94,6,6,2.32,8913460
929,89,13460,Cheraw,2023,230,230,0,2.45,100,94,6,6,2.3,8913460
930,89,13460,Cheraw,2024,227,227,0,2.41,100,94,6,6,2.27,8913460
931,5,13845,Cherry Hills Village,2010,6019,6019,0,2.97,2160,2028,132,6.11,2.79,513845
932,5,13845,Cherry Hills Village,2011,6116,6116,0,2.98,2160,2050,110,5.07,2.83,513845
933,5,13845,Cherry Hills Village,2012,6226,6226,0,3,2160,2077,83,3.85,2.88,513845
934,5,13845,Cherry Hills Village,2013,6348,6348,0,3.01,2167,2108,59,2.74,2.93,513845
935,5,13845,Cherry Hills Village,2014,6424,6424,0,3.03,2177,2121,56,2.55,2.95,513845
936,5,13845,Cherry Hills Village,2015,6523,6523,0,3.04,2181,2143,38,1.75,2.99,513845
937,5,13845,Cherry Hills Village,2016,6566,6566,0,3.06,2182,2146,36,1.63,3.01,513845
938,5,13845,Cherry Hills Village,2017,6516,6516,0,3.07,2184,2120,64,2.94,2.98,513845
939,5,13845,Cherry Hills Village,2018,6536,6536,0,3.09,2186,2117,69,3.16,2.99,513845
940,5,13845,Cherry Hills Village,2019,6502,6502,0,3.1,2186,2096,90,4.12,2.97,513845
941,5,13845,Cherry Hills Village,2020,6430,6430,0,3.1,2187,2071,116,5.31,2.94,513845
942,5,13845,Cherry Hills Village,2021,6433,6433,0,3.1,2191,2075,116,5.31,2.94,513845
943,5,13845,Cherry Hills Village,2022,6434,6434,0,3.1,2193,2077,116,5.31,2.93,513845
944,5,13845,Cherry Hills Village,2023,6447,6447,0,3.09,2201,2084,117,5.31,2.93,513845
945,5,13845,Cherry Hills Village,2024,6486,6486,0,3.09,2218,2100,118,5.31,2.92,513845
946,17,14175,Cheyenne Wells,2010,845,818,27,2.26,407,361,46,11.19,2.01,1714175
947,17,14175,Cheyenne Wells,2011,853,826,27,2.15,408,385,23,5.72,2.02,1714175
948,17,14175,Cheyenne Wells,2012,845,818,27,2.14,408,382,26,6.4,2,1714175
949,17,14175,Cheyenne Wells,2013,832,805,27,2.14,409,377,32,7.88,1.97,1714175
950,17,14175,Cheyenne Wells,2014,825,798,27,2.13,409,374,35,8.44,1.95,1714175
951,17,14175,Cheyenne Wells,2015,814,787,27,2.13,410,370,40,9.79,1.92,1714175
952,17,14175,Cheyenne Wells,2016,799,772,27,2.12,410,364,46,11.31,1.88,1714175
953,17,14175,Cheyenne Wells,2017,790,763,27,2.12,411,360,51,12.37,1.86,1714175
954,17,14175,Cheyenne Wells,2018,779,752,27,2.11,411,356,55,13.33,1.83,1714175
955,17,14175,Cheyenne Wells,2019,768,741,27,2.11,411,352,59,14.36,1.8,1714175
956,17,14175,Cheyenne Wells,2020,750,728,22,2.09,419,348,71,16.95,1.74,1714175
957,17,14175,Cheyenne Wells,2021,735,709,26,2.04,418,347,71,16.99,1.7,1714175
958,17,14175,Cheyenne Wells,2022,733,709,24,2.04,419,348,71,16.95,1.69,1714175
959,17,14175,Cheyenne Wells,2023,724,706,18,2.03,419,348,71,16.95,1.68,1714175
960,17,14175,Cheyenne Wells,2024,723,704,19,2.02,419,348,71,16.95,1.68,1714175
961,79,14765,City of Creede,2010,287,287,0,2.18,226,131,95,41.85,1.27,7914765
962,79,14765,City of Creede,2011,244,244,0,1.81,226,135,91,40.17,1.08,7914765
963,79,14765,City of Creede,2012,243,243,0,1.8,226,135,91,40.48,1.08,7914765
964,79,14765,City of Creede,2013,245,245,0,1.8,230,136,94,40.89,1.07,7914765
965,79,14765,City of Creede,2014,245,245,0,1.8,232,136,96,41.22,1.06,7914765
966,79,14765,City of Creede,2015,246,246,0,1.8,235,137,98,41.66,1.05,7914765
967,79,14765,City of Creede,2016,247,247,0,1.79,238,138,100,42,1.04,7914765
968,79,14765,City of Creede,2017,248,248,0,1.79,240,138,102,42.31,1.03,7914765
969,79,14765,City of Creede,2018,251,251,0,1.79,245,141,104,42.59,1.02,7914765
970,79,14765,City of Creede,2019,254,254,0,1.79,249,142,107,42.97,1.02,7914765
971,79,14765,City of Creede,2020,257,257,0,1.77,252,145,107,42.46,1.02,7914765
972,79,14765,City of Creede,2021,262,262,0,1.79,254,146,108,42.52,1.03,7914765
973,79,14765,City of Creede,2022,260,260,0,1.78,254,146,108,42.52,1.02,7914765
974,79,14765,City of Creede,2023,262,262,0,1.79,254,146,108,42.52,1.03,7914765
975,79,14765,City of Creede,2024,263,263,0,1.78,257,148,109,42.41,1.02,7914765
976,43,15330,Coal Creek,2010,343,343,0,2.51,155,137,18,11.88,2.21,4315330
977,43,15330,Coal Creek,2011,333,333,0,2.43,155,137,18,11.52,2.15,4315330
978,43,15330,Coal Creek,2012,335,335,0,2.42,155,138,17,10.67,2.16,4315330
979,43,15330,Coal Creek,2013,337,337,0,2.41,155,140,15,9.81,2.17,4315330
980,43,15330,Coal Creek,2014,339,339,0,2.41,155,141,14,9.02,2.19,4315330
981,43,15330,Coal Creek,2015,342,342,0,2.4,155,142,13,8.11,2.21,4315330
982,43,15330,Coal Creek,2016,344,344,0,2.39,155,144,11,7.2,2.22,4315330
983,43,15330,Coal Creek,2017,347,347,0,2.38,155,145,10,6.19,2.24,4315330
984,43,15330,Coal Creek,2018,352,352,0,2.38,156,148,8,5.14,2.26,4315330
985,43,15330,Coal Creek,2019,357,357,0,2.36,157,151,6,3.82,2.27,4315330
986,43,15330,Coal Creek,2020,364,364,0,2.36,159,154,5,3.14,2.29,4315330
987,43,15330,Coal Creek,2021,375,375,0,2.39,162,157,5,3.09,2.31,4315330
988,43,15330,Coal Creek,2022,375,375,0,2.36,164,159,5,3.05,2.29,4315330
989,43,15330,Coal Creek,2023,377,377,0,2.34,166,161,5,3.01,2.27,4315330
990,43,15330,Coal Creek,2024,375,375,0,2.33,166,161,5,3.01,2.26,4315330
991,71,15550,Cokedale,2010,128,128,0,2.64,86,48,38,43.62,1.49,7115550
992,71,15550,Cokedale,2011,138,138,0,2.42,87,57,30,34.61,1.59,7115550
993,71,15550,Cokedale,2012,135,135,0,2.42,87,56,31,36.11,1.55,7115550
994,71,15550,Cokedale,2013,131,131,0,2.42,88,54,34,38.38,1.49,7115550
995,71,15550,Cokedale,2014,131,131,0,2.43,89,54,35,39.22,1.47,7115550
996,71,15550,Cokedale,2015,131,131,0,2.43,89,54,35,39.54,1.47,7115550
997,71,15550,Cokedale,2016,130,130,0,2.43,89,54,35,39.82,1.46,7115550
998,71,15550,Cokedale,2017,131,131,0,2.43,90,54,36,40.15,1.46,7115550
999,71,15550,Cokedale,2018,129,129,0,2.44,89,53,36,40.71,1.45,7115550
1000,71,15550,Cokedale,2019,128,128,0,2.42,90,53,37,41.11,1.42,7115550
1001,71,15550,Cokedale,2020,127,127,0,2.44,91,52,39,42.86,1.4,7115550
1002,71,15550,Cokedale,2021,128,128,0,2.46,91,52,39,42.86,1.41,7115550
1003,71,15550,Cokedale,2022,127,127,0,2.44,91,52,39,42.86,1.4,7115550
1004,71,15550,Cokedale,2023,126,126,0,2.42,91,52,39,42.86,1.38,7115550
1005,71,15550,Cokedale,2024,125,125,0,2.4,91,52,39,42.86,1.37,7115550
1006,77,15605,Collbran,2010,704,469,235,2.51,221,187,34,15.38,2.12,7715605
1007,77,15605,Collbran,2011,689,459,230,2.46,219,187,32,14.63,2.1,7715605
1008,77,15605,Collbran,2012,673,448,225,2.4,218,186,32,14.48,2.06,7715605
1009,77,15605,Collbran,2013,651,429,221,2.35,215,183,32,15.06,2,7715605
1010,77,15605,Collbran,2014,633,417,215,2.3,213,181,32,14.83,1.96,7715605
1011,77,15605,Collbran,2015,616,403,212,2.25,210,179,31,14.53,1.92,7715605
1012,77,15605,Collbran,2016,608,400,208,2.2,209,182,27,12.77,1.91,7715605
1013,77,15605,Collbran,2017,602,398,204,2.14,209,185,24,11.26,1.9,7715605
1014,77,15605,Collbran,2018,590,390,200,2.09,207,186,21,9.94,1.88,7715605
1015,77,15605,Collbran,2019,577,382,195,2.04,208,187,21,10.1,1.84,7715605
1016,77,15605,Collbran,2020,368,368,0,1.99,207,185,22,10.63,1.78,7715605
1017,77,15605,Collbran,2021,368,368,0,1.99,207,185,22,10.63,1.78,7715605
1018,77,15605,Collbran,2022,368,368,0,1.99,207,185,22,10.63,1.78,7715605
1019,77,15605,Collbran,2023,370,370,0,1.97,210,188,22,10.63,1.76,7715605
1020,77,15605,Collbran,2024,370,370,0,1.97,210,188,22,10.63,1.76,7715605
1021,41,16000,Colorado Springs,2010,420691,412154,8537,2.44,180264,169165,11099,6.16,2.29,4116000
1022,41,16000,Colorado Springs,2011,428674,419047,9628,2.44,181483,171691,9792,5.4,2.31,4116000
1023,41,16000,Colorado Springs,2012,433979,424563,9416,2.44,182829,173668,9161,5.01,2.32,4116000
1024,41,16000,Colorado Springs,2013,439614,429910,9704,2.45,184694,175588,9106,4.93,2.33,4116000
1025,41,16000,Colorado Springs,2014,443553,434175,9378,2.45,187102,177061,10041,5.37,2.32,4116000
1026,41,16000,Colorado Springs,2015,451067,441283,9784,2.46,189498,179669,9829,5.19,2.33,4116000
1027,41,16000,Colorado Springs,2016,460505,450196,10309,2.46,191887,182972,8915,4.65,2.35,4116000
1028,41,16000,Colorado Springs,2017,467285,456825,10461,2.46,194115,185401,8714,4.49,2.35,4116000
1029,41,16000,Colorado Springs,2018,474691,464345,10345,2.47,196494,188160,8334,4.24,2.36,4116000
1030,41,16000,Colorado Springs,2019,478507,468026,10481,2.47,198921,189357,9564,4.81,2.35,4116000
1031,41,16000,Colorado Springs,2020,482266,472811,9455,2.46,202631,191901,10730,5.3,2.33,4116000
1032,41,16000,Colorado Springs,2021,484866,476790,8076,2.43,206900,195944,10956,5.3,2.3,4116000
1033,41,16000,Colorado Springs,2022,487774,478334,9440,2.39,211294,200105,11189,5.3,2.26,4116000
1034,41,16000,Colorado Springs,2023,490670,481351,9319,2.35,216393,204934,11459,5.3,2.22,4116000
1035,41,16000,Colorado Springs,2024,494804,485437,9367,2.31,221848,210100,11748,5.3,2.19,4116000
1036,5,16385,Columbine Valley,2010,1258,1258,0,2.56,530,492,38,7.17,2.37,516385
1037,5,16385,Columbine Valley,2011,1282,1282,0,2.57,530,498,32,5.95,2.42,516385
1038,5,16385,Columbine Valley,2012,1310,1310,0,2.59,531,507,24,4.61,2.47,516385
1039,5,16385,Columbine Valley,2013,1335,1335,0,2.6,531,513,18,3.32,2.51,516385
1040,5,16385,Columbine Valley,2014,1356,1356,0,2.62,535,518,17,3.13,2.53,516385
1041,5,16385,Columbine Valley,2015,1424,1424,0,2.63,553,541,12,2.17,2.58,516385
1042,5,16385,Columbine Valley,2016,1467,1467,0,2.65,566,554,12,2.05,2.59,516385
1043,5,16385,Columbine Valley,2017,1486,1486,0,2.66,580,558,22,3.73,2.56,516385
1044,5,16385,Columbine Valley,2018,1488,1488,0,2.67,580,556,24,4.06,2.57,516385
1045,5,16385,Columbine Valley,2019,1476,1476,0,2.69,580,549,31,5.34,2.54,516385
1046,5,16385,Columbine Valley,2020,1497,1497,0,2.69,598,556,42,7.02,2.5,516385
1047,5,16385,Columbine Valley,2021,1511,1511,0,2.62,620,576,44,7.02,2.44,516385
1048,5,16385,Columbine Valley,2022,1527,1527,0,2.46,667,620,47,7.02,2.29,516385
1049,5,16385,Columbine Valley,2023,1547,1547,0,2.44,681,633,48,7.02,2.27,516385
1050,5,16385,Columbine Valley,2024,1547,1547,0,2.44,681,633,48,7.02,2.27,516385
1051,1,16495,Commerce City,2010,46142,45791,351,3.15,15484,14552,932,6.02,2.96,116495
1052,1,16495,Commerce City,2011,47626,47273,353,3.16,15747,14972,775,4.92,3,116495
1053,1,16495,Commerce City,2012,48789,48435,354,3.17,15890,15289,601,3.78,3.05,116495
1054,1,16495,Commerce City,2013,50139,49783,356,3.18,16108,15663,445,2.76,3.09,116495
1055,1,16495,Commerce City,2014,52026,51669,357,3.19,16514,16203,311,1.88,3.13,116495
1056,1,16495,Commerce City,2015,53852,53493,359,3.2,16890,16722,168,1,3.17,116495
1057,1,16495,Commerce City,2016,55351,54990,360,3.21,17255,17133,122,0.71,3.19,116495
1058,1,16495,Commerce City,2017,56833,56471,362,3.22,17795,17541,254,1.43,3.17,116495
1059,1,16495,Commerce City,2018,59218,58854,364,3.23,18595,18231,364,1.96,3.17,116495
1060,1,16495,Commerce City,2019,61229,60864,365,3.24,19366,18804,562,2.9,3.14,116495
1061,1,16495,Commerce City,2020,62771,62492,279,3.23,20042,19320,722,3.6,3.12,116495
1062,1,16495,Commerce City,2021,63966,63670,296,3.16,20908,20155,753,3.6,3.05,116495
1063,1,16495,Commerce City,2022,65663,65343,320,3.1,21880,21092,788,3.6,2.99,116495
1064,1,16495,Commerce City,2023,67923,67612,311,3.08,22808,21987,821,3.6,2.96,116495
1065,1,16495,Commerce City,2024,69449,69139,310,3.05,23496,22650,846,3.6,2.94,116495
1066,83,17375,Cortez,2010,8484,8358,126,2.33,3889,3592,297,7.64,2.15,8317375
1067,83,17375,Cortez,2011,8560,8431,129,2.32,3900,3629,271,6.94,2.16,8317375
1068,83,17375,Cortez,2012,8561,8429,132,2.32,3906,3635,271,6.95,2.16,8317375
1069,83,17375,Cortez,2013,8564,8429,134,2.32,3913,3641,272,6.96,2.15,8317375
1070,83,17375,Cortez,2014,8554,8417,137,2.31,3914,3641,273,6.97,2.15,8317375
1071,83,17375,Cortez,2015,8550,8411,140,2.31,3920,3645,275,7.01,2.15,8317375
1072,83,17375,Cortez,2016,8571,8428,143,2.3,3936,3659,277,7.05,2.14,8317375
1073,83,17375,Cortez,2017,8600,8455,145,2.3,3956,3676,280,7.08,2.14,8317375
1074,83,17375,Cortez,2018,8633,8485,148,2.3,3979,3695,284,7.13,2.13,8317375
1075,83,17375,Cortez,2019,8652,8501,151,2.29,3997,3709,288,7.21,2.13,8317375
1076,83,17375,Cortez,2020,8757,8545,212,2.29,4018,3732,286,7.12,2.13,8317375
1077,83,17375,Cortez,2021,8900,8691,209,2.32,4036,3748,288,7.14,2.15,8317375
1078,83,17375,Cortez,2022,9000,8794,206,2.34,4050,3761,289,7.14,2.17,8317375
1079,83,17375,Cortez,2023,9058,8846,212,2.34,4064,3774,290,7.14,2.18,8317375
1080,83,17375,Cortez,2024,9146,8935,211,2.36,4080,3789,291,7.13,2.19,8317375
1081,81,17760,Craig,2010,9468,9369,99,2.53,3999,3710,289,7.22,2.34,8117760
1082,81,17760,Craig,2011,9317,9217,101,2.47,4001,3735,266,6.65,2.3,8117760
1083,81,17760,Craig,2012,9200,9097,102,2.46,4004,3694,310,7.73,2.27,8117760
1084,81,17760,Craig,2013,9163,9059,104,2.46,4006,3687,319,7.95,2.26,8117760
1085,81,17760,Craig,2014,9064,8958,106,2.45,4006,3655,351,8.77,2.24,8117760
1086,81,17760,Craig,2015,9047,8940,107,2.45,4007,3656,351,8.76,2.23,8117760
1087,81,17760,Craig,2016,9118,9009,109,2.44,4007,3694,313,7.8,2.25,8117760
1088,81,17760,Craig,2017,9074,8963,111,2.43,4008,3684,324,8.07,2.24,8117760
1089,81,17760,Craig,2018,9089,8976,112,2.43,4019,3699,320,7.96,2.23,8117760
1090,81,17760,Craig,2019,9105,8991,114,2.42,4031,3714,317,7.86,2.23,8117760
1091,81,17760,Craig,2020,9027,8908,119,2.4,4040,3706,334,8.27,2.2,8117760
1092,81,17760,Craig,2021,8944,8835,109,2.38,4041,3707,334,8.27,2.19,8117760
1093,81,17760,Craig,2022,8948,8839,109,2.38,4047,3712,335,8.28,2.18,8117760
1094,81,17760,Craig,2023,9036,8925,111,2.4,4048,3713,335,8.28,2.2,8117760
1095,81,17760,Craig,2024,8921,8816,105,2.37,4051,3716,335,8.27,2.18,8117760
1096,29,17925,Crawford,2010,430,430,0,2.39,212,180,32,15.09,2.03,2917925
1097,29,17925,Crawford,2011,422,422,0,2.37,213,178,35,16.35,1.98,2917925
1098,29,17925,Crawford,2012,419,419,0,2.35,213,178,35,16.21,1.97,2917925
1099,29,17925,Crawford,2013,419,419,0,2.33,214,180,34,15.87,1.96,2917925
1100,29,17925,Crawford,2014,407,407,0,2.3,214,177,37,17.43,1.9,2917925
1101,29,17925,Crawford,2015,404,404,0,2.28,215,177,38,17.74,1.88,2917925
1102,29,17925,Crawford,2016,410,410,0,2.26,216,181,35,16,1.9,2917925
1103,29,17925,Crawford,2017,410,410,0,2.24,216,183,33,15.21,1.9,2917925
1104,29,17925,Crawford,2018,414,414,0,2.22,217,186,31,14.12,1.91,2917925
1105,29,17925,Crawford,2019,405,405,0,2.2,213,184,29,13.62,1.9,2917925
1106,29,17925,Crawford,2020,403,403,0,2.18,214,185,29,13.55,1.88,2917925
1107,29,17925,Crawford,2021,407,407,0,2.2,214,185,29,13.55,1.9,2917925
1108,29,17925,Crawford,2022,411,411,0,2.2,216,187,29,13.43,1.9,2917925
1109,29,17925,Crawford,2023,416,416,0,2.22,216,187,29,13.43,1.93,2917925
1110,29,17925,Crawford,2024,417,417,0,2.23,216,187,29,13.43,1.93,2917925
1111,51,18310,Crested Butte,2010,1482,1482,0,2.05,1069,723,346,32.37,1.39,5118310
1112,51,18310,Crested Butte,2011,1486,1486,0,2.06,1075,722,353,32.83,1.38,5118310
1113,51,18310,Crested Butte,2012,1491,1491,0,2.07,1084,722,362,33.42,1.38,5118310
1114,51,18310,Crested Butte,2013,1498,1498,0,2.07,1095,723,372,33.99,1.37,5118310
1115,51,18310,Crested Butte,2014,1512,1512,0,2.08,1103,727,376,34.12,1.37,5118310
1116,51,18310,Crested Butte,2015,1533,1533,0,2.09,1108,734,374,33.76,1.38,5118310
1117,51,18310,Crested Butte,2016,1557,1557,0,2.1,1119,743,376,33.62,1.39,5118310
1118,51,18310,Crested Butte,2017,1585,1585,0,2.1,1129,753,376,33.27,1.4,5118310
1119,51,18310,Crested Butte,2018,1603,1603,0,2.11,1144,759,385,33.63,1.4,5118310
1120,51,18310,Crested Butte,2019,1628,1628,0,2.12,1160,768,392,33.79,1.4,5118310
1121,51,18310,Crested Butte,2020,1642,1642,0,2.13,1190,772,418,35.13,1.38,5118310
1122,51,18310,Crested Butte,2021,1675,1675,0,2.16,1198,777,421,35.14,1.4,5118310
1123,51,18310,Crested Butte,2022,1656,1656,0,2.11,1208,784,424,35.1,1.37,5118310
1124,51,18310,Crested Butte,2023,1629,1629,0,2.07,1213,787,426,35.12,1.34,5118310
1125,51,18310,Crested Butte,2024,1610,1610,0,2.04,1219,791,428,35.11,1.32,5118310
1126,109,18420,Crestone,2010,154,154,0,3.11,78,50,28,36.52,1.97,10918420
1127,109,18420,Crestone,2011,131,131,0,2.09,81,63,18,22.22,1.62,10918420
1128,109,18420,Crestone,2012,129,129,0,2.07,81,63,18,22.78,1.59,10918420
1129,109,18420,Crestone,2013,133,133,0,2.05,85,65,20,23.46,1.56,10918420
1130,109,18420,Crestone,2014,137,137,0,2.03,89,68,21,24.15,1.54,10918420
1131,109,18420,Crestone,2015,138,138,0,2.01,91,68,23,24.83,1.52,10918420
1132,109,18420,Crestone,2016,139,139,0,1.99,94,70,24,25.49,1.48,10918420
1133,109,18420,Crestone,2017,136,136,0,1.97,94,69,25,26.48,1.45,10918420
1134,109,18420,Crestone,2018,138,138,0,1.96,98,71,27,28.04,1.41,10918420
1135,109,18420,Crestone,2019,140,140,0,1.94,103,72,31,30.1,1.36,10918420
1136,109,18420,Crestone,2020,144,144,0,1.95,109,74,35,32.11,1.32,10918420
1137,109,18420,Crestone,2021,149,149,0,1.96,112,76,36,32.14,1.33,10918420
1138,109,18420,Crestone,2022,149,149,0,1.94,113,77,36,31.86,1.32,10918420
1139,109,18420,Crestone,2023,148,148,0,1.92,113,77,36,31.86,1.31,10918420
1140,109,18420,Crestone,2024,150,150,0,1.92,115,78,37,32.17,1.3,10918420
1141,119,18530,Cripple Creek,2010,1193,1193,0,2.15,727,554,173,23.8,1.64,11918530
1142,119,18530,Cripple Creek,2011,1172,1172,0,2.14,724,546,178,24.53,1.62,11918530
1143,119,18530,Cripple Creek,2012,1160,1160,0,2.14,722,543,179,24.81,1.61,11918530
1144,119,18530,Cripple Creek,2013,1134,1134,0,2.13,718,533,185,25.75,1.58,11918530
1145,119,18530,Cripple Creek,2014,1121,1121,0,2.12,714,529,185,25.93,1.57,11918530
1146,119,18530,Cripple Creek,2015,1090,1090,0,2.11,711,517,194,27.35,1.53,11918530
1147,119,18530,Cripple Creek,2016,1111,1111,0,2.1,710,529,181,25.56,1.56,11918530
1148,119,18530,Cripple Creek,2017,1122,1122,0,2.09,708,536,172,24.29,1.58,11918530
1149,119,18530,Cripple Creek,2018,1123,1123,0,2.08,704,539,165,23.49,1.6,11918530
1150,119,18530,Cripple Creek,2019,1111,1111,0,2.08,702,535,167,23.79,1.58,11918530
1151,119,18530,Cripple Creek,2020,1155,1095,60,2.07,698,530,168,24.07,1.57,11918530
1152,119,18530,Cripple Creek,2021,1155,1100,55,2.06,704,535,169,24.01,1.56,11918530
1153,119,18530,Cripple Creek,2022,1138,1086,52,2.02,707,537,170,24.05,1.54,11918530
1154,119,18530,Cripple Creek,2023,1118,1107,11,1.98,735,558,177,24.08,1.51,11918530
1155,119,18530,Cripple Creek,2024,1117,1106,11,1.96,742,563,179,24.12,1.49,11918530
1156,75,18640,Crook,2010,110,110,0,1.98,74,56,18,25,1.49,7518640
1157,75,18640,Crook,2011,125,125,0,1.93,74,65,9,12.45,1.69,7518640
1158,75,18640,Crook,2012,125,125,0,1.93,74,65,9,12.35,1.69,7518640
1159,75,18640,Crook,2013,126,126,0,1.93,74,65,9,12.05,1.7,7518640
1160,75,18640,Crook,2014,126,126,0,1.93,74,65,9,12.09,1.7,7518640
1161,75,18640,Crook,2015,126,126,0,1.93,74,65,9,11.95,1.7,7518640
1162,75,18640,Crook,2016,126,126,0,1.93,74,65,9,11.87,1.7,7518640
1163,75,18640,Crook,2017,127,127,0,1.93,74,66,8,11.26,1.72,7518640
1164,75,18640,Crook,2018,129,129,0,1.93,75,67,8,10.53,1.72,7518640
1165,75,18640,Crook,2019,132,132,0,1.94,76,68,8,10.53,1.74,7518640
1166,75,18640,Crook,2020,133,133,0,1.93,76,69,7,9.21,1.75,7518640
1167,75,18640,Crook,2021,132,132,0,1.91,76,69,7,9.21,1.74,7518640
1168,75,18640,Crook,2022,131,131,0,1.9,76,69,7,9.21,1.72,7518640
1169,75,18640,Crook,2023,129,129,0,1.87,76,69,7,9.21,1.7,7518640
1170,75,18640,Crook,2024,129,129,0,1.87,76,69,7,9.21,1.7,7518640
1171,25,18750,Crowley,2010,177,177,0,2.43,81,73,8,10.23,2.19,2518750
1172,25,18750,Crowley,2011,168,168,0,2.24,81,75,6,7.49,2.07,2518750
1173,25,18750,Crowley,2012,167,167,0,2.24,81,75,6,7.58,2.06,2518750
1174,25,18750,Crowley,2013,167,167,0,2.23,81,75,6,7.55,2.06,2518750
1175,25,18750,Crowley,2014,167,167,0,2.23,81,75,6,7.69,2.06,2518750
1176,25,18750,Crowley,2015,166,166,0,2.23,81,74,7,8.06,2.05,2518750
1177,25,18750,Crowley,2016,165,165,0,2.23,81,74,7,8.31,2.04,2518750
1178,25,18750,Crowley,2017,165,165,0,2.22,81,74,7,8.49,2.04,2518750
1179,25,18750,Crowley,2018,164,164,0,2.22,81,74,7,8.62,2.02,2518750
1180,25,18750,Crowley,2019,164,164,0,2.22,81,74,7,8.64,2.02,2518750
1181,25,18750,Crowley,2020,165,165,0,2.2,81,75,6,7.41,2.04,2518750
1182,25,18750,Crowley,2021,170,170,0,2.27,81,75,6,7.41,2.1,2518750
1183,25,18750,Crowley,2022,166,166,0,2.21,81,75,6,7.41,2.05,2518750
1184,25,18750,Crowley,2023,159,159,0,2.12,81,75,6,7.41,1.96,2518750
1185,25,18750,Crowley,2024,160,160,0,2.13,81,75,6,7.41,1.98,2518750
1186,123,19080,Dacono,2010,4176,4176,0,2.85,1560,1467,93,5.96,2.68,12319080
1187,123,19080,Dacono,2011,4288,4288,0,2.86,1581,1499,82,5.18,2.71,12319080
1188,123,19080,Dacono,2012,4372,4372,0,2.87,1591,1521,70,4.37,2.75,12319080
1189,123,19080,Dacono,2013,4449,4449,0,2.89,1600,1541,59,3.68,2.78,12319080
1190,123,19080,Dacono,2014,4616,4616,0,2.9,1640,1592,48,2.96,2.81,12319080
1191,123,19080,Dacono,2015,4897,4897,0,2.91,1722,1681,41,2.4,2.84,12319080
1192,123,19080,Dacono,2016,5302,5302,0,2.93,1849,1811,38,2.04,2.87,12319080
1193,123,19080,Dacono,2017,5623,5623,0,2.94,1947,1913,34,1.76,2.89,12319080
1194,123,19080,Dacono,2018,5877,5877,0,2.95,2028,1990,38,1.87,2.9,12319080
1195,123,19080,Dacono,2019,6108,6108,0,2.97,2102,2059,43,2.05,2.91,12319080
1196,123,19080,Dacono,2020,6293,6293,0,2.98,2156,2115,41,1.9,2.92,12319080
1197,123,19080,Dacono,2021,6428,6428,0,2.95,2220,2178,42,1.89,2.9,12319080
1198,123,19080,Dacono,2022,6431,6431,0,2.95,2224,2182,42,1.89,2.89,12319080
1199,123,19080,Dacono,2023,6621,6621,0,2.94,2295,2251,44,1.92,2.88,12319080
1200,123,19080,Dacono,2024,6691,6691,0,2.92,2335,2291,44,1.88,2.87,12319080
1201,77,19355,De Beque,2010,500,498,2,2.65,222,188,34,15.32,2.24,7719355
1202,77,19355,De Beque,2011,500,498,2,2.65,221,188,33,15,2.25,7719355
1203,77,19355,De Beque,2012,497,495,2,2.66,220,186,34,15.31,2.25,7719355
1204,77,19355,De Beque,2013,487,485,2,2.66,218,182,36,16.43,2.22,7719355
1205,77,19355,De Beque,2014,481,479,2,2.67,216,180,36,16.71,2.22,7719355
1206,77,19355,De Beque,2015,476,474,2,2.67,214,178,36,16.94,2.21,7719355
1207,77,19355,De Beque,2016,481,479,2,2.67,212,179,33,15.43,2.26,7719355
1208,77,19355,De Beque,2017,487,485,2,2.68,211,181,30,14.11,2.3,7719355
1209,77,19355,De Beque,2018,497,495,2,2.68,212,185,27,12.94,2.33,7719355
1210,77,19355,De Beque,2019,497,495,2,2.69,213,184,29,13.62,2.32,7719355
1211,77,19355,De Beque,2020,492,488,4,2.68,213,182,31,14.55,2.29,7719355
1212,77,19355,De Beque,2021,492,488,4,2.68,213,182,31,14.55,2.29,7719355
1213,77,19355,De Beque,2022,492,488,4,2.68,213,182,31,14.55,2.29,7719355
1214,77,19355,De Beque,2023,492,488,4,2.68,213,182,31,14.55,2.29,7719355
1215,77,19355,De Beque,2024,492,488,4,2.68,213,182,31,14.55,2.29,7719355
1216,5,19630,Deer Trail,2010,547,547,0,2.38,274,230,44,16.06,2,519630
1217,5,19630,Deer Trail,2011,578,578,0,2.42,276,239,37,13.33,2.09,519630
1218,5,19630,Deer Trail,2012,614,614,0,2.46,277,250,27,9.83,2.22,519630
1219,5,19630,Deer Trail,2013,649,649,0,2.5,279,260,19,6.91,2.33,519630
1220,5,19630,Deer Trail,2014,673,673,0,2.54,283,265,18,6.33,2.38,519630
1221,5,19630,Deer Trail,2015,735,735,0,2.58,298,285,13,4.28,2.47,519630
1222,5,19630,Deer Trail,2016,833,833,0,2.62,331,318,13,3.93,2.52,519630
1223,5,19630,Deer Trail,2017,838,838,0,2.66,339,315,24,6.96,2.47,519630
1224,5,19630,Deer Trail,2018,889,889,0,2.7,356,330,26,7.36,2.5,519630
1225,5,19630,Deer Trail,2019,977,977,0,2.74,394,357,37,9.39,2.48,519630
1226,5,19630,Deer Trail,2020,1103,1103,0,2.76,455,399,56,12.3,2.42,519630
1227,5,19630,Deer Trail,2021,1140,1140,0,2.53,514,451,63,12.3,2.22,519630
1228,5,19630,Deer Trail,2022,1165,1165,0,2.26,587,515,72,12.3,1.98,519630
1229,5,19630,Deer Trail,2023,1245,1245,0,2.2,647,567,80,12.3,1.92,519630
1230,5,19630,Deer Trail,2024,1333,1333,0,2.19,693,608,85,12.3,1.92,519630
1231,105,19795,Del Norte,2010,1688,1647,41,2.57,799,641,158,19.74,2.06,10519795
1232,105,19795,Del Norte,2011,1620,1581,40,2.4,799,660,139,17.41,1.98,10519795
1233,105,19795,Del Norte,2012,1598,1559,38,2.38,799,656,143,17.89,1.95,10519795
1234,105,19795,Del Norte,2013,1573,1536,37,2.36,799,651,148,18.48,1.92,10519795
1235,105,19795,Del Norte,2014,1552,1516,36,2.34,799,648,151,18.93,1.9,10519795
1236,105,19795,Del Norte,2015,1532,1497,34,2.32,800,645,155,19.41,1.87,10519795
1237,105,19795,Del Norte,2016,1513,1480,33,2.3,802,642,160,19.91,1.85,10519795
1238,105,19795,Del Norte,2017,1495,1463,32,2.29,803,640,163,20.29,1.82,10519795
1239,105,19795,Del Norte,2018,1475,1445,30,2.27,806,637,169,20.97,1.79,10519795
1240,105,19795,Del Norte,2019,1458,1429,29,2.25,809,635,174,21.51,1.77,10519795
1241,105,19795,Del Norte,2020,1458,1412,46,2.23,813,634,179,22.02,1.74,10519795
1242,105,19795,Del Norte,2021,1438,1390,48,2.19,814,635,179,21.99,1.71,10519795
1243,105,19795,Del Norte,2022,1416,1374,42,2.16,814,635,179,21.99,1.69,10519795
1244,105,19795,Del Norte,2023,1401,1351,50,2.12,817,637,180,22.03,1.65,10519795
1245,105,19795,Del Norte,2024,1393,1335,58,2.09,821,640,181,22.05,1.63,10519795
1246,29,19850,Delta,2010,8897,8761,136,2.49,3826,3523,303,7.92,2.29,2919850
1247,29,19850,Delta,2011,8821,8682,139,2.48,3828,3501,327,8.53,2.27,2919850
1248,29,19850,Delta,2012,8889,8747,142,2.47,3863,3538,325,8.41,2.26,2919850
1249,29,19850,Delta,2013,8882,8734,148,2.47,3859,3543,316,8.19,2.26,2919850
1250,29,19850,Delta,2014,8791,8642,149,2.46,3861,3516,345,8.94,2.24,2919850
1251,29,19850,Delta,2015,8834,8682,152,2.45,3895,3543,352,9.04,2.23,2919850
1252,29,19850,Delta,2016,8872,8717,154,2.44,3882,3567,315,8.11,2.25,2919850
1253,29,19850,Delta,2017,8891,8734,157,2.44,3882,3585,297,7.66,2.25,2919850
1254,29,19850,Delta,2018,8928,8768,160,2.43,3883,3609,274,7.06,2.26,2919850
1255,29,19850,Delta,2019,8981,8818,163,2.42,3902,3639,263,6.74,2.26,2919850
1256,29,19850,Delta,2020,9072,8904,168,2.42,3944,3682,262,6.64,2.26,2919850
1257,29,19850,Delta,2021,9208,9053,155,2.44,3969,3705,264,6.65,2.28,2919850
1258,29,19850,Delta,2022,9282,9133,149,2.44,4011,3745,266,6.63,2.28,2919850
1259,29,19850,Delta,2023,9454,9292,162,2.47,4030,3762,268,6.65,2.31,2919850
1260,29,19850,Delta,2024,9534,9365,169,2.48,4052,3783,269,6.64,2.31,2919850
1261,31,20000,Denver,2010,604879,588898,15981,2.22,287392,265233,22159,7.71,2.05,3120000
1262,31,20000,Denver,2011,620229,604024,16205,2.22,288388,272237,16151,5.6,2.09,3120000
1263,31,20000,Denver,2012,632924,616740,16184,2.22,290342,278164,12178,4.19,2.12,3120000
1264,31,20000,Denver,2013,645302,629224,16078,2.22,295120,283994,11126,3.77,2.13,3120000
1265,31,20000,Denver,2014,658632,642474,16158,2.21,300889,290179,10710,3.56,2.14,3120000
1266,31,20000,Denver,2015,675534,659092,16442,2.21,306476,297895,8581,2.8,2.15,3120000
1267,31,20000,Denver,2016,686468,670083,16385,2.21,314369,303076,11293,3.59,2.13,3120000
1268,31,20000,Denver,2017,693134,676812,16322,2.21,321058,306336,14722,4.59,2.11,3120000
1269,31,20000,Denver,2018,702679,686379,16300,2.21,331306,310886,20420,6.16,2.07,3120000
1270,31,20000,Denver,2019,710143,693851,16292,2.21,338605,314493,24112,7.12,2.05,3120000
1271,31,20000,Denver,2020,717626,702014,15612,2.18,350887,322759,28128,8.02,2,3120000
1272,31,20000,Denver,2021,711487,697568,13919,2.12,357895,329206,28689,8.02,1.95,3120000
1273,31,20000,Denver,2022,714747,699324,15423,2.1,362605,333538,29067,8.02,1.93,3120000
1274,31,20000,Denver,2023,720885,705013,15872,2.06,371581,341795,29786,8.02,1.9,3120000
1275,31,20000,Denver,2024,728309,712470,15839,2.05,378170,347855,30315,8.02,1.88,3120000
1276,117,20440,Dillon,2010,906,906,0,1.99,1290,456,834,64.65,0.7,11720440
1277,117,20440,Dillon,2011,911,911,0,1.99,1290,457,833,64.57,0.71,11720440
1278,117,20440,Dillon,2012,926,926,0,2,1288,463,825,64.06,0.72,11720440
1279,117,20440,Dillon,2013,947,947,0,2.01,1285,472,813,63.31,0.74,11720440
1280,117,20440,Dillon,2014,969,969,0,2.01,1286,481,805,62.59,0.75,11720440
1281,117,20440,Dillon,2015,1001,1001,0,2.02,1286,495,791,61.5,0.78,11720440
1282,117,20440,Dillon,2016,1025,1025,0,2.03,1286,506,780,60.69,0.8,11720440
1283,117,20440,Dillon,2017,1037,1037,0,2.03,1291,510,781,60.49,0.8,11720440
1284,117,20440,Dillon,2018,1034,1034,0,2.04,1297,507,790,60.91,0.8,11720440
1285,117,20440,Dillon,2019,1058,1058,0,2.05,1344,517,827,61.53,0.79,11720440
1286,117,20440,Dillon,2020,1066,1066,0,2.03,1381,524,857,62.06,0.77,11720440
1287,117,20440,Dillon,2021,1056,1056,0,2,1390,527,863,62.09,0.76,11720440
1288,117,20440,Dillon,2022,1032,1032,0,1.95,1398,530,868,62.09,0.74,11720440
1289,117,20440,Dillon,2023,1019,1019,0,1.91,1407,533,874,62.12,0.72,11720440
1290,117,20440,Dillon,2024,1048,1048,0,1.94,1423,539,884,62.12,0.74,11720440
1291,81,20495,Dinosaur,2010,339,339,0,3.12,145,109,36,25.14,2.34,8120495
1292,81,20495,Dinosaur,2011,286,286,0,2.57,145,111,34,23.35,1.97,8120495
1293,81,20495,Dinosaur,2012,269,269,0,2.55,145,105,40,27.37,1.86,8120495
1294,81,20495,Dinosaur,2013,263,263,0,2.53,145,104,41,28.37,1.81,8120495
1295,81,20495,Dinosaur,2014,249,249,0,2.51,145,99,46,31.53,1.72,8120495
1296,81,20495,Dinosaur,2015,247,247,0,2.49,145,99,46,31.71,1.7,8120495
1297,81,20495,Dinosaur,2016,257,257,0,2.47,145,104,41,28.47,1.77,8120495
1298,81,20495,Dinosaur,2017,254,254,0,2.45,147,103,44,29.64,1.73,8120495
1299,81,20495,Dinosaur,2018,254,254,0,2.43,148,104,44,29.43,1.72,8120495
1300,81,20495,Dinosaur,2019,253,253,0,2.41,148,105,43,29.05,1.71,8120495
1301,81,20495,Dinosaur,2020,242,242,0,2.4,148,101,47,31.76,1.64,8120495
1302,81,20495,Dinosaur,2021,240,240,0,2.38,148,101,47,31.76,1.62,8120495
1303,81,20495,Dinosaur,2022,240,240,0,2.38,148,101,47,31.76,1.62,8120495
1304,81,20495,Dinosaur,2023,244,244,0,2.39,149,102,47,31.54,1.64,8120495
1305,81,20495,Dinosaur,2024,241,241,0,2.36,149,102,47,31.54,1.62,8120495
1306,83,20770,Dolores,2010,936,927,9,2.21,488,420,68,13.97,1.9,8320770
1307,83,20770,Dolores,2011,919,910,9,2.14,488,426,62,12.76,1.86,8320770
1308,83,20770,Dolores,2012,913,903,9,2.12,488,425,63,12.85,1.85,8320770
1309,83,20770,Dolores,2013,908,899,10,2.11,489,426,63,12.95,1.84,8320770
1310,83,20770,Dolores,2014,904,894,10,2.1,490,426,64,13.03,1.82,8320770
1311,83,20770,Dolores,2015,902,892,10,2.09,493,428,65,13.19,1.81,8320770
1312,83,20770,Dolores,2016,899,889,10,2.07,495,429,66,13.34,1.8,8320770
1313,83,20770,Dolores,2017,896,886,10,2.06,497,430,67,13.47,1.78,8320770
1314,83,20770,Dolores,2018,893,882,11,2.05,499,431,68,13.65,1.77,8320770
1315,83,20770,Dolores,2019,894,883,11,2.03,504,434,70,13.89,1.75,8320770
1316,83,20770,Dolores,2020,888,888,0,2.02,510,439,71,13.92,1.74,8320770
1317,83,20770,Dolores,2021,906,906,0,2.05,514,442,72,14.01,1.76,8320770
1318,83,20770,Dolores,2022,919,919,0,2.07,517,445,72,13.93,1.78,8320770
1319,83,20770,Dolores,2023,923,923,0,2.07,518,446,72,13.9,1.78,8320770
1320,83,20770,Dolores,2024,936,936,0,2.08,522,449,73,13.98,1.79,8320770
1321,33,21265,Dove Creek,2010,734,734,0,2.58,331,284,47,14.17,2.22,3321265
1322,33,21265,Dove Creek,2011,731,731,0,2.38,331,308,23,7.07,2.21,3321265
1323,33,21265,Dove Creek,2012,715,715,0,2.36,331,302,29,8.65,2.16,3321265
1324,33,21265,Dove Creek,2013,705,705,0,2.35,331,299,32,9.58,2.13,3321265
1325,33,21265,Dove Creek,2014,695,695,0,2.34,331,296,35,10.46,2.1,3321265
1326,33,21265,Dove Creek,2015,684,684,0,2.33,331,293,38,11.48,2.07,3321265
1327,33,21265,Dove Creek,2016,673,673,0,2.32,331,290,41,12.39,2.03,3321265
1328,33,21265,Dove Creek,2017,664,664,0,2.31,331,287,44,13.27,2.01,3321265
1329,33,21265,Dove Creek,2018,652,652,0,2.3,331,283,48,14.4,1.97,3321265
1330,33,21265,Dove Creek,2019,644,644,0,2.29,331,281,50,15.11,1.95,3321265
1331,33,21265,Dove Creek,2020,635,635,0,2.28,331,279,52,15.71,1.92,3321265
1332,33,21265,Dove Creek,2021,642,642,0,2.3,331,279,52,15.71,1.94,3321265
1333,33,21265,Dove Creek,2022,659,659,0,2.36,331,279,52,15.71,1.99,3321265
1334,33,21265,Dove Creek,2023,674,674,0,2.42,331,279,52,15.71,2.04,3321265
1335,33,21265,Dove Creek,2024,646,646,0,2.32,331,279,52,15.71,1.95,3321265
1336,67,22035,Durango,2010,16889,15267,1622,2.18,7851,7018,833,10.61,1.94,6722035
1337,67,22035,Durango,2011,16959,15345,1614,2.17,7905,7072,833,10.54,1.94,6722035
1338,67,22035,Durango,2012,17188,15416,1772,2.16,7947,7123,824,10.37,1.94,6722035
1339,67,22035,Durango,2013,17525,15538,1987,2.16,7995,7198,797,9.97,1.94,6722035
1340,67,22035,Durango,2014,17569,15707,1862,2.15,8089,7294,795,9.82,1.94,6722035
1341,67,22035,Durango,2015,17889,15984,1904,2.15,8224,7440,784,9.53,1.94,6722035
1342,67,22035,Durango,2016,18198,16350,1848,2.14,8419,7627,792,9.41,1.94,6722035
1343,67,22035,Durango,2017,18262,16498,1764,2.14,8531,7714,817,9.57,1.93,6722035
1344,67,22035,Durango,2018,18860,17103,1756,2.13,8892,8011,881,9.9,1.92,6722035
1345,67,22035,Durango,2019,18934,17181,1753,2.13,9034,8066,968,10.72,1.9,6722035
1346,67,22035,Durango,2020,19062,17369,1693,2.12,9188,8192,996,10.84,1.89,6722035
1347,67,22035,Durango,2021,19106,17611,1495,2.13,9281,8275,1006,10.84,1.9,6722035
1348,67,22035,Durango,2022,19482,17645,1837,2.1,9406,8386,1020,10.84,1.88,6722035
1349,67,22035,Durango,2023,19465,17627,1838,2.07,9537,8503,1034,10.84,1.85,6722035
1350,67,22035,Durango,2024,19756,17899,1857,2.06,9731,8676,1055,10.84,1.84,6722035
1351,61,22145,Eads,2010,609,595,14,2.06,355,288,67,18.75,1.68,6122145
1352,61,22145,Eads,2011,661,645,16,2.11,355,306,49,13.79,1.82,6122145
1353,61,22145,Eads,2012,666,648,18,2.13,355,305,50,14.22,1.83,6122145
1354,61,22145,Eads,2013,668,648,20,2.15,355,302,53,14.97,1.83,6122145
1355,61,22145,Eads,2014,665,644,22,2.17,355,297,58,16.36,1.81,6122145
1356,61,22145,Eads,2015,672,648,24,2.19,355,296,59,16.51,1.83,6122145
1357,61,22145,Eads,2016,678,653,25,2.21,355,296,59,16.66,1.84,6122145
1358,61,22145,Eads,2017,682,655,27,2.23,355,294,61,17.14,1.85,6122145
1359,61,22145,Eads,2018,688,659,29,2.24,355,294,61,17.31,1.86,6122145
1360,61,22145,Eads,2019,694,663,31,2.26,355,293,62,17.46,1.87,6122145
1361,61,22145,Eads,2020,675,662,13,2.3,355,288,67,18.87,1.86,6122145
1362,61,22145,Eads,2021,670,657,13,2.28,355,288,67,18.87,1.85,6122145
1363,61,22145,Eads,2022,654,641,13,2.23,355,288,67,18.87,1.81,6122145
1364,61,22145,Eads,2023,628,615,13,2.14,355,288,67,18.87,1.73,6122145
1365,61,22145,Eads,2024,642,629,13,2.18,355,288,67,18.87,1.77,6122145
1366,37,22200,Eagle,2010,6483,6429,54,2.91,2456,2211,245,9.98,2.62,3722200
1367,37,22200,Eagle,2011,6653,6593,59,2.95,2466,2236,230,9.34,2.67,3722200
1368,37,22200,Eagle,2012,6682,6617,64,2.94,2468,2248,220,8.93,2.68,3722200
1369,37,22200,Eagle,2013,6706,6636,70,2.94,2469,2258,211,8.53,2.69,3722200
1370,37,22200,Eagle,2014,6765,6690,75,2.93,2483,2281,202,8.13,2.69,3722200
1371,37,22200,Eagle,2015,6847,6767,80,2.93,2503,2310,193,7.7,2.7,3722200
1372,37,22200,Eagle,2016,6939,6854,85,2.92,2529,2344,185,7.3,2.71,3722200
1373,37,22200,Eagle,2017,7033,6943,90,2.92,2559,2382,177,6.93,2.71,3722200
1374,37,22200,Eagle,2018,7242,7147,95,2.91,2627,2456,171,6.52,2.72,3722200
1375,37,22200,Eagle,2019,7371,7271,100,2.9,2668,2505,163,6.11,2.73,3722200
1376,37,22200,Eagle,2020,7526,7445,81,2.88,2727,2589,138,5.06,2.73,3722200
1377,37,22200,Eagle,2021,7502,7423,79,2.79,2801,2660,141,5.03,2.65,3722200
1378,37,22200,Eagle,2022,7504,7421,83,2.73,2861,2717,144,5.03,2.59,3722200
1379,37,22200,Eagle,2023,7345,7262,83,2.66,2877,2732,145,5.04,2.52,3722200
1380,37,22200,Eagle,2024,7364,7276,88,2.61,2932,2784,148,5.05,2.48,3722200
1381,123,22860,Eaton,2010,4380,4380,0,2.69,1699,1627,72,4.24,2.58,12322860
1382,123,22860,Eaton,2011,4437,4437,0,2.7,1708,1643,65,3.78,2.6,12322860
1383,123,22860,Eaton,2012,4502,4502,0,2.71,1719,1663,56,3.28,2.62,12322860
1384,123,22860,Eaton,2013,4591,4591,0,2.72,1740,1690,50,2.85,2.64,12322860
1385,123,22860,Eaton,2014,4752,4752,0,2.72,1787,1745,42,2.38,2.66,12322860
1386,123,22860,Eaton,2015,4880,4880,0,2.73,1823,1786,37,2.01,2.68,12322860
1387,123,22860,Eaton,2016,5033,5033,0,2.74,1871,1837,34,1.8,2.69,12322860
1388,123,22860,Eaton,2017,5198,5198,0,2.75,1924,1892,32,1.64,2.7,12322860
1389,123,22860,Eaton,2018,5458,5458,0,2.75,2019,1981,38,1.86,2.7,12322860
1390,123,22860,Eaton,2019,5669,5669,0,2.76,2099,2053,46,2.19,2.7,12322860
1391,123,22860,Eaton,2020,5801,5801,0,2.77,2147,2097,50,2.33,2.7,12322860
1392,123,22860,Eaton,2021,5774,5774,0,2.74,2154,2104,50,2.32,2.68,12322860
1393,123,22860,Eaton,2022,5811,5811,0,2.74,2171,2120,51,2.35,2.68,12322860
1394,123,22860,Eaton,2023,5803,5803,0,2.73,2173,2122,51,2.35,2.67,12322860
1395,123,22860,Eaton,2024,5769,5769,0,2.72,2175,2124,51,2.34,2.65,12322860
1396,125,23025,Eckley,2010,257,257,0,2.83,109,91,18,16.67,2.36,12523025
1397,125,23025,Eckley,2011,230,230,0,2.35,109,98,11,10.09,2.11,12523025
1398,125,23025,Eckley,2012,230,230,0,2.36,109,98,11,10.53,2.11,12523025
1399,125,23025,Eckley,2013,230,230,0,2.37,109,97,12,10.9,2.11,12523025
1400,125,23025,Eckley,2014,230,230,0,2.38,109,97,12,11.42,2.11,12523025
1401,125,23025,Eckley,2015,228,228,0,2.39,109,96,13,12.34,2.09,12523025
1402,125,23025,Eckley,2016,228,228,0,2.4,109,95,14,12.81,2.09,12523025
1403,125,23025,Eckley,2017,228,228,0,2.41,109,95,14,13.21,2.09,12523025
1404,125,23025,Eckley,2018,231,231,0,2.42,110,95,15,13.42,2.1,12523025
1405,125,23025,Eckley,2019,231,231,0,2.43,110,95,15,13.64,2.1,12523025
1406,125,23025,Eckley,2020,231,231,0,2.43,110,95,15,13.64,2.1,12523025
1407,125,23025,Eckley,2021,233,233,0,2.43,111,96,15,13.51,2.1,12523025
1408,125,23025,Eckley,2022,240,240,0,2.45,114,98,16,14.04,2.11,12523025
1409,125,23025,Eckley,2023,239,239,0,2.44,114,98,16,14.04,2.1,12523025
1410,125,23025,Eckley,2024,239,239,0,2.44,114,98,16,14.04,2.1,12523025
1411,59,23135,Edgewater,2010,5177,5177,0,2.3,2436,2249,187,7.68,2.13,5923135
1412,59,23135,Edgewater,2011,5196,5196,0,2.29,2436,2271,165,6.77,2.13,5923135
1413,59,23135,Edgewater,2012,5222,5222,0,2.27,2436,2296,140,5.73,2.14,5923135
1414,59,23135,Edgewater,2013,5232,5232,0,2.26,2436,2315,121,4.97,2.15,5923135
1415,59,23135,Edgewater,2014,5251,5251,0,2.25,2436,2338,98,4.04,2.16,5923135
1416,59,23135,Edgewater,2015,5219,5219,0,2.23,2436,2338,98,4.04,2.14,5923135
1417,59,23135,Edgewater,2016,5223,5223,0,2.22,2440,2354,86,3.53,2.14,5923135
1418,59,23135,Edgewater,2017,5157,5157,0,2.2,2440,2340,100,4.12,2.11,5923135
1419,59,23135,Edgewater,2018,5136,5136,0,2.19,2448,2344,104,4.23,2.1,5923135
1420,59,23135,Edgewater,2019,5065,5065,0,2.18,2448,2327,121,4.94,2.07,5923135
1421,59,23135,Edgewater,2020,4999,4999,0,2.16,2448,2314,134,5.47,2.04,5923135
1422,59,23135,Edgewater,2021,4953,4953,0,2.14,2452,2318,134,5.46,2.02,5923135
1423,59,23135,Edgewater,2022,4950,4950,0,2.09,2506,2369,137,5.47,1.98,5923135
1424,59,23135,Edgewater,2023,4939,4939,0,2.07,2519,2381,138,5.48,1.96,5923135
1425,59,23135,Edgewater,2024,4924,4924,0,2.06,2525,2387,138,5.47,1.95,5923135
1426,39,23740,Elizabeth,2010,1358,1358,0,2.78,531,489,42,7.91,2.56,3923740
1427,39,23740,Elizabeth,2011,1347,1347,0,2.78,529,485,44,8.26,2.55,3923740
1428,39,23740,Elizabeth,2012,1343,1343,0,2.78,527,484,43,8.16,2.55,3923740
1429,39,23740,Elizabeth,2013,1345,1345,0,2.77,524,485,39,7.5,2.57,3923740
1430,39,23740,Elizabeth,2014,1359,1359,0,2.77,522,490,32,6.19,2.6,3923740
1431,39,23740,Elizabeth,2015,1371,1371,0,2.77,520,494,26,4.92,2.64,3923740
1432,39,23740,Elizabeth,2016,1375,1375,0,2.77,519,496,23,4.49,2.65,3923740
1433,39,23740,Elizabeth,2017,1387,1387,0,2.77,518,500,18,3.42,2.68,3923740
1434,39,23740,Elizabeth,2018,1386,1386,0,2.77,516,500,16,3.08,2.69,3923740
1435,39,23740,Elizabeth,2019,1522,1522,0,2.77,571,549,22,3.85,2.67,3923740
1436,39,23740,Elizabeth,2020,1713,1700,13,2.77,634,613,21,3.31,2.68,3923740
1437,39,23740,Elizabeth,2021,2013,2000,13,2.79,741,716,25,3.37,2.7,3923740
1438,39,23740,Elizabeth,2022,2282,2269,13,2.75,854,825,29,3.4,2.66,3923740
1439,39,23740,Elizabeth,2023,2369,2356,13,2.78,877,847,30,3.42,2.69,3923740
1440,39,23740,Elizabeth,2024,2672,2659,13,2.75,1002,968,34,3.39,2.65,3923740
1441,19,24620,Empire,2010,283,283,0,1.68,199,168,31,15.46,1.42,1924620
1442,19,24620,Empire,2011,299,299,0,1.75,200,171,29,14.35,1.5,1924620
1443,19,24620,Empire,2012,303,303,0,1.76,201,172,29,14.61,1.51,1924620
1444,19,24620,Empire,2013,306,306,0,1.78,201,172,29,14.64,1.52,1924620
1445,19,24620,Empire,2014,311,311,0,1.8,202,173,29,14.56,1.54,1924620
1446,19,24620,Empire,2015,317,317,0,1.82,203,174,29,14.11,1.56,1924620
1447,19,24620,Empire,2016,323,323,0,1.84,204,176,28,13.83,1.58,1924620
1448,19,24620,Empire,2017,332,332,0,1.86,205,178,27,12.95,1.62,1924620
1449,19,24620,Empire,2018,335,335,0,1.88,206,178,28,13.43,1.63,1924620
1450,19,24620,Empire,2019,340,340,0,1.9,207,179,28,13.53,1.64,1924620
1451,19,24620,Empire,2020,343,343,0,1.91,208,180,28,13.46,1.65,1924620
1452,19,24620,Empire,2021,346,346,0,1.91,209,181,28,13.4,1.66,1924620
1453,19,24620,Empire,2022,339,339,0,1.86,210,182,28,13.33,1.61,1924620
1454,19,24620,Empire,2023,332,332,0,1.81,211,183,28,13.27,1.57,1924620
1455,19,24620,Empire,2024,331,331,0,1.81,212,183,29,13.68,1.56,1924620
1456,5,24785,Englewood,2010,30292,30001,291,2.08,15478,14393,1085,7.01,1.94,524785
1457,5,24785,Englewood,2011,30648,30360,289,2.08,15467,14567,900,5.82,1.96,524785
1458,5,24785,Englewood,2012,31027,30732,295,2.08,15435,14748,687,4.45,1.99,524785
1459,5,24785,Englewood,2013,31385,31082,303,2.08,15412,14921,491,3.19,2.02,524785
1460,5,24785,Englewood,2014,32071,31761,310,2.08,15711,15243,468,2.98,2.02,524785
1461,5,24785,Englewood,2015,33024,32706,319,2.08,16022,15693,329,2.05,2.04,524785
1462,5,24785,Englewood,2016,34017,33691,326,2.08,16484,16167,317,1.92,2.04,524785
1463,5,24785,Englewood,2017,33920,33586,334,2.08,16702,16121,581,3.48,2.01,524785
1464,5,24785,Englewood,2018,33881,33540,341,2.08,16736,16106,630,3.76,2,524785
1465,5,24785,Englewood,2019,33840,33491,349,2.08,16919,16090,829,4.9,1.98,524785
1466,5,24785,Englewood,2020,33649,33168,481,2.07,17096,15998,1098,6.42,1.94,524785
1467,5,24785,Englewood,2021,33719,33233,486,2.06,17224,16117,1107,6.42,1.93,524785
1468,5,24785,Englewood,2022,33737,33251,486,2.05,17292,16181,1111,6.42,1.92,524785
1469,5,24785,Englewood,2023,33948,33465,483,2.04,17491,16367,1124,6.42,1.91,524785
1470,5,24785,Englewood,2024,34604,34103,501,2.03,17911,16760,1151,6.42,1.9,524785
1471,13,24950,Erie (Part),2010,8428,8428,0,2.97,2895,2837,58,2,2.91,1324950
1472,13,24950,Erie (Part),2011,8711,8711,0,2.98,2975,2925,50,1.69,2.93,1324950
1473,13,24950,Erie (Part),2012,8907,8907,0,2.99,3025,2983,42,1.37,2.94,1324950
1474,13,24950,Erie (Part),2013,9022,9022,0,2.99,3052,3015,37,1.21,2.96,1324950
1475,13,24950,Erie (Part),2014,9348,9348,0,3,3157,3116,41,1.29,2.96,1324950
1476,13,24950,Erie (Part),2015,9773,9773,0,3.01,3282,3250,32,0.97,2.98,1324950
1477,13,24950,Erie (Part),2016,10339,10339,0,3.01,3464,3432,32,0.92,2.98,1324950
1478,13,24950,Erie (Part),2017,10772,10772,0,3.02,3617,3570,47,1.29,2.98,1324950
1479,13,24950,Erie (Part),2018,11525,11525,0,3.02,3870,3815,55,1.42,2.98,1324950
1480,13,24950,Erie (Part),2019,12081,12081,0,3.03,4087,3993,94,2.3,2.96,1324950
1481,13,24950,Erie (Part),2020,12742,12742,0,3.01,4330,4230,100,2.31,2.94,1324950
1482,13,24950,Erie (Part),2021,13126,13126,0,2.96,4533,4428,105,2.32,2.9,1324950
1483,13,24950,Erie (Part),2022,14382,14382,0,2.94,5003,4887,116,2.32,2.87,1324950
1484,13,24950,Erie (Part),2023,15166,15166,0,2.91,5337,5213,124,2.32,2.84,1324950
1485,13,24950,Erie (Part),2024,15916,15916,0,2.87,5684,5552,132,2.32,2.8,1324950
1486,123,24950,Erie (Part),2010,10004,10004,0,2.8,3782,3568,214,5.66,2.65,12324950
1487,123,24950,Erie (Part),2011,10487,10487,0,2.82,3916,3719,197,5.03,2.68,12324950
1488,123,24950,Erie (Part),2012,10978,10978,0,2.84,4048,3871,177,4.36,2.71,12324950
1489,123,24950,Erie (Part),2013,11483,11483,0,2.85,4185,4027,158,3.78,2.74,12324950
1490,123,24950,Erie (Part),2014,12022,12022,0,2.87,4328,4192,136,3.14,2.78,12324950
1491,123,24950,Erie (Part),2015,12605,12605,0,2.88,4490,4371,119,2.66,2.81,12324950
1492,123,24950,Erie (Part),2016,13490,13490,0,2.9,4765,4652,113,2.36,2.83,12324950
1493,123,24950,Erie (Part),2017,14578,14578,0,2.91,5111,5001,110,2.15,2.85,12324950
1494,123,24950,Erie (Part),2018,15379,15379,0,2.93,5378,5247,131,2.43,2.86,12324950
1495,123,24950,Erie (Part),2019,16484,16484,0,2.95,5760,5594,166,2.88,2.86,12324950
1496,123,24950,Erie (Part),2020,17640,17640,0,2.96,6150,5961,189,3.07,2.87,12324950
1497,123,24950,Erie (Part),2021,18191,18191,0,2.94,6393,6197,196,3.07,2.85,12324950
1498,123,24950,Erie (Part),2022,19037,19037,0,2.93,6700,6494,206,3.07,2.84,12324950
1499,123,24950,Erie (Part),2023,20604,20604,0,2.92,7268,7045,223,3.07,2.83,12324950
1500,123,24950,Erie (Part),2024,22931,22931,0,2.9,8144,7894,250,3.07,2.82,12324950
1501,999,24950,Erie (Total),2010,18432,18432,0,2.88,6677,6405,272,4.07,2.76,99924950
1502,999,24950,Erie (Total),2011,19198,19198,0,2.89,6891,6643,248,3.59,2.79,99924950
1503,999,24950,Erie (Total),2012,19885,19885,0,2.9,7073,6855,218,3.08,2.81,99924950
1504,999,24950,Erie (Total),2013,20505,20505,0,2.91,7237,7042,195,2.7,2.83,99924950
1505,999,24950,Erie (Total),2014,21370,21370,0,2.92,7485,7308,177,2.36,2.86,99924950
1506,999,24950,Erie (Total),2015,22378,22378,0,2.94,7772,7621,151,1.95,2.88,99924950
1507,999,24950,Erie (Total),2016,23829,23829,0,2.95,8229,8085,144,1.76,2.9,99924950
1508,999,24950,Erie (Total),2017,25349,25349,0,2.96,8728,8571,157,1.79,2.9,99924950
1509,999,24950,Erie (Total),2018,26904,26904,0,2.97,9248,9062,186,2.01,2.91,99924950
1510,999,24950,Erie (Total),2019,28565,28565,0,2.98,9847,9587,260,2.64,2.9,99924950
1511,999,24950,Erie (Total),2020,30382,30382,0,2.98,10480,10191,289,2.76,2.9,99924950
1512,999,24950,Erie (Total),2021,31317,31317,0,2.95,10926,10625,301,2.75,2.87,99924950
1513,999,24950,Erie (Total),2022,33419,33419,0,2.94,11703,11381,322,2.75,2.86,99924950
1514,999,24950,Erie (Total),2023,35770,35770,0,2.92,12605,12258,347,2.75,2.84,99924950
1515,999,24950,Erie (Total),2024,38847,38847,0,2.89,13828,13446,382,2.76,2.81,99924950
1516,69,25115,Estes Park,2010,5865,5828,37,2.08,4113,2799,1314,31.95,1.42,6925115
1517,69,25115,Estes Park,2011,6015,5978,38,2.08,4124,2868,1256,30.46,1.45,6925115
1518,69,25115,Estes Park,2012,6219,6181,39,2.09,4145,2962,1183,28.53,1.49,6925115
1519,69,25115,Estes Park,2013,6276,6236,39,2.09,4176,2987,1189,28.48,1.49,6925115
1520,69,25115,Estes Park,2014,6412,6371,40,2.09,4200,3050,1150,27.38,1.52,6925115
1521,69,25115,Estes Park,2015,6658,6618,41,2.09,4221,3166,1055,25,1.57,6925115
1522,69,25115,Estes Park,2016,6777,6735,41,2.09,4288,3221,1067,24.89,1.57,6925115
1523,69,25115,Estes Park,2017,6490,6448,42,2.09,4322,3082,1240,28.68,1.49,6925115
1524,69,25115,Estes Park,2018,6412,6369,43,2.09,4335,3044,1291,29.77,1.47,6925115
1525,69,25115,Estes Park,2019,6208,6164,44,2.09,4362,2949,1413,32.39,1.41,6925115
1526,69,25115,Estes Park,2020,5877,5805,72,2.08,4380,2792,1588,36.25,1.33,6925115
1527,69,25115,Estes Park,2021,5888,5816,72,2.08,4393,2801,1592,36.25,1.32,6925115
1528,69,25115,Estes Park,2022,5905,5833,72,2.07,4411,2812,1599,36.25,1.32,6925115
1529,69,25115,Estes Park,2023,5940,5868,72,2.06,4458,2842,1616,36.25,1.32,6925115
1530,69,25115,Estes Park,2024,5946,5874,72,2.06,4465,2846,1619,36.25,1.32,6925115
1531,123,25280,Evans,2010,18628,18624,4,2.94,6776,6325,451,6.66,2.75,12325280
1532,123,25280,Evans,2011,19022,19018,4,2.94,6885,6478,407,5.91,2.76,12325280
1533,123,25280,Evans,2012,19558,19554,4,2.93,7041,6681,360,5.11,2.78,12325280
1534,123,25280,Evans,2013,19894,19890,4,2.92,7132,6817,315,4.42,2.79,12325280
1535,123,25280,Evans,2014,19733,19729,4,2.91,7040,6782,258,3.67,2.8,12325280
1536,123,25280,Evans,2015,20213,20209,4,2.9,7190,6968,222,3.09,2.81,12325280
1537,123,25280,Evans,2016,20525,20521,4,2.89,7298,7098,200,2.74,2.81,12325280
1538,123,25280,Evans,2017,20881,20877,4,2.88,7430,7245,185,2.49,2.81,12325280
1539,123,25280,Evans,2018,21481,21477,4,2.87,7692,7477,215,2.8,2.79,12325280
1540,123,25280,Evans,2019,21691,21687,4,2.86,7832,7574,258,3.29,2.77,12325280
1541,123,25280,Evans,2020,22223,22190,33,2.85,8067,7783,284,3.52,2.75,12325280
1542,123,25280,Evans,2021,22718,22685,33,2.83,8313,8020,293,3.52,2.73,12325280
1543,123,25280,Evans,2022,22983,22950,33,2.82,8423,8127,296,3.51,2.72,12325280
1544,123,25280,Evans,2023,22973,22940,33,2.82,8438,8141,297,3.52,2.72,12325280
1545,123,25280,Evans,2024,22869,22836,33,2.8,8457,8159,298,3.52,2.7,12325280
1546,93,25610,Fairplay,2010,683,683,0,2.28,398,300,98,24.69,1.72,9325610
1547,93,25610,Fairplay,2011,688,688,0,2.27,401,303,98,24.35,1.72,9325610
1548,93,25610,Fairplay,2012,690,690,0,2.25,403,306,97,23.95,1.71,9325610
1549,93,25610,Fairplay,2013,695,695,0,2.24,405,311,94,23.3,1.72,9325610
1550,93,25610,Fairplay,2014,697,697,0,2.22,405,314,91,22.55,1.72,9325610
1551,93,25610,Fairplay,2015,700,700,0,2.2,405,318,87,21.58,1.73,9325610
1552,93,25610,Fairplay,2016,707,707,0,2.19,405,323,82,20.21,1.75,9325610
1553,93,25610,Fairplay,2017,713,713,0,2.17,405,328,77,18.99,1.76,9325610
1554,93,25610,Fairplay,2018,728,728,0,2.16,410,337,73,17.69,1.78,9325610
1555,93,25610,Fairplay,2019,728,728,0,2.14,410,340,70,17.07,1.78,9325610
1556,93,25610,Fairplay,2020,728,728,0,2.12,411,343,68,16.55,1.77,9325610
1557,93,25610,Fairplay,2021,732,732,0,2.13,412,344,68,16.5,1.78,9325610
1558,93,25610,Fairplay,2022,731,731,0,2.13,412,344,68,16.5,1.77,9325610
1559,93,25610,Fairplay,2023,740,740,0,2.14,415,346,69,16.63,1.78,9325610
1560,93,25610,Fairplay,2024,753,753,0,2.15,421,351,70,16.63,1.79,9325610
1561,1,26270,Federal Heights,2010,11506,11506,0,2.59,4878,4451,427,8.75,2.36,126270
1562,1,26270,Federal Heights,2011,11862,11862,0,2.6,4912,4561,351,7.16,2.41,126270
1563,1,26270,Federal Heights,2012,12219,12219,0,2.62,4944,4670,274,5.55,2.47,126270
1564,1,26270,Federal Heights,2013,12664,12664,0,2.63,5015,4811,204,4.07,2.53,126270
1565,1,26270,Federal Heights,2014,13057,13057,0,2.65,5072,4930,142,2.79,2.57,126270
1566,1,26270,Federal Heights,2015,13730,13730,0,2.66,5232,5154,78,1.48,2.62,126270
1567,1,26270,Federal Heights,2016,14146,14146,0,2.68,5336,5279,57,1.06,2.65,126270
1568,1,26270,Federal Heights,2017,14409,14409,0,2.69,5465,5347,118,2.16,2.64,126270
1569,1,26270,Federal Heights,2018,14585,14585,0,2.71,5549,5384,165,2.97,2.63,126270
1570,1,26270,Federal Heights,2019,14496,14496,0,2.72,5571,5323,248,4.45,2.6,126270
1571,1,26270,Federal Heights,2020,14335,14335,0,2.73,5575,5255,320,5.74,2.57,126270
1572,1,26270,Federal Heights,2021,14253,14253,0,2.7,5596,5275,321,5.74,2.55,126270
1573,1,26270,Federal Heights,2022,14148,14148,0,2.69,5587,5266,321,5.75,2.53,126270
1574,1,26270,Federal Heights,2023,14140,14140,0,2.68,5600,5279,321,5.73,2.53,126270
1575,1,26270,Federal Heights,2024,14130,14130,0,2.67,5617,5295,322,5.73,2.52,126270
1576,123,26600,Firestone,2010,10174,10174,0,3.08,3499,3303,196,5.6,2.91,12326600
1577,123,26600,Firestone,2011,10528,10528,0,3.08,3605,3422,183,5.08,2.92,12326600
1578,123,26600,Firestone,2012,10809,10809,0,3.07,3683,3517,166,4.5,2.93,12326600
1579,123,26600,Firestone,2013,11075,11075,0,3.07,3758,3608,150,3.99,2.95,12326600
1580,123,26600,Firestone,2014,11416,11416,0,3.07,3854,3723,131,3.4,2.96,12326600
1581,123,26600,Firestone,2015,11899,11899,0,3.06,4003,3885,118,2.95,2.97,12326600
1582,123,26600,Firestone,2016,12801,12801,0,3.06,4301,4185,116,2.7,2.98,12326600
1583,123,26600,Firestone,2017,13686,13686,0,3.05,4597,4480,117,2.54,2.98,12326600
1584,123,26600,Firestone,2018,14317,14317,0,3.05,4836,4692,144,2.97,2.96,12326600
1585,123,26600,Firestone,2019,15508,15508,0,3.05,5282,5089,193,3.65,2.94,12326600
1586,123,26600,Firestone,2020,16669,16664,5,3.04,5716,5481,235,4.11,2.92,12326600
1587,123,26600,Firestone,2021,17241,17236,5,3.02,5960,5715,245,4.11,2.89,12326600
1588,123,26600,Firestone,2022,18074,18069,5,3.01,6257,6000,257,4.11,2.89,12326600
1589,123,26600,Firestone,2023,18592,18587,5,3,6451,6186,265,4.11,2.88,12326600
1590,123,26600,Firestone,2024,19270,19265,5,2.98,6732,6455,277,4.11,2.86,12326600
1591,63,26765,Flagler,2010,561,561,0,2.21,309,253,56,17.99,1.82,6326765
1592,63,26765,Flagler,2011,558,558,0,2.08,309,268,41,13.22,1.81,6326765
1593,63,26765,Flagler,2012,560,560,0,2.08,309,270,39,12.75,1.81,6326765
1594,63,26765,Flagler,2013,562,562,0,2.07,309,271,38,12.3,1.82,6326765
1595,63,26765,Flagler,2014,537,537,0,2.07,309,259,50,16.15,1.74,6326765
1596,63,26765,Flagler,2015,538,538,0,2.07,309,260,49,15.93,1.74,6326765
1597,63,26765,Flagler,2016,540,540,0,2.07,309,262,47,15.35,1.75,6326765
1598,63,26765,Flagler,2017,543,543,0,2.06,309,263,46,14.79,1.76,6326765
1599,63,26765,Flagler,2018,545,545,0,2.06,310,264,46,14.73,1.76,6326765
1600,63,26765,Flagler,2019,551,551,0,2.06,313,268,45,14.38,1.76,6326765
1601,63,26765,Flagler,2020,565,554,11,2.04,315,271,44,13.97,1.76,6326765
1602,63,26765,Flagler,2021,565,554,11,2,322,277,45,13.98,1.72,6326765
1603,63,26765,Flagler,2022,579,568,11,2.02,327,281,46,14.07,1.74,6326765
1604,63,26765,Flagler,2023,580,569,11,2.02,327,281,46,14.07,1.74,6326765
1605,63,26765,Flagler,2024,587,576,11,2.04,329,283,46,13.98,1.75,6326765
1606,75,26875,Fleming,2010,408,408,0,2.52,200,162,38,19.12,2.04,7526875
1607,75,26875,Fleming,2011,445,445,0,2.46,200,181,19,9.74,2.23,7526875
1608,75,26875,Fleming,2012,442,442,0,2.45,200,180,20,9.93,2.21,7526875
1609,75,26875,Fleming,2013,442,442,0,2.44,201,181,20,9.97,2.2,7526875
1610,75,26875,Fleming,2014,438,438,0,2.43,201,180,21,10.34,2.18,7526875
1611,75,26875,Fleming,2015,439,439,0,2.42,203,181,22,10.62,2.16,7526875
1612,75,26875,Fleming,2016,435,435,0,2.41,203,181,22,11.02,2.14,7526875
1613,75,26875,Fleming,2017,435,435,0,2.39,204,182,22,11,2.13,7526875
1614,75,26875,Fleming,2018,433,433,0,2.38,204,182,22,10.94,2.12,7526875
1615,75,26875,Fleming,2019,429,429,0,2.37,204,181,23,11.27,2.1,7526875
1616,75,26875,Fleming,2020,428,428,0,2.36,204,181,23,11.27,2.1,7526875
1617,75,26875,Fleming,2021,426,426,0,2.35,204,181,23,11.27,2.09,7526875
1618,75,26875,Fleming,2022,422,422,0,2.32,205,182,23,11.22,2.06,7526875
1619,75,26875,Fleming,2023,422,422,0,2.29,207,184,23,11.11,2.04,7526875
1620,75,26875,Fleming,2024,422,422,0,2.29,207,184,23,11.11,2.04,7526875
1621,43,27040,Florence,2010,3877,3786,91,2.46,1704,1537,167,9.78,2.22,4327040
1622,43,27040,Florence,2011,3753,3666,87,2.39,1705,1533,172,10.08,2.15,4327040
1623,43,27040,Florence,2012,3748,3659,89,2.38,1706,1536,170,9.98,2.14,4327040
1624,43,27040,Florence,2013,3743,3652,92,2.37,1707,1538,169,9.88,2.14,4327040
1625,43,27040,Florence,2014,3735,3643,93,2.36,1709,1540,169,9.87,2.13,4327040
1626,43,27040,Florence,2015,3731,3639,92,2.36,1711,1544,167,9.74,2.13,4327040
1627,43,27040,Florence,2016,3728,3638,90,2.35,1715,1550,165,9.63,2.12,4327040
1628,43,27040,Florence,2017,3733,3645,87,2.34,1720,1559,161,9.36,2.12,4327040
1629,43,27040,Florence,2018,3746,3659,88,2.33,1726,1571,155,9.01,2.12,4327040
1630,43,27040,Florence,2019,3758,3673,85,2.32,1733,1583,150,8.66,2.12,4327040
1631,43,27040,Florence,2020,3829,3714,115,2.31,1753,1607,146,8.33,2.12,4327040
1632,43,27040,Florence,2021,3879,3777,102,2.34,1763,1616,147,8.34,2.14,4327040
1633,43,27040,Florence,2022,3833,3745,88,2.31,1768,1620,148,8.37,2.12,4327040
1634,43,27040,Florence,2023,3846,3774,72,2.29,1796,1646,150,8.35,2.1,4327040
1635,43,27040,Florence,2024,3860,3780,80,2.28,1810,1659,151,8.34,2.09,4327040
1636,69,27425,Fort Collins,2010,144461,137376,7085,2.37,60733,58030,2703,4.45,2.26,6927425
1637,69,27425,Fort Collins,2011,145549,138476,7073,2.37,61115,58484,2631,4.31,2.27,6927425
1638,69,27425,Fort Collins,2012,148016,140719,7297,2.37,61957,59423,2534,4.09,2.27,6927425
1639,69,27425,Fort Collins,2013,150727,143099,7627,2.37,63043,60435,2608,4.14,2.27,6927425
1640,69,27425,Fort Collins,2014,154354,146253,8101,2.37,64381,61786,2595,4.03,2.27,6927425
1641,69,27425,Fort Collins,2015,158003,149306,8697,2.37,65534,63093,2441,3.73,2.28,6927425
1642,69,27425,Fort Collins,2016,160021,151218,8803,2.37,66418,63925,2493,3.75,2.28,6927425
1643,69,27425,Fort Collins,2017,163579,154567,9012,2.36,68371,65380,2991,4.38,2.26,6927425
1644,69,27425,Fort Collins,2018,166382,157179,9203,2.36,69738,66536,3202,4.59,2.25,6927425
1645,69,27425,Fort Collins,2019,168276,158952,9324,2.36,70975,67390,3585,5.05,2.24,6927425
1646,69,27425,Fort Collins,2020,169262,158984,10278,2.34,71740,67840,3900,5.44,2.22,6927425
1647,69,27425,Fort Collins,2021,169441,159662,9779,2.34,72238,68311,3927,5.44,2.21,6927425
1648,69,27425,Fort Collins,2022,170945,160243,10702,2.33,72607,68660,3947,5.44,2.21,6927425
1649,69,27425,Fort Collins,2023,171457,160586,10871,2.33,72876,68914,3962,5.44,2.2,6927425
1650,69,27425,Fort Collins,2024,172442,161709,10733,2.32,73689,69683,4006,5.44,2.19,6927425
1651,123,27700,Fort Lupton,2010,7397,7397,0,3.09,2534,2397,137,5.41,2.92,12327700
1652,123,27700,Fort Lupton,2011,7433,7433,0,3.08,2538,2413,125,4.92,2.93,12327700
1653,123,27700,Fort Lupton,2012,7474,7474,0,3.07,2542,2431,111,4.37,2.94,12327700
1654,123,27700,Fort Lupton,2013,7506,7506,0,3.07,2545,2446,99,3.89,2.95,12327700
1655,123,27700,Fort Lupton,2014,7563,7563,0,3.06,2554,2469,85,3.32,2.96,12327700
1656,123,27700,Fort Lupton,2015,7600,7600,0,3.06,2560,2486,74,2.89,2.97,12327700
1657,123,27700,Fort Lupton,2016,7669,7669,0,3.05,2582,2513,69,2.66,2.97,12327700
1658,123,27700,Fort Lupton,2017,7902,7902,0,3.04,2662,2595,67,2.51,2.97,12327700
1659,123,27700,Fort Lupton,2018,7907,7907,0,3.04,2681,2602,79,2.94,2.95,12327700
1660,123,27700,Fort Lupton,2019,7879,7879,0,3.03,2696,2598,98,3.64,2.92,12327700
1661,123,27700,Fort Lupton,2020,7982,7952,30,3.02,2743,2631,112,4.08,2.9,12327700
1662,123,27700,Fort Lupton,2021,8244,8214,30,3,2856,2739,117,4.1,2.88,12327700
1663,123,27700,Fort Lupton,2022,8752,8722,30,3,3037,2912,125,4.12,2.87,12327700
1664,123,27700,Fort Lupton,2023,9219,9189,30,2.99,3207,3076,131,4.08,2.87,12327700
1665,123,27700,Fort Lupton,2024,9666,9636,30,2.97,3386,3247,139,4.11,2.85,12327700
1666,87,27810,Fort Morgan,2010,11326,11135,191,2.79,4266,3992,274,6.43,2.61,8727810
1667,87,27810,Fort Morgan,2011,11687,11500,188,2.8,4270,4107,163,3.81,2.69,8727810
1668,87,27810,Fort Morgan,2012,11607,11423,184,2.78,4275,4108,167,3.92,2.67,8727810
1669,87,27810,Fort Morgan,2013,11589,11408,181,2.78,4278,4105,173,4.06,2.67,8727810
1670,87,27810,Fort Morgan,2014,11525,11347,177,2.77,4277,4098,179,4.2,2.65,8727810
1671,87,27810,Fort Morgan,2015,11564,11390,174,2.78,4279,4092,187,4.38,2.66,8727810
1672,87,27810,Fort Morgan,2016,11533,11362,171,2.78,4278,4087,191,4.46,2.66,8727810
1673,87,27810,Fort Morgan,2017,11573,11405,167,2.79,4281,4085,196,4.58,2.66,8727810
1674,87,27810,Fort Morgan,2018,11708,11544,164,2.84,4280,4071,209,4.89,2.7,8727810
1675,87,27810,Fort Morgan,2019,11705,11544,161,2.84,4291,4060,231,5.38,2.69,8727810
1676,87,27810,Fort Morgan,2020,11548,11424,124,2.82,4293,4057,236,5.5,2.66,8727810
1677,87,27810,Fort Morgan,2021,11423,11319,104,2.79,4298,4062,236,5.49,2.63,8727810
1678,87,27810,Fort Morgan,2022,11577,11480,97,2.78,4371,4131,240,5.49,2.63,8727810
1679,87,27810,Fort Morgan,2023,11752,11655,97,2.79,4418,4175,243,5.5,2.64,8727810
1680,87,27810,Fort Morgan,2024,11999,11904,95,2.81,4481,4235,246,5.49,2.66,8727810
1681,41,27865,Fountain,2010,26313,26313,0,2.96,9497,8882,615,6.48,2.77,4127865
1682,41,27865,Fountain,2011,26668,26668,0,2.97,9514,8989,525,5.52,2.8,4127865
1683,41,27865,Fountain,2012,26901,26901,0,2.97,9530,9056,474,4.98,2.82,4127865
1684,41,27865,Fountain,2013,27607,27607,0,2.97,9745,9283,462,4.75,2.83,4127865
1685,41,27865,Fountain,2014,27923,27923,0,2.98,9871,9378,493,5,2.83,4127865
1686,41,27865,Fountain,2015,28270,28270,0,2.98,9946,9482,464,4.67,2.84,4127865
1687,41,27865,Fountain,2016,28699,28699,0,2.99,10015,9612,403,4.03,2.87,4127865
1688,41,27865,Fountain,2017,28997,28997,0,2.99,10078,9701,377,3.74,2.88,4127865
1689,41,27865,Fountain,2018,29480,29480,0,2.99,10196,9851,345,3.39,2.89,4127865
1690,41,27865,Fountain,2019,29667,29667,0,3,10278,9901,377,3.67,2.89,4127865
1691,41,27865,Fountain,2020,29753,29744,9,2.99,10356,9962,394,3.81,2.87,4127865
1692,41,27865,Fountain,2021,29830,29821,9,2.97,10423,10026,397,3.81,2.86,4127865
1693,41,27865,Fountain,2022,29856,29847,9,2.96,10484,10085,399,3.81,2.85,4127865
1694,41,27865,Fountain,2023,29896,29887,9,2.95,10539,10138,401,3.81,2.84,4127865
1695,41,27865,Fountain,2024,29954,29945,9,2.94,10601,10197,404,3.81,2.82,4127865
1696,89,27975,Fowler,2010,1182,1145,37,2.12,614,541,73,11.89,1.86,8927975
1697,89,27975,Fowler,2011,1248,1211,37,2.18,614,555,59,9.53,1.97,8927975
1698,89,27975,Fowler,2012,1247,1210,37,2.18,614,555,59,9.62,1.97,8927975
1699,89,27975,Fowler,2013,1246,1209,37,2.18,614,554,60,9.71,1.97,8927975
1700,89,27975,Fowler,2014,1244,1208,36,2.18,614,554,60,9.83,1.97,8927975
1701,89,27975,Fowler,2015,1248,1211,36,2.18,614,555,59,9.58,1.97,8927975
1702,89,27975,Fowler,2016,1240,1210,30,2.18,614,554,60,9.7,1.97,8927975
1703,89,27975,Fowler,2017,1238,1208,30,2.18,614,553,61,9.9,1.97,8927975
1704,89,27975,Fowler,2018,1239,1208,31,2.18,614,553,61,9.93,1.97,8927975
1705,89,27975,Fowler,2019,1236,1206,30,2.18,614,552,62,10.1,1.96,8927975
1706,89,27975,Fowler,2020,1252,1206,46,2.18,616,552,64,10.39,1.96,8927975
1707,89,27975,Fowler,2021,1239,1200,39,2.17,616,552,64,10.39,1.95,8927975
1708,89,27975,Fowler,2022,1219,1184,35,2.14,617,553,64,10.37,1.92,8927975
1709,89,27975,Fowler,2023,1216,1177,39,2.12,618,554,64,10.36,1.9,8927975
1710,89,27975,Fowler,2024,1201,1158,43,2.09,618,554,64,10.36,1.87,8927975
1711,5,28105,Foxfield,2010,689,674,15,2.77,254,243,11,4.33,2.65,528105
1712,5,28105,Foxfield,2011,699,684,15,2.77,256,247,9,3.6,2.67,528105
1713,5,28105,Foxfield,2012,710,694,16,2.77,258,251,7,2.78,2.69,528105
1714,5,28105,Foxfield,2013,748,731,16,2.76,270,265,5,2,2.71,528105
1715,5,28105,Foxfield,2014,748,732,16,2.76,270,265,5,1.88,2.71,528105
1716,5,28105,Foxfield,2015,753,736,17,2.76,270,266,4,1.31,2.73,528105
1717,5,28105,Foxfield,2016,753,736,17,2.76,270,267,3,1.23,2.73,528105
1718,5,28105,Foxfield,2017,748,730,18,2.76,271,265,6,2.24,2.69,528105
1719,5,28105,Foxfield,2018,746,727,18,2.75,271,264,7,2.44,2.68,528105
1720,5,28105,Foxfield,2019,740,721,19,2.75,271,262,9,3.32,2.66,528105
1721,5,28105,Foxfield,2020,752,716,36,2.73,273,262,11,4.03,2.62,528105
1722,5,28105,Foxfield,2021,753,717,36,2.73,274,263,11,4.03,2.62,528105
1723,5,28105,Foxfield,2022,753,717,36,2.72,275,264,11,4.03,2.61,528105
1724,5,28105,Foxfield,2023,753,717,36,2.72,275,264,11,4.03,2.61,528105
1725,5,28105,Foxfield,2024,757,721,36,2.71,277,266,11,4.03,2.6,528105
1726,49,28305,Fraser,2010,1217,1212,5,1.85,1334,654,680,51,0.91,4928305
1727,49,28305,Fraser,2011,1508,1503,5,2.25,1337,667,670,50.14,1.12,4928305
1728,49,28305,Fraser,2012,1487,1482,5,2.25,1342,659,683,50.86,1.1,4928305
1729,49,28305,Fraser,2013,1470,1465,5,2.24,1347,653,694,51.5,1.09,4928305
1730,49,28305,Fraser,2014,1456,1452,5,2.24,1354,649,705,52.09,1.07,4928305
1731,49,28305,Fraser,2015,1448,1443,5,2.23,1367,646,721,52.73,1.06,4928305
1732,49,28305,Fraser,2016,1440,1435,5,2.23,1381,644,737,53.35,1.04,4928305
1733,49,28305,Fraser,2017,1435,1430,5,2.22,1398,643,755,53.98,1.02,4928305
1734,49,28305,Fraser,2018,1433,1429,5,2.22,1418,644,774,54.6,1.01,4928305
1735,49,28305,Fraser,2019,1431,1427,4,2.22,1439,644,795,55.25,0.99,4928305
1736,49,28305,Fraser,2020,1391,1385,6,2.19,1426,632,794,55.68,0.97,4928305
1737,49,28305,Fraser,2021,1397,1391,6,2.22,1413,626,787,55.68,0.98,4928305
1738,49,28305,Fraser,2022,1391,1385,6,2.17,1437,637,800,55.68,0.96,4928305
1739,49,28305,Fraser,2023,1413,1407,6,2.14,1488,659,829,55.68,0.95,4928305
1740,49,28305,Fraser,2024,1453,1447,6,2.06,1584,702,882,55.68,0.91,4928305
1741,123,28360,Frederick,2010,8702,8702,0,2.94,3070,2958,112,3.65,2.83,12328360
1742,123,28360,Frederick,2011,8944,8944,0,2.95,3136,3032,104,3.33,2.85,12328360
1743,123,28360,Frederick,2012,9349,9349,0,2.96,3257,3160,97,2.96,2.87,12328360
1744,123,28360,Frederick,2013,10079,10079,0,2.97,3490,3398,92,2.64,2.89,12328360
1745,123,28360,Frederick,2014,10751,10751,0,2.97,3698,3614,84,2.27,2.91,12328360
1746,123,28360,Frederick,2015,11310,11310,0,2.98,3868,3791,77,1.98,2.92,12328360
1747,123,28360,Frederick,2016,12065,12065,0,2.99,4109,4034,75,1.83,2.94,12328360
1748,123,28360,Frederick,2017,12702,12702,0,3,4311,4236,75,1.73,2.95,12328360
1749,123,28360,Frederick,2018,13391,13391,0,3.01,4547,4454,93,2.04,2.95,12328360
1750,123,28360,Frederick,2019,13897,13897,0,3.01,4730,4611,119,2.52,2.94,12328360
1751,123,28360,Frederick,2020,14707,14707,0,3.02,5013,4872,141,2.81,2.93,12328360
1752,123,28360,Frederick,2021,15614,15614,0,2.99,5365,5214,151,2.81,2.91,12328360
1753,123,28360,Frederick,2022,16555,16555,0,2.99,5697,5537,160,2.81,2.91,12328360
1754,123,28360,Frederick,2023,17280,17280,0,2.98,5960,5792,168,2.82,2.9,12328360
1755,123,28360,Frederick,2024,17437,17437,0,2.96,6055,5885,170,2.81,2.88,12328360
1756,117,28690,Frisco,2010,2694,2694,0,2.07,3123,1303,1820,58.28,0.86,11728690
1757,117,28690,Frisco,2011,2686,2686,0,2.07,3124,1297,1827,58.49,0.86,11728690
1758,117,28690,Frisco,2012,2704,2704,0,2.08,3125,1303,1822,58.31,0.87,11728690
1759,117,28690,Frisco,2013,2746,2746,0,2.08,3136,1320,1816,57.91,0.88,11728690
1760,117,28690,Frisco,2014,2795,2795,0,2.08,3159,1341,1818,57.54,0.88,11728690
1761,117,28690,Frisco,2015,2873,2873,0,2.09,3186,1376,1810,56.82,0.9,11728690
1762,117,28690,Frisco,2016,2934,2934,0,2.09,3212,1402,1810,56.35,0.91,11728690
1763,117,28690,Frisco,2017,2967,2967,0,2.1,3250,1415,1835,56.45,0.91,11728690
1764,117,28690,Frisco,2018,2922,2922,0,2.1,3246,1392,1854,57.13,0.9,11728690
1765,117,28690,Frisco,2019,2912,2912,0,2.1,3297,1385,1912,57.99,0.88,11728690
1766,117,28690,Frisco,2020,2899,2891,8,2.09,3354,1382,1972,58.8,0.86,11728690
1767,117,28690,Frisco,2021,2857,2849,8,2.06,3361,1385,1976,58.79,0.85,11728690
1768,117,28690,Frisco,2022,2783,2775,8,2,3369,1388,1981,58.8,0.82,11728690
1769,117,28690,Frisco,2023,2734,2726,8,1.96,3376,1391,1985,58.8,0.81,11728690
1770,117,28690,Frisco,2024,2791,2783,8,1.99,3387,1396,1991,58.78,0.82,11728690
1771,77,28745,Fruita,2010,12680,12472,208,2.64,5125,4732,393,7.67,2.43,7728745
1772,77,28745,Fruita,2011,12835,12632,204,2.63,5185,4810,375,7.24,2.44,7728745
1773,77,28745,Fruita,2012,12890,12691,199,2.62,5221,4850,371,7.11,2.43,7728745
1774,77,28745,Fruita,2013,12925,12729,196,2.61,5268,4882,386,7.33,2.42,7728745
1775,77,28745,Fruita,2014,13028,12837,191,2.6,5322,4941,381,7.15,2.41,7728745
1776,77,28745,Fruita,2015,13105,12917,188,2.59,5362,4990,372,6.94,2.41,7728745
1777,77,28745,Fruita,2016,13231,13047,184,2.58,5383,5058,325,6.03,2.42,7728745
1778,77,28745,Fruita,2017,13399,13218,181,2.57,5428,5143,285,5.26,2.44,7728745
1779,77,28745,Fruita,2018,13527,13351,177,2.56,5462,5212,250,4.58,2.44,7728745
1780,77,28745,Fruita,2019,13654,13481,173,2.55,5532,5282,250,4.52,2.44,7728745
1781,77,28745,Fruita,2020,13392,13360,32,2.54,5513,5264,249,4.53,2.42,7728745
1782,77,28745,Fruita,2021,13563,13531,32,2.53,5607,5353,254,4.53,2.41,7728745
1783,77,28745,Fruita,2022,13619,13587,32,2.51,5669,5412,257,4.53,2.4,7728745
1784,77,28745,Fruita,2023,13674,13642,32,2.49,5727,5468,259,4.53,2.38,7728745
1785,77,28745,Fruita,2024,13773,13741,32,2.49,5775,5514,261,4.53,2.38,7728745
1786,123,29185,Garden City,2010,235,235,0,2.12,128,111,17,13.28,1.84,12329185
1787,123,29185,Garden City,2011,240,240,0,2.11,128,114,14,11.19,1.88,12329185
1788,123,29185,Garden City,2012,244,244,0,2.1,128,116,12,9.1,1.91,12329185
1789,123,29185,Garden City,2013,246,246,0,2.09,127,118,9,7.32,1.94,12329185
1790,123,29185,Garden City,2014,250,250,0,2.08,127,120,7,5.56,1.97,12329185
1791,123,29185,Garden City,2015,253,253,0,2.08,127,122,5,4.21,1.99,12329185
1792,123,29185,Garden City,2016,254,254,0,2.07,127,123,4,3.26,2,12329185
1793,123,29185,Garden City,2017,255,255,0,2.06,127,124,3,2.47,2.01,12329185
1794,123,29185,Garden City,2018,253,253,0,2.05,126,123,3,2.16,2.01,12329185
1795,123,29185,Garden City,2019,253,253,0,2.04,126,124,2,1.59,2.01,12329185
1796,123,29185,Garden City,2020,254,254,0,2.03,126,125,1,0.79,2.02,12329185
1797,123,29185,Garden City,2021,256,256,0,2.02,128,127,1,0.78,2,12329185
1798,123,29185,Garden City,2022,255,255,0,2.01,128,127,1,0.78,1.99,12329185
1799,123,29185,Garden City,2023,255,255,0,2.01,128,127,1,0.78,1.99,12329185
1800,123,29185,Garden City,2024,253,253,0,1.99,128,127,1,0.78,1.98,12329185
1801,73,29680,Genoa,2010,139,139,0,3.68,52,38,14,27.38,2.67,7329680
1802,73,29680,Genoa,2011,97,97,0,2.28,52,42,10,18.41,1.87,7329680
1803,73,29680,Genoa,2012,97,97,0,2.27,52,42,10,18.38,1.87,7329680
1804,73,29680,Genoa,2013,98,98,0,2.27,53,43,10,18.68,1.85,7329680
1805,73,29680,Genoa,2014,98,98,0,2.27,53,43,10,18.81,1.85,7329680
1806,73,29680,Genoa,2015,98,98,0,2.27,53,43,10,18.71,1.85,7329680
1807,73,29680,Genoa,2016,99,99,0,2.27,54,44,10,19.13,1.83,7329680
1808,73,29680,Genoa,2017,99,99,0,2.27,54,44,10,19.27,1.83,7329680
1809,73,29680,Genoa,2018,153,153,0,2.27,85,68,17,20.55,1.8,7329680
1810,73,29680,Genoa,2019,153,153,0,2.28,85,67,18,21.18,1.8,7329680
1811,73,29680,Genoa,2020,152,152,0,2.27,85,67,18,21.18,1.79,7329680
1812,73,29680,Genoa,2021,152,152,0,2.27,85,67,18,21.18,1.79,7329680
1813,73,29680,Genoa,2022,151,151,0,2.25,85,67,18,21.18,1.78,7329680
1814,73,29680,Genoa,2023,149,149,0,2.22,85,67,18,21.18,1.75,7329680
1815,73,29680,Genoa,2024,147,147,0,2.19,85,67,18,21.18,1.73,7329680
1816,19,29735,Georgetown,2010,1056,970,86,2.01,724,483,241,33.25,1.34,1929735
1817,19,29735,Georgetown,2011,1018,967,51,1.93,725,501,224,30.85,1.33,1929735
1818,19,29735,Georgetown,2012,1030,965,65,1.94,725,497,228,31.39,1.33,1929735
1819,19,29735,Georgetown,2013,1008,970,38,1.95,725,497,228,31.46,1.34,1929735
1820,19,29735,Georgetown,2014,1006,978,28,1.96,725,498,227,31.28,1.35,1929735
1821,19,29735,Georgetown,2015,1056,998,58,1.97,725,505,220,30.31,1.38,1929735
1822,19,29735,Georgetown,2016,1076,1013,63,1.99,726,510,216,29.7,1.4,1929735
1823,19,29735,Georgetown,2017,1109,1048,61,2,727,525,202,27.8,1.44,1929735
1824,19,29735,Georgetown,2018,1129,1058,71,2.01,740,527,213,28.83,1.43,1929735
1825,19,29735,Georgetown,2019,1147,1086,61,2.02,756,538,218,28.84,1.44,1929735
1826,19,29735,Georgetown,2020,1120,1081,39,2.02,759,535,224,29.51,1.42,1929735
1827,19,29735,Georgetown,2021,1125,1086,39,2.03,759,535,224,29.51,1.43,1929735
1828,19,29735,Georgetown,2022,1201,1162,39,1.98,833,587,246,29.53,1.39,1929735
1829,19,29735,Georgetown,2023,1183,1144,39,1.93,842,594,248,29.45,1.36,1929735
1830,19,29735,Georgetown,2024,1179,1140,39,1.91,846,596,250,29.55,1.35,1929735
1831,123,29955,Gilcrest,2010,1037,1037,0,3.19,346,325,21,6.07,3,12329955
1832,123,29955,Gilcrest,2011,1037,1037,0,3.19,345,325,20,5.67,3.01,12329955
1833,123,29955,Gilcrest,2012,1045,1045,0,3.18,346,328,18,5.16,3.02,12329955
1834,123,29955,Gilcrest,2013,1048,1048,0,3.18,346,330,16,4.72,3.03,12329955
1835,123,29955,Gilcrest,2014,1053,1053,0,3.18,346,332,14,4.14,3.04,12329955
1836,123,29955,Gilcrest,2015,1057,1057,0,3.17,346,333,13,3.71,3.05,12329955
1837,123,29955,Gilcrest,2016,1058,1058,0,3.17,346,334,12,3.5,3.06,12329955
1838,123,29955,Gilcrest,2017,1060,1060,0,3.16,347,335,12,3.4,3.05,12329955
1839,123,29955,Gilcrest,2018,1054,1054,0,3.16,348,334,14,4.11,3.03,12329955
1840,123,29955,Gilcrest,2019,1041,1041,0,3.15,348,330,18,5.17,2.99,12329955
1841,123,29955,Gilcrest,2020,1028,1028,0,3.14,348,327,21,6.03,2.95,12329955
1842,123,29955,Gilcrest,2021,1020,1020,0,3.12,348,327,21,6.03,2.93,12329955
1843,123,29955,Gilcrest,2022,1022,1022,0,3.12,349,328,21,6.02,2.93,12329955
1844,123,29955,Gilcrest,2023,1019,1019,0,3.11,349,328,21,6.02,2.92,12329955
1845,123,29955,Gilcrest,2024,1024,1024,0,3.08,353,332,21,5.95,2.9,12329955
1846,5,30340,Glendale,2010,4189,4189,0,1.77,2649,2373,276,10.42,1.58,530340
1847,5,30340,Glendale,2011,4262,4262,0,1.75,2661,2431,230,8.65,1.6,530340
1848,5,30340,Glendale,2012,4348,4348,0,1.74,2674,2497,177,6.61,1.63,530340
1849,5,30340,Glendale,2013,4424,4424,0,1.73,2686,2559,127,4.73,1.65,530340
1850,5,30340,Glendale,2014,4977,4977,0,1.72,3032,2898,134,4.42,1.64,530340
1851,5,30340,Glendale,2015,5037,5037,0,1.71,3045,2952,93,3.05,1.65,530340
1852,5,30340,Glendale,2016,5032,5032,0,1.69,3057,2970,87,2.86,1.65,530340
1853,5,30340,Glendale,2017,4896,4896,0,1.68,3069,2910,159,5.17,1.6,530340
1854,5,30340,Glendale,2018,4857,4857,0,1.67,3081,2909,172,5.59,1.58,530340
1855,5,30340,Glendale,2019,4754,4754,0,1.66,3094,2869,225,7.27,1.54,530340
1856,5,30340,Glendale,2020,4598,4598,0,1.64,3106,2806,300,9.66,1.48,530340
1857,5,30340,Glendale,2021,4598,4598,0,1.64,3106,2806,300,9.66,1.48,530340
1858,5,30340,Glendale,2022,4598,4598,0,1.64,3106,2806,300,9.66,1.48,530340
1859,5,30340,Glendale,2023,4598,4598,0,1.64,3106,2806,300,9.66,1.48,530340
1860,5,30340,Glendale,2024,4598,4598,0,1.64,3106,2806,300,9.66,1.48,530340
1861,45,30780,Glenwood Springs,2010,9576,9399,177,2.5,4118,3766,352,8.55,2.28,4530780
1862,45,30780,Glenwood Springs,2011,9663,9478,185,2.5,4118,3796,322,7.82,2.3,4530780
1863,45,30780,Glenwood Springs,2012,9637,9450,187,2.5,4119,3785,334,8.11,2.29,4530780
1864,45,30780,Glenwood Springs,2013,9769,9569,200,2.5,4179,3832,347,8.31,2.29,4530780
1865,45,30780,Glenwood Springs,2014,9742,9545,197,2.5,4180,3823,357,8.55,2.28,4530780
1866,45,30780,Glenwood Springs,2015,9713,9509,204,2.5,4176,3809,367,8.79,2.28,4530780
1867,45,30780,Glenwood Springs,2016,9716,9509,207,2.5,4180,3809,371,8.87,2.27,4530780
1868,45,30780,Glenwood Springs,2017,9735,9522,213,2.5,4189,3815,374,8.94,2.27,4530780
1869,45,30780,Glenwood Springs,2018,9744,9525,218,2.5,4189,3817,372,8.89,2.27,4530780
1870,45,30780,Glenwood Springs,2019,9734,9511,223,2.5,4185,3812,373,8.91,2.27,4530780
1871,45,30780,Glenwood Springs,2020,10053,9825,228,2.5,4298,3936,362,8.42,2.29,4530780
1872,45,30780,Glenwood Springs,2021,10129,9894,235,2.49,4346,3980,366,8.42,2.28,4530780
1873,45,30780,Glenwood Springs,2022,10194,9960,234,2.45,4436,4063,373,8.41,2.25,4530780
1874,45,30780,Glenwood Springs,2023,10189,9961,228,2.45,4445,4071,374,8.41,2.24,4530780
1875,45,30780,Glenwood Springs,2024,10230,10001,229,2.44,4470,4094,376,8.41,2.24,4530780
1876,59,30835,Golden,2010,18929,16596,2333,2.24,7767,7422,345,4.44,2.14,5930835
1877,59,30835,Golden,2011,19397,16778,2619,2.24,7838,7500,338,4.31,2.14,5930835
1878,59,30835,Golden,2012,19488,17055,2433,2.24,7938,7621,317,3.99,2.15,5930835
1879,59,30835,Golden,2013,19638,17187,2451,2.24,7979,7677,302,3.78,2.15,5930835
1880,59,30835,Golden,2014,20169,17586,2583,2.24,8124,7852,272,3.35,2.16,5930835
1881,59,30835,Golden,2015,20495,17892,2603,2.24,8286,7984,302,3.64,2.16,5930835
1882,59,30835,Golden,2016,20655,18035,2620,2.24,8333,8045,288,3.46,2.16,5930835
1883,59,30835,Golden,2017,21222,17964,3258,2.24,8377,8011,366,4.37,2.14,5930835
1884,59,30835,Golden,2018,20973,18025,2948,2.24,8445,8035,410,4.86,2.13,5930835
1885,59,30835,Golden,2019,21166,17863,3303,2.24,8481,7959,522,6.15,2.11,5930835
1886,59,30835,Golden,2020,20257,17697,2560,2.24,8522,7892,630,7.39,2.08,5930835
1887,59,30835,Golden,2021,20577,17509,3068,2.22,8524,7894,630,7.39,2.05,5930835
1888,59,30835,Golden,2022,20435,17192,3243,2.17,8559,7926,633,7.4,2.01,5930835
1889,59,30835,Golden,2023,20410,17393,3017,2.15,8723,8078,645,7.39,1.99,5930835
1890,59,30835,Golden,2024,20257,17297,2960,2.14,8721,8076,645,7.4,1.98,5930835
1891,99,31550,Granada,2010,516,516,0,3.32,203,155,48,23.46,2.54,9931550
1892,99,31550,Granada,2011,488,488,0,2.77,203,176,27,13.37,2.4,9931550
1893,99,31550,Granada,2012,480,480,0,2.78,203,172,31,15.04,2.36,9931550
1894,99,31550,Granada,2013,471,471,0,2.77,203,170,33,16.18,2.32,9931550
1895,99,31550,Granada,2014,457,457,0,2.73,203,167,36,17.59,2.25,9931550
1896,99,31550,Granada,2015,448,448,0,2.71,203,165,38,18.76,2.21,9931550
1897,99,31550,Granada,2016,443,443,0,2.73,203,162,41,20.21,2.18,9931550
1898,99,31550,Granada,2017,443,443,0,2.73,203,162,41,20.04,2.18,9931550
1899,99,31550,Granada,2018,449,449,0,2.68,203,167,36,17.67,2.21,9931550
1900,99,31550,Granada,2019,450,450,0,2.66,203,169,34,16.75,2.22,9931550
1901,99,31550,Granada,2020,446,446,0,2.7,203,165,38,18.72,2.2,9931550
1902,99,31550,Granada,2021,443,443,0,2.68,203,165,38,18.72,2.18,9931550
1903,99,31550,Granada,2022,439,439,0,2.66,203,165,38,18.72,2.16,9931550
1904,99,31550,Granada,2023,436,436,0,2.64,203,165,38,18.72,2.15,9931550
1905,99,31550,Granada,2024,443,443,0,2.68,203,165,38,18.72,2.18,9931550
1906,49,31605,Granby,2010,1858,1858,0,2.58,1427,720,707,49.51,1.3,4931605
1907,49,31605,Granby,2011,1789,1789,0,2.4,1444,745,699,48.38,1.24,4931605
1908,49,31605,Granby,2012,1893,1893,0,2.4,1540,789,751,48.79,1.23,4931605
1909,49,31605,Granby,2013,1915,1915,0,2.4,1568,798,770,49.11,1.22,4931605
1910,49,31605,Granby,2014,1906,1906,0,2.4,1568,794,774,49.39,1.22,4931605
1911,49,31605,Granby,2015,1922,1922,0,2.4,1591,800,791,49.71,1.21,4931605
1912,49,31605,Granby,2016,1934,1934,0,2.4,1610,805,805,50.02,1.2,4931605
1913,49,31605,Granby,2017,1951,1951,0,2.4,1634,812,822,50.33,1.19,4931605
1914,49,31605,Granby,2018,1960,1960,0,2.41,1650,815,835,50.62,1.19,4931605
1915,49,31605,Granby,2019,1983,1983,0,2.41,1679,824,855,50.92,1.18,4931605
1916,49,31605,Granby,2020,2157,2157,0,2.39,1843,903,940,50.99,1.17,4931605
1917,49,31605,Granby,2021,2132,2132,0,2.31,1884,923,961,50.99,1.13,4931605
1918,49,31605,Granby,2022,2088,2088,0,2.1,2024,992,1032,50.99,1.03,4931605
1919,49,31605,Granby,2023,2159,2159,0,2.03,2164,1061,1103,50.99,1,4931605
1920,49,31605,Granby,2024,2190,2190,0,2.01,2225,1090,1135,50.99,0.98,4931605
1921,77,31660,Grand Junction,2010,59426,55749,3677,2.29,26419,24341,2078,7.87,2.11,7731660
1922,77,31660,Grand Junction,2011,59942,56198,3744,2.29,26604,24587,2017,7.58,2.11,7731660
1923,77,31660,Grand Junction,2012,59998,56333,3665,2.28,26732,24695,2037,7.62,2.11,7731660
1924,77,31660,Grand Junction,2013,60322,56390,3932,2.28,26938,24770,2168,8.05,2.09,7731660
1925,77,31660,Grand Junction,2014,60198,56628,3570,2.27,27109,24926,2183,8.05,2.09,7731660
1926,77,31660,Grand Junction,2015,60938,57111,3827,2.27,27387,25188,2199,8.03,2.09,7731660
1927,77,31660,Grand Junction,2016,61695,57917,3778,2.26,27577,25596,1981,7.18,2.1,7731660
1928,77,31660,Grand Junction,2017,62795,59007,3788,2.26,27929,26126,1803,6.46,2.11,7731660
1929,77,31660,Grand Junction,2018,64041,60331,3710,2.25,28413,26760,1653,5.82,2.12,7731660
1930,77,31660,Grand Junction,2019,64640,61017,3623,2.25,28835,27119,1716,5.95,2.12,7731660
1931,77,31660,Grand Junction,2020,65892,62267,3625,2.24,29642,27782,1860,6.28,2.1,7731660
1932,77,31660,Grand Junction,2021,66918,63351,3567,2.23,30329,28426,1903,6.28,2.09,7731660
1933,77,31660,Grand Junction,2022,67824,63999,3825,2.19,31158,29203,1955,6.28,2.05,7731660
1934,77,31660,Grand Junction,2023,68664,64854,3810,2.15,32201,30180,2021,6.28,2.01,7731660
1935,77,31660,Grand Junction,2024,69695,65850,3845,2.15,32755,30699,2056,6.28,2.01,7731660
1936,49,31715,Grand Lake,2010,469,466,3,2.53,712,184,528,74.13,0.65,4931715
1937,49,31715,Grand Lake,2011,395,392,3,1.95,718,201,517,71.97,0.55,4931715
1938,49,31715,Grand Lake,2012,396,393,3,1.93,729,203,526,72.11,0.54,4931715
1939,49,31715,Grand Lake,2013,400,397,3,1.92,743,207,536,72.12,0.53,4931715
1940,49,31715,Grand Lake,2014,408,405,3,1.91,761,213,548,72.07,0.53,4931715
1941,49,31715,Grand Lake,2015,408,405,3,1.89,767,214,553,72.08,0.53,4931715
1942,49,31715,Grand Lake,2016,408,405,3,1.88,772,216,556,72.06,0.52,4931715
1943,49,31715,Grand Lake,2017,409,407,3,1.87,779,218,561,72.04,0.52,4931715
1944,49,31715,Grand Lake,2018,412,409,3,1.85,788,221,567,72,0.52,4931715
1945,49,31715,Grand Lake,2019,413,410,3,1.85,794,222,572,72.04,0.52,4931715
1946,49,31715,Grand Lake,2020,408,408,0,1.81,804,225,579,71.98,0.51,4931715
1947,49,31715,Grand Lake,2021,407,407,0,1.8,808,226,582,71.98,0.5,4931715
1948,49,31715,Grand Lake,2022,406,406,0,1.78,814,228,586,71.98,0.5,4931715
1949,49,31715,Grand Lake,2023,407,407,0,1.77,820,230,590,71.98,0.5,4931715
1950,49,31715,Grand Lake,2024,409,409,0,1.76,827,232,595,71.98,0.49,4931715
1951,123,32155,Greeley,2010,93156,88303,4853,2.63,36335,33528,2807,7.73,2.43,12332155
1952,123,32155,Greeley,2011,94323,89475,4848,2.64,36406,33834,2572,7.06,2.46,12332155
1953,123,32155,Greeley,2012,95324,90647,4677,2.66,36437,34140,2297,6.3,2.49,12332155
1954,123,32155,Greeley,2013,96566,91872,4694,2.67,36522,34464,2058,5.64,2.52,12332155
1955,123,32155,Greeley,2014,99238,94067,5171,2.68,36932,35144,1788,4.84,2.55,12332155
1956,123,32155,Greeley,2015,102431,96968,5463,2.69,37679,36081,1598,4.24,2.57,12332155
1957,123,32155,Greeley,2016,105359,99964,5395,2.7,38565,37054,1511,3.92,2.59,12332155
1958,123,32155,Greeley,2017,107365,101958,5407,2.71,39107,37652,1455,3.72,2.61,12332155
1959,123,32155,Greeley,2018,107726,102538,5188,2.72,39452,37719,1733,4.39,2.6,12332155
1960,123,32155,Greeley,2019,108543,103091,5452,2.73,39958,37777,2181,5.46,2.58,12332155
1961,123,32155,Greeley,2020,109410,104696,4714,2.74,40833,38262,2571,6.3,2.56,12332155
1962,123,32155,Greeley,2021,109670,105698,3972,2.71,41555,38939,2616,6.3,2.54,12332155
1963,123,32155,Greeley,2022,110732,106771,3961,2.71,42038,39391,2647,6.3,2.54,12332155
1964,123,32155,Greeley,2023,112691,108879,3812,2.7,42966,40261,2705,6.3,2.53,12332155
1965,123,32155,Greeley,2024,116732,112853,3879,2.69,44837,42014,2823,6.3,2.52,12332155
1966,41,32650,Green Mountain Falls (Part),2010,784,760,24,1.99,558,381,177,31.72,1.36,4132650
1967,41,32650,Green Mountain Falls (Part),2011,808,784,24,2,553,393,160,28.98,1.42,4132650
1968,41,32650,Green Mountain Falls (Part),2012,808,784,24,2,545,392,153,28.03,1.44,4132650
1969,41,32650,Green Mountain Falls (Part),2013,796,772,24,2,541,386,155,28.71,1.43,4132650
1970,41,32650,Green Mountain Falls (Part),2014,747,723,24,2,535,361,174,32.51,1.35,4132650
1971,41,32650,Green Mountain Falls (Part),2015,736,712,24,2.01,527,355,172,32.67,1.35,4132650
1972,41,32650,Green Mountain Falls (Part),2016,759,735,24,2.01,526,366,160,30.41,1.4,4132650
1973,41,32650,Green Mountain Falls (Part),2017,748,723,24,2.01,518,360,158,30.52,1.4,4132650
1974,41,32650,Green Mountain Falls (Part),2018,759,734,24,2.01,521,365,156,29.93,1.41,4132650
1975,41,32650,Green Mountain Falls (Part),2019,708,684,24,2.02,524,339,185,35.31,1.31,4132650
1976,41,32650,Green Mountain Falls (Part),2020,619,619,0,2,525,309,216,41.14,1.18,4132650
1977,41,32650,Green Mountain Falls (Part),2021,619,619,0,2,525,309,216,41.14,1.18,4132650
1978,41,32650,Green Mountain Falls (Part),2022,619,619,0,2,526,310,216,41.14,1.18,4132650
1979,41,32650,Green Mountain Falls (Part),2023,619,619,0,2,526,310,216,41.14,1.18,4132650
1980,41,32650,Green Mountain Falls (Part),2024,619,619,0,2,526,310,216,41.14,1.18,4132650
1981,119,32650,Green Mountain Falls (Part),2010,28,28,0,1.87,33,15,18,54.55,0.85,11932650
1982,119,32650,Green Mountain Falls (Part),2011,27,27,0,1.86,33,14,19,56.39,0.82,11932650
1983,119,32650,Green Mountain Falls (Part),2012,26,26,0,1.86,32,14,18,57.19,0.81,11932650
1984,119,32650,Green Mountain Falls (Part),2013,24,24,0,1.86,32,13,19,59.5,0.75,11932650
1985,119,32650,Green Mountain Falls (Part),2014,24,24,0,1.86,32,13,19,60.1,0.75,11932650
1986,119,32650,Green Mountain Falls (Part),2015,21,21,0,1.86,31,11,20,63.54,0.68,11932650
1987,119,32650,Green Mountain Falls (Part),2016,23,23,0,1.85,31,13,18,59.55,0.74,11932650
1988,119,32650,Green Mountain Falls (Part),2017,25,25,0,1.85,31,13,18,56.74,0.81,11932650
1989,119,32650,Green Mountain Falls (Part),2018,26,26,0,1.85,31,14,17,55.02,0.84,11932650
1990,119,32650,Green Mountain Falls (Part),2019,25,25,0,1.92,30,13,17,56.67,0.83,11932650
1991,119,32650,Green Mountain Falls (Part),2020,24,24,0,1.85,30,13,17,56.67,0.8,11932650
1992,119,32650,Green Mountain Falls (Part),2021,24,24,0,1.85,30,13,17,56.67,0.8,11932650
1993,119,32650,Green Mountain Falls (Part),2022,24,24,0,1.85,30,13,17,56.67,0.8,11932650
1994,119,32650,Green Mountain Falls (Part),2023,23,23,0,1.77,30,13,17,56.67,0.77,11932650
1995,119,32650,Green Mountain Falls (Part),2024,23,23,0,1.77,30,13,17,56.67,0.77,11932650
1996,999,32650,Green Mountain Falls (Total),2010,812,788,24,1.99,591,396,195,32.99,1.33,99932650
1997,999,32650,Green Mountain Falls (Total),2011,835,811,24,1.99,586,407,179,30.52,1.38,99932650
1998,999,32650,Green Mountain Falls (Total),2012,834,810,24,1.99,577,406,171,29.65,1.4,99932650
1999,999,32650,Green Mountain Falls (Total),2013,820,796,24,2,573,399,174,30.43,1.39,99932650
2000,999,32650,Green Mountain Falls (Total),2014,771,747,24,2,567,374,193,34.07,1.32,99932650
2001,999,32650,Green Mountain Falls (Total),2015,757,733,24,2,558,366,192,34.38,1.31,99932650
2002,999,32650,Green Mountain Falls (Total),2016,782,758,24,2,557,379,178,32.03,1.36,99932650
2003,999,32650,Green Mountain Falls (Total),2017,772,748,24,2,549,373,176,32,1.36,99932650
2004,999,32650,Green Mountain Falls (Total),2018,784,760,24,2.01,552,379,173,31.34,1.38,99932650
2005,999,32650,Green Mountain Falls (Total),2019,732,708,24,2.01,554,352,202,36.46,1.28,99932650
2006,999,32650,Green Mountain Falls (Total),2020,643,643,0,2,555,322,233,41.98,1.16,99932650
2007,999,32650,Green Mountain Falls (Total),2021,643,643,0,2,555,322,233,41.98,1.16,99932650
2008,999,32650,Green Mountain Falls (Total),2022,643,643,0,1.99,556,323,233,41.91,1.16,99932650
2009,999,32650,Green Mountain Falls (Total),2023,642,642,0,1.99,556,323,233,41.91,1.15,99932650
2010,999,32650,Green Mountain Falls (Total),2024,642,642,0,1.99,556,323,233,41.91,1.15,99932650
2011,5,33035,Greenwood Village,2010,13942,13889,53,2.4,6301,5776,525,8.33,2.2,533035
2012,5,33035,Greenwood Village,2011,14196,14142,54,2.41,6301,5865,436,6.92,2.24,533035
2013,5,33035,Greenwood Village,2012,14504,14449,55,2.42,6301,5977,324,5.14,2.29,533035
2014,5,33035,Greenwood Village,2013,14773,14716,57,2.42,6301,6072,229,3.63,2.34,533035
2015,5,33035,Greenwood Village,2014,15420,15362,58,2.43,6538,6319,219,3.34,2.35,533035
2016,5,33035,Greenwood Village,2015,16106,16046,60,2.44,6734,6581,153,2.27,2.38,533035
2017,5,33035,Greenwood Village,2016,16180,16119,61,2.44,6734,6593,141,2.09,2.39,533035
2018,5,33035,Greenwood Village,2017,15953,15890,63,2.45,6734,6483,251,3.73,2.36,533035
2019,5,33035,Greenwood Village,2018,15951,15887,64,2.46,6734,6467,267,3.97,2.36,533035
2020,5,33035,Greenwood Village,2019,15806,15740,66,2.46,6734,6392,342,5.08,2.34,533035
2021,5,33035,Greenwood Village,2020,15645,15475,170,2.46,6733,6292,441,6.55,2.3,533035
2022,5,33035,Greenwood Village,2021,15645,15474,171,2.46,6731,6290,441,6.55,2.3,533035
2023,5,33035,Greenwood Village,2022,15663,15474,189,2.46,6731,6290,441,6.55,2.3,533035
2024,5,33035,Greenwood Village,2023,15672,15479,193,2.46,6735,6294,441,6.55,2.3,533035
2025,5,33035,Greenwood Village,2024,15686,15493,193,2.46,6743,6301,442,6.55,2.3,533035
2026,123,33310,Grover,2010,137,137,0,2.21,90,62,28,31.11,1.52,12333310
2027,123,33310,Grover,2011,142,142,0,2.21,89,64,25,27.56,1.6,12333310
2028,123,33310,Grover,2012,150,150,0,2.21,89,68,21,23.78,1.69,12333310
2029,123,33310,Grover,2013,155,155,0,2.21,88,70,18,20.51,1.76,12333310
2030,123,33310,Grover,2014,160,160,0,2.21,87,72,15,16.95,1.84,12333310
2031,123,33310,Grover,2015,165,165,0,2.21,87,75,12,14.24,1.9,12333310
2032,123,33310,Grover,2016,170,170,0,2.21,88,77,11,12.57,1.93,12333310
2033,123,33310,Grover,2017,171,171,0,2.21,87,77,10,11.36,1.97,12333310
2034,123,33310,Grover,2018,166,166,0,2.21,86,75,11,12.71,1.93,12333310
2035,123,33310,Grover,2019,162,162,0,2.22,86,73,13,15.12,1.88,12333310
2036,123,33310,Grover,2020,157,157,0,2.21,85,71,14,16.47,1.85,12333310
2037,123,33310,Grover,2021,156,156,0,2.2,85,71,14,16.47,1.84,12333310
2038,123,33310,Grover,2022,155,155,0,2.18,85,71,14,16.47,1.82,12333310
2039,123,33310,Grover,2023,155,155,0,2.18,85,71,14,16.47,1.82,12333310
2040,123,33310,Grover,2024,154,154,0,2.17,85,71,14,16.47,1.81,12333310
2041,51,33640,Gunnison,2010,5873,5113,760,2.2,2664,2327,337,12.65,1.92,5133640
2042,51,33640,Gunnison,2011,5919,5138,781,2.19,2674,2342,332,12.43,1.92,5133640
2043,51,33640,Gunnison,2012,5880,5141,739,2.19,2674,2347,327,12.24,1.92,5133640
2044,51,33640,Gunnison,2013,6065,5145,920,2.19,2674,2352,322,12.04,1.92,5133640
2045,51,33640,Gunnison,2014,6092,5180,912,2.18,2685,2371,314,11.69,1.93,5133640
2046,51,33640,Gunnison,2015,6125,5212,913,2.18,2690,2389,301,11.18,1.94,5133640
2047,51,33640,Gunnison,2016,6200,5255,945,2.18,2703,2412,291,10.75,1.94,5133640
2048,51,33640,Gunnison,2017,6272,5311,961,2.17,2722,2442,280,10.27,1.95,5133640
2049,51,33640,Gunnison,2018,6370,5406,964,2.17,2767,2490,277,10.02,1.95,5133640
2050,51,33640,Gunnison,2019,6453,5486,967,2.17,2802,2530,272,9.71,1.96,5133640
2051,51,33640,Gunnison,2020,6564,5572,992,2.16,2843,2575,268,9.43,1.96,5133640
2052,51,33640,Gunnison,2021,6676,5707,969,2.19,2874,2603,271,9.43,1.99,5133640
2053,51,33640,Gunnison,2022,6802,5773,1029,2.15,2965,2685,280,9.44,1.95,5133640
2054,51,33640,Gunnison,2023,6914,5907,1007,2.11,3096,2804,292,9.43,1.91,5133640
2055,51,33640,Gunnison,2024,6910,5864,1046,2.07,3126,2831,295,9.44,1.88,5133640
2056,37,33695,Gypsum,2010,6472,6472,0,3.23,2207,2002,205,9.27,2.93,3733695
2057,37,33695,Gypsum,2011,6533,6533,0,3.22,2219,2030,189,8.53,2.94,3733695
2058,37,33695,Gypsum,2012,6572,6572,0,3.21,2222,2044,178,8,2.96,3733695
2059,37,33695,Gypsum,2013,6725,6725,0,3.21,2264,2095,169,7.47,2.97,3733695
2060,37,33695,Gypsum,2014,6845,6845,0,3.21,2295,2136,159,6.95,2.98,3733695
2061,37,33695,Gypsum,2015,6961,6961,0,3.2,2322,2173,149,6.4,3,3733695
2062,37,33695,Gypsum,2016,7080,7080,0,3.2,2352,2214,138,5.87,3.01,3733695
2063,37,33695,Gypsum,2017,7589,7589,0,3.19,2514,2379,135,5.36,3.02,3733695
2064,37,33695,Gypsum,2018,7623,7623,0,3.19,2514,2393,121,4.83,3.03,3733695
2065,37,33695,Gypsum,2019,7987,7987,0,3.18,2625,2512,113,4.3,3.04,3733695
2066,37,33695,Gypsum,2020,8172,8172,0,3.15,2676,2594,82,3.06,3.05,3733695
2067,37,33695,Gypsum,2021,8819,8819,0,3.06,2975,2884,91,3.06,2.96,3733695
2068,37,33695,Gypsum,2022,8982,8982,0,2.99,3096,3001,95,3.07,2.9,3733695
2069,37,33695,Gypsum,2023,9287,9287,0,2.91,3289,3188,101,3.07,2.82,3733695
2070,37,33695,Gypsum,2024,9246,9246,0,2.86,3331,3229,102,3.06,2.78,3733695
2071,99,34520,Hartman,2010,81,81,0,3.47,32,23,9,27.08,2.53,9934520
2072,99,34520,Hartman,2011,63,63,0,2.32,32,27,5,15.64,1.97,9934520
2073,99,34520,Hartman,2012,61,61,0,2.34,32,26,6,17.81,1.91,9934520
2074,99,34520,Hartman,2013,60,60,0,2.34,32,26,6,19.42,1.88,9934520
2075,99,34520,Hartman,2014,58,58,0,2.31,32,25,7,21.42,1.81,9934520
2076,99,34520,Hartman,2015,57,57,0,2.31,32,25,7,23.16,1.78,9934520
2077,99,34520,Hartman,2016,56,56,0,2.33,32,24,8,25.32,1.75,9934520
2078,99,34520,Hartman,2017,56,56,0,2.34,32,24,8,25.49,1.75,9934520
2079,99,34520,Hartman,2018,57,57,0,2.31,32,25,7,22.84,1.78,9934520
2080,99,34520,Hartman,2019,57,57,0,2.28,32,25,7,21.88,1.78,9934520
2081,99,34520,Hartman,2020,56,56,0,2.33,32,24,8,25,1.75,9934520
2082,99,34520,Hartman,2021,56,56,0,2.33,32,24,8,25,1.75,9934520
2083,99,34520,Hartman,2022,55,55,0,2.29,32,24,8,25,1.72,9934520
2084,99,34520,Hartman,2023,55,55,0,2.29,32,24,8,25,1.72,9934520
2085,99,34520,Hartman,2024,56,56,0,2.33,32,24,8,25,1.75,9934520
2086,61,34740,Haswell,2010,68,68,0,2.35,36,29,7,19.51,1.89,6134740
2087,61,34740,Haswell,2011,66,66,0,2.07,37,32,5,13.54,1.78,6134740
2088,61,34740,Haswell,2012,67,67,0,2.08,37,32,5,13.13,1.81,6134740
2089,61,34740,Haswell,2013,67,67,0,2.08,37,32,5,12.94,1.81,6134740
2090,61,34740,Haswell,2014,67,67,0,2.09,37,32,5,13.17,1.81,6134740
2091,61,34740,Haswell,2015,68,68,0,2.09,37,32,5,12.3,1.84,6134740
2092,61,34740,Haswell,2016,69,69,0,2.1,37,33,4,11.42,1.86,6134740
2093,61,34740,Haswell,2017,69,69,0,2.1,37,33,4,10.72,1.86,6134740
2094,61,34740,Haswell,2018,70,70,0,2.11,37,33,4,9.77,1.89,6134740
2095,61,34740,Haswell,2019,71,71,0,2.09,37,34,3,8.11,1.92,6134740
2096,61,34740,Haswell,2020,72,72,0,2.12,37,34,3,8.11,1.95,6134740
2097,61,34740,Haswell,2021,71,71,0,2.09,37,34,3,8.11,1.92,6134740
2098,61,34740,Haswell,2022,71,71,0,2.03,38,35,3,7.89,1.87,6134740
2099,61,34740,Haswell,2023,70,70,0,1.94,39,36,3,7.69,1.79,6134740
2100,61,34740,Haswell,2024,72,72,0,2,39,36,3,7.69,1.85,6134740
2101,95,34960,Haxtun,2010,950,930,20,2.38,478,391,87,18.27,1.95,9534960
2102,95,34960,Haxtun,2011,1019,998,20,2.28,480,437,43,8.89,2.08,9534960
2103,95,34960,Haxtun,2012,1019,998,21,2.28,481,438,43,8.92,2.07,9534960
2104,95,34960,Haxtun,2013,1008,987,21,2.27,482,434,48,9.88,2.05,9534960
2105,95,34960,Haxtun,2014,1003,982,21,2.27,481,433,48,9.96,2.04,9534960
2106,95,34960,Haxtun,2015,1006,984,22,2.26,487,435,52,10.68,2.02,9534960
2107,95,34960,Haxtun,2016,1003,980,22,2.26,489,435,54,11.14,2,9534960
2108,95,34960,Haxtun,2017,1002,980,23,2.25,489,435,54,11.01,2,9534960
2109,95,34960,Haxtun,2018,988,965,23,2.25,490,430,60,12.25,1.97,9534960
2110,95,34960,Haxtun,2019,985,962,23,2.24,492,429,63,12.8,1.96,9534960
2111,95,34960,Haxtun,2020,979,960,19,2.23,493,430,63,12.78,1.95,9534960
2112,95,34960,Haxtun,2021,975,956,19,2.22,493,430,63,12.78,1.94,9534960
2113,95,34960,Haxtun,2022,962,943,19,2.19,494,431,63,12.75,1.91,9534960
2114,95,34960,Haxtun,2023,965,946,19,2.18,496,433,63,12.7,1.91,9534960
2115,95,34960,Haxtun,2024,965,946,19,2.18,496,433,63,12.7,1.91,9534960
2116,107,35070,Hayden,2010,1805,1805,0,2.46,807,735,72,8.92,2.24,10735070
2117,107,35070,Hayden,2011,1819,1819,0,2.45,808,742,66,8.21,2.25,10735070
2118,107,35070,Hayden,2012,1821,1821,0,2.45,809,743,66,8.1,2.25,10735070
2119,107,35070,Hayden,2013,1829,1829,0,2.45,813,748,65,8,2.25,10735070
2120,107,35070,Hayden,2014,1838,1838,0,2.44,817,753,64,7.89,2.25,10735070
2121,107,35070,Hayden,2015,1844,1844,0,2.44,820,756,64,7.79,2.25,10735070
2122,107,35070,Hayden,2016,1848,1848,0,2.44,822,759,63,7.69,2.25,10735070
2123,107,35070,Hayden,2017,1856,1856,0,2.43,826,763,63,7.59,2.25,10735070
2124,107,35070,Hayden,2018,1865,1865,0,2.43,830,768,62,7.49,2.25,10735070
2125,107,35070,Hayden,2019,1882,1882,0,2.43,838,776,62,7.4,2.25,10735070
2126,107,35070,Hayden,2020,1934,1905,29,2.41,847,790,57,6.73,2.25,10735070
2127,107,35070,Hayden,2021,1973,1944,29,2.42,862,804,58,6.73,2.26,10735070
2128,107,35070,Hayden,2022,1964,1935,29,2.37,876,817,59,6.74,2.21,10735070
2129,107,35070,Hayden,2023,1960,1931,29,2.34,884,825,59,6.67,2.18,10735070
2130,107,35070,Hayden,2024,2047,2018,29,2.28,950,886,64,6.74,2.12,10735070
2131,87,36610,Hillrose,2010,264,264,0,2.45,127,108,19,15.32,2.08,8736610
2132,87,36610,Hillrose,2011,294,294,0,2.54,127,116,11,8.67,2.31,8736610
2133,87,36610,Hillrose,2012,294,294,0,2.53,127,116,11,8.47,2.31,8736610
2134,87,36610,Hillrose,2013,295,295,0,2.53,127,116,11,8.32,2.32,8736610
2135,87,36610,Hillrose,2014,295,295,0,2.53,127,117,10,8.12,2.32,8736610
2136,87,36610,Hillrose,2015,311,311,0,2.54,133,122,11,7.96,2.34,8736610
2137,87,36610,Hillrose,2016,301,301,0,2.55,128,118,10,7.58,2.35,8736610
2138,87,36610,Hillrose,2017,302,302,0,2.56,127,118,9,7.23,2.38,8736610
2139,87,36610,Hillrose,2018,310,310,0,2.61,128,119,9,7.11,2.42,8736610
2140,87,36610,Hillrose,2019,312,312,0,2.62,128,119,9,7.03,2.44,8736610
2141,87,36610,Hillrose,2020,311,311,0,2.61,128,119,9,7.03,2.43,8736610
2142,87,36610,Hillrose,2021,307,307,0,2.58,128,119,9,7.03,2.4,8736610
2143,87,36610,Hillrose,2022,306,306,0,2.57,128,119,9,7.03,2.39,8736610
2144,87,36610,Hillrose,2023,308,308,0,2.59,128,119,9,7.03,2.41,8736610
2145,87,36610,Hillrose,2024,310,310,0,2.61,128,119,9,7.03,2.42,8736610
2146,99,37215,Holly,2010,801,757,44,2.73,354,277,77,21.78,2.14,9937215
2147,99,37215,Holly,2011,837,793,45,2.55,354,311,43,12.06,2.24,9937215
2148,99,37215,Holly,2012,834,789,46,2.56,355,308,47,13.14,2.22,9937215
2149,99,37215,Holly,2013,834,787,46,2.55,357,308,49,13.65,2.2,9937215
2150,99,37215,Holly,2014,819,772,47,2.52,357,306,51,14.31,2.16,9937215
2151,99,37215,Holly,2015,814,766,48,2.51,357,305,52,14.66,2.15,9937215
2152,99,37215,Holly,2016,818,769,48,2.54,357,303,54,15.11,2.15,9937215
2153,99,37215,Holly,2017,827,778,49,2.54,357,306,51,14.28,2.18,9937215
2154,99,37215,Holly,2018,839,790,50,2.5,358,315,43,11.95,2.21,9937215
2155,99,37215,Holly,2019,849,798,51,2.5,358,319,39,10.89,2.23,9937215
2156,99,37215,Holly,2020,839,805,34,2.53,358,318,40,11.17,2.25,9937215
2157,99,37215,Holly,2021,835,803,32,2.51,360,320,40,11.11,2.23,9937215
2158,99,37215,Holly,2022,821,796,25,2.49,360,320,40,11.11,2.21,9937215
2159,99,37215,Holly,2023,821,792,29,2.48,360,320,40,11.11,2.2,9937215
2160,99,37215,Holly,2024,836,804,32,2.51,360,320,40,11.11,2.23,9937215
2161,95,37270,Holyoke,2010,2325,2285,40,2.56,973,892,81,8.33,2.35,9537270
2162,95,37270,Holyoke,2011,2303,2262,41,2.43,973,932,41,4.2,2.32,9537270
2163,95,37270,Holyoke,2012,2307,2266,41,2.44,973,930,43,4.37,2.33,9537270
2164,95,37270,Holyoke,2013,2318,2276,42,2.44,981,932,49,5.03,2.32,9537270
2165,95,37270,Holyoke,2014,2320,2277,43,2.45,981,929,52,5.27,2.32,9537270
2166,95,37270,Holyoke,2015,2319,2275,44,2.46,983,925,58,5.87,2.31,9537270
2167,95,37270,Holyoke,2016,2317,2272,44,2.47,984,921,63,6.38,2.31,9537270
2168,95,37270,Holyoke,2017,2323,2277,45,2.48,985,920,65,6.58,2.31,9537270
2169,95,37270,Holyoke,2018,2336,2291,46,2.48,999,923,76,7.65,2.29,9537270
2170,95,37270,Holyoke,2019,2337,2290,47,2.49,1003,920,83,8.28,2.28,9537270
2171,95,37270,Holyoke,2020,2343,2292,51,2.49,1006,919,87,8.65,2.28,9537270
2172,95,37270,Holyoke,2021,2322,2282,40,2.48,1006,919,87,8.65,2.27,9537270
2173,95,37270,Holyoke,2022,2289,2250,39,2.44,1008,921,87,8.63,2.23,9537270
2174,95,37270,Holyoke,2023,2290,2251,39,2.44,1009,922,87,8.62,2.23,9537270
2175,95,37270,Holyoke,2024,2295,2256,39,2.44,1011,923,88,8.7,2.23,9537270
2176,3,37380,Hooper,2010,103,103,0,2.34,62,44,18,29.03,1.66,337380
2177,3,37380,Hooper,2011,102,102,0,2.34,61,43,18,28.95,1.67,337380
2178,3,37380,Hooper,2012,100,100,0,2.35,59,42,17,28,1.69,337380
2179,3,37380,Hooper,2013,97,97,0,2.35,57,41,16,27.85,1.7,337380
2180,3,37380,Hooper,2014,93,93,0,2.36,56,39,17,29.86,1.66,337380
2181,3,37380,Hooper,2015,91,91,0,2.36,55,39,16,29.58,1.65,337380
2182,3,37380,Hooper,2016,89,89,0,2.36,53,38,15,28.86,1.68,337380
2183,3,37380,Hooper,2017,88,88,0,2.37,52,37,15,28.82,1.69,337380
2184,3,37380,Hooper,2018,85,85,0,2.37,50,36,14,28.76,1.7,337380
2185,3,37380,Hooper,2019,82,82,0,2.41,48,34,14,29.17,1.71,337380
2186,3,37380,Hooper,2020,81,81,0,2.38,47,34,13,27.66,1.72,337380
2187,3,37380,Hooper,2021,81,81,0,2.38,47,34,13,27.66,1.72,337380
2188,3,37380,Hooper,2022,80,80,0,2.35,47,34,13,27.66,1.7,337380
2189,3,37380,Hooper,2023,80,80,0,2.35,47,34,13,27.66,1.7,337380
2190,3,37380,Hooper,2024,79,79,0,2.32,47,34,13,27.66,1.68,337380
2191,29,37545,Hotchkiss,2010,942,942,0,2.24,471,421,50,10.62,2,2937545
2192,29,37545,Hotchkiss,2011,923,923,0,2.23,466,413,53,11.37,1.98,2937545
2193,29,37545,Hotchkiss,2012,914,914,0,2.23,461,410,51,11.13,1.98,2937545
2194,29,37545,Hotchkiss,2013,907,907,0,2.23,456,407,49,10.76,1.99,2937545
2195,29,37545,Hotchkiss,2014,888,888,0,2.22,452,399,53,11.66,1.96,2937545
2196,29,37545,Hotchkiss,2015,877,877,0,2.22,447,395,52,11.71,1.96,2937545
2197,29,37545,Hotchkiss,2016,878,878,0,2.22,442,396,46,10.42,1.99,2937545
2198,29,37545,Hotchkiss,2017,875,875,0,2.21,438,395,43,9.76,2,2937545
2199,29,37545,Hotchkiss,2018,874,874,0,2.21,434,395,39,8.92,2.01,2937545
2200,29,37545,Hotchkiss,2019,874,874,0,2.21,432,396,36,8.33,2.02,2937545
2201,29,37545,Hotchkiss,2020,880,880,0,2.21,434,399,35,8.06,2.03,2937545
2202,29,37545,Hotchkiss,2021,897,897,0,2.23,438,403,35,7.99,2.05,2937545
2203,29,37545,Hotchkiss,2022,910,910,0,2.22,445,409,36,8.09,2.04,2937545
2204,29,37545,Hotchkiss,2023,936,936,0,2.26,452,415,37,8.19,2.07,2937545
2205,29,37545,Hotchkiss,2024,951,951,0,2.26,458,421,37,8.08,2.08,2937545
2206,49,37600,Hot Sulphur Springs,2010,661,628,33,2.75,281,228,53,18.71,2.23,4937600
2207,49,37600,Hot Sulphur Springs,2011,612,579,33,2.48,282,234,48,17.14,2.05,4937600
2208,49,37600,Hot Sulphur Springs,2012,623,591,32,2.46,286,240,46,16.14,2.07,4937600
2209,49,37600,Hot Sulphur Springs,2013,637,605,32,2.45,291,247,44,15.1,2.08,4937600
2210,49,37600,Hot Sulphur Springs,2014,653,621,32,2.43,297,255,42,14.05,2.09,4937600
2211,49,37600,Hot Sulphur Springs,2015,660,629,31,2.42,299,260,39,13,2.1,4937600
2212,49,37600,Hot Sulphur Springs,2016,668,637,31,2.4,301,265,36,11.94,2.12,4937600
2213,49,37600,Hot Sulphur Springs,2017,675,645,31,2.39,303,270,33,10.88,2.13,4937600
2214,49,37600,Hot Sulphur Springs,2018,683,653,30,2.37,305,275,30,9.81,2.14,4937600
2215,49,37600,Hot Sulphur Springs,2019,693,663,30,2.36,308,281,27,8.77,2.15,4937600
2216,49,37600,Hot Sulphur Springs,2020,684,675,9,2.32,312,291,21,6.75,2.16,4937600
2217,49,37600,Hot Sulphur Springs,2021,683,674,9,2.31,313,292,21,6.75,2.15,4937600
2218,49,37600,Hot Sulphur Springs,2022,681,672,9,2.28,316,295,21,6.75,2.13,4937600
2219,49,37600,Hot Sulphur Springs,2023,687,678,9,2.26,322,300,22,6.75,2.11,4937600
2220,49,37600,Hot Sulphur Springs,2024,688,679,9,2.26,323,301,22,6.75,2.1,4937600
2221,123,37820,Hudson,2010,2360,1489,871,2.91,557,512,45,8.08,2.67,12337820
2222,123,37820,Hudson,2011,2358,1483,874,2.89,551,513,38,6.94,2.69,12337820
2223,123,37820,Hudson,2012,2522,1478,1044,2.88,545,513,32,5.78,2.71,12337820
2224,123,37820,Hudson,2013,2522,1474,1048,2.86,541,515,26,4.79,2.72,12337820
2225,123,37820,Hudson,2014,1468,1468,0,2.85,536,516,20,3.78,2.74,12337820
2226,123,37820,Hudson,2015,1456,1456,0,2.83,530,514,16,3,2.75,12337820
2227,123,37820,Hudson,2016,1436,1436,0,2.82,523,510,13,2.48,2.75,12337820
2228,123,37820,Hudson,2017,1472,1472,0,2.8,537,526,11,2.07,2.74,12337820
2229,123,37820,Hudson,2018,1625,1625,0,2.78,596,584,12,2.09,2.73,12337820
2230,123,37820,Hudson,2019,1672,1672,0,2.77,617,604,13,2.11,2.71,12337820
2231,123,37820,Hudson,2020,1653,1653,0,2.75,612,601,11,1.8,2.7,12337820
2232,123,37820,Hudson,2021,1642,1642,0,2.73,613,602,11,1.79,2.68,12337820
2233,123,37820,Hudson,2022,1639,1639,0,2.72,613,602,11,1.79,2.67,12337820
2234,123,37820,Hudson,2023,1636,1636,0,2.72,613,602,11,1.79,2.67,12337820
2235,123,37820,Hudson,2024,1625,1625,0,2.7,613,602,11,1.79,2.65,12337820
2236,73,37875,Hugo,2010,730,639,91,2.38,358,269,89,24.88,1.78,7337875
2237,73,37875,Hugo,2011,715,627,88,2.1,358,299,59,16.57,1.75,7337875
2238,73,37875,Hugo,2012,718,636,82,2.12,358,299,59,16.38,1.78,7337875
2239,73,37875,Hugo,2013,727,645,82,2.15,359,300,59,16.48,1.8,7337875
2240,73,37875,Hugo,2014,734,653,81,2.18,359,300,59,16.4,1.82,7337875
2241,73,37875,Hugo,2015,744,663,81,2.2,359,301,58,16.12,1.85,7337875
2242,73,37875,Hugo,2016,756,670,86,2.23,359,301,58,16.28,1.87,7337875
2243,73,37875,Hugo,2017,770,684,86,2.25,362,303,59,16.18,1.89,7337875
2244,73,37875,Hugo,2018,773,691,82,2.28,365,303,62,17.01,1.89,7337875
2245,73,37875,Hugo,2019,807,721,86,2.3,377,313,64,16.98,1.91,7337875
2246,73,37875,Hugo,2020,784,742,42,2.33,382,319,63,16.49,1.94,7337875
2247,73,37875,Hugo,2021,791,751,40,2.33,387,323,64,16.54,1.94,7337875
2248,73,37875,Hugo,2022,786,748,38,2.3,389,325,64,16.45,1.92,7337875
2249,73,37875,Hugo,2023,781,741,40,2.28,389,325,64,16.45,1.9,7337875
2250,73,37875,Hugo,2024,774,729,45,2.24,389,325,64,16.45,1.87,7337875
2251,19,38370,Idaho Springs,2010,1750,1720,30,2.12,913,810,103,11.24,1.88,1938370
2252,19,38370,Idaho Springs,2011,1741,1697,44,2.07,913,819,94,10.26,1.86,1938370
2253,19,38370,Idaho Springs,2012,1739,1694,45,2.07,913,819,94,10.25,1.86,1938370
2254,19,38370,Idaho Springs,2013,1736,1693,43,2.06,913,821,92,10.09,1.85,1938370
2255,19,38370,Idaho Springs,2014,1739,1694,45,2.06,913,823,90,9.84,1.86,1938370
2256,19,38370,Idaho Springs,2015,1742,1699,43,2.05,913,828,85,9.35,1.86,1938370
2257,19,38370,Idaho Springs,2016,1745,1704,41,2.05,914,832,82,8.98,1.86,1938370
2258,19,38370,Idaho Springs,2017,1758,1714,44,2.04,914,839,75,8.23,1.88,1938370
2259,19,38370,Idaho Springs,2018,1753,1709,44,2.04,914,838,76,8.34,1.87,1938370
2260,19,38370,Idaho Springs,2019,1749,1705,44,2.03,912,838,74,8.11,1.87,1938370
2261,19,38370,Idaho Springs,2020,1815,1785,30,2.02,957,884,73,7.63,1.87,1938370
2262,19,38370,Idaho Springs,2021,1822,1792,30,2.03,957,884,73,7.63,1.87,1938370
2263,19,38370,Idaho Springs,2022,1778,1748,30,1.98,957,884,73,7.63,1.83,1938370
2264,19,38370,Idaho Springs,2023,1740,1710,30,1.93,961,888,73,7.6,1.78,1938370
2265,19,38370,Idaho Springs,2024,1732,1702,30,1.91,965,892,73,7.56,1.76,1938370
2266,67,38535,Ignacio,2010,699,699,0,2.49,308,281,27,8.77,2.27,6738535
2267,67,38535,Ignacio,2011,715,715,0,2.5,315,287,28,9.04,2.27,6738535
2268,67,38535,Ignacio,2012,728,728,0,2.51,320,291,29,9.21,2.28,6738535
2269,67,38535,Ignacio,2013,744,744,0,2.51,326,296,30,9.16,2.28,6738535
2270,67,38535,Ignacio,2014,766,766,0,2.52,335,304,31,9.33,2.29,6738535
2271,67,38535,Ignacio,2015,781,781,0,2.53,340,308,32,9.33,2.3,6738535
2272,67,38535,Ignacio,2016,796,796,0,2.54,346,313,33,9.5,2.3,6738535
2273,67,38535,Ignacio,2017,811,811,0,2.55,353,318,35,9.94,2.3,6738535
2274,67,38535,Ignacio,2018,825,825,0,2.56,360,322,38,10.58,2.29,6738535
2275,67,38535,Ignacio,2019,835,835,0,2.57,368,325,43,11.68,2.27,6738535
2276,67,38535,Ignacio,2020,850,850,0,2.58,376,330,46,12.23,2.26,6738535
2277,67,38535,Ignacio,2021,858,858,0,2.58,378,332,46,12.17,2.27,6738535
2278,67,38535,Ignacio,2022,850,850,0,2.55,379,333,46,12.14,2.24,6738535
2279,67,38535,Ignacio,2023,842,842,0,2.52,381,334,47,12.34,2.21,6738535
2280,67,38535,Ignacio,2024,843,843,0,2.51,383,336,47,12.27,2.2,6738535
2281,75,38590,Iliff,2010,266,266,0,2.84,113,94,19,17.19,2.35,7538590
2282,75,38590,Iliff,2011,257,257,0,2.5,113,103,10,8.81,2.27,7538590
2283,75,38590,Iliff,2012,255,255,0,2.48,113,103,10,9.03,2.26,7538590
2284,75,38590,Iliff,2013,253,253,0,2.47,113,103,10,9.14,2.24,7538590
2285,75,38590,Iliff,2014,253,253,0,2.45,114,103,11,9.55,2.22,7538590
2286,75,38590,Iliff,2015,250,250,0,2.43,114,103,11,9.88,2.19,7538590
2287,75,38590,Iliff,2016,247,247,0,2.42,114,102,12,10.35,2.17,7538590
2288,75,38590,Iliff,2017,245,245,0,2.4,114,102,12,10.44,2.15,7538590
2289,75,38590,Iliff,2018,250,250,0,2.39,117,105,12,10.5,2.14,7538590
2290,75,38590,Iliff,2019,247,247,0,2.38,117,104,13,11.11,2.11,7538590
2291,75,38590,Iliff,2020,246,246,0,2.37,117,104,13,11.11,2.1,7538590
2292,75,38590,Iliff,2021,245,245,0,2.36,117,104,13,11.11,2.09,7538590
2293,75,38590,Iliff,2022,245,245,0,2.31,119,106,13,10.92,2.06,7538590
2294,75,38590,Iliff,2023,243,243,0,2.29,119,106,13,10.92,2.04,7538590
2295,75,38590,Iliff,2024,245,245,0,2.29,120,107,13,10.83,2.04,7538590
2296,13,39195,Jamestown,2010,274,274,0,2.09,141,131,10,7.09,1.94,1339195
2297,13,39195,Jamestown,2011,276,276,0,2.11,139,131,8,5.99,1.99,1339195
2298,13,39195,Jamestown,2012,278,278,0,2.13,138,131,7,5.35,2.01,1339195
2299,13,39195,Jamestown,2013,275,275,0,2.14,135,128,7,4.91,2.04,1339195
2300,13,39195,Jamestown,2014,274,274,0,2.16,134,127,7,5.44,2.04,1339195
2301,13,39195,Jamestown,2015,288,288,0,2.18,138,132,6,4.23,2.09,1339195
2302,13,39195,Jamestown,2016,290,290,0,2.19,138,132,6,4.13,2.1,1339195
2303,13,39195,Jamestown,2017,285,285,0,2.21,137,129,8,5.94,2.08,1339195
2304,13,39195,Jamestown,2018,278,278,0,2.23,134,125,9,6.74,2.07,1339195
2305,13,39195,Jamestown,2019,263,263,0,2.25,132,117,15,11.36,1.99,1339195
2306,13,39195,Jamestown,2020,254,254,0,2.25,130,113,17,13.08,1.95,1339195
2307,13,39195,Jamestown,2021,250,250,0,2.21,130,113,17,13.08,1.92,1339195
2308,13,39195,Jamestown,2022,249,249,0,2.2,130,113,17,13.08,1.92,1339195
2309,13,39195,Jamestown,2023,246,246,0,2.18,130,113,17,13.08,1.89,1339195
2310,13,39195,Jamestown,2024,244,244,0,2.14,131,114,17,12.98,1.86,1339195
2311,69,39855,Johnstown (Part),2010,624,624,0,2.39,316,261,55,17.41,1.97,6939855
2312,69,39855,Johnstown (Part),2011,968,968,0,2.39,478,404,74,15.44,2.03,6939855
2313,69,39855,Johnstown (Part),2012,1314,1314,0,2.4,633,548,85,13.41,2.08,6939855
2314,69,39855,Johnstown (Part),2013,1770,1770,0,2.4,841,737,104,12.36,2.1,6939855
2315,69,39855,Johnstown (Part),2014,2295,2295,0,2.4,1072,955,117,10.92,2.14,6939855
2316,69,39855,Johnstown (Part),2015,2798,2798,0,2.41,1280,1163,117,9.12,2.19,6939855
2317,69,39855,Johnstown (Part),2016,3219,3219,0,2.41,1457,1337,120,8.26,2.21,6939855
2318,69,39855,Johnstown (Part),2017,3604,3604,0,2.41,1636,1496,140,8.59,2.2,6939855
2319,69,39855,Johnstown (Part),2018,4036,4036,0,2.41,1819,1674,145,7.97,2.22,6939855
2320,69,39855,Johnstown (Part),2019,4426,4426,0,2.41,1989,1836,153,7.69,2.23,6939855
2321,69,39855,Johnstown (Part),2020,5321,5321,0,2.4,2392,2219,173,7.24,2.22,6939855
2322,69,39855,Johnstown (Part),2021,5463,5463,0,2.36,2496,2315,181,7.24,2.19,6939855
2323,69,39855,Johnstown (Part),2022,5990,5990,0,2.28,2829,2624,205,7.24,2.12,6939855
2324,69,39855,Johnstown (Part),2023,6218,6218,0,2.23,3008,2790,218,7.24,2.07,6939855
2325,69,39855,Johnstown (Part),2024,6385,6385,0,2.2,3128,2902,226,7.24,2.04,6939855
2326,123,39855,Johnstown (Part),2010,9473,9473,0,2.99,3316,3172,144,4.34,2.86,12339855
2327,123,39855,Johnstown (Part),2011,9678,9678,0,2.99,3371,3241,130,3.85,2.87,12339855
2328,123,39855,Johnstown (Part),2012,10035,10035,0,2.99,3477,3361,116,3.33,2.89,12339855
2329,123,39855,Johnstown (Part),2013,10649,10649,0,2.99,3673,3567,106,2.88,2.9,12339855
2330,123,39855,Johnstown (Part),2014,11393,11393,0,2.98,3910,3817,93,2.38,2.91,12339855
2331,123,39855,Johnstown (Part),2015,11886,11886,0,2.98,4064,3982,82,2.01,2.92,12339855
2332,123,39855,Johnstown (Part),2016,12130,12130,0,2.98,4139,4065,74,1.78,2.93,12339855
2333,123,39855,Johnstown (Part),2017,12281,12281,0,2.98,4185,4118,67,1.61,2.93,12339855
2334,123,39855,Johnstown (Part),2018,12400,12400,0,2.98,4235,4158,77,1.81,2.93,12339855
2335,123,39855,Johnstown (Part),2019,12503,12503,0,2.98,4285,4194,91,2.12,2.92,12339855
2336,123,39855,Johnstown (Part),2020,12545,12545,0,2.98,4309,4214,95,2.2,2.91,12339855
2337,123,39855,Johnstown (Part),2021,12474,12474,0,2.95,4319,4224,95,2.2,2.89,12339855
2338,123,39855,Johnstown (Part),2022,12721,12721,0,2.95,4411,4314,97,2.2,2.88,12339855
2339,123,39855,Johnstown (Part),2023,13210,13210,0,2.94,4591,4490,101,2.2,2.88,12339855
2340,123,39855,Johnstown (Part),2024,13501,13501,0,2.92,4724,4620,104,2.2,2.86,12339855
2341,999,39855,Johnstown (Total),2010,10097,10097,0,2.94,3632,3433,199,5.48,2.78,99939855
2342,999,39855,Johnstown (Total),2011,10646,10646,0,2.92,3849,3645,204,5.29,2.77,99939855
2343,999,39855,Johnstown (Total),2012,11350,11350,0,2.9,4110,3909,201,4.88,2.76,99939855
2344,999,39855,Johnstown (Total),2013,12418,12418,0,2.89,4514,4304,210,4.64,2.75,99939855
2345,999,39855,Johnstown (Total),2014,13687,13687,0,2.87,4982,4772,210,4.22,2.75,99939855
2346,999,39855,Johnstown (Total),2015,14684,14684,0,2.85,5344,5146,198,3.71,2.75,99939855
2347,999,39855,Johnstown (Total),2016,15349,15349,0,2.84,5596,5402,194,3.46,2.74,99939855
2348,999,39855,Johnstown (Total),2017,15885,15885,0,2.83,5821,5613,208,3.57,2.73,99939855
2349,999,39855,Johnstown (Total),2018,16436,16436,0,2.82,6054,5832,222,3.66,2.71,99939855
2350,999,39855,Johnstown (Total),2019,16929,16929,0,2.81,6274,6030,244,3.89,2.7,99939855
2351,999,39855,Johnstown (Total),2020,17866,17866,0,2.78,6701,6433,268,4,2.67,99939855
2352,999,39855,Johnstown (Total),2021,17937,17937,0,2.74,6815,6539,276,4.05,2.63,99939855
2353,999,39855,Johnstown (Total),2022,18711,18711,0,2.7,7240,6938,302,4.17,2.58,99939855
2354,999,39855,Johnstown (Total),2023,19428,19428,0,2.67,7599,7280,319,4.2,2.56,99939855
2355,999,39855,Johnstown (Total),2024,19886,19886,0,2.64,7852,7522,330,4.2,2.53,99939855
2356,115,39965,Julesburg,2010,1219,1184,35,2.19,697,541,156,22.33,1.7,11539965
2357,115,39965,Julesburg,2011,1248,1212,36,2.1,697,578,119,17.08,1.74,11539965
2358,115,39965,Julesburg,2012,1254,1218,37,2.1,697,579,118,16.87,1.75,11539965
2359,115,39965,Julesburg,2013,1260,1222,37,2.11,697,580,117,16.75,1.75,11539965
2360,115,39965,Julesburg,2014,1266,1228,38,2.11,698,582,116,16.68,1.76,11539965
2361,115,39965,Julesburg,2015,1272,1233,39,2.12,698,583,115,16.49,1.77,11539965
2362,115,39965,Julesburg,2016,1280,1240,40,2.12,698,585,113,16.24,1.78,11539965
2363,115,39965,Julesburg,2017,1284,1244,41,2.13,698,585,113,16.17,1.78,11539965
2364,115,39965,Julesburg,2018,1293,1251,41,2.13,700,587,113,16.08,1.79,11539965
2365,115,39965,Julesburg,2019,1303,1261,42,2.14,702,590,112,15.95,1.8,11539965
2366,115,39965,Julesburg,2020,1298,1259,39,2.13,702,591,111,15.81,1.79,11539965
2367,115,39965,Julesburg,2021,1266,1229,37,2.08,702,591,111,15.81,1.75,11539965
2368,115,39965,Julesburg,2022,1244,1212,32,2.05,702,591,111,15.81,1.73,11539965
2369,115,39965,Julesburg,2023,1252,1221,31,2.07,702,591,111,15.81,1.74,11539965
2370,115,39965,Julesburg,2024,1233,1197,36,2.02,703,592,111,15.79,1.7,11539965
2371,123,40185,Keenesburg,2010,1130,1121,9,2.55,463,439,24,5.18,2.42,12340185
2372,123,40185,Keenesburg,2011,1142,1133,9,2.56,467,443,24,5.06,2.43,12340185
2373,123,40185,Keenesburg,2012,1156,1147,9,2.56,471,448,23,4.81,2.44,12340185
2374,123,40185,Keenesburg,2013,1175,1166,9,2.56,477,455,22,4.57,2.44,12340185
2375,123,40185,Keenesburg,2014,1189,1180,9,2.56,480,460,20,4.17,2.46,12340185
2376,123,40185,Keenesburg,2015,1201,1192,9,2.57,483,464,19,3.87,2.47,12340185
2377,123,40185,Keenesburg,2016,1211,1202,9,2.57,486,468,18,3.79,2.47,12340185
2378,123,40185,Keenesburg,2017,1229,1220,9,2.57,493,474,19,3.81,2.47,12340185
2379,123,40185,Keenesburg,2018,1236,1226,9,2.58,500,476,24,4.75,2.45,12340185
2380,123,40185,Keenesburg,2019,1237,1228,9,2.58,508,476,32,6.3,2.42,12340185
2381,123,40185,Keenesburg,2020,1251,1226,25,2.58,515,476,39,7.57,2.38,12340185
2382,123,40185,Keenesburg,2021,1724,1699,25,2.56,719,664,55,7.65,2.36,12340185
2383,123,40185,Keenesburg,2022,2066,2041,25,2.55,865,799,66,7.63,2.36,12340185
2384,123,40185,Keenesburg,2023,2069,2044,25,2.55,868,802,66,7.6,2.35,12340185
2385,123,40185,Keenesburg,2024,2055,2030,25,2.53,868,802,66,7.6,2.34,12340185
2386,123,40515,Kersey,2010,1458,1458,0,2.95,531,495,36,6.78,2.75,12340515
2387,123,40515,Kersey,2011,1458,1458,0,2.93,529,497,32,6.09,2.76,12340515
2388,123,40515,Kersey,2012,1469,1469,0,2.92,531,503,28,5.34,2.77,12340515
2389,123,40515,Kersey,2013,1491,1491,0,2.91,537,512,25,4.68,2.78,12340515
2390,123,40515,Kersey,2014,1499,1499,0,2.9,538,517,21,3.94,2.79,12340515
2391,123,40515,Kersey,2015,1508,1508,0,2.89,540,522,18,3.38,2.79,12340515
2392,123,40515,Kersey,2016,1504,1504,0,2.88,539,523,16,3.05,2.79,12340515
2393,123,40515,Kersey,2017,1513,1513,0,2.87,543,528,15,2.83,2.79,12340515
2394,123,40515,Kersey,2018,1509,1509,0,2.86,546,528,18,3.25,2.76,12340515
2395,123,40515,Kersey,2019,1500,1500,0,2.85,549,527,22,4.01,2.73,12340515
2396,123,40515,Kersey,2020,1494,1494,0,2.83,552,528,24,4.35,2.71,12340515
2397,123,40515,Kersey,2021,1479,1479,0,2.81,551,527,24,4.36,2.68,12340515
2398,123,40515,Kersey,2022,1480,1480,0,2.8,552,528,24,4.35,2.68,12340515
2399,123,40515,Kersey,2023,1482,1482,0,2.8,554,530,24,4.33,2.68,12340515
2400,123,40515,Kersey,2024,1475,1475,0,2.78,555,531,24,4.32,2.66,12340515
2401,117,40550,Keystone,2010,,,,0,,,,0,,11740550
2402,117,40550,Keystone,2011,,,,0,,,,0,,11740550
2403,117,40550,Keystone,2012,,,,0,,,,0,,11740550
2404,117,40550,Keystone,2013,,,,0,,,,0,,11740550
2405,117,40550,Keystone,2014,,,,0,,,,0,,11740550
2406,117,40550,Keystone,2015,,,,0,,,,0,,11740550
2407,117,40550,Keystone,2016,,,,0,,,,0,,11740550
2408,117,40550,Keystone,2017,,,,0,,,,0,,11740550
2409,117,40550,Keystone,2018,,,,0,,,,0,,11740550
2410,117,40550,Keystone,2019,,,,0,,,,0,,11740550
2411,117,40550,Keystone,2020,0,0,0,0,0,0,0,0,0,11740550
2412,117,40550,Keystone,2021,0,0,0,0,0,0,0,0,0,11740550
2413,117,40550,Keystone,2022,0,0,0,0,0,0,0,0,0,11740550
2414,117,40550,Keystone,2023,0,0,0,0,0,0,0,0,0,11740550
2415,117,40550,Keystone,2024,1400,1136,264,1.89,2255,601,1654,73.35,0.5,11740550
2416,71,40570,Kim,2010,73,73,0,1.64,55,44,11,19.15,1.33,7140570
2417,71,40570,Kim,2011,88,88,0,1.92,55,46,9,16.88,1.6,7140570
2418,71,40570,Kim,2012,85,85,0,1.92,55,44,11,19.37,1.55,7140570
2419,71,40570,Kim,2013,82,82,0,1.92,55,43,12,22.47,1.49,7140570
2420,71,40570,Kim,2014,79,79,0,1.92,55,41,14,24.89,1.44,7140570
2421,71,40570,Kim,2015,77,77,0,1.92,55,40,15,27.05,1.4,7140570
2422,71,40570,Kim,2016,75,75,0,1.91,55,39,16,29.21,1.36,7140570
2423,71,40570,Kim,2017,72,72,0,1.91,55,38,17,31.45,1.31,7140570
2424,71,40570,Kim,2018,69,69,0,1.91,55,36,19,33.92,1.25,7140570
2425,71,40570,Kim,2019,67,67,0,1.91,55,35,20,36.36,1.22,7140570
2426,71,40570,Kim,2020,63,63,0,1.91,55,33,22,40,1.15,7140570
2427,71,40570,Kim,2021,63,63,0,1.91,55,33,22,40,1.15,7140570
2428,71,40570,Kim,2022,64,64,0,1.88,56,34,22,39.29,1.14,7140570
2429,71,40570,Kim,2023,65,65,0,1.91,57,34,23,40.35,1.14,7140570
2430,71,40570,Kim,2024,64,64,0,1.88,57,34,23,40.35,1.12,7140570
2431,39,40790,Kiowa,2010,723,688,35,2.46,322,280,42,13.04,2.14,3940790
2432,39,40790,Kiowa,2011,712,677,35,2.45,320,276,44,13.6,2.12,3940790
2433,39,40790,Kiowa,2012,708,673,35,2.44,318,275,43,13.41,2.12,3940790
2434,39,40790,Kiowa,2013,710,675,35,2.44,316,277,39,12.3,2.14,3940790
2435,39,40790,Kiowa,2014,720,685,35,2.43,314,282,32,10.13,2.18,3940790
2436,39,40790,Kiowa,2015,729,695,35,2.42,312,287,25,8.02,2.23,3940790
2437,39,40790,Kiowa,2016,730,696,34,2.41,311,288,23,7.31,2.24,3940790
2438,39,40790,Kiowa,2017,737,703,34,2.41,309,292,17,5.53,2.28,3940790
2439,39,40790,Kiowa,2018,734,700,34,2.4,307,292,15,4.96,2.28,3940790
2440,39,40790,Kiowa,2019,729,695,34,2.4,309,290,19,6.15,2.25,3940790
2441,39,40790,Kiowa,2020,717,700,17,2.39,310,293,17,5.48,2.26,3940790
2442,39,40790,Kiowa,2021,724,707,17,2.4,311,294,17,5.47,2.27,3940790
2443,39,40790,Kiowa,2022,716,699,17,2.37,312,295,17,5.45,2.24,3940790
2444,39,40790,Kiowa,2023,724,707,17,2.4,312,295,17,5.45,2.27,3940790
2445,39,40790,Kiowa,2024,715,698,17,2.37,312,295,17,5.45,2.24,3940790
2446,17,41010,Kit Carson,2010,233,218,15,2.55,133,86,47,35.62,1.64,1741010
2447,17,41010,Kit Carson,2011,267,252,15,2.32,133,109,24,18.2,1.89,1741010
2448,17,41010,Kit Carson,2012,272,257,15,2.31,133,111,22,16.43,1.93,1741010
2449,17,41010,Kit Carson,2013,266,251,15,2.3,133,109,24,18.14,1.89,1741010
2450,17,41010,Kit Carson,2014,267,252,15,2.3,133,110,23,17.42,1.89,1741010
2451,17,41010,Kit Carson,2015,265,250,15,2.29,133,109,24,18.07,1.88,1741010
2452,17,41010,Kit Carson,2016,268,253,15,2.29,136,111,25,18.63,1.86,1741010
2453,17,41010,Kit Carson,2017,269,254,15,2.28,136,111,25,18.14,1.87,1741010
2454,17,41010,Kit Carson,2018,271,256,15,2.27,136,112,24,17.31,1.88,1741010
2455,17,41010,Kit Carson,2019,272,257,15,2.25,136,114,22,16.18,1.89,1741010
2456,17,41010,Kit Carson,2020,254,254,0,2.25,136,113,23,16.91,1.87,1741010
2457,17,41010,Kit Carson,2021,248,248,0,2.19,136,113,23,16.91,1.82,1741010
2458,17,41010,Kit Carson,2022,247,247,0,2.19,136,113,23,16.91,1.82,1741010
2459,17,41010,Kit Carson,2023,246,246,0,2.18,136,113,23,16.91,1.81,1741010
2460,17,41010,Kit Carson,2024,245,245,0,2.17,136,113,23,16.91,1.8,1741010
2461,49,41560,Kremmling,2010,1440,1436,4,2.65,616,542,74,12.07,2.33,4941560
2462,49,41560,Kremmling,2011,1301,1297,4,2.36,622,550,72,11.5,2.09,4941560
2463,49,41560,Kremmling,2012,1332,1328,4,2.36,634,562,72,11.31,2.09,4941560
2464,49,41560,Kremmling,2013,1335,1332,4,2.37,632,562,70,11.09,2.11,4941560
2465,49,41560,Kremmling,2014,1312,1308,4,2.38,617,550,67,10.87,2.12,4941560
2466,49,41560,Kremmling,2015,1319,1315,4,2.39,617,551,66,10.65,2.13,4941560
2467,49,41560,Kremmling,2016,1326,1323,4,2.39,617,553,64,10.43,2.14,4941560
2468,49,41560,Kremmling,2017,1334,1330,4,2.4,617,554,63,10.2,2.16,4941560
2469,49,41560,Kremmling,2018,1342,1338,4,2.41,617,555,62,9.97,2.17,4941560
2470,49,41560,Kremmling,2019,1350,1346,4,2.42,617,557,60,9.72,2.18,4941560
2471,49,41560,Kremmling,2020,1503,1493,10,2.4,680,621,59,8.7,2.2,4941560
2472,49,41560,Kremmling,2021,1503,1493,10,2.4,680,621,59,8.7,2.2,4941560
2473,49,41560,Kremmling,2022,1501,1491,10,2.39,684,624,60,8.7,2.18,4941560
2474,49,41560,Kremmling,2023,1504,1494,10,2.38,688,628,60,8.7,2.17,4941560
2475,49,41560,Kremmling,2024,1507,1497,10,2.37,691,631,60,8.7,2.17,4941560
2476,13,41835,Lafayette,2010,24545,24515,30,2.54,10023,9668,355,3.54,2.45,1341835
2477,13,41835,Lafayette,2011,24722,24628,94,2.53,10020,9720,300,2.99,2.46,1341835
2478,13,41835,Lafayette,2012,25466,25368,98,2.53,10257,10024,233,2.27,2.47,1341835
2479,13,41835,Lafayette,2013,26211,26110,101,2.53,10533,10329,204,1.94,2.48,1341835
2480,13,41835,Lafayette,2014,26436,26332,104,2.53,10639,10426,213,2,2.48,1341835
2481,13,41835,Lafayette,2015,26825,26717,107,2.52,10747,10590,157,1.46,2.49,1341835
2482,13,41835,Lafayette,2016,27364,27253,111,2.52,10967,10820,147,1.34,2.49,1341835
2483,13,41835,Lafayette,2017,27697,27582,114,2.51,11175,10972,203,1.82,2.47,1341835
2484,13,41835,Lafayette,2018,28192,28074,118,2.51,11413,11190,223,1.95,2.46,1341835
2485,13,41835,Lafayette,2019,30059,29938,121,2.5,12335,11957,378,3.06,2.43,1341835
2486,13,41835,Lafayette,2020,30275,30030,245,2.48,12473,12086,387,3.1,2.41,1341835
2487,13,41835,Lafayette,2021,30563,30281,282,2.44,12782,12386,396,3.1,2.37,1341835
2488,13,41835,Lafayette,2022,30798,30534,264,2.43,12982,12580,402,3.1,2.35,1341835
2489,13,41835,Lafayette,2023,30621,30362,259,2.4,13059,12654,405,3.1,2.32,1341835
2490,13,41835,Lafayette,2024,30548,30294,254,2.36,13223,12813,410,3.1,2.29,1341835
2491,21,42055,La Jara,2010,820,815,5,2.82,327,289,38,11.55,2.49,2142055
2492,21,42055,La Jara,2011,784,779,5,2.6,327,299,28,8.45,2.38,2142055
2493,21,42055,La Jara,2012,779,773,6,2.6,327,297,30,9.15,2.36,2142055
2494,21,42055,La Jara,2013,773,767,6,2.6,327,295,32,9.86,2.35,2142055
2495,21,42055,La Jara,2014,770,764,6,2.6,328,293,35,10.62,2.33,2142055
2496,21,42055,La Jara,2015,764,757,7,2.61,328,291,37,11.38,2.31,2142055
2497,21,42055,La Jara,2016,759,752,7,2.61,329,288,41,12.35,2.29,2142055
2498,21,42055,La Jara,2017,754,746,8,2.61,330,286,44,13.32,2.26,2142055
2499,21,42055,La Jara,2018,751,743,8,2.61,333,285,48,14.44,2.23,2142055
2500,21,42055,La Jara,2019,743,735,8,2.61,334,282,52,15.57,2.2,2142055
2501,21,42055,La Jara,2020,728,728,0,2.6,335,280,55,16.42,2.17,2142055
2502,21,42055,La Jara,2021,736,736,0,2.61,337,282,55,16.32,2.18,2142055
2503,21,42055,La Jara,2022,725,725,0,2.57,337,282,55,16.32,2.15,2142055
2504,21,42055,La Jara,2023,708,708,0,2.51,337,282,55,16.32,2.1,2142055
2505,21,42055,La Jara,2024,704,704,0,2.5,337,282,55,16.32,2.09,2142055
2506,89,42110,La Junta,2010,7079,6796,283,2.38,3349,2858,491,14.67,2.03,8942110
2507,89,42110,La Junta,2011,7191,6909,282,2.33,3348,2960,388,11.59,2.06,8942110
2508,89,42110,La Junta,2012,7208,6927,281,2.34,3348,2962,386,11.53,2.07,8942110
2509,89,42110,La Junta,2013,7224,6944,280,2.34,3347,2964,383,11.46,2.07,8942110
2510,89,42110,La Junta,2014,7240,6961,279,2.35,3347,2965,382,11.41,2.08,8942110
2511,89,42110,La Junta,2015,7268,6990,278,2.35,3337,2972,365,10.94,2.09,8942110
2512,89,42110,La Junta,2016,7311,7008,302,2.36,3337,2974,363,10.89,2.1,8942110
2513,89,42110,La Junta,2017,7321,7020,301,2.36,3337,2973,364,10.91,2.1,8942110
2514,89,42110,La Junta,2018,7337,7042,294,2.37,3335,2977,358,10.74,2.11,8942110
2515,89,42110,La Junta,2019,7349,7050,299,2.37,3329,2974,355,10.66,2.12,8942110
2516,89,42110,La Junta,2020,7300,7055,245,2.37,3330,2973,357,10.72,2.12,8942110
2517,89,42110,La Junta,2021,7207,7016,191,2.36,3328,2971,357,10.73,2.11,8942110
2518,89,42110,La Junta,2022,7097,6927,170,2.33,3335,2977,358,10.73,2.08,8942110
2519,89,42110,La Junta,2023,7022,6874,148,2.31,3335,2977,358,10.73,2.06,8942110
2520,89,42110,La Junta,2024,6910,6762,148,2.27,3335,2977,358,10.73,2.03,8942110
2521,53,42330,Lake City,2010,408,408,0,2.21,431,185,246,57.14,0.95,5342330
2522,53,42330,Lake City,2011,408,408,0,2.12,431,193,238,55.26,0.95,5342330
2523,53,42330,Lake City,2012,410,410,0,2.11,431,194,237,54.88,0.95,5342330
2524,53,42330,Lake City,2013,412,412,0,2.1,431,196,235,54.53,0.96,5342330
2525,53,42330,Lake City,2014,414,414,0,2.09,431,198,233,54.16,0.96,5342330
2526,53,42330,Lake City,2015,415,415,0,2.09,431,199,232,53.79,0.96,5342330
2527,53,42330,Lake City,2016,419,419,0,2.08,433,202,231,53.44,0.97,5342330
2528,53,42330,Lake City,2017,422,422,0,2.07,435,204,231,53.09,0.97,5342330
2529,53,42330,Lake City,2018,427,427,0,2.06,438,207,231,52.74,0.97,5342330
2530,53,42330,Lake City,2019,431,431,0,2.05,441,210,231,52.38,0.98,5342330
2531,53,42330,Lake City,2020,435,435,0,2.06,444,211,233,52.48,0.98,5342330
2532,53,42330,Lake City,2021,429,429,0,2,452,215,237,52.43,0.95,5342330
2533,53,42330,Lake City,2022,430,430,0,1.99,454,216,238,52.42,0.95,5342330
2534,53,42330,Lake City,2023,426,426,0,1.95,459,219,240,52.29,0.93,5342330
2535,53,42330,Lake City,2024,416,416,0,1.89,462,220,242,52.38,0.9,5342330
2536,59,42495,Lakeside,2010,8,8,0,1,10,8,2,20,0.8,5942495
2537,59,42495,Lakeside,2011,9,9,0,1.05,10,8,2,16.31,0.9,5942495
2538,59,42495,Lakeside,2012,10,10,0,1.09,10,9,1,12.61,1,5942495
2539,59,42495,Lakeside,2013,10,10,0,1.14,10,9,1,9.84,1,5942495
2540,59,42495,Lakeside,2014,11,11,0,1.18,10,9,1,7.06,1.1,5942495
2541,59,42495,Lakeside,2015,13,13,0,1.23,11,10,1,6.06,1.18,5942495
2542,59,42495,Lakeside,2016,13,13,0,1.27,11,11,0,4.38,1.18,5942495
2543,59,42495,Lakeside,2017,14,14,0,1.32,11,11,0,3.95,1.27,5942495
2544,59,42495,Lakeside,2018,15,15,0,1.36,11,11,0,2.8,1.36,5942495
2545,59,42495,Lakeside,2019,15,15,0,1.36,11,11,0,0,1.36,5942495
2546,59,42495,Lakeside,2020,16,16,0,1.45,11,11,0,0,1.45,5942495
2547,59,42495,Lakeside,2021,16,16,0,1.45,11,11,0,0,1.45,5942495
2548,59,42495,Lakeside,2022,15,15,0,1.36,11,11,0,0,1.36,5942495
2549,59,42495,Lakeside,2023,15,15,0,1.36,11,11,0,0,1.36,5942495
2550,59,42495,Lakeside,2024,15,15,0,1.36,11,11,0,0,1.36,5942495
2551,59,43000,Lakewood,2010,143294,141123,2171,2.27,65822,62124,3698,5.62,2.14,5943000
2552,59,43000,Lakewood,2011,144348,142159,2189,2.27,65866,62558,3308,5.02,2.16,5943000
2553,59,43000,Lakewood,2012,145387,143180,2207,2.27,65821,62986,2835,4.31,2.18,5943000
2554,59,43000,Lakewood,2013,146512,144288,2224,2.27,65952,63454,2498,3.79,2.19,5943000
2555,59,43000,Lakewood,2014,148260,146018,2241,2.27,66260,64189,2071,3.13,2.2,5943000
2556,59,43000,Lakewood,2015,150527,148268,2258,2.28,67283,65147,2136,3.17,2.2,5943000
2557,59,43000,Lakewood,2016,152071,149797,2273,2.28,67708,65797,1911,2.82,2.21,5943000
2558,59,43000,Lakewood,2017,152624,150343,2281,2.28,68312,66024,2288,3.35,2.2,5943000
2559,59,43000,Lakewood,2018,154058,151756,2302,2.28,69038,66620,2418,3.5,2.2,5943000
2560,59,43000,Lakewood,2019,155358,153046,2312,2.28,70093,67163,2930,4.18,2.18,5943000
2561,59,43000,Lakewood,2020,156166,153545,2621,2.28,70748,67437,3311,4.68,2.17,5943000
2562,59,43000,Lakewood,2021,156585,153897,2688,2.25,71687,68332,3355,4.68,2.15,5943000
2563,59,43000,Lakewood,2022,155474,152650,2824,2.2,72719,69316,3403,4.68,2.1,5943000
2564,59,43000,Lakewood,2023,155011,152190,2821,2.19,73033,69615,3418,4.68,2.08,5943000
2565,59,43000,Lakewood,2024,155485,152729,2756,2.17,73683,70235,3448,4.68,2.07,5943000
2566,99,43110,Lamar,2010,7792,7527,265,2.58,3455,2919,536,15.52,2.18,9943110
2567,99,43110,Lamar,2011,7953,7684,269,2.44,3458,3152,306,8.86,2.22,9943110
2568,99,43110,Lamar,2012,7913,7638,274,2.45,3459,3114,345,9.97,2.21,9943110
2569,99,43110,Lamar,2013,7851,7573,278,2.45,3460,3089,371,10.73,2.19,9943110
2570,99,43110,Lamar,2014,7689,7406,283,2.42,3460,3056,404,11.68,2.14,9943110
2571,99,43110,Lamar,2015,7612,7324,288,2.42,3461,3030,431,12.46,2.12,9943110
2572,99,43110,Lamar,2016,7617,7325,292,2.44,3463,2998,465,13.44,2.12,9943110
2573,99,43110,Lamar,2017,7635,7339,296,2.45,3457,2996,461,13.34,2.12,9943110
2574,99,43110,Lamar,2018,7645,7345,300,2.42,3446,3040,406,11.78,2.13,9943110
2575,99,43110,Lamar,2019,7669,7364,305,2.41,3443,3054,389,11.3,2.14,9943110
2576,99,43110,Lamar,2020,7693,7374,319,2.45,3445,3011,434,12.6,2.14,9943110
2577,99,43110,Lamar,2021,7630,7329,301,2.43,3447,3013,434,12.59,2.13,9943110
2578,99,43110,Lamar,2022,7559,7265,294,2.41,3448,3014,434,12.59,2.11,9943110
2579,99,43110,Lamar,2023,7527,7231,296,2.4,3451,3016,435,12.61,2.1,9943110
2580,99,43110,Lamar,2024,7619,7351,268,2.43,3454,3019,435,12.59,2.13,9943110
2581,35,43550,Larkspur,2010,183,183,0,2.26,90,81,9,10,2.03,3543550
2582,35,43550,Larkspur,2011,190,190,0,2.25,91,84,7,7.18,2.09,3543550
2583,35,43550,Larkspur,2012,196,196,0,2.24,92,87,5,4.92,2.13,3543550
2584,35,43550,Larkspur,2013,197,197,0,2.23,92,88,4,4.01,2.14,3543550
2585,35,43550,Larkspur,2014,199,199,0,2.22,92,89,3,2.77,2.16,3543550
2586,35,43550,Larkspur,2015,201,201,0,2.21,94,91,3,3.55,2.14,3543550
2587,35,43550,Larkspur,2016,204,204,0,2.2,95,93,2,2.48,2.15,3543550
2588,35,43550,Larkspur,2017,206,206,0,2.19,97,94,3,3.24,2.12,3543550
2589,35,43550,Larkspur,2018,201,201,0,2.18,99,92,7,6.88,2.03,3543550
2590,35,43550,Larkspur,2019,203,203,0,2.16,102,94,8,7.84,1.99,3543550
2591,35,43550,Larkspur,2020,206,206,0,2.15,104,96,8,7.69,1.98,3543550
2592,35,43550,Larkspur,2021,209,209,0,2.13,106,98,8,7.55,1.97,3543550
2593,35,43550,Larkspur,2022,208,208,0,2.12,106,98,8,7.55,1.96,3543550
2594,35,43550,Larkspur,2023,205,205,0,2.09,106,98,8,7.55,1.93,3543550
2595,35,43550,Larkspur,2024,204,204,0,2.08,106,98,8,7.55,1.92,3543550
2596,123,43605,La Salle,2010,1960,1960,0,2.8,746,701,45,6.03,2.63,12343605
2597,123,43605,La Salle,2011,1981,1981,0,2.81,746,706,40,5.35,2.66,12343605
2598,123,43605,La Salle,2012,2007,2007,0,2.82,747,713,34,4.61,2.69,12343605
2599,123,43605,La Salle,2013,2030,2030,0,2.83,748,718,30,3.98,2.71,12343605
2600,123,43605,La Salle,2014,2052,2052,0,2.84,748,723,25,3.29,2.74,12343605
2601,123,43605,La Salle,2015,2073,2073,0,2.85,749,728,21,2.77,2.77,12343605
2602,123,43605,La Salle,2016,2145,2145,0,2.86,770,751,19,2.44,2.79,12343605
2603,123,43605,La Salle,2017,2354,2354,0,2.87,840,821,19,2.21,2.8,12343605
2604,123,43605,La Salle,2018,2355,2355,0,2.88,840,819,21,2.47,2.8,12343605
2605,123,43605,La Salle,2019,2356,2356,0,2.88,841,817,24,2.85,2.8,12343605
2606,123,43605,La Salle,2020,2358,2358,0,2.89,841,815,26,3.09,2.8,12343605
2607,123,43605,La Salle,2021,2339,2339,0,2.87,841,815,26,3.09,2.78,12343605
2608,123,43605,La Salle,2022,2335,2335,0,2.87,841,815,26,3.09,2.78,12343605
2609,123,43605,La Salle,2023,2330,2330,0,2.86,841,815,26,3.09,2.77,12343605
2610,123,43605,La Salle,2024,2314,2314,0,2.84,841,815,26,3.09,2.75,12343605
2611,11,43660,Las Animas,2010,2413,2335,78,2.39,1178,975,203,17.22,1.98,1143660
2612,11,43660,Las Animas,2011,2436,2358,78,2.31,1178,1020,158,13.45,2,1143660
2613,11,43660,Las Animas,2012,2397,2319,78,2.3,1178,1007,171,14.49,1.97,1143660
2614,11,43660,Las Animas,2013,2341,2263,78,2.29,1178,987,191,16.18,1.92,1143660
2615,11,43660,Las Animas,2014,2281,2203,78,2.28,1178,966,212,18,1.87,1143660
2616,11,43660,Las Animas,2015,2317,2239,78,2.27,1178,986,192,16.28,1.9,1143660
2617,11,43660,Las Animas,2016,2287,2209,78,2.26,1178,978,200,16.98,1.88,1143660
2618,11,43660,Las Animas,2017,2289,2211,78,2.25,1178,984,194,16.51,1.88,1143660
2619,11,43660,Las Animas,2018,2291,2213,78,2.24,1178,989,189,16.03,1.88,1143660
2620,11,43660,Las Animas,2019,2280,2202,78,2.23,1177,989,188,15.97,1.87,1143660
2621,11,43660,Las Animas,2020,2281,2211,70,2.2,1178,1007,171,14.52,1.88,1143660
2622,11,43660,Las Animas,2021,2326,2262,64,2.24,1179,1008,171,14.5,1.92,1143660
2623,11,43660,Las Animas,2022,2315,2251,64,2.19,1203,1028,175,14.55,1.87,1143660
2624,11,43660,Las Animas,2023,2363,2289,74,2.21,1210,1034,176,14.55,1.89,1143660
2625,11,43660,Las Animas,2024,2331,2259,72,2.18,1210,1034,176,14.55,1.87,1143660
2626,55,44100,La Veta,2010,793,793,0,1.93,567,411,156,27.51,1.4,5544100
2627,55,44100,La Veta,2011,858,858,0,1.93,567,444,123,21.66,1.51,5544100
2628,55,44100,La Veta,2012,861,861,0,1.93,567,445,122,21.44,1.52,5544100
2629,55,44100,La Veta,2013,864,864,0,1.93,567,447,120,21.18,1.52,5544100
2630,55,44100,La Veta,2014,871,871,0,1.93,569,450,119,20.85,1.53,5544100
2631,55,44100,La Veta,2015,875,875,0,1.93,569,452,117,20.51,1.54,5544100
2632,55,44100,La Veta,2016,878,878,0,1.93,569,454,115,20.22,1.54,5544100
2633,55,44100,La Veta,2017,882,882,0,1.94,569,456,113,19.91,1.55,5544100
2634,55,44100,La Veta,2018,895,895,0,1.94,575,462,113,19.63,1.56,5544100
2635,55,44100,La Veta,2019,899,899,0,1.94,575,464,111,19.3,1.56,5544100
2636,55,44100,La Veta,2020,903,903,0,1.92,574,470,104,18.12,1.57,5544100
2637,55,44100,La Veta,2021,921,921,0,1.95,576,472,104,18.06,1.6,5544100
2638,55,44100,La Veta,2022,941,941,0,1.98,580,475,105,18.1,1.62,5544100
2639,55,44100,La Veta,2023,933,933,0,1.96,581,476,105,18.07,1.61,5544100
2640,55,44100,La Veta,2024,925,925,0,1.93,584,479,105,17.98,1.58,5544100
2641,65,44320,Leadville,2010,2592,2537,55,2.12,1674,1197,477,28.49,1.52,6544320
2642,65,44320,Leadville,2011,2614,2546,68,2.12,1675,1203,472,28.2,1.52,6544320
2643,65,44320,Leadville,2012,2577,2510,68,2.12,1680,1186,494,29.4,1.49,6544320
2644,65,44320,Leadville,2013,2570,2501,69,2.11,1680,1183,497,29.58,1.49,6544320
2645,65,44320,Leadville,2014,2587,2501,85,2.11,1680,1185,495,29.48,1.49,6544320
2646,65,44320,Leadville,2015,2626,2519,107,2.11,1680,1194,486,28.91,1.5,6544320
2647,65,44320,Leadville,2016,2651,2550,102,2.11,1686,1210,476,28.23,1.51,6544320
2648,65,44320,Leadville,2017,2672,2590,82,2.1,1686,1231,455,27,1.54,6544320
2649,65,44320,Leadville,2018,2667,2590,77,2.1,1690,1232,458,27.1,1.53,6544320
2650,65,44320,Leadville,2019,2748,2658,90,2.1,1691,1266,425,25.13,1.57,6544320
2651,65,44320,Leadville,2020,2630,2617,13,2.09,1693,1250,443,26.17,1.55,6544320
2652,65,44320,Leadville,2021,2614,2614,0,2.07,1709,1262,447,26.16,1.53,6544320
2653,65,44320,Leadville,2022,2626,2603,23,2.01,1758,1298,460,26.17,1.48,6544320
2654,65,44320,Leadville,2023,2635,2604,31,1.98,1783,1316,467,26.19,1.46,6544320
2655,65,44320,Leadville,2024,2628,2600,28,1.95,1803,1331,472,26.18,1.44,6544320
2656,73,44980,Limon,2010,1883,1883,0,2.36,927,797,130,14,2.03,7344980
2657,73,44980,Limon,2011,1917,1917,0,2.28,928,841,87,9.41,2.07,7344980
2658,73,44980,Limon,2012,1926,1926,0,2.29,928,841,87,9.4,2.08,7344980
2659,73,44980,Limon,2013,1936,1936,0,2.3,930,841,89,9.55,2.08,7344980
2660,73,44980,Limon,2014,1969,1947,22,2.31,932,842,90,9.61,2.09,7344980
2661,73,44980,Limon,2015,1979,1958,22,2.32,932,843,89,9.56,2.1,7344980
2662,73,44980,Limon,2016,1995,1972,23,2.33,937,845,92,9.78,2.1,7344980
2663,73,44980,Limon,2017,2003,1980,23,2.34,937,845,92,9.85,2.11,7344980
2664,73,44980,Limon,2018,1997,1975,22,2.36,937,839,98,10.5,2.11,7344980
2665,73,44980,Limon,2019,2007,1984,23,2.36,939,839,100,10.65,2.11,7344980
2666,73,44980,Limon,2020,2036,2004,32,2.37,943,847,96,10.18,2.13,7344980
2667,73,44980,Limon,2021,2043,2011,32,2.37,947,850,97,10.24,2.12,7344980
2668,73,44980,Limon,2022,2032,2000,32,2.34,951,854,97,10.2,2.1,7344980
2669,73,44980,Limon,2023,2019,1987,32,2.32,953,856,97,10.18,2.08,7344980
2670,73,44980,Limon,2024,1986,1954,32,2.28,953,856,97,10.18,2.05,7344980
2671,5,45255,Littleton (Part),2010,39510,39019,491,2.22,18679,17597,1082,5.79,2.09,545255
2672,5,45255,Littleton (Part),2011,40458,39956,503,2.22,18934,18023,911,4.81,2.11,545255
2673,5,45255,Littleton (Part),2012,40892,40378,514,2.22,18930,18219,711,3.75,2.13,545255
2674,5,45255,Littleton (Part),2013,41326,40799,527,2.22,18931,18417,514,2.72,2.16,545255
2675,5,45255,Littleton (Part),2014,41405,40865,540,2.22,18930,18444,486,2.57,2.16,545255
2676,5,45255,Littleton (Part),2015,42646,42091,555,2.22,19341,18995,346,1.79,2.18,545255
2677,5,45255,Littleton (Part),2016,42669,42101,568,2.22,19330,19003,327,1.69,2.18,545255
2678,5,45255,Littleton (Part),2017,43499,42918,581,2.21,19997,19379,618,3.09,2.15,545255
2679,5,45255,Littleton (Part),2018,43510,42916,594,2.21,20067,19389,678,3.38,2.14,545255
2680,5,45255,Littleton (Part),2019,43280,42673,607,2.21,20187,19290,897,4.44,2.11,545255
2681,5,45255,Littleton (Part),2020,43289,42749,540,2.2,20611,19402,1209,5.86,2.07,545255
2682,5,45255,Littleton (Part),2021,43313,42792,521,2.2,20690,19477,1213,5.86,2.07,545255
2683,5,45255,Littleton (Part),2022,43343,42796,547,2.2,20705,19491,1214,5.86,2.07,545255
2684,5,45255,Littleton (Part),2023,43553,42960,593,2.19,20847,19625,1222,5.86,2.06,545255
2685,5,45255,Littleton (Part),2024,43589,42984,605,2.19,20862,19639,1223,5.86,2.06,545255
2686,35,45255,Littleton (Part),2010,28,28,0,1.87,17,15,2,11.76,1.65,3545255
2687,35,45255,Littleton (Part),2011,29,29,0,1.87,17,15,2,9.01,1.71,3545255
2688,35,45255,Littleton (Part),2012,30,30,0,1.87,17,16,1,6.57,1.76,3545255
2689,35,45255,Littleton (Part),2013,30,30,0,1.87,17,16,1,5.7,1.76,3545255
2690,35,45255,Littleton (Part),2014,30,30,0,1.87,17,16,1,4.19,1.76,3545255
2691,35,45255,Littleton (Part),2015,166,166,0,1.87,94,89,5,5.69,1.77,3545255
2692,35,45255,Littleton (Part),2016,703,703,0,1.86,394,377,17,4.22,1.78,3545255
2693,35,45255,Littleton (Part),2017,707,707,0,1.86,403,379,24,5.85,1.75,3545255
2694,35,45255,Littleton (Part),2018,651,651,0,1.86,403,350,53,13.2,1.62,3545255
2695,35,45255,Littleton (Part),2019,626,626,0,1.86,403,337,66,16.38,1.55,3545255
2696,35,45255,Littleton (Part),2020,640,640,0,1.85,415,346,69,16.63,1.54,3545255
2697,35,45255,Littleton (Part),2021,638,638,0,1.84,415,346,69,16.63,1.54,3545255
2698,35,45255,Littleton (Part),2022,632,632,0,1.83,415,346,69,16.63,1.52,3545255
2699,35,45255,Littleton (Part),2023,625,625,0,1.81,415,346,69,16.63,1.51,3545255
2700,35,45255,Littleton (Part),2024,623,623,0,1.8,415,346,69,16.63,1.5,3545255
2701,59,45255,Littleton (Part),2010,2393,2393,0,3.04,805,786,19,2.36,2.97,5945255
2702,59,45255,Littleton (Part),2011,2391,2391,0,3.03,805,788,17,2.11,2.97,5945255
2703,59,45255,Littleton (Part),2012,2390,2390,0,3.02,805,790,15,1.8,2.97,5945255
2704,59,45255,Littleton (Part),2013,2376,2376,0,3.01,801,788,13,1.58,2.97,5945255
2705,59,45255,Littleton (Part),2014,2374,2374,0,3,801,791,10,1.3,2.96,5945255
2706,59,45255,Littleton (Part),2015,2366,2366,0,2.99,801,790,11,1.32,2.95,5945255
2707,59,45255,Littleton (Part),2016,2361,2361,0,2.98,801,792,9,1.17,2.95,5945255
2708,59,45255,Littleton (Part),2017,2348,2348,0,2.97,801,790,11,1.39,2.93,5945255
2709,59,45255,Littleton (Part),2018,2338,2338,0,2.96,801,789,12,1.45,2.92,5945255
2710,59,45255,Littleton (Part),2019,2324,2324,0,2.95,801,787,14,1.75,2.9,5945255
2711,59,45255,Littleton (Part),2020,2307,2307,0,2.94,800,785,15,1.88,2.88,5945255
2712,59,45255,Littleton (Part),2021,2282,2282,0,2.91,800,785,15,1.88,2.85,5945255
2713,59,45255,Littleton (Part),2022,2232,2232,0,2.84,800,785,15,1.88,2.79,5945255
2714,59,45255,Littleton (Part),2023,2215,2215,0,2.82,800,785,15,1.88,2.77,5945255
2715,59,45255,Littleton (Part),2024,2204,2204,0,2.81,800,785,15,1.88,2.76,5945255
2716,999,45255,Littleton (Total),2010,41931,41440,491,2.25,19501,18398,1103,5.66,2.13,99945255
2717,999,45255,Littleton (Total),2011,42878,42376,503,2.25,19756,18827,929,4.7,2.14,99945255
2718,999,45255,Littleton (Total),2012,43312,42798,514,2.25,19752,19026,726,3.68,2.17,99945255
2719,999,45255,Littleton (Total),2013,43731,43204,527,2.25,19749,19221,528,2.67,2.19,99945255
2720,999,45255,Littleton (Total),2014,43810,43270,540,2.25,19748,19251,497,2.52,2.19,99945255
2721,999,45255,Littleton (Total),2015,45178,44623,555,2.25,20236,19874,362,1.79,2.21,99945255
2722,999,45255,Littleton (Total),2016,45734,45166,568,2.24,20525,20172,353,1.72,2.2,99945255
2723,999,45255,Littleton (Total),2017,46554,45973,581,2.24,21201,20548,653,3.08,2.17,99945255
2724,999,45255,Littleton (Total),2018,46499,45905,594,2.24,21271,20528,743,3.49,2.16,99945255
2725,999,45255,Littleton (Total),2019,46230,45623,607,2.23,21391,20414,977,4.57,2.13,99945255
2726,999,45255,Littleton (Total),2020,46236,45696,540,2.23,21826,20533,1293,5.92,2.09,99945255
2727,999,45255,Littleton (Total),2021,46233,45712,521,2.22,21905,20608,1297,5.92,2.09,99945255
2728,999,45255,Littleton (Total),2022,46207,45660,547,2.21,21920,20622,1298,5.92,2.08,99945255
2729,999,45255,Littleton (Total),2023,46393,45800,593,2.21,22062,20756,1306,5.92,2.08,99945255
2730,999,45255,Littleton (Total),2024,46416,45811,605,2.21,22077,20770,1307,5.92,2.08,99945255
2731,1,45530,Lochbuie (Part),2010,2,2,0,2,1,1,0,0,2,145530
2732,1,45530,Lochbuie (Part),2011,2,2,0,1.9,1,1,0,0,2,145530
2733,1,45530,Lochbuie (Part),2012,2,2,0,1.8,1,1,0,0,2,145530
2734,1,45530,Lochbuie (Part),2013,2,2,0,1.7,1,1,0,0,2,145530
2735,1,45530,Lochbuie (Part),2014,2,2,0,1.6,1,1,0,0,2,145530
2736,1,45530,Lochbuie (Part),2015,2,2,0,1.5,1,1,0,0,2,145530
2737,1,45530,Lochbuie (Part),2016,1,1,0,1.4,1,1,0,0,1,145530
2738,1,45530,Lochbuie (Part),2017,1,1,0,1.3,1,1,0,0,1,145530
2739,1,45530,Lochbuie (Part),2018,1,1,0,1.2,1,1,0,0,1,145530
2740,1,45530,Lochbuie (Part),2019,1,1,0,1,1,1,0,0,1,145530
2741,1,45530,Lochbuie (Part),2020,1,1,0,1,1,1,0,0,1,145530
2742,1,45530,Lochbuie (Part),2021,1,1,0,1,1,1,0,0,1,145530
2743,1,45530,Lochbuie (Part),2022,34,34,0,1.42,37,24,13,35.14,0.92,145530
2744,1,45530,Lochbuie (Part),2023,114,114,0,1.84,87,62,25,28.74,1.31,145530
2745,1,45530,Lochbuie (Part),2024,242,242,0,2,151,121,30,19.87,1.6,145530
2746,123,45530,Lochbuie (Part),2010,4801,4801,0,2.9,1785,1657,128,7.17,2.69,12345530
2747,123,45530,Lochbuie (Part),2011,5073,5073,0,2.93,1846,1732,114,6.2,2.75,12345530
2748,123,45530,Lochbuie (Part),2012,5203,5203,0,2.96,1853,1757,96,5.2,2.81,12345530
2749,123,45530,Lochbuie (Part),2013,5256,5256,0,2.99,1835,1755,80,4.34,2.86,12345530
2750,123,45530,Lochbuie (Part),2014,5333,5333,0,3.03,1825,1762,63,3.46,2.92,12345530
2751,123,45530,Lochbuie (Part),2015,5443,5443,0,3.06,1830,1779,51,2.78,2.97,12345530
2752,123,45530,Lochbuie (Part),2016,5763,5763,0,3.09,1909,1865,44,2.33,3.02,12345530
2753,123,45530,Lochbuie (Part),2017,6315,6315,0,3.12,2063,2022,41,1.98,3.06,12345530
2754,123,45530,Lochbuie (Part),2018,6851,6851,0,3.15,2217,2172,45,2.05,3.09,12345530
2755,123,45530,Lochbuie (Part),2019,7728,7728,0,3.19,2479,2425,54,2.18,3.12,12345530
2756,123,45530,Lochbuie (Part),2020,8192,8192,0,3.22,2599,2548,51,1.96,3.15,12345530
2757,123,45530,Lochbuie (Part),2021,8131,8131,0,3.19,2600,2549,51,1.96,3.13,12345530
2758,123,45530,Lochbuie (Part),2022,8131,8131,0,3.18,2604,2553,51,1.96,3.12,12345530
2759,123,45530,Lochbuie (Part),2023,8339,8339,0,3.18,2677,2625,52,1.94,3.12,12345530
2760,123,45530,Lochbuie (Part),2024,8537,8537,0,3.16,2759,2705,54,1.96,3.09,12345530
2761,999,45530,Lochbuie (Total),2010,4803,4803,0,2.9,1786,1658,128,7.17,2.69,99945530
2762,999,45530,Lochbuie (Total),2011,5075,5075,0,2.93,1847,1733,114,6.19,2.75,99945530
2763,999,45530,Lochbuie (Total),2012,5205,5205,0,2.96,1854,1758,96,5.2,2.81,99945530
2764,999,45530,Lochbuie (Total),2013,5258,5258,0,2.99,1836,1756,80,4.34,2.86,99945530
2765,999,45530,Lochbuie (Total),2014,5334,5334,0,3.03,1826,1763,63,3.45,2.92,99945530
2766,999,45530,Lochbuie (Total),2015,5444,5444,0,3.06,1831,1780,51,2.78,2.97,99945530
2767,999,45530,Lochbuie (Total),2016,5765,5765,0,3.09,1910,1866,44,2.33,3.02,99945530
2768,999,45530,Lochbuie (Total),2017,6316,6316,0,3.12,2064,2023,41,1.98,3.06,99945530
2769,999,45530,Lochbuie (Total),2018,6852,6852,0,3.15,2218,2173,45,2.05,3.09,99945530
2770,999,45530,Lochbuie (Total),2019,7729,7729,0,3.19,2480,2426,54,2.18,3.12,99945530
2771,999,45530,Lochbuie (Total),2020,8193,8193,0,3.21,2600,2549,51,1.96,3.15,99945530
2772,999,45530,Lochbuie (Total),2021,8132,8132,0,3.19,2601,2550,51,1.96,3.13,99945530
2773,999,45530,Lochbuie (Total),2022,8165,8165,0,3.17,2641,2577,64,2.42,3.09,99945530
2774,999,45530,Lochbuie (Total),2023,8453,8453,0,3.15,2764,2687,77,2.79,3.06,99945530
2775,999,45530,Lochbuie (Total),2024,8779,8779,0,3.11,2910,2826,84,2.89,3.02,99945530
2776,87,45695,Log Lane Village,2010,874,874,0,3.01,332,290,42,12.54,2.63,8745695
2777,87,45695,Log Lane Village,2011,905,905,0,2.94,332,308,24,7.36,2.73,8745695
2778,87,45695,Log Lane Village,2012,900,900,0,2.93,332,307,25,7.49,2.71,8745695
2779,87,45695,Log Lane Village,2013,900,900,0,2.94,332,307,25,7.68,2.71,8745695
2780,87,45695,Log Lane Village,2014,898,898,0,2.94,332,306,26,7.86,2.7,8745695
2781,87,45695,Log Lane Village,2015,903,903,0,2.96,332,305,27,8.11,2.72,8745695
2782,87,45695,Log Lane Village,2016,904,904,0,2.96,332,305,27,8.17,2.72,8745695
2783,87,45695,Log Lane Village,2017,909,909,0,2.99,332,304,28,8.3,2.74,8745695
2784,87,45695,Log Lane Village,2018,921,921,0,3.04,332,303,29,8.75,2.77,8745695
2785,87,45695,Log Lane Village,2019,919,919,0,3.06,332,300,32,9.64,2.77,8745695
2786,87,45695,Log Lane Village,2020,909,909,0,3.04,332,299,33,9.94,2.74,8745695
2787,87,45695,Log Lane Village,2021,899,899,0,3.01,332,299,33,9.94,2.71,8745695
2788,87,45695,Log Lane Village,2022,897,897,0,3,332,299,33,9.94,2.7,8745695
2789,87,45695,Log Lane Village,2023,901,901,0,3.01,332,299,33,9.94,2.71,8745695
2790,87,45695,Log Lane Village,2024,926,926,0,3.04,339,305,34,10.03,2.73,8745695
2791,35,45955,Lone Tree,2010,10270,10270,0,2.54,4238,4044,194,4.58,2.42,3545955
2792,35,45955,Lone Tree,2011,10435,10435,0,2.52,4296,4143,153,3.55,2.43,3545955
2793,35,45955,Lone Tree,2012,10686,10686,0,2.5,4394,4279,115,2.63,2.43,3545955
2794,35,45955,Lone Tree,2013,11951,11951,0,2.48,4938,4824,114,2.31,2.42,3545955
2795,35,45955,Lone Tree,2014,12107,12107,0,2.46,5016,4930,86,1.71,2.41,3545955
2796,35,45955,Lone Tree,2015,12555,12555,0,2.43,5284,5160,124,2.35,2.38,3545955
2797,35,45955,Lone Tree,2016,12671,12671,0,2.41,5359,5265,94,1.76,2.36,3545955
2798,35,45955,Lone Tree,2017,13088,13088,0,2.38,5627,5489,138,2.46,2.33,3545955
2799,35,45955,Lone Tree,2018,13028,13028,0,2.36,5850,5523,327,5.59,2.23,3545955
2800,35,45955,Lone Tree,2019,13253,13253,0,2.33,6108,5683,425,6.96,2.17,3545955
2801,35,45955,Lone Tree,2020,14274,14111,163,2.3,6592,6125,467,7.08,2.14,3545955
2802,35,45955,Lone Tree,2021,14272,14109,163,2.29,6617,6148,469,7.09,2.13,3545955
2803,35,45955,Lone Tree,2022,14203,14040,163,2.28,6642,6171,471,7.09,2.11,3545955
2804,35,45955,Lone Tree,2023,14680,14517,163,2.25,6952,6459,493,7.09,2.09,3545955
2805,35,45955,Lone Tree,2024,14682,14519,163,2.24,6972,6478,494,7.09,2.08,3545955
2806,13,45970,Longmont (Part),2010,86486,85863,623,2.58,35057,33340,1717,4.9,2.45,1345970
2807,13,45970,Longmont (Part),2011,87390,86740,650,2.57,35247,33788,1459,4.14,2.46,1345970
2808,13,45970,Longmont (Part),2012,88451,87776,676,2.56,35443,34315,1128,3.18,2.48,1345970
2809,13,45970,Longmont (Part),2013,89709,89009,700,2.55,35904,34922,982,2.74,2.48,1345970
2810,13,45970,Longmont (Part),2014,90134,89410,723,2.54,36228,35197,1031,2.85,2.47,1345970
2811,13,45970,Longmont (Part),2015,91658,90914,744,2.53,36683,35915,768,2.09,2.48,1345970
2812,13,45970,Longmont (Part),2016,92647,91878,769,2.52,37164,36445,719,1.93,2.47,1345970
2813,13,45970,Longmont (Part),2017,94188,93395,792,2.51,38221,37211,1010,2.64,2.44,1345970
2814,13,45970,Longmont (Part),2018,95799,94983,816,2.5,39134,38017,1117,2.85,2.43,1345970
2815,13,45970,Longmont (Part),2019,96389,95548,841,2.49,40233,38413,1820,4.52,2.37,1345970
2816,13,45970,Longmont (Part),2020,97489,96642,847,2.46,41215,39252,1963,4.76,2.34,1345970
2817,13,45970,Longmont (Part),2021,98399,97590,809,2.42,42297,40283,2014,4.76,2.31,1345970
2818,13,45970,Longmont (Part),2022,98248,97423,825,2.41,42530,40505,2025,4.76,2.29,1345970
2819,13,45970,Longmont (Part),2023,97484,96638,846,2.38,42678,40646,2032,4.76,2.26,1345970
2820,13,45970,Longmont (Part),2024,98220,97392,828,2.34,43650,41572,2078,4.76,2.23,1345970
2821,123,45970,Longmont (Part),2010,40,24,16,1.71,19,14,5,26.32,1.26,12345970
2822,123,45970,Longmont (Part),2011,65,49,16,1.75,36,28,8,22.65,1.36,12345970
2823,123,45970,Longmont (Part),2012,94,78,16,1.78,54,44,10,18.91,1.44,12345970
2824,123,45970,Longmont (Part),2013,126,110,16,1.82,72,61,11,15.7,1.53,12345970
2825,123,45970,Longmont (Part),2014,161,144,16,1.85,89,78,11,12.42,1.62,12345970
2826,123,45970,Longmont (Part),2015,196,180,16,1.89,106,96,10,9.9,1.7,12345970
2827,123,45970,Longmont (Part),2016,233,217,16,1.92,123,113,10,8.21,1.76,12345970
2828,123,45970,Longmont (Part),2017,273,256,16,1.95,141,131,10,6.88,1.82,12345970
2829,123,45970,Longmont (Part),2018,599,582,17,1.99,315,293,22,7,1.85,12345970
2830,123,45970,Longmont (Part),2019,1230,1213,17,2.02,647,600,47,7.26,1.87,12345970
2831,123,45970,Longmont (Part),2020,1297,1275,22,2.05,665,621,44,6.62,1.92,12345970
2832,123,45970,Longmont (Part),2021,1287,1265,22,2.04,665,621,44,6.62,1.9,12345970
2833,123,45970,Longmont (Part),2022,1285,1263,22,2.03,665,621,44,6.62,1.9,12345970
2834,123,45970,Longmont (Part),2023,1282,1260,22,2.03,665,621,44,6.62,1.89,12345970
2835,123,45970,Longmont (Part),2024,1274,1252,22,2.02,665,621,44,6.62,1.88,12345970
2836,999,45970,Longmont (Total),2010,86526,85887,639,2.58,35076,33354,1722,4.91,2.45,99945970
2837,999,45970,Longmont (Total),2011,87455,86789,666,2.57,35283,33816,1467,4.16,2.46,99945970
2838,999,45970,Longmont (Total),2012,88546,87854,692,2.56,35497,34359,1138,3.21,2.47,99945970
2839,999,45970,Longmont (Total),2013,89836,89119,716,2.55,35976,34982,994,2.76,2.48,99945970
2840,999,45970,Longmont (Total),2014,90294,89555,739,2.54,36317,35275,1042,2.87,2.47,99945970
2841,999,45970,Longmont (Total),2015,91854,91094,760,2.53,36789,36011,778,2.11,2.48,99945970
2842,999,45970,Longmont (Total),2016,92880,92095,785,2.52,37287,36558,729,1.96,2.47,99945970
2843,999,45970,Longmont (Total),2017,94461,93652,809,2.51,38362,37342,1020,2.66,2.44,99945970
2844,999,45970,Longmont (Total),2018,96398,95566,832,2.49,39449,38310,1139,2.89,2.42,99945970
2845,999,45970,Longmont (Total),2019,97619,96761,858,2.48,40880,39013,1867,4.57,2.37,99945970
2846,999,45970,Longmont (Total),2020,98786,97917,869,2.46,41880,39873,2007,4.79,2.34,99945970
2847,999,45970,Longmont (Total),2021,99686,98855,831,2.42,42962,40904,2058,4.79,2.3,99945970
2848,999,45970,Longmont (Total),2022,99533,98686,847,2.4,43195,41126,2069,4.79,2.28,99945970
2849,999,45970,Longmont (Total),2023,98766,97898,868,2.37,43343,41267,2076,4.79,2.26,99945970
2850,999,45970,Longmont (Total),2024,99494,98644,850,2.34,44315,42193,2122,4.79,2.23,99945970
2851,13,46355,Louisville,2010,18406,18273,133,2.42,7896,7549,347,4.39,2.31,1346355
2852,13,46355,Louisville,2011,18560,18421,139,2.42,7899,7606,293,3.71,2.33,1346355
2853,13,46355,Louisville,2012,18959,18815,144,2.42,7986,7767,219,2.74,2.36,1346355
2854,13,46355,Louisville,2013,19438,19289,149,2.42,8149,7961,188,2.31,2.37,1346355
2855,13,46355,Louisville,2014,19988,19834,154,2.42,8379,8182,197,2.36,2.37,1346355
2856,13,46355,Louisville,2015,20254,20095,159,2.42,8430,8287,143,1.7,2.38,1346355
2857,13,46355,Louisville,2016,20731,20567,164,2.42,8616,8484,132,1.53,2.39,1346355
2858,13,46355,Louisville,2017,21220,21051,169,2.42,8870,8688,182,2.05,2.37,1346355
2859,13,46355,Louisville,2018,21252,21078,174,2.42,8898,8705,193,2.17,2.37,1346355
2860,13,46355,Louisville,2019,21021,20842,179,2.42,8912,8612,300,3.37,2.34,1346355
2861,13,46355,Louisville,2020,21115,20759,356,2.4,8934,8633,301,3.37,2.32,1346355
2862,13,46355,Louisville,2021,20879,20509,370,2.37,8970,8668,302,3.37,2.29,1346355
2863,13,46355,Louisville,2022,19520,19145,375,2.35,8434,8150,284,3.37,2.27,1346355
2864,13,46355,Louisville,2023,19664,19289,375,2.32,8596,8306,290,3.37,2.24,1346355
2865,13,46355,Louisville,2024,19889,19514,375,2.29,8826,8528,298,3.38,2.21,1346355
2866,69,46465,Loveland,2010,67000,66490,510,2.44,28627,27211,1416,4.95,2.32,6946465
2867,69,46465,Loveland,2011,68752,68220,533,2.43,29385,28017,1368,4.65,2.32,6946465
2868,69,46465,Loveland,2012,69333,68789,544,2.43,29628,28353,1275,4.3,2.32,6946465
2869,69,46465,Loveland,2013,69959,69405,554,2.42,29989,28717,1272,4.24,2.31,6946465
2870,69,46465,Loveland,2014,70774,70210,564,2.41,30393,29169,1224,4.03,2.31,6946465
2871,69,46465,Loveland,2015,72727,72155,572,2.4,31233,30099,1134,3.63,2.31,6946465
2872,69,46465,Loveland,2016,73932,73349,583,2.39,31863,30726,1137,3.57,2.3,6946465
2873,69,46465,Loveland,2017,74580,73987,593,2.38,32449,31130,1319,4.06,2.28,6946465
2874,69,46465,Loveland,2018,75322,74719,603,2.37,32957,31583,1374,4.17,2.27,6946465
2875,69,46465,Loveland,2019,76054,75441,613,2.35,33566,32061,1505,4.48,2.25,6946465
2876,69,46465,Loveland,2020,76918,76177,741,2.33,34315,32710,1605,4.68,2.22,6946465
2877,69,46465,Loveland,2021,77644,76916,728,2.31,34857,33227,1630,4.68,2.21,6946465
2878,69,46465,Loveland,2022,78654,77915,739,2.3,35490,33831,1659,4.68,2.2,6946465
2879,69,46465,Loveland,2023,79835,79086,749,2.28,36408,34705,1703,4.68,2.17,6946465
2880,69,46465,Loveland,2024,80146,79399,747,2.27,36634,34921,1713,4.68,2.17,6946465
2881,13,47070,Lyons,2010,2037,2037,0,2.36,905,863,42,4.64,2.25,1347070
2882,13,47070,Lyons,2011,2080,2080,0,2.38,910,874,36,3.92,2.29,1347070
2883,13,47070,Lyons,2012,2119,2119,0,2.4,911,884,27,2.93,2.33,1347070
2884,13,47070,Lyons,2013,2146,2146,0,2.41,912,889,23,2.49,2.35,1347070
2885,13,47070,Lyons,2014,2062,2062,0,2.43,870,848,22,2.55,2.37,1347070
2886,13,47070,Lyons,2015,2118,2118,0,2.45,881,865,16,1.85,2.4,1347070
2887,13,47070,Lyons,2016,2145,2145,0,2.47,885,870,15,1.69,2.42,1347070
2888,13,47070,Lyons,2017,2158,2158,0,2.48,890,870,20,2.27,2.42,1347070
2889,13,47070,Lyons,2018,2193,2193,0,2.5,900,878,22,2.42,2.44,1347070
2890,13,47070,Lyons,2019,2197,2197,0,2.51,909,875,34,3.74,2.42,1347070
2891,13,47070,Lyons,2020,2196,2196,0,2.51,909,874,35,3.85,2.42,1347070
2892,13,47070,Lyons,2021,2161,2161,0,2.47,909,874,35,3.85,2.38,1347070
2893,13,47070,Lyons,2022,2145,2145,0,2.45,909,874,35,3.85,2.36,1347070
2894,13,47070,Lyons,2023,2170,2170,0,2.43,930,894,36,3.87,2.33,1347070
2895,13,47070,Lyons,2024,2156,2156,0,2.39,938,902,36,3.84,2.3,1347070
2896,21,48060,Manassa,2010,994,994,0,2.99,385,332,53,13.65,2.58,2148060
2897,21,48060,Manassa,2011,948,948,0,2.7,387,351,36,9.39,2.45,2148060
2898,21,48060,Manassa,2012,947,947,0,2.69,389,352,37,9.56,2.43,2148060
2899,21,48060,Manassa,2013,947,947,0,2.68,391,353,38,9.73,2.42,2148060
2900,21,48060,Manassa,2014,947,947,0,2.67,393,354,39,9.9,2.41,2148060
2901,21,48060,Manassa,2015,947,947,0,2.66,395,355,40,10.03,2.4,2148060
2902,21,48060,Manassa,2016,945,945,0,2.65,397,356,41,10.31,2.38,2148060
2903,21,48060,Manassa,2017,944,944,0,2.64,399,357,42,10.54,2.37,2148060
2904,21,48060,Manassa,2018,944,944,0,2.63,402,358,44,10.84,2.35,2148060
2905,21,48060,Manassa,2019,944,944,0,2.62,405,360,45,11.11,2.33,2148060
2906,21,48060,Manassa,2020,944,944,0,2.61,407,362,45,11.06,2.32,2148060
2907,21,48060,Manassa,2021,959,959,0,2.62,411,366,45,10.95,2.33,2148060
2908,21,48060,Manassa,2022,958,958,0,2.58,417,371,46,11.03,2.3,2148060
2909,21,48060,Manassa,2023,948,948,0,2.53,422,375,47,11.14,2.25,2148060
2910,21,48060,Manassa,2024,953,953,0,2.51,427,380,47,11.01,2.23,2148060
2911,83,48115,Mancos,2010,1337,1264,73,2.58,547,490,57,10.34,2.31,8348115
2912,83,48115,Mancos,2011,1219,1144,75,2.31,547,495,52,9.46,2.09,8348115
2913,83,48115,Mancos,2012,1221,1145,76,2.31,549,497,52,9.53,2.09,8348115
2914,83,48115,Mancos,2013,1222,1144,78,2.3,550,497,53,9.61,2.08,8348115
2915,83,48115,Mancos,2014,1229,1149,79,2.3,554,500,54,9.68,2.07,8348115
2916,83,48115,Mancos,2015,1232,1151,81,2.29,557,502,55,9.8,2.07,8348115
2917,83,48115,Mancos,2016,1259,1177,83,2.29,571,514,57,9.92,2.06,8348115
2918,83,48115,Mancos,2017,1268,1183,84,2.28,576,518,58,10.02,2.05,8348115
2919,83,48115,Mancos,2018,1275,1189,86,2.28,581,522,59,10.16,2.05,8348115
2920,83,48115,Mancos,2019,1282,1195,87,2.28,586,525,61,10.41,2.04,8348115
2921,83,48115,Mancos,2020,1199,1141,58,2.16,589,528,61,10.36,1.94,8348115
2922,83,48115,Mancos,2021,1213,1158,55,2.19,590,529,61,10.34,1.96,8348115
2923,83,48115,Mancos,2022,1231,1176,55,2.21,594,532,62,10.44,1.98,8348115
2924,83,48115,Mancos,2023,1258,1205,53,2.22,606,543,63,10.4,1.99,8348115
2925,83,48115,Mancos,2024,1285,1223,62,2.23,611,548,63,10.31,2,8348115
2926,41,48445,Manitou Springs,2010,5022,4989,33,1.98,2800,2519,281,10.04,1.78,4148445
2927,41,48445,Manitou Springs,2011,5074,5041,33,1.98,2789,2543,246,8.81,1.81,4148445
2928,41,48445,Manitou Springs,2012,5098,5065,33,1.98,2782,2554,228,8.19,1.82,4148445
2929,41,48445,Manitou Springs,2013,5062,5029,33,1.98,2757,2534,223,8.07,1.82,4148445
2930,41,48445,Manitou Springs,2014,4965,4931,33,1.99,2724,2484,240,8.8,1.81,4148445
2931,41,48445,Manitou Springs,2015,4932,4899,33,1.99,2696,2466,230,8.52,1.82,4148445
2932,41,48445,Manitou Springs,2016,4933,4900,33,1.99,2669,2465,204,7.64,1.84,4148445
2933,41,48445,Manitou Springs,2017,4904,4871,33,1.99,2645,2449,196,7.4,1.84,4148445
2934,41,48445,Manitou Springs,2018,4877,4844,33,1.99,2618,2435,183,7,1.85,4148445
2935,41,48445,Manitou Springs,2019,4883,4850,33,1.99,2647,2436,211,7.97,1.83,4148445
2936,41,48445,Manitou Springs,2020,4837,4834,3,1.98,2676,2439,237,8.86,1.81,4148445
2937,41,48445,Manitou Springs,2021,4844,4841,3,1.98,2686,2448,238,8.86,1.8,4148445
2938,41,48445,Manitou Springs,2022,4845,4842,3,1.97,2690,2452,238,8.86,1.8,4148445
2939,41,48445,Manitou Springs,2023,4849,4846,3,1.97,2697,2458,239,8.86,1.8,4148445
2940,41,48445,Manitou Springs,2024,4851,4848,3,1.97,2702,2463,239,8.86,1.79,4148445
2941,89,48500,Manzanola,2010,434,434,0,2.98,177,146,31,17.68,2.45,8948500
2942,89,48500,Manzanola,2011,399,399,0,2.62,177,152,25,14.07,2.25,8948500
2943,89,48500,Manzanola,2012,393,393,0,2.58,177,152,25,14.09,2.22,8948500
2944,89,48500,Manzanola,2013,387,387,0,2.54,177,152,25,14.12,2.19,8948500
2945,89,48500,Manzanola,2014,380,380,0,2.5,177,152,25,14.17,2.15,8948500
2946,89,48500,Manzanola,2015,376,376,0,2.46,177,153,24,13.71,2.12,8948500
2947,89,48500,Manzanola,2016,370,370,0,2.42,177,153,24,13.76,2.09,8948500
2948,89,48500,Manzanola,2017,363,363,0,2.38,177,152,25,13.92,2.05,8948500
2949,89,48500,Manzanola,2018,357,357,0,2.34,177,152,25,13.84,2.02,8948500
2950,89,48500,Manzanola,2019,348,348,0,2.29,176,152,24,13.64,1.98,8948500
2951,89,48500,Manzanola,2020,341,341,0,2.26,176,151,25,14.2,1.94,8948500
2952,89,48500,Manzanola,2021,339,339,0,2.25,176,151,25,14.2,1.93,8948500
2953,89,48500,Manzanola,2022,334,334,0,2.21,176,151,25,14.2,1.9,8948500
2954,89,48500,Manzanola,2023,332,332,0,2.2,176,151,25,14.2,1.89,8948500
2955,89,48500,Manzanola,2024,326,326,0,2.16,176,151,25,14.2,1.85,8948500
2956,51,48555,Marble,2010,131,131,0,2.43,105,54,51,48.57,1.25,5148555
2957,51,48555,Marble,2011,130,130,0,2.38,104,55,49,47.44,1.25,5148555
2958,51,48555,Marble,2012,129,129,0,2.33,103,55,48,46.47,1.25,5148555
2959,51,48555,Marble,2013,127,127,0,2.29,102,56,46,45.44,1.25,5148555
2960,51,48555,Marble,2014,129,129,0,2.24,102,57,45,43.82,1.26,5148555
2961,51,48555,Marble,2015,128,128,0,2.2,100,58,42,41.63,1.28,5148555
2962,51,48555,Marble,2016,128,128,0,2.15,99,60,39,39.74,1.29,5148555
2963,51,48555,Marble,2017,131,131,0,2.11,100,62,38,37.67,1.31,5148555
2964,51,48555,Marble,2018,132,132,0,2.06,101,64,37,36.43,1.31,5148555
2965,51,48555,Marble,2019,134,134,0,2.03,102,66,36,35.29,1.31,5148555
2966,51,48555,Marble,2020,133,133,0,1.96,103,68,35,33.98,1.29,5148555
2967,51,48555,Marble,2021,138,138,0,2,105,69,36,34.29,1.31,5148555
2968,51,48555,Marble,2022,136,136,0,1.94,106,70,36,33.96,1.28,5148555
2969,51,48555,Marble,2023,133,133,0,1.9,106,70,36,33.96,1.25,5148555
2970,51,48555,Marble,2024,131,131,0,1.87,106,70,36,33.96,1.24,5148555
2971,123,49600,Mead,2010,3434,3434,0,2.93,1222,1174,48,3.93,2.81,12349600
2972,123,49600,Mead,2011,3516,3516,0,2.94,1239,1196,43,3.45,2.84,12349600
2973,123,49600,Mead,2012,3737,3737,0,2.95,1304,1266,38,2.95,2.87,12349600
2974,123,49600,Mead,2013,3930,3930,0,2.97,1359,1325,34,2.52,2.89,12349600
2975,123,49600,Mead,2014,4050,4050,0,2.98,1387,1358,29,2.06,2.92,12349600
2976,123,49600,Mead,2015,4437,4437,0,3,1507,1481,26,1.7,2.94,12349600
2977,123,49600,Mead,2016,4520,4520,0,3.01,1525,1502,23,1.48,2.96,12349600
2978,123,49600,Mead,2017,4587,4587,0,3.02,1538,1518,20,1.31,2.98,12349600
2979,123,49600,Mead,2018,4709,4709,0,3.04,1574,1551,23,1.44,2.99,12349600
2980,123,49600,Mead,2019,4742,4742,0,3.05,1581,1555,26,1.64,3,12349600
2981,123,49600,Mead,2020,4781,4781,0,3.06,1588,1563,25,1.57,3.01,12349600
2982,123,49600,Mead,2021,5338,5338,0,3.03,1787,1759,28,1.57,2.99,12349600
2983,123,49600,Mead,2022,6257,6257,0,3.03,2098,2065,33,1.57,2.98,12349600
2984,123,49600,Mead,2023,6668,6668,0,3.02,2241,2206,35,1.56,2.98,12349600
2985,123,49600,Mead,2024,6915,6915,0,3,2340,2303,37,1.58,2.96,12349600
2986,103,49875,Meeker,2010,2452,2409,43,2.54,1151,947,204,17.72,2.09,10349875
2987,103,49875,Meeker,2011,2419,2336,83,2.4,1151,975,176,15.33,2.03,10349875
2988,103,49875,Meeker,2012,2403,2329,74,2.39,1150,973,177,15.38,2.03,10349875
2989,103,49875,Meeker,2013,2396,2328,68,2.39,1145,974,171,14.95,2.03,10349875
2990,103,49875,Meeker,2014,2381,2328,52,2.39,1144,976,168,14.73,2.03,10349875
2991,103,49875,Meeker,2015,2372,2323,49,2.38,1138,975,163,14.34,2.04,10349875
2992,103,49875,Meeker,2016,2367,2320,46,2.38,1134,975,159,14.02,2.05,10349875
2993,103,49875,Meeker,2017,2370,2330,40,2.38,1137,980,157,13.77,2.05,10349875
2994,103,49875,Meeker,2018,2374,2335,40,2.37,1138,984,154,13.55,2.05,10349875
2995,103,49875,Meeker,2019,2375,2339,36,2.37,1140,987,153,13.42,2.05,10349875
2996,103,49875,Meeker,2020,2372,2335,37,2.36,1140,988,152,13.33,2.05,10349875
2997,103,49875,Meeker,2021,2342,2309,33,2.35,1136,984,152,13.38,2.03,10349875
2998,103,49875,Meeker,2022,2373,2338,35,2.37,1138,986,152,13.36,2.05,10349875
2999,103,49875,Meeker,2023,2371,2335,36,2.36,1143,990,153,13.39,2.04,10349875
3000,103,49875,Meeker,2024,2378,2342,36,2.36,1146,993,153,13.35,2.04,10349875
3001,75,50040,Merino,2010,284,284,0,2.54,124,112,12,10,2.29,7550040
3002,75,50040,Merino,2011,310,310,0,2.61,125,118,7,5.21,2.48,7550040
3003,75,50040,Merino,2012,306,306,0,2.59,125,118,7,5.43,2.45,7550040
3004,75,50040,Merino,2013,304,304,0,2.57,125,118,7,5.59,2.43,7550040
3005,75,50040,Merino,2014,300,300,0,2.55,125,118,7,5.95,2.4,7550040
3006,75,50040,Merino,2015,297,297,0,2.53,125,117,8,6.29,2.38,7550040
3007,75,50040,Merino,2016,293,293,0,2.51,125,117,8,6.73,2.34,7550040
3008,75,50040,Merino,2017,290,290,0,2.49,125,116,9,6.94,2.32,7550040
3009,75,50040,Merino,2018,287,287,0,2.47,125,116,9,7.15,2.3,7550040
3010,75,50040,Merino,2019,283,283,0,2.46,125,115,10,8,2.26,7550040
3011,75,50040,Merino,2020,281,281,0,2.44,125,115,10,8,2.25,7550040
3012,75,50040,Merino,2021,282,282,0,2.43,126,116,10,7.94,2.24,7550040
3013,75,50040,Merino,2022,280,280,0,2.39,127,117,10,7.87,2.2,7550040
3014,75,50040,Merino,2023,277,277,0,2.37,127,117,10,7.87,2.18,7550040
3015,75,50040,Merino,2024,277,277,0,2.37,127,117,10,7.87,2.18,7550040
3016,123,50480,Milliken,2010,5628,5628,0,3.01,1979,1867,112,5.66,2.84,12350480
3017,123,50480,Milliken,2011,5710,5710,0,3.02,1992,1892,100,5.01,2.87,12350480
3018,123,50480,Milliken,2012,5786,5786,0,3.02,2002,1915,87,4.33,2.89,12350480
3019,123,50480,Milliken,2013,5901,5901,0,3.02,2027,1951,76,3.73,2.91,12350480
3020,123,50480,Milliken,2014,6070,6070,0,3.03,2069,2005,64,3.08,2.93,12350480
3021,123,50480,Milliken,2015,6377,6377,0,3.03,2160,2104,56,2.59,2.95,12350480
3022,123,50480,Milliken,2016,6660,6660,0,3.03,2247,2196,51,2.28,2.96,12350480
3023,123,50480,Milliken,2017,7073,7073,0,3.04,2379,2330,49,2.06,2.97,12350480
3024,123,50480,Milliken,2018,7668,7668,0,3.04,2583,2523,60,2.31,2.97,12350480
3025,123,50480,Milliken,2019,8174,8174,0,3.04,2762,2687,75,2.72,2.96,12350480
3026,123,50480,Milliken,2020,8499,8499,0,3.04,2876,2795,81,2.82,2.96,12350480
3027,123,50480,Milliken,2021,8748,8748,0,3.02,2984,2900,84,2.82,2.93,12350480
3028,123,50480,Milliken,2022,9113,9113,0,3.01,3113,3025,88,2.83,2.93,12350480
3029,123,50480,Milliken,2023,9232,9232,0,3.01,3161,3072,89,2.82,2.92,12350480
3030,123,50480,Milliken,2024,9205,9205,0,2.99,3173,3083,90,2.84,2.9,12350480
3031,37,50920,Minturn,2010,1027,1027,0,2.48,523,414,109,20.75,1.96,3750920
3032,37,50920,Minturn,2011,1021,1021,0,2.43,527,420,107,20.26,1.94,3750920
3033,37,50920,Minturn,2012,1019,1019,0,2.42,529,422,107,20.25,1.93,3750920
3034,37,50920,Minturn,2013,1014,1014,0,2.4,530,423,107,20.25,1.91,3750920
3035,37,50920,Minturn,2014,1010,1010,0,2.39,531,423,108,20.26,1.9,3750920
3036,37,50920,Minturn,2015,1007,1007,0,2.37,532,425,107,20.2,1.89,3750920
3037,37,50920,Minturn,2016,1008,1008,0,2.36,536,428,108,20.2,1.88,3750920
3038,37,50920,Minturn,2017,1009,1009,0,2.34,541,431,110,20.3,1.87,3750920
3039,37,50920,Minturn,2018,1019,1019,0,2.33,550,438,112,20.3,1.85,3750920
3040,37,50920,Minturn,2019,1028,1028,0,2.31,559,445,114,20.39,1.84,3750920
3041,37,50920,Minturn,2020,1025,1025,0,2.28,561,450,111,19.79,1.83,3750920
3042,37,50920,Minturn,2021,998,998,0,2.21,563,452,111,19.72,1.77,3750920
3043,37,50920,Minturn,2022,982,982,0,2.16,566,454,112,19.79,1.73,3750920
3044,37,50920,Minturn,2023,955,955,0,2.1,566,454,112,19.79,1.69,3750920
3045,37,50920,Minturn,2024,939,939,0,2.07,566,454,112,19.79,1.66,3750920
3046,109,51250,Moffat,2010,116,116,0,2.49,64,47,17,27.14,1.81,10951250
3047,109,51250,Moffat,2011,121,121,0,2.27,64,53,11,16.73,1.89,10951250
3048,109,51250,Moffat,2012,120,120,0,2.27,64,53,11,17.36,1.88,10951250
3049,109,51250,Moffat,2013,119,119,0,2.28,64,52,12,18.12,1.86,10951250
3050,109,51250,Moffat,2014,118,118,0,2.28,64,52,12,18.89,1.84,10951250
3051,109,51250,Moffat,2015,117,117,0,2.28,64,51,13,19.69,1.83,10951250
3052,109,51250,Moffat,2016,116,116,0,2.28,64,51,13,20.5,1.81,10951250
3053,109,51250,Moffat,2017,115,115,0,2.29,64,50,14,21.59,1.8,10951250
3054,109,51250,Moffat,2018,113,113,0,2.29,64,49,15,23.19,1.77,10951250
3055,109,51250,Moffat,2019,110,110,0,2.29,64,48,16,25,1.72,10951250
3056,109,51250,Moffat,2020,108,108,0,2.3,64,47,17,26.56,1.69,10951250
3057,109,51250,Moffat,2021,109,109,0,2.32,64,47,17,26.56,1.7,10951250
3058,109,51250,Moffat,2022,108,108,0,2.3,64,47,17,26.56,1.69,10951250
3059,109,51250,Moffat,2023,107,107,0,2.28,64,47,17,26.56,1.67,10951250
3060,109,51250,Moffat,2024,106,106,0,2.26,64,47,17,26.56,1.66,10951250
3061,105,51635,Monte Vista,2010,4451,4397,54,2.55,1905,1726,179,9.38,2.31,10551635
3062,105,51635,Monte Vista,2011,4381,4328,52,2.47,1911,1755,156,8.17,2.26,10551635
3063,105,51635,Monte Vista,2012,4365,4314,51,2.46,1915,1756,159,8.3,2.25,10551635
3064,105,51635,Monte Vista,2013,4346,4298,49,2.45,1919,1756,163,8.47,2.24,10551635
3065,105,51635,Monte Vista,2014,4332,4285,47,2.44,1923,1758,165,8.57,2.23,10551635
3066,105,51635,Monte Vista,2015,4316,4271,45,2.43,1927,1760,167,8.69,2.22,10551635
3067,105,51635,Monte Vista,2016,4301,4257,44,2.42,1931,1761,170,8.81,2.2,10551635
3068,105,51635,Monte Vista,2017,4283,4241,42,2.41,1933,1762,171,8.87,2.19,10551635
3069,105,51635,Monte Vista,2018,4270,4230,40,2.4,1940,1764,176,9.06,2.18,10551635
3070,105,51635,Monte Vista,2019,4259,4221,38,2.39,1946,1767,179,9.2,2.17,10551635
3071,105,51635,Monte Vista,2020,4245,4208,37,2.37,1955,1772,183,9.36,2.15,10551635
3072,105,51635,Monte Vista,2021,4180,4155,25,2.34,1962,1778,184,9.38,2.12,10551635
3073,105,51635,Monte Vista,2022,4130,4116,14,2.31,1967,1783,184,9.35,2.09,10551635
3074,105,51635,Monte Vista,2023,4062,4045,17,2.26,1974,1789,185,9.37,2.05,10551635
3075,105,51635,Monte Vista,2024,4019,4002,17,2.22,1985,1799,186,9.37,2.02,10551635
3076,117,51690,Montezuma,2010,65,65,0,2.6,55,25,30,54.55,1.18,11751690
3077,117,51690,Montezuma,2011,65,65,0,2.6,55,25,30,54.31,1.18,11751690
3078,117,51690,Montezuma,2012,66,66,0,2.61,55,25,30,53.72,1.2,11751690
3079,117,51690,Montezuma,2013,68,68,0,2.61,55,26,29,52.92,1.24,11751690
3080,117,51690,Montezuma,2014,69,69,0,2.62,55,26,29,52.15,1.25,11751690
3081,117,51690,Montezuma,2015,71,71,0,2.62,55,27,28,51.09,1.29,11751690
3082,117,51690,Montezuma,2016,72,72,0,2.63,55,27,28,50.25,1.31,11751690
3083,117,51690,Montezuma,2017,73,73,0,2.63,55,28,27,49.93,1.33,11751690
3084,117,51690,Montezuma,2018,74,74,0,2.64,56,28,28,50.11,1.32,11751690
3085,117,51690,Montezuma,2019,75,75,0,2.68,57,28,29,50.88,1.32,11751690
3086,117,51690,Montezuma,2020,74,74,0,2.64,57,28,29,50.88,1.3,11751690
3087,117,51690,Montezuma,2021,72,72,0,2.57,57,28,29,50.88,1.26,11751690
3088,117,51690,Montezuma,2022,70,70,0,2.5,57,28,29,50.88,1.23,11751690
3089,117,51690,Montezuma,2023,69,69,0,2.46,57,28,29,50.88,1.21,11751690
3090,117,51690,Montezuma,2024,71,71,0,2.54,58,28,30,51.72,1.22,11751690
3091,85,51745,Montrose,2010,19179,18731,448,2.37,8697,7892,805,9.26,2.15,8551745
3092,85,51745,Montrose,2011,20280,19823,458,2.37,8742,8378,364,4.17,2.27,8551745
3093,85,51745,Montrose,2012,20251,19784,468,2.35,8782,8402,380,4.32,2.25,8551745
3094,85,51745,Montrose,2013,20186,19709,477,2.34,8805,8412,393,4.46,2.24,8551745
3095,85,51745,Montrose,2014,20117,19630,487,2.33,8829,8420,409,4.63,2.22,8551745
3096,85,51745,Montrose,2015,20090,19593,497,2.32,8873,8447,426,4.81,2.21,8551745
3097,85,51745,Montrose,2016,20064,19558,507,2.31,8926,8475,451,5.06,2.19,8551745
3098,85,51745,Montrose,2017,20065,19548,516,2.3,8994,8514,480,5.34,2.17,8551745
3099,85,51745,Montrose,2018,20145,19619,526,2.28,9115,8589,526,5.77,2.15,8551745
3100,85,51745,Montrose,2019,20450,19914,536,2.27,9347,8758,589,6.3,2.13,8551745
3101,85,51745,Montrose,2020,20392,20083,309,2.26,9529,8899,630,6.61,2.11,8551745
3102,85,51745,Montrose,2021,20757,20423,334,2.24,9752,9107,645,6.61,2.09,8551745
3103,85,51745,Montrose,2022,21105,20777,328,2.23,9974,9315,659,6.61,2.08,8551745
3104,85,51745,Montrose,2023,21391,21069,322,2.22,10174,9501,673,6.61,2.07,8551745
3105,85,51745,Montrose,2024,21647,21319,328,2.22,10303,9622,681,6.61,2.07,8551745
3106,41,51800,Monument,2010,5564,5564,0,3.07,1887,1813,74,3.92,2.95,4151800
3107,41,51800,Monument,2011,6043,6043,0,3.05,2052,1979,73,3.54,2.94,4151800
3108,41,51800,Monument,2012,6452,6452,0,3.04,2199,2125,74,3.38,2.93,4151800
3109,41,51800,Monument,2013,6860,6860,0,3.02,2352,2272,80,3.42,2.92,4151800
3110,41,51800,Monument,2014,7244,7244,0,3,2508,2412,96,3.82,2.89,4151800
3111,41,51800,Monument,2015,7658,7658,0,2.99,2665,2564,101,3.8,2.87,4151800
3112,41,51800,Monument,2016,8088,8088,0,2.97,2821,2722,99,3.5,2.87,4151800
3113,41,51800,Monument,2017,8914,8914,0,2.95,3126,3017,109,3.48,2.85,4151800
3114,41,51800,Monument,2018,9770,9770,0,2.94,3442,3326,116,3.38,2.84,4151800
3115,41,51800,Monument,2019,10142,10142,0,2.92,3614,3472,142,3.93,2.81,4151800
3116,41,51800,Monument,2020,10479,10479,0,2.89,3793,3625,168,4.43,2.76,4151800
3117,41,51800,Monument,2021,10700,10700,0,2.8,3993,3816,177,4.43,2.68,4151800
3118,41,51800,Monument,2022,10809,10809,0,2.66,4255,4066,189,4.43,2.54,4151800
3119,41,51800,Monument,2023,11090,11090,0,2.49,4657,4450,207,4.43,2.38,4151800
3120,41,51800,Monument,2024,11333,11333,0,2.41,4930,4711,219,4.43,2.3,4151800
3121,59,52075,Morrison,2010,428,282,146,2.07,141,136,5,3.55,2,5952075
3122,59,52075,Morrison,2011,431,284,147,2.08,141,136,5,3.31,2.01,5952075
3123,59,52075,Morrison,2012,414,266,148,2.09,131,127,4,2.96,2.03,5952075
3124,59,52075,Morrison,2013,417,267,150,2.1,131,127,4,2.71,2.04,5952075
3125,59,52075,Morrison,2014,420,269,151,2.1,131,128,3,2.33,2.05,5952075
3126,59,52075,Morrison,2015,422,270,152,2.11,131,128,3,2.46,2.06,5952075
3127,59,52075,Morrison,2016,424,272,153,2.12,131,128,3,2.28,2.08,5952075
3128,59,52075,Morrison,2017,424,271,153,2.13,131,127,4,2.81,2.07,5952075
3129,59,52075,Morrison,2018,426,271,155,2.14,131,127,4,3.06,2.07,5952075
3130,59,52075,Morrison,2019,425,270,155,2.14,131,126,5,3.82,2.06,5952075
3131,59,52075,Morrison,2020,396,269,127,2.15,131,125,6,4.58,2.05,5952075
3132,59,52075,Morrison,2021,399,266,133,2.13,131,125,6,4.58,2.03,5952075
3133,59,52075,Morrison,2022,373,260,113,2.08,131,125,6,4.58,1.98,5952075
3134,59,52075,Morrison,2023,387,260,127,2.06,132,126,6,4.55,1.97,5952075
3135,59,52075,Morrison,2024,393,259,134,2.06,132,126,6,4.55,1.96,5952075
3136,59,52350,Mountain View,2010,508,508,0,1.96,278,259,19,6.83,1.83,5952350
3137,59,52350,Mountain View,2011,515,515,0,1.97,278,261,17,5.94,1.85,5952350
3138,59,52350,Mountain View,2012,523,523,0,1.98,278,264,14,4.94,1.88,5952350
3139,59,52350,Mountain View,2013,524,524,0,1.99,275,263,12,4.21,1.91,5952350
3140,59,52350,Mountain View,2014,531,531,0,2,275,266,9,3.36,1.93,5952350
3141,59,52350,Mountain View,2015,534,534,0,2.01,275,266,9,3.29,1.94,5952350
3142,59,52350,Mountain View,2016,539,539,0,2.02,275,267,8,2.81,1.96,5952350
3143,59,52350,Mountain View,2017,539,539,0,2.03,275,266,9,3.2,1.96,5952350
3144,59,52350,Mountain View,2018,540,540,0,2.03,274,265,9,3.2,1.97,5952350
3145,59,52350,Mountain View,2019,540,540,0,2.05,274,264,10,3.65,1.97,5952350
3146,59,52350,Mountain View,2020,540,540,0,2.05,274,263,11,4.01,1.97,5952350
3147,59,52350,Mountain View,2021,535,535,0,2.03,274,263,11,4.01,1.95,5952350
3148,59,52350,Mountain View,2022,523,523,0,1.99,274,263,11,4.01,1.91,5952350
3149,59,52350,Mountain View,2023,517,517,0,1.97,273,262,11,4.03,1.89,5952350
3150,59,52350,Mountain View,2024,516,516,0,1.96,274,263,11,4.01,1.88,5952350
3151,113,52550,Mountain Village,2010,1313,1313,0,2.23,1626,588,1038,63.84,0.81,11352550
3152,113,52550,Mountain Village,2011,1166,1166,0,1.77,1633,659,974,59.64,0.71,11352550
3153,113,52550,Mountain Village,2012,1178,1178,0,1.79,1636,659,977,59.72,0.72,11352550
3154,113,52550,Mountain Village,2013,1191,1191,0,1.81,1640,659,981,59.82,0.73,11352550
3155,113,52550,Mountain Village,2014,1214,1214,0,1.83,1660,665,995,59.97,0.73,11352550
3156,113,52550,Mountain Village,2015,1213,1213,0,1.84,1664,658,1006,60.47,0.73,11352550
3157,113,52550,Mountain Village,2016,1223,1223,0,1.86,1670,656,1014,60.7,0.73,11352550
3158,113,52550,Mountain Village,2017,1233,1233,0,1.88,1676,655,1021,60.93,0.74,11352550
3159,113,52550,Mountain Village,2018,1239,1239,0,1.9,1687,652,1035,61.36,0.73,11352550
3160,113,52550,Mountain Village,2019,1249,1249,0,1.92,1695,651,1044,61.59,0.74,11352550
3161,113,52550,Mountain Village,2020,1261,1261,0,1.93,1707,652,1055,61.8,0.74,11352550
3162,113,52550,Mountain Village,2021,1268,1268,0,1.93,1719,657,1062,61.78,0.74,11352550
3163,113,52550,Mountain Village,2022,1248,1248,0,1.89,1729,660,1069,61.83,0.72,11352550
3164,113,52550,Mountain Village,2023,1221,1221,0,1.84,1741,665,1076,61.8,0.7,11352550
3165,113,52550,Mountain Village,2024,1231,1231,0,1.8,1786,682,1104,61.81,0.69,11352550
3166,51,52570,Mount Crested Butte,2010,798,798,0,2,1510,399,1111,73.58,0.53,5152570
3167,51,52570,Mount Crested Butte,2011,800,800,0,2,1495,399,1096,73.29,0.54,5152570
3168,51,52570,Mount Crested Butte,2012,796,796,0,2.01,1481,396,1085,73.26,0.54,5152570
3169,51,52570,Mount Crested Butte,2013,794,794,0,2.01,1469,394,1075,73.17,0.54,5152570
3170,51,52570,Mount Crested Butte,2014,819,819,0,2.02,1457,406,1051,72.13,0.56,5152570
3171,51,52570,Mount Crested Butte,2015,876,876,0,2.02,1449,433,1016,70.1,0.6,5152570
3172,51,52570,Mount Crested Butte,2016,916,916,0,2.03,1436,452,984,68.54,0.64,5152570
3173,51,52570,Mount Crested Butte,2017,966,966,0,2.03,1424,475,949,66.61,0.68,5152570
3174,51,52570,Mount Crested Butte,2018,973,973,0,2.04,1411,478,933,66.12,0.69,5152570
3175,51,52570,Mount Crested Butte,2019,996,996,0,2.04,1402,488,914,65.19,0.71,5152570
3176,51,52570,Mount Crested Butte,2020,941,941,0,2.05,1392,460,932,66.95,0.68,5152570
3177,51,52570,Mount Crested Butte,2021,966,966,0,2.07,1410,466,944,66.95,0.69,5152570
3178,51,52570,Mount Crested Butte,2022,953,953,0,2.03,1420,469,951,66.97,0.67,5152570
3179,51,52570,Mount Crested Butte,2023,952,952,0,1.99,1446,478,968,66.94,0.66,5152570
3180,51,52570,Mount Crested Butte,2024,942,942,0,1.96,1455,481,974,66.94,0.65,5152570
3181,85,53120,Naturita,2010,543,543,0,2.58,264,211,53,20.25,2.06,8553120
3182,85,53120,Naturita,2011,518,518,0,2.16,264,240,24,9.01,1.96,8553120
3183,85,53120,Naturita,2012,516,516,0,2.15,264,240,24,9.23,1.95,8553120
3184,85,53120,Naturita,2013,514,514,0,2.15,264,239,25,9.4,1.95,8553120
3185,85,53120,Naturita,2014,512,512,0,2.15,264,239,25,9.61,1.94,8553120
3186,85,53120,Naturita,2015,510,510,0,2.14,264,238,26,9.82,1.93,8553120
3187,85,53120,Naturita,2016,507,507,0,2.14,264,237,27,10.16,1.92,8553120
3188,85,53120,Naturita,2017,504,504,0,2.14,264,236,28,10.53,1.91,8553120
3189,85,53120,Naturita,2018,494,494,0,2.13,261,232,29,11.15,1.89,8553120
3190,85,53120,Naturita,2019,488,488,0,2.13,260,229,31,11.92,1.88,8553120
3191,85,53120,Naturita,2020,484,484,0,2.12,260,228,32,12.31,1.86,8553120
3192,85,53120,Naturita,2021,483,483,0,2.11,261,229,32,12.26,1.85,8553120
3193,85,53120,Naturita,2022,484,484,0,2.1,263,231,32,12.17,1.84,8553120
3194,85,53120,Naturita,2023,482,482,0,2.08,264,232,32,12.12,1.83,8553120
3195,85,53120,Naturita,2024,484,484,0,2.09,265,232,33,12.45,1.83,8553120
3196,13,53175,Nederland,2010,1447,1442,5,2.19,749,658,91,12.15,1.93,1353175
3197,13,53175,Nederland,2011,1472,1467,5,2.19,746,669,77,10.27,1.97,1353175
3198,13,53175,Nederland,2012,1503,1498,5,2.19,742,684,58,7.84,2.02,1353175
3199,13,53175,Nederland,2013,1514,1509,6,2.19,739,689,50,6.72,2.04,1353175
3200,13,53175,Nederland,2014,1518,1513,6,2.19,743,691,52,6.97,2.04,1353175
3201,13,53175,Nederland,2015,1550,1544,6,2.19,744,706,38,5.11,2.08,1353175
3202,13,53175,Nederland,2016,1568,1562,6,2.19,750,715,35,4.71,2.08,1353175
3203,13,53175,Nederland,2017,1555,1548,6,2.18,758,709,49,6.41,2.04,1353175
3204,13,53175,Nederland,2018,1553,1546,7,2.18,762,709,53,6.9,2.03,1353175
3205,13,53175,Nederland,2019,1496,1489,7,2.18,768,684,84,10.94,1.94,1353175
3206,13,53175,Nederland,2020,1477,1470,7,2.16,772,680,92,11.92,1.9,1353175
3207,13,53175,Nederland,2021,1454,1447,7,2.13,772,680,92,11.92,1.87,1353175
3208,13,53175,Nederland,2022,1451,1444,7,2.11,776,684,92,11.86,1.86,1353175
3209,13,53175,Nederland,2023,1435,1428,7,2.09,776,684,92,11.86,1.84,1353175
3210,13,53175,Nederland,2024,1417,1410,7,2.06,778,685,93,11.95,1.81,1353175
3211,45,53395,New Castle,2010,4497,4497,0,2.96,1668,1518,150,8.96,2.7,4553395
3212,45,53395,New Castle,2011,4400,4400,0,2.86,1669,1539,130,7.76,2.64,4553395
3213,45,53395,New Castle,2012,4382,4382,0,2.84,1669,1542,127,7.6,2.63,4553395
3214,45,53395,New Castle,2013,4371,4371,0,2.83,1669,1547,122,7.33,2.62,4553395
3215,45,53395,New Castle,2014,4394,4394,0,2.81,1683,1564,119,7.07,2.61,4553395
3216,45,53395,New Castle,2015,4413,4413,0,2.79,1695,1580,115,6.79,2.6,4553395
3217,45,53395,New Castle,2016,4451,4451,0,2.78,1712,1603,109,6.36,2.6,4553395
3218,45,53395,New Castle,2017,4523,4523,0,2.76,1742,1639,103,5.92,2.6,4553395
3219,45,53395,New Castle,2018,4710,4710,0,2.74,1815,1717,98,5.41,2.6,4553395
3220,45,53395,New Castle,2019,4896,4896,0,2.73,1889,1796,93,4.92,2.59,4553395
3221,45,53395,New Castle,2020,4929,4929,0,2.71,1895,1818,77,4.06,2.6,4553395
3222,45,53395,New Castle,2021,4929,4929,0,2.7,1903,1826,77,4.05,2.59,4553395
3223,45,53395,New Castle,2022,4928,4928,0,2.66,1929,1851,78,4.04,2.55,4553395
3224,45,53395,New Castle,2023,4954,4954,0,2.66,1943,1864,79,4.07,2.55,4553395
3225,45,53395,New Castle,2024,4981,4981,0,2.65,1957,1877,80,4.09,2.55,4553395
3226,1,54330,Northglenn (Part),2010,35883,35754,129,2.64,14263,13524,739,5.18,2.51,154330
3227,1,54330,Northglenn (Part),2011,36390,36260,130,2.65,14280,13675,605,4.24,2.54,154330
3228,1,54330,Northglenn (Part),2012,36837,36706,130,2.66,14296,13804,492,3.44,2.57,154330
3229,1,54330,Northglenn (Part),2013,37311,37180,131,2.67,14313,13942,371,2.59,2.6,154330
3230,1,54330,Northglenn (Part),2014,38341,38210,131,2.67,14553,14287,266,1.83,2.63,154330
3231,1,54330,Northglenn (Part),2015,38651,38519,132,2.68,14508,14363,145,1,2.66,154330
3232,1,54330,Northglenn (Part),2016,38905,38772,132,2.69,14523,14417,106,0.73,2.67,154330
3233,1,54330,Northglenn (Part),2017,38735,38601,133,2.7,14539,14315,224,1.54,2.65,154330
3234,1,54330,Northglenn (Part),2018,38629,38495,134,2.7,14562,14243,319,2.19,2.64,154330
3235,1,54330,Northglenn (Part),2019,38286,38152,134,2.71,14578,14085,493,3.38,2.62,154330
3236,1,54330,Northglenn (Part),2020,37980,37744,236,2.71,14601,13951,650,4.45,2.59,154330
3237,1,54330,Northglenn (Part),2021,37693,37442,251,2.68,14601,13951,650,4.45,2.56,154330
3238,1,54330,Northglenn (Part),2022,37542,37289,253,2.66,14648,13996,652,4.45,2.55,154330
3239,1,54330,Northglenn (Part),2023,37783,37548,235,2.65,14811,14152,659,4.45,2.54,154330
3240,1,54330,Northglenn (Part),2024,37804,37556,248,2.64,14872,14210,662,4.45,2.53,154330
3241,123,54330,Northglenn (Part),2010,12,12,0,1.5,11,8,3,27.27,1.09,12354330
3242,123,54330,Northglenn (Part),2011,14,14,0,1.66,11,8,3,22.82,1.27,12354330
3243,123,54330,Northglenn (Part),2012,15,15,0,1.83,10,8,2,18.41,1.5,12354330
3244,123,54330,Northglenn (Part),2013,17,17,0,1.99,10,9,1,14.65,1.7,12354330
3245,123,54330,Northglenn (Part),2014,19,19,0,2.15,10,9,1,10.99,1.9,12354330
3246,123,54330,Northglenn (Part),2015,21,21,0,2.31,10,9,1,8.16,2.1,12354330
3247,123,54330,Northglenn (Part),2016,21,21,0,2.48,9,8,1,6.14,2.33,12354330
3248,123,54330,Northglenn (Part),2017,23,23,0,2.64,9,9,0,4.46,2.56,12354330
3249,123,54330,Northglenn (Part),2018,24,24,0,2.8,9,9,0,3.57,2.67,12354330
3250,123,54330,Northglenn (Part),2019,23,23,0,2.88,8,8,0,0,2.88,12354330
3251,123,54330,Northglenn (Part),2020,25,25,0,3.13,8,8,0,0,3.13,12354330
3252,123,54330,Northglenn (Part),2021,25,25,0,3.13,8,8,0,0,3.13,12354330
3253,123,54330,Northglenn (Part),2022,25,25,0,3.13,8,8,0,0,3.13,12354330
3254,123,54330,Northglenn (Part),2023,25,25,0,3.13,8,8,0,0,3.13,12354330
3255,123,54330,Northglenn (Part),2024,25,25,0,3.13,8,8,0,0,3.13,12354330
3256,999,54330,Northglenn (Total),2010,35895,35766,129,2.64,14274,13532,742,5.2,2.51,99954330
3257,999,54330,Northglenn (Total),2011,36404,36274,130,2.65,14291,13684,607,4.25,2.54,99954330
3258,999,54330,Northglenn (Total),2012,36851,36721,130,2.66,14306,13812,494,3.45,2.57,99954330
3259,999,54330,Northglenn (Total),2013,37328,37197,131,2.67,14323,13950,373,2.6,2.6,99954330
3260,999,54330,Northglenn (Total),2014,38361,38229,131,2.67,14563,14296,267,1.83,2.63,99954330
3261,999,54330,Northglenn (Total),2015,38672,38540,132,2.68,14518,14373,145,1,2.65,99954330
3262,999,54330,Northglenn (Total),2016,38926,38793,132,2.69,14532,14425,107,0.74,2.67,99954330
3263,999,54330,Northglenn (Total),2017,38757,38624,133,2.7,14548,14324,224,1.54,2.65,99954330
3264,999,54330,Northglenn (Total),2018,38653,38520,134,2.7,14571,14252,319,2.19,2.64,99954330
3265,999,54330,Northglenn (Total),2019,38309,38175,134,2.71,14586,14093,493,3.38,2.62,99954330
3266,999,54330,Northglenn (Total),2020,38005,37769,236,2.71,14609,13959,650,4.45,2.59,99954330
3267,999,54330,Northglenn (Total),2021,37718,37467,251,2.68,14609,13959,650,4.45,2.56,99954330
3268,999,54330,Northglenn (Total),2022,37567,37314,253,2.66,14656,14004,652,4.45,2.55,99954330
3269,999,54330,Northglenn (Total),2023,37808,37573,235,2.65,14819,14160,659,4.45,2.54,99954330
3270,999,54330,Northglenn (Total),2024,37829,37581,248,2.64,14880,14218,662,4.45,2.53,99954330
3271,113,54880,Norwood,2010,517,517,0,2.55,236,203,33,14,2.19,11354880
3272,113,54880,Norwood,2011,492,492,0,2.39,236,206,30,12.89,2.08,11354880
3273,113,54880,Norwood,2012,493,493,0,2.39,236,206,30,12.71,2.09,11354880
3274,113,54880,Norwood,2013,494,494,0,2.4,236,206,30,12.53,2.09,11354880
3275,113,54880,Norwood,2014,502,502,0,2.4,239,209,30,12.36,2.1,11354880
3276,113,54880,Norwood,2015,506,506,0,2.39,241,211,30,12.27,2.1,11354880
3277,113,54880,Norwood,2016,509,509,0,2.39,242,213,29,12.11,2.1,11354880
3278,113,54880,Norwood,2017,515,515,0,2.39,244,215,29,11.95,2.11,11354880
3279,113,54880,Norwood,2018,521,521,0,2.39,247,218,29,11.83,2.11,11354880
3280,113,54880,Norwood,2019,529,529,0,2.39,250,221,29,11.6,2.12,11354880
3281,113,54880,Norwood,2020,536,536,0,2.39,253,224,29,11.46,2.12,11354880
3282,113,54880,Norwood,2021,537,537,0,2.39,254,225,29,11.42,2.11,11354880
3283,113,54880,Norwood,2022,575,575,0,2.34,278,246,32,11.51,2.07,11354880
3284,113,54880,Norwood,2023,567,567,0,2.27,282,250,32,11.35,2.01,11354880
3285,113,54880,Norwood,2024,560,560,0,2.24,283,250,33,11.66,1.98,11354880
3286,85,54935,Nucla,2010,707,707,0,2.85,298,248,50,16.89,2.37,8554935
3287,85,54935,Nucla,2011,636,636,0,2.3,299,277,22,7.43,2.13,8554935
3288,85,54935,Nucla,2012,635,635,0,2.27,302,279,23,7.52,2.1,8554935
3289,85,54935,Nucla,2013,627,627,0,2.25,302,279,23,7.55,2.08,8554935
3290,85,54935,Nucla,2014,628,628,0,2.22,306,283,23,7.6,2.05,8554935
3291,85,54935,Nucla,2015,621,621,0,2.2,306,283,23,7.64,2.03,8554935
3292,85,54935,Nucla,2016,613,613,0,2.17,306,282,24,7.76,2,8554935
3293,85,54935,Nucla,2017,609,609,0,2.15,308,284,24,7.87,1.98,8554935
3294,85,54935,Nucla,2018,601,601,0,2.12,308,283,25,8.13,1.95,8554935
3295,85,54935,Nucla,2019,592,592,0,2.1,308,282,26,8.44,1.92,8554935
3296,85,54935,Nucla,2020,583,583,0,2.07,308,282,26,8.44,1.89,8554935
3297,85,54935,Nucla,2021,582,582,0,2.06,309,283,26,8.41,1.88,8554935
3298,85,54935,Nucla,2022,581,581,0,2.05,310,284,26,8.39,1.87,8554935
3299,85,54935,Nucla,2023,579,579,0,2.03,311,285,26,8.36,1.86,8554935
3300,85,54935,Nucla,2024,581,581,0,2.03,312,286,26,8.33,1.86,8554935
3301,123,55045,Nunn,2010,417,417,0,2.51,197,166,31,15.74,2.12,12355045
3302,123,55045,Nunn,2011,429,429,0,2.52,197,170,27,13.71,2.18,12355045
3303,123,55045,Nunn,2012,439,439,0,2.53,196,173,23,11.61,2.24,12355045
3304,123,55045,Nunn,2013,454,454,0,2.54,198,179,19,9.8,2.29,12355045
3305,123,55045,Nunn,2014,463,463,0,2.55,197,181,16,7.91,2.35,12355045
3306,123,55045,Nunn,2015,474,474,0,2.56,198,185,13,6.46,2.39,12355045
3307,123,55045,Nunn,2016,483,483,0,2.57,199,188,11,5.52,2.43,12355045
3308,123,55045,Nunn,2017,491,491,0,2.58,200,190,10,4.8,2.46,12355045
3309,123,55045,Nunn,2018,494,494,0,2.59,201,191,10,5.13,2.46,12355045
3310,123,55045,Nunn,2019,502,502,0,2.6,205,193,12,5.85,2.45,12355045
3311,123,55045,Nunn,2020,504,504,0,2.61,205,193,12,5.85,2.46,12355045
3312,123,55045,Nunn,2021,512,512,0,2.59,210,198,12,5.71,2.44,12355045
3313,123,55045,Nunn,2022,524,524,0,2.59,215,202,13,6.05,2.44,12355045
3314,123,55045,Nunn,2023,531,531,0,2.58,219,206,13,5.94,2.42,12355045
3315,123,55045,Nunn,2024,531,531,0,2.57,220,207,13,5.91,2.41,12355045
3316,107,55155,Oak Creek,2010,882,882,0,2.4,479,367,112,23.29,1.84,10755155
3317,107,55155,Oak Creek,2011,847,847,0,2.24,480,379,101,21.03,1.76,10755155
3318,107,55155,Oak Creek,2012,849,849,0,2.22,480,382,98,20.36,1.77,10755155
3319,107,55155,Oak Creek,2013,848,848,0,2.2,479,385,94,19.69,1.77,10755155
3320,107,55155,Oak Creek,2014,848,848,0,2.19,478,387,91,19.01,1.77,10755155
3321,107,55155,Oak Creek,2015,849,849,0,2.17,478,390,88,18.34,1.78,10755155
3322,107,55155,Oak Creek,2016,846,846,0,2.16,476,392,84,17.66,1.78,10755155
3323,107,55155,Oak Creek,2017,855,855,0,2.14,480,398,82,16.98,1.78,10755155
3324,107,55155,Oak Creek,2018,863,863,0,2.13,484,405,79,16.28,1.78,10755155
3325,107,55155,Oak Creek,2019,873,873,0,2.11,489,413,76,15.54,1.79,10755155
3326,107,55155,Oak Creek,2020,886,886,0,2.09,495,423,72,14.55,1.79,10755155
3327,107,55155,Oak Creek,2021,868,868,0,2.1,484,414,70,14.46,1.79,10755155
3328,107,55155,Oak Creek,2022,865,865,0,2.06,492,420,72,14.63,1.76,10755155
3329,107,55155,Oak Creek,2023,862,862,0,2.03,496,424,72,14.52,1.74,10755155
3330,107,55155,Oak Creek,2024,841,841,0,1.97,498,426,72,14.46,1.69,10755155
3331,85,55540,Olathe,2010,1838,1770,68,3.15,609,562,47,7.73,2.91,8555540
3332,85,55540,Olathe,2011,1846,1777,69,3.03,609,587,22,3.66,2.92,8555540
3333,85,55540,Olathe,2012,1840,1769,71,3.03,609,585,24,4,2.9,8555540
3334,85,55540,Olathe,2013,1833,1761,72,3.02,609,582,27,4.35,2.89,8555540
3335,85,55540,Olathe,2014,1826,1752,74,3.02,609,580,29,4.76,2.88,8555540
3336,85,55540,Olathe,2015,1817,1742,75,3.02,609,577,32,5.21,2.86,8555540
3337,85,55540,Olathe,2016,1806,1729,77,3.01,609,574,35,5.79,2.84,8555540
3338,85,55540,Olathe,2017,1794,1716,78,3.01,609,570,39,6.46,2.82,8555540
3339,85,55540,Olathe,2018,1799,1719,80,3.01,617,571,46,7.38,2.79,8555540
3340,85,55540,Olathe,2019,1778,1697,81,3.01,617,564,53,8.59,2.75,8555540
3341,85,55540,Olathe,2020,2015,1674,341,3,617,558,59,9.56,2.71,8555540
3342,85,55540,Olathe,2021,1989,1663,326,2.98,617,558,59,9.56,2.7,8555540
3343,85,55540,Olathe,2022,1983,1657,326,2.96,618,559,59,9.55,2.68,8555540
3344,85,55540,Olathe,2023,1977,1649,328,2.94,619,560,59,9.53,2.66,8555540
3345,85,55540,Olathe,2024,1976,1648,328,2.94,619,560,59,9.53,2.66,8555540
3346,25,55705,Olney Springs,2010,347,347,0,2.63,156,132,24,15.53,2.22,2555705
3347,25,55705,Olney Springs,2011,350,350,0,2.54,156,138,18,11.74,2.24,2555705
3348,25,55705,Olney Springs,2012,347,347,0,2.53,156,137,19,12.26,2.22,2555705
3349,25,55705,Olney Springs,2013,344,344,0,2.52,156,136,20,12.61,2.21,2555705
3350,25,55705,Olney Springs,2014,340,340,0,2.51,156,135,21,13.26,2.18,2555705
3351,25,55705,Olney Springs,2015,334,334,0,2.5,156,134,22,14.35,2.14,2555705
3352,25,55705,Olney Springs,2016,329,329,0,2.49,156,132,24,15.27,2.11,2555705
3353,25,55705,Olney Springs,2017,324,324,0,2.48,156,131,25,16.11,2.08,2555705
3354,25,55705,Olney Springs,2018,320,320,0,2.47,156,130,26,16.89,2.05,2555705
3355,25,55705,Olney Springs,2019,317,317,0,2.46,156,129,27,17.31,2.03,2555705
3356,25,55705,Olney Springs,2020,313,313,0,2.43,155,129,26,16.77,2.02,2555705
3357,25,55705,Olney Springs,2021,322,322,0,2.5,155,129,26,16.77,2.08,2555705
3358,25,55705,Olney Springs,2022,316,316,0,2.45,155,129,26,16.77,2.04,2555705
3359,25,55705,Olney Springs,2023,302,302,0,2.34,155,129,26,16.77,1.95,2555705
3360,25,55705,Olney Springs,2024,303,303,0,2.35,155,129,26,16.77,1.95,2555705
3361,113,55870,Ophir,2010,180,180,0,2.33,84,77,7,8.22,2.14,11355870
3362,113,55870,Ophir,2011,207,207,0,2.68,84,77,7,7.86,2.46,11355870
3363,113,55870,Ophir,2012,207,207,0,2.68,84,77,7,8.05,2.46,11355870
3364,113,55870,Ophir,2013,207,207,0,2.68,84,77,7,8.24,2.46,11355870
3365,113,55870,Ophir,2014,209,209,0,2.69,85,78,7,8.45,2.46,11355870
3366,113,55870,Ophir,2015,209,209,0,2.69,85,78,7,8.7,2.46,11355870
3367,113,55870,Ophir,2016,208,208,0,2.69,85,77,8,8.92,2.45,11355870
3368,113,55870,Ophir,2017,208,208,0,2.69,85,77,8,9.15,2.45,11355870
3369,113,55870,Ophir,2018,207,207,0,2.69,85,77,8,9.4,2.44,11355870
3370,113,55870,Ophir,2019,195,195,0,2.71,80,72,8,10,2.44,11355870
3371,113,55870,Ophir,2020,196,196,0,2.68,81,73,8,9.88,2.42,11355870
3372,113,55870,Ophir,2021,198,198,0,2.68,82,74,8,9.76,2.41,11355870
3373,113,55870,Ophir,2022,197,197,0,2.63,83,75,8,9.64,2.37,11355870
3374,113,55870,Ophir,2023,191,191,0,2.55,83,75,8,9.64,2.3,11355870
3375,113,55870,Ophir,2024,188,188,0,2.51,83,75,8,9.64,2.27,11355870
3376,29,55980,Orchard City,2010,3114,3059,55,2.34,1418,1306,112,7.9,2.16,2955980
3377,29,55980,Orchard City,2011,3085,3029,56,2.34,1419,1295,124,8.71,2.13,2955980
3378,29,55980,Orchard City,2012,3085,3027,57,2.33,1422,1297,125,8.79,2.13,2955980
3379,29,55980,Orchard City,2013,3081,3021,60,2.33,1421,1296,125,8.76,2.13,2955980
3380,29,55980,Orchard City,2014,3048,2988,60,2.33,1424,1284,140,9.8,2.1,2955980
3381,29,55980,Orchard City,2015,3032,2971,61,2.32,1424,1279,145,10.16,2.09,2955980
3382,29,55980,Orchard City,2016,3062,2999,62,2.32,1427,1294,133,9.33,2.1,2955980
3383,29,55980,Orchard City,2017,3078,3014,63,2.31,1432,1303,129,9.03,2.1,2955980
3384,29,55980,Orchard City,2018,3122,3057,65,2.31,1447,1323,124,8.54,2.11,2955980
3385,29,55980,Orchard City,2019,3142,3076,66,2.31,1455,1334,121,8.32,2.11,2955980
3386,29,55980,Orchard City,2020,3153,3100,53,2.3,1469,1345,124,8.44,2.11,2955980
3387,29,55980,Orchard City,2021,3204,3151,53,2.33,1478,1353,125,8.46,2.13,2955980
3388,29,55980,Orchard City,2022,3241,3189,52,2.33,1498,1371,127,8.48,2.13,2955980
3389,29,55980,Orchard City,2023,3293,3253,40,2.36,1509,1381,128,8.48,2.16,2955980
3390,29,55980,Orchard City,2024,3304,3273,31,2.36,1515,1387,128,8.45,2.16,2955980
3391,25,56145,Ordway,2010,1085,1050,35,2.44,517,430,87,16.85,2.03,2556145
3392,25,56145,Ordway,2011,1095,1059,36,2.33,518,454,64,12.26,2.04,2556145
3393,25,56145,Ordway,2012,1095,1054,41,2.32,518,454,64,12.32,2.03,2556145
3394,25,56145,Ordway,2013,1094,1051,43,2.31,518,455,63,12.18,2.03,2556145
3395,25,56145,Ordway,2014,1083,1045,38,2.3,518,454,64,12.32,2.02,2556145
3396,25,56145,Ordway,2015,1072,1035,37,2.29,518,452,66,12.8,2,2556145
3397,25,56145,Ordway,2016,1071,1027,44,2.28,518,450,68,13.09,1.98,2556145
3398,25,56145,Ordway,2017,1055,1020,35,2.27,518,449,69,13.26,1.97,2556145
3399,25,56145,Ordway,2018,1050,1015,35,2.26,518,449,69,13.34,1.96,2556145
3400,25,56145,Ordway,2019,1047,1012,35,2.25,518,449,69,13.32,1.95,2556145
3401,25,56145,Ordway,2020,1058,1014,44,2.22,518,456,62,11.97,1.96,2556145
3402,25,56145,Ordway,2021,1101,1062,39,2.29,526,463,63,11.98,2.02,2556145
3403,25,56145,Ordway,2022,1102,1062,40,2.25,537,473,64,11.92,1.98,2556145
3404,25,56145,Ordway,2023,1092,1046,46,2.15,553,487,66,11.93,1.89,2556145
3405,25,56145,Ordway,2024,1096,1050,46,2.16,553,487,66,11.93,1.9,2556145
3406,121,56365,Otis,2010,458,458,0,2.55,228,179,49,21.37,2.01,12156365
3407,121,56365,Otis,2011,477,477,0,2.38,229,200,29,12.52,2.08,12156365
3408,121,56365,Otis,2012,480,480,0,2.4,229,200,29,12.8,2.1,12156365
3409,121,56365,Otis,2013,484,484,0,2.43,229,199,30,12.97,2.11,12156365
3410,121,56365,Otis,2014,487,487,0,2.45,229,199,30,13.2,2.13,12156365
3411,121,56365,Otis,2015,490,490,0,2.48,229,198,31,13.56,2.14,12156365
3412,121,56365,Otis,2016,494,494,0,2.5,230,198,32,13.98,2.15,12156365
3413,121,56365,Otis,2017,499,499,0,2.52,231,198,33,14.4,2.16,12156365
3414,121,56365,Otis,2018,503,503,0,2.55,232,198,34,14.78,2.17,12156365
3415,121,56365,Otis,2019,506,506,0,2.57,233,197,36,15.45,2.17,12156365
3416,121,56365,Otis,2020,511,511,0,2.59,234,197,37,15.81,2.18,12156365
3417,121,56365,Otis,2021,517,517,0,2.61,235,198,37,15.74,2.2,12156365
3418,121,56365,Otis,2022,514,514,0,2.6,235,198,37,15.74,2.19,12156365
3419,121,56365,Otis,2023,514,514,0,2.6,235,198,37,15.74,2.19,12156365
3420,121,56365,Otis,2024,502,502,0,2.55,234,197,37,15.81,2.15,12156365
3421,91,56420,Ouray,2010,1003,1003,0,2.19,802,458,344,42.89,1.25,9156420
3422,91,56420,Ouray,2011,970,970,0,2.18,795,444,351,44.13,1.22,9156420
3423,91,56420,Ouray,2012,974,974,0,2.18,787,448,339,43.12,1.24,9156420
3424,91,56420,Ouray,2013,966,966,0,2.17,779,445,334,42.82,1.24,9156420
3425,91,56420,Ouray,2014,947,947,0,2.16,771,438,333,43.17,1.23,9156420
3426,91,56420,Ouray,2015,928,928,0,2.15,763,431,332,43.51,1.22,9156420
3427,91,56420,Ouray,2016,958,958,0,2.15,756,446,310,40.99,1.27,9156420
3428,91,56420,Ouray,2017,937,937,0,2.14,756,438,318,42.06,1.24,9156420
3429,91,56420,Ouray,2018,902,902,0,2.13,750,423,327,43.57,1.2,9156420
3430,91,56420,Ouray,2019,923,923,0,2.12,752,435,317,42.15,1.23,9156420
3431,91,56420,Ouray,2020,898,898,0,2.11,752,425,327,43.48,1.19,9156420
3432,91,56420,Ouray,2021,923,923,0,2.16,758,428,330,43.54,1.22,9156420
3433,91,56420,Ouray,2022,928,928,0,2.13,772,436,336,43.52,1.2,9156420
3434,91,56420,Ouray,2023,918,918,0,2.09,776,439,337,43.43,1.18,9156420
3435,91,56420,Ouray,2024,910,910,0,2.05,783,443,340,43.42,1.16,9156420
3436,115,56475,Ovid,2010,316,316,0,2.47,162,128,34,21.02,1.95,11556475
3437,115,56475,Ovid,2011,305,305,0,2.26,162,135,27,16.55,1.88,11556475
3438,115,56475,Ovid,2012,302,302,0,2.24,162,135,27,16.84,1.86,11556475
3439,115,56475,Ovid,2013,300,300,0,2.22,163,135,28,17.25,1.84,11556475
3440,115,56475,Ovid,2014,295,295,0,2.2,163,134,29,17.73,1.81,11556475
3441,115,56475,Ovid,2015,292,292,0,2.18,163,133,30,18.12,1.79,11556475
3442,115,56475,Ovid,2016,288,288,0,2.17,163,133,30,18.46,1.77,11556475
3443,115,56475,Ovid,2017,285,285,0,2.15,164,133,31,19.05,1.74,11556475
3444,115,56475,Ovid,2018,280,280,0,2.13,164,132,32,19.67,1.71,11556475
3445,115,56475,Ovid,2019,276,276,0,2.11,164,131,33,20.12,1.68,11556475
3446,115,56475,Ovid,2020,270,270,0,2.08,164,130,34,20.73,1.65,11556475
3447,115,56475,Ovid,2021,263,263,0,2.02,164,130,34,20.73,1.6,11556475
3448,115,56475,Ovid,2022,260,260,0,2,164,130,34,20.73,1.59,11556475
3449,115,56475,Ovid,2023,267,267,0,2.02,167,132,35,20.96,1.6,11556475
3450,115,56475,Ovid,2024,261,261,0,1.98,167,132,35,20.96,1.56,11556475
3451,7,56860,Pagosa Springs,2010,1724,1658,66,2.32,945,715,230,24.34,1.75,756860
3452,7,56860,Pagosa Springs,2011,1700,1636,64,2.33,934,703,231,24.74,1.75,756860
3453,7,56860,Pagosa Springs,2012,1649,1587,62,2.34,929,679,250,26.87,1.71,756860
3454,7,56860,Pagosa Springs,2013,1619,1559,60,2.34,925,665,260,28.09,1.69,756860
3455,7,56860,Pagosa Springs,2014,1601,1543,58,2.35,933,656,277,29.71,1.65,756860
3456,7,56860,Pagosa Springs,2015,1581,1525,56,2.36,933,646,287,30.8,1.63,756860
3457,7,56860,Pagosa Springs,2016,1589,1535,54,2.37,939,648,291,31.02,1.63,756860
3458,7,56860,Pagosa Springs,2017,1593,1541,52,2.38,941,648,293,31.15,1.64,756860
3459,7,56860,Pagosa Springs,2018,1588,1538,50,2.39,946,644,302,31.92,1.63,756860
3460,7,56860,Pagosa Springs,2019,1584,1536,48,2.4,958,641,317,33.09,1.6,756860
3461,7,56860,Pagosa Springs,2020,1577,1533,44,2.41,964,637,327,33.92,1.59,756860
3462,7,56860,Pagosa Springs,2021,1633,1595,38,2.44,990,654,336,33.94,1.61,756860
3463,7,56860,Pagosa Springs,2022,1670,1636,34,2.42,1021,675,346,33.89,1.6,756860
3464,7,56860,Pagosa Springs,2023,1729,1691,38,2.42,1059,700,359,33.9,1.6,756860
3465,7,56860,Pagosa Springs,2024,1748,1709,39,2.38,1088,719,369,33.92,1.57,756860
3466,77,56970,Palisade,2010,2721,2606,115,2.21,1278,1178,100,7.82,2.04,7756970
3467,77,56970,Palisade,2011,2715,2603,113,2.2,1278,1183,95,7.47,2.04,7756970
3468,77,56970,Palisade,2012,2715,2604,110,2.19,1285,1190,95,7.42,2.03,7756970
3469,77,56970,Palisade,2013,2694,2586,108,2.18,1287,1187,100,7.75,2.01,7756970
3470,77,56970,Palisade,2014,2674,2568,105,2.17,1284,1186,98,7.66,2,7756970
3471,77,56970,Palisade,2015,2671,2552,119,2.15,1281,1184,97,7.55,1.99,7756970
3472,77,56970,Palisade,2016,2672,2555,117,2.14,1277,1192,85,6.67,2,7756970
3473,77,56970,Palisade,2017,2659,2544,115,2.13,1268,1193,75,5.91,2.01,7756970
3474,77,56970,Palisade,2018,2649,2537,112,2.12,1262,1196,66,5.25,2.01,7756970
3475,77,56970,Palisade,2019,2626,2516,110,2.11,1259,1192,67,5.32,2,7756970
3476,77,56970,Palisade,2020,2563,2487,76,2.1,1256,1187,69,5.5,1.98,7756970
3477,77,56970,Palisade,2021,2568,2509,59,2.09,1271,1201,70,5.5,1.97,7756970
3478,77,56970,Palisade,2022,2588,2531,57,2.06,1300,1229,71,5.5,1.95,7756970
3479,77,56970,Palisade,2023,2601,2545,56,2.04,1318,1245,73,5.5,1.93,7756970
3480,77,56970,Palisade,2024,2611,2543,68,2.04,1317,1245,72,5.5,1.93,7756970
3481,41,57025,Palmer Lake,2010,2433,2430,3,2.53,1080,960,120,11.11,2.25,4157025
3482,41,57025,Palmer Lake,2011,2467,2464,3,2.52,1079,976,103,9.53,2.28,4157025
3483,41,57025,Palmer Lake,2012,2486,2483,3,2.52,1080,986,94,8.66,2.3,4157025
3484,41,57025,Palmer Lake,2013,2495,2492,3,2.51,1083,993,90,8.32,2.3,4157025
3485,41,57025,Palmer Lake,2014,2490,2487,3,2.5,1090,994,96,8.84,2.28,4157025
3486,41,57025,Palmer Lake,2015,2513,2510,3,2.5,1097,1006,91,8.33,2.29,4157025
3487,41,57025,Palmer Lake,2016,2551,2548,3,2.49,1104,1024,80,7.26,2.31,4157025
3488,41,57025,Palmer Lake,2017,2583,2580,3,2.48,1116,1040,76,6.82,2.31,4157025
3489,41,57025,Palmer Lake,2018,2619,2616,3,2.47,1128,1057,71,6.25,2.32,4157025
3490,41,57025,Palmer Lake,2019,2632,2629,3,2.47,1144,1065,79,6.91,2.3,4157025
3491,41,57025,Palmer Lake,2020,2629,2629,0,2.45,1159,1074,85,7.35,2.27,4157025
3492,41,57025,Palmer Lake,2021,2645,2645,0,2.43,1177,1090,87,7.35,2.25,4157025
3493,41,57025,Palmer Lake,2022,2651,2651,0,2.4,1194,1106,88,7.35,2.22,4157025
3494,41,57025,Palmer Lake,2023,2655,2655,0,2.39,1200,1112,88,7.35,2.21,4157025
3495,41,57025,Palmer Lake,2024,2656,2656,0,2.38,1202,1114,88,7.35,2.21,4157025
3496,95,57245,Paoli,2010,34,34,0,2.33,21,15,6,30.43,1.62,9557245
3497,95,57245,Paoli,2011,39,39,0,2.14,21,18,3,13.73,1.86,9557245
3498,95,57245,Paoli,2012,39,39,0,2.15,21,18,3,12.64,1.86,9557245
3499,95,57245,Paoli,2013,40,40,0,2.15,21,18,3,12.67,1.9,9557245
3500,95,57245,Paoli,2014,40,40,0,2.16,21,19,2,11.31,1.9,9557245
3501,95,57245,Paoli,2015,41,41,0,2.17,21,19,2,10.47,1.95,9557245
3502,95,57245,Paoli,2016,44,44,0,2.18,22,20,2,9.05,2,9557245
3503,95,57245,Paoli,2017,45,45,0,2.19,22,20,2,6.97,2.05,9557245
3504,95,57245,Paoli,2018,48,48,0,2.2,23,22,1,5.37,2.09,9557245
3505,95,57245,Paoli,2019,49,49,0,2.23,23,22,1,4.35,2.13,9557245
3506,95,57245,Paoli,2020,51,51,0,2.22,23,23,0,0,2.22,9557245
3507,95,57245,Paoli,2021,51,51,0,2.22,23,23,0,0,2.22,9557245
3508,95,57245,Paoli,2022,50,50,0,2.17,23,23,0,0,2.17,9557245
3509,95,57245,Paoli,2023,50,50,0,2.17,23,23,0,0,2.17,9557245
3510,95,57245,Paoli,2024,50,50,0,2.17,23,23,0,0,2.17,9557245
3511,29,57300,Paonia,2010,1450,1413,37,2.15,744,657,87,11.69,1.9,2957300
3512,29,57300,Paonia,2011,1425,1387,38,2.15,742,646,96,12.91,1.87,2957300
3513,29,57300,Paonia,2012,1420,1381,39,2.14,741,644,97,13.03,1.86,2957300
3514,29,57300,Paonia,2013,1417,1377,40,2.14,740,644,96,13,1.86,2957300
3515,29,57300,Paonia,2014,1391,1350,40,2.14,740,632,108,14.55,1.82,2957300
3516,29,57300,Paonia,2015,1377,1336,41,2.13,738,627,111,15.08,1.81,2957300
3517,29,57300,Paonia,2016,1389,1347,42,2.13,735,633,102,13.87,1.83,2957300
3518,29,57300,Paonia,2017,1394,1351,43,2.12,735,636,99,13.43,1.84,2957300
3519,29,57300,Paonia,2018,1426,1383,44,2.12,747,652,95,12.71,1.85,2957300
3520,29,57300,Paonia,2019,1431,1387,44,2.12,748,655,93,12.43,1.85,2957300
3521,29,57300,Paonia,2020,1448,1384,64,2.11,749,655,94,12.55,1.85,2957300
3522,29,57300,Paonia,2021,1467,1402,65,2.13,751,657,94,12.52,1.87,2957300
3523,29,57300,Paonia,2022,1466,1405,61,2.13,754,659,95,12.6,1.86,2957300
3524,29,57300,Paonia,2023,1469,1423,46,2.16,754,659,95,12.6,1.89,2957300
3525,29,57300,Paonia,2024,1475,1428,47,2.16,755,660,95,12.58,1.89,2957300
3526,45,57400,Parachute,2010,1084,1084,0,2.94,537,368,169,31.42,2.02,4557400
3527,45,57400,Parachute,2011,1149,1149,0,2.9,538,395,143,26.49,2.14,4557400
3528,45,57400,Parachute,2012,1165,1165,0,2.89,539,403,136,25.15,2.16,4557400
3529,45,57400,Parachute,2013,1186,1186,0,2.87,539,413,126,23.37,2.2,4557400
3530,45,57400,Parachute,2014,1206,1206,0,2.86,539,423,116,21.61,2.24,4557400
3531,45,57400,Parachute,2015,1228,1228,0,2.84,539,433,106,19.73,2.28,4557400
3532,45,57400,Parachute,2016,1256,1256,0,2.82,539,445,94,17.39,2.33,4557400
3533,45,57400,Parachute,2017,1283,1283,0,2.8,538,457,81,14.98,2.38,4557400
3534,45,57400,Parachute,2018,1316,1316,0,2.79,539,472,67,12.39,2.44,4557400
3535,45,57400,Parachute,2019,1350,1350,0,2.77,541,487,54,9.98,2.5,4557400
3536,45,57400,Parachute,2020,1390,1389,1,2.76,542,504,38,7.01,2.56,4557400
3537,45,57400,Parachute,2021,1387,1386,1,2.74,543,505,38,7,2.55,4557400
3538,45,57400,Parachute,2022,1378,1377,1,2.71,547,509,38,6.95,2.52,4557400
3539,45,57400,Parachute,2023,1376,1375,1,2.7,547,509,38,6.95,2.51,4557400
3540,45,57400,Parachute,2024,1375,1374,1,2.69,548,510,38,6.93,2.51,4557400
3541,35,57630,Parker,2010,45489,45451,38,2.84,16574,15981,593,3.58,2.74,3557630
3542,35,57630,Parker,2011,46201,46159,42,2.84,16670,16236,434,2.6,2.77,3557630
3543,35,57630,Parker,2012,47031,46985,46,2.84,16837,16533,304,1.81,2.79,3557630
3544,35,57630,Parker,2013,48279,48231,48,2.84,17230,16972,258,1.49,2.8,3557630
3545,35,57630,Parker,2014,49327,49275,52,2.84,17534,17350,184,1.05,2.81,3557630
3546,35,57630,Parker,2015,50859,50804,55,2.84,18153,17906,247,1.36,2.8,3557630
3547,35,57630,Parker,2016,52938,52880,59,2.83,18868,18686,182,0.96,2.8,3557630
3548,35,57630,Parker,2017,54564,54502,62,2.83,19524,19274,250,1.28,2.79,3557630
3549,35,57630,Parker,2018,55675,55609,65,2.82,20271,19710,561,2.77,2.74,3557630
3550,35,57630,Parker,2019,57504,57435,69,2.81,21106,20414,692,3.28,2.72,3557630
3551,35,57630,Parker,2020,58918,58596,322,2.8,21577,20898,679,3.15,2.72,3557630
3552,35,57630,Parker,2021,60387,60077,310,2.79,22209,21510,699,3.15,2.71,3557630
3553,35,57630,Parker,2022,61373,61061,312,2.77,22770,22053,717,3.15,2.68,3557630
3554,35,57630,Parker,2023,64202,63888,314,2.74,24116,23357,759,3.15,2.65,3557630
3555,35,57630,Parker,2024,66704,66368,336,2.73,25122,24331,791,3.15,2.64,3557630
3556,75,58235,Peetz,2010,238,238,0,2.48,105,96,9,8.49,2.27,7558235
3557,75,58235,Peetz,2011,244,244,0,2.44,105,100,5,4.76,2.32,7558235
3558,75,58235,Peetz,2012,241,241,0,2.43,105,99,6,5.34,2.3,7558235
3559,75,58235,Peetz,2013,239,239,0,2.41,105,99,6,5.89,2.28,7558235
3560,75,58235,Peetz,2014,235,235,0,2.4,105,98,7,6.71,2.24,7558235
3561,75,58235,Peetz,2015,232,232,0,2.39,105,97,8,7.58,2.21,7558235
3562,75,58235,Peetz,2016,230,230,0,2.37,106,97,9,8.65,2.17,7558235
3563,75,58235,Peetz,2017,226,226,0,2.36,106,96,10,9.52,2.13,7558235
3564,75,58235,Peetz,2018,222,222,0,2.34,106,95,11,10.45,2.09,7558235
3565,75,58235,Peetz,2019,218,218,0,2.34,106,93,13,12.26,2.06,7558235
3566,75,58235,Peetz,2020,213,213,0,2.32,106,92,14,13.21,2.01,7558235
3567,75,58235,Peetz,2021,212,212,0,2.3,106,92,14,13.21,2,7558235
3568,75,58235,Peetz,2022,209,209,0,2.27,106,92,14,13.21,1.97,7558235
3569,75,58235,Peetz,2023,207,207,0,2.25,106,92,14,13.21,1.95,7558235
3570,75,58235,Peetz,2024,207,207,0,2.25,106,92,14,13.21,1.95,7558235
3571,123,59005,Pierce,2010,836,836,0,2.67,337,313,24,7.12,2.48,12359005
3572,123,59005,Pierce,2011,874,874,0,2.68,349,326,23,6.57,2.5,12359005
3573,123,59005,Pierce,2012,910,910,0,2.69,360,339,21,5.92,2.53,12359005
3574,123,59005,Pierce,2013,949,949,0,2.7,372,352,20,5.34,2.55,12359005
3575,123,59005,Pierce,2014,990,990,0,2.7,384,366,18,4.63,2.58,12359005
3576,123,59005,Pierce,2015,1030,1030,0,2.71,396,380,16,4.1,2.6,12359005
3577,123,59005,Pierce,2016,1070,1070,0,2.72,409,393,16,3.82,2.62,12359005
3578,123,59005,Pierce,2017,1120,1120,0,2.73,426,410,16,3.67,2.63,12359005
3579,123,59005,Pierce,2018,1123,1123,0,2.74,429,410,19,4.38,2.62,12359005
3580,123,59005,Pierce,2019,1107,1107,0,2.74,427,404,23,5.39,2.59,12359005
3581,123,59005,Pierce,2020,1096,1096,0,2.75,426,399,27,6.34,2.57,12359005
3582,123,59005,Pierce,2021,1098,1098,0,2.72,430,403,27,6.28,2.55,12359005
3583,123,59005,Pierce,2022,1096,1096,0,2.72,430,403,27,6.28,2.55,12359005
3584,123,59005,Pierce,2023,1093,1093,0,2.71,430,403,27,6.28,2.54,12359005
3585,123,59005,Pierce,2024,1086,1086,0,2.69,430,403,27,6.28,2.53,12359005
3586,51,59830,Pitkin,2010,66,66,0,1.94,214,34,180,84.11,0.31,5159830
3587,51,59830,Pitkin,2011,66,66,0,1.99,211,33,178,84.35,0.31,5159830
3588,51,59830,Pitkin,2012,64,64,0,2.03,207,31,176,84.9,0.31,5159830
3589,51,59830,Pitkin,2013,62,62,0,2.08,204,30,174,85.38,0.3,5159830
3590,51,59830,Pitkin,2014,64,64,0,2.13,199,30,169,84.76,0.32,5159830
3591,51,59830,Pitkin,2015,72,72,0,2.17,195,33,162,82.96,0.37,5159830
3592,51,59830,Pitkin,2016,77,77,0,2.22,190,35,155,81.7,0.41,5159830
3593,51,59830,Pitkin,2017,84,84,0,2.26,185,37,148,79.99,0.45,5159830
3594,51,59830,Pitkin,2018,83,83,0,2.31,180,36,144,79.98,0.46,5159830
3595,51,59830,Pitkin,2019,85,85,0,2.36,175,36,139,79.43,0.49,5159830
3596,51,59830,Pitkin,2020,72,72,0,2.4,170,30,140,82.35,0.42,5159830
3597,51,59830,Pitkin,2021,73,73,0,2.43,170,30,140,82.35,0.43,5159830
3598,51,59830,Pitkin,2022,72,72,0,2.4,170,30,140,82.35,0.42,5159830
3599,51,59830,Pitkin,2023,70,70,0,2.33,170,30,140,82.35,0.41,5159830
3600,51,59830,Pitkin,2024,69,69,0,2.3,171,30,141,82.46,0.4,5159830
3601,123,60160,Platteville,2010,2492,2492,0,2.88,937,865,72,7.68,2.66,12360160
3602,123,60160,Platteville,2011,2521,2521,0,2.89,936,872,64,6.82,2.69,12360160
3603,123,60160,Platteville,2012,2552,2552,0,2.9,935,880,55,5.89,2.73,12360160
3604,123,60160,Platteville,2013,2602,2602,0,2.91,942,894,48,5.09,2.76,12360160
3605,123,60160,Platteville,2014,2697,2697,0,2.92,964,923,41,4.21,2.8,12360160
3606,123,60160,Platteville,2015,2759,2759,0,2.93,976,941,35,3.54,2.83,12360160
3607,123,60160,Platteville,2016,2902,2902,0,2.94,1019,987,32,3.14,2.85,12360160
3608,123,60160,Platteville,2017,2972,2972,0,2.95,1037,1008,29,2.84,2.87,12360160
3609,123,60160,Platteville,2018,2974,2974,0,2.96,1038,1005,33,3.19,2.87,12360160
3610,123,60160,Platteville,2019,2966,2966,0,2.97,1038,999,39,3.76,2.86,12360160
3611,123,60160,Platteville,2020,2953,2953,0,2.97,1034,993,41,3.97,2.86,12360160
3612,123,60160,Platteville,2021,2930,2930,0,2.95,1034,993,41,3.97,2.83,12360160
3613,123,60160,Platteville,2022,2925,2925,0,2.95,1034,993,41,3.97,2.83,12360160
3614,123,60160,Platteville,2023,2919,2919,0,2.94,1034,993,41,3.97,2.82,12360160
3615,123,60160,Platteville,2024,2899,2899,0,2.92,1034,993,41,3.97,2.8,12360160
3616,15,60600,Poncha Springs,2010,736,736,0,2.3,362,320,42,11.6,2.03,1560600
3617,15,60600,Poncha Springs,2011,723,723,0,2.28,358,317,41,11.52,2.02,1560600
3618,15,60600,Poncha Springs,2012,704,704,0,2.27,352,311,41,11.75,2,1560600
3619,15,60600,Poncha Springs,2013,697,697,0,2.25,350,310,40,11.54,1.99,1560600
3620,15,60600,Poncha Springs,2014,678,678,0,2.23,345,303,42,12.08,1.97,1560600
3621,15,60600,Poncha Springs,2015,669,669,0,2.22,344,302,42,12.31,1.94,1560600
3622,15,60600,Poncha Springs,2016,697,697,0,2.2,360,317,43,12.06,1.94,1560600
3623,15,60600,Poncha Springs,2017,770,770,0,2.19,400,352,48,11.94,1.93,1560600
3624,15,60600,Poncha Springs,2018,835,835,0,2.17,438,384,54,12.23,1.91,1560600
3625,15,60600,Poncha Springs,2019,861,861,0,2.15,457,400,57,12.47,1.88,1560600
3626,15,60600,Poncha Springs,2020,953,953,0,2.14,511,446,65,12.72,1.86,1560600
3627,15,60600,Poncha Springs,2021,1101,1101,0,2.13,591,516,75,12.69,1.86,1560600
3628,15,60600,Poncha Springs,2022,1270,1270,0,2.07,703,614,89,12.66,1.81,1560600
3629,15,60600,Poncha Springs,2023,1395,1395,0,2.04,783,683,100,12.77,1.78,1560600
3630,15,60600,Poncha Springs,2024,1409,1409,0,2.03,796,695,101,12.69,1.77,1560600
3631,9,61315,Pritchett,2010,140,140,0,2.82,65,50,15,23.68,2.15,961315
3632,9,61315,Pritchett,2011,135,135,0,2.44,65,55,10,14.76,2.08,961315
3633,9,61315,Pritchett,2012,131,131,0,2.43,65,54,11,17.28,2.02,961315
3634,9,61315,Pritchett,2013,127,127,0,2.38,65,53,12,17.89,1.95,961315
3635,9,61315,Pritchett,2014,124,124,0,2.33,65,53,12,18.52,1.91,961315
3636,9,61315,Pritchett,2015,121,121,0,2.31,65,53,12,19.17,1.86,961315
3637,9,61315,Pritchett,2016,119,119,0,2.29,65,52,13,19.86,1.83,961315
3638,9,61315,Pritchett,2017,118,118,0,2.32,65,51,14,21.43,1.82,961315
3639,9,61315,Pritchett,2018,118,118,0,2.34,65,51,14,22.2,1.82,961315
3640,9,61315,Pritchett,2019,117,117,0,2.34,65,50,15,23.08,1.8,961315
3641,9,61315,Pritchett,2020,111,111,0,2.36,65,47,18,27.69,1.71,961315
3642,9,61315,Pritchett,2021,111,111,0,2.36,65,47,18,27.69,1.71,961315
3643,9,61315,Pritchett,2022,109,109,0,2.32,65,47,18,27.69,1.68,961315
3644,9,61315,Pritchett,2023,107,107,0,2.28,65,47,18,27.69,1.65,961315
3645,9,61315,Pritchett,2024,106,106,0,2.26,65,47,18,27.69,1.63,961315
3646,101,62000,Pueblo,2010,106881,102836,4045,2.37,47653,43411,4242,8.9,2.16,10162000
3647,101,62000,Pueblo,2011,106822,103193,3629,2.37,47709,43548,4161,8.72,2.16,10162000
3648,101,62000,Pueblo,2012,107123,103333,3790,2.37,47717,43591,4126,8.65,2.17,10162000
3649,101,62000,Pueblo,2013,107287,103550,3737,2.37,47864,43664,4200,8.77,2.16,10162000
3650,101,62000,Pueblo,2014,107441,103771,3670,2.37,47981,43739,4242,8.84,2.16,10162000
3651,101,62000,Pueblo,2015,108466,104828,3638,2.37,47998,44166,3832,7.98,2.18,10162000
3652,101,62000,Pueblo,2016,109514,105896,3618,2.37,48125,44599,3526,7.33,2.2,10162000
3653,101,62000,Pueblo,2017,110361,106643,3717,2.38,48146,44897,3249,6.75,2.21,10162000
3654,101,62000,Pueblo,2018,110994,107305,3689,2.38,48238,45158,3080,6.38,2.22,10162000
3655,101,62000,Pueblo,2019,111508,107826,3682,2.38,48543,45359,3184,6.56,2.22,10162000
3656,101,62000,Pueblo,2020,111778,108689,3089,2.38,48857,45697,3160,6.47,2.22,10162000
3657,101,62000,Pueblo,2021,112119,109137,2982,2.37,49249,46063,3186,6.47,2.22,10162000
3658,101,62000,Pueblo,2022,112301,109098,3203,2.35,49552,46347,3205,6.47,2.2,10162000
3659,101,62000,Pueblo,2023,112479,109171,3308,2.34,49833,46610,3223,6.47,2.19,10162000
3660,101,62000,Pueblo,2024,112659,109210,3449,2.34,49999,46765,3234,6.47,2.18,10162000
3661,41,62660,Ramah,2010,124,124,0,2.21,68,56,12,17.65,1.82,4162660
3662,41,62660,Ramah,2011,125,125,0,2.21,67,56,11,15.77,1.87,4162660
3663,41,62660,Ramah,2012,126,126,0,2.21,67,57,10,14.94,1.88,4162660
3664,41,62660,Ramah,2013,124,124,0,2.2,66,56,10,15,1.88,4162660
3665,41,62660,Ramah,2014,121,121,0,2.2,66,55,11,16.65,1.83,4162660
3666,41,62660,Ramah,2015,119,119,0,2.2,65,54,11,16.42,1.83,4162660
3667,41,62660,Ramah,2016,119,119,0,2.19,64,54,10,15.01,1.86,4162660
3668,41,62660,Ramah,2017,119,119,0,2.19,64,55,9,14.8,1.86,4162660
3669,41,62660,Ramah,2018,118,118,0,2.18,63,54,9,14.27,1.87,4162660
3670,41,62660,Ramah,2019,117,117,0,2.21,64,53,11,17.19,1.83,4162660
3671,41,62660,Ramah,2020,110,110,0,2.16,63,51,12,19.05,1.75,4162660
3672,41,62660,Ramah,2021,110,110,0,2.16,63,51,12,19.05,1.75,4162660
3673,41,62660,Ramah,2022,110,110,0,2.16,63,51,12,19.05,1.75,4162660
3674,41,62660,Ramah,2023,110,110,0,2.16,63,51,12,19.05,1.75,4162660
3675,41,62660,Ramah,2024,110,110,0,2.16,63,51,12,19.05,1.75,4162660
3676,103,62880,Rangely,2010,2349,2162,187,2.3,1089,942,147,13.5,1.99,10362880
3677,103,62880,Rangely,2011,2630,2356,274,2.46,1098,957,141,12.87,2.15,10362880
3678,103,62880,Rangely,2012,2693,2341,352,2.46,1107,950,157,14.18,2.11,10362880
3679,103,62880,Rangely,2013,2652,2322,330,2.47,1109,942,167,15.09,2.09,10362880
3680,103,62880,Rangely,2014,2530,2299,232,2.47,1112,932,180,16.22,2.07,10362880
3681,103,62880,Rangely,2015,2495,2280,215,2.47,1115,923,192,17.19,2.04,10362880
3682,103,62880,Rangely,2016,2468,2252,215,2.47,1115,911,204,18.26,2.02,10362880
3683,103,62880,Rangely,2017,2402,2223,179,2.47,1116,899,217,19.45,1.99,10362880
3684,103,62880,Rangely,2018,2397,2191,206,2.47,1117,886,231,20.72,1.96,10362880
3685,103,62880,Rangely,2019,2313,2153,160,2.47,1118,870,248,22.18,1.93,10362880
3686,103,62880,Rangely,2020,2290,2112,178,2.47,1118,854,264,23.61,1.89,10362880
3687,103,62880,Rangely,2021,2245,2098,147,2.45,1119,855,264,23.59,1.87,10362880
3688,103,62880,Rangely,2022,2286,2120,166,2.48,1119,855,264,23.59,1.89,10362880
3689,103,62880,Rangely,2023,2274,2109,165,2.47,1119,855,264,23.59,1.88,10362880
3690,103,62880,Rangely,2024,2275,2112,163,2.47,1120,856,264,23.57,1.89,10362880
3691,123,63045,Raymer,2010,96,96,0,2.59,55,37,18,32.73,1.75,12363045
3692,123,63045,Raymer,2011,100,100,0,2.6,54,39,15,28.55,1.85,12363045
3693,123,63045,Raymer,2012,104,104,0,2.6,53,40,13,24.2,1.96,12363045
3694,123,63045,Raymer,2013,108,108,0,2.6,52,41,11,20.46,2.08,12363045
3695,123,63045,Raymer,2014,111,111,0,2.61,51,43,8,16.54,2.18,12363045
3696,123,63045,Raymer,2015,115,115,0,2.61,51,44,7,13.53,2.25,12363045
3697,123,63045,Raymer,2016,115,115,0,2.61,50,44,6,11.59,2.3,12363045
3698,123,63045,Raymer,2017,115,115,0,2.61,49,44,5,10.11,2.35,12363045
3699,123,63045,Raymer,2018,112,112,0,2.62,48,43,5,10.84,2.33,12363045
3700,123,63045,Raymer,2019,111,111,0,2.64,48,42,6,12.5,2.31,12363045
3701,123,63045,Raymer,2020,110,110,0,2.62,48,42,6,12.5,2.29,12363045
3702,123,63045,Raymer,2021,109,109,0,2.6,48,42,6,12.5,2.27,12363045
3703,123,63045,Raymer,2022,109,109,0,2.6,48,42,6,12.5,2.27,12363045
3704,123,63045,Raymer,2023,109,109,0,2.6,48,42,6,12.5,2.27,12363045
3705,123,63045,Raymer,2024,108,108,0,2.57,48,42,6,12.5,2.25,12363045
3706,37,63265,Red Cliff,2010,266,266,0,2.72,118,98,20,17.02,2.25,3763265
3707,37,63265,Red Cliff,2011,223,223,0,2.27,118,98,20,16.67,1.89,3763265
3708,37,63265,Red Cliff,2012,223,223,0,2.27,118,98,20,16.72,1.89,3763265
3709,37,63265,Red Cliff,2013,223,223,0,2.27,118,98,20,16.78,1.89,3763265
3710,37,63265,Red Cliff,2014,226,226,0,2.26,120,100,20,16.85,1.88,3763265
3711,37,63265,Red Cliff,2015,237,237,0,2.26,126,105,21,16.86,1.88,3763265
3712,37,63265,Red Cliff,2016,237,237,0,2.26,126,105,21,16.92,1.88,3763265
3713,37,63265,Red Cliff,2017,232,232,0,2.26,124,103,21,17.07,1.87,3763265
3714,37,63265,Red Cliff,2018,241,241,0,2.26,129,107,22,17.13,1.87,3763265
3715,37,63265,Red Cliff,2019,242,242,0,2.24,130,108,22,16.92,1.86,3763265
3716,37,63265,Red Cliff,2020,255,255,0,2.24,137,114,23,16.79,1.86,3763265
3717,37,63265,Red Cliff,2021,247,247,0,2.17,137,114,23,16.79,1.8,3763265
3718,37,63265,Red Cliff,2022,246,246,0,2.12,139,116,23,16.55,1.77,3763265
3719,37,63265,Red Cliff,2023,246,246,0,2.07,143,119,24,16.78,1.72,3763265
3720,37,63265,Red Cliff,2024,242,242,0,2.03,143,119,24,16.78,1.69,3763265
3721,33,64090,Rico,2010,264,264,0,2.03,219,130,89,40.48,1.21,3364090
3722,33,64090,Rico,2011,371,371,0,2.11,219,176,43,19.76,1.69,3364090
3723,33,64090,Rico,2012,351,351,0,2.1,219,167,52,23.63,1.6,3364090
3724,33,64090,Rico,2013,342,342,0,2.09,220,164,56,25.6,1.55,3364090
3725,33,64090,Rico,2014,332,332,0,2.08,220,160,60,27.33,1.51,3364090
3726,33,64090,Rico,2015,322,322,0,2.06,221,156,65,29.31,1.46,3364090
3727,33,64090,Rico,2016,313,313,0,2.05,221,153,68,30.94,1.42,3364090
3728,33,64090,Rico,2017,305,305,0,2.04,221,149,72,32.4,1.38,3364090
3729,33,64090,Rico,2018,294,294,0,2.03,221,145,76,34.37,1.33,3364090
3730,33,64090,Rico,2019,291,291,0,2.02,222,144,78,35.14,1.31,3364090
3731,33,64090,Rico,2020,291,291,0,2.01,226,145,81,35.84,1.29,3364090
3732,33,64090,Rico,2021,301,301,0,2.02,232,149,83,35.78,1.3,3364090
3733,33,64090,Rico,2022,317,317,0,2.07,238,153,85,35.71,1.33,3364090
3734,33,64090,Rico,2023,328,328,0,2.13,240,154,86,35.83,1.37,3364090
3735,33,64090,Rico,2024,330,330,0,2.04,252,162,90,35.71,1.31,3364090
3736,91,64200,Ridgway,2010,925,925,0,2.29,511,404,107,20.94,1.81,9164200
3737,91,64200,Ridgway,2011,933,933,0,2.28,517,409,108,20.85,1.8,9164200
3738,91,64200,Ridgway,2012,950,950,0,2.27,521,418,103,19.69,1.82,9164200
3739,91,64200,Ridgway,2013,961,961,0,2.26,524,425,99,18.88,1.83,9164200
3740,91,64200,Ridgway,2014,978,978,0,2.25,532,434,98,18.36,1.84,9164200
3741,91,64200,Ridgway,2015,1002,1002,0,2.24,544,447,97,17.82,1.84,9164200
3742,91,64200,Ridgway,2016,1039,1039,0,2.23,555,465,90,16.15,1.87,9164200
3743,91,64200,Ridgway,2017,1067,1067,0,2.22,571,480,91,15.92,1.87,9164200
3744,91,64200,Ridgway,2018,1128,1128,0,2.21,606,510,96,15.82,1.86,9164200
3745,91,64200,Ridgway,2019,1170,1170,0,2.2,623,532,91,14.61,1.88,9164200
3746,91,64200,Ridgway,2020,1185,1185,0,2.19,630,541,89,14.13,1.88,9164200
3747,91,64200,Ridgway,2021,1219,1219,0,2.23,636,546,90,14.15,1.92,9164200
3748,91,64200,Ridgway,2022,1217,1217,0,2.2,643,552,91,14.15,1.89,9164200
3749,91,64200,Ridgway,2023,1286,1286,0,2.17,690,592,98,14.2,1.86,9164200
3750,91,64200,Ridgway,2024,1317,1317,0,2.13,720,618,102,14.17,1.83,9164200
3751,45,64255,Rifle,2010,9137,9002,135,2.75,3696,3268,428,11.57,2.44,4564255
3752,45,64255,Rifle,2011,9503,9361,141,2.81,3699,3331,368,9.94,2.53,4564255
3753,45,64255,Rifle,2012,9553,9411,143,2.82,3699,3342,357,9.64,2.54,4564255
3754,45,64255,Rifle,2013,9636,9483,153,2.82,3701,3361,340,9.19,2.56,4564255
3755,45,64255,Rifle,2014,9716,9565,151,2.83,3708,3383,325,8.76,2.58,4564255
3756,45,64255,Rifle,2015,9803,9648,156,2.83,3714,3406,308,8.29,2.6,4564255
3757,45,64255,Rifle,2016,9924,9766,158,2.84,3726,3441,285,7.64,2.62,4564255
3758,45,64255,Rifle,2017,10039,9877,163,2.84,3734,3474,260,6.97,2.65,4564255
3759,45,64255,Rifle,2018,10158,9992,166,2.85,3740,3508,232,6.22,2.67,4564255
3760,45,64255,Rifle,2019,10266,10096,170,2.85,3744,3537,207,5.53,2.7,4564255
3761,45,64255,Rifle,2020,10446,10273,173,2.86,3757,3591,166,4.42,2.73,4564255
3762,45,64255,Rifle,2021,10577,10430,147,2.85,3830,3661,169,4.41,2.72,4564255
3763,45,64255,Rifle,2022,10583,10437,146,2.81,3886,3714,172,4.43,2.69,4564255
3764,45,64255,Rifle,2023,10613,10457,156,2.8,3901,3728,173,4.43,2.68,4564255
3765,45,64255,Rifle,2024,10674,10505,169,2.8,3925,3751,174,4.43,2.68,4564255
3766,43,64970,Rockvale,2010,487,487,0,2.31,237,211,26,11.01,2.05,4364970
3767,43,64970,Rockvale,2011,512,512,0,2.4,241,213,28,11.67,2.12,4364970
3768,43,64970,Rockvale,2012,511,511,0,2.39,242,213,29,11.87,2.11,4364970
3769,43,64970,Rockvale,2013,512,512,0,2.39,244,215,29,12.08,2.1,4364970
3770,43,64970,Rockvale,2014,510,510,0,2.38,245,215,30,12.4,2.08,4364970
3771,43,64970,Rockvale,2015,507,507,0,2.37,245,214,31,12.58,2.07,4364970
3772,43,64970,Rockvale,2016,504,504,0,2.36,245,214,31,12.79,2.06,4364970
3773,43,64970,Rockvale,2017,509,509,0,2.35,248,216,32,12.79,2.05,4364970
3774,43,64970,Rockvale,2018,508,508,0,2.34,248,217,31,12.65,2.05,4364970
3775,43,64970,Rockvale,2019,506,506,0,2.33,248,217,31,12.5,2.04,4364970
3776,43,64970,Rockvale,2020,513,513,0,2.32,252,221,31,12.3,2.04,4364970
3777,43,64970,Rockvale,2021,531,531,0,2.35,258,226,32,12.4,2.06,4364970
3778,43,64970,Rockvale,2022,550,550,0,2.32,270,237,33,12.22,2.04,4364970
3779,43,64970,Rockvale,2023,562,562,0,2.3,278,244,34,12.23,2.02,4364970
3780,43,64970,Rockvale,2024,562,562,0,2.29,280,245,35,12.5,2.01,4364970
3781,89,65190,Rocky Ford,2010,3958,3888,70,2.42,1854,1607,247,13.32,2.1,8965190
3782,89,65190,Rocky Ford,2011,4033,3964,70,2.4,1854,1652,202,10.87,2.14,8965190
3783,89,65190,Rocky Ford,2012,4014,3944,70,2.39,1854,1647,207,11.17,2.13,8965190
3784,89,65190,Rocky Ford,2013,3993,3924,69,2.39,1854,1641,213,11.48,2.12,8965190
3785,89,65190,Rocky Ford,2014,3972,3902,69,2.39,1854,1635,219,11.84,2.1,8965190
3786,89,65190,Rocky Ford,2015,3969,3900,69,2.38,1854,1636,218,11.76,2.1,8965190
3787,89,65190,Rocky Ford,2016,3934,3877,57,2.38,1854,1629,225,12.13,2.09,8965190
3788,89,65190,Rocky Ford,2017,3906,3850,57,2.38,1854,1620,234,12.62,2.08,8965190
3789,89,65190,Rocky Ford,2018,3890,3831,59,2.37,1854,1615,239,12.9,2.07,8965190
3790,89,65190,Rocky Ford,2019,3863,3807,56,2.37,1854,1607,247,13.32,2.05,8965190
3791,89,65190,Rocky Ford,2020,3874,3770,104,2.36,1854,1595,259,13.97,2.03,8965190
3792,89,65190,Rocky Ford,2021,3853,3751,102,2.35,1854,1595,259,13.97,2.02,8965190
3793,89,65190,Rocky Ford,2022,3798,3695,103,2.32,1854,1595,259,13.97,1.99,8965190
3794,89,65190,Rocky Ford,2023,3773,3669,104,2.3,1855,1596,259,13.96,1.98,8965190
3795,89,65190,Rocky Ford,2024,3749,3637,112,2.26,1869,1608,261,13.96,1.95,8965190
3796,21,65740,Romeo,2010,405,405,0,4.09,117,99,18,15.38,3.46,2165740
3797,21,65740,Romeo,2011,320,320,0,3.04,118,106,12,10.56,2.71,2165740
3798,21,65740,Romeo,2012,319,319,0,3,119,106,13,10.73,2.68,2165740
3799,21,65740,Romeo,2013,317,317,0,2.96,120,107,13,10.88,2.64,2165740
3800,21,65740,Romeo,2014,315,315,0,2.93,121,108,13,11.04,2.6,2165740
3801,21,65740,Romeo,2015,313,313,0,2.89,122,108,14,11.15,2.57,2165740
3802,21,65740,Romeo,2016,311,311,0,2.85,123,109,14,11.42,2.53,2165740
3803,21,65740,Romeo,2017,308,308,0,2.81,124,110,14,11.64,2.48,2165740
3804,21,65740,Romeo,2018,306,306,0,2.78,125,110,15,11.93,2.45,2165740
3805,21,65740,Romeo,2019,303,303,0,2.73,126,111,15,11.9,2.4,2165740
3806,21,65740,Romeo,2020,301,301,0,2.69,127,112,15,11.81,2.37,2165740
3807,21,65740,Romeo,2021,305,305,0,2.7,128,113,15,11.72,2.38,2165740
3808,21,65740,Romeo,2022,305,305,0,2.65,130,115,15,11.54,2.35,2165740
3809,21,65740,Romeo,2023,303,303,0,2.61,132,116,16,12.12,2.3,2165740
3810,21,65740,Romeo,2024,303,303,0,2.59,133,117,16,12.03,2.28,2165740
3811,101,66895,Rye,2010,153,153,0,2.15,115,71,44,38.26,1.33,10166895
3812,101,66895,Rye,2011,157,157,0,2.18,115,72,43,37.39,1.37,10166895
3813,101,66895,Rye,2012,160,160,0,2.21,115,72,43,36.97,1.39,10166895
3814,101,66895,Rye,2013,160,160,0,2.24,114,71,43,37.41,1.4,10166895
3815,101,66895,Rye,2014,161,161,0,2.26,114,71,43,37.58,1.41,10166895
3816,101,66895,Rye,2015,173,173,0,2.29,114,75,39,33.82,1.52,10166895
3817,101,66895,Rye,2016,182,182,0,2.32,114,79,35,30.93,1.6,10166895
3818,101,66895,Rye,2017,191,191,0,2.34,114,82,32,28.38,1.68,10166895
3819,101,66895,Rye,2018,198,198,0,2.37,114,84,30,26.74,1.74,10166895
3820,101,66895,Rye,2019,200,200,0,2.38,115,84,31,26.96,1.74,10166895
3821,101,66895,Rye,2020,206,206,0,2.42,116,85,31,26.72,1.78,10166895
3822,101,66895,Rye,2021,206,206,0,2.42,116,85,31,26.72,1.78,10166895
3823,101,66895,Rye,2022,206,206,0,2.42,116,85,31,26.72,1.78,10166895
3824,101,66895,Rye,2023,206,206,0,2.42,116,85,31,26.72,1.78,10166895
3825,101,66895,Rye,2024,206,206,0,2.42,116,85,31,26.72,1.78,10166895
3826,109,67005,Saguache,2010,485,467,18,2.08,327,225,102,31.3,1.43,10967005
3827,109,67005,Saguache,2011,544,524,20,1.97,327,266,61,18.74,1.6,10967005
3828,109,67005,Saguache,2012,546,525,21,1.98,327,265,62,18.88,1.61,10967005
3829,109,67005,Saguache,2013,548,526,23,1.99,327,265,62,19.1,1.61,10967005
3830,109,67005,Saguache,2014,551,526,24,1.99,327,264,63,19.28,1.61,10967005
3831,109,67005,Saguache,2015,553,527,26,2,327,263,64,19.44,1.61,10967005
3832,109,67005,Saguache,2016,556,528,28,2.01,327,263,64,19.54,1.61,10967005
3833,109,67005,Saguache,2017,557,528,29,2.01,327,262,65,19.86,1.61,10967005
3834,109,67005,Saguache,2018,556,526,31,2.02,327,260,67,20.54,1.61,10967005
3835,109,67005,Saguache,2019,555,523,32,2.04,327,257,70,21.41,1.6,10967005
3836,109,67005,Saguache,2020,530,521,9,2.04,327,256,71,21.71,1.59,10967005
3837,109,67005,Saguache,2021,533,524,9,2.05,327,256,71,21.71,1.6,10967005
3838,109,67005,Saguache,2022,530,521,9,2.04,327,256,71,21.71,1.59,10967005
3839,109,67005,Saguache,2023,527,518,9,2.02,327,256,71,21.71,1.58,10967005
3840,109,67005,Saguache,2024,522,513,9,2,327,256,71,21.71,1.57,10967005
3841,15,67280,Salida,2010,5239,5064,175,2.01,2901,2516,385,13.27,1.75,1567280
3842,15,67280,Salida,2011,5260,5086,174,2.01,2908,2525,383,13.18,1.75,1567280
3843,15,67280,Salida,2012,5231,5058,173,2.02,2912,2510,402,13.82,1.74,1567280
3844,15,67280,Salida,2013,5261,5089,171,2.02,2926,2524,402,13.75,1.74,1567280
3845,15,67280,Salida,2014,5248,5078,170,2.02,2945,2516,429,14.58,1.72,1567280
3846,15,67280,Salida,2015,5305,5136,169,2.02,2992,2542,450,15.04,1.72,1567280
3847,15,67280,Salida,2016,5414,5246,168,2.02,3049,2594,455,14.91,1.72,1567280
3848,15,67280,Salida,2017,5575,5408,167,2.02,3141,2672,469,14.93,1.72,1567280
3849,15,67280,Salida,2018,5695,5529,166,2.03,3228,2729,499,15.46,1.71,1567280
3850,15,67280,Salida,2019,5719,5554,165,2.03,3262,2739,523,16.03,1.7,1567280
3851,15,67280,Salida,2020,5692,5594,98,2.03,3303,2762,541,16.38,1.69,1567280
3852,15,67280,Salida,2021,5797,5727,70,2.02,3384,2829,555,16.4,1.69,1567280
3853,15,67280,Salida,2022,5925,5851,74,1.96,3567,2982,585,16.4,1.64,1567280
3854,15,67280,Salida,2023,6016,5946,70,1.93,3675,3073,602,16.38,1.62,1567280
3855,15,67280,Salida,2024,6119,6044,75,1.92,3760,3144,616,16.38,1.61,1567280
3856,21,67830,Sanford,2010,881,881,0,3.07,328,287,41,12.57,2.69,2167830
3857,21,67830,Sanford,2011,868,868,0,2.88,330,302,28,8.58,2.63,2167830
3858,21,67830,Sanford,2012,868,868,0,2.87,331,302,29,8.66,2.62,2167830
3859,21,67830,Sanford,2013,867,867,0,2.86,332,303,29,8.73,2.61,2167830
3860,21,67830,Sanford,2014,867,867,0,2.86,333,304,29,8.8,2.6,2167830
3861,21,67830,Sanford,2015,868,868,0,2.85,334,304,30,8.83,2.6,2167830
3862,21,67830,Sanford,2016,869,869,0,2.84,336,306,30,8.98,2.59,2167830
3863,21,67830,Sanford,2017,871,871,0,2.83,338,307,31,9.09,2.58,2167830
3864,21,67830,Sanford,2018,873,873,0,2.83,340,309,31,9.24,2.57,2167830
3865,21,67830,Sanford,2019,874,874,0,2.82,342,310,32,9.36,2.56,2167830
3866,21,67830,Sanford,2020,880,880,0,2.81,345,313,32,9.28,2.55,2167830
3867,21,67830,Sanford,2021,900,900,0,2.83,351,318,33,9.4,2.56,2167830
3868,21,67830,Sanford,2022,899,899,0,2.78,356,323,33,9.27,2.53,2167830
3869,21,67830,Sanford,2023,888,888,0,2.72,360,327,33,9.17,2.47,2167830
3870,21,67830,Sanford,2024,892,892,0,2.7,364,330,34,9.34,2.45,2167830
3871,23,68105,San Luis,2010,624,624,0,2.55,332,245,87,26.18,1.88,2368105
3872,23,68105,San Luis,2011,590,590,0,2.21,336,267,69,20.48,1.76,2368105
3873,23,68105,San Luis,2012,595,595,0,2.2,339,270,69,20.31,1.76,2368105
3874,23,68105,San Luis,2013,601,601,0,2.19,343,274,69,20.16,1.75,2368105
3875,23,68105,San Luis,2014,601,601,0,2.19,343,275,68,19.88,1.75,2368105
3876,23,68105,San Luis,2015,601,601,0,2.18,343,276,67,19.6,1.75,2368105
3877,23,68105,San Luis,2016,601,601,0,2.17,343,277,66,19.32,1.75,2368105
3878,23,68105,San Luis,2017,603,603,0,2.17,344,278,66,19.06,1.75,2368105
3879,23,68105,San Luis,2018,603,603,0,2.16,344,279,65,18.8,1.75,2368105
3880,23,68105,San Luis,2019,595,595,0,2.16,344,276,68,19.77,1.73,2368105
3881,23,68105,San Luis,2020,600,588,12,2.13,344,276,68,19.77,1.71,2368105
3882,23,68105,San Luis,2021,619,607,12,2.2,344,276,68,19.77,1.76,2368105
3883,23,68105,San Luis,2022,619,607,12,2.2,344,276,68,19.77,1.76,2368105
3884,23,68105,San Luis,2023,622,610,12,2.21,344,276,68,19.77,1.77,2368105
3885,23,68105,San Luis,2024,632,620,12,2.25,344,276,68,19.77,1.8,2368105
3886,113,68655,Sawpit,2010,40,40,0,3.19,16,13,3,21.74,2.5,11368655
3887,113,68655,Sawpit,2011,29,29,0,2.21,16,13,3,18.85,1.81,11368655
3888,113,68655,Sawpit,2012,29,29,0,2.22,16,13,3,17.41,1.81,11368655
3889,113,68655,Sawpit,2013,30,30,0,2.22,16,13,3,15.97,1.88,11368655
3890,113,68655,Sawpit,2014,30,30,0,2.22,16,14,2,14.52,1.88,11368655
3891,113,68655,Sawpit,2015,31,31,0,2.22,16,14,2,13.13,1.94,11368655
3892,113,68655,Sawpit,2016,33,33,0,2.23,17,15,2,11.65,1.94,11368655
3893,113,68655,Sawpit,2017,34,34,0,2.23,17,15,2,10.15,2,11368655
3894,113,68655,Sawpit,2018,37,37,0,2.23,18,16,2,8.66,2.06,11368655
3895,113,68655,Sawpit,2019,37,37,0,2.18,18,17,1,5.56,2.06,11368655
3896,113,68655,Sawpit,2020,38,38,0,2.24,18,17,1,5.56,2.11,11368655
3897,113,68655,Sawpit,2021,38,38,0,2.24,18,17,1,5.56,2.11,11368655
3898,113,68655,Sawpit,2022,37,37,0,2.18,18,17,1,5.56,2.06,11368655
3899,113,68655,Sawpit,2023,36,36,0,2.12,18,17,1,5.56,2,11368655
3900,113,68655,Sawpit,2024,39,39,0,2.05,20,19,1,5,1.95,11368655
3901,115,68930,Sedgwick,2010,145,145,0,1.9,112,76,36,31.82,1.29,11568930
3902,115,68930,Sedgwick,2011,165,165,0,1.97,112,84,28,25.18,1.47,11568930
3903,115,68930,Sedgwick,2012,167,167,0,2.01,112,83,29,25.76,1.49,11568930
3904,115,68930,Sedgwick,2013,168,168,0,2.04,112,82,30,26.52,1.5,11568930
3905,115,68930,Sedgwick,2014,169,169,0,2.08,112,81,31,27.4,1.51,11568930
3906,115,68930,Sedgwick,2015,170,170,0,2.12,112,80,32,28.14,1.52,11568930
3907,115,68930,Sedgwick,2016,171,171,0,2.15,112,80,32,28.82,1.53,11568930
3908,115,68930,Sedgwick,2017,172,172,0,2.19,112,79,33,29.9,1.54,11568930
3909,115,68930,Sedgwick,2018,172,172,0,2.22,112,77,35,31.02,1.54,11568930
3910,115,68930,Sedgwick,2019,172,172,0,2.26,112,76,36,32.14,1.54,11568930
3911,115,68930,Sedgwick,2020,171,171,0,2.28,112,75,37,33.04,1.53,11568930
3912,115,68930,Sedgwick,2021,167,167,0,2.23,112,75,37,33.04,1.49,11568930
3913,115,68930,Sedgwick,2022,165,165,0,2.2,112,75,37,33.04,1.47,11568930
3914,115,68930,Sedgwick,2023,166,166,0,2.21,112,75,37,33.04,1.48,11568930
3915,115,68930,Sedgwick,2024,163,163,0,2.17,112,75,37,33.04,1.46,11568930
3916,63,69040,Seibert,2010,181,181,0,3.35,75,54,21,27.97,2.41,6369040
3917,63,69040,Seibert,2011,127,127,0,2.13,75,60,15,20.34,1.69,6369040
3918,63,69040,Seibert,2012,129,129,0,2.13,75,60,15,19.39,1.72,6369040
3919,63,69040,Seibert,2013,130,130,0,2.13,75,61,14,18.47,1.73,6369040
3920,63,69040,Seibert,2014,159,159,0,2.14,98,75,23,23.95,1.62,6369040
3921,63,69040,Seibert,2015,164,164,0,2.14,100,77,23,23.31,1.64,6369040
3922,63,69040,Seibert,2016,167,167,0,2.14,100,78,22,22.14,1.67,6369040
3923,63,69040,Seibert,2017,169,169,0,2.14,100,79,21,21.01,1.69,6369040
3924,63,69040,Seibert,2018,170,170,0,2.14,100,79,21,20.58,1.7,6369040
3925,63,69040,Seibert,2019,172,172,0,2.15,100,80,20,20,1.72,6369040
3926,63,69040,Seibert,2020,172,172,0,2.15,99,80,19,19.19,1.74,6369040
3927,63,69040,Seibert,2021,168,168,0,2.1,99,80,19,19.19,1.7,6369040
3928,63,69040,Seibert,2022,172,172,0,2.1,101,82,19,18.81,1.7,6369040
3929,63,69040,Seibert,2023,175,175,0,2.13,102,82,20,19.61,1.72,6369040
3930,63,69040,Seibert,2024,175,175,0,2.13,102,82,20,19.61,1.72,6369040
3931,123,69150,Severance,2010,3174,3174,0,2.86,1161,1108,53,4.57,2.73,12369150
3932,123,69150,Severance,2011,3272,3272,0,2.89,1182,1133,49,4.12,2.77,12369150
3933,123,69150,Severance,2012,3373,3373,0,2.91,1203,1159,44,3.63,2.8,12369150
3934,123,69150,Severance,2013,3463,3463,0,2.93,1220,1181,39,3.21,2.84,12369150
3935,123,69150,Severance,2014,3614,3614,0,2.96,1257,1223,34,2.72,2.88,12369150
3936,123,69150,Severance,2015,3845,3845,0,2.98,1322,1291,31,2.35,2.91,12369150
3937,123,69150,Severance,2016,4178,4178,0,3,1423,1393,30,2.13,2.94,12369150
3938,123,69150,Severance,2017,4440,4440,0,3.02,1499,1469,30,1.99,2.96,12369150
3939,123,69150,Severance,2018,5217,5217,0,3.04,1754,1713,41,2.31,2.97,12369150
3940,123,69150,Severance,2019,6572,6572,0,3.07,2205,2143,62,2.81,2.98,12369150
3941,123,69150,Severance,2020,8055,8055,0,3.09,2694,2610,84,3.12,2.99,12369150
3942,123,69150,Severance,2021,9678,9678,0,3.06,3263,3161,102,3.13,2.97,12369150
3943,123,69150,Severance,2022,10639,10639,0,3.06,3592,3480,112,3.12,2.96,12369150
3944,123,69150,Severance,2023,11096,11096,0,3.05,3755,3638,117,3.12,2.95,12369150
3945,123,69150,Severance,2024,11570,11570,0,3.03,3942,3819,123,3.12,2.94,12369150
3946,5,69645,Sheridan,2010,5671,5671,0,2.54,2455,2232,223,9.08,2.31,569645
3947,5,69645,Sheridan,2011,5759,5759,0,2.53,2458,2273,185,7.54,2.34,569645
3948,5,69645,Sheridan,2012,5885,5885,0,2.53,2464,2329,135,5.49,2.39,569645
3949,5,69645,Sheridan,2013,5972,5972,0,2.52,2464,2370,94,3.83,2.42,569645
3950,5,69645,Sheridan,2014,5991,5991,0,2.51,2469,2383,86,3.49,2.43,569645
3951,5,69645,Sheridan,2015,6068,6068,0,2.51,2477,2419,58,2.34,2.45,569645
3952,5,69645,Sheridan,2016,6102,6102,0,2.5,2492,2439,53,2.13,2.45,569645
3953,5,69645,Sheridan,2017,6062,6062,0,2.5,2524,2429,95,3.75,2.4,569645
3954,5,69645,Sheridan,2018,6154,6154,0,2.49,2575,2474,101,3.93,2.39,569645
3955,5,69645,Sheridan,2019,6136,6136,0,2.48,2603,2474,129,4.96,2.36,569645
3956,5,69645,Sheridan,2020,6085,6085,0,2.46,2635,2469,166,6.3,2.31,569645
3957,5,69645,Sheridan,2021,6083,6083,0,2.47,2631,2465,166,6.3,2.31,569645
3958,5,69645,Sheridan,2022,6083,6083,0,2.47,2631,2465,166,6.3,2.31,569645
3959,5,69645,Sheridan,2023,6083,6083,0,2.47,2631,2465,166,6.3,2.31,569645
3960,5,69645,Sheridan,2024,6076,6076,0,2.47,2627,2462,165,6.3,2.31,569645
3961,61,69700,Sheridan Lake,2010,88,88,0,3.53,37,25,12,32.56,2.38,6169700
3962,61,69700,Sheridan Lake,2011,86,86,0,3.05,38,28,10,25.48,2.26,6169700
3963,61,69700,Sheridan Lake,2012,84,84,0,3.05,38,27,11,27.87,2.21,6169700
3964,61,69700,Sheridan Lake,2013,80,80,0,3.05,38,26,12,31.02,2.11,6169700
3965,61,69700,Sheridan Lake,2014,75,75,0,3.05,38,24,14,35.75,1.97,6169700
3966,61,69700,Sheridan Lake,2015,72,72,0,3.05,38,24,14,37.95,1.89,6169700
3967,61,69700,Sheridan Lake,2016,69,69,0,3.05,38,23,15,40.2,1.82,6169700
3968,61,69700,Sheridan Lake,2017,66,66,0,3.05,38,22,16,43.32,1.74,6169700
3969,61,69700,Sheridan Lake,2018,63,63,0,3.05,38,21,17,45.73,1.66,6169700
3970,61,69700,Sheridan Lake,2019,60,60,0,3,38,20,18,47.37,1.58,6169700
3971,61,69700,Sheridan Lake,2020,55,55,0,3.06,38,18,20,52.63,1.45,6169700
3972,61,69700,Sheridan Lake,2021,55,55,0,3.06,38,18,20,52.63,1.45,6169700
3973,61,69700,Sheridan Lake,2022,55,55,0,3.06,39,18,21,53.85,1.41,6169700
3974,61,69700,Sheridan Lake,2023,54,54,0,2.84,40,19,21,52.5,1.35,6169700
3975,61,69700,Sheridan Lake,2024,56,56,0,2.95,40,19,21,52.5,1.4,6169700
3976,45,70195,Silt,2010,2917,2917,0,2.82,1136,1036,100,8.82,2.57,4570195
3977,45,70195,Silt,2011,3127,3127,0,2.97,1138,1052,86,7.58,2.75,4570195
3978,45,70195,Silt,2012,3158,3158,0,2.98,1145,1061,84,7.36,2.76,4570195
3979,45,70195,Silt,2013,3179,3179,0,2.98,1147,1066,81,7.02,2.77,4570195
3980,45,70195,Silt,2014,3216,3216,0,2.98,1155,1078,77,6.7,2.78,4570195
3981,45,70195,Silt,2015,3249,3249,0,2.99,1161,1087,74,6.35,2.8,4570195
3982,45,70195,Silt,2016,3295,3295,0,2.99,1170,1101,69,5.86,2.82,4570195
3983,45,70195,Silt,2017,3348,3348,0,3,1181,1118,63,5.36,2.83,4570195
3984,45,70195,Silt,2018,3415,3415,0,3,1196,1139,57,4.78,2.86,4570195
3985,45,70195,Silt,2019,3478,3478,0,3,1210,1158,52,4.3,2.87,4570195
3986,45,70195,Silt,2020,3542,3542,0,3.01,1219,1178,41,3.36,2.91,4570195
3987,45,70195,Silt,2021,3589,3589,0,3,1240,1198,42,3.39,2.89,4570195
3988,45,70195,Silt,2022,3707,3707,0,2.95,1299,1255,44,3.39,2.85,4570195
3989,45,70195,Silt,2023,3800,3800,0,2.95,1334,1289,45,3.37,2.85,4570195
3990,45,70195,Silt,2024,3816,3816,0,2.94,1342,1297,45,3.35,2.84,4570195
3991,27,70250,Silver Cliff,2010,610,610,0,2.16,369,282,87,23.51,1.65,2770250
3992,27,70250,Silver Cliff,2011,585,585,0,1.98,377,296,81,21.55,1.55,2770250
3993,27,70250,Silver Cliff,2012,583,583,0,1.98,377,294,83,21.97,1.55,2770250
3994,27,70250,Silver Cliff,2013,583,583,0,1.99,378,293,85,22.36,1.54,2770250
3995,27,70250,Silver Cliff,2014,581,581,0,1.99,378,292,86,22.75,1.54,2770250
3996,27,70250,Silver Cliff,2015,581,581,0,1.99,379,291,88,23.12,1.53,2770250
3997,27,70250,Silver Cliff,2016,584,584,0,2,382,292,90,23.51,1.53,2770250
3998,27,70250,Silver Cliff,2017,586,586,0,2,385,293,92,23.94,1.52,2770250
3999,27,70250,Silver Cliff,2018,600,600,0,2.01,396,299,97,24.42,1.52,2770250
4000,27,70250,Silver Cliff,2019,602,602,0,2.01,399,300,99,24.81,1.51,2770250
4001,27,70250,Silver Cliff,2020,609,609,0,2.01,404,303,101,25,1.51,2770250
4002,27,70250,Silver Cliff,2021,647,647,0,2.09,412,309,103,25,1.57,2770250
4003,27,70250,Silver Cliff,2022,678,678,0,2.14,423,317,106,25.06,1.6,2770250
4004,27,70250,Silver Cliff,2023,698,698,0,2.16,431,323,108,25.06,1.62,2770250
4005,27,70250,Silver Cliff,2024,697,697,0,2.12,439,329,110,25.06,1.59,2770250
4006,19,70360,Silver Plume,2010,170,170,0,2.01,146,85,61,42.07,1.16,1970360
4007,19,70360,Silver Plume,2011,182,182,0,2.01,146,90,56,38.11,1.25,1970360
4008,19,70360,Silver Plume,2012,181,181,0,2,146,91,55,37.8,1.24,1970360
4009,19,70360,Silver Plume,2013,183,183,0,1.98,146,92,54,36.89,1.25,1970360
4010,19,70360,Silver Plume,2014,185,185,0,1.97,146,94,52,35.68,1.27,1970360
4011,19,70360,Silver Plume,2015,190,190,0,1.96,146,97,49,33.58,1.3,1970360
4012,19,70360,Silver Plume,2016,194,194,0,1.94,147,100,47,31.9,1.32,1970360
4013,19,70360,Silver Plume,2017,201,201,0,1.93,147,104,43,28.91,1.37,1970360
4014,19,70360,Silver Plume,2018,200,200,0,1.91,147,104,43,28.97,1.36,1970360
4015,19,70360,Silver Plume,2019,201,201,0,1.9,147,106,41,27.89,1.37,1970360
4016,19,70360,Silver Plume,2020,206,200,6,1.87,147,107,40,27.21,1.36,1970360
4017,19,70360,Silver Plume,2021,207,201,6,1.88,147,107,40,27.21,1.37,1970360
4018,19,70360,Silver Plume,2022,202,196,6,1.83,147,107,40,27.21,1.33,1970360
4019,19,70360,Silver Plume,2023,197,191,6,1.79,147,107,40,27.21,1.3,1970360
4020,19,70360,Silver Plume,2024,195,189,6,1.77,147,107,40,27.21,1.29,1970360
4021,117,70525,Silverthorne,2010,3904,3902,2,2.68,2066,1457,609,29.48,1.89,11770525
4022,117,70525,Silverthorne,2011,3863,3861,2,2.67,2066,1445,621,30.03,1.87,11770525
4023,117,70525,Silverthorne,2012,3835,3833,2,2.66,2067,1439,628,30.39,1.85,11770525
4024,117,70525,Silverthorne,2013,3826,3823,3,2.66,2074,1439,635,30.62,1.84,11770525
4025,117,70525,Silverthorne,2014,3955,3953,3,2.65,2158,1492,666,30.86,1.83,11770525
4026,117,70525,Silverthorne,2015,3966,3963,3,2.64,2170,1499,671,30.91,1.83,11770525
4027,117,70525,Silverthorne,2016,4013,4009,3,2.64,2207,1521,686,31.08,1.82,11770525
4028,117,70525,Silverthorne,2017,4093,4090,3,2.63,2274,1556,718,31.56,1.8,11770525
4029,117,70525,Silverthorne,2018,4152,4149,4,2.62,2342,1584,758,32.37,1.77,11770525
4030,117,70525,Silverthorne,2019,4215,4211,4,2.61,2418,1613,805,33.29,1.74,11770525
4031,117,70525,Silverthorne,2020,4428,4405,23,2.59,2582,1704,878,34,1.71,11770525
4032,117,70525,Silverthorne,2021,4623,4600,23,2.54,2741,1809,932,34,1.68,11770525
4033,117,70525,Silverthorne,2022,4823,4800,23,2.47,2944,1943,1001,34,1.63,11770525
4034,117,70525,Silverthorne,2023,5011,4988,23,2.42,3120,2060,1060,33.97,1.6,11770525
4035,117,70525,Silverthorne,2024,5454,5431,23,2.46,3339,2204,1135,33.99,1.63,11770525
4036,111,70580,Silverton,2010,646,646,0,2,500,323,177,35.33,1.29,11170580
4037,111,70580,Silverton,2011,641,641,0,1.99,501,323,178,35.55,1.28,11170580
4038,111,70580,Silverton,2012,635,635,0,1.98,501,321,180,35.92,1.27,11170580
4039,111,70580,Silverton,2013,633,633,0,1.97,504,321,183,36.28,1.26,11170580
4040,111,70580,Silverton,2014,627,627,0,1.96,504,319,185,36.69,1.24,11170580
4041,111,70580,Silverton,2015,621,621,0,1.96,504,317,187,37.11,1.23,11170580
4042,111,70580,Silverton,2016,619,619,0,1.96,506,317,189,37.43,1.22,11170580
4043,111,70580,Silverton,2017,620,620,0,1.95,511,318,193,37.82,1.21,11170580
4044,111,70580,Silverton,2018,622,622,0,1.95,516,319,197,38.24,1.21,11170580
4045,111,70580,Silverton,2019,623,623,0,1.95,521,320,201,38.58,1.2,11170580
4046,111,70580,Silverton,2020,628,628,0,1.96,525,321,204,38.86,1.2,11170580
4047,111,70580,Silverton,2021,654,654,0,2.02,530,324,206,38.87,1.23,11170580
4048,111,70580,Silverton,2022,707,707,0,2.13,544,332,212,38.97,1.3,11170580
4049,111,70580,Silverton,2023,711,711,0,2.12,549,335,214,38.98,1.3,11170580
4050,111,70580,Silverton,2024,724,724,0,2.14,555,339,216,38.92,1.3,11170580
4051,39,70635,Simla,2010,618,588,30,2.66,266,221,45,16.92,2.21,3970635
4052,39,70635,Simla,2011,605,575,30,2.67,265,215,50,18.8,2.17,3970635
4053,39,70635,Simla,2012,598,568,30,2.68,264,212,52,19.85,2.15,3970635
4054,39,70635,Simla,2013,599,570,30,2.69,263,212,51,19.56,2.17,3970635
4055,39,70635,Simla,2014,615,585,30,2.7,262,216,46,17.4,2.23,3970635
4056,39,70635,Simla,2015,632,602,30,2.71,261,222,39,14.97,2.31,3970635
4057,39,70635,Simla,2016,630,600,29,2.72,259,220,39,14.91,2.32,3970635
4058,39,70635,Simla,2017,647,618,29,2.73,258,226,32,12.44,2.4,3970635
4059,39,70635,Simla,2018,647,618,29,2.75,257,225,32,12.41,2.4,3970635
4060,39,70635,Simla,2019,614,585,29,2.76,256,212,44,17.19,2.29,3970635
4061,39,70635,Simla,2020,602,582,20,2.77,255,210,45,17.65,2.28,3970635
4062,39,70635,Simla,2021,612,591,21,2.79,257,212,45,17.51,2.3,3970635
4063,39,70635,Simla,2022,602,584,18,2.75,258,212,46,17.83,2.26,3970635
4064,39,70635,Simla,2023,613,592,21,2.78,259,213,46,17.76,2.29,3970635
4065,39,70635,Simla,2024,580,580,0,2.72,259,213,46,17.76,2.24,3970635
4066,97,71755,Snowmass Village,2010,2826,2816,10,2.12,2355,1327,1028,43.65,1.2,9771755
4067,97,71755,Snowmass Village,2011,2994,2984,10,2.14,2379,1394,985,41.42,1.25,9771755
4068,97,71755,Snowmass Village,2012,3021,3011,10,2.15,2404,1400,1004,41.76,1.25,9771755
4069,97,71755,Snowmass Village,2013,3061,3051,10,2.16,2429,1412,1017,41.86,1.26,9771755
4070,97,71755,Snowmass Village,2014,3111,3101,10,2.17,2453,1429,1024,41.73,1.26,9771755
4071,97,71755,Snowmass Village,2015,3162,3152,10,2.18,2478,1446,1032,41.64,1.27,9771755
4072,97,71755,Snowmass Village,2016,3162,3152,10,2.19,2503,1440,1063,42.45,1.26,9771755
4073,97,71755,Snowmass Village,2017,3148,3138,10,2.2,2527,1429,1098,43.47,1.24,9771755
4074,97,71755,Snowmass Village,2018,3153,3143,10,2.21,2552,1425,1127,44.17,1.23,9771755
4075,97,71755,Snowmass Village,2019,3102,3092,10,2.21,2576,1396,1180,45.81,1.2,9771755
4076,97,71755,Snowmass Village,2020,3101,3091,10,2.23,2602,1389,1213,46.62,1.19,9771755
4077,97,71755,Snowmass Village,2021,3099,3089,10,2.21,2618,1397,1221,46.64,1.18,9771755
4078,97,71755,Snowmass Village,2022,3014,3004,10,2.14,2636,1407,1229,46.62,1.14,9771755
4079,97,71755,Snowmass Village,2023,3000,2990,10,2.08,2697,1439,1258,46.64,1.11,9771755
4080,97,71755,Snowmass Village,2024,2971,2961,10,2.05,2701,1441,1260,46.65,1.1,9771755
4081,105,72395,South Fork,2010,386,380,6,2.38,538,160,378,70.3,0.71,10572395
4082,105,72395,South Fork,2011,469,463,6,2.14,540,216,324,59.94,0.86,10572395
4083,105,72395,South Fork,2012,472,466,6,2.13,541,219,322,59.55,0.86,10572395
4084,105,72395,South Fork,2013,472,466,5,2.12,542,220,322,59.44,0.86,10572395
4085,105,72395,South Fork,2014,478,473,5,2.11,543,224,319,58.78,0.87,10572395
4086,105,72395,South Fork,2015,483,478,5,2.1,544,227,317,58.2,0.88,10572395
4087,105,72395,South Fork,2016,488,484,5,2.09,545,231,314,57.61,0.89,10572395
4088,105,72395,South Fork,2017,497,493,5,2.08,545,236,309,56.62,0.9,10572395
4089,105,72395,South Fork,2018,499,495,4,2.07,547,238,309,56.4,0.9,10572395
4090,105,72395,South Fork,2019,507,503,4,2.07,549,243,306,55.74,0.92,10572395
4091,105,72395,South Fork,2020,509,509,0,2.05,551,248,303,54.99,0.92,10572395
4092,105,72395,South Fork,2021,507,507,0,2.02,557,251,306,54.94,0.91,10572395
4093,105,72395,South Fork,2022,510,510,0,2,567,255,312,55.03,0.9,10572395
4094,105,72395,South Fork,2023,512,512,0,1.95,582,262,320,54.98,0.88,10572395
4095,105,72395,South Fork,2024,508,508,0,1.92,587,264,323,55.03,0.87,10572395
4096,9,73330,Springfield,2010,1454,1394,60,2.37,730,588,142,19.49,1.91,973330
4097,9,73330,Springfield,2011,1418,1361,57,2.12,732,643,89,12.15,1.86,973330
4098,9,73330,Springfield,2012,1399,1346,53,2.11,734,637,97,13.26,1.83,973330
4099,9,73330,Springfield,2013,1371,1320,50,2.07,734,637,97,13.25,1.8,973330
4100,9,73330,Springfield,2014,1340,1293,47,2.03,734,637,97,13.25,1.76,973330
4101,9,73330,Springfield,2015,1324,1280,44,2.01,734,637,97,13.24,1.74,973330
4102,9,73330,Springfield,2016,1311,1271,40,2,734,637,97,13.24,1.73,973330
4103,9,73330,Springfield,2017,1319,1281,37,2.02,735,634,101,13.79,1.74,973330
4104,9,73330,Springfield,2018,1325,1291,34,2.04,735,634,101,13.78,1.76,973330
4105,9,73330,Springfield,2019,1327,1296,31,2.04,735,634,101,13.74,1.76,973330
4106,9,73330,Springfield,2020,1325,1271,54,2.04,737,624,113,15.33,1.72,973330
4107,9,73330,Springfield,2021,1325,1277,48,2.04,738,625,113,15.31,1.73,973330
4108,9,73330,Springfield,2022,1305,1259,46,2.01,741,627,114,15.38,1.7,973330
4109,9,73330,Springfield,2023,1292,1250,42,1.98,746,632,114,15.28,1.68,973330
4110,9,73330,Springfield,2024,1319,1277,42,1.96,769,651,118,15.34,1.66,973330
4111,71,73715,Starkville,2010,59,59,0,1.94,41,30,11,25.71,1.44,7173715
4112,71,73715,Starkville,2011,73,73,0,2.27,41,32,9,21.11,1.78,7173715
4113,71,73715,Starkville,2012,72,72,0,2.27,41,32,9,22.76,1.76,7173715
4114,71,73715,Starkville,2013,70,70,0,2.28,41,31,10,24.98,1.71,7173715
4115,71,73715,Starkville,2014,69,69,0,2.28,41,30,11,26.34,1.68,7173715
4116,71,73715,Starkville,2015,68,68,0,2.28,41,30,11,27.37,1.66,7173715
4117,71,73715,Starkville,2016,67,67,0,2.29,41,29,12,28.39,1.63,7173715
4118,71,73715,Starkville,2017,66,66,0,2.29,41,29,12,29.47,1.61,7173715
4119,71,73715,Starkville,2018,65,65,0,2.29,41,28,13,30.73,1.59,7173715
4120,71,73715,Starkville,2019,64,64,0,2.29,41,28,13,31.71,1.56,7173715
4121,71,73715,Starkville,2020,62,62,0,2.3,41,27,14,34.15,1.51,7173715
4122,71,73715,Starkville,2021,62,62,0,2.3,41,27,14,34.15,1.51,7173715
4123,71,73715,Starkville,2022,62,62,0,2.3,41,27,14,34.15,1.51,7173715
4124,71,73715,Starkville,2023,62,62,0,2.3,41,27,14,34.15,1.51,7173715
4125,71,73715,Starkville,2024,61,61,0,2.26,41,27,14,34.15,1.49,7173715
4126,107,73825,Steamboat Springs,2010,12052,11774,278,2.4,9457,4915,4542,48.03,1.25,10773825
4127,107,73825,Steamboat Springs,2011,12201,11921,280,2.28,9473,5237,4236,44.72,1.26,10773825
4128,107,73825,Steamboat Springs,2012,12233,11958,275,2.28,9479,5241,4238,44.71,1.26,10773825
4129,107,73825,Steamboat Springs,2013,12284,12002,282,2.29,9492,5248,4244,44.71,1.26,10773825
4130,107,73825,Steamboat Springs,2014,12358,12072,285,2.29,9527,5267,4260,44.71,1.27,10773825
4131,107,73825,Steamboat Springs,2015,12477,12193,284,2.3,9608,5308,4300,44.76,1.27,10773825
4132,107,73825,Steamboat Springs,2016,12582,12295,287,2.3,9670,5340,4330,44.78,1.27,10773825
4133,107,73825,Steamboat Springs,2017,12720,12435,285,2.31,9771,5388,4383,44.85,1.27,10773825
4134,107,73825,Steamboat Springs,2018,12831,12545,286,2.31,9842,5424,4418,44.89,1.27,10773825
4135,107,73825,Steamboat Springs,2019,12974,12687,287,2.32,9944,5473,4471,44.96,1.28,10773825
4136,107,73825,Steamboat Springs,2020,13168,12858,310,2.32,10057,5553,4504,44.78,1.28,10773825
4137,107,73825,Steamboat Springs,2021,13272,13031,241,2.32,10166,5613,4553,44.79,1.28,10773825
4138,107,73825,Steamboat Springs,2022,13325,13026,299,2.27,10376,5729,4647,44.79,1.26,10773825
4139,107,73825,Steamboat Springs,2023,13305,12991,314,2.25,10468,5780,4688,44.78,1.24,10773825
4140,107,73825,Steamboat Springs,2024,13464,13088,376,2.19,10840,5985,4855,44.79,1.21,10773825
4141,75,73935,Sterling,2010,14350,10972,3378,2.34,5195,4685,510,9.81,2.11,7573935
4142,75,73935,Sterling,2011,14431,11094,3337,2.25,5197,4928,269,5.17,2.13,7573935
4143,75,73935,Sterling,2012,14347,11055,3293,2.25,5199,4916,283,5.45,2.13,7573935
4144,75,73935,Sterling,2013,14275,11024,3252,2.25,5202,4906,296,5.68,2.12,7573935
4145,75,73935,Sterling,2014,14191,10974,3217,2.24,5208,4889,319,6.13,2.11,7573935
4146,75,73935,Sterling,2015,14104,10927,3177,2.24,5215,4873,342,6.56,2.1,7573935
4147,75,73935,Sterling,2016,14000,10862,3139,2.24,5220,4849,371,7.11,2.08,7573935
4148,75,73935,Sterling,2017,13922,10823,3099,2.24,5225,4836,389,7.44,2.07,7573935
4149,75,73935,Sterling,2018,13837,10777,3060,2.24,5227,4820,407,7.78,2.06,7573935
4150,75,73935,Sterling,2019,13734,10714,3020,2.23,5238,4797,441,8.42,2.05,7573935
4151,75,73935,Sterling,2020,13411,10652,2759,2.23,5239,4780,459,8.76,2.03,7573935
4152,75,73935,Sterling,2021,13197,10613,2584,2.22,5236,4777,459,8.77,2.03,7573935
4153,75,73935,Sterling,2022,13070,10467,2603,2.19,5238,4779,459,8.76,2,7573935
4154,75,73935,Sterling,2023,12931,10364,2567,2.17,5238,4779,459,8.76,1.98,7573935
4155,75,73935,Sterling,2024,13037,10371,2666,2.17,5235,4776,459,8.77,1.98,7573935
4156,63,74485,Stratton,2010,658,652,6,2.5,315,261,54,17.05,2.07,6374485
4157,63,74485,Stratton,2011,635,628,7,2.29,315,275,40,12.79,1.99,6374485
4158,63,74485,Stratton,2012,641,635,7,2.31,315,275,40,12.58,2.02,6374485
4159,63,74485,Stratton,2013,646,641,4,2.32,315,276,39,12.38,2.03,6374485
4160,63,74485,Stratton,2014,620,615,5,2.34,315,263,52,16.61,1.95,6374485
4161,63,74485,Stratton,2015,622,619,3,2.36,315,262,53,16.74,1.97,6374485
4162,63,74485,Stratton,2016,631,625,6,2.38,315,263,52,16.5,1.98,6374485
4163,63,74485,Stratton,2017,663,632,31,2.4,315,264,51,16.26,2.01,6374485
4164,63,74485,Stratton,2018,658,634,23,2.41,315,263,52,16.58,2.01,6374485
4165,63,74485,Stratton,2019,653,638,15,2.44,315,262,53,16.83,2.03,6374485
4166,63,74485,Stratton,2020,654,641,13,2.45,315,262,53,16.83,2.03,6374485
4167,63,74485,Stratton,2021,640,627,13,2.39,315,262,53,16.83,1.99,6374485
4168,63,74485,Stratton,2022,646,633,13,2.42,315,262,53,16.83,2.01,6374485
4169,63,74485,Stratton,2023,647,634,13,2.42,315,262,53,16.83,2.01,6374485
4170,63,74485,Stratton,2024,650,637,13,2.43,315,262,53,16.83,2.02,6374485
4171,25,74815,Sugar City,2010,259,259,0,2.29,147,113,34,23.18,1.76,2574815
4172,25,74815,Sugar City,2011,272,272,0,2.23,147,122,25,17.27,1.85,2574815
4173,25,74815,Sugar City,2012,270,270,0,2.24,147,121,26,17.77,1.84,2574815
4174,25,74815,Sugar City,2013,270,270,0,2.24,147,121,26,18.01,1.84,2574815
4175,25,74815,Sugar City,2014,268,268,0,2.24,147,120,27,18.68,1.82,2574815
4176,25,74815,Sugar City,2015,264,264,0,2.24,147,118,29,19.93,1.8,2574815
4177,25,74815,Sugar City,2016,260,260,0,2.24,147,116,31,20.92,1.77,2574815
4178,25,74815,Sugar City,2017,259,259,0,2.24,148,116,32,21.79,1.75,2574815
4179,25,74815,Sugar City,2018,257,257,0,2.24,148,115,33,22.53,1.74,2574815
4180,25,74815,Sugar City,2019,256,256,0,2.25,148,114,34,22.97,1.73,2574815
4181,25,74815,Sugar City,2020,257,257,0,2.23,149,115,34,22.82,1.72,2574815
4182,25,74815,Sugar City,2021,267,267,0,2.3,150,116,34,22.67,1.78,2574815
4183,25,74815,Sugar City,2022,263,263,0,2.25,151,117,34,22.52,1.74,2574815
4184,25,74815,Sugar City,2023,251,251,0,2.15,151,117,34,22.52,1.66,2574815
4185,25,74815,Sugar City,2024,252,252,0,2.15,151,117,34,22.52,1.67,2574815
4186,13,75640,Superior (Part),2010,12497,12497,0,2.78,4698,4501,197,4.19,2.66,1375640
4187,13,75640,Superior (Part),2011,12572,12572,0,2.77,4700,4533,167,3.54,2.67,1375640
4188,13,75640,Superior (Part),2012,12655,12655,0,2.77,4701,4571,130,2.77,2.69,1375640
4189,13,75640,Superior (Part),2013,12689,12689,0,2.76,4703,4590,113,2.4,2.7,1375640
4190,13,75640,Superior (Part),2014,12676,12676,0,2.76,4710,4592,118,2.51,2.69,1375640
4191,13,75640,Superior (Part),2015,12782,12782,0,2.76,4725,4637,88,1.86,2.71,1375640
4192,13,75640,Superior (Part),2016,12964,12964,0,2.75,4796,4713,83,1.74,2.7,1375640
4193,13,75640,Superior (Part),2017,12934,12934,0,2.74,4828,4713,115,2.39,2.68,1375640
4194,13,75640,Superior (Part),2018,13071,13071,0,2.74,4902,4775,127,2.6,2.67,1375640
4195,13,75640,Superior (Part),2019,13006,13006,0,2.73,4968,4762,206,4.15,2.62,1375640
4196,13,75640,Superior (Part),2020,13080,13080,0,2.71,5049,4828,221,4.38,2.59,1375640
4197,13,75640,Superior (Part),2021,12903,12903,0,2.67,5062,4840,222,4.39,2.55,1375640
4198,13,75640,Superior (Part),2022,11998,11998,0,2.65,4741,4533,208,4.39,2.53,1375640
4199,13,75640,Superior (Part),2023,12593,12593,0,2.62,5034,4814,220,4.37,2.5,1375640
4200,13,75640,Superior (Part),2024,12801,12801,0,2.58,5193,4966,227,4.37,2.47,1375640
4201,59,75640,Superior (Part),2010,0,0,0,0,0,0,0,0,0,5975640
4202,59,75640,Superior (Part),2011,0,0,0,0,0,0,0,0,0,5975640
4203,59,75640,Superior (Part),2012,0,0,0,0,0,0,0,0,0,5975640
4204,59,75640,Superior (Part),2013,0,0,0,0,0,0,0,0,0,5975640
4205,59,75640,Superior (Part),2014,0,0,0,0,0,0,0,0,0,5975640
4206,59,75640,Superior (Part),2015,0,0,0,0,0,0,0,0,0,5975640
4207,59,75640,Superior (Part),2016,0,0,0,0,0,0,0,0,0,5975640
4208,59,75640,Superior (Part),2017,0,0,0,0,0,0,0,0,0,5975640
4209,59,75640,Superior (Part),2018,0,0,0,0,0,0,0,0,0,5975640
4210,59,75640,Superior (Part),2019,0,0,0,0,0,0,0,0,0,5975640
4211,59,75640,Superior (Part),2020,0,0,0,0,0,0,0,0,0,5975640
4212,59,75640,Superior (Part),2021,0,0,0,0,0,0,0,0,0,5975640
4213,59,75640,Superior (Part),2022,0,0,0,0,0,0,0,0,0,5975640
4214,59,75640,Superior (Part),2023,0,0,0,0,0,0,0,0,0,5975640
4215,59,75640,Superior (Part),2024,0,0,0,0,0,0,0,0,0,5975640
4216,999,75640,Superior (Total),2010,12497,12497,0,2.78,4698,4501,197,4.19,2.66,99975640
4217,999,75640,Superior (Total),2011,12572,12572,0,2.77,4700,4533,167,3.54,2.67,99975640
4218,999,75640,Superior (Total),2012,12655,12655,0,2.77,4701,4571,130,2.77,2.69,99975640
4219,999,75640,Superior (Total),2013,12689,12689,0,2.76,4703,4590,113,2.4,2.7,99975640
4220,999,75640,Superior (Total),2014,12676,12676,0,2.76,4710,4592,118,2.51,2.69,99975640
4221,999,75640,Superior (Total),2015,12782,12782,0,2.76,4725,4637,88,1.86,2.71,99975640
4222,999,75640,Superior (Total),2016,12964,12964,0,2.75,4796,4713,83,1.74,2.7,99975640
4223,999,75640,Superior (Total),2017,12934,12934,0,2.74,4828,4713,115,2.39,2.68,99975640
4224,999,75640,Superior (Total),2018,13071,13071,0,2.74,4902,4775,127,2.6,2.67,99975640
4225,999,75640,Superior (Total),2019,13006,13006,0,2.73,4968,4762,206,4.15,2.62,99975640
4226,999,75640,Superior (Total),2020,13080,13080,0,2.71,5049,4828,221,4.38,2.59,99975640
4227,999,75640,Superior (Total),2021,12903,12903,0,2.67,5062,4840,222,4.39,2.55,99975640
4228,999,75640,Superior (Total),2022,11998,11998,0,2.65,4741,4533,208,4.39,2.53,99975640
4229,999,75640,Superior (Total),2023,12593,12593,0,2.62,5034,4814,220,4.37,2.5,99975640
4230,999,75640,Superior (Total),2024,12801,12801,0,2.58,5193,4966,227,4.37,2.47,99975640
4231,89,75970,Swink,2010,617,617,0,2.51,284,246,38,13.29,2.17,8975970
4232,89,75970,Swink,2011,630,630,0,2.48,284,253,31,10.76,2.22,8975970
4233,89,75970,Swink,2012,627,627,0,2.48,284,253,31,10.98,2.21,8975970
4234,89,75970,Swink,2013,624,624,0,2.47,284,252,32,11.2,2.2,8975970
4235,89,75970,Swink,2014,621,621,0,2.47,284,251,33,11.46,2.19,8975970
4236,89,75970,Swink,2015,620,620,0,2.46,284,252,32,11.3,2.18,8975970
4237,89,75970,Swink,2016,617,617,0,2.46,284,251,33,11.56,2.17,8975970
4238,89,75970,Swink,2017,613,613,0,2.45,284,250,34,11.94,2.16,8975970
4239,89,75970,Swink,2018,611,611,0,2.45,284,250,34,12.12,2.15,8975970
4240,89,75970,Swink,2019,607,607,0,2.44,284,249,35,12.32,2.14,8975970
4241,89,75970,Swink,2020,604,604,0,2.44,285,248,37,12.98,2.12,8975970
4242,89,75970,Swink,2021,605,605,0,2.42,287,250,37,12.89,2.11,8975970
4243,89,75970,Swink,2022,600,600,0,2.39,289,251,38,13.15,2.08,8975970
4244,89,75970,Swink,2023,595,595,0,2.37,289,251,38,13.15,2.06,8975970
4245,89,75970,Swink,2024,588,588,0,2.33,290,252,38,13.1,2.03,8975970
4246,113,76795,Telluride,2010,2319,2319,0,2.08,2134,1113,1021,47.83,1.09,11376795
4247,113,76795,Telluride,2011,2539,2539,0,2.13,2152,1189,963,44.73,1.18,11376795
4248,113,76795,Telluride,2012,2543,2543,0,2.14,2156,1189,967,44.83,1.18,11376795
4249,113,76795,Telluride,2013,2551,2551,0,2.14,2164,1191,973,44.95,1.18,11376795
4250,113,76795,Telluride,2014,2554,2554,0,2.15,2169,1191,978,45.11,1.18,11376795
4251,113,76795,Telluride,2015,2559,2559,0,2.15,2189,1192,997,45.54,1.17,11376795
4252,113,76795,Telluride,2016,2569,2569,0,2.15,2203,1195,1008,45.76,1.17,11376795
4253,113,76795,Telluride,2017,2575,2575,0,2.15,2215,1197,1018,45.98,1.16,11376795
4254,113,76795,Telluride,2018,2589,2589,0,2.15,2240,1202,1038,46.36,1.16,11376795
4255,113,76795,Telluride,2019,2600,2600,0,2.16,2256,1205,1051,46.59,1.15,11376795
4256,113,76795,Telluride,2020,2599,2599,0,2.16,2264,1206,1058,46.73,1.15,11376795
4257,113,76795,Telluride,2021,2599,2599,0,2.15,2267,1208,1059,46.71,1.15,11376795
4258,113,76795,Telluride,2022,2554,2554,0,2.11,2276,1213,1063,46.7,1.12,11376795
4259,113,76795,Telluride,2023,2499,2499,0,2.05,2292,1221,1071,46.73,1.09,11376795
4260,113,76795,Telluride,2024,2460,2460,0,2.01,2295,1223,1072,46.71,1.07,11376795
4261,1,77290,Thornton (Part),2010,119753,119291,462,2.86,43460,41702,1758,4.05,2.74,177290
4262,1,77290,Thornton (Part),2011,122002,121538,464,2.86,43884,42433,1451,3.31,2.77,177290
4263,1,77290,Thornton (Part),2012,124107,123641,466,2.87,44325,43115,1210,2.73,2.79,177290
4264,1,77290,Thornton (Part),2013,126563,126094,469,2.87,44846,43917,929,2.07,2.81,177290
4265,1,77290,Thornton (Part),2014,128934,128463,470,2.87,45355,44688,667,1.47,2.83,177290
4266,1,77290,Thornton (Part),2015,131584,131111,473,2.88,45931,45559,372,0.81,2.85,177290
4267,1,77290,Thornton (Part),2016,134302,133827,474,2.88,46726,46446,280,0.6,2.86,177290
4268,1,77290,Thornton (Part),2017,136532,136056,476,2.88,47778,47172,606,1.27,2.85,177290
4269,1,77290,Thornton (Part),2018,138819,138340,479,2.89,48820,47932,888,1.82,2.83,177290
4270,1,77290,Thornton (Part),2019,140333,139853,480,2.89,49840,48426,1414,2.84,2.81,177290
4271,1,77290,Thornton (Part),2020,141844,141149,695,2.88,50900,49010,1890,3.71,2.77,177290
4272,1,77290,Thornton (Part),2021,142614,141862,752,2.83,52035,50103,1932,3.71,2.73,177290
4273,1,77290,Thornton (Part),2022,143043,142254,789,2.8,52746,50787,1959,3.71,2.7,177290
4274,1,77290,Thornton (Part),2023,144963,144155,808,2.79,53724,51729,1995,3.71,2.68,177290
4275,1,77290,Thornton (Part),2024,146866,146100,766,2.77,54819,52783,2036,3.71,2.67,177290
4276,123,77290,Thornton (Part),2010,0,0,0,0,0,0,0,0,0,12377290
4277,123,77290,Thornton (Part),2011,0,0,0,0,0,0,0,0,0,12377290
4278,123,77290,Thornton (Part),2012,0,0,0,0,0,0,0,0,0,12377290
4279,123,77290,Thornton (Part),2013,0,0,0,0,0,0,0,0,0,12377290
4280,123,77290,Thornton (Part),2014,0,0,0,0,0,0,0,0,0,12377290
4281,123,77290,Thornton (Part),2015,0,0,0,0,0,0,0,0,0,12377290
4282,123,77290,Thornton (Part),2016,0,0,0,0,0,0,0,0,0,12377290
4283,123,77290,Thornton (Part),2017,0,0,0,0,0,0,0,0,0,12377290
4284,123,77290,Thornton (Part),2018,0,0,0,0,0,0,0,0,0,12377290
4285,123,77290,Thornton (Part),2019,0,0,0,0,0,0,0,0,0,12377290
4286,123,77290,Thornton (Part),2020,0,0,0,0,0,0,0,0,0,12377290
4287,123,77290,Thornton (Part),2021,0,0,0,0,0,0,0,0,0,12377290
4288,123,77290,Thornton (Part),2022,0,0,0,0,0,0,0,0,0,12377290
4289,123,77290,Thornton (Part),2023,0,0,0,0,0,0,0,0,0,12377290
4290,123,77290,Thornton (Part),2024,0,0,0,0,0,0,0,0,0,12377290
4291,999,77290,Thornton (Total),2010,119753,119291,462,2.86,43460,41702,1758,4.05,2.74,99977290
4292,999,77290,Thornton (Total),2011,122002,121538,464,2.86,43884,42433,1451,3.31,2.77,99977290
4293,999,77290,Thornton (Total),2012,124107,123641,466,2.87,44325,43115,1210,2.73,2.79,99977290
4294,999,77290,Thornton (Total),2013,126563,126094,469,2.87,44846,43917,929,2.07,2.81,99977290
4295,999,77290,Thornton (Total),2014,128934,128463,470,2.87,45355,44688,667,1.47,2.83,99977290
4296,999,77290,Thornton (Total),2015,131584,131111,473,2.88,45931,45559,372,0.81,2.85,99977290
4297,999,77290,Thornton (Total),2016,134302,133827,474,2.88,46726,46446,280,0.6,2.86,99977290
4298,999,77290,Thornton (Total),2017,136532,136056,476,2.88,47778,47172,606,1.27,2.85,99977290
4299,999,77290,Thornton (Total),2018,138819,138340,479,2.89,48820,47932,888,1.82,2.83,99977290
4300,999,77290,Thornton (Total),2019,140333,139853,480,2.89,49840,48426,1414,2.84,2.81,99977290
4301,999,77290,Thornton (Total),2020,141844,141149,695,2.88,50900,49010,1890,3.71,2.77,99977290
4302,999,77290,Thornton (Total),2021,142614,141862,752,2.83,52035,50103,1932,3.71,2.73,99977290
4303,999,77290,Thornton (Total),2022,143043,142254,789,2.8,52746,50787,1959,3.71,2.7,99977290
4304,999,77290,Thornton (Total),2023,144963,144155,808,2.79,53724,51729,1995,3.71,2.68,99977290
4305,999,77290,Thornton (Total),2024,146866,146100,766,2.77,54819,52783,2036,3.71,2.67,99977290
4306,69,77510,Timnath (Part),2010,625,625,0,2.92,243,214,29,11.93,2.57,6977510
4307,69,77510,Timnath (Part),2011,807,807,0,2.95,307,273,34,11.01,2.63,6977510
4308,69,77510,Timnath (Part),2012,1191,1191,0,2.99,443,399,44,9.99,2.69,6977510
4309,69,77510,Timnath (Part),2013,1586,1586,0,3.02,581,525,56,9.65,2.73,6977510
4310,69,77510,Timnath (Part),2014,2068,2068,0,3.05,744,677,67,8.97,2.78,6977510
4311,69,77510,Timnath (Part),2015,2594,2594,0,3.09,913,841,72,7.92,2.84,6977510
4312,69,77510,Timnath (Part),2016,3148,3148,0,3.12,1093,1010,83,7.63,2.88,6977510
4313,69,77510,Timnath (Part),2017,3607,3607,0,3.15,1252,1146,106,8.5,2.88,6977510
4314,69,77510,Timnath (Part),2018,4433,4433,0,3.18,1524,1394,130,8.53,2.91,6977510
4315,69,77510,Timnath (Part),2019,5637,5637,0,3.21,1930,1757,173,8.96,2.92,6977510
4316,69,77510,Timnath (Part),2020,6769,6769,0,3.22,2321,2102,219,9.45,2.92,6977510
4317,69,77510,Timnath (Part),2021,7510,7510,0,3.03,2735,2476,259,9.45,2.75,6977510
4318,69,77510,Timnath (Part),2022,8302,8302,0,2.94,3117,2822,295,9.45,2.66,6977510
4319,69,77510,Timnath (Part),2023,8827,8827,0,2.84,3430,3106,324,9.45,2.57,6977510
4320,69,77510,Timnath (Part),2024,9429,9429,0,2.77,3761,3406,355,9.45,2.51,6977510
4321,123,77510,Timnath (Part),2010,7,7,0,2.33,3,3,0,0,2.33,12377510
4322,123,77510,Timnath (Part),2011,7,7,0,2.37,3,3,0,0,2.33,12377510
4323,123,77510,Timnath (Part),2012,7,7,0,2.4,3,3,0,0,2.33,12377510
4324,123,77510,Timnath (Part),2013,7,7,0,2.43,3,3,0,0,2.33,12377510
4325,123,77510,Timnath (Part),2014,7,7,0,2.47,3,3,0,0,2.33,12377510
4326,123,77510,Timnath (Part),2015,8,8,0,2.5,3,3,0,0,2.67,12377510
4327,123,77510,Timnath (Part),2016,8,8,0,2.53,3,3,0,0,2.67,12377510
4328,123,77510,Timnath (Part),2017,8,8,0,2.57,3,3,0,0,2.67,12377510
4329,123,77510,Timnath (Part),2018,8,8,0,2.6,3,3,0,0,2.67,12377510
4330,123,77510,Timnath (Part),2019,8,8,0,2.67,3,3,0,0,2.67,12377510
4331,123,77510,Timnath (Part),2020,5,5,0,2.5,2,2,0,0,2.5,12377510
4332,123,77510,Timnath (Part),2021,5,5,0,2.5,2,2,0,0,2.5,12377510
4333,123,77510,Timnath (Part),2022,5,5,0,2.5,2,2,0,0,2.5,12377510
4334,123,77510,Timnath (Part),2023,5,5,0,2.5,2,2,0,0,2.5,12377510
4335,123,77510,Timnath (Part),2024,5,5,0,2.5,2,2,0,0,2.5,12377510
4336,999,77510,Timnath (Total),2010,632,632,0,2.91,246,217,29,11.79,2.57,99977510
4337,999,77510,Timnath (Total),2011,814,814,0,2.95,310,276,34,10.91,2.63,99977510
4338,999,77510,Timnath (Total),2012,1199,1199,0,2.98,446,402,44,9.92,2.69,99977510
4339,999,77510,Timnath (Total),2013,1593,1593,0,3.02,584,528,56,9.6,2.73,99977510
4340,999,77510,Timnath (Total),2014,2075,2075,0,3.05,747,680,67,8.94,2.78,99977510
4341,999,77510,Timnath (Total),2015,2601,2601,0,3.08,916,844,72,7.9,2.84,99977510
4342,999,77510,Timnath (Total),2016,3155,3155,0,3.12,1096,1013,83,7.61,2.88,99977510
4343,999,77510,Timnath (Total),2017,3615,3615,0,3.15,1255,1149,106,8.48,2.88,99977510
4344,999,77510,Timnath (Total),2018,4441,4441,0,3.18,1527,1397,130,8.51,2.91,99977510
4345,999,77510,Timnath (Total),2019,5645,5645,0,3.21,1933,1760,173,8.95,2.92,99977510
4346,999,77510,Timnath (Total),2020,6774,6774,0,3.22,2323,2104,219,9.43,2.92,99977510
4347,999,77510,Timnath (Total),2021,7515,7515,0,3.03,2737,2478,259,9.46,2.75,99977510
4348,999,77510,Timnath (Total),2022,8307,8307,0,2.94,3119,2824,295,9.46,2.66,99977510
4349,999,77510,Timnath (Total),2023,8832,8832,0,2.84,3432,3108,324,9.44,2.57,99977510
4350,999,77510,Timnath (Total),2024,9434,9434,0,2.77,3763,3408,355,9.43,2.51,99977510
4351,71,78610,Trinidad,2010,9033,8654,379,2.38,4250,3640,610,14.35,2.04,7178610
4352,71,78610,Trinidad,2011,9033,8662,371,2.3,4254,3773,481,11.31,2.04,7178610
4353,71,78610,Trinidad,2012,8975,8575,400,2.28,4256,3758,498,11.71,2.01,7178610
4354,71,78610,Trinidad,2013,8857,8467,391,2.27,4259,3733,526,12.35,1.99,7178610
4355,71,78610,Trinidad,2014,8748,8405,342,2.25,4263,3729,534,12.52,1.97,7178610
4356,71,78610,Trinidad,2015,8692,8358,334,2.24,4266,3731,535,12.53,1.96,7178610
4357,71,78610,Trinidad,2016,8634,8307,327,2.23,4266,3732,534,12.52,1.95,7178610
4358,71,78610,Trinidad,2017,8575,8254,321,2.21,4266,3732,534,12.52,1.93,7178610
4359,71,78610,Trinidad,2018,8528,8195,333,2.2,4266,3729,537,12.6,1.92,7178610
4360,71,78610,Trinidad,2019,8442,8135,307,2.18,4270,3725,545,12.76,1.91,7178610
4361,71,78610,Trinidad,2020,8345,8118,227,2.17,4299,3734,565,13.14,1.89,7178610
4362,71,78610,Trinidad,2021,8351,8138,213,2.18,4300,3735,565,13.14,1.89,7178610
4363,71,78610,Trinidad,2022,8304,8099,205,2.17,4304,3738,566,13.15,1.88,7178610
4364,71,78610,Trinidad,2023,8278,8091,187,2.16,4310,3744,566,13.13,1.88,7178610
4365,71,78610,Trinidad,2024,8235,8032,203,2.14,4316,3749,567,13.14,1.86,7178610
4366,9,79270,Two Buttes,2010,43,43,0,2.04,30,21,9,29.73,1.43,979270
4367,9,79270,Two Buttes,2011,41,41,0,1.67,30,24,6,18.53,1.37,979270
4368,9,79270,Two Buttes,2012,39,39,0,1.67,30,24,6,21.01,1.3,979270
4369,9,79270,Two Buttes,2013,39,39,0,1.63,30,24,6,21.42,1.3,979270
4370,9,79270,Two Buttes,2014,37,37,0,1.6,30,23,7,21.85,1.23,979270
4371,9,79270,Two Buttes,2015,37,37,0,1.58,30,23,7,22.29,1.23,979270
4372,9,79270,Two Buttes,2016,36,36,0,1.57,30,23,7,22.75,1.2,979270
4373,9,79270,Two Buttes,2017,36,36,0,1.59,30,23,7,24.21,1.2,979270
4374,9,79270,Two Buttes,2018,36,36,0,1.6,30,23,7,24.73,1.2,979270
4375,9,79270,Two Buttes,2019,36,36,0,1.64,30,22,8,26.67,1.2,979270
4376,9,79270,Two Buttes,2020,34,34,0,1.62,30,21,9,30,1.13,979270
4377,9,79270,Two Buttes,2021,34,34,0,1.62,30,21,9,30,1.13,979270
4378,9,79270,Two Buttes,2022,33,33,0,1.57,30,21,9,30,1.1,979270
4379,9,79270,Two Buttes,2023,33,33,0,1.57,30,21,9,30,1.1,979270
4380,9,79270,Two Buttes,2024,32,32,0,1.52,30,21,9,30,1.07,979270
4381,37,80040,Vail,2010,5285,5284,1,2.11,6974,2502,4472,64.13,0.76,3780040
4382,37,80040,Vail,2011,5248,5247,1,2.03,6981,2579,4402,63.06,0.75,3780040
4383,37,80040,Vail,2012,5187,5186,1,2.03,6985,2550,4435,63.49,0.74,3780040
4384,37,80040,Vail,2013,5129,5128,1,2.03,7002,2523,4479,63.96,0.73,3780040
4385,37,80040,Vail,2014,5061,5060,1,2.03,7009,2492,4517,64.45,0.72,3780040
4386,37,80040,Vail,2015,5113,5111,1,2.03,7138,2517,4621,64.73,0.72,3780040
4387,37,80040,Vail,2016,5056,5055,1,2.03,7163,2491,4672,65.22,0.71,3780040
4388,37,80040,Vail,2017,4939,4937,1,2.03,7174,2438,4736,66.02,0.69,3780040
4389,37,80040,Vail,2018,4900,4898,1,2.02,7221,2419,4802,66.49,0.68,3780040
4390,37,80040,Vail,2019,4835,4834,1,2.02,7267,2391,4876,67.1,0.67,3780040
4391,37,80040,Vail,2020,4819,4811,8,2,7336,2400,4936,67.28,0.66,3780040
4392,37,80040,Vail,2021,4703,4695,8,1.95,7376,2413,4963,67.29,0.64,3780040
4393,37,80040,Vail,2022,4607,4599,8,1.91,7381,2414,4967,67.29,0.62,3780040
4394,37,80040,Vail,2023,4486,4478,8,1.85,7385,2416,4969,67.29,0.61,3780040
4395,37,80040,Vail,2024,4414,4406,8,1.82,7393,2418,4975,67.29,0.6,3780040
4396,119,80865,Victor,2010,398,398,0,1.87,337,213,124,36.8,1.18,11980865
4397,119,80865,Victor,2011,390,390,0,1.88,331,208,123,37.28,1.18,11980865
4398,119,80865,Victor,2012,390,390,0,1.89,327,206,121,37.06,1.19,11980865
4399,119,80865,Victor,2013,381,381,0,1.91,321,200,121,37.77,1.19,11980865
4400,119,80865,Victor,2014,379,379,0,1.92,315,197,118,37.36,1.2,11980865
4401,119,80865,Victor,2015,366,366,0,1.93,309,189,120,38.68,1.18,11980865
4402,119,80865,Victor,2016,379,379,0,1.94,302,195,107,35.49,1.25,11980865
4403,119,80865,Victor,2017,386,386,0,1.96,295,197,98,33.09,1.31,11980865
4404,119,80865,Victor,2018,389,389,0,1.97,288,198,90,31.39,1.35,11980865
4405,119,80865,Victor,2019,385,385,0,1.98,282,194,88,31.21,1.37,11980865
4406,119,80865,Victor,2020,379,379,0,1.99,275,190,85,30.91,1.38,11980865
4407,119,80865,Victor,2021,378,378,0,1.99,275,190,85,30.91,1.37,11980865
4408,119,80865,Victor,2022,371,371,0,1.95,275,190,85,30.91,1.35,11980865
4409,119,80865,Victor,2023,364,364,0,1.92,275,190,85,30.91,1.32,11980865
4410,119,80865,Victor,2024,360,360,0,1.89,275,190,85,30.91,1.31,11980865
4411,9,81030,Vilas,2010,114,114,0,4.2,37,27,10,26.67,3.08,981030
4412,9,81030,Vilas,2011,81,81,0,2.62,37,31,6,16.62,2.19,981030
4413,9,81030,Vilas,2012,83,83,0,2.63,37,31,6,15.05,2.24,981030
4414,9,81030,Vilas,2013,83,83,0,2.58,37,32,5,13.42,2.24,981030
4415,9,81030,Vilas,2014,83,83,0,2.54,37,33,4,11.72,2.24,981030
4416,9,81030,Vilas,2015,84,84,0,2.52,37,33,4,9.95,2.27,981030
4417,9,81030,Vilas,2016,85,85,0,2.51,37,34,3,8.12,2.3,981030
4418,9,81030,Vilas,2017,88,88,0,2.55,37,35,2,6.47,2.38,981030
4419,9,81030,Vilas,2018,91,91,0,2.57,37,35,2,4.4,2.46,981030
4420,9,81030,Vilas,2019,94,94,0,2.61,37,36,1,2.7,2.54,981030
4421,9,81030,Vilas,2020,97,97,0,2.62,37,37,0,0,2.62,981030
4422,9,81030,Vilas,2021,97,97,0,2.62,37,37,0,0,2.62,981030
4423,9,81030,Vilas,2022,95,95,0,2.57,37,37,0,0,2.57,981030
4424,9,81030,Vilas,2023,94,94,0,2.54,37,37,0,0,2.54,981030
4425,9,81030,Vilas,2024,93,93,0,2.51,37,37,0,0,2.51,981030
4426,63,81690,Vona,2010,106,106,0,2.16,61,49,12,19.67,1.74,6381690
4427,63,81690,Vona,2011,112,112,0,2.16,61,52,9,15.39,1.84,6381690
4428,63,81690,Vona,2012,111,111,0,2.16,61,51,10,15.77,1.82,6381690
4429,63,81690,Vona,2013,110,110,0,2.16,61,51,10,16.14,1.8,6381690
4430,63,81690,Vona,2014,102,102,0,2.16,61,47,14,22.48,1.67,6381690
4431,63,81690,Vona,2015,101,101,0,2.16,61,47,14,23.5,1.66,6381690
4432,63,81690,Vona,2016,100,100,0,2.16,61,46,15,23.98,1.64,6381690
4433,63,81690,Vona,2017,99,99,0,2.16,61,46,15,24.46,1.62,6381690
4434,63,81690,Vona,2018,98,98,0,2.16,61,45,16,25.77,1.61,6381690
4435,63,81690,Vona,2019,96,96,0,2.13,61,45,16,26.23,1.57,6381690
4436,63,81690,Vona,2020,95,95,0,2.16,61,44,17,27.87,1.56,6381690
4437,63,81690,Vona,2021,93,93,0,2.11,61,44,17,27.87,1.52,6381690
4438,63,81690,Vona,2022,94,94,0,2.14,61,44,17,27.87,1.54,6381690
4439,63,81690,Vona,2023,94,94,0,2.14,61,44,17,27.87,1.54,6381690
4440,63,81690,Vona,2024,94,94,0,2.14,61,44,17,27.87,1.54,6381690
4441,57,82130,Walden,2010,604,602,2,2.24,350,268,82,23.34,1.72,5782130
4442,57,82130,Walden,2011,584,582,2,2.08,351,279,72,20.37,1.66,5782130
4443,57,82130,Walden,2012,586,584,2,2.09,351,280,71,20.16,1.66,5782130
4444,57,82130,Walden,2013,589,587,2,2.09,351,281,70,19.94,1.67,5782130
4445,57,82130,Walden,2014,591,589,2,2.09,351,282,69,19.73,1.68,5782130
4446,57,82130,Walden,2015,593,591,2,2.09,351,282,69,19.54,1.68,5782130
4447,57,82130,Walden,2016,595,593,2,2.09,351,283,68,19.32,1.69,5782130
4448,57,82130,Walden,2017,600,598,2,2.1,353,285,68,19.15,1.69,5782130
4449,57,82130,Walden,2018,597,595,2,2.1,350,284,66,18.9,1.7,5782130
4450,57,82130,Walden,2019,601,599,2,2.1,351,285,66,18.8,1.71,5782130
4451,57,82130,Walden,2020,605,603,2,2.1,352,287,65,18.47,1.71,5782130
4452,57,82130,Walden,2021,593,591,2,2.07,351,286,65,18.52,1.68,5782130
4453,57,82130,Walden,2022,575,573,2,1.99,353,288,65,18.41,1.62,5782130
4454,57,82130,Walden,2023,572,570,2,1.97,354,289,65,18.36,1.61,5782130
4455,57,82130,Walden,2024,553,551,2,1.91,354,289,65,18.36,1.56,5782130
4456,55,82350,Walsenburg,2010,3038,2982,56,2.3,1617,1295,322,19.92,1.84,5582350
4457,55,82350,Walsenburg,2011,2950,2896,54,2.13,1617,1361,256,15.81,1.79,5582350
4458,55,82350,Walsenburg,2012,2957,2905,52,2.13,1617,1362,255,15.79,1.8,5582350
4459,55,82350,Walsenburg,2013,2964,2915,50,2.14,1617,1362,255,15.74,1.8,5582350
4460,55,82350,Walsenburg,2014,2974,2926,48,2.15,1617,1364,253,15.65,1.81,5582350
4461,55,82350,Walsenburg,2015,2983,2938,45,2.15,1617,1365,252,15.56,1.82,5582350
4462,55,82350,Walsenburg,2016,2992,2949,43,2.16,1618,1367,251,15.51,1.82,5582350
4463,55,82350,Walsenburg,2017,3001,2959,41,2.16,1618,1368,250,15.46,1.83,5582350
4464,55,82350,Walsenburg,2018,3008,2969,39,2.17,1618,1368,250,15.43,1.83,5582350
4465,55,82350,Walsenburg,2019,3016,2979,37,2.18,1618,1369,249,15.39,1.84,5582350
4466,55,82350,Walsenburg,2020,3025,2995,30,2.16,1618,1386,232,14.34,1.85,5582350
4467,55,82350,Walsenburg,2021,3061,3045,16,2.2,1618,1386,232,14.34,1.88,5582350
4468,55,82350,Walsenburg,2022,3102,3089,13,2.23,1618,1386,232,14.34,1.91,5582350
4469,55,82350,Walsenburg,2023,3075,3058,17,2.21,1618,1386,232,14.34,1.89,5582350
4470,55,82350,Walsenburg,2024,3038,3019,19,2.18,1619,1387,232,14.33,1.86,5582350
4471,9,82460,Walsh,2010,547,525,22,2.23,329,236,93,28.29,1.6,982460
4472,9,82460,Walsh,2011,593,572,21,2.11,329,271,58,17.63,1.74,982460
4473,9,82460,Walsh,2012,582,562,20,2.11,329,267,62,18.83,1.71,982460
4474,9,82460,Walsh,2013,572,553,19,2.07,329,268,61,18.61,1.68,982460
4475,9,82460,Walsh,2014,560,543,17,2.02,329,269,60,18.38,1.65,982460
4476,9,82460,Walsh,2015,555,539,16,2,329,269,60,18.13,1.64,982460
4477,9,82460,Walsh,2016,551,536,15,1.98,329,270,59,17.88,1.63,982460
4478,9,82460,Walsh,2017,553,540,14,2.01,329,269,60,18.37,1.64,982460
4479,9,82460,Walsh,2018,558,545,12,2.02,329,270,59,18.08,1.66,982460
4480,9,82460,Walsh,2019,560,549,11,2.03,329,270,59,17.93,1.67,982460
4481,9,82460,Walsh,2020,536,536,0,2.02,330,265,65,19.7,1.62,982460
4482,9,82460,Walsh,2021,539,539,0,2.03,331,266,65,19.64,1.63,982460
4483,9,82460,Walsh,2022,532,530,2,1.99,331,266,65,19.64,1.6,982460
4484,9,82460,Walsh,2023,522,522,0,1.96,331,266,65,19.64,1.58,982460
4485,9,82460,Walsh,2024,518,518,0,1.95,331,266,65,19.64,1.56,982460
4486,13,82735,Ward,2010,150,150,0,2,101,75,26,25.74,1.49,1382735
4487,13,82735,Ward,2011,155,155,0,1.98,100,78,22,21.75,1.55,1382735
4488,13,82735,Ward,2012,161,161,0,1.96,99,82,17,16.86,1.63,1382735
4489,13,82735,Ward,2013,160,160,0,1.93,97,83,14,14.56,1.65,1382735
4490,13,82735,Ward,2014,155,155,0,1.91,96,81,15,15.21,1.61,1382735
4491,13,82735,Ward,2015,159,159,0,1.89,95,84,11,11.22,1.67,1382735
4492,13,82735,Ward,2016,159,159,0,1.86,95,85,10,10.42,1.67,1382735
4493,13,82735,Ward,2017,150,150,0,1.84,95,81,14,14.29,1.58,1382735
4494,13,82735,Ward,2018,153,153,0,1.82,100,85,15,15.5,1.53,1382735
4495,13,82735,Ward,2019,134,134,0,1.79,99,75,24,24.24,1.35,1382735
4496,13,82735,Ward,2020,127,127,0,1.76,100,72,28,28,1.27,1382735
4497,13,82735,Ward,2021,126,126,0,1.73,101,73,28,27.72,1.25,1382735
4498,13,82735,Ward,2022,127,127,0,1.74,102,73,29,28.43,1.25,1382735
4499,13,82735,Ward,2023,126,126,0,1.73,102,73,29,28.43,1.24,1382735
4500,13,82735,Ward,2024,124,124,0,1.7,102,73,29,28.43,1.22,1382735
4501,69,83230,Wellington,2010,6295,6295,0,2.88,2281,2188,93,4.08,2.76,6983230
4502,69,83230,Wellington,2011,6416,6416,0,2.88,2314,2226,88,3.8,2.77,6983230
4503,69,83230,Wellington,2012,6521,6521,0,2.89,2340,2258,82,3.48,2.79,6983230
4504,69,83230,Wellington,2013,6756,6756,0,2.89,2419,2337,82,3.4,2.79,6983230
4505,69,83230,Wellington,2014,7208,7208,0,2.9,2572,2490,82,3.2,2.8,6983230
4506,69,83230,Wellington,2015,7797,7797,0,2.9,2769,2690,79,2.86,2.82,6983230
4507,69,83230,Wellington,2016,8473,8473,0,2.9,3003,2919,84,2.79,2.82,6983230
4508,69,83230,Wellington,2017,9649,9649,0,2.91,3429,3321,108,3.14,2.81,6983230
4509,69,83230,Wellington,2018,10203,10203,0,2.91,3625,3509,116,3.19,2.81,6983230
4510,69,83230,Wellington,2019,10639,10639,0,2.91,3788,3659,129,3.41,2.81,6983230
4511,69,83230,Wellington,2020,11127,11115,12,2.89,3978,3841,137,3.44,2.79,6983230
4512,69,83230,Wellington,2021,11513,11501,12,2.83,4203,4059,144,3.44,2.74,6983230
4513,69,83230,Wellington,2022,11773,11761,12,2.81,4334,4185,149,3.44,2.71,6983230
4514,69,83230,Wellington,2023,11926,11914,12,2.79,4429,4277,152,3.44,2.69,6983230
4515,69,83230,Wellington,2024,11997,11985,12,2.78,4470,4316,154,3.44,2.68,6983230
4516,27,83450,Westcliffe,2010,450,435,15,2.05,296,212,84,28.28,1.47,2783450
4517,27,83450,Westcliffe,2011,472,458,15,2.07,298,221,77,25.79,1.54,2783450
4518,27,83450,Westcliffe,2012,472,458,14,2.05,303,224,79,26.17,1.51,2783450
4519,27,83450,Westcliffe,2013,468,454,14,2.03,305,224,81,26.51,1.49,2783450
4520,27,83450,Westcliffe,2014,465,452,13,2.01,308,225,83,26.85,1.47,2783450
4521,27,83450,Westcliffe,2015,458,445,13,1.99,308,224,84,27.17,1.44,2783450
4522,27,83450,Westcliffe,2016,453,440,13,1.96,309,224,85,27.5,1.42,2783450
4523,27,83450,Westcliffe,2017,450,437,12,1.94,312,225,87,27.88,1.4,2783450
4524,27,83450,Westcliffe,2018,443,431,12,1.92,313,224,89,28.3,1.38,2783450
4525,27,83450,Westcliffe,2019,435,424,11,1.9,313,223,90,28.75,1.35,2783450
4526,27,83450,Westcliffe,2020,430,427,3,1.89,319,226,93,29.15,1.34,2783450
4527,27,83450,Westcliffe,2021,466,463,3,1.96,332,236,96,28.92,1.39,2783450
4528,27,83450,Westcliffe,2022,489,486,3,2,342,243,99,28.95,1.42,2783450
4529,27,83450,Westcliffe,2023,510,507,3,2.02,353,251,102,28.9,1.44,2783450
4530,27,83450,Westcliffe,2024,504,501,3,1.98,356,253,103,28.93,1.41,2783450
4531,1,83835,Westminster (Part),2010,63974,63653,321,2.49,26765,25515,1250,4.67,2.38,183835
4532,1,83835,Westminster (Part),2011,65229,64906,323,2.49,27052,26019,1033,3.82,2.4,183835
4533,1,83835,Westminster (Part),2012,66342,66018,324,2.49,27345,26469,876,3.2,2.41,183835
4534,1,83835,Westminster (Part),2013,67510,67184,326,2.49,27617,26940,677,2.45,2.43,183835
4535,1,83835,Westminster (Part),2014,68697,68370,327,2.49,27909,27420,489,1.75,2.45,183835
4536,1,83835,Westminster (Part),2015,69945,69616,328,2.49,28201,27927,274,0.97,2.47,183835
4537,1,83835,Westminster (Part),2016,70782,70452,330,2.49,28472,28265,207,0.73,2.47,183835
4538,1,83835,Westminster (Part),2017,71083,70781,302,2.49,28854,28407,447,1.55,2.45,183835
4539,1,83835,Westminster (Part),2018,71348,71045,303,2.49,29186,28532,654,2.24,2.43,183835
4540,1,83835,Westminster (Part),2019,71158,70853,305,2.49,29515,28476,1039,3.52,2.4,183835
4541,1,83835,Westminster (Part),2020,71027,70401,626,2.48,29821,28411,1410,4.73,2.36,183835
4542,1,83835,Westminster (Part),2021,70580,69952,628,2.46,29899,28486,1413,4.73,2.34,183835
4543,1,83835,Westminster (Part),2022,70677,70076,601,2.43,30249,28819,1430,4.73,2.32,183835
4544,1,83835,Westminster (Part),2023,70616,70010,606,2.42,30306,28873,1433,4.73,2.31,183835
4545,1,83835,Westminster (Part),2024,70445,69814,631,2.42,30322,28889,1433,4.73,2.3,183835
4546,59,83835,Westminster (Part),2010,42488,42342,146,2.54,17248,16665,583,3.38,2.45,5983835
4547,59,83835,Westminster (Part),2011,42866,42709,157,2.53,17413,16872,541,3.11,2.45,5983835
4548,59,83835,Westminster (Part),2012,43305,43146,159,2.52,17591,17109,482,2.74,2.45,5983835
4549,59,83835,Westminster (Part),2013,43815,43655,160,2.51,17818,17377,441,2.48,2.45,5983835
4550,59,83835,Westminster (Part),2014,44193,44032,161,2.5,17970,17593,377,2.1,2.45,5983835
4551,59,83835,Westminster (Part),2015,44377,44215,162,2.49,18128,17731,397,2.19,2.44,5983835
4552,59,83835,Westminster (Part),2016,44657,44494,163,2.48,18277,17911,366,2,2.43,5983835
4553,59,83835,Westminster (Part),2017,44817,44653,164,2.47,18499,18047,452,2.44,2.41,5983835
4554,59,83835,Westminster (Part),2018,45035,44870,165,2.46,18695,18204,491,2.63,2.4,5983835
4555,59,83835,Westminster (Part),2019,45065,44899,166,2.46,18895,18286,609,3.22,2.38,5983835
4556,59,83835,Westminster (Part),2020,45074,44990,84,2.44,19118,18415,703,3.68,2.35,5983835
4557,59,83835,Westminster (Part),2021,44585,44514,71,2.42,19123,18420,703,3.68,2.33,5983835
4558,59,83835,Westminster (Part),2022,44860,44774,86,2.36,19671,18948,723,3.68,2.28,5983835
4559,59,83835,Westminster (Part),2023,45317,45229,88,2.35,20017,19281,736,3.68,2.26,5983835
4560,59,83835,Westminster (Part),2024,45586,45497,89,2.33,20243,19499,744,3.68,2.25,5983835
4561,999,83835,Westminster (Total),2010,106462,105995,467,2.51,44013,42180,1833,4.16,2.41,99983835
4562,999,83835,Westminster (Total),2011,108095,107615,480,2.51,44465,42891,1574,3.54,2.42,99983835
4563,999,83835,Westminster (Total),2012,109647,109165,483,2.51,44936,43578,1358,3.02,2.43,99983835
4564,999,83835,Westminster (Total),2013,111325,110839,485,2.5,45435,44317,1118,2.46,2.44,99983835
4565,999,83835,Westminster (Total),2014,112890,112402,488,2.5,45879,45012,867,1.89,2.45,99983835
4566,999,83835,Westminster (Total),2015,114322,113831,491,2.49,46329,45657,672,1.45,2.46,99983835
4567,999,83835,Westminster (Total),2016,115439,114946,493,2.49,46749,46176,573,1.23,2.46,99983835
4568,999,83835,Westminster (Total),2017,115900,115434,466,2.48,47353,46454,899,1.9,2.44,99983835
4569,999,83835,Westminster (Total),2018,116384,115915,469,2.48,47881,46736,1145,2.39,2.42,99983835
4570,999,83835,Westminster (Total),2019,116223,115752,471,2.48,48410,46762,1648,3.4,2.39,99983835
4571,999,83835,Westminster (Total),2020,116101,115391,710,2.46,48939,46826,2113,4.32,2.36,99983835
4572,999,83835,Westminster (Total),2021,115165,114466,699,2.44,49022,46906,2116,4.32,2.33,99983835
4573,999,83835,Westminster (Total),2022,115537,114850,687,2.4,49920,47767,2153,4.31,2.3,99983835
4574,999,83835,Westminster (Total),2023,115933,115239,694,2.39,50323,48154,2169,4.31,2.29,99983835
4575,999,83835,Westminster (Total),2024,116031,115311,720,2.38,50565,48388,2177,4.31,2.28,99983835
4576,59,84440,Wheat Ridge,2010,30205,29651,554,2.12,14869,13994,875,5.88,1.99,5984440
4577,59,84440,Wheat Ridge,2011,30526,29968,559,2.12,14902,14114,788,5.29,2.01,5984440
4578,59,84440,Wheat Ridge,2012,31060,30497,563,2.13,15018,14333,685,4.56,2.03,5984440
4579,59,84440,Wheat Ridge,2013,31365,30798,567,2.13,15052,14445,607,4.03,2.05,5984440
4580,59,84440,Wheat Ridge,2014,31726,31154,572,2.14,15086,14581,505,3.35,2.07,5984440
4581,59,84440,Wheat Ridge,2015,31935,31359,576,2.14,15163,14645,518,3.42,2.07,5984440
4582,59,84440,Wheat Ridge,2016,32298,31718,580,2.15,15248,14782,466,3.06,2.08,5984440
4583,59,84440,Wheat Ridge,2017,32282,31700,582,2.15,15304,14745,559,3.65,2.07,5984440
4584,59,84440,Wheat Ridge,2018,32390,31803,587,2.15,15352,14762,590,3.84,2.07,5984440
4585,59,84440,Wheat Ridge,2019,32303,31713,590,2.16,15401,14690,711,4.62,2.06,5984440
4586,59,84440,Wheat Ridge,2020,32400,31722,678,2.16,15490,14681,809,5.22,2.05,5984440
4587,59,84440,Wheat Ridge,2021,32259,31648,611,2.14,15623,14807,816,5.22,2.03,5984440
4588,59,84440,Wheat Ridge,2022,32571,31922,649,2.09,16116,15274,842,5.22,1.98,5984440
4589,59,84440,Wheat Ridge,2023,33007,32360,647,2.07,16457,15598,859,5.22,1.97,5984440
4590,59,84440,Wheat Ridge,2024,33174,32528,646,2.06,16631,15762,869,5.23,1.96,5984440
4591,87,84770,Wiggins,2010,894,894,0,2.55,402,350,52,12.83,2.22,8784770
4592,87,84770,Wiggins,2011,1114,1114,0,2.98,404,374,30,7.51,2.76,8784770
4593,87,84770,Wiggins,2012,1095,1095,0,2.93,404,373,31,7.6,2.71,8784770
4594,87,84770,Wiggins,2013,1083,1083,0,2.91,404,373,31,7.76,2.68,8784770
4595,87,84770,Wiggins,2014,1067,1067,0,2.87,404,372,32,7.91,2.64,8784770
4596,87,84770,Wiggins,2015,1060,1060,0,2.85,404,371,33,8.13,2.62,8784770
4597,87,84770,Wiggins,2016,1050,1050,0,2.82,405,372,33,8.15,2.59,8784770
4598,87,84770,Wiggins,2017,1046,1046,0,2.81,406,373,33,8.24,2.58,8784770
4599,87,84770,Wiggins,2018,1148,1148,0,2.82,445,407,38,8.64,2.58,8784770
4600,87,84770,Wiggins,2019,1304,1304,0,2.8,513,465,48,9.36,2.54,8784770
4601,87,84770,Wiggins,2020,1439,1439,0,2.75,579,523,56,9.67,2.49,8784770
4602,87,84770,Wiggins,2021,1569,1569,0,2.72,638,577,61,9.56,2.46,8784770
4603,87,84770,Wiggins,2022,1740,1740,0,2.71,709,641,68,9.59,2.45,8784770
4604,87,84770,Wiggins,2023,1828,1828,0,2.72,742,671,71,9.57,2.46,8784770
4605,87,84770,Wiggins,2024,1881,1881,0,2.75,758,685,73,9.63,2.48,8784770
4606,99,85045,Wiley,2010,404,404,0,2.53,193,160,33,17.35,2.09,9985045
4607,99,85045,Wiley,2011,436,436,0,2.5,193,174,19,9.62,2.26,9985045
4608,99,85045,Wiley,2012,436,436,0,2.51,194,174,20,10.5,2.25,9985045
4609,99,85045,Wiley,2013,433,433,0,2.5,194,173,21,10.95,2.23,9985045
4610,99,85045,Wiley,2014,424,424,0,2.47,194,172,22,11.51,2.19,9985045
4611,99,85045,Wiley,2015,421,421,0,2.46,194,171,23,11.82,2.17,9985045
4612,99,85045,Wiley,2016,423,423,0,2.48,194,170,24,12.23,2.18,9985045
4613,99,85045,Wiley,2017,429,429,0,2.49,195,172,23,11.61,2.2,9985045
4614,99,85045,Wiley,2018,431,431,0,2.45,195,176,19,9.75,2.21,9985045
4615,99,85045,Wiley,2019,434,434,0,2.44,195,178,17,8.72,2.23,9985045
4616,99,85045,Wiley,2020,438,438,0,2.47,195,177,18,9.23,2.25,9985045
4617,99,85045,Wiley,2021,435,435,0,2.46,195,177,18,9.23,2.23,9985045
4618,99,85045,Wiley,2022,431,431,0,2.44,195,177,18,9.23,2.21,9985045
4619,99,85045,Wiley,2023,429,429,0,2.42,195,177,18,9.23,2.2,9985045
4620,99,85045,Wiley,2024,435,435,0,2.46,195,177,18,9.23,2.23,9985045
4621,43,85155,Williamsburg,2010,661,661,0,2.53,283,262,21,7.5,2.34,4385155
4622,43,85155,Williamsburg,2011,667,667,0,2.55,283,261,22,7.66,2.36,4385155
4623,43,85155,Williamsburg,2012,673,673,0,2.55,285,264,21,7.5,2.36,4385155
4624,43,85155,Williamsburg,2013,674,674,0,2.55,285,264,21,7.34,2.36,4385155
4625,43,85155,Williamsburg,2014,674,674,0,2.55,285,264,21,7.25,2.36,4385155
4626,43,85155,Williamsburg,2015,691,678,13,2.55,286,266,20,7.08,2.37,4385155
4627,43,85155,Williamsburg,2016,691,679,13,2.55,286,266,20,6.91,2.37,4385155
4628,43,85155,Williamsburg,2017,698,685,12,2.55,288,269,19,6.63,2.38,4385155
4629,43,85155,Williamsburg,2018,707,695,13,2.55,291,273,18,6.29,2.39,4385155
4630,43,85155,Williamsburg,2019,728,716,12,2.55,299,281,18,6.02,2.39,4385155
4631,43,85155,Williamsburg,2020,736,727,9,2.54,303,286,17,5.61,2.4,4385155
4632,43,85155,Williamsburg,2021,751,742,9,2.57,306,289,17,5.56,2.42,4385155
4633,43,85155,Williamsburg,2022,757,748,9,2.54,312,294,18,5.77,2.4,4385155
4634,43,85155,Williamsburg,2023,766,757,9,2.52,318,300,18,5.66,2.38,4385155
4635,43,85155,Williamsburg,2024,780,771,9,2.5,326,308,18,5.52,2.37,4385155
4636,69,85485,Windsor (Part),2010,4646,4646,0,2.92,1688,1591,97,5.75,2.75,6985485
4637,69,85485,Windsor (Part),2011,4662,4662,0,2.91,1702,1604,98,5.76,2.74,6985485
4638,69,85485,Windsor (Part),2012,4785,4785,0,2.89,1753,1654,99,5.65,2.73,6985485
4639,69,85485,Windsor (Part),2013,5153,5153,0,2.88,1902,1790,112,5.89,2.71,6985485
4640,69,85485,Windsor (Part),2014,5598,5598,0,2.86,2077,1955,122,5.89,2.7,6985485
4641,69,85485,Windsor (Part),2015,5850,5850,0,2.85,2175,2053,122,5.59,2.69,6985485
4642,69,85485,Windsor (Part),2016,6009,6009,0,2.83,2250,2120,130,5.76,2.67,6985485
4643,69,85485,Windsor (Part),2017,6097,6097,0,2.82,2323,2164,159,6.87,2.62,6985485
4644,69,85485,Windsor (Part),2018,6259,6259,0,2.8,2411,2234,177,7.35,2.6,6985485
4645,69,85485,Windsor (Part),2019,7488,7488,0,2.78,2932,2690,242,8.25,2.55,6985485
4646,69,85485,Windsor (Part),2020,7773,7773,0,2.75,3113,2825,288,9.24,2.5,6985485
4647,69,85485,Windsor (Part),2021,7975,7975,0,2.71,3245,2945,300,9.24,2.46,6985485
4648,69,85485,Windsor (Part),2022,8160,8160,0,2.68,3349,3040,309,9.24,2.44,6985485
4649,69,85485,Windsor (Part),2023,8397,8397,0,2.63,3514,3189,325,9.24,2.39,6985485
4650,69,85485,Windsor (Part),2024,8640,8640,0,2.59,3670,3331,339,9.24,2.35,6985485
4651,123,85485,Windsor (Part),2010,14272,14169,103,2.7,5602,5241,361,6.44,2.53,12385485
4652,123,85485,Windsor (Part),2011,14679,14576,103,2.71,5735,5384,351,6.12,2.54,12385485
4653,123,85485,Windsor (Part),2012,15339,15235,104,2.71,5958,5620,338,5.68,2.56,12385485
4654,123,85485,Windsor (Part),2013,16227,16123,104,2.71,6270,5939,331,5.28,2.57,12385485
4655,123,85485,Windsor (Part),2014,16918,16813,105,2.72,6490,6184,306,4.71,2.59,12385485
4656,123,85485,Windsor (Part),2015,17497,17392,105,2.72,6674,6388,286,4.29,2.61,12385485
4657,123,85485,Windsor (Part),2016,18319,18213,106,2.73,6968,6681,287,4.11,2.61,12385485
4658,123,85485,Windsor (Part),2017,20163,20057,106,2.73,7660,7349,311,4.06,2.62,12385485
4659,123,85485,Windsor (Part),2018,22215,22109,107,2.73,8514,8090,424,4.98,2.6,12385485
4660,123,85485,Windsor (Part),2019,23436,23329,107,2.74,9111,8526,585,6.42,2.56,12385485
4661,123,85485,Windsor (Part),2020,25343,25034,309,2.74,9914,9148,766,7.73,2.53,12385485
4662,123,85485,Windsor (Part),2021,27315,27021,294,2.71,10787,9953,834,7.73,2.5,12385485
4663,123,85485,Windsor (Part),2022,29813,29523,290,2.71,11803,10891,912,7.73,2.5,12385485
4664,123,85485,Windsor (Part),2023,31743,31453,290,2.7,12603,11629,974,7.73,2.5,12385485
4665,123,85485,Windsor (Part),2024,32588,32268,320,2.69,13018,12012,1006,7.73,2.48,12385485
4666,999,85485,Windsor (Total),2010,18918,18815,103,2.75,7290,6832,458,6.28,2.58,99985485
4667,999,85485,Windsor (Total),2011,19341,19238,103,2.75,7437,6988,449,6.04,2.59,99985485
4668,999,85485,Windsor (Total),2012,20124,20020,104,2.75,7711,7274,437,5.67,2.6,99985485
4669,999,85485,Windsor (Total),2013,21380,21276,104,2.75,8172,7729,443,5.42,2.6,99985485
4670,999,85485,Windsor (Total),2014,22515,22411,105,2.75,8567,8139,428,5,2.62,99985485
4671,999,85485,Windsor (Total),2015,23347,23242,105,2.75,8849,8441,408,4.61,2.63,99985485
4672,999,85485,Windsor (Total),2016,24327,24222,106,2.75,9218,8802,416,4.52,2.63,99985485
4673,999,85485,Windsor (Total),2017,26260,26154,106,2.75,9983,9513,470,4.71,2.62,99985485
4674,999,85485,Windsor (Total),2018,28474,28367,107,2.75,10925,10324,601,5.5,2.6,99985485
4675,999,85485,Windsor (Total),2019,30924,30817,107,2.75,12043,11216,827,6.87,2.56,99985485
4676,999,85485,Windsor (Total),2020,33116,32807,309,2.74,13027,11973,1054,8.09,2.52,99985485
4677,999,85485,Windsor (Total),2021,35290,34996,294,2.71,14032,12898,1134,8.08,2.49,99985485
4678,999,85485,Windsor (Total),2022,37973,37683,290,2.7,15152,13931,1221,8.06,2.49,99985485
4679,999,85485,Windsor (Total),2023,40140,39850,290,2.69,16117,14818,1299,8.06,2.47,99985485
4680,999,85485,Windsor (Total),2024,41228,40908,320,2.67,16688,15343,1345,8.06,2.45,99985485
4681,49,85705,Winter Park,2010,993,980,13,2.1,2514,467,2047,81.42,0.39,4985705
4682,49,85705,Winter Park,2011,1079,1066,13,2.04,2516,522,1994,79.25,0.42,4985705
4683,49,85705,Winter Park,2012,1055,1042,13,2.03,2519,513,2006,79.62,0.41,4985705
4684,49,85705,Winter Park,2013,1042,1030,13,2.02,2530,510,2020,79.84,0.41,4985705
4685,49,85705,Winter Park,2014,1031,1019,12,2.01,2535,507,2028,80,0.4,4985705
4686,49,85705,Winter Park,2015,1022,1010,12,2,2554,505,2049,80.21,0.4,4985705
4687,49,85705,Winter Park,2016,1021,1009,12,1.99,2590,508,2082,80.4,0.39,4985705
4688,49,85705,Winter Park,2017,1021,1009,12,1.98,2630,510,2120,80.59,0.38,4985705
4689,49,85705,Winter Park,2018,1025,1013,12,1.97,2677,515,2162,80.77,0.38,4985705
4690,49,85705,Winter Park,2019,1028,1016,12,1.96,2726,519,2207,80.96,0.37,4985705
4691,49,85705,Winter Park,2020,1038,999,39,1.93,2770,517,2253,81.32,0.36,4985705
4692,49,85705,Winter Park,2021,1036,997,39,1.92,2782,520,2262,81.32,0.36,4985705
4693,49,85705,Winter Park,2022,1014,975,39,1.73,3011,562,2449,81.32,0.32,4985705
4694,49,85705,Winter Park,2023,1083,1044,39,1.62,3452,645,2807,81.32,0.3,4985705
4695,49,85705,Winter Park,2024,1094,1055,39,1.6,3521,658,2863,81.32,0.3,4985705
4696,119,86090,Woodland Park,2010,7229,7229,0,2.47,3196,2931,265,8.29,2.26,11986090
4697,119,86090,Woodland Park,2011,7214,7214,0,2.46,3211,2937,274,8.53,2.25,11986090
4698,119,86090,Woodland Park,2012,7228,7228,0,2.45,3233,2955,278,8.61,2.24,11986090
4699,119,86090,Woodland Park,2013,7229,7229,0,2.44,3258,2968,290,8.91,2.22,11986090
4700,119,86090,Woodland Park,2014,7229,7229,0,2.43,3273,2980,293,8.95,2.21,11986090
4701,119,86090,Woodland Park,2015,7373,7373,0,2.42,3370,3052,318,9.42,2.19,11986090
4702,119,86090,Woodland Park,2016,7466,7466,0,2.41,3402,3103,299,8.79,2.19,11986090
4703,119,86090,Woodland Park,2017,7664,7664,0,2.4,3489,3198,291,8.33,2.2,11986090
4704,119,86090,Woodland Park,2018,7758,7758,0,2.39,3535,3251,284,8.04,2.19,11986090
4705,119,86090,Woodland Park,2019,7867,7867,0,2.38,3603,3311,292,8.1,2.18,11986090
4706,119,86090,Woodland Park,2020,7935,7918,17,2.37,3647,3346,301,8.25,2.17,11986090
4707,119,86090,Woodland Park,2021,7976,7955,21,2.36,3677,3374,303,8.24,2.16,11986090
4708,119,86090,Woodland Park,2022,7940,7915,25,2.32,3723,3416,307,8.25,2.13,11986090
4709,119,86090,Woodland Park,2023,7896,7871,25,2.27,3777,3466,311,8.23,2.08,11986090
4710,119,86090,Woodland Park,2024,8035,8005,30,2.25,3880,3560,320,8.25,2.06,11986090
4711,125,86310,Wray,2010,2340,2195,145,2.43,992,903,89,8.94,2.21,12586310
4712,125,86310,Wray,2011,2431,2225,207,2.38,992,936,56,5.61,2.24,12586310
4713,125,86310,Wray,2012,2412,2228,184,2.38,995,935,60,6.06,2.24,12586310
4714,125,86310,Wray,2013,2380,2226,155,2.39,995,930,65,6.5,2.24,12586310
4715,125,86310,Wray,2014,2410,2227,183,2.4,998,928,70,7.06,2.23,12586310
4716,125,86310,Wray,2015,2341,2221,121,2.41,1001,922,79,7.9,2.22,12586310
4717,125,86310,Wray,2016,2343,2214,130,2.42,1001,916,85,8.5,2.21,12586310
4718,125,86310,Wray,2017,2303,2211,92,2.42,1003,912,91,9.09,2.2,12586310
4719,125,86310,Wray,2018,2289,2207,82,2.43,1003,907,96,9.56,2.2,12586310
4720,125,86310,Wray,2019,2310,2203,107,2.44,1003,903,100,9.97,2.2,12586310
4721,125,86310,Wray,2020,2366,2193,173,2.44,1004,899,105,10.46,2.18,12586310
4722,125,86310,Wray,2021,2336,2188,148,2.43,1004,899,105,10.46,2.18,12586310
4723,125,86310,Wray,2022,2346,2202,144,2.45,1005,900,105,10.45,2.19,12586310
4724,125,86310,Wray,2023,2379,2235,144,2.44,1023,916,107,10.46,2.18,12586310
4725,125,86310,Wray,2024,2410,2259,151,2.44,1033,925,108,10.45,2.19,12586310
4726,107,86475,Yampa,2010,427,427,0,2.69,195,159,36,18.69,2.19,10786475
4727,107,86475,Yampa,2011,394,394,0,2.45,195,161,34,17.54,2.02,10786475
4728,107,86475,Yampa,2012,394,394,0,2.44,196,161,35,17.68,2.01,10786475
4729,107,86475,Yampa,2013,395,395,0,2.44,197,162,35,17.82,2.01,10786475
4730,107,86475,Yampa,2014,393,393,0,2.43,197,162,35,17.96,1.99,10786475
4731,107,86475,Yampa,2015,392,392,0,2.43,197,161,36,18.12,1.99,10786475
4732,107,86475,Yampa,2016,392,392,0,2.42,198,162,36,18.28,1.98,10786475
4733,107,86475,Yampa,2017,394,394,0,2.42,200,163,37,18.46,1.97,10786475
4734,107,86475,Yampa,2018,393,393,0,2.41,200,163,37,18.62,1.97,10786475
4735,107,86475,Yampa,2019,395,395,0,2.41,202,164,38,18.81,1.96,10786475
4736,107,86475,Yampa,2020,398,398,0,2.4,204,166,38,18.63,1.95,10786475
4737,107,86475,Yampa,2021,405,405,0,2.41,207,168,39,18.84,1.96,10786475
4738,107,86475,Yampa,2022,400,400,0,2.35,209,170,39,18.66,1.91,10786475
4739,107,86475,Yampa,2023,401,401,0,2.32,212,173,39,18.4,1.89,10786475
4740,107,86475,Yampa,2024,391,391,0,2.26,212,173,39,18.4,1.84,10786475
4741,125,86750,Yuma,2010,3520,3469,51,2.63,1435,1318,117,8.19,2.42,12586750
4742,125,86750,Yuma,2011,3526,3454,73,2.54,1433,1362,71,4.95,2.41,12586750
4743,125,86750,Yuma,2012,3508,3443,65,2.54,1432,1358,74,5.15,2.4,12586750
4744,125,86750,Yuma,2013,3596,3437,159,2.53,1432,1356,76,5.32,2.4,12586750
4745,125,86750,Yuma,2014,3612,3430,182,2.53,1433,1353,80,5.56,2.39,12586750
4746,125,86750,Yuma,2015,3539,3419,120,2.53,1435,1349,86,5.99,2.38,12586750
4747,125,86750,Yuma,2016,3548,3413,134,2.53,1436,1347,89,6.2,2.38,12586750
4748,125,86750,Yuma,2017,3508,3414,95,2.53,1439,1347,92,6.38,2.37,12586750
4749,125,86750,Yuma,2018,3490,3406,85,2.53,1437,1344,93,6.46,2.37,12586750
4750,125,86750,Yuma,2019,3513,3403,110,2.53,1437,1344,93,6.47,2.37,12586750
4751,125,86750,Yuma,2020,3442,3397,45,2.52,1440,1347,93,6.46,2.36,12586750
4752,125,86750,Yuma,2021,3433,3399,34,2.52,1444,1351,93,6.44,2.35,12586750
4753,125,86750,Yuma,2022,3440,3421,19,2.53,1446,1353,93,6.43,2.37,12586750
4754,125,86750,Yuma,2023,3429,3416,13,2.52,1448,1354,94,6.49,2.36,12586750
4755,125,86750,Yuma,2024,3433,3420,13,2.53,1448,1354,94,6.49,2.36,12586750
4756,1,99990,Unincorporated Adams County,2010,88553,88245,308,2.99,31259,29517,1742,5.57,2.82,199990
4757,1,99990,Unincorporated Adams County,2011,89951,89642,309,2.99,31376,29947,1429,4.56,2.86,199990
4758,1,99990,Unincorporated Adams County,2012,91338,91027,311,3,31493,30374,1119,3.55,2.89,199990
4759,1,99990,Unincorporated Adams County,2013,92673,92361,312,3,31610,30782,828,2.62,2.92,199990
4760,1,99990,Unincorporated Adams County,2014,93903,93589,314,3,31727,31155,572,1.8,2.95,199990
4761,1,99990,Unincorporated Adams County,2015,95152,94837,315,3.01,31843,31537,306,0.96,2.98,199990
4762,1,99990,Unincorporated Adams County,2016,95878,95561,316,3.01,31960,31740,220,0.69,2.99,199990
4763,1,99990,Unincorporated Adams County,2017,96718,96400,318,3.01,32445,31987,458,1.41,2.97,199990
4764,1,99990,Unincorporated Adams County,2018,97795,97476,319,3.02,32968,32323,645,1.96,2.96,199990
4765,1,99990,Unincorporated Adams County,2019,98358,98038,320,3.02,33475,32491,984,2.94,2.93,199990
4766,1,99990,Unincorporated Adams County,2020,99177,98826,351,3.01,34108,32844,1264,3.71,2.9,199990
4767,1,99990,Unincorporated Adams County,2021,98791,98440,351,2.98,34334,33061,1273,3.71,2.87,199990
4768,1,99990,Unincorporated Adams County,2022,98790,98439,351,2.95,34639,33355,1284,3.71,2.84,199990
4769,1,99990,Unincorporated Adams County,2023,99336,98985,351,2.94,34950,33654,1296,3.71,2.83,199990
4770,1,99990,Unincorporated Adams County,2024,99550,99199,351,2.93,35150,33847,1303,3.71,2.82,199990
4771,3,99990,Unincorporated Alamosa County,2010,6575,6507,68,2.57,2824,2530,294,10.41,2.3,399990
4772,3,99990,Unincorporated Alamosa County,2011,6560,6492,68,2.57,2817,2525,292,10.38,2.3,399990
4773,3,99990,Unincorporated Alamosa County,2012,6557,6489,68,2.57,2808,2523,285,10.15,2.31,399990
4774,3,99990,Unincorporated Alamosa County,2013,6563,6495,68,2.57,2811,2526,285,10.15,2.31,399990
4775,3,99990,Unincorporated Alamosa County,2014,6526,6458,68,2.57,2820,2512,308,10.93,2.29,399990
4776,3,99990,Unincorporated Alamosa County,2015,6535,6467,68,2.57,2823,2515,308,10.89,2.29,399990
4777,3,99990,Unincorporated Alamosa County,2016,6545,6477,68,2.57,2821,2520,301,10.68,2.3,399990
4778,3,99990,Unincorporated Alamosa County,2017,6510,6442,68,2.57,2806,2505,301,10.73,2.3,399990
4779,3,99990,Unincorporated Alamosa County,2018,6516,6448,68,2.57,2810,2508,302,10.76,2.29,399990
4780,3,99990,Unincorporated Alamosa County,2019,6488,6420,68,2.57,2792,2496,296,10.6,2.3,399990
4781,3,99990,Unincorporated Alamosa County,2020,6468,6409,59,2.56,2796,2502,294,10.52,2.29,399990
4782,3,99990,Unincorporated Alamosa County,2021,6585,6526,59,2.57,2838,2539,299,10.54,2.3,399990
4783,3,99990,Unincorporated Alamosa County,2022,6641,6582,59,2.55,2882,2579,303,10.51,2.28,399990
4784,3,99990,Unincorporated Alamosa County,2023,6685,6626,59,2.54,2920,2613,307,10.51,2.27,399990
4785,3,99990,Unincorporated Alamosa County,2024,6665,6606,59,2.5,2952,2641,311,10.54,2.24,399990
4786,5,99990,Unincorporated Arapahoe County,2010,84919,84202,717,2.61,34055,32260,1795,5.27,2.47,599990
4787,5,99990,Unincorporated Arapahoe County,2011,86439,85725,714,2.62,34174,32678,1496,4.38,2.51,599990
4788,5,99990,Unincorporated Arapahoe County,2012,87789,87058,731,2.64,34160,33024,1136,3.33,2.55,599990
4789,5,99990,Unincorporated Arapahoe County,2013,89971,89221,750,2.65,34502,33683,819,2.37,2.59,599990
4790,5,99990,Unincorporated Arapahoe County,2014,91650,90882,767,2.66,34900,34128,772,2.21,2.6,599990
4791,5,99990,Unincorporated Arapahoe County,2015,93265,92476,789,2.68,35077,34543,534,1.52,2.64,599990
4792,5,99990,Unincorporated Arapahoe County,2016,96085,95277,808,2.69,35924,35414,510,1.42,2.65,599990
4793,5,99990,Unincorporated Arapahoe County,2017,95950,95124,826,2.7,36114,35189,925,2.56,2.63,599990
4794,5,99990,Unincorporated Arapahoe County,2018,96981,96136,845,2.72,36409,35404,1005,2.76,2.64,599990
4795,5,99990,Unincorporated Arapahoe County,2019,97065,96202,863,2.73,36579,35269,1310,3.58,2.63,599990
4796,5,99990,Unincorporated Arapahoe County,2020,97088,96403,685,2.73,37009,35306,1703,4.6,2.6,599990
4797,5,99990,Unincorporated Arapahoe County,2021,97617,96981,636,2.69,37856,36114,1742,4.6,2.56,599990
4798,5,99990,Unincorporated Arapahoe County,2022,97891,97255,636,2.64,38630,36852,1778,4.6,2.52,599990
4799,5,99990,Unincorporated Arapahoe County,2023,98450,97808,642,2.63,39012,37217,1795,4.6,2.51,599990
4800,5,99990,Unincorporated Arapahoe County,2024,99025,98409,616,2.62,39307,37498,1809,4.6,2.5,599990
4801,7,99990,Unincorporated Archuleta County,2010,10336,10273,63,2.26,7817,4542,3275,41.9,1.31,799990
4802,7,99990,Unincorporated Archuleta County,2011,10255,10194,61,2.26,7847,4505,3342,42.59,1.3,799990
4803,7,99990,Unincorporated Archuleta County,2012,10341,10282,59,2.26,7878,4541,3337,42.36,1.31,799990
4804,7,99990,Unincorporated Archuleta County,2013,10376,10319,57,2.27,7915,4554,3361,42.47,1.3,799990
4805,7,99990,Unincorporated Archuleta County,2014,10330,10275,55,2.27,7966,4531,3435,43.12,1.29,799990
4806,7,99990,Unincorporated Archuleta County,2015,10428,10375,53,2.27,8019,4572,3447,42.98,1.29,799990
4807,7,99990,Unincorporated Archuleta County,2016,10773,10722,51,2.27,8094,4722,3372,41.66,1.32,799990
4808,7,99990,Unincorporated Archuleta County,2017,11165,11116,49,2.27,8196,4892,3304,40.31,1.36,799990
4809,7,99990,Unincorporated Archuleta County,2018,11446,11399,47,2.27,8331,5013,3318,39.83,1.37,799990
4810,7,99990,Unincorporated Archuleta County,2019,11610,11565,45,2.28,8453,5082,3371,39.88,1.37,799990
4811,7,99990,Unincorporated Archuleta County,2020,11852,11798,54,2.28,8562,5174,3388,39.57,1.38,799990
4812,7,99990,Unincorporated Archuleta County,2021,12182,12128,54,2.31,8684,5247,3437,39.58,1.4,799990
4813,7,99990,Unincorporated Archuleta County,2022,12323,12269,54,2.3,8841,5342,3499,39.58,1.39,799990
4814,7,99990,Unincorporated Archuleta County,2023,12453,12399,54,2.29,8964,5417,3547,39.57,1.38,799990
4815,7,99990,Unincorporated Archuleta County,2024,12389,12335,54,2.25,9062,5476,3586,39.57,1.36,799990
4816,9,99990,Unincorporated Baca County,2010,1388,1388,0,2.71,708,512,196,27.67,1.96,999990
4817,9,99990,Unincorporated Baca County,2011,1383,1383,0,2.36,708,586,122,17.25,1.95,999990
4818,9,99990,Unincorporated Baca County,2012,1357,1357,0,2.37,708,573,135,19.05,1.92,999990
4819,9,99990,Unincorporated Baca County,2013,1335,1335,0,2.33,708,572,136,19.16,1.89,999990
4820,9,99990,Unincorporated Baca County,2014,1311,1311,0,2.29,708,572,136,19.27,1.85,999990
4821,9,99990,Unincorporated Baca County,2015,1301,1301,0,2.28,708,571,137,19.39,1.84,999990
4822,9,99990,Unincorporated Baca County,2016,1295,1295,0,2.27,708,570,138,19.52,1.83,999990
4823,9,99990,Unincorporated Baca County,2017,1302,1302,0,2.31,708,563,145,20.48,1.84,999990
4824,9,99990,Unincorporated Baca County,2018,1315,1315,0,2.34,708,562,146,20.62,1.86,999990
4825,9,99990,Unincorporated Baca County,2019,1323,1323,0,2.36,708,561,147,20.76,1.87,999990
4826,9,99990,Unincorporated Baca County,2020,1273,1273,0,2.35,708,541,167,23.59,1.8,999990
4827,9,99990,Unincorporated Baca County,2021,1282,1282,0,2.36,711,543,168,23.63,1.8,999990
4828,9,99990,Unincorporated Baca County,2022,1260,1260,0,2.32,711,543,168,23.63,1.77,999990
4829,9,99990,Unincorporated Baca County,2023,1242,1242,0,2.29,711,543,168,23.63,1.75,999990
4830,9,99990,Unincorporated Baca County,2024,1232,1232,0,2.27,711,543,168,23.63,1.73,999990
4831,11,99990,Unincorporated Bent County,2010,4093,1963,2130,2.61,933,753,180,19.34,2.1,1199990
4832,11,99990,Unincorporated Bent County,2011,3919,1883,2036,2.36,938,796,142,15.11,2.01,1199990
4833,11,99990,Unincorporated Bent County,2012,3467,1859,1608,2.36,940,786,154,16.33,1.98,1199990
4834,11,99990,Unincorporated Bent County,2013,3459,1822,1637,2.36,944,771,173,18.28,1.93,1199990
4835,11,99990,Unincorporated Bent County,2014,3570,1779,1791,2.36,946,753,193,20.37,1.88,1199990
4836,11,99990,Unincorporated Bent County,2015,3649,1820,1829,2.36,946,771,175,18.46,1.92,1199990
4837,11,99990,Unincorporated Bent County,2016,3466,1809,1657,2.36,950,767,183,19.29,1.9,1199990
4838,11,99990,Unincorporated Bent County,2017,3679,1823,1856,2.36,952,773,179,18.79,1.91,1199990
4839,11,99990,Unincorporated Bent County,2018,3693,1839,1854,2.36,955,780,175,18.28,1.93,1199990
4840,11,99990,Unincorporated Bent County,2019,3700,1844,1856,2.36,958,783,175,18.27,1.92,1199990
4841,11,99990,Unincorporated Bent County,2020,3198,1862,1336,2.33,958,798,160,16.7,1.94,1199990
4842,11,99990,Unincorporated Bent County,2021,3017,1913,1104,2.39,963,802,161,16.72,1.99,1199990
4843,11,99990,Unincorporated Bent County,2022,3110,1879,1231,2.33,969,807,162,16.72,1.94,1199990
4844,11,99990,Unincorporated Bent County,2023,3337,1917,1420,2.35,979,815,164,16.75,1.96,1199990
4845,11,99990,Unincorporated Bent County,2024,3413,1898,1515,2.32,982,818,164,16.7,1.93,1199990
4846,13,99990,Unincorporated Boulder County,2010,43434,43381,53,2.33,21251,18581,2670,12.56,2.04,1399990
4847,13,99990,Unincorporated Boulder County,2011,44355,44300,55,2.34,21221,18968,2253,10.62,2.09,1399990
4848,13,99990,Unincorporated Boulder County,2012,45681,45623,57,2.34,21240,19536,1704,8.02,2.15,1399990
4849,13,99990,Unincorporated Boulder County,2013,46287,46228,60,2.34,21248,19794,1454,6.84,2.18,1399990
4850,13,99990,Unincorporated Boulder County,2014,46039,45978,62,2.34,21177,19682,1495,7.06,2.17,1399990
4851,13,99990,Unincorporated Boulder County,2015,46858,46794,63,2.34,21117,20030,1087,5.15,2.22,1399990
4852,13,99990,Unincorporated Boulder County,2016,46933,46868,65,2.34,21065,20071,994,4.72,2.22,1399990
4853,13,99990,Unincorporated Boulder County,2017,45973,45905,67,2.33,21017,19675,1342,6.39,2.18,1399990
4854,13,99990,Unincorporated Boulder County,2018,45660,45590,69,2.33,20994,19557,1437,6.84,2.17,1399990
4855,13,99990,Unincorporated Boulder County,2019,43685,43613,72,2.33,20979,18723,2256,10.75,2.08,1399990
4856,13,99990,Unincorporated Boulder County,2020,43237,42858,379,2.31,20964,18520,2444,11.66,2.04,1399990
4857,13,99990,Unincorporated Boulder County,2021,42559,42180,379,2.28,20968,18524,2444,11.66,2.01,1399990
4858,13,99990,Unincorporated Boulder County,2022,41963,41584,379,2.26,20821,18394,2427,11.66,2,1399990
4859,13,99990,Unincorporated Boulder County,2023,41530,41151,379,2.23,20845,18415,2430,11.66,1.97,1399990
4860,13,99990,Unincorporated Boulder County,2024,41049,40670,379,2.2,20907,18470,2437,11.66,1.95,1399990
4861,15,99990,Unincorporated Chaffee County,2010,9204,7943,1261,2.23,5386,3565,1821,33.81,1.47,1599990
4862,15,99990,Unincorporated Chaffee County,2011,9294,7985,1309,2.23,5395,3583,1812,33.58,1.48,1599990
4863,15,99990,Unincorporated Chaffee County,2012,9387,8089,1297,2.23,5385,3631,1754,32.58,1.5,1599990
4864,15,99990,Unincorporated Chaffee County,2013,9388,8243,1145,2.23,5378,3701,1677,31.19,1.53,1599990
4865,15,99990,Unincorporated Chaffee County,2014,9436,8155,1282,2.23,5370,3660,1710,31.84,1.52,1599990
4866,15,99990,Unincorporated Chaffee County,2015,9410,8185,1226,2.23,5373,3673,1700,31.65,1.52,1599990
4867,15,99990,Unincorporated Chaffee County,2016,9662,8387,1275,2.23,5393,3763,1630,30.22,1.56,1599990
4868,15,99990,Unincorporated Chaffee County,2017,9838,8584,1254,2.23,5437,3851,1586,29.18,1.58,1599990
4869,15,99990,Unincorporated Chaffee County,2018,9914,8659,1255,2.23,5478,3883,1595,29.12,1.58,1599990
4870,15,99990,Unincorporated Chaffee County,2019,9986,8750,1236,2.23,5535,3923,1612,29.12,1.58,1599990
4871,15,99990,Unincorporated Chaffee County,2020,9990,8870,1120,2.23,5607,3983,1624,28.96,1.58,1599990
4872,15,99990,Unincorporated Chaffee County,2021,9861,9016,845,2.22,5705,4053,1652,28.96,1.58,1599990
4873,15,99990,Unincorporated Chaffee County,2022,10058,8955,1103,2.16,5845,4152,1693,28.96,1.53,1599990
4874,15,99990,Unincorporated Chaffee County,2023,10169,9037,1132,2.13,5980,4248,1732,28.96,1.51,1599990
4875,15,99990,Unincorporated Chaffee County,2024,10201,9192,1009,2.11,6123,4350,1773,28.96,1.5,1599990
4876,17,99990,Unincorporated Cheyenne County,2010,756,756,0,2.96,328,255,73,22.25,2.3,1799990
4877,17,99990,Unincorporated Cheyenne County,2011,713,713,0,2.45,328,291,37,11.37,2.17,1799990
4878,17,99990,Unincorporated Cheyenne County,2012,716,716,0,2.47,328,290,38,11.58,2.18,1799990
4879,17,99990,Unincorporated Cheyenne County,2013,720,720,0,2.48,336,290,46,13.64,2.14,1799990
4880,17,99990,Unincorporated Cheyenne County,2014,724,724,0,2.5,337,290,47,14.03,2.15,1799990
4881,17,99990,Unincorporated Cheyenne County,2015,728,728,0,2.51,343,289,54,15.64,2.12,1799990
4882,17,99990,Unincorporated Cheyenne County,2016,727,727,0,2.53,348,287,61,17.42,2.09,1799990
4883,17,99990,Unincorporated Cheyenne County,2017,729,729,0,2.55,351,286,65,18.4,2.08,1799990
4884,17,99990,Unincorporated Cheyenne County,2018,733,733,0,2.56,354,286,68,19.18,2.07,1799990
4885,17,99990,Unincorporated Cheyenne County,2019,737,737,0,2.58,358,286,72,20.11,2.06,1799990
4886,17,99990,Unincorporated Cheyenne County,2020,741,741,0,2.57,375,288,87,23.2,1.98,1799990
4887,17,99990,Unincorporated Cheyenne County,2021,734,734,0,2.51,380,292,88,23.16,1.93,1799990
4888,17,99990,Unincorporated Cheyenne County,2022,753,753,0,2.51,391,300,91,23.27,1.93,1799990
4889,17,99990,Unincorporated Cheyenne County,2023,771,771,0,2.5,402,309,93,23.13,1.92,1799990
4890,17,99990,Unincorporated Cheyenne County,2024,769,769,0,2.49,402,309,93,23.13,1.91,1799990
4891,19,99990,Unincorporated Clear Creek County,2010,5896,5881,15,2.34,3490,2514,976,27.95,1.69,1999990
4892,19,99990,Unincorporated Clear Creek County,2011,5787,5778,9,2.23,3501,2591,910,26.01,1.65,1999990
4893,19,99990,Unincorporated Clear Creek County,2012,5763,5752,11,2.23,3516,2584,932,26.52,1.64,1999990
4894,19,99990,Unincorporated Clear Creek County,2013,5733,5724,9,2.22,3511,2575,936,26.65,1.63,1999990
4895,19,99990,Unincorporated Clear Creek County,2014,5793,5781,12,2.22,3549,2606,943,26.56,1.63,1999990
4896,19,99990,Unincorporated Clear Creek County,2015,5853,5843,10,2.21,3557,2639,918,25.81,1.64,1999990
4897,19,99990,Unincorporated Clear Creek County,2016,5898,5889,9,2.21,3569,2664,905,25.35,1.65,1999990
4898,19,99990,Unincorporated Clear Creek County,2017,6027,6017,10,2.21,3579,2727,852,23.8,1.68,1999990
4899,19,99990,Unincorporated Clear Creek County,2018,5969,5959,10,2.2,3595,2706,889,24.74,1.66,1999990
4900,19,99990,Unincorporated Clear Creek County,2019,5978,5968,10,2.2,3612,2714,898,24.86,1.65,1999990
4901,19,99990,Unincorporated Clear Creek County,2020,5914,5907,7,2.18,3626,2707,919,25.34,1.63,1999990
4902,19,99990,Unincorporated Clear Creek County,2021,5961,5954,7,2.19,3640,2717,923,25.36,1.64,1999990
4903,19,99990,Unincorporated Clear Creek County,2022,5840,5833,7,2.14,3657,2730,927,25.35,1.6,1999990
4904,19,99990,Unincorporated Clear Creek County,2023,5712,5705,7,2.08,3670,2740,930,25.34,1.55,1999990
4905,19,99990,Unincorporated Clear Creek County,2024,5688,5681,7,2.06,3687,2753,934,25.33,1.54,1999990
4906,21,99990,Unincorporated Conejos County,2010,4399,4369,30,2.99,2278,1460,818,35.9,1.92,2199990
4907,21,99990,Unincorporated Conejos County,2011,4523,4491,32,2.62,2289,1713,576,25.15,1.96,2199990
4908,21,99990,Unincorporated Conejos County,2012,4474,4440,34,2.61,2299,1699,600,26.09,1.93,2199990
4909,21,99990,Unincorporated Conejos County,2013,4425,4388,37,2.6,2309,1685,624,27.02,1.9,2199990
4910,21,99990,Unincorporated Conejos County,2014,4372,4333,39,2.6,2319,1669,650,28.02,1.87,2199990
4911,21,99990,Unincorporated Conejos County,2015,4324,4283,41,2.59,2329,1655,674,28.94,1.84,2199990
4912,21,99990,Unincorporated Conejos County,2016,4257,4213,44,2.58,2344,1633,711,30.31,1.8,2199990
4913,21,99990,Unincorporated Conejos County,2017,4192,4146,46,2.57,2358,1613,745,31.61,1.76,2199990
4914,21,99990,Unincorporated Conejos County,2018,4112,4064,48,2.56,2373,1586,787,33.16,1.71,2199990
4915,21,99990,Unincorporated Conejos County,2019,4028,3978,50,2.55,2394,1558,836,34.92,1.66,2199990
4916,21,99990,Unincorporated Conejos County,2020,3957,3902,55,2.54,2417,1538,879,36.37,1.61,2199990
4917,21,99990,Unincorporated Conejos County,2021,4037,3990,47,2.55,2457,1563,894,36.39,1.62,2199990
4918,21,99990,Unincorporated Conejos County,2022,4041,3997,44,2.51,2501,1591,910,36.39,1.6,2199990
4919,21,99990,Unincorporated Conejos County,2023,4020,3976,44,2.46,2545,1619,926,36.39,1.56,2199990
4920,21,99990,Unincorporated Conejos County,2024,4052,3992,60,2.44,2573,1637,936,36.38,1.55,2199990
4921,23,99990,Unincorporated Costilla County,2010,2525,2525,0,2.66,1763,949,814,46.17,1.43,2399990
4922,23,99990,Unincorporated Costilla County,2011,2579,2579,0,2.23,1817,1158,659,36.28,1.42,2399990
4923,23,99990,Unincorporated Costilla County,2012,2573,2573,0,2.22,1817,1160,657,36.16,1.42,2399990
4924,23,99990,Unincorporated Costilla County,2013,2566,2566,0,2.21,1817,1162,655,36.07,1.41,2399990
4925,23,99990,Unincorporated Costilla County,2014,2568,2568,0,2.2,1817,1167,650,35.77,1.41,2399990
4926,23,99990,Unincorporated Costilla County,2015,2571,2571,0,2.19,1817,1173,644,35.46,1.41,2399990
4927,23,99990,Unincorporated Costilla County,2016,2573,2573,0,2.18,1817,1178,639,35.15,1.42,2399990
4928,23,99990,Unincorporated Costilla County,2017,2574,2574,0,2.17,1817,1183,634,34.88,1.42,2399990
4929,23,99990,Unincorporated Costilla County,2018,2576,2576,0,2.17,1819,1189,630,34.63,1.42,2399990
4930,23,99990,Unincorporated Costilla County,2019,2577,2577,0,2.16,1880,1194,686,36.49,1.37,2399990
4931,23,99990,Unincorporated Costilla County,2020,2582,2582,0,2.13,1948,1211,737,37.83,1.33,2399990
4932,23,99990,Unincorporated Costilla County,2021,2667,2667,0,2.2,1948,1211,737,37.83,1.37,2399990
4933,23,99990,Unincorporated Costilla County,2022,2664,2664,0,2.2,1948,1211,737,37.83,1.37,2399990
4934,23,99990,Unincorporated Costilla County,2023,2677,2677,0,2.21,1948,1211,737,37.83,1.37,2399990
4935,23,99990,Unincorporated Costilla County,2024,2721,2721,0,2.25,1948,1211,737,37.83,1.4,2399990
4936,25,99990,Unincorporated Crowley County,2010,3970,1323,2647,2.67,578,496,82,14.22,2.29,2599990
4937,25,99990,Unincorporated Crowley County,2011,3953,1291,2662,2.48,581,520,61,10.43,2.22,2599990
4938,25,99990,Unincorporated Crowley County,2012,3959,1287,2673,2.47,583,521,62,10.57,2.21,2599990
4939,25,99990,Unincorporated Crowley County,2013,3968,1281,2688,2.46,583,522,61,10.54,2.2,2599990
4940,25,99990,Unincorporated Crowley County,2014,3986,1278,2708,2.44,586,523,63,10.75,2.18,2599990
4941,25,99990,Unincorporated Crowley County,2015,4003,1278,2725,2.43,593,526,67,11.29,2.16,2599990
4942,25,99990,Unincorporated Crowley County,2016,4012,1277,2735,2.42,598,528,70,11.65,2.14,2599990
4943,25,99990,Unincorporated Crowley County,2017,4033,1273,2760,2.41,601,529,72,11.93,2.12,2599990
4944,25,99990,Unincorporated Crowley County,2018,4046,1270,2776,2.39,604,531,73,12.13,2.1,2599990
4945,25,99990,Unincorporated Crowley County,2019,4057,1265,2792,2.38,605,531,74,12.23,2.09,2599990
4946,25,99990,Unincorporated Crowley County,2020,3896,1266,2630,2.35,606,539,67,11.06,2.09,2599990
4947,25,99990,Unincorporated Crowley County,2021,3876,1314,2562,2.42,610,543,67,10.98,2.15,2599990
4948,25,99990,Unincorporated Crowley County,2022,3758,1294,2464,2.38,612,544,68,11.11,2.11,2599990
4949,25,99990,Unincorporated Crowley County,2023,3835,1295,2540,2.28,640,569,71,11.09,2.02,2599990
4950,25,99990,Unincorporated Crowley County,2024,3821,1361,2460,2.28,671,597,74,11.03,2.03,2599990
4951,27,99990,Unincorporated Custer County,2010,3212,3212,0,2.43,2928,1322,1606,54.86,1.1,2799990
4952,27,99990,Unincorporated Custer County,2011,3261,3261,0,2.17,2981,1504,1477,49.56,1.09,2799990
4953,27,99990,Unincorporated Custer County,2012,3311,3311,0,2.17,3042,1527,1515,49.8,1.09,2799990
4954,27,99990,Unincorporated Custer County,2013,3354,3354,0,2.17,3092,1547,1545,49.96,1.08,2799990
4955,27,99990,Unincorporated Custer County,2014,3391,3391,0,2.17,3135,1564,1571,50.1,1.08,2799990
4956,27,99990,Unincorporated Custer County,2015,3428,3428,0,2.17,3176,1582,1594,50.2,1.08,2799990
4957,27,99990,Unincorporated Custer County,2016,3460,3460,0,2.17,3214,1597,1617,50.32,1.08,2799990
4958,27,99990,Unincorporated Custer County,2017,3503,3503,0,2.17,3267,1617,1650,50.5,1.07,2799990
4959,27,99990,Unincorporated Custer County,2018,3548,3548,0,2.17,3327,1638,1689,50.77,1.07,2799990
4960,27,99990,Unincorporated Custer County,2019,3608,3608,0,2.17,3398,1666,1732,50.97,1.06,2799990
4961,27,99990,Unincorporated Custer County,2020,3682,3682,0,2.17,3472,1700,1772,51.04,1.06,2799990
4962,27,99990,Unincorporated Custer County,2021,3949,3949,0,2.25,3578,1752,1826,51.03,1.1,2799990
4963,27,99990,Unincorporated Custer County,2022,4172,4172,0,2.3,3702,1812,1890,51.05,1.13,2799990
4964,27,99990,Unincorporated Custer County,2023,4343,4343,0,2.33,3814,1867,1947,51.05,1.14,2799990
4965,27,99990,Unincorporated Custer County,2024,4357,4357,0,2.28,3907,1913,1994,51.04,1.12,2799990
4966,29,99990,Unincorporated Delta County,2010,13808,13323,485,2.41,6724,5526,1198,17.82,1.98,2999990
4967,29,99990,Unincorporated Delta County,2011,13534,13071,463,2.41,6730,5432,1298,19.29,1.94,2999990
4968,29,99990,Unincorporated Delta County,2012,13612,13095,517,2.4,6740,5453,1287,19.1,1.94,2999990
4969,29,99990,Unincorporated Delta County,2013,13503,13158,345,2.4,6750,5490,1260,18.67,1.95,2999990
4970,29,99990,Unincorporated Delta County,2014,13353,12855,498,2.39,6758,5373,1385,20.49,1.9,2999990
4971,29,99990,Unincorporated Delta County,2015,13329,12811,518,2.39,6777,5365,1412,20.83,1.89,2999990
4972,29,99990,Unincorporated Delta County,2016,13670,13125,545,2.38,6780,5507,1273,18.77,1.94,2999990
4973,29,99990,Unincorporated Delta County,2017,13839,13257,582,2.38,6782,5574,1208,17.81,1.95,2999990
4974,29,99990,Unincorporated Delta County,2018,14027,13445,583,2.37,6784,5663,1121,16.52,1.98,2999990
4975,29,99990,Unincorporated Delta County,2019,14142,13538,604,2.37,6787,5713,1074,15.82,1.99,2999990
4976,29,99990,Unincorporated Delta County,2020,13821,13540,281,2.37,6789,5719,1070,15.76,1.99,2999990
4977,29,99990,Unincorporated Delta County,2021,13874,13677,197,2.39,6789,5719,1070,15.76,2.01,2999990
4978,29,99990,Unincorporated Delta County,2022,13889,13656,233,2.39,6789,5719,1070,15.76,2.01,2999990
4979,29,99990,Unincorporated Delta County,2023,13786,13786,0,2.41,6789,5719,1070,15.76,2.03,2999990
4980,29,99990,Unincorporated Delta County,2024,14158,13859,299,2.42,6789,5719,1070,15.76,2.04,2999990
4981,33,99990,Unincorporated Dolores County,2010,1062,1062,0,4.03,510,264,246,48.33,2.08,3399990
4982,33,99990,Unincorporated Dolores County,2011,964,964,0,2.3,546,420,126,23.12,1.77,3399990
4983,33,99990,Unincorporated Dolores County,2012,1012,1012,0,2.29,606,442,164,27.07,1.67,3399990
4984,33,99990,Unincorporated Dolores County,2013,1035,1035,0,2.29,635,453,182,28.69,1.63,3399990
4985,33,99990,Unincorporated Dolores County,2014,1057,1057,0,2.28,661,463,198,29.92,1.6,3399990
4986,33,99990,Unincorporated Dolores County,2015,1081,1081,0,2.28,691,475,216,31.32,1.56,3399990
4987,33,99990,Unincorporated Dolores County,2016,1102,1102,0,2.27,715,485,230,32.22,1.54,3399990
4988,33,99990,Unincorporated Dolores County,2017,1120,1120,0,2.27,735,494,241,32.85,1.52,3399990
4989,33,99990,Unincorporated Dolores County,2018,1145,1145,0,2.26,765,506,259,33.87,1.5,3399990
4990,33,99990,Unincorporated Dolores County,2019,1150,1150,0,2.26,765,509,256,33.46,1.5,3399990
4991,33,99990,Unincorporated Dolores County,2020,1152,1152,0,2.26,765,510,255,33.33,1.51,3399990
4992,33,99990,Unincorporated Dolores County,2021,1179,1179,0,2.28,775,516,259,33.42,1.52,3399990
4993,33,99990,Unincorporated Dolores County,2022,1229,1229,0,2.34,788,525,263,33.38,1.56,3399990
4994,33,99990,Unincorporated Dolores County,2023,1269,1269,0,2.39,796,530,266,33.42,1.59,3399990
4995,33,99990,Unincorporated Dolores County,2024,1233,1233,0,2.3,806,537,269,33.37,1.53,3399990
4996,35,99990,Unincorporated Douglas County,2010,172034,171823,211,2.77,64943,62104,2839,4.37,2.65,3599990
4997,35,99990,Unincorporated Douglas County,2011,174678,174455,224,2.77,65162,63082,2080,3.19,2.68,3599990
4998,35,99990,Unincorporated Douglas County,2012,177788,177540,248,2.76,65686,64224,1462,2.23,2.7,3599990
4999,35,99990,Unincorporated Douglas County,2013,180749,180386,363,2.76,66490,65262,1228,1.85,2.71,3599990
5000,35,99990,Unincorporated Douglas County,2014,184732,184343,389,2.76,67616,66737,879,1.3,2.73,3599990
5001,35,99990,Unincorporated Douglas County,2015,187767,187352,415,2.76,69066,67896,1170,1.69,2.71,3599990
5002,35,99990,Unincorporated Douglas County,2016,188094,187653,441,2.75,69017,68185,832,1.21,2.72,3599990
5003,35,99990,Unincorporated Douglas County,2017,189930,189463,467,2.75,70024,68898,1126,1.61,2.71,3599990
5004,35,99990,Unincorporated Douglas County,2018,193879,193386,492,2.74,73036,70489,2547,3.49,2.65,3599990
5005,35,99990,Unincorporated Douglas County,2019,195590,195072,518,2.74,74393,71306,3087,4.15,2.62,3599990
5006,35,99990,Unincorporated Douglas County,2020,198582,198027,555,2.73,75677,72635,3042,4.02,2.62,3599990
5007,35,99990,Unincorporated Douglas County,2021,201652,201103,549,2.72,77154,74053,3101,4.02,2.61,3599990
5008,35,99990,Unincorporated Douglas County,2022,202722,202168,554,2.69,78239,75094,3145,4.02,2.58,3599990
5009,35,99990,Unincorporated Douglas County,2023,204859,204292,567,2.66,80029,76812,3217,4.02,2.55,3599990
5010,35,99990,Unincorporated Douglas County,2024,208912,208329,583,2.65,81838,78548,3290,4.02,2.55,3599990
5011,37,99990,Unincorporated Eagle County,2010,23185,23185,0,2.79,13731,8313,5418,39.46,1.69,3799990
5012,37,99990,Unincorporated Eagle County,2011,23496,23496,0,2.77,13755,8473,5282,38.4,1.71,3799990
5013,37,99990,Unincorporated Eagle County,2012,23603,23603,0,2.77,13787,8512,5275,38.26,1.71,3799990
5014,37,99990,Unincorporated Eagle County,2013,23678,23678,0,2.77,13809,8542,5267,38.14,1.71,3799990
5015,37,99990,Unincorporated Eagle County,2014,23782,23782,0,2.77,13850,8582,5268,38.04,1.72,3799990
5016,37,99990,Unincorporated Eagle County,2015,23970,23970,0,2.77,13903,8647,5256,37.81,1.72,3799990
5017,37,99990,Unincorporated Eagle County,2016,24126,24126,0,2.77,13972,8706,5266,37.69,1.73,3799990
5018,37,99990,Unincorporated Eagle County,2017,24244,24244,0,2.77,14074,8760,5314,37.76,1.72,3799990
5019,37,99990,Unincorporated Eagle County,2018,24532,24532,0,2.77,14213,8864,5349,37.63,1.73,3799990
5020,37,99990,Unincorporated Eagle County,2019,24708,24708,0,2.76,14317,8937,5380,37.58,1.73,3799990
5021,37,99990,Unincorporated Eagle County,2020,24900,24890,10,2.74,14398,9073,5325,36.98,1.73,3799990
5022,37,99990,Unincorporated Eagle County,2021,24275,24265,10,2.66,14460,9113,5347,36.98,1.68,3799990
5023,37,99990,Unincorporated Eagle County,2022,23830,23820,10,2.61,14504,9140,5364,36.98,1.64,3799990
5024,37,99990,Unincorporated Eagle County,2023,23274,23264,10,2.54,14555,9172,5383,36.98,1.6,3799990
5025,37,99990,Unincorporated Eagle County,2024,22970,22960,10,2.49,14613,9209,5404,36.98,1.57,3799990
5026,39,99990,Unincorporated Elbert County,2010,20408,20400,8,2.76,7830,7398,432,5.52,2.61,3999990
5027,39,99990,Unincorporated Elbert County,2011,20368,20360,8,2.76,7842,7376,466,5.94,2.6,3999990
5028,39,99990,Unincorporated Elbert County,2012,20385,20377,8,2.76,7851,7374,477,6.07,2.6,3999990
5029,39,99990,Unincorporated Elbert County,2013,20529,20521,8,2.77,7875,7419,456,5.8,2.61,3999990
5030,39,99990,Unincorporated Elbert County,2014,20876,20868,8,2.77,7931,7536,395,4.98,2.63,3999990
5031,39,99990,Unincorporated Elbert County,2015,21328,21320,8,2.77,8023,7691,332,4.14,2.66,3999990
5032,39,99990,Unincorporated Elbert County,2016,21716,21708,8,2.78,8147,7823,324,3.98,2.66,3999990
5033,39,99990,Unincorporated Elbert County,2017,22171,22164,8,2.78,8243,7979,264,3.2,2.69,3999990
5034,39,99990,Unincorporated Elbert County,2018,22599,22592,8,2.78,8383,8125,258,3.08,2.69,3999990
5035,39,99990,Unincorporated Elbert County,2019,22803,22795,8,2.78,8537,8190,347,4.06,2.67,3999990
5036,39,99990,Unincorporated Elbert County,2020,23191,23180,11,2.79,8653,8306,347,4.01,2.68,3999990
5037,39,99990,Unincorporated Elbert County,2021,23804,23793,11,2.81,8822,8468,354,4.01,2.7,3999990
5038,39,99990,Unincorporated Elbert County,2022,24225,24214,11,2.76,9124,8758,366,4.01,2.65,3999990
5039,39,99990,Unincorporated Elbert County,2023,25089,25078,11,2.8,9340,8965,375,4.01,2.69,3999990
5040,39,99990,Unincorporated Elbert County,2024,25370,25359,11,2.76,9564,9180,384,4.02,2.65,3999990
5041,41,99990,Unincorporated El Paso County,2010,165517,154973,10544,2.88,57214,53836,3378,5.9,2.71,4199990
5042,41,99990,Unincorporated El Paso County,2011,168485,157931,10554,2.88,57709,54756,2953,5.12,2.74,4199990
5043,41,99990,Unincorporated El Paso County,2012,171799,161234,10565,2.89,58550,55799,2751,4.7,2.75,4199990
5044,41,99990,Unincorporated El Paso County,2013,174952,164377,10575,2.89,59508,56790,2718,4.57,2.76,4199990
5045,41,99990,Unincorporated El Paso County,2014,177929,167342,10587,2.9,60696,57715,2981,4.91,2.76,4199990
5046,41,99990,Unincorporated El Paso County,2015,181896,171300,10596,2.9,61873,58973,2900,4.69,2.77,4199990
5047,41,99990,Unincorporated El Paso County,2016,185856,175251,10605,2.91,62817,60215,2602,4.14,2.79,4199990
5048,41,99990,Unincorporated El Paso County,2017,190461,179846,10615,2.92,64229,61693,2536,3.95,2.8,4199990
5049,41,99990,Unincorporated El Paso County,2018,194713,184087,10625,2.92,65444,63037,2407,3.68,2.81,4199990
5050,41,99990,Unincorporated El Paso County,2019,198070,187435,10635,2.93,66816,64072,2744,4.11,2.81,4199990
5051,41,99990,Unincorporated El Paso County,2020,202378,189970,12408,2.92,68151,65132,3019,4.43,2.79,4199990
5052,41,99990,Unincorporated El Paso County,2021,204390,191982,12408,2.87,69958,66859,3099,4.43,2.74,4199990
5053,41,99990,Unincorporated El Paso County,2022,205156,192748,12408,2.81,71782,68602,3180,4.43,2.69,4199990
5054,41,99990,Unincorporated El Paso County,2023,206266,193858,12408,2.77,73352,70102,3250,4.43,2.64,4199990
5055,41,99990,Unincorporated El Paso County,2024,207802,195394,12408,2.72,75069,71743,3326,4.43,2.6,4199990
5056,43,99990,Unincorporated Fremont County,2010,24862,17823,7039,2.3,9530,7738,1792,18.81,1.87,4399990
5057,43,99990,Unincorporated Fremont County,2011,24992,17958,7034,2.32,9604,7738,1866,19.43,1.87,4399990
5058,43,99990,Unincorporated Fremont County,2012,24948,18053,6895,2.32,9634,7778,1856,19.27,1.87,4399990
5059,43,99990,Unincorporated Fremont County,2013,24922,18158,6764,2.32,9669,7822,1847,19.11,1.88,4399990
5060,43,99990,Unincorporated Fremont County,2014,24821,18157,6664,2.32,9669,7820,1849,19.13,1.88,4399990
5061,43,99990,Unincorporated Fremont County,2015,24851,18282,6569,2.32,9708,7872,1836,18.91,1.88,4399990
5062,43,99990,Unincorporated Fremont County,2016,24930,18399,6531,2.32,9747,7921,1826,18.73,1.89,4399990
5063,43,99990,Unincorporated Fremont County,2017,25137,18648,6490,2.32,9820,8027,1793,18.26,1.9,4399990
5064,43,99990,Unincorporated Fremont County,2018,25356,18959,6397,2.32,9902,8159,1743,17.6,1.91,4399990
5065,43,99990,Unincorporated Fremont County,2019,25614,19263,6351,2.32,9986,8289,1697,16.99,1.93,4399990
5066,43,99990,Unincorporated Fremont County,2020,26052,19590,6462,2.32,10072,8427,1645,16.33,1.94,4399990
5067,43,99990,Unincorporated Fremont County,2021,26126,19949,6177,2.35,10144,8487,1657,16.33,1.97,4399990
5068,43,99990,Unincorporated Fremont County,2022,26428,19968,6460,2.32,10269,8592,1677,16.33,1.94,4399990
5069,43,99990,Unincorporated Fremont County,2023,27155,20026,7129,2.31,10381,8686,1695,16.33,1.93,4399990
5070,43,99990,Unincorporated Fremont County,2024,26893,20049,6844,2.29,10457,8749,1708,16.33,1.92,4399990
5071,45,99990,Unincorporated Garfield County,2010,22541,22074,467,2.84,9311,7762,1549,16.64,2.37,4599990
5072,45,99990,Unincorporated Garfield County,2011,22095,21622,472,2.71,9329,7975,1354,14.51,2.32,4599990
5073,45,99990,Unincorporated Garfield County,2012,22231,21737,494,2.71,9354,8014,1340,14.33,2.32,4599990
5074,45,99990,Unincorporated Garfield County,2013,22376,21888,488,2.71,9369,8064,1305,13.93,2.34,4599990
5075,45,99990,Unincorporated Garfield County,2014,22582,22062,520,2.72,9401,8125,1276,13.57,2.35,4599990
5076,45,99990,Unincorporated Garfield County,2015,22803,22274,528,2.72,9445,8200,1245,13.18,2.36,4599990
5077,45,99990,Unincorporated Garfield County,2016,23205,22659,547,2.72,9531,8339,1192,12.51,2.38,4599990
5078,45,99990,Unincorporated Garfield County,2017,23585,23028,558,2.72,9606,8471,1135,11.81,2.4,4599990
5079,45,99990,Unincorporated Garfield County,2018,24041,23470,571,2.72,9694,8631,1063,10.96,2.42,4599990
5080,45,99990,Unincorporated Garfield County,2019,24431,23847,584,2.72,9765,8767,998,10.22,2.44,4599990
5081,45,99990,Unincorporated Garfield County,2020,24977,24419,558,2.72,9849,8969,880,8.93,2.48,4599990
5082,45,99990,Unincorporated Garfield County,2021,24962,24520,442,2.71,9931,9044,887,8.93,2.47,4599990
5083,45,99990,Unincorporated Garfield County,2022,25146,24573,573,2.67,10091,9189,902,8.94,2.44,4599990
5084,45,99990,Unincorporated Garfield County,2023,25418,24831,587,2.67,10216,9303,913,8.94,2.43,4599990
5085,45,99990,Unincorporated Garfield County,2024,25571,24965,606,2.66,10288,9369,919,8.93,2.43,4599990
5086,47,99990,Unincorporated Gilpin County,2010,4677,4628,49,2.45,2731,1886,845,30.96,1.69,4799990
5087,47,99990,Unincorporated Gilpin County,2011,4616,4568,48,2.24,2739,2042,697,25.45,1.67,4799990
5088,47,99990,Unincorporated Gilpin County,2012,4633,4586,47,2.24,2750,2047,703,25.56,1.67,4799990
5089,47,99990,Unincorporated Gilpin County,2013,4645,4599,46,2.24,2757,2050,707,25.63,1.67,4799990
5090,47,99990,Unincorporated Gilpin County,2014,4656,4611,45,2.25,2764,2053,711,25.74,1.67,4799990
5091,47,99990,Unincorporated Gilpin County,2015,4667,4623,44,2.25,2771,2055,716,25.83,1.67,4799990
5092,47,99990,Unincorporated Gilpin County,2016,4692,4648,44,2.25,2787,2064,723,25.94,1.67,4799990
5093,47,99990,Unincorporated Gilpin County,2017,4762,4720,43,2.25,2834,2094,740,26.11,1.67,4799990
5094,47,99990,Unincorporated Gilpin County,2018,4804,4762,42,2.26,2864,2109,755,26.36,1.66,4799990
5095,47,99990,Unincorporated Gilpin County,2019,4848,4807,41,2.26,2894,2127,767,26.5,1.66,4799990
5096,47,99990,Unincorporated Gilpin County,2020,4920,4872,48,2.26,2927,2155,772,26.38,1.66,4799990
5097,47,99990,Unincorporated Gilpin County,2021,4984,4936,48,2.28,2939,2164,775,26.37,1.68,4799990
5098,47,99990,Unincorporated Gilpin County,2022,5003,4955,48,2.28,2955,2176,779,26.36,1.68,4799990
5099,47,99990,Unincorporated Gilpin County,2023,5015,4967,48,2.26,2983,2196,787,26.38,1.67,4799990
5100,47,99990,Unincorporated Gilpin County,2024,5058,5010,48,2.26,3009,2215,794,26.39,1.67,4799990
5101,49,99990,Unincorporated Grand County,2010,8152,7988,164,2.37,8512,3373,5139,60.37,0.94,4999990
5102,49,99990,Unincorporated Grand County,2011,8153,7991,162,2.25,8563,3559,5004,58.44,0.93,4999990
5103,49,99990,Unincorporated Grand County,2012,8139,7979,160,2.24,8565,3565,5000,58.38,0.93,4999990
5104,49,99990,Unincorporated Grand County,2013,8148,7989,159,2.23,8565,3579,4986,58.21,0.93,4999990
5105,49,99990,Unincorporated Grand County,2014,8169,8012,157,2.23,8565,3598,4967,58,0.94,4999990
5106,49,99990,Unincorporated Grand County,2015,8182,8027,155,2.22,8567,3613,4954,57.82,0.94,4999990
5107,49,99990,Unincorporated Grand County,2016,8245,8091,153,2.22,8618,3652,4966,57.63,0.94,4999990
5108,49,99990,Unincorporated Grand County,2017,8321,8169,152,2.21,8682,3696,4986,57.43,0.94,4999990
5109,49,99990,Unincorporated Grand County,2018,8413,8264,150,2.21,8760,3747,5013,57.22,0.94,4999990
5110,49,99990,Unincorporated Grand County,2019,8511,8363,148,2.2,8846,3802,5044,57.02,0.95,4999990
5111,49,99990,Unincorporated Grand County,2020,8569,8421,148,2.18,8927,3870,5057,56.65,0.94,4999990
5112,49,99990,Unincorporated Grand County,2021,8705,8557,148,2.28,8651,3750,4901,56.65,0.99,4999990
5113,49,99990,Unincorporated Grand County,2022,8678,8530,148,2.25,8759,3797,4962,56.65,0.97,4999990
5114,49,99990,Unincorporated Grand County,2023,8747,8599,148,2.22,8927,3870,5057,56.65,0.96,4999990
5115,49,99990,Unincorporated Grand County,2024,8861,8713,148,2.18,9207,3991,5216,56.65,0.95,4999990
5116,51,99990,Unincorporated Gunnison County,2010,6959,6869,90,2.31,5869,2974,2895,49.33,1.17,5199990
5117,51,99990,Unincorporated Gunnison County,2011,6947,6857,90,2.31,5889,2966,2923,49.63,1.16,5199990
5118,51,99990,Unincorporated Gunnison County,2012,6911,6820,91,2.31,5910,2948,2962,50.12,1.15,5199990
5119,51,99990,Unincorporated Gunnison County,2013,6879,6788,91,2.32,5931,2932,2999,50.57,1.14,5199990
5120,51,99990,Unincorporated Gunnison County,2014,6936,6845,91,2.32,5951,2953,2998,50.37,1.15,5199990
5121,51,99990,Unincorporated Gunnison County,2015,7092,7000,91,2.32,5972,3018,2954,49.46,1.17,5199990
5122,51,99990,Unincorporated Gunnison County,2016,7203,7112,92,2.32,5992,3064,2928,48.87,1.19,5199990
5123,51,99990,Unincorporated Gunnison County,2017,7426,7334,92,2.32,6073,3158,2915,48.01,1.21,5199990
5124,51,99990,Unincorporated Gunnison County,2018,7519,7427,92,2.32,6163,3195,2968,48.16,1.21,5199990
5125,51,99990,Unincorporated Gunnison County,2019,7645,7553,92,2.33,6241,3246,2995,47.99,1.21,5199990
5126,51,99990,Unincorporated Gunnison County,2020,7593,7565,28,2.33,6467,3252,3215,49.71,1.17,5199990
5127,51,99990,Unincorporated Gunnison County,2021,7766,7738,28,2.36,6527,3282,3245,49.72,1.19,5199990
5128,51,99990,Unincorporated Gunnison County,2022,7699,7671,28,2.31,6600,3319,3281,49.71,1.16,5199990
5129,51,99990,Unincorporated Gunnison County,2023,7644,7616,28,2.27,6685,3362,3323,49.71,1.14,5199990
5130,51,99990,Unincorporated Gunnison County,2024,7642,7614,28,2.23,6798,3419,3379,49.71,1.12,5199990
5131,53,99990,Unincorporated Hinsdale County,2010,435,379,56,2.49,843,152,691,81.97,0.45,5399990
5132,53,99990,Unincorporated Hinsdale County,2011,427,377,50,2.22,844,169,675,79.92,0.45,5399990
5133,53,99990,Unincorporated Hinsdale County,2012,421,376,45,2.22,850,170,680,80.05,0.44,5399990
5134,53,99990,Unincorporated Hinsdale County,2013,413,374,39,2.21,853,169,684,80.2,0.44,5399990
5135,53,99990,Unincorporated Hinsdale County,2014,405,372,34,2.21,857,168,689,80.35,0.43,5399990
5136,53,99990,Unincorporated Hinsdale County,2015,398,370,28,2.2,861,168,693,80.49,0.43,5399990
5137,53,99990,Unincorporated Hinsdale County,2016,390,367,22,2.2,865,167,698,80.66,0.42,5399990
5138,53,99990,Unincorporated Hinsdale County,2017,382,365,17,2.19,870,167,703,80.83,0.42,5399990
5139,53,99990,Unincorporated Hinsdale County,2018,374,363,11,2.19,875,166,709,81.01,0.41,5399990
5140,53,99990,Unincorporated Hinsdale County,2019,367,361,6,2.19,880,165,715,81.25,0.41,5399990
5141,53,99990,Unincorporated Hinsdale County,2020,357,357,0,2.18,886,164,722,81.49,0.4,5399990
5142,53,99990,Unincorporated Hinsdale County,2021,349,349,0,2.12,893,165,728,81.52,0.39,5399990
5143,53,99990,Unincorporated Hinsdale County,2022,349,349,0,2.12,893,165,728,81.52,0.39,5399990
5144,53,99990,Unincorporated Hinsdale County,2023,345,345,0,2.07,903,167,736,81.51,0.38,5399990
5145,53,99990,Unincorporated Hinsdale County,2024,338,338,0,2,912,169,743,81.47,0.37,5399990
5146,55,99990,Unincorporated Huerfano County,2010,2824,2715,109,2.57,2261,1058,1203,53.19,1.2,5599990
5147,55,99990,Unincorporated Huerfano County,2011,2863,2758,105,2.1,2290,1313,977,42.67,1.2,5599990
5148,55,99990,Unincorporated Huerfano County,2012,2869,2768,101,2.1,2318,1319,999,43.08,1.19,5599990
5149,55,99990,Unincorporated Huerfano County,2013,2869,2772,97,2.09,2339,1323,1016,43.43,1.19,5599990
5150,55,99990,Unincorporated Huerfano County,2014,2855,2763,93,2.09,2345,1320,1025,43.69,1.18,5599990
5151,55,99990,Unincorporated Huerfano County,2015,2848,2759,89,2.09,2357,1321,1036,43.97,1.17,5599990
5152,55,99990,Unincorporated Huerfano County,2016,2850,2766,84,2.09,2384,1325,1059,44.41,1.16,5599990
5153,55,99990,Unincorporated Huerfano County,2017,2854,2774,80,2.08,2413,1331,1082,44.84,1.15,5599990
5154,55,99990,Unincorporated Huerfano County,2018,2855,2778,76,2.08,2444,1335,1109,45.38,1.14,5599990
5155,55,99990,Unincorporated Huerfano County,2019,2863,2791,72,2.08,2481,1343,1138,45.87,1.12,5599990
5156,55,99990,Unincorporated Huerfano County,2020,2906,2816,90,2.06,2528,1369,1159,45.85,1.11,5599990
5157,55,99990,Unincorporated Huerfano County,2021,2968,2878,90,2.09,2540,1376,1164,45.83,1.13,5599990
5158,55,99990,Unincorporated Huerfano County,2022,3058,2968,90,2.12,2583,1399,1184,45.84,1.15,5599990
5159,55,99990,Unincorporated Huerfano County,2023,3051,2961,90,2.1,2603,1410,1193,45.83,1.14,5599990
5160,55,99990,Unincorporated Huerfano County,2024,3062,2972,90,2.07,2647,1434,1213,45.83,1.12,5599990
5161,57,99990,Unincorporated Jackson County,2010,783,783,0,2.53,790,310,480,60.81,0.99,5799990
5162,57,99990,Unincorporated Jackson County,2011,803,803,0,2.18,796,368,428,53.78,1.01,5799990
5163,57,99990,Unincorporated Jackson County,2012,798,798,0,2.17,798,368,430,53.94,1,5799990
5164,57,99990,Unincorporated Jackson County,2013,794,794,0,2.16,800,367,433,54.11,0.99,5799990
5165,57,99990,Unincorporated Jackson County,2014,791,791,0,2.15,804,367,437,54.33,0.98,5799990
5166,57,99990,Unincorporated Jackson County,2015,788,788,0,2.14,810,368,442,54.6,0.97,5799990
5167,57,99990,Unincorporated Jackson County,2016,785,785,0,2.13,814,368,446,54.83,0.96,5799990
5168,57,99990,Unincorporated Jackson County,2017,779,779,0,2.12,819,367,452,55.21,0.95,5799990
5169,57,99990,Unincorporated Jackson County,2018,782,782,0,2.11,829,370,459,55.39,0.94,5799990
5170,57,99990,Unincorporated Jackson County,2019,778,778,0,2.1,835,370,465,55.69,0.93,5799990
5171,57,99990,Unincorporated Jackson County,2020,772,772,0,2.09,839,369,470,56.02,0.92,5799990
5172,57,99990,Unincorporated Jackson County,2021,765,765,0,2.06,845,372,473,55.98,0.91,5799990
5173,57,99990,Unincorporated Jackson County,2022,739,739,0,1.98,847,373,474,55.96,0.87,5799990
5174,57,99990,Unincorporated Jackson County,2023,738,738,0,1.97,852,375,477,55.99,0.87,5799990
5175,57,99990,Unincorporated Jackson County,2024,717,717,0,1.91,855,376,479,56.02,0.84,5799990
5176,59,99990,Unincorporated Jefferson County,2010,188020,186443,1577,2.55,77343,73166,4177,5.4,2.41,5999990
5177,59,99990,Unincorporated Jefferson County,2011,189404,187793,1611,2.55,77426,73703,3723,4.81,2.43,5999990
5178,59,99990,Unincorporated Jefferson County,2012,191022,189339,1683,2.55,77501,74318,3183,4.11,2.44,5999990
5179,59,99990,Unincorporated Jefferson County,2013,192539,190799,1739,2.55,77696,74902,2794,3.6,2.46,5999990
5180,59,99990,Unincorporated Jefferson County,2014,194119,192467,1652,2.55,77861,75560,2301,2.95,2.47,5999990
5181,59,99990,Unincorporated Jefferson County,2015,195250,193567,1683,2.55,78330,75990,2340,2.99,2.47,5999990
5182,59,99990,Unincorporated Jefferson County,2016,196839,195023,1816,2.55,78650,76571,2079,2.64,2.48,5999990
5183,59,99990,Unincorporated Jefferson County,2017,198039,196126,1913,2.55,79506,77024,2482,3.12,2.47,5999990
5184,59,99990,Unincorporated Jefferson County,2018,198616,196717,1899,2.55,79856,77263,2593,3.25,2.46,5999990
5185,59,99990,Unincorporated Jefferson County,2019,199091,197151,1940,2.55,80547,77441,3106,3.86,2.45,5999990
5186,59,99990,Unincorporated Jefferson County,2020,199100,197178,1922,2.54,81014,77548,3466,4.28,2.43,5999990
5187,59,99990,Unincorporated Jefferson County,2021,197356,195503,1853,2.52,81207,77733,3474,4.28,2.41,5999990
5188,59,99990,Unincorporated Jefferson County,2022,195911,194079,1832,2.46,82444,78917,3527,4.28,2.35,5999990
5189,59,99990,Unincorporated Jefferson County,2023,196537,194630,1907,2.44,83285,79722,3563,4.28,2.34,5999990
5190,59,99990,Unincorporated Jefferson County,2024,196474,194765,1709,2.43,83789,80205,3584,4.28,2.32,5999990
5191,61,99990,Unincorporated Kiowa County,2010,634,634,0,2.95,292,215,77,26.49,2.17,6199990
5192,61,99990,Unincorporated Kiowa County,2011,569,569,0,2.37,297,240,57,19.04,1.92,6199990
5193,61,99990,Unincorporated Kiowa County,2012,576,576,0,2.39,298,241,57,19.17,1.93,6199990
5194,61,99990,Unincorporated Kiowa County,2013,582,582,0,2.42,300,241,59,19.7,1.94,6199990
5195,61,99990,Unincorporated Kiowa County,2014,586,586,0,2.44,304,240,64,21,1.93,6199990
5196,61,99990,Unincorporated Kiowa County,2015,595,595,0,2.47,304,241,63,20.65,1.96,6199990
5197,61,99990,Unincorporated Kiowa County,2016,603,603,0,2.49,304,242,62,20.3,1.98,6199990
5198,61,99990,Unincorporated Kiowa County,2017,611,611,0,2.52,305,243,62,20.31,2,6199990
5199,61,99990,Unincorporated Kiowa County,2018,620,620,0,2.54,305,244,61,19.94,2.03,6199990
5200,61,99990,Unincorporated Kiowa County,2019,629,629,0,2.57,305,245,60,19.67,2.06,6199990
5201,61,99990,Unincorporated Kiowa County,2020,652,636,16,2.61,307,244,63,20.52,2.07,6199990
5202,61,99990,Unincorporated Kiowa County,2021,657,641,16,2.6,311,247,64,20.58,2.06,6199990
5203,61,99990,Unincorporated Kiowa County,2022,650,634,16,2.54,315,250,65,20.63,2.01,6199990
5204,61,99990,Unincorporated Kiowa County,2023,628,612,16,2.43,317,252,65,20.5,1.93,6199990
5205,61,99990,Unincorporated Kiowa County,2024,647,631,16,2.48,320,254,66,20.63,1.97,6199990
5206,63,99990,Unincorporated Kit Carson County,2010,2271,2271,0,2.57,1070,884,186,17.36,2.12,6399990
5207,63,99990,Unincorporated Kit Carson County,2011,2301,2301,0,2.47,1070,932,138,12.89,2.15,6399990
5208,63,99990,Unincorporated Kit Carson County,2012,2310,2310,0,2.47,1070,936,134,12.55,2.16,6399990
5209,63,99990,Unincorporated Kit Carson County,2013,2319,2319,0,2.47,1070,939,131,12.23,2.17,6399990
5210,63,99990,Unincorporated Kit Carson County,2014,2214,2214,0,2.47,1070,896,174,16.24,2.07,6399990
5211,63,99990,Unincorporated Kit Carson County,2015,2215,2215,0,2.47,1070,897,173,16.2,2.07,6399990
5212,63,99990,Unincorporated Kit Carson County,2016,2226,2226,0,2.47,1070,901,169,15.8,2.08,6399990
5213,63,99990,Unincorporated Kit Carson County,2017,2237,2237,0,2.47,1070,905,165,15.4,2.09,6399990
5214,63,99990,Unincorporated Kit Carson County,2018,2234,2234,0,2.47,1070,904,166,15.53,2.09,6399990
5215,63,99990,Unincorporated Kit Carson County,2019,2236,2236,0,2.47,1070,904,166,15.51,2.09,6399990
5216,63,99990,Unincorporated Kit Carson County,2020,2235,2235,0,2.46,1070,907,163,15.23,2.09,6399990
5217,63,99990,Unincorporated Kit Carson County,2021,2187,2187,0,2.41,1070,907,163,15.23,2.04,6399990
5218,63,99990,Unincorporated Kit Carson County,2022,2210,2210,0,2.44,1070,907,163,15.23,2.07,6399990
5219,63,99990,Unincorporated Kit Carson County,2023,2210,2210,0,2.44,1070,907,163,15.23,2.07,6399990
5220,63,99990,Unincorporated Kit Carson County,2024,2227,2227,0,2.45,1073,910,163,15.19,2.08,6399990
5221,65,99990,Unincorporated Lake County,2010,4690,4612,78,2.64,2597,1744,853,32.85,1.78,6599990
5222,65,99990,Unincorporated Lake County,2011,4628,4624,4,2.64,2597,1753,844,32.49,1.78,6599990
5223,65,99990,Unincorporated Lake County,2012,4526,4521,4,2.63,2597,1718,879,33.85,1.74,6599990
5224,65,99990,Unincorporated Lake County,2013,4501,4496,5,2.63,2597,1713,884,34.04,1.73,6599990
5225,65,99990,Unincorporated Lake County,2014,4498,4494,5,2.62,2597,1716,881,33.91,1.73,6599990
5226,65,99990,Unincorporated Lake County,2015,4533,4528,5,2.61,2597,1734,863,33.24,1.74,6599990
5227,65,99990,Unincorporated Lake County,2016,4595,4589,5,2.6,2608,1762,846,32.44,1.76,6599990
5228,65,99990,Unincorporated Lake County,2017,4680,4674,6,2.6,2608,1799,809,31.01,1.79,6599990
5229,65,99990,Unincorporated Lake County,2018,4665,4659,6,2.59,2610,1798,812,31.11,1.79,6599990
5230,65,99990,Unincorporated Lake County,2019,4807,4801,6,2.58,2611,1858,753,28.84,1.84,6599990
5231,65,99990,Unincorporated Lake County,2020,4783,4693,90,2.57,2610,1825,785,30.08,1.8,6599990
5232,65,99990,Unincorporated Lake County,2021,4786,4696,90,2.55,2639,1845,794,30.09,1.78,6599990
5233,65,99990,Unincorporated Lake County,2022,4727,4637,90,2.46,2693,1883,810,30.08,1.72,6599990
5234,65,99990,Unincorporated Lake County,2023,4731,4641,90,2.43,2731,1910,821,30.06,1.7,6599990
5235,65,99990,Unincorporated Lake County,2024,4725,4635,90,2.4,2763,1932,831,30.08,1.68,6599990
5236,67,99990,Unincorporated La Plata County,2010,31496,31403,93,2.43,16775,12932,3843,22.91,1.87,6799990
5237,67,99990,Unincorporated La Plata County,2011,31735,31642,93,2.42,16857,13073,3784,22.45,1.88,6799990
5238,67,99990,Unincorporated La Plata County,2012,31956,31864,92,2.41,16887,13208,3679,21.79,1.89,6799990
5239,67,99990,Unincorporated La Plata County,2013,32390,32298,92,2.4,16930,13433,3497,20.66,1.91,6799990
5240,67,99990,Unincorporated La Plata County,2014,32693,32601,92,2.4,17018,13602,3416,20.07,1.92,6799990
5241,67,99990,Unincorporated La Plata County,2015,33058,32966,92,2.39,17075,13797,3278,19.2,1.93,6799990
5242,67,99990,Unincorporated La Plata County,2016,33260,33169,91,2.38,17122,13922,3200,18.69,1.94,6799990
5243,67,99990,Unincorporated La Plata County,2017,33248,33157,91,2.38,17182,13961,3221,18.75,1.93,6799990
5244,67,99990,Unincorporated La Plata County,2018,33286,33195,91,2.37,17324,14012,3312,19.12,1.92,6799990
5245,67,99990,Unincorporated La Plata County,2019,32958,32868,90,2.36,17479,13916,3563,20.38,1.88,6799990
5246,67,99990,Unincorporated La Plata County,2020,32914,32886,28,2.35,17621,13998,3623,20.56,1.87,6799990
5247,67,99990,Unincorporated La Plata County,2021,33325,33297,28,2.36,17773,14118,3655,20.56,1.87,6799990
5248,67,99990,Unincorporated La Plata County,2022,33339,33311,28,2.33,17986,14288,3698,20.56,1.85,6799990
5249,67,99990,Unincorporated La Plata County,2023,33224,33196,28,2.3,18192,14451,3741,20.56,1.82,6799990
5250,67,99990,Unincorporated La Plata County,2024,33324,33296,28,2.29,18335,14565,3770,20.56,1.82,6799990
5251,69,99990,Unincorporated Larimer County,2010,65976,65147,829,2.47,33106,26393,6713,20.28,1.97,6999990
5252,69,99990,Unincorporated Larimer County,2011,66989,66141,847,2.47,33067,26804,6263,18.94,2,6999990
5253,69,99990,Unincorporated Larimer County,2012,68222,67357,865,2.47,33053,27306,5747,17.39,2.04,6999990
5254,69,99990,Unincorporated Larimer County,2013,68562,67680,882,2.47,33079,27453,5626,17.01,2.05,6999990
5255,69,99990,Unincorporated Larimer County,2014,69429,68531,898,2.46,33132,27821,5311,16.03,2.07,6999990
5256,69,99990,Unincorporated Larimer County,2015,70755,69844,911,2.46,33128,28376,4752,14.35,2.11,6999990
5257,69,99990,Unincorporated Larimer County,2016,70951,70023,928,2.46,33110,28473,4637,14,2.11,6999990
5258,69,99990,Unincorporated Larimer County,2017,69595,68651,943,2.46,33199,27946,5253,15.82,2.07,6999990
5259,69,99990,Unincorporated Larimer County,2018,69515,68555,959,2.45,33307,27942,5365,16.11,2.06,6999990
5260,69,99990,Unincorporated Larimer County,2019,68663,67687,976,2.45,33384,27644,5740,17.19,2.03,6999990
5261,69,99990,Unincorporated Larimer County,2020,66582,66074,508,2.43,33431,27173,6258,18.72,1.98,6999990
5262,69,99990,Unincorporated Larimer County,2021,66349,65841,508,2.44,33239,27017,6222,18.72,1.98,6999990
5263,69,99990,Unincorporated Larimer County,2022,66506,65998,508,2.43,33351,27108,6243,18.72,1.98,6999990
5264,69,99990,Unincorporated Larimer County,2023,66644,66136,508,2.43,33472,27207,6265,18.72,1.98,6999990
5265,69,99990,Unincorporated Larimer County,2024,66873,66365,508,2.43,33658,27358,6300,18.72,1.97,6999990
5266,71,99990,Unincorporated Las Animas County,2010,5507,5028,479,2.61,2901,1924,977,33.67,1.73,7199990
5267,71,99990,Unincorporated Las Animas County,2011,5397,4926,471,2.26,2960,2175,785,26.53,1.66,7199990
5268,71,99990,Unincorporated Las Animas County,2012,5394,4967,426,2.26,3035,2201,834,27.47,1.64,7199990
5269,71,99990,Unincorporated Las Animas County,2013,5460,5041,419,2.25,3157,2242,915,28.98,1.6,7199990
5270,71,99990,Unincorporated Las Animas County,2014,5497,5045,452,2.24,3190,2252,938,29.39,1.58,7199990
5271,71,99990,Unincorporated Las Animas County,2015,5474,5029,444,2.23,3193,2254,939,29.42,1.58,7199990
5272,71,99990,Unincorporated Las Animas County,2016,5452,5017,435,2.22,3196,2257,939,29.39,1.57,7199990
5273,71,99990,Unincorporated Las Animas County,2017,5431,5006,425,2.21,3202,2260,942,29.41,1.56,7199990
5274,71,99990,Unincorporated Las Animas County,2018,5404,5007,397,2.21,3223,2269,954,29.59,1.55,7199990
5275,71,99990,Unincorporated Las Animas County,2019,5418,5011,407,2.2,3256,2280,976,29.98,1.54,7199990
5276,71,99990,Unincorporated Las Animas County,2020,5380,4978,402,2.19,3276,2269,1007,30.74,1.52,7199990
5277,71,99990,Unincorporated Las Animas County,2021,5214,5028,186,2.2,3302,2287,1015,30.74,1.52,7199990
5278,71,99990,Unincorporated Las Animas County,2022,5239,5051,188,2.19,3336,2311,1025,30.73,1.51,7199990
5279,71,99990,Unincorporated Las Animas County,2023,5377,5090,287,2.18,3370,2334,1036,30.74,1.51,7199990
5280,71,99990,Unincorporated Las Animas County,2024,5574,5092,482,2.16,3400,2355,1045,30.74,1.5,7199990
5281,73,99990,Unincorporated Lincoln County,2010,2529,1590,939,2.56,788,620,168,21.32,2.02,7399990
5282,73,99990,Unincorporated Lincoln County,2011,2564,1626,938,2.42,788,672,116,14.67,2.06,7399990
5283,73,99990,Unincorporated Lincoln County,2012,2566,1626,940,2.42,791,672,119,15.01,2.06,7399990
5284,73,99990,Unincorporated Lincoln County,2013,2562,1626,936,2.42,797,672,125,15.64,2.04,7399990
5285,73,99990,Unincorporated Lincoln County,2014,2539,1627,912,2.42,802,672,130,16.15,2.03,7399990
5286,73,99990,Unincorporated Lincoln County,2015,2532,1625,907,2.42,804,671,133,16.49,2.02,7399990
5287,73,99990,Unincorporated Lincoln County,2016,2522,1625,897,2.42,812,671,141,17.31,2,7399990
5288,73,99990,Unincorporated Lincoln County,2017,2515,1623,893,2.42,817,671,146,17.93,1.99,7399990
5289,73,99990,Unincorporated Lincoln County,2018,2496,1601,894,2.42,823,661,162,19.65,1.95,7399990
5290,73,99990,Unincorporated Lincoln County,2019,2474,1588,886,2.42,826,656,170,20.58,1.92,7399990
5291,73,99990,Unincorporated Lincoln County,2020,2489,1579,910,2.41,828,655,173,20.89,1.91,7399990
5292,73,99990,Unincorporated Lincoln County,2021,2287,1585,702,2.41,832,658,174,20.91,1.91,7399990
5293,73,99990,Unincorporated Lincoln County,2022,2351,1579,772,2.39,837,662,175,20.91,1.89,7399990
5294,73,99990,Unincorporated Lincoln County,2023,2350,1576,774,2.37,842,666,176,20.9,1.87,7399990
5295,73,99990,Unincorporated Lincoln County,2024,2467,1556,911,2.33,846,669,177,20.92,1.84,7399990
5296,75,99990,Unincorporated Logan County,2010,6637,6541,96,2.72,2677,2403,274,10.25,2.44,7599990
5297,75,99990,Unincorporated Logan County,2011,6398,6302,96,2.48,2689,2546,143,5.31,2.34,7599990
5298,75,99990,Unincorporated Logan County,2012,6414,6314,100,2.47,2700,2551,149,5.51,2.34,7599990
5299,75,99990,Unincorporated Logan County,2013,6419,6318,101,2.47,2706,2553,153,5.65,2.33,7599990
5300,75,99990,Unincorporated Logan County,2014,6422,6327,94,2.47,2720,2557,163,5.98,2.33,7599990
5301,75,99990,Unincorporated Logan County,2015,6426,6332,94,2.47,2731,2559,172,6.28,2.32,7599990
5302,75,99990,Unincorporated Logan County,2016,6442,6350,92,2.47,2751,2567,184,6.68,2.31,7599990
5303,75,99990,Unincorporated Logan County,2017,6447,6356,91,2.47,2759,2570,189,6.85,2.3,7599990
5304,75,99990,Unincorporated Logan County,2018,6451,6362,89,2.47,2767,2573,194,7.01,2.3,7599990
5305,75,99990,Unincorporated Logan County,2019,6461,6372,89,2.47,2784,2577,207,7.44,2.29,7599990
5306,75,99990,Unincorporated Logan County,2020,6493,6403,90,2.47,2805,2594,211,7.52,2.28,7599990
5307,75,99990,Unincorporated Logan County,2021,6503,6413,90,2.46,2817,2605,212,7.53,2.28,7599990
5308,75,99990,Unincorporated Logan County,2022,6459,6369,90,2.43,2838,2624,214,7.54,2.24,7599990
5309,75,99990,Unincorporated Logan County,2023,6415,6325,90,2.4,2847,2633,214,7.52,2.22,7599990
5310,75,99990,Unincorporated Logan County,2024,6439,6349,90,2.41,2853,2638,215,7.54,2.23,7599990
5311,77,99990,Unincorporated Mesa County,2010,71124,70894,230,2.6,29729,27316,2413,8.12,2.38,7799990
5312,77,99990,Unincorporated Mesa County,2011,71275,71035,240,2.59,29762,27427,2335,7.84,2.39,7799990
5313,77,99990,Unincorporated Mesa County,2012,71166,70923,243,2.58,29796,27442,2354,7.9,2.38,7799990
5314,77,99990,Unincorporated Mesa County,2013,70848,70628,220,2.58,29885,27385,2500,8.37,2.36,7799990
5315,77,99990,Unincorporated Mesa County,2014,70862,70642,220,2.57,29964,27449,2515,8.39,2.36,7799990
5316,77,99990,Unincorporated Mesa County,2015,70968,70759,209,2.57,30075,27551,2524,8.39,2.35,7799990
5317,77,99990,Unincorporated Mesa County,2016,71660,71449,211,2.56,30149,27878,2271,7.53,2.37,7799990
5318,77,99990,Unincorporated Mesa County,2017,72206,71994,213,2.56,30195,28145,2050,6.79,2.38,7799990
5319,77,99990,Unincorporated Mesa County,2018,72743,72535,208,2.55,30267,28410,1857,6.14,2.4,7799990
5320,77,99990,Unincorporated Mesa County,2019,73114,72911,203,2.55,30540,28617,1923,6.3,2.39,7799990
5321,77,99990,Unincorporated Mesa County,2020,73303,73092,211,2.54,30861,28801,2060,6.68,2.37,7799990
5322,77,99990,Unincorporated Mesa County,2021,73556,73345,211,2.53,31003,28933,2070,6.68,2.37,7799990
5323,77,99990,Unincorporated Mesa County,2022,73705,73494,211,2.53,31172,29091,2081,6.68,2.36,7799990
5324,77,99990,Unincorporated Mesa County,2023,73900,73689,211,2.52,31384,29289,2095,6.68,2.35,7799990
5325,77,99990,Unincorporated Mesa County,2024,74255,74044,211,2.51,31559,29452,2107,6.68,2.35,7799990
5326,79,99990,Unincorporated Mineral County,2010,418,418,0,2.31,871,181,690,79.21,0.48,7999990
5327,79,99990,Unincorporated Mineral County,2011,467,467,0,2.14,876,219,657,75.04,0.53,7999990
5328,79,99990,Unincorporated Mineral County,2012,481,481,0,2.14,885,224,661,74.64,0.54,7999990
5329,79,99990,Unincorporated Mineral County,2013,489,489,0,2.15,889,228,661,74.41,0.55,7999990
5330,79,99990,Unincorporated Mineral County,2014,502,502,0,2.15,898,233,665,74.02,0.56,7999990
5331,79,99990,Unincorporated Mineral County,2015,509,509,0,2.16,901,236,665,73.81,0.56,7999990
5332,79,99990,Unincorporated Mineral County,2016,523,523,0,2.16,910,242,668,73.42,0.57,7999990
5333,79,99990,Unincorporated Mineral County,2017,540,540,0,2.16,922,249,673,72.95,0.59,7999990
5334,79,99990,Unincorporated Mineral County,2018,560,560,0,2.17,936,258,678,72.44,0.6,7999990
5335,79,99990,Unincorporated Mineral County,2019,580,580,0,2.17,951,267,684,71.92,0.61,7999990
5336,79,99990,Unincorporated Mineral County,2020,614,614,0,2.19,971,281,690,71.06,0.63,7999990
5337,79,99990,Unincorporated Mineral County,2021,664,664,0,2.21,1037,300,737,71.07,0.64,7999990
5338,79,99990,Unincorporated Mineral County,2022,664,664,0,2.19,1045,303,742,71,0.64,7999990
5339,79,99990,Unincorporated Mineral County,2023,672,672,0,2.2,1054,305,749,71.06,0.64,7999990
5340,79,99990,Unincorporated Mineral County,2024,671,671,0,2.19,1060,307,753,71.04,0.63,7999990
5341,81,99990,Unincorporated Moffat County,2010,3999,3996,3,2.76,1818,1450,368,20.23,2.2,8199990
5342,81,99990,Unincorporated Moffat County,2011,3849,3846,3,2.58,1823,1491,332,18.19,2.11,8199990
5343,81,99990,Unincorporated Moffat County,2012,3748,3745,3,2.58,1830,1452,378,20.65,2.05,8199990
5344,81,99990,Unincorporated Moffat County,2013,3761,3758,3,2.58,1839,1457,382,20.75,2.04,8199990
5345,81,99990,Unincorporated Moffat County,2014,3703,3700,3,2.58,1848,1435,413,22.36,2,8199990
5346,81,99990,Unincorporated Moffat County,2015,3744,3741,3,2.58,1856,1451,405,21.83,2.02,8199990
5347,81,99990,Unincorporated Moffat County,2016,3892,3888,3,2.58,1863,1509,354,19.02,2.09,8199990
5348,81,99990,Unincorporated Moffat County,2017,3895,3892,3,2.58,1870,1510,360,19.24,2.08,8199990
5349,81,99990,Unincorporated Moffat County,2018,3948,3945,3,2.58,1880,1531,349,18.56,2.1,8199990
5350,81,99990,Unincorporated Moffat County,2019,4006,4003,3,2.58,1893,1554,339,17.91,2.11,8199990
5351,81,99990,Unincorporated Moffat County,2020,3998,3997,1,2.56,1919,1559,360,18.76,2.08,8199990
5352,81,99990,Unincorporated Moffat County,2021,3979,3978,1,2.54,1926,1564,362,18.8,2.07,8199990
5353,81,99990,Unincorporated Moffat County,2022,3981,3980,1,2.54,1929,1567,362,18.77,2.06,8199990
5354,81,99990,Unincorporated Moffat County,2023,4039,4038,1,2.56,1939,1575,364,18.77,2.08,8199990
5355,81,99990,Unincorporated Moffat County,2024,4024,4023,1,2.53,1957,1589,368,18.8,2.06,8199990
5356,83,99990,Unincorporated Montezuma County,2010,14775,14746,29,2.5,7008,5895,1113,15.89,2.1,8399990
5357,83,99990,Unincorporated Montezuma County,2011,14821,14792,30,2.47,7008,5997,1011,14.42,2.11,8399990
5358,83,99990,Unincorporated Montezuma County,2012,14806,14776,30,2.46,7008,5997,1011,14.43,2.11,8399990
5359,83,99990,Unincorporated Montezuma County,2013,14791,14760,31,2.46,7008,5996,1012,14.44,2.11,8399990
5360,83,99990,Unincorporated Montezuma County,2014,14777,14746,32,2.46,7008,5996,1012,14.45,2.1,8399990
5361,83,99990,Unincorporated Montezuma County,2015,14836,14804,32,2.46,7050,6025,1025,14.53,2.1,8399990
5362,83,99990,Unincorporated Montezuma County,2016,14814,14781,33,2.45,7050,6021,1029,14.59,2.1,8399990
5363,83,99990,Unincorporated Montezuma County,2017,14793,14759,33,2.45,7050,6017,1033,14.65,2.09,8399990
5364,83,99990,Unincorporated Montezuma County,2018,14811,14777,34,2.45,7073,6030,1043,14.74,2.09,8399990
5365,83,99990,Unincorporated Montezuma County,2019,14904,14869,35,2.45,7137,6074,1063,14.89,2.08,8399990
5366,83,99990,Unincorporated Montezuma County,2020,15047,14999,48,2.45,7202,6129,1073,14.9,2.08,8399990
5367,83,99990,Unincorporated Montezuma County,2021,15237,15189,48,2.48,7202,6129,1073,14.9,2.11,8399990
5368,83,99990,Unincorporated Montezuma County,2022,15361,15313,48,2.5,7202,6129,1073,14.9,2.13,8399990
5369,83,99990,Unincorporated Montezuma County,2023,15402,15354,48,2.51,7202,6129,1073,14.9,2.13,8399990
5370,83,99990,Unincorporated Montezuma County,2024,15494,15446,48,2.52,7202,6129,1073,14.9,2.14,8399990
5371,85,99990,Unincorporated Montrose County,2010,18921,18895,26,2.89,7330,6542,788,10.76,2.58,8599990
5372,85,99990,Unincorporated Montrose County,2011,17981,17954,27,2.55,7401,7039,362,4.89,2.43,8599990
5373,85,99990,Unincorporated Montrose County,2012,18061,18034,27,2.55,7455,7073,382,5.13,2.42,8599990
5374,85,99990,Unincorporated Montrose County,2013,18170,18142,28,2.55,7520,7118,402,5.35,2.41,8599990
5375,85,99990,Unincorporated Montrose County,2014,18305,18277,28,2.55,7600,7173,427,5.62,2.4,8599990
5376,85,99990,Unincorporated Montrose County,2015,18419,18390,29,2.55,7673,7220,453,5.9,2.4,8599990
5377,85,99990,Unincorporated Montrose County,2016,18603,18574,29,2.55,7785,7295,490,6.29,2.39,8599990
5378,85,99990,Unincorporated Montrose County,2017,18795,18765,30,2.55,7906,7373,533,6.74,2.37,8599990
5379,85,99990,Unincorporated Montrose County,2018,19045,19014,31,2.54,8071,7474,597,7.39,2.36,8599990
5380,85,99990,Unincorporated Montrose County,2019,19192,19161,31,2.54,8203,7532,671,8.18,2.34,8599990
5381,85,99990,Unincorporated Montrose County,2020,19340,19306,34,2.54,8338,7608,730,8.76,2.32,8599990
5382,85,99990,Unincorporated Montrose County,2021,19431,19397,34,2.52,8431,7692,739,8.77,2.3,8599990
5383,85,99990,Unincorporated Montrose County,2022,19694,19660,34,2.51,8591,7838,753,8.76,2.29,8599990
5384,85,99990,Unincorporated Montrose County,2023,19858,19824,34,2.49,8713,7950,763,8.76,2.28,8599990
5385,85,99990,Unincorporated Montrose County,2024,20060,20026,34,2.49,8810,8038,772,8.76,2.27,8599990
5386,87,99990,Unincorporated Morgan County,2010,9370,9370,0,2.96,3705,3164,541,14.6,2.53,8799990
5387,87,99990,Unincorporated Morgan County,2011,9102,9102,0,2.68,3711,3393,318,8.57,2.45,8799990
5388,87,99990,Unincorporated Morgan County,2012,9058,9058,0,2.66,3731,3406,325,8.7,2.43,8799990
5389,87,99990,Unincorporated Morgan County,2013,9095,9095,0,2.65,3764,3429,335,8.91,2.42,8799990
5390,87,99990,Unincorporated Morgan County,2014,9113,9113,0,2.64,3801,3455,346,9.1,2.4,8799990
5391,87,99990,Unincorporated Morgan County,2015,9213,9213,0,2.65,3842,3481,361,9.39,2.4,8799990
5392,87,99990,Unincorporated Morgan County,2016,9230,9230,0,2.64,3864,3499,365,9.44,2.39,8799990
5393,87,99990,Unincorporated Morgan County,2017,9301,9301,0,2.64,3890,3517,373,9.58,2.39,8799990
5394,87,99990,Unincorporated Morgan County,2018,9491,9491,0,2.68,3938,3541,397,10.09,2.41,8799990
5395,87,99990,Unincorporated Morgan County,2019,9544,9544,0,2.68,3995,3558,437,10.94,2.39,8799990
5396,87,99990,Unincorporated Morgan County,2020,9543,9543,0,2.65,4063,3599,464,11.42,2.35,8799990
5397,87,99990,Unincorporated Morgan County,2021,9539,9539,0,2.62,4104,3635,469,11.43,2.32,8799990
5398,87,99990,Unincorporated Morgan County,2022,9595,9595,0,2.62,4140,3667,473,11.43,2.32,8799990
5399,87,99990,Unincorporated Morgan County,2023,9695,9695,0,2.63,4164,3689,475,11.41,2.33,8799990
5400,87,99990,Unincorporated Morgan County,2024,9831,9831,0,2.65,4193,3714,479,11.42,2.34,8799990
5401,89,99990,Unincorporated Otero County,2010,5316,5273,43,2.63,2311,2004,307,13.29,2.28,8999990
5402,89,99990,Unincorporated Otero County,2011,5104,5061,43,2.45,2313,2065,248,10.72,2.19,8999990
5403,89,99990,Unincorporated Otero County,2012,5100,5057,43,2.45,2316,2064,252,10.89,2.18,8999990
5404,89,99990,Unincorporated Otero County,2013,5097,5055,43,2.45,2320,2063,257,11.07,2.18,8999990
5405,89,99990,Unincorporated Otero County,2014,5093,5050,42,2.45,2324,2062,262,11.28,2.17,8999990
5406,89,99990,Unincorporated Otero County,2015,5105,5063,42,2.45,2325,2067,258,11.08,2.18,8999990
5407,89,99990,Unincorporated Otero County,2016,5093,5058,35,2.45,2329,2066,263,11.29,2.17,8999990
5408,89,99990,Unincorporated Otero County,2017,5082,5047,35,2.45,2333,2062,271,11.61,2.16,8999990
5409,89,99990,Unincorporated Otero County,2018,5088,5052,36,2.45,2339,2064,275,11.74,2.16,8999990
5410,89,99990,Unincorporated Otero County,2019,5095,5061,34,2.45,2350,2069,281,11.96,2.15,8999990
5411,89,99990,Unincorporated Otero County,2020,5062,5051,11,2.44,2359,2067,292,12.38,2.14,8999990
5412,89,99990,Unincorporated Otero County,2021,5048,5037,11,2.43,2365,2072,293,12.39,2.13,8999990
5413,89,99990,Unincorporated Otero County,2022,4997,4986,11,2.4,2375,2081,294,12.38,2.1,8999990
5414,89,99990,Unincorporated Otero County,2023,4974,4963,11,2.38,2382,2087,295,12.38,2.08,8999990
5415,89,99990,Unincorporated Otero County,2024,4915,4904,11,2.34,2393,2096,297,12.41,2.05,8999990
5416,91,99990,Unincorporated Ouray County,2010,2518,2518,0,2.16,1775,1164,611,34.42,1.42,9199990
5417,91,99990,Unincorporated Ouray County,2011,2501,2501,0,2.16,1785,1160,625,35.04,1.4,9199990
5418,91,99990,Unincorporated Ouray County,2012,2554,2554,0,2.15,1796,1188,608,33.86,1.42,9199990
5419,91,99990,Unincorporated Ouray County,2013,2588,2588,0,2.14,1809,1207,602,33.25,1.43,9199990
5420,91,99990,Unincorporated Ouray County,2014,2604,2604,0,2.14,1823,1218,605,33.16,1.43,9199990
5421,91,99990,Unincorporated Ouray County,2015,2620,2620,0,2.13,1837,1230,607,33.05,1.43,9199990
5422,91,99990,Unincorporated Ouray County,2016,2725,2725,0,2.12,1853,1283,570,30.79,1.47,9199990
5423,91,99990,Unincorporated Ouray County,2017,2727,2727,0,2.12,1873,1288,585,31.24,1.46,9199990
5424,91,99990,Unincorporated Ouray County,2018,2706,2706,0,2.11,1886,1283,603,31.99,1.43,9199990
5425,91,99990,Unincorporated Ouray County,2019,2793,2793,0,2.1,1914,1328,586,30.62,1.46,9199990
5426,91,99990,Unincorporated Ouray County,2020,2794,2794,0,2.1,1933,1332,601,31.09,1.45,9199990
5427,91,99990,Unincorporated Ouray County,2021,2910,2910,0,2.14,1975,1361,614,31.09,1.47,9199990
5428,91,99990,Unincorporated Ouray County,2022,2951,2951,0,2.11,2030,1399,631,31.08,1.45,9199990
5429,91,99990,Unincorporated Ouray County,2023,2973,2973,0,2.08,2077,1431,646,31.1,1.43,9199990
5430,91,99990,Unincorporated Ouray County,2024,2964,2964,0,2.04,2109,1453,656,31.1,1.41,9199990
5431,93,99990,Unincorporated Park County,2010,15308,15216,92,2.27,13231,6697,6534,49.39,1.15,9399990
5432,93,99990,Unincorporated Park County,2011,14961,14876,85,2.25,13231,6619,6612,49.98,1.12,9399990
5433,93,99990,Unincorporated Park County,2012,14798,14719,79,2.25,13231,6555,6676,50.46,1.11,9399990
5434,93,99990,Unincorporated Park County,2013,14780,14707,73,2.24,13231,6555,6676,50.46,1.11,9399990
5435,93,99990,Unincorporated Park County,2014,14820,14753,67,2.24,13231,6581,6650,50.26,1.12,9399990
5436,93,99990,Unincorporated Park County,2015,15008,14948,60,2.24,13231,6674,6557,49.56,1.13,9399990
5437,93,99990,Unincorporated Park County,2016,15479,15426,53,2.24,13231,6894,6337,47.9,1.17,9399990
5438,93,99990,Unincorporated Park County,2017,15871,15824,47,2.24,13231,7078,6153,46.5,1.2,9399990
5439,93,99990,Unincorporated Park County,2018,16348,16307,41,2.23,13231,7300,5931,44.83,1.23,9399990
5440,93,99990,Unincorporated Park County,2019,16491,16456,35,2.23,13403,7373,6030,44.99,1.23,9399990
5441,93,99990,Unincorporated Park County,2020,16395,16369,26,2.23,13550,7343,6207,45.81,1.21,9399990
5442,93,99990,Unincorporated Park County,2021,16709,16683,26,2.24,13751,7452,6299,45.81,1.21,9399990
5443,93,99990,Unincorporated Park County,2022,16874,16848,26,2.24,13896,7530,6366,45.81,1.21,9399990
5444,93,99990,Unincorporated Park County,2023,17070,17044,26,2.25,14005,7589,6416,45.81,1.22,9399990
5445,93,99990,Unincorporated Park County,2024,17255,17229,26,2.25,14112,7647,6465,45.81,1.22,9399990
5446,95,99990,Unincorporated Phillips County,2010,1156,1156,0,2.85,473,406,67,14.18,2.44,9599990
5447,95,99990,Unincorporated Phillips County,2011,1113,1113,0,2.52,474,441,33,6.97,2.35,9599990
5448,95,99990,Unincorporated Phillips County,2012,1116,1116,0,2.53,475,441,34,7.09,2.35,9599990
5449,95,99990,Unincorporated Phillips County,2013,1120,1120,0,2.54,480,442,38,7.95,2.33,9599990
5450,95,99990,Unincorporated Phillips County,2014,1130,1130,0,2.54,484,445,39,8.12,2.33,9599990
5451,95,99990,Unincorporated Phillips County,2015,1134,1134,0,2.55,488,445,43,8.83,2.32,9599990
5452,95,99990,Unincorporated Phillips County,2016,1142,1142,0,2.56,493,447,46,9.35,2.32,9599990
5453,95,99990,Unincorporated Phillips County,2017,1144,1144,0,2.56,493,447,46,9.39,2.32,9599990
5454,95,99990,Unincorporated Phillips County,2018,1143,1143,0,2.57,498,445,53,10.63,2.3,9599990
5455,95,99990,Unincorporated Phillips County,2019,1149,1149,0,2.58,503,446,57,11.33,2.28,9599990
5456,95,99990,Unincorporated Phillips County,2020,1150,1150,0,2.58,504,446,58,11.51,2.28,9599990
5457,95,99990,Unincorporated Phillips County,2021,1151,1151,0,2.56,507,449,58,11.44,2.27,9599990
5458,95,99990,Unincorporated Phillips County,2022,1149,1149,0,2.53,514,455,59,11.48,2.24,9599990
5459,95,99990,Unincorporated Phillips County,2023,1166,1166,0,2.52,522,462,60,11.49,2.23,9599990
5460,95,99990,Unincorporated Phillips County,2024,1174,1174,0,2.52,526,465,61,11.6,2.23,9599990
5461,97,99990,Unincorporated Pitkin County,2010,6740,6720,20,2.6,3688,2589,1099,29.81,1.82,9799990
5462,97,99990,Unincorporated Pitkin County,2011,6190,6170,20,2.32,3716,2664,1052,28.32,1.66,9799990
5463,97,99990,Unincorporated Pitkin County,2012,6205,6185,20,2.32,3733,2666,1067,28.59,1.66,9799990
5464,97,99990,Unincorporated Pitkin County,2013,6226,6206,20,2.32,3744,2670,1074,28.69,1.66,9799990
5465,97,99990,Unincorporated Pitkin County,2014,6290,6270,20,2.33,3773,2692,1081,28.64,1.66,9799990
5466,97,99990,Unincorporated Pitkin County,2015,6338,6318,20,2.33,3794,2708,1086,28.61,1.67,9799990
5467,97,99990,Unincorporated Pitkin County,2016,6345,6325,20,2.34,3824,2707,1117,29.21,1.65,9799990
5468,97,99990,Unincorporated Pitkin County,2017,6309,6289,20,2.34,3837,2688,1149,29.95,1.64,9799990
5469,97,99990,Unincorporated Pitkin County,2018,6290,6270,20,2.34,3847,2675,1172,30.46,1.63,9799990
5470,97,99990,Unincorporated Pitkin County,2019,6226,6206,20,2.35,3867,2644,1223,31.63,1.6,9799990
5471,97,99990,Unincorporated Pitkin County,2020,6198,6177,21,2.35,3870,2624,1246,32.2,1.6,9799990
5472,97,99990,Unincorporated Pitkin County,2021,6210,6189,21,2.34,3904,2647,1257,32.2,1.59,9799990
5473,97,99990,Unincorporated Pitkin County,2022,6058,6037,21,2.26,3943,2673,1270,32.21,1.53,9799990
5474,97,99990,Unincorporated Pitkin County,2023,5942,5921,21,2.2,3975,2695,1280,32.2,1.49,9799990
5475,97,99990,Unincorporated Pitkin County,2024,5943,5922,21,2.17,4020,2726,1294,32.19,1.47,9799990
5476,99,99990,Unincorporated Prowers County,2010,2937,2931,6,3.04,1182,965,217,18.32,2.48,9999990
5477,99,99990,Unincorporated Prowers County,2011,2701,2695,6,2.54,1182,1059,123,10.4,2.28,9999990
5478,99,99990,Unincorporated Prowers County,2012,2674,2668,6,2.55,1185,1047,138,11.65,2.25,9999990
5479,99,99990,Unincorporated Prowers County,2013,2638,2632,6,2.54,1186,1038,148,12.47,2.22,9999990
5480,99,99990,Unincorporated Prowers County,2014,2576,2570,6,2.49,1191,1030,161,13.5,2.16,9999990
5481,99,99990,Unincorporated Prowers County,2015,2540,2533,7,2.48,1194,1023,171,14.32,2.12,9999990
5482,99,99990,Unincorporated Prowers County,2016,2531,2524,7,2.49,1197,1013,184,15.35,2.11,9999990
5483,99,99990,Unincorporated Prowers County,2017,2540,2533,7,2.49,1201,1019,182,15.14,2.11,9999990
5484,99,99990,Unincorporated Prowers County,2018,2550,2543,7,2.44,1202,1042,160,13.27,2.12,9999990
5485,99,99990,Unincorporated Prowers County,2019,2552,2545,7,2.42,1202,1050,152,12.65,2.12,9999990
5486,99,99990,Unincorporated Prowers County,2020,2541,2533,8,2.45,1203,1035,168,13.97,2.11,9999990
5487,99,99990,Unincorporated Prowers County,2021,2538,2530,8,2.43,1209,1040,169,13.98,2.09,9999990
5488,99,99990,Unincorporated Prowers County,2022,2520,2512,8,2.41,1211,1042,169,13.96,2.07,9999990
5489,99,99990,Unincorporated Prowers County,2023,2511,2503,8,2.4,1214,1044,170,14,2.06,9999990
5490,99,99990,Unincorporated Prowers County,2024,2555,2547,8,2.43,1216,1046,170,13.98,2.09,9999990
5491,101,99990,Unincorporated Pueblo County,2010,52122,51854,268,2.66,21664,19527,2137,9.86,2.39,10199990
5492,101,99990,Unincorporated Pueblo County,2011,52520,52254,267,2.65,21822,19710,2112,9.68,2.39,10199990
5493,101,99990,Unincorporated Pueblo County,2012,52713,52447,265,2.65,21921,19815,2106,9.61,2.39,10199990
5494,101,99990,Unincorporated Pueblo County,2013,52792,52528,264,2.64,22027,19877,2150,9.76,2.38,10199990
5495,101,99990,Unincorporated Pueblo County,2014,52947,52684,263,2.64,22149,19967,2182,9.85,2.38,10199990
5496,101,99990,Unincorporated Pueblo County,2015,53489,53228,262,2.63,22181,20205,1976,8.91,2.4,10199990
5497,101,99990,Unincorporated Pueblo County,2016,54104,53844,260,2.63,22298,20472,1826,8.19,2.41,10199990
5498,101,99990,Unincorporated Pueblo County,2017,54673,54414,259,2.63,22416,20722,1694,7.56,2.43,10199990
5499,101,99990,Unincorporated Pueblo County,2018,55171,54913,258,2.62,22562,20946,1616,7.16,2.43,10199990
5500,101,99990,Unincorporated Pueblo County,2019,55463,55206,257,2.62,22770,21091,1679,7.37,2.42,10199990
5501,101,99990,Unincorporated Pueblo County,2020,56050,55797,253,2.61,23025,21347,1678,7.29,2.42,10199990
5502,101,99990,Unincorporated Pueblo County,2021,56676,56423,253,2.59,23528,21813,1715,7.29,2.4,10199990
5503,101,99990,Unincorporated Pueblo County,2022,56591,56338,253,2.52,24131,22372,1759,7.29,2.33,10199990
5504,101,99990,Unincorporated Pueblo County,2023,56690,56437,253,2.49,24477,22693,1784,7.29,2.31,10199990
5505,101,99990,Unincorporated Pueblo County,2024,56745,56492,253,2.47,24697,22897,1800,7.29,2.29,10199990
5506,103,99990,Unincorporated Rio Blanco County,2010,1816,1811,5,2.82,932,642,290,31.08,1.94,10399990
5507,103,99990,Unincorporated Rio Blanco County,2011,1686,1677,10,2.43,946,689,257,27.15,1.77,10399990
5508,103,99990,Unincorporated Rio Blanco County,2012,1697,1688,9,2.44,956,693,263,27.52,1.77,10399990
5509,103,99990,Unincorporated Rio Blanco County,2013,1717,1709,8,2.44,960,700,260,27.04,1.78,10399990
5510,103,99990,Unincorporated Rio Blanco County,2014,1732,1726,6,2.44,967,707,260,26.94,1.78,10399990
5511,103,99990,Unincorporated Rio Blanco County,2015,1755,1749,6,2.45,973,715,258,26.54,1.8,10399990
5512,103,99990,Unincorporated Rio Blanco County,2016,1782,1776,5,2.45,983,725,258,26.26,1.81,10399990
5513,103,99990,Unincorporated Rio Blanco County,2017,1796,1791,5,2.45,988,730,258,26.13,1.81,10399990
5514,103,99990,Unincorporated Rio Blanco County,2018,1816,1812,5,2.46,997,737,260,26.06,1.82,10399990
5515,103,99990,Unincorporated Rio Blanco County,2019,1840,1836,4,2.46,1011,746,265,26.21,1.82,10399990
5516,103,99990,Unincorporated Rio Blanco County,2020,1860,1855,5,2.46,1021,754,267,26.15,1.82,10399990
5517,103,99990,Unincorporated Rio Blanco County,2021,1858,1853,5,2.44,1028,759,269,26.17,1.8,10399990
5518,103,99990,Unincorporated Rio Blanco County,2022,1898,1893,5,2.47,1039,767,272,26.18,1.82,10399990
5519,103,99990,Unincorporated Rio Blanco County,2023,1936,1931,5,2.46,1065,786,279,26.2,1.81,10399990
5520,103,99990,Unincorporated Rio Blanco County,2024,1948,1943,5,2.45,1072,792,280,26.12,1.81,10399990
5521,105,99990,Unincorporated Rio Grande County,2010,5258,5161,97,2.64,2971,1958,1013,34.1,1.74,10599990
5522,105,99990,Unincorporated Rio Grande County,2011,5372,5278,94,2.5,2998,2110,888,29.62,1.76,10599990
5523,105,99990,Unincorporated Rio Grande County,2012,5370,5279,91,2.5,3019,2113,906,30,1.75,10599990
5524,105,99990,Unincorporated Rio Grande County,2013,5376,5289,88,2.49,3052,2120,932,30.53,1.73,10599990
5525,105,99990,Unincorporated Rio Grande County,2014,5369,5284,84,2.49,3066,2121,945,30.81,1.72,10599990
5526,105,99990,Unincorporated Rio Grande County,2015,5362,5281,81,2.49,3083,2123,960,31.15,1.71,10599990
5527,105,99990,Unincorporated Rio Grande County,2016,5354,5276,78,2.48,3100,2124,976,31.5,1.7,10599990
5528,105,99990,Unincorporated Rio Grande County,2017,5343,5268,75,2.48,3106,2123,983,31.64,1.7,10599990
5529,105,99990,Unincorporated Rio Grande County,2018,5339,5267,72,2.48,3137,2126,1011,32.24,1.68,10599990
5530,105,99990,Unincorporated Rio Grande County,2019,5323,5254,69,2.47,3149,2123,1026,32.58,1.67,10599990
5531,105,99990,Unincorporated Rio Grande County,2020,5281,5230,51,2.47,3163,2119,1044,33.01,1.65,10599990
5532,105,99990,Unincorporated Rio Grande County,2021,5240,5189,51,2.43,3189,2137,1052,32.99,1.63,10599990
5533,105,99990,Unincorporated Rio Grande County,2022,5231,5180,51,2.4,3223,2160,1063,32.98,1.61,10599990
5534,105,99990,Unincorporated Rio Grande County,2023,5191,5140,51,2.35,3265,2188,1077,32.99,1.57,10599990
5535,105,99990,Unincorporated Rio Grande County,2024,5178,5127,51,2.31,3311,2219,1092,32.98,1.55,10599990
5536,107,99990,Unincorporated Routt County,2010,8273,8216,57,2.52,4653,3264,1389,29.84,1.77,10799990
5537,107,99990,Unincorporated Routt County,2011,8224,8167,57,2.43,4661,3357,1304,27.97,1.75,10799990
5538,107,99990,Unincorporated Routt County,2012,8228,8165,63,2.43,4674,3358,1316,28.15,1.75,10799990
5539,107,99990,Unincorporated Routt County,2013,8222,8164,57,2.43,4689,3360,1329,28.34,1.74,10799990
5540,107,99990,Unincorporated Routt County,2014,8223,8167,56,2.43,4706,3363,1343,28.53,1.74,10799990
5541,107,99990,Unincorporated Routt County,2015,8263,8204,59,2.43,4745,3381,1364,28.76,1.73,10799990
5542,107,99990,Unincorporated Routt County,2016,8284,8227,57,2.43,4775,3392,1383,28.97,1.72,10799990
5543,107,99990,Unincorporated Routt County,2017,8337,8276,61,2.42,4823,3414,1409,29.21,1.72,10799990
5544,107,99990,Unincorporated Routt County,2018,8362,8301,62,2.42,4856,3426,1430,29.44,1.71,10799990
5545,107,99990,Unincorporated Routt County,2019,8396,8334,62,2.42,4896,3442,1454,29.7,1.7,10799990
5546,107,99990,Unincorporated Routt County,2020,8451,8439,12,2.41,4969,3499,1470,29.58,1.7,10799990
5547,107,99990,Unincorporated Routt County,2021,8550,8538,12,2.42,5015,3531,1484,29.59,1.7,10799990
5548,107,99990,Unincorporated Routt County,2022,8551,8539,12,2.37,5121,3606,1515,29.58,1.67,10799990
5549,107,99990,Unincorporated Routt County,2023,8609,8597,12,2.34,5215,3672,1543,29.59,1.65,10799990
5550,107,99990,Unincorporated Routt County,2024,8498,8486,12,2.28,5292,3726,1566,29.59,1.6,10799990
5551,109,99990,Unincorporated Saguache County,2010,3362,3362,0,2.73,1924,1234,690,35.88,1.75,10999990
5552,109,99990,Unincorporated Saguache County,2011,3259,3259,0,2.13,1956,1532,424,21.68,1.67,10999990
5553,109,99990,Unincorporated Saguache County,2012,3281,3281,0,2.13,1980,1543,437,22.06,1.66,10999990
5554,109,99990,Unincorporated Saguache County,2013,3306,3306,0,2.12,2009,1556,453,22.54,1.65,10999990
5555,109,99990,Unincorporated Saguache County,2014,3330,3330,0,2.12,2037,1568,469,23.02,1.63,10999990
5556,109,99990,Unincorporated Saguache County,2015,3356,3356,0,2.12,2066,1581,485,23.47,1.62,10999990
5557,109,99990,Unincorporated Saguache County,2016,3378,3378,0,2.12,2093,1593,500,23.89,1.61,10999990
5558,109,99990,Unincorporated Saguache County,2017,3428,3428,0,2.12,2145,1617,528,24.6,1.6,10999990
5559,109,99990,Unincorporated Saguache County,2018,3517,3517,0,2.12,2236,1659,577,25.81,1.57,10999990
5560,109,99990,Unincorporated Saguache County,2019,3628,3628,0,2.12,2351,1711,640,27.22,1.54,10999990
5561,109,99990,Unincorporated Saguache County,2020,3706,3699,7,2.12,2429,1743,686,28.24,1.52,10999990
5562,109,99990,Unincorporated Saguache County,2021,3804,3797,7,2.13,2480,1779,701,28.27,1.53,10999990
5563,109,99990,Unincorporated Saguache County,2022,3932,3925,7,2.12,2577,1849,728,28.25,1.52,10999990
5564,109,99990,Unincorporated Saguache County,2023,4008,4001,7,2.11,2642,1896,746,28.24,1.51,10999990
5565,109,99990,Unincorporated Saguache County,2024,4033,4026,7,2.09,2690,1930,760,28.25,1.5,10999990
5566,111,99990,Unincorporated San Juan County,2010,63,63,0,2.7,239,23,216,90.23,0.26,11199990
5567,111,99990,Unincorporated San Juan County,2011,65,65,0,2.43,239,27,212,88.88,0.27,11199990
5568,111,99990,Unincorporated San Juan County,2012,68,68,0,2.34,240,29,211,87.93,0.28,11199990
5569,111,99990,Unincorporated San Juan County,2013,71,71,0,2.25,243,32,211,86.93,0.29,11199990
5570,111,99990,Unincorporated San Juan County,2014,73,73,0,2.16,243,34,209,86.07,0.3,11199990
5571,111,99990,Unincorporated San Juan County,2015,75,75,0,2.08,243,36,207,85.21,0.31,11199990
5572,111,99990,Unincorporated San Juan County,2016,78,78,0,1.99,247,39,208,84.12,0.32,11199990
5573,111,99990,Unincorporated San Juan County,2017,80,80,0,1.91,250,42,208,83.2,0.32,11199990
5574,111,99990,Unincorporated San Juan County,2018,81,81,0,1.82,252,44,208,82.35,0.32,11199990
5575,111,99990,Unincorporated San Juan County,2019,82,82,0,1.74,254,47,207,81.5,0.32,11199990
5576,111,99990,Unincorporated San Juan County,2020,83,83,0,1.66,257,50,207,80.54,0.32,11199990
5577,111,99990,Unincorporated San Juan County,2021,87,87,0,1.74,259,50,209,80.69,0.34,11199990
5578,111,99990,Unincorporated San Juan County,2022,93,93,0,1.82,262,51,211,80.53,0.35,11199990
5579,111,99990,Unincorporated San Juan County,2023,92,92,0,1.8,262,51,211,80.53,0.35,11199990
5580,111,99990,Unincorporated San Juan County,2024,94,94,0,1.81,267,52,215,80.52,0.35,11199990
5581,113,99990,Unincorporated San Miguel County,2010,2987,2978,9,2.37,2069,1259,810,39.15,1.44,11399990
5582,113,99990,Unincorporated San Miguel County,2011,3054,2973,81,2.26,2069,1315,754,36.42,1.44,11399990
5583,113,99990,Unincorporated San Miguel County,2012,3126,3000,126,2.28,2069,1318,751,36.32,1.45,11399990
5584,113,99990,Unincorporated San Miguel County,2013,3142,3026,116,2.29,2069,1320,749,36.22,1.46,11399990
5585,113,99990,Unincorporated San Miguel County,2014,3219,3052,167,2.31,2069,1321,748,36.15,1.48,11399990
5586,113,99990,Unincorporated San Miguel County,2015,3307,3147,160,2.32,2125,1354,771,36.3,1.48,11399990
5587,113,99990,Unincorporated San Miguel County,2016,3459,3190,269,2.34,2138,1362,776,36.28,1.49,11399990
5588,113,99990,Unincorporated San Miguel County,2017,3450,3235,214,2.36,2153,1373,780,36.25,1.5,11399990
5589,113,99990,Unincorporated San Miguel County,2018,3561,3308,253,2.37,2190,1394,796,36.34,1.51,11399990
5590,113,99990,Unincorporated San Miguel County,2019,3513,3367,146,2.39,2213,1409,804,36.33,1.52,11399990
5591,113,99990,Unincorporated San Miguel County,2020,3426,3421,5,2.4,2233,1425,808,36.18,1.53,11399990
5592,113,99990,Unincorporated San Miguel County,2021,3440,3435,5,2.4,2245,1433,812,36.17,1.53,11399990
5593,113,99990,Unincorporated San Miguel County,2022,3395,3390,5,2.35,2264,1445,819,36.17,1.5,11399990
5594,113,99990,Unincorporated San Miguel County,2023,3356,3351,5,2.28,2303,1470,833,36.17,1.46,11399990
5595,113,99990,Unincorporated San Miguel County,2024,3324,3319,5,2.24,2321,1481,840,36.19,1.43,11399990
5596,115,99990,Unincorporated Sedgwick County,2010,687,687,0,2.54,354,271,83,23.56,1.94,11599990
5597,115,99990,Unincorporated Sedgwick County,2011,652,652,0,2.26,354,289,65,18.34,1.84,11599990
5598,115,99990,Unincorporated Sedgwick County,2012,652,652,0,2.26,354,289,65,18.44,1.84,11599990
5599,115,99990,Unincorporated Sedgwick County,2013,652,652,0,2.26,355,289,66,18.67,1.84,11599990
5600,115,99990,Unincorporated Sedgwick County,2014,653,653,0,2.26,357,289,68,18.96,1.83,11599990
5601,115,99990,Unincorporated Sedgwick County,2015,653,653,0,2.26,358,289,69,19.14,1.82,11599990
5602,115,99990,Unincorporated Sedgwick County,2016,653,653,0,2.26,358,289,69,19.26,1.82,11599990
5603,115,99990,Unincorporated Sedgwick County,2017,655,655,0,2.26,361,290,71,19.63,1.81,11599990
5604,115,99990,Unincorporated Sedgwick County,2018,656,656,0,2.26,363,290,73,20.01,1.81,11599990
5605,115,99990,Unincorporated Sedgwick County,2019,654,654,0,2.26,363,289,74,20.39,1.8,11599990
5606,115,99990,Unincorporated Sedgwick County,2020,652,652,0,2.25,365,290,75,20.55,1.79,11599990
5607,115,99990,Unincorporated Sedgwick County,2021,636,636,0,2.19,365,290,75,20.55,1.74,11599990
5608,115,99990,Unincorporated Sedgwick County,2022,628,628,0,2.16,366,291,75,20.49,1.72,11599990
5609,115,99990,Unincorporated Sedgwick County,2023,635,635,0,2.17,367,292,75,20.44,1.73,11599990
5610,115,99990,Unincorporated Sedgwick County,2024,621,621,0,2.13,367,292,75,20.44,1.69,11599990
5611,117,99990,Unincorporated Summit County,2010,15101,14933,168,2.39,15686,6258,9428,60.1,0.95,11799990
5612,117,99990,Unincorporated Summit County,2011,15132,14946,185,2.39,15661,6257,9404,60.05,0.95,11799990
5613,117,99990,Unincorporated Summit County,2012,15303,15100,203,2.39,15621,6313,9308,59.59,0.97,11799990
5614,117,99990,Unincorporated Summit County,2013,15567,15346,220,2.4,15591,6407,9184,58.9,0.98,11799990
5615,117,99990,Unincorporated Summit County,2014,15840,15602,238,2.4,15589,6508,9081,58.25,1,11799990
5616,117,99990,Unincorporated Summit County,2015,16245,15989,256,2.4,15580,6659,8921,57.26,1.03,11799990
5617,117,99990,Unincorporated Summit County,2016,16500,16226,274,2.4,15524,6750,8774,56.52,1.05,11799990
5618,117,99990,Unincorporated Summit County,2017,16645,16353,291,2.41,15573,6797,8776,56.35,1.05,11799990
5619,117,99990,Unincorporated Summit County,2018,16585,16276,309,2.41,15636,6761,8875,56.76,1.04,11799990
5620,117,99990,Unincorporated Summit County,2019,16670,16344,326,2.41,15906,6785,9121,57.34,1.03,11799990
5621,117,99990,Unincorporated Summit County,2020,16853,16089,764,2.39,15944,6719,9225,57.86,1.01,11799990
5622,117,99990,Unincorporated Summit County,2021,16782,16018,764,2.36,16136,6800,9336,57.86,0.99,11799990
5623,117,99990,Unincorporated Summit County,2022,16410,15646,764,2.29,16224,6837,9387,57.86,0.96,11799990
5624,117,99990,Unincorporated Summit County,2023,16178,15414,764,2.24,16301,6870,9431,57.86,0.95,11799990
5625,117,99990,Unincorporated Summit County,2024,14198,13698,500,2.28,14103,5943,8160,57.86,0.97,11799990
5626,119,99990,Unincorporated Teller County,2010,14593,14461,132,2.36,8358,6131,2227,26.65,1.73,11999990
5627,119,99990,Unincorporated Teller County,2011,14465,14328,137,2.35,8364,6087,2277,27.22,1.71,11999990
5628,119,99990,Unincorporated Teller County,2012,14467,14325,142,2.35,8385,6098,2287,27.28,1.71,11999990
5629,119,99990,Unincorporated Teller County,2013,14342,14195,147,2.34,8415,6055,2360,28.04,1.69,11999990
5630,119,99990,Unincorporated Teller County,2014,14369,14218,151,2.34,8438,6077,2361,27.98,1.68,11999990
5631,119,99990,Unincorporated Teller County,2015,14157,14000,157,2.33,8475,5998,2477,29.22,1.65,11999990
5632,119,99990,Unincorporated Teller County,2016,14628,14466,162,2.33,8511,6208,2303,27.06,1.7,11999990
5633,119,99990,Unincorporated Teller County,2017,14956,14790,166,2.33,8533,6360,2173,25.47,1.73,11999990
5634,119,99990,Unincorporated Teller County,2018,15227,15056,171,2.32,8580,6487,2093,24.39,1.75,11999990
5635,119,99990,Unincorporated Teller County,2019,15291,15115,176,2.32,8637,6526,2111,24.44,1.75,11999990
5636,119,99990,Unincorporated Teller County,2020,15254,15167,87,2.31,8696,6561,2135,24.55,1.74,11999990
5637,119,99990,Unincorporated Teller County,2021,15421,15334,87,2.3,8822,6656,2166,24.55,1.74,11999990
5638,119,99990,Unincorporated Teller County,2022,15386,15299,87,2.26,8957,6758,2199,24.55,1.71,11999990
5639,119,99990,Unincorporated Teller County,2023,15303,15216,87,2.22,9088,6857,2231,24.55,1.67,11999990
5640,119,99990,Unincorporated Teller County,2024,15288,15201,87,2.2,9170,6919,2251,24.55,1.66,11999990
5641,121,99990,Unincorporated Washington County,2010,2706,2546,160,2.92,1134,872,262,23.07,2.25,12199990
5642,121,99990,Unincorporated Washington County,2011,2443,2443,0,2.47,1142,989,153,13.37,2.14,12199990
5643,121,99990,Unincorporated Washington County,2012,2453,2453,0,2.47,1149,994,155,13.52,2.13,12199990
5644,121,99990,Unincorporated Washington County,2013,2460,2460,0,2.47,1153,997,156,13.53,2.13,12199990
5645,121,99990,Unincorporated Washington County,2014,2470,2470,0,2.47,1159,1001,158,13.6,2.13,12199990
5646,121,99990,Unincorporated Washington County,2015,2481,2481,0,2.47,1167,1006,161,13.77,2.13,12199990
5647,121,99990,Unincorporated Washington County,2016,2496,2496,0,2.47,1177,1012,165,13.99,2.12,12199990
5648,121,99990,Unincorporated Washington County,2017,2510,2510,0,2.46,1187,1019,168,14.18,2.11,12199990
5649,121,99990,Unincorporated Washington County,2018,2521,2521,0,2.46,1194,1023,171,14.3,2.11,12199990
5650,121,99990,Unincorporated Washington County,2019,2544,2544,0,2.46,1210,1033,177,14.63,2.1,12199990
5651,121,99990,Unincorporated Washington County,2020,2550,2550,0,2.46,1217,1038,179,14.71,2.1,12199990
5652,121,99990,Unincorporated Washington County,2021,2588,2588,0,2.48,1224,1044,180,14.71,2.11,12199990
5653,121,99990,Unincorporated Washington County,2022,2571,2571,0,2.46,1224,1044,180,14.71,2.1,12199990
5654,121,99990,Unincorporated Washington County,2023,2578,2578,0,2.46,1227,1046,181,14.75,2.1,12199990
5655,121,99990,Unincorporated Washington County,2024,2540,2540,0,2.42,1232,1050,182,14.77,2.06,12199990
5656,123,99990,Unincorporated Weld County,2010,42684,42645,39,2.72,17048,15679,1369,8.03,2.5,12399990
5657,123,99990,Unincorporated Weld County,2011,43005,42965,39,2.73,16989,15757,1232,7.25,2.53,12399990
5658,123,99990,Unincorporated Weld County,2012,43343,43304,39,2.73,16923,15843,1080,6.38,2.56,12399990
5659,123,99990,Unincorporated Weld County,2013,43809,43770,39,2.74,16927,15975,952,5.63,2.59,12399990
5660,123,99990,Unincorporated Weld County,2014,44363,44323,40,2.75,16943,16136,807,4.76,2.62,12399990
5661,123,99990,Unincorporated Weld County,2015,45141,45102,40,2.75,17080,16378,702,4.11,2.64,12399990
5662,123,99990,Unincorporated Weld County,2016,45876,45836,40,2.76,17251,16607,644,3.73,2.66,12399990
5663,123,99990,Unincorporated Weld County,2017,46446,46405,40,2.77,17382,16776,606,3.48,2.67,12399990
5664,123,99990,Unincorporated Weld County,2018,46688,46648,40,2.77,17532,16824,708,4.04,2.66,12399990
5665,123,99990,Unincorporated Weld County,2019,46809,46769,40,2.78,17700,16828,872,4.93,2.64,12399990
5666,123,99990,Unincorporated Weld County,2020,46574,46522,52,2.78,17702,16720,982,5.55,2.63,12399990
5667,123,99990,Unincorporated Weld County,2021,46791,46739,52,2.76,17928,16933,995,5.55,2.61,12399990
5668,123,99990,Unincorporated Weld County,2022,47418,47366,52,2.76,18194,17185,1009,5.55,2.6,12399990
5669,123,99990,Unincorporated Weld County,2023,47817,47765,52,2.75,18390,17370,1020,5.55,2.6,12399990
5670,123,99990,Unincorporated Weld County,2024,47874,47822,52,2.73,18537,17509,1028,5.55,2.58,12399990
5671,125,99990,Unincorporated Yuma County,2010,3915,3915,0,2.74,1691,1428,263,15.55,2.32,12599990
5672,125,99990,Unincorporated Yuma County,2011,3923,3923,0,2.55,1703,1541,162,9.51,2.3,12599990
5673,125,99990,Unincorporated Yuma County,2012,3928,3928,0,2.55,1710,1539,171,10.02,2.3,12599990
5674,125,99990,Unincorporated Yuma County,2013,3937,3937,0,2.56,1718,1538,180,10.47,2.29,12599990
5675,125,99990,Unincorporated Yuma County,2014,3936,3936,0,2.57,1725,1534,191,11.1,2.28,12599990
5676,125,99990,Unincorporated Yuma County,2015,3931,3931,0,2.57,1738,1527,211,12.12,2.26,12599990
5677,125,99990,Unincorporated Yuma County,2016,3937,3937,0,2.58,1748,1526,222,12.72,2.25,12599990
5678,125,99990,Unincorporated Yuma County,2017,3934,3934,0,2.59,1753,1520,233,13.27,2.24,12599990
5679,125,99990,Unincorporated Yuma County,2018,3946,3946,0,2.59,1761,1521,240,13.63,2.24,12599990
5680,125,99990,Unincorporated Yuma County,2019,3955,3955,0,2.6,1767,1521,246,13.92,2.24,12599990
5681,125,99990,Unincorporated Yuma County,2020,3939,3939,0,2.6,1767,1516,251,14.2,2.23,12599990
5682,125,99990,Unincorporated Yuma County,2021,3930,3930,0,2.59,1767,1516,251,14.2,2.22,12599990
5683,125,99990,Unincorporated Yuma County,2022,3950,3950,0,2.61,1767,1516,251,14.2,2.24,12599990
5684,125,99990,Unincorporated Yuma County,2023,3938,3938,0,2.6,1767,1516,251,14.2,2.23,12599990
5685,125,99990,Unincorporated Yuma County,2024,3944,3944,0,2.6,1767,1516,251,14.2,2.23,12599990
