Vintage 2024 Prepared October 2025,,,,,,
id,countyfips,placefips,municipalityname,year,totalpopulation,countyplace
1,0,0,COLORADO STATE,1980,2889735,0
2,1,0,ADAMS COUNTY,1980,245944,100000
3,1,3455,Arvada (Part),1980,1229,103455
4,1,4000,Aurora (Part),1980,29193,104000
5,1,6090,Bennett (Part),1980,942,106090
6,1,8675,Brighton (Part),1980,12773,108675
7,1,9280,Broomfield (Part),1980,5467,109280
8,1,16495,Commerce City,1980,16234,116495
9,1,26270,Federal Heights,1980,7846,126270
10,1,45530,Lochbuie (Part),1980,,145530
11,1,54330,Northglenn (Part),1980,29847,154330
12,1,77290,Thornton (Part),1980,40343,177290
13,1,83835,Westminster (Part),1980,32046,183835
14,1,99990,Unincorporated Adams County,1980,70024,199990
15,3,0,ALAMOSA COUNTY,1980,11799,300000
16,3,1090,Alamosa,1980,6830,301090
17,3,37380,Hooper,1980,71,337380
18,3,99990,Unincorporated Alamosa County,1980,4898,399990
19,5,0,ARAPAHOE COUNTY,1980,293292,500000
20,5,4000,Aurora (Part),1980,129395,504000
21,5,6090,Bennett (Part),1980,,506090
22,5,8070,Bow Mar (Part),1980,690,508070
23,5,12815,Centennial,1980,,512815
24,5,13845,Cherry Hills Village,1980,5127,513845
25,5,16385,Columbine Valley,1980,923,516385
26,5,19630,Deer Trail,1980,463,519630
27,5,24785,Englewood,1980,30021,524785
28,5,28105,Foxfield,1980,,528105
29,5,30340,Glendale,1980,2496,530340
30,5,33035,Greenwood Village,1980,5729,533035
31,5,45255,Littleton (Part),1980,28503,545255
32,5,69645,Sheridan,1980,5377,569645
33,5,99990,Unincorporated Arapahoe County,1980,84568,599990
34,7,0,ARCHULETA COUNTY,1980,3664,700000
35,7,56860,Pagosa Springs,1980,1331,756860
36,7,99990,Unincorporated Archuleta County,1980,2333,799990
37,9,0,BACA COUNTY,1980,5419,900000
38,9,11645,Campo,1980,185,911645
39,9,61315,Pritchett,1980,183,961315
40,9,73330,Springfield,1980,1657,973330
41,9,79270,Two Buttes,1980,84,979270
42,9,81030,Vilas,1980,118,981030
43,9,82460,Walsh,1980,884,982460
44,9,99990,Unincorporated Baca County,1980,2308,999990
45,11,0,BENT COUNTY,1980,5945,1100000
46,11,43660,Las Animas,1980,2818,1143660
47,11,99990,Unincorporated Bent County,1980,3127,1199990
48,13,0,BOULDER COUNTY,1980,189625,1300000
49,13,7850,Boulder,1980,76685,1307850
50,13,9280,Broomfield (Part),1980,14514,1309280
51,13,24950,Erie (Part),1980,23,1324950
52,13,39195,Jamestown,1980,223,1339195
53,13,41835,Lafayette,1980,8985,1341835
54,13,45970,Longmont (Part),1980,42942,1345970
55,13,46355,Louisville,1980,5593,1346355
56,13,47070,Lyons,1980,1137,1347070
57,13,53175,Nederland,1980,1212,1353175
58,13,75640,Superior (Part),1980,208,1375640
59,13,82735,Ward,1980,129,1382735
60,13,99990,Unincorporated Boulder County,1980,37974,1399990
61,14,0,BROOMFIELD COUNTY,1980,,1400000
62,14,9280,Broomfield,1980,,1409280
63,15,0,CHAFFEE COUNTY,1980,13227,1500000
64,15,10105,Buena Vista,1980,2075,1510105
65,15,60600,Poncha Springs,1980,321,1560600
66,15,67280,Salida,1980,4870,1567280
67,15,99990,Unincorporated Chaffee County,1980,5961,1599990
68,17,0,CHEYENNE COUNTY,1980,2153,1700000
69,17,14175,Cheyenne Wells,1980,950,1714175
70,17,41010,Kit Carson,1980,278,1741010
71,17,99990,Unincorporated Cheyenne County,1980,925,1799990
72,19,0,CLEAR CREEK COUNTY,1980,7308,1900000
73,19,12910,Central City (Part),1980,,1912910
74,19,24620,Empire,1980,423,1924620
75,19,29735,Georgetown,1980,830,1929735
76,19,38370,Idaho Springs,1980,2077,1938370
77,19,70360,Silver Plume,1980,140,1970360
78,19,99990,Unincorporated Clear Creek County,1980,3838,1999990
79,21,0,CONEJOS COUNTY,1980,7794,2100000
80,21,2355,Antonito,1980,1103,2102355
81,21,42055,La Jara,1980,858,2142055
82,21,48060,Massa,1980,945,2148060
83,21,65740,Romeo,1980,308,2165740
84,21,67830,Sanford,1980,687,2167830
85,21,99990,Unincorporated Conejos County,1980,3893,2199990
86,23,0,COSTILLA COUNTY,1980,3071,2300000
87,23,7190,Blanca,1980,252,2307190
88,23,68105,San Luis,1980,842,2368105
89,23,99990,Unincorporated Costilla County,1980,1977,2399990
90,25,0,CROWLEY COUNTY,1980,2988,2500000
91,25,18750,Crowley,1980,192,2518750
92,25,55705,Olney Springs,1980,253,2555705
93,25,56145,Ordway,1980,1135,2556145
94,25,74815,Sugar City,1980,306,2574815
95,25,99990,Unincorporated Crowley County,1980,1102,2599990
96,27,0,CUSTER COUNTY,1980,1528,2700000
97,27,70250,Silver Cliff,1980,280,2770250
98,27,83450,Westcliffe,1980,324,2783450
99,27,99990,Unincorporated Custer County,1980,924,2799990
100,29,0,DELTA COUNTY,1980,21225,2900000
101,29,12635,Cedaredge,1980,1184,2912635
102,29,17925,Crawford,1980,268,2917925
103,29,19850,Delta,1980,3931,2919850
104,29,37545,Hotchkiss,1980,849,2937545
105,29,55980,Orchard City,1980,1914,2955980
106,29,57300,Paonia,1980,1425,2957300
107,29,99990,Unincorporated Delta County,1980,11654,2999990
108,31,0,DENVER COUNTY,1980,492694,3100000
109,31,20000,Denver,1980,492694,3120000
110,33,0,DOLORES COUNTY,1980,1658,3300000
111,33,21265,Dove Creek,1980,826,3321265
112,33,64090,Rico,1980,76,3364090
113,33,99990,Unincorporated Dolores County,1980,756,3399990
114,35,0,DOUGLAS COUNTY,1980,25153,3500000
115,35,4000,Aurora (Part),1980,0,3504000
116,35,12387,Castle Pines,1980,,3512390
117,35,12415,Castle Rock,1980,3921,3512415
118,35,43550,Larkspur,1980,141,3543550
119,35,45255,Littleton (Part),1980,128,3545255
120,35,45955,Lone Tree,1980,,3545955
121,35,57630,Parker,1980,290,3557630
122,35,99990,Unincorporated Douglas County,1980,20673,3599990
123,37,0,EAGLE COUNTY,1980,13320,3700000
124,37,4110,Avon,1980,640,3704110
125,37,4935,Basalt (Part),1980,529,3704935
126,37,22200,Eagle,1980,950,3722200
127,37,33695,Gypsum,1980,743,3733695
128,37,50920,Minturn,1980,1060,3750920
129,37,63265,Red Cliff,1980,409,3763265
130,37,80040,Vail,1980,2261,3780040
131,37,99990,Unincorporated Eagle County,1980,6728,3799990
132,39,0,ELBERT COUNTY,1980,6850,3900000
133,39,23740,Elizabeth,1980,789,3923740
134,39,40790,Kiowa,1980,206,3940790
135,39,70635,Simla,1980,494,3970635
136,39,99990,Unincorporated Elbert County,1980,5361,3999990
137,41,0,EL PASO COUNTY,1980,309424,4100000
138,41,11260,Calhan,1980,541,4111260
139,41,16000,Colorado Springs,1980,215105,4116000
140,41,27865,Fountain,1980,8324,4127865
141,41,32650,Green Mountain Falls (Part),1980,589,4132650
142,41,48445,Manitou Springs,1980,4475,4148445
143,41,51800,Monument,1980,690,4151800
144,41,57025,Palmer Lake,1980,1130,4157025
145,41,62660,Ramah,1980,119,4162660
146,41,99990,Unincorporated El Paso County,1980,78451,4199990
147,43,0,FREMONT COUNTY,1980,28676,4300000
148,43,9115,Brookside,1980,178,4309115
149,43,11810,Canon City,1980,13037,4311810
150,43,15330,Coal Creek,1980,190,4315330
151,43,27040,Florence,1980,2987,4327040
152,43,64970,Rockvale,1980,338,4364970
153,43,85155,Williamsburg,1980,72,4385155
154,43,99990,Unincorporated Fremont County,1980,11840,4399990
155,45,0,GARFIELD COUNTY,1980,22514,4500000
156,45,12030,Carbonate,1980,0,4512030
157,45,12045,Carbondale,1980,2084,4512045
158,45,30780,Glenwood Springs,1980,4637,4530780
159,45,53395,New Castle,1980,563,4553395
160,45,57400,Parachute,1980,338,4557400
161,45,64255,Rifle,1980,3215,4564255
162,45,70195,Silt,1980,923,4570195
163,45,99990,Unincorporated Garfield County,1980,10754,4599990
164,47,0,GILPIN COUNTY,1980,2441,4700000
165,47,7025,Black Hawk,1980,232,4707025
166,47,12910,Central City (Part),1980,329,4712910
167,47,99990,Unincorporated Gilpin County,1980,1880,4799990
168,49,0,GRAND COUNTY,1980,7475,4900000
169,49,28305,Fraser,1980,470,4928305
170,49,31605,Granby,1980,963,4931605
171,49,31715,Grand Lake,1980,382,4931715
172,49,37600,Hot Sulphur Springs,1980,405,4937600
173,49,41560,Kremmling,1980,1296,4941560
174,49,85705,Winter Park,1980,480,4985705
175,49,99990,Unincorporated Grand County,1980,3479,4999990
176,51,0,GUNNISON COUNTY,1980,10689,5100000
177,51,18310,Crested Butte,1980,959,5118310
178,51,33640,Gunnison,1980,5785,5133640
179,51,48555,Marble,1980,30,5148555
180,51,52570,Mount Crested Butte,1980,272,5152570
181,51,59830,Pitkin,1980,59,5159830
182,51,99990,Unincorporated Gunnison County,1980,3584,5199990
183,53,0,HINSDALE COUNTY,1980,408,5300000
184,53,42330,Lake City,1980,206,5342330
185,53,99990,Unincorporated Hinsdale County,1980,202,5399990
186,55,0,HUERFANO COUNTY,1980,6440,5500000
187,55,44100,La Veta,1980,611,5544100
188,55,82350,Walsenburg,1980,3945,5582350
189,55,99990,Unincorporated Huerfano County,1980,1884,5599990
190,57,0,JACKSON COUNTY,1980,1863,5700000
191,57,82130,Walden,1980,947,5782130
192,57,99990,Unincorporated Jackson County,1980,916,5799990
193,59,0,JEFFERSON COUNTY,1980,371753,5900000
194,59,3455,Arvada (Part),1980,83347,5903455
195,59,8070,Bow Mar (Part),1980,240,5908070
196,59,9280,Broomfield (Part),1980,749,5909280
197,59,23135,Edgewater,1980,4766,5923135
198,59,30835,Golden,1980,12237,5930835
199,59,42495,Lakeside,1980,19,5942495
200,59,43000,Lakewood,1980,113808,5943000
201,59,45255,Littleton (Part),1980,,5945255
202,59,52075,Morrison,1980,478,5952075
203,59,52350,Mountain View,1980,584,5952350
204,59,75640,Superior (Part),1980,0,5975640
205,59,83835,Westminster (Part),1980,18165,5983835
206,59,84440,Wheat Ridge,1980,30293,5984440
207,59,99990,Unincorporated Jefferson County,1980,107067,5999990
208,61,0,KIOWA COUNTY,1980,1936,6100000
209,61,22145,Eads,1980,878,6122145
210,61,34740,Haswell,1980,126,6134740
211,61,69700,Sheridan Lake,1980,87,6169700
212,61,99990,Unincorporated Kiowa County,1980,845,6199990
213,63,0,KIT CARSON COUNTY,1980,7599,6300000
214,63,6530,Bethune,1980,149,6306530
215,63,10600,Burlington,1980,3107,6310600
216,63,26765,Flagler,1980,550,6326765
217,63,69040,Seibert,1980,180,6369040
218,63,74485,Stratton,1980,705,6374485
219,63,81690,Vona,1980,94,6381690
220,63,99990,Unincorporated Kit Carson County,1980,2814,6399990
221,65,0,LAKE COUNTY,1980,8830,6500000
222,65,44320,Leadville,1980,3879,6544320
223,65,99990,Unincorporated Lake County,1980,4951,6599990
224,67,0,LA PLATA COUNTY,1980,27195,6700000
225,67,5265,Bayfield,1980,724,6705265
226,67,22035,Durango,1980,11649,6722035
227,67,38535,Ignacio,1980,667,6738535
228,67,99990,Unincorporated La Plata County,1980,14155,6799990
229,69,0,LARIMER COUNTY,1980,149184,6900000
230,69,6255,Berthoud (Part),1980,2362,6906255
231,69,25115,Estes Park,1980,2703,6925115
232,69,27425,Fort Collins,1980,65092,6927425
233,69,39855,Johnstown (Part),1980,,6939855
234,69,46465,Loveland,1980,30215,6946465
235,69,77510,Timnath (Part),1980,185,6977510
236,69,83230,Wellington,1980,1215,6983230
237,69,85485,Windsor (Part),1980,,6985485
238,69,99990,Unincorporated Larimer County,1980,47412,6999990
239,71,0,LAS ANIMAS COUNTY,1980,14897,7100000
240,71,760,Aguilar,1980,624,7100760
241,71,8345,Branson,1980,73,7108345
242,71,15550,Cokedale,1980,90,7115550
243,71,40570,Kim,1980,100,7140570
244,71,73715,Starkville,1980,127,7173715
245,71,78610,Trinidad,1980,9663,7178610
246,71,99990,Unincorporated Las Animas County,1980,4220,7199990
247,73,0,LINCOLN COUNTY,1980,4663,7300000
248,73,3235,Arriba,1980,236,7303235
249,73,29680,Genoa,1980,165,7329680
250,73,37875,Hugo,1980,776,7337875
251,73,44980,Limon,1980,1805,7344980
252,73,99990,Unincorporated Lincoln County,1980,1681,7399990
253,75,0,LOGAN COUNTY,1980,19800,7500000
254,75,18640,Crook,1980,177,7518640
255,75,26875,Fleming,1980,388,7526875
256,75,38590,Iliff,1980,218,7538590
257,75,50040,Merino,1980,255,7550040
258,75,58235,Peetz,1980,220,7558235
259,75,73935,Sterling,1980,11385,7573935
260,75,99990,Unincorporated Logan County,1980,7157,7599990
261,77,0,MESA COUNTY,1980,81530,7700000
262,77,15605,Collbran,1980,344,7715605
263,77,19355,De Beque,1980,279,7719355
264,77,28745,Fruita,1980,2810,7728745
265,77,31660,Grand Junction,1980,27956,7731660
266,77,56970,Palisade,1980,1551,7756970
267,77,99990,Unincorporated Mesa County,1980,48590,7799990
268,79,0,MINERAL COUNTY,1980,804,7900000
269,79,14765,City of Creede,1980,610,7914765
270,79,99990,Unincorporated Mineral County,1980,194,7999990
271,81,0,MOFFAT COUNTY,1980,13133,8100000
272,81,17760,Craig,1980,8133,8117760
273,81,20495,Dinosaur,1980,313,8120495
274,81,99990,Unincorporated Moffat County,1980,4687,8199990
275,83,0,MONTEZUMA COUNTY,1980,16510,8300000
276,83,17375,Cortez,1980,7095,8317375
277,83,20770,Dolores,1980,802,8320770
278,83,48115,Mancos,1980,870,8348115
279,83,99990,Unincorporated Montezuma County,1980,7743,8399990
280,85,0,MONTROSE COUNTY,1980,24352,8500000
281,85,51745,Montrose,1980,8722,8551745
282,85,53120,Naturita,1980,819,8553120
283,85,54935,Nucla,1980,1027,8554935
284,85,55540,Olathe,1980,1262,8555540
285,85,99990,Unincorporated Montrose County,1980,12522,8599990
286,87,0,MORGAN COUNTY,1980,22513,8700000
287,87,9555,Brush,1980,4082,8709555
288,87,27810,Fort Morgan,1980,8768,8727810
289,87,36610,Hillrose,1980,213,8736610
290,87,45695,Log Lane Village,1980,709,8745695
291,87,84770,Wiggins,1980,531,8784770
292,87,99990,Unincorporated Morgan County,1980,8210,8799990
293,89,0,OTERO COUNTY,1980,22567,8900000
294,89,13460,Cheraw,1980,233,8913460
295,89,27975,Fowler,1980,1227,8927975
296,89,42110,La Junta,1980,8338,8942110
297,89,48500,Manzanola,1980,459,8948500
298,89,65190,Rocky Ford,1980,4804,8965190
299,89,75970,Swink,1980,668,8975970
300,89,99990,Unincorporated Otero County,1980,6838,8999990
301,91,0,OURAY COUNTY,1980,1925,9100000
302,91,56420,Ouray,1980,684,9156420
303,91,64200,Ridgway,1980,369,9164200
304,91,99990,Unincorporated Ouray County,1980,872,9199990
305,93,0,PARK COUNTY,1980,5333,9300000
306,93,1530,Alma,1980,132,9301530
307,93,25610,Fairplay,1980,421,9325610
308,93,99990,Unincorporated Park County,1980,4780,9399990
309,95,0,PHILLIPS COUNTY,1980,4542,9500000
310,95,34960,Haxtun,1980,1014,9534960
311,95,37270,Holyoke,1980,2092,9537270
312,95,57245,Paoli,1980,81,9557245
313,95,99990,Unincorporated Phillips County,1980,1355,9599990
314,97,0,PITKIN COUNTY,1980,10338,9700000
315,97,3620,Aspen,1980,3678,9703620
316,97,4935,Basalt (Part),1980,0,9704935
317,97,71755,Snowmass Village,1980,999,9771755
318,97,99990,Unincorporated Pitkin County,1980,5661,9799990
319,99,0,PROWERS COUNTY,1980,13070,9900000
320,99,31550,Granada,1980,557,9931550
321,99,34520,Hartman,1980,122,9934520
322,99,37215,Holly,1980,969,9937215
323,99,43110,Lamar,1980,7713,9943110
324,99,85045,Wiley,1980,425,9985045
325,99,99990,Unincorporated Prowers County,1980,3284,9999990
326,101,0,PUEBLO COUNTY,1980,125972,10100000
327,101,7795,Boone,1980,431,10107795
328,101,62000,Pueblo,1980,101686,10162000
329,101,66895,Rye,1980,232,10166895
330,101,99990,Unincorporated Pueblo County,1980,23623,10199990
331,103,0,RIO BLANCO COUNTY,1980,6255,10300000
332,103,49875,Meeker,1980,2356,10349875
333,103,62880,Rangely,1980,2113,10362880
334,103,99990,Unincorporated Rio Blanco County,1980,1786,10399990
335,105,0,RIO GRANDE COUNTY,1980,10511,10500000
336,105,12855,Center (Part),1980,0,10512855
337,105,19795,Del Norte,1980,1709,10519795
338,105,51635,Monte Vista,1980,3902,10551635
339,105,72395,South Fork,1980,,10572395
340,105,99990,Unincorporated Rio Grande County,1980,4900,10599990
341,107,0,ROUTT COUNTY,1980,13404,10700000
342,107,35070,Hayden,1980,1720,10735070
343,107,55155,Oak Creek,1980,929,10755155
344,107,73825,Steamboat Springs,1980,5098,10773825
345,107,86475,Yampa,1980,472,10786475
346,107,99990,Unincorporated Routt County,1980,5185,10799990
347,109,0,SAGUACHE COUNTY,1980,3935,10900000
348,109,7571,Bonza City,1980,8,10907571
349,109,12855,Center (Part),1980,1630,10912855
350,109,18420,Crestone,1980,54,10918420
351,109,51250,Moffat,1980,105,10951250
352,109,67005,Saguache,1980,656,10967005
353,109,99990,Unincorporated Saguache County,1980,1482,10999990
354,111,0,SAN JUAN COUNTY,1980,833,11100000
355,111,70580,Silverton,1980,794,11170580
356,111,99990,Unincorporated San Juan County,1980,39,11199990
357,113,0,SAN MIGUEL COUNTY,1980,3192,11300000
358,113,52550,Mountain Village,1980,,11352550
359,113,54880,Norwood,1980,478,11354880
360,113,55870,Ophir,1980,38,11355870
361,113,68655,Sawpit,1980,41,11368655
362,113,76795,Telluride,1980,1047,11376795
363,113,99990,Unincorporated San Miguel County,1980,1588,11399990
364,115,0,SEDGWICK COUNTY,1980,3266,11500000
365,115,39965,Julesburg,1980,1528,11539965
366,115,56475,Ovid,1980,439,11556475
367,115,68930,Sedgwick,1980,258,11568930
368,115,99990,Unincorporated Sedgwick County,1980,1041,11599990
369,117,0,SUMMIT COUNTY,1980,8848,11700000
370,117,7410,Blue River,1980,230,11707410
371,117,8400,Breckenridge,1980,818,11708400
372,117,20440,Dillon,1980,337,11720440
373,117,28690,Frisco,1980,1221,11728690
374,117,40550,Keystone,1980,,11740555
375,117,51690,Montezuma,1980,0,11751690
376,117,70525,Silverthorne,1980,989,11770525
377,117,99990,Unincorporated Summit County,1980,5253,11799990
378,119,0,TELLER COUNTY,1980,8034,11900000
379,119,18530,Cripple Creek,1980,655,11918530
380,119,32650,Green Mountain Falls (Part),1980,18,11932650
381,119,80865,Victor,1980,265,11980865
382,119,86090,Woodland Park,1980,2634,11986090
383,119,99990,Unincorporated Teller County,1980,4462,11999990
384,121,0,WASHINGTON COUNTY,1980,5304,12100000
385,121,925,Akron,1980,1716,12100925
386,121,56365,Otis,1980,534,12156365
387,121,99990,Unincorporated Washington County,1980,3054,12199990
388,123,0,WELD COUNTY,1980,123438,12300000
389,123,3950,Ault,1980,1056,12303950
390,123,6255,Berthoud (Part),1980,,12306255
391,123,8675,Brighton (Part),1980,0,12308675
392,123,9280,Broomfield (Part),1980,,12309280
393,123,19080,Dacono,1980,2321,12319080
394,123,22860,Eaton,1980,1932,12322860
395,123,24950,Erie (Part),1980,1231,12324950
396,123,25280,Evans,1980,5063,12325280
397,123,26600,Firestone,1980,1204,12326600
398,123,27700,Fort Lupton,1980,4251,12327700
399,123,28360,Frederick,1980,855,12328360
400,123,29185,Garden City,1980,123,12329185
401,123,29955,Gilcrest,1980,1025,12329955
402,123,32155,Greeley,1980,53006,12332155
403,123,33310,Grover,1980,158,12333310
404,123,37820,Hudson,1980,698,12337820
405,123,39855,Johnstown (Part),1980,1535,12339855
406,123,40185,Keenesburg,1980,541,12340185
407,123,40515,Kersey,1980,913,12340515
408,123,43605,La Salle,1980,1929,12343605
409,123,45530,Lochbuie (Part),1980,895,12345530
410,123,45970,Longmont (Part),1980,,12345970
411,123,49600,Mead,1980,356,12349600
412,123,50480,Milliken,1980,1506,12350480
413,123,54330,Northglenn (Part),1980,0,12354330
414,123,55045,Nunn,1980,295,12355045
415,123,59005,Pierce,1980,878,12359005
416,123,60160,Platteville,1980,1662,12360160
417,123,63045,Raymer,1980,80,12363045
418,123,69150,Severance,1980,102,12369150
419,123,77290,Thornton (Part),1980,,12377290
420,123,77510,Timnath (Part),1980,,12377510
421,123,85485,Windsor (Part),1980,4277,12385485
422,123,99990,Unincorporated Weld County,1980,35542,12399990
423,125,0,YUMA COUNTY,1980,9682,12500000
424,125,23025,Eckley,1980,262,12523025
425,125,86310,Wray,1980,2131,12586310
426,125,86750,Yuma,1980,2824,12586750
427,125,99990,Unincorporated Yuma County,1980,4465,12599990
428,999,3455,Arvada (Total),1980,84576,99903455
429,999,4000,Aurora (Total),1980,158588,99904000
430,999,4935,Basalt (Total),1980,529,99904935
431,999,6090,Bennett (Total),1980,942,99906090
432,999,6255,Berthoud (Total),1980,2362,99906255
433,999,8070,Bow Mar (Total),1980,930,99908070
434,999,8675,Brighton (Total),1980,12773,99908675
435,999,9280,Broomfield (Total),1980,20730,99909280
436,999,12855,Center (Total),1980,1630,99912855
437,999,12910,Central City (Total),1980,329,99912910
438,999,24950,Erie (Total),1980,1254,99924950
439,999,32650,Green Mountain Falls (Total),1980,607,99932650
440,999,39855,Johnstown (Total),1980,1535,99939855
441,999,45255,Littleton (Total),1980,28631,99945255
442,999,45530,Lochbuie (Total),1980,895,99945530
443,999,45970,Longmont (Total),1980,42942,99945970
444,999,54330,Northglenn (Total),1980,29847,99954330
445,999,75640,Superior (Total),1980,208,99975640
446,999,77290,Thornton (Total),1980,40343,99977290
447,999,77510,Timnath (Total),1980,185,99977510
448,999,83835,Westminster (Total),1980,50211,99983835
449,999,85485,Windsor (Total),1980,4277,99985485
450,0,0,COLORADO STATE,1981,2980340,0
451,1,0,ADAMS COUNTY,1981,253031,100000
452,1,3455,Arvada (Part),1981,1389,103455
453,1,4000,Aurora (Part),1981,29346,104000
454,1,6090,Bennett (Part),1981,1069,106090
455,1,8675,Brighton (Part),1981,13145,108675
456,1,9280,Broomfield (Part),1981,5571,109280
457,1,16495,Commerce City,1981,16315,116495
458,1,26270,Federal Heights,1981,7971,126270
459,1,45530,Lochbuie (Part),1981,,145530
460,1,54330,Northglenn (Part),1981,29827,154330
461,1,77290,Thornton (Part),1981,44215,177290
462,1,83835,Westminster (Part),1981,33886,183835
463,1,99990,Unincorporated Adams County,1981,70297,199990
464,3,0,ALAMOSA COUNTY,1981,12184,300000
465,3,1090,Alamosa,1981,7012,301090
466,3,37380,Hooper,1981,75,337380
467,3,99990,Unincorporated Alamosa County,1981,5097,399990
468,5,0,ARAPAHOE COUNTY,1981,315543,500000
469,5,4000,Aurora (Part),1981,141411,504000
470,5,6090,Bennett (Part),1981,,506090
471,5,8070,Bow Mar (Part),1981,688,508070
472,5,12815,Centennial,1981,,512815
473,5,13845,Cherry Hills Village,1981,5137,513845
474,5,16385,Columbine Valley,1981,942,516385
475,5,19630,Deer Trail,1981,466,519630
476,5,24785,Englewood,1981,30925,524785
477,5,28105,Foxfield,1981,,528105
478,5,30340,Glendale,1981,2560,530340
479,5,33035,Greenwood Village,1981,6019,533035
480,5,45255,Littleton (Part),1981,30686,545255
481,5,69645,Sheridan,1981,5398,569645
482,5,99990,Unincorporated Arapahoe County,1981,91311,599990
483,7,0,ARCHULETA COUNTY,1981,4012,700000
484,7,56860,Pagosa Springs,1981,1477,756860
485,7,99990,Unincorporated Archuleta County,1981,2535,799990
486,9,0,BACA COUNTY,1981,5357,900000
487,9,11645,Campo,1981,182,911645
488,9,61315,Pritchett,1981,178,961315
489,9,73330,Springfield,1981,1641,973330
490,9,79270,Two Buttes,1981,81,979270
491,9,81030,Vilas,1981,116,981030
492,9,82460,Walsh,1981,859,982460
493,9,99990,Unincorporated Baca County,1981,2300,999990
494,11,0,BENT COUNTY,1981,5941,1100000
495,11,43660,Las Animas,1981,2845,1143660
496,11,99990,Unincorporated Bent County,1981,3096,1199990
497,13,0,BOULDER COUNTY,1981,194914,1300000
498,13,7850,Boulder,1981,77674,1307850
499,13,9280,Broomfield (Part),1981,14961,1309280
500,13,24950,Erie (Part),1981,22,1324950
501,13,39195,Jamestown,1981,234,1339195
502,13,41835,Lafayette,1981,9786,1341835
503,13,45970,Longmont (Part),1981,44317,1345970
504,13,46355,Louisville,1981,5934,1346355
505,13,47070,Lyons,1981,1181,1347070
506,13,53175,Nederland,1981,1265,1353175
507,13,75640,Superior (Part),1981,214,1375640
508,13,82735,Ward,1981,128,1382735
509,13,99990,Unincorporated Boulder County,1981,39198,1399990
510,14,0,BROOMFIELD COUNTY,1981,,1400000
511,14,9280,Broomfield,1981,,1409280
512,15,0,CHAFFEE COUNTY,1981,13561,1500000
513,15,10105,Buena Vista,1981,2121,1510105
514,15,60600,Poncha Springs,1981,325,1560600
515,15,67280,Salida,1981,5013,1567280
516,15,99990,Unincorporated Chaffee County,1981,6102,1599990
517,17,0,CHEYENNE COUNTY,1981,2209,1700000
518,17,14175,Cheyenne Wells,1981,978,1714175
519,17,41010,Kit Carson,1981,283,1741010
520,17,99990,Unincorporated Cheyenne County,1981,948,1799990
521,19,0,CLEAR CREEK COUNTY,1981,7514,1900000
522,19,12910,Central City (Part),1981,,1912910
523,19,24620,Empire,1981,436,1924620
524,19,29735,Georgetown,1981,886,1929735
525,19,38370,Idaho Springs,1981,2109,1938370
526,19,70360,Silver Plume,1981,144,1970360
527,19,99990,Unincorporated Clear Creek County,1981,3939,1999990
528,21,0,CONEJOS COUNTY,1981,7703,2100000
529,21,2355,Antonito,1981,1069,2102355
530,21,42055,La Jara,1981,840,2142055
531,21,48060,Massa,1981,962,2148060
532,21,65740,Romeo,1981,303,2165740
533,21,67830,Sanford,1981,696,2167830
534,21,99990,Unincorporated Conejos County,1981,3833,2199990
535,23,0,COSTILLA COUNTY,1981,3062,2300000
536,23,7190,Blanca,1981,259,2307190
537,23,68105,San Luis,1981,836,2368105
538,23,99990,Unincorporated Costilla County,1981,1967,2399990
539,25,0,CROWLEY COUNTY,1981,2962,2500000
540,25,18750,Crowley,1981,195,2518750
541,25,55705,Olney Springs,1981,248,2555705
542,25,56145,Ordway,1981,1049,2556145
543,25,74815,Sugar City,1981,299,2574815
544,25,99990,Unincorporated Crowley County,1981,1171,2599990
545,27,0,CUSTER COUNTY,1981,1563,2700000
546,27,70250,Silver Cliff,1981,288,2770250
547,27,83450,Westcliffe,1981,314,2783450
548,27,99990,Unincorporated Custer County,1981,961,2799990
549,29,0,DELTA COUNTY,1981,22479,2900000
550,29,12635,Cedaredge,1981,1226,2912635
551,29,17925,Crawford,1981,262,2917925
552,29,19850,Delta,1981,4160,2919850
553,29,37545,Hotchkiss,1981,881,2937545
554,29,55980,Orchard City,1981,2056,2955980
555,29,57300,Paonia,1981,1530,2957300
556,29,99990,Unincorporated Delta County,1981,12364,2999990
557,31,0,DENVER COUNTY,1981,495990,3100000
558,31,20000,Denver,1981,495990,3120000
559,33,0,DOLORES COUNTY,1981,1680,3300000
560,33,21265,Dove Creek,1981,820,3321265
561,33,64090,Rico,1981,82,3364090
562,33,99990,Unincorporated Dolores County,1981,778,3399990
563,35,0,DOUGLAS COUNTY,1981,27515,3500000
564,35,4000,Aurora (Part),1981,0,3504000
565,35,12387,Castle Pines,1981,,3512390
566,35,12415,Castle Rock,1981,4137,3512415
567,35,43550,Larkspur,1981,151,3543550
568,35,45255,Littleton (Part),1981,127,3545255
569,35,45955,Lone Tree,1981,,3545955
570,35,57630,Parker,1981,317,3557630
571,35,99990,Unincorporated Douglas County,1981,22783,3599990
572,37,0,EAGLE COUNTY,1981,13772,3700000
573,37,4110,Avon,1981,719,3704110
574,37,4935,Basalt (Part),1981,543,3704935
575,37,22200,Eagle,1981,991,3722200
576,37,33695,Gypsum,1981,847,3733695
577,37,50920,Minturn,1981,996,3750920
578,37,63265,Red Cliff,1981,372,3763265
579,37,80040,Vail,1981,3587,3780040
580,37,99990,Unincorporated Eagle County,1981,5717,3799990
581,39,0,ELBERT COUNTY,1981,7122,3900000
582,39,23740,Elizabeth,1981,810,3923740
583,39,40790,Kiowa,1981,215,3940790
584,39,70635,Simla,1981,499,3970635
585,39,99990,Unincorporated Elbert County,1981,5598,3999990
586,41,0,EL PASO COUNTY,1981,322174,4100000
587,41,11260,Calhan,1981,581,4111260
588,41,16000,Colorado Springs,1981,224500,4116000
589,41,27865,Fountain,1981,8651,4127865
590,41,32650,Green Mountain Falls (Part),1981,605,4132650
591,41,48445,Manitou Springs,1981,4513,4148445
592,41,51800,Monument,1981,732,4151800
593,41,57025,Palmer Lake,1981,1163,4157025
594,41,62660,Ramah,1981,124,4162660
595,41,99990,Unincorporated El Paso County,1981,81305,4199990
596,43,0,FREMONT COUNTY,1981,29521,4300000
597,43,9115,Brookside,1981,182,4309115
598,43,11810,Canon City,1981,13238,4311810
599,43,15330,Coal Creek,1981,183,4315330
600,43,27040,Florence,1981,3076,4327040
601,43,64970,Rockvale,1981,345,4364970
602,43,85155,Williamsburg,1981,76,4385155
603,43,99990,Unincorporated Fremont County,1981,12388,4399990
604,45,0,GARFIELD COUNTY,1981,24940,4500000
605,45,12030,Carbonate,1981,0,4512030
606,45,12045,Carbondale,1981,2212,4512045
607,45,30780,Glenwood Springs,1981,4853,4530780
608,45,53395,New Castle,1981,588,4553395
609,45,57400,Parachute,1981,606,4557400
610,45,64255,Rifle,1981,3943,4564255
611,45,70195,Silt,1981,998,4570195
612,45,99990,Unincorporated Garfield County,1981,11740,4599990
613,47,0,GILPIN COUNTY,1981,2620,4700000
614,47,7025,Black Hawk,1981,249,4707025
615,47,12910,Central City (Part),1981,350,4712910
616,47,99990,Unincorporated Gilpin County,1981,2021,4799990
617,49,0,GRAND COUNTY,1981,7748,4900000
618,49,28305,Fraser,1981,504,4928305
619,49,31605,Granby,1981,997,4931605
620,49,31715,Grand Lake,1981,392,4931715
621,49,37600,Hot Sulphur Springs,1981,408,4937600
622,49,41560,Kremmling,1981,1283,4941560
623,49,85705,Winter Park,1981,515,4985705
624,49,99990,Unincorporated Grand County,1981,3649,4999990
625,51,0,GUNNISON COUNTY,1981,10669,5100000
626,51,18310,Crested Butte,1981,957,5118310
627,51,33640,Gunnison,1981,5740,5133640
628,51,48555,Marble,1981,33,5148555
629,51,52570,Mount Crested Butte,1981,278,5152570
630,51,59830,Pitkin,1981,56,5159830
631,51,99990,Unincorporated Gunnison County,1981,3605,5199990
632,53,0,HINSDALE COUNTY,1981,455,5300000
633,53,42330,Lake City,1981,230,5342330
634,53,99990,Unincorporated Hinsdale County,1981,225,5399990
635,55,0,HUERFANO COUNTY,1981,6326,5500000
636,55,44100,La Veta,1981,626,5544100
637,55,82350,Walsenburg,1981,3811,5582350
638,55,99990,Unincorporated Huerfano County,1981,1889,5599990
639,57,0,JACKSON COUNTY,1981,2022,5700000
640,57,82130,Walden,1981,1041,5782130
641,57,99990,Unincorporated Jackson County,1981,981,5799990
642,59,0,JEFFERSON COUNTY,1981,386410,5900000
643,59,3455,Arvada (Part),1981,85603,5903455
644,59,8070,Bow Mar (Part),1981,256,5908070
645,59,9280,Broomfield (Part),1981,783,5909280
646,59,23135,Edgewater,1981,4924,5923135
647,59,30835,Golden,1981,12743,5930835
648,59,42495,Lakeside,1981,18,5942495
649,59,43000,Lakewood,1981,117834,5943000
650,59,45255,Littleton (Part),1981,,5945255
651,59,52075,Morrison,1981,491,5952075
652,59,52350,Mountain View,1981,600,5952350
653,59,75640,Superior (Part),1981,0,5975640
654,59,83835,Westminster (Part),1981,19342,5983835
655,59,84440,Wheat Ridge,1981,30861,5984440
656,59,99990,Unincorporated Jefferson County,1981,112955,5999990
657,61,0,KIOWA COUNTY,1981,1995,6100000
658,61,22145,Eads,1981,902,6122145
659,61,34740,Haswell,1981,118,6134740
660,61,69700,Sheridan Lake,1981,92,6169700
661,61,99990,Unincorporated Kiowa County,1981,883,6199990
662,63,0,KIT CARSON COUNTY,1981,7513,6300000
663,63,6530,Bethune,1981,145,6306530
664,63,10600,Burlington,1981,3107,6310600
665,63,26765,Flagler,1981,552,6326765
666,63,69040,Seibert,1981,185,6369040
667,63,74485,Stratton,1981,681,6374485
668,63,81690,Vona,1981,97,6381690
669,63,99990,Unincorporated Kit Carson County,1981,2746,6399990
670,65,0,LAKE COUNTY,1981,8979,6500000
671,65,44320,Leadville,1981,3891,6544320
672,65,99990,Unincorporated Lake County,1981,5088,6599990
673,67,0,LA PLATA COUNTY,1981,28531,6700000
674,67,5265,Bayfield,1981,781,6705265
675,67,22035,Durango,1981,12022,6722035
676,67,38535,Ignacio,1981,703,6738535
677,67,99990,Unincorporated La Plata County,1981,15025,6799990
678,69,0,LARIMER COUNTY,1981,153793,6900000
679,69,6255,Berthoud (Part),1981,2429,6906255
680,69,25115,Estes Park,1981,2798,6925115
681,69,27425,Fort Collins,1981,67146,6927425
682,69,39855,Johnstown (Part),1981,,6939855
683,69,46465,Loveland,1981,31372,6946465
684,69,77510,Timnath (Part),1981,184,6977510
685,69,83230,Wellington,1981,1266,6983230
686,69,85485,Windsor (Part),1981,,6985485
687,69,99990,Unincorporated Larimer County,1981,48598,6999990
688,71,0,LAS ANIMAS COUNTY,1981,15123,7100000
689,71,760,Aguilar,1981,632,7100760
690,71,8345,Branson,1981,77,7108345
691,71,15550,Cokedale,1981,91,7115550
692,71,40570,Kim,1981,103,7140570
693,71,73715,Starkville,1981,133,7173715
694,71,78610,Trinidad,1981,9779,7178610
695,71,99990,Unincorporated Las Animas County,1981,4308,7199990
696,73,0,LINCOLN COUNTY,1981,4508,7300000
697,73,3235,Arriba,1981,236,7303235
698,73,29680,Genoa,1981,154,7329680
699,73,37875,Hugo,1981,736,7337875
700,73,44980,Limon,1981,1746,7344980
701,73,99990,Unincorporated Lincoln County,1981,1636,7399990
702,75,0,LOGAN COUNTY,1981,19780,7500000
703,75,18640,Crook,1981,171,7518640
704,75,26875,Fleming,1981,371,7526875
705,75,38590,Iliff,1981,205,7538590
706,75,50040,Merino,1981,255,7550040
707,75,58235,Peetz,1981,209,7558235
708,75,73935,Sterling,1981,11466,7573935
709,75,99990,Unincorporated Logan County,1981,7103,7599990
710,77,0,MESA COUNTY,1981,87073,7700000
711,77,15605,Collbran,1981,334,7715605
712,77,19355,De Beque,1981,304,7719355
713,77,28745,Fruita,1981,3089,7728745
714,77,31660,Grand Junction,1981,28915,7731660
715,77,56970,Palisade,1981,1633,7756970
716,77,99990,Unincorporated Mesa County,1981,52798,7799990
717,79,0,MINERAL COUNTY,1981,910,7900000
718,79,14765,City of Creede,1981,677,7914765
719,79,99990,Unincorporated Mineral County,1981,233,7999990
720,81,0,MOFFAT COUNTY,1981,13665,8100000
721,81,17760,Craig,1981,9448,8117760
722,81,20495,Dinosaur,1981,335,8120495
723,81,99990,Unincorporated Moffat County,1981,3882,8199990
724,83,0,MONTEZUMA COUNTY,1981,17595,8300000
725,83,17375,Cortez,1981,7427,8317375
726,83,20770,Dolores,1981,874,8320770
727,83,48115,Mancos,1981,935,8348115
728,83,99990,Unincorporated Montezuma County,1981,8359,8399990
729,85,0,MONTROSE COUNTY,1981,25031,8500000
730,85,51745,Montrose,1981,8998,8551745
731,85,53120,Naturita,1981,811,8553120
732,85,54935,Nucla,1981,1021,8554935
733,85,55540,Olathe,1981,1284,8555540
734,85,99990,Unincorporated Montrose County,1981,12917,8599990
735,87,0,MORGAN COUNTY,1981,22435,8700000
736,87,9555,Brush,1981,4104,8709555
737,87,27810,Fort Morgan,1981,8829,8727810
738,87,36610,Hillrose,1981,213,8736610
739,87,45695,Log Lane Village,1981,704,8745695
740,87,84770,Wiggins,1981,530,8784770
741,87,99990,Unincorporated Morgan County,1981,8055,8799990
742,89,0,OTERO COUNTY,1981,22523,8900000
743,89,13460,Cheraw,1981,243,8913460
744,89,27975,Fowler,1981,1249,8927975
745,89,42110,La Junta,1981,8362,8942110
746,89,48500,Manzanola,1981,453,8948500
747,89,65190,Rocky Ford,1981,4789,8965190
748,89,75970,Swink,1981,673,8975970
749,89,99990,Unincorporated Otero County,1981,6754,8999990
750,91,0,OURAY COUNTY,1981,2056,9100000
751,91,56420,Ouray,1981,707,9156420
752,91,64200,Ridgway,1981,398,9164200
753,91,99990,Unincorporated Ouray County,1981,951,9199990
754,93,0,PARK COUNTY,1981,5975,9300000
755,93,1530,Alma,1981,144,9301530
756,93,25610,Fairplay,1981,466,9325610
757,93,99990,Unincorporated Park County,1981,5365,9399990
758,95,0,PHILLIPS COUNTY,1981,4495,9500000
759,95,34960,Haxtun,1981,989,9534960
760,95,37270,Holyoke,1981,2082,9537270
761,95,57245,Paoli,1981,73,9557245
762,95,99990,Unincorporated Phillips County,1981,1351,9599990
763,97,0,PITKIN COUNTY,1981,9924,9700000
764,97,3620,Aspen,1981,3425,9703620
765,97,4935,Basalt (Part),1981,0,9704935
766,97,71755,Snowmass Village,1981,973,9771755
767,97,99990,Unincorporated Pitkin County,1981,5526,9799990
768,99,0,PROWERS COUNTY,1981,13092,9900000
769,99,31550,Granada,1981,545,9931550
770,99,34520,Hartman,1981,116,9934520
771,99,37215,Holly,1981,955,9937215
772,99,43110,Lamar,1981,7794,9943110
773,99,85045,Wiley,1981,411,9985045
774,99,99990,Unincorporated Prowers County,1981,3271,9999990
775,101,0,PUEBLO COUNTY,1981,124797,10100000
776,101,7795,Boone,1981,419,10107795
777,101,62000,Pueblo,1981,100634,10162000
778,101,66895,Rye,1981,220,10166895
779,101,99990,Unincorporated Pueblo County,1981,23524,10199990
780,103,0,RIO BLANCO COUNTY,1981,6886,10300000
781,103,49875,Meeker,1981,2551,10349875
782,103,62880,Rangely,1981,2375,10362880
783,103,99990,Unincorporated Rio Blanco County,1981,1960,10399990
784,105,0,RIO GRANDE COUNTY,1981,10856,10500000
785,105,12855,Center (Part),1981,0,10512855
786,105,19795,Del Norte,1981,1756,10519795
787,105,51635,Monte Vista,1981,4050,10551635
788,105,72395,South Fork,1981,,10572395
789,105,99990,Unincorporated Rio Grande County,1981,5050,10599990
790,107,0,ROUTT COUNTY,1981,13473,10700000
791,107,35070,Hayden,1981,1688,10735070
792,107,55155,Oak Creek,1981,876,10755155
793,107,73825,Steamboat Springs,1981,5296,10773825
794,107,86475,Yampa,1981,448,10786475
795,107,99990,Unincorporated Routt County,1981,5165,10799990
796,109,0,SAGUACHE COUNTY,1981,4106,10900000
797,109,7571,Bonza City,1981,9,10907571
798,109,12855,Center (Part),1981,1694,10912855
799,109,18420,Crestone,1981,55,10918420
800,109,51250,Moffat,1981,104,10951250
801,109,67005,Saguache,1981,658,10967005
802,109,99990,Unincorporated Saguache County,1981,1586,10999990
803,111,0,SAN JUAN COUNTY,1981,976,11100000
804,111,70580,Silverton,1981,937,11170580
805,111,99990,Unincorporated San Juan County,1981,39,11199990
806,113,0,SAN MIGUEL COUNTY,1981,3168,11300000
807,113,52550,Mountain Village,1981,,11352550
808,113,54880,Norwood,1981,468,11354880
809,113,55870,Ophir,1981,41,11355870
810,113,68655,Sawpit,1981,40,11368655
811,113,76795,Telluride,1981,1031,11376795
812,113,99990,Unincorporated San Miguel County,1981,1588,11399990
813,115,0,SEDGWICK COUNTY,1981,3217,11500000
814,115,39965,Julesburg,1981,1514,11539965
815,115,56475,Ovid,1981,438,11556475
816,115,68930,Sedgwick,1981,242,11568930
817,115,99990,Unincorporated Sedgwick County,1981,1023,11599990
818,117,0,SUMMIT COUNTY,1981,9234,11700000
819,117,7410,Blue River,1981,246,11707410
820,117,8400,Breckenridge,1981,855,11708400
821,117,20440,Dillon,1981,360,11720440
822,117,28690,Frisco,1981,1246,11728690
823,117,40550,Keystone,1981,,11740555
824,117,51690,Montezuma,1981,23,11751690
825,117,70525,Silverthorne,1981,1028,11770525
826,117,99990,Unincorporated Summit County,1981,5476,11799990
827,119,0,TELLER COUNTY,1981,8635,11900000
828,119,18530,Cripple Creek,1981,678,11918530
829,119,32650,Green Mountain Falls (Part),1981,20,11932650
830,119,80865,Victor,1981,272,11980865
831,119,86090,Woodland Park,1981,2787,11986090
832,119,99990,Unincorporated Teller County,1981,4878,11999990
833,121,0,WASHINGTON COUNTY,1981,5217,12100000
834,121,925,Akron,1981,1723,12100925
835,121,56365,Otis,1981,514,12156365
836,121,99990,Unincorporated Washington County,1981,2980,12199990
837,123,0,WELD COUNTY,1981,124027,12300000
838,123,3950,Ault,1981,1025,12303950
839,123,6255,Berthoud (Part),1981,,12306255
840,123,8675,Brighton (Part),1981,0,12308675
841,123,9280,Broomfield (Part),1981,,12309280
842,123,19080,Dacono,1981,2450,12319080
843,123,22860,Eaton,1981,1952,12322860
844,123,24950,Erie (Part),1981,1241,12324950
845,123,25280,Evans,1981,5115,12325280
846,123,26600,Firestone,1981,1251,12326600
847,123,27700,Fort Lupton,1981,4319,12327700
848,123,28360,Frederick,1981,881,12328360
849,123,29185,Garden City,1981,94,12329185
850,123,29955,Gilcrest,1981,1059,12329955
851,123,32155,Greeley,1981,53252,12332155
852,123,33310,Grover,1981,149,12333310
853,123,37820,Hudson,1981,712,12337820
854,123,39855,Johnstown (Part),1981,1546,12339855
855,123,40185,Keenesburg,1981,539,12340185
856,123,40515,Kersey,1981,903,12340515
857,123,43605,La Salle,1981,1919,12343605
858,123,45530,Lochbuie (Part),1981,902,12345530
859,123,45970,Longmont (Part),1981,,12345970
860,123,49600,Mead,1981,359,12349600
861,123,50480,Milliken,1981,1536,12350480
862,123,54330,Northglenn (Part),1981,0,12354330
863,123,55045,Nunn,1981,292,12355045
864,123,59005,Pierce,1981,886,12359005
865,123,60160,Platteville,1981,1652,12360160
866,123,63045,Raymer,1981,83,12363045
867,123,69150,Severance,1981,106,12369150
868,123,77290,Thornton (Part),1981,,12377290
869,123,77510,Timnath (Part),1981,,12377510
870,123,85485,Windsor (Part),1981,4422,12385485
871,123,99990,Unincorporated Weld County,1981,35341,12399990
872,125,0,YUMA COUNTY,1981,9753,12500000
873,125,23025,Eckley,1981,258,12523025
874,125,86310,Wray,1981,2191,12586310
875,125,86750,Yuma,1981,2863,12586750
876,125,99990,Unincorporated Yuma County,1981,4441,12599990
877,999,3455,Arvada (Total),1981,86992,99903455
878,999,4000,Aurora (Total),1981,170757,99904000
879,999,4935,Basalt (Total),1981,543,99904935
880,999,6090,Bennett (Total),1981,1069,99906090
881,999,6255,Berthoud (Total),1981,2429,99906255
882,999,8070,Bow Mar (Total),1981,944,99908070
883,999,8675,Brighton (Total),1981,13145,99908675
884,999,9280,Broomfield (Total),1981,21315,99909280
885,999,12855,Center (Total),1981,1694,99912855
886,999,12910,Central City (Total),1981,350,99912910
887,999,24950,Erie (Total),1981,1263,99924950
888,999,32650,Green Mountain Falls (Total),1981,625,99932650
889,999,39855,Johnstown (Total),1981,1546,99939855
890,999,45255,Littleton (Total),1981,30813,99945255
891,999,45530,Lochbuie (Total),1981,902,99945530
892,999,45970,Longmont (Total),1981,44317,99945970
893,999,54330,Northglenn (Total),1981,29827,99954330
894,999,75640,Superior (Total),1981,214,99975640
895,999,77290,Thornton (Total),1981,44215,99977290
896,999,77510,Timnath (Total),1981,184,99977510
897,999,83835,Westminster (Total),1981,53228,99983835
898,999,85485,Windsor (Total),1981,4422,99985485
899,0,0,COLORADO STATE,1982,3064868,0
900,1,0,ADAMS COUNTY,1982,260136,100000
901,1,3455,Arvada (Part),1982,1526,103455
902,1,4000,Aurora (Part),1982,29750,104000
903,1,6090,Bennett (Part),1982,1231,106090
904,1,8675,Brighton (Part),1982,13617,108675
905,1,9280,Broomfield (Part),1982,5732,109280
906,1,16495,Commerce City,1982,16481,116495
907,1,26270,Federal Heights,1982,8149,126270
908,1,45530,Lochbuie (Part),1982,,145530
909,1,54330,Northglenn (Part),1982,29946,154330
910,1,77290,Thornton (Part),1982,46889,177290
911,1,83835,Westminster (Part),1982,36191,183835
912,1,99990,Unincorporated Adams County,1982,70624,199990
913,3,0,ALAMOSA COUNTY,1982,12258,300000
914,3,1090,Alamosa,1982,7000,301090
915,3,37380,Hooper,1982,75,337380
916,3,99990,Unincorporated Alamosa County,1982,5183,399990
917,5,0,ARAPAHOE COUNTY,1982,334909,500000
918,5,4000,Aurora (Part),1982,153429,504000
919,5,6090,Bennett (Part),1982,,506090
920,5,8070,Bow Mar (Part),1982,670,508070
921,5,12815,Centennial,1982,,512815
922,5,13845,Cherry Hills Village,1982,5003,513845
923,5,16385,Columbine Valley,1982,936,516385
924,5,19630,Deer Trail,1982,457,519630
925,5,24785,Englewood,1982,31079,524785
926,5,28105,Foxfield,1982,,528105
927,5,30340,Glendale,1982,2572,530340
928,5,33035,Greenwood Village,1982,6200,533035
929,5,45255,Littleton (Part),1982,32259,545255
930,5,69645,Sheridan,1982,5281,569645
931,5,99990,Unincorporated Arapahoe County,1982,97023,599990
932,7,0,ARCHULETA COUNTY,1982,4196,700000
933,7,56860,Pagosa Springs,1982,1562,756860
934,7,99990,Unincorporated Archuleta County,1982,2634,799990
935,9,0,BACA COUNTY,1982,5330,900000
936,9,11645,Campo,1982,182,911645
937,9,61315,Pritchett,1982,176,961315
938,9,73330,Springfield,1982,1619,973330
939,9,79270,Two Buttes,1982,79,979270
940,9,81030,Vilas,1982,114,981030
941,9,82460,Walsh,1982,839,982460
942,9,99990,Unincorporated Baca County,1982,2321,999990
943,11,0,BENT COUNTY,1982,5767,1100000
944,11,43660,Las Animas,1982,2787,1143660
945,11,99990,Unincorporated Bent County,1982,2980,1199990
946,13,0,BOULDER COUNTY,1982,200177,1300000
947,13,7850,Boulder,1982,78329,1307850
948,13,9280,Broomfield (Part),1982,15456,1309280
949,13,24950,Erie (Part),1982,22,1324950
950,13,39195,Jamestown,1982,247,1339195
951,13,41835,Lafayette,1982,10685,1341835
952,13,45970,Longmont (Part),1982,45723,1345970
953,13,46355,Louisville,1982,6282,1346355
954,13,47070,Lyons,1982,1232,1347070
955,13,53175,Nederland,1982,1333,1353175
956,13,75640,Superior (Part),1982,218,1375640
957,13,82735,Ward,1982,124,1382735
958,13,99990,Unincorporated Boulder County,1982,40526,1399990
959,14,0,BROOMFIELD COUNTY,1982,,1400000
960,14,9280,Broomfield,1982,,1409280
961,15,0,CHAFFEE COUNTY,1982,13417,1500000
962,15,10105,Buena Vista,1982,2103,1510105
963,15,60600,Poncha Springs,1982,322,1560600
964,15,67280,Salida,1982,4966,1567280
965,15,99990,Unincorporated Chaffee County,1982,6026,1599990
966,17,0,CHEYENNE COUNTY,1982,2240,1700000
967,17,14175,Cheyenne Wells,1982,997,1714175
968,17,41010,Kit Carson,1982,284,1741010
969,17,99990,Unincorporated Cheyenne County,1982,959,1799990
970,19,0,CLEAR CREEK COUNTY,1982,7421,1900000
971,19,12910,Central City (Part),1982,,1912910
972,19,24620,Empire,1982,434,1924620
973,19,29735,Georgetown,1982,914,1929735
974,19,38370,Idaho Springs,1982,2070,1938370
975,19,70360,Silver Plume,1982,142,1970360
976,19,99990,Unincorporated Clear Creek County,1982,3861,1999990
977,21,0,CONEJOS COUNTY,1982,7713,2100000
978,21,2355,Antonito,1982,1051,2102355
979,21,42055,La Jara,1982,834,2142055
980,21,48060,Massa,1982,987,2148060
981,21,65740,Romeo,1982,304,2165740
982,21,67830,Sanford,1982,712,2167830
983,21,99990,Unincorporated Conejos County,1982,3825,2199990
984,23,0,COSTILLA COUNTY,1982,3125,2300000
985,23,7190,Blanca,1982,273,2307190
986,23,68105,San Luis,1982,852,2368105
987,23,99990,Unincorporated Costilla County,1982,2000,2399990
988,25,0,CROWLEY COUNTY,1982,2909,2500000
989,25,18750,Crowley,1982,196,2518750
990,25,55705,Olney Springs,1982,241,2555705
991,25,56145,Ordway,1982,1067,2556145
992,25,74815,Sugar City,1982,295,2574815
993,25,99990,Unincorporated Crowley County,1982,1110,2599990
994,27,0,CUSTER COUNTY,1982,1621,2700000
995,27,70250,Silver Cliff,1982,306,2770250
996,27,83450,Westcliffe,1982,312,2783450
997,27,99990,Unincorporated Custer County,1982,1003,2799990
998,29,0,DELTA COUNTY,1982,23433,2900000
999,29,12635,Cedaredge,1982,1237,2912635
1000,29,17925,Crawford,1982,248,2917925
1001,29,19850,Delta,1982,4332,2919850
1002,29,37545,Hotchkiss,1982,899,2937545
1003,29,55980,Orchard City,1982,2155,2955980
1004,29,57300,Paonia,1982,1622,2957300
1005,29,99990,Unincorporated Delta County,1982,12940,2999990
1006,31,0,DENVER COUNTY,1982,498377,3100000
1007,31,20000,Denver,1982,498377,3120000
1008,33,0,DOLORES COUNTY,1982,1682,3300000
1009,33,21265,Dove Creek,1982,808,3321265
1010,33,64090,Rico,1982,86,3364090
1011,33,99990,Unincorporated Dolores County,1982,788,3399990
1012,35,0,DOUGLAS COUNTY,1982,29927,3500000
1013,35,4000,Aurora (Part),1982,0,3504000
1014,35,12387,Castle Pines,1982,,3512390
1015,35,12415,Castle Rock,1982,4348,3512415
1016,35,43550,Larkspur,1982,162,3543550
1017,35,45255,Littleton (Part),1982,125,3545255
1018,35,45955,Lone Tree,1982,,3545955
1019,35,57630,Parker,1982,348,3557630
1020,35,99990,Unincorporated Douglas County,1982,24944,3599990
1021,37,0,EAGLE COUNTY,1982,15378,3700000
1022,37,4110,Avon,1982,866,3704110
1023,37,4935,Basalt (Part),1982,603,3704935
1024,37,22200,Eagle,1982,1113,3722200
1025,37,33695,Gypsum,1982,1021,3733695
1026,37,50920,Minturn,1982,1007,3750920
1027,37,63265,Red Cliff,1982,358,3763265
1028,37,80040,Vail,1982,3920,3780040
1029,37,99990,Unincorporated Eagle County,1982,6490,3799990
1030,39,0,ELBERT COUNTY,1982,7500,3900000
1031,39,23740,Elizabeth,1982,844,3923740
1032,39,40790,Kiowa,1982,226,3940790
1033,39,70635,Simla,1982,511,3970635
1034,39,99990,Unincorporated Elbert County,1982,5919,3999990
1035,41,0,EL PASO COUNTY,1982,331738,4100000
1036,41,11260,Calhan,1982,623,4111260
1037,41,16000,Colorado Springs,1982,231872,4116000
1038,41,27865,Fountain,1982,8940,4127865
1039,41,32650,Green Mountain Falls (Part),1982,617,4132650
1040,41,48445,Manitou Springs,1982,4506,4148445
1041,41,51800,Monument,1982,774,4151800
1042,41,57025,Palmer Lake,1982,1188,4157025
1043,41,62660,Ramah,1982,128,4162660
1044,41,99990,Unincorporated El Paso County,1982,83090,4199990
1045,43,0,FREMONT COUNTY,1982,30343,4300000
1046,43,9115,Brookside,1982,185,4309115
1047,43,11810,Canon City,1982,13422,4311810
1048,43,15330,Coal Creek,1982,173,4315330
1049,43,27040,Florence,1982,3172,4327040
1050,43,64970,Rockvale,1982,352,4364970
1051,43,85155,Williamsburg,1982,81,4385155
1052,43,99990,Unincorporated Fremont County,1982,12927,4399990
1053,45,0,GARFIELD COUNTY,1982,29029,4500000
1054,45,12030,Carbonate,1982,0,4512030
1055,45,12045,Carbondale,1982,2480,4512045
1056,45,30780,Glenwood Springs,1982,5344,4530780
1057,45,53395,New Castle,1982,642,4553395
1058,45,57400,Parachute,1982,950,4557400
1059,45,64255,Rifle,1982,5031,4564255
1060,45,70195,Silt,1982,1140,4570195
1061,45,99990,Unincorporated Garfield County,1982,13442,4599990
1062,47,0,GILPIN COUNTY,1982,2776,4700000
1063,47,7025,Black Hawk,1982,270,4707025
1064,47,12910,Central City (Part),1982,371,4712910
1065,47,99990,Unincorporated Gilpin County,1982,2135,4799990
1066,49,0,GRAND COUNTY,1982,8113,4900000
1067,49,28305,Fraser,1982,548,4928305
1068,49,31605,Granby,1982,1046,4931605
1069,49,31715,Grand Lake,1982,410,4931715
1070,49,37600,Hot Sulphur Springs,1982,416,4937600
1071,49,41560,Kremmling,1982,1275,4941560
1072,49,85705,Winter Park,1982,561,4985705
1073,49,99990,Unincorporated Grand County,1982,3857,4999990
1074,51,0,GUNNISON COUNTY,1982,10619,5100000
1075,51,18310,Crested Butte,1982,955,5118310
1076,51,33640,Gunnison,1982,5699,5133640
1077,51,48555,Marble,1982,36,5148555
1078,51,52570,Mount Crested Butte,1982,290,5152570
1079,51,59830,Pitkin,1982,54,5159830
1080,51,99990,Unincorporated Gunnison County,1982,3585,5199990
1081,53,0,HINSDALE COUNTY,1982,478,5300000
1082,53,42330,Lake City,1982,242,5342330
1083,53,99990,Unincorporated Hinsdale County,1982,236,5399990
1084,55,0,HUERFANO COUNTY,1982,6523,5500000
1085,55,44100,La Veta,1982,672,5544100
1086,55,82350,Walsenburg,1982,3852,5582350
1087,55,99990,Unincorporated Huerfano County,1982,1999,5599990
1088,57,0,JACKSON COUNTY,1982,2057,5700000
1089,57,82130,Walden,1982,1069,5782130
1090,57,99990,Unincorporated Jackson County,1982,988,5799990
1091,59,0,JEFFERSON COUNTY,1982,398695,5900000
1092,59,3455,Arvada (Part),1982,87338,5903455
1093,59,8070,Bow Mar (Part),1982,273,5908070
1094,59,9280,Broomfield (Part),1982,810,5909280
1095,59,23135,Edgewater,1982,5047,5923135
1096,59,30835,Golden,1982,13227,5930835
1097,59,42495,Lakeside,1982,17,5942495
1098,59,43000,Lakewood,1982,120889,5943000
1099,59,45255,Littleton (Part),1982,,5945255
1100,59,52075,Morrison,1982,503,5952075
1101,59,52350,Mountain View,1982,615,5952350
1102,59,75640,Superior (Part),1982,0,5975640
1103,59,83835,Westminster (Part),1982,20379,5983835
1104,59,84440,Wheat Ridge,1982,31074,5984440
1105,59,99990,Unincorporated Jefferson County,1982,118523,5999990
1106,61,0,KIOWA COUNTY,1982,1927,6100000
1107,61,22145,Eads,1982,870,6122145
1108,61,34740,Haswell,1982,103,6134740
1109,61,69700,Sheridan Lake,1982,88,6169700
1110,61,99990,Unincorporated Kiowa County,1982,866,6199990
1111,63,0,KIT CARSON COUNTY,1982,7570,6300000
1112,63,6530,Bethune,1982,139,6306530
1113,63,10600,Burlington,1982,3179,6310600
1114,63,26765,Flagler,1982,565,6326765
1115,63,69040,Seibert,1982,192,6369040
1116,63,74485,Stratton,1982,664,6374485
1117,63,81690,Vona,1982,102,6381690
1118,63,99990,Unincorporated Kit Carson County,1982,2729,6399990
1119,65,0,LAKE COUNTY,1982,8425,6500000
1120,65,44320,Leadville,1982,3598,6544320
1121,65,99990,Unincorporated Lake County,1982,4827,6599990
1122,67,0,LA PLATA COUNTY,1982,29729,6700000
1123,67,5265,Bayfield,1982,834,6705265
1124,67,22035,Durango,1982,12325,6722035
1125,67,38535,Ignacio,1982,739,6738535
1126,67,99990,Unincorporated La Plata County,1982,15831,6799990
1127,69,0,LARIMER COUNTY,1982,158719,6900000
1128,69,6255,Berthoud (Part),1982,2500,6906255
1129,69,25115,Estes Park,1982,2910,6925115
1130,69,27425,Fort Collins,1982,69247,6927425
1131,69,39855,Johnstown (Part),1982,,6939855
1132,69,46465,Loveland,1982,32616,6946465
1133,69,77510,Timnath (Part),1982,181,6977510
1134,69,83230,Wellington,1982,1325,6983230
1135,69,85485,Windsor (Part),1982,,6985485
1136,69,99990,Unincorporated Larimer County,1982,49940,6999990
1137,71,0,LAS ANIMAS COUNTY,1982,15160,7100000
1138,71,760,Aguilar,1982,637,7100760
1139,71,8345,Branson,1982,79,7108345
1140,71,15550,Cokedale,1982,90,7115550
1141,71,40570,Kim,1982,105,7140570
1142,71,73715,Starkville,1982,138,7173715
1143,71,78610,Trinidad,1982,9768,7178610
1144,71,99990,Unincorporated Las Animas County,1982,4343,7199990
1145,73,0,LINCOLN COUNTY,1982,4495,7300000
1146,73,3235,Arriba,1982,248,7303235
1147,73,29680,Genoa,1982,145,7329680
1148,73,37875,Hugo,1982,722,7337875
1149,73,44980,Limon,1982,1737,7344980
1150,73,99990,Unincorporated Lincoln County,1982,1643,7399990
1151,75,0,LOGAN COUNTY,1982,19649,7500000
1152,75,18640,Crook,1982,161,7518640
1153,75,26875,Fleming,1982,348,7526875
1154,75,38590,Iliff,1982,190,7538590
1155,75,50040,Merino,1982,253,7550040
1156,75,58235,Peetz,1982,195,7558235
1157,75,73935,Sterling,1982,11499,7573935
1158,75,99990,Unincorporated Logan County,1982,7003,7599990
1159,77,0,MESA COUNTY,1982,93831,7700000
1160,77,15605,Collbran,1982,326,7715605
1161,77,19355,De Beque,1982,337,7719355
1162,77,28745,Fruita,1982,3416,7728745
1163,77,31660,Grand Junction,1982,30193,7731660
1164,77,56970,Palisade,1982,1723,7756970
1165,77,99990,Unincorporated Mesa County,1982,57836,7799990
1166,79,0,MINERAL COUNTY,1982,864,7900000
1167,79,14765,City of Creede,1982,629,7914765
1168,79,99990,Unincorporated Mineral County,1982,235,7999990
1169,81,0,MOFFAT COUNTY,1982,14887,8100000
1170,81,17760,Craig,1982,10299,8117760
1171,81,20495,Dinosaur,1982,378,8120495
1172,81,99990,Unincorporated Moffat County,1982,4210,8199990
1173,83,0,MONTEZUMA COUNTY,1982,18550,8300000
1174,83,17375,Cortez,1982,7710,8317375
1175,83,20770,Dolores,1982,952,8320770
1176,83,48115,Mancos,1982,1002,8348115
1177,83,99990,Unincorporated Montezuma County,1982,8886,8399990
1178,85,0,MONTROSE COUNTY,1982,25245,8500000
1179,85,51745,Montrose,1982,9149,8551745
1180,85,53120,Naturita,1982,793,8553120
1181,85,54935,Nucla,1982,993,8554935
1182,85,55540,Olathe,1982,1279,8555540
1183,85,99990,Unincorporated Montrose County,1982,13031,8599990
1184,87,0,MORGAN COUNTY,1982,22700,8700000
1185,87,9555,Brush,1982,4196,8709555
1186,87,27810,Fort Morgan,1982,9015,8727810
1187,87,36610,Hillrose,1982,217,8736610
1188,87,45695,Log Lane Village,1982,714,8745695
1189,87,84770,Wiggins,1982,538,8784770
1190,87,99990,Unincorporated Morgan County,1982,8020,8799990
1191,89,0,OTERO COUNTY,1982,22355,8900000
1192,89,13460,Cheraw,1982,255,8913460
1193,89,27975,Fowler,1982,1272,8927975
1194,89,42110,La Junta,1982,8343,8942110
1195,89,48500,Manzanola,1982,440,8948500
1196,89,65190,Rocky Ford,1982,4750,8965190
1197,89,75970,Swink,1982,679,8975970
1198,89,99990,Unincorporated Otero County,1982,6616,8999990
1199,91,0,OURAY COUNTY,1982,2110,9100000
1200,91,56420,Ouray,1982,703,9156420
1201,91,64200,Ridgway,1982,415,9164200
1202,91,99990,Unincorporated Ouray County,1982,992,9199990
1203,93,0,PARK COUNTY,1982,6399,9300000
1204,93,1530,Alma,1982,148,9301530
1205,93,25610,Fairplay,1982,499,9325610
1206,93,99990,Unincorporated Park County,1982,5752,9399990
1207,95,0,PHILLIPS COUNTY,1982,4561,9500000
1208,95,34960,Haxtun,1982,983,9534960
1209,95,37270,Holyoke,1982,2125,9537270
1210,95,57245,Paoli,1982,70,9557245
1211,95,99990,Unincorporated Phillips County,1982,1383,9599990
1212,97,0,PITKIN COUNTY,1982,10036,9700000
1213,97,3620,Aspen,1982,3348,9703620
1214,97,4935,Basalt (Part),1982,0,9704935
1215,97,71755,Snowmass Village,1982,1003,9771755
1216,97,99990,Unincorporated Pitkin County,1982,5685,9799990
1217,99,0,PROWERS COUNTY,1982,13363,9900000
1218,99,31550,Granada,1982,542,9931550
1219,99,34520,Hartman,1982,110,9934520
1220,99,37215,Holly,1982,962,9937215
1221,99,43110,Lamar,1982,8031,9943110
1222,99,85045,Wiley,1982,403,9985045
1223,99,99990,Unincorporated Prowers County,1982,3315,9999990
1224,101,0,PUEBLO COUNTY,1982,123756,10100000
1225,101,7795,Boone,1982,411,10107795
1226,101,62000,Pueblo,1982,99616,10162000
1227,101,66895,Rye,1982,210,10166895
1228,101,99990,Unincorporated Pueblo County,1982,23519,10199990
1229,103,0,RIO BLANCO COUNTY,1982,7272,10300000
1230,103,49875,Meeker,1982,2640,10349875
1231,103,62880,Rangely,1982,2575,10362880
1232,103,99990,Unincorporated Rio Blanco County,1982,2057,10399990
1233,105,0,RIO GRANDE COUNTY,1982,11092,10500000
1234,105,12855,Center (Part),1982,0,10512855
1235,105,19795,Del Norte,1982,1782,10519795
1236,105,51635,Monte Vista,1982,4156,10551635
1237,105,72395,South Fork,1982,,10572395
1238,105,99990,Unincorporated Rio Grande County,1982,5154,10599990
1239,107,0,ROUTT COUNTY,1982,13758,10700000
1240,107,35070,Hayden,1982,1678,10735070
1241,107,55155,Oak Creek,1982,828,10755155
1242,107,73825,Steamboat Springs,1982,5606,10773825
1243,107,86475,Yampa,1982,429,10786475
1244,107,99990,Unincorporated Routt County,1982,5217,10799990
1245,109,0,SAGUACHE COUNTY,1982,4201,10900000
1246,109,7571,Bonza City,1982,10,10907571
1247,109,12855,Center (Part),1982,1735,10912855
1248,109,18420,Crestone,1982,56,10918420
1249,109,51250,Moffat,1982,102,10951250
1250,109,67005,Saguache,1982,649,10967005
1251,109,99990,Unincorporated Saguache County,1982,1649,10999990
1252,111,0,SAN JUAN COUNTY,1982,1147,11100000
1253,111,70580,Silverton,1982,1108,11170580
1254,111,99990,Unincorporated San Juan County,1982,39,11199990
1255,113,0,SAN MIGUEL COUNTY,1982,2999,11300000
1256,113,52550,Mountain Village,1982,,11352550
1257,113,54880,Norwood,1982,437,11354880
1258,113,55870,Ophir,1982,42,11355870
1259,113,68655,Sawpit,1982,37,11368655
1260,113,76795,Telluride,1982,963,11376795
1261,113,99990,Unincorporated San Miguel County,1982,1520,11399990
1262,115,0,SEDGWICK COUNTY,1982,3201,11500000
1263,115,39965,Julesburg,1982,1517,11539965
1264,115,56475,Ovid,1982,441,11556475
1265,115,68930,Sedgwick,1982,226,11568930
1266,115,99990,Unincorporated Sedgwick County,1982,1017,11599990
1267,117,0,SUMMIT COUNTY,1982,10017,11700000
1268,117,7410,Blue River,1982,274,11707410
1269,117,8400,Breckenridge,1982,927,11708400
1270,117,20440,Dillon,1982,401,11720440
1271,117,28690,Frisco,1982,1313,11728690
1272,117,40550,Keystone,1982,,11740555
1273,117,51690,Montezuma,1982,28,11751690
1274,117,70525,Silverthorne,1982,1109,11770525
1275,117,99990,Unincorporated Summit County,1982,5965,11799990
1276,119,0,TELLER COUNTY,1982,9314,11900000
1277,119,18530,Cripple Creek,1982,707,11918530
1278,119,32650,Green Mountain Falls (Part),1982,19,11932650
1279,119,80865,Victor,1982,280,11980865
1280,119,86090,Woodland Park,1982,2948,11986090
1281,119,99990,Unincorporated Teller County,1982,5360,11999990
1282,121,0,WASHINGTON COUNTY,1982,5392,12100000
1283,121,925,Akron,1982,1825,12100925
1284,121,56365,Otis,1982,521,12156365
1285,121,99990,Unincorporated Washington County,1982,3046,12199990
1286,123,0,WELD COUNTY,1982,124358,12300000
1287,123,3950,Ault,1982,978,12303950
1288,123,6255,Berthoud (Part),1982,,12306255
1289,123,8675,Brighton (Part),1982,0,12308675
1290,123,9280,Broomfield (Part),1982,,12309280
1291,123,19080,Dacono,1982,2602,12319080
1292,123,22860,Eaton,1982,1969,12322860
1293,123,24950,Erie (Part),1982,1251,12324950
1294,123,25280,Evans,1982,5152,12325280
1295,123,26600,Firestone,1982,1300,12326600
1296,123,27700,Fort Lupton,1982,4380,12327700
1297,123,28360,Frederick,1982,916,12328360
1298,123,29185,Garden City,1982,106,12329185
1299,123,29955,Gilcrest,1982,1091,12329955
1300,123,32155,Greeley,1982,53235,12332155
1301,123,33310,Grover,1982,137,12333310
1302,123,37820,Hudson,1982,727,12337820
1303,123,39855,Johnstown (Part),1982,1550,12339855
1304,123,40185,Keenesburg,1982,537,12340185
1305,123,40515,Kersey,1982,889,12340515
1306,123,43605,La Salle,1982,1898,12343605
1307,123,45530,Lochbuie (Part),1982,895,12345530
1308,123,45970,Longmont (Part),1982,,12345970
1309,123,49600,Mead,1982,360,12349600
1310,123,50480,Milliken,1982,1561,12350480
1311,123,54330,Northglenn (Part),1982,0,12354330
1312,123,55045,Nunn,1982,286,12355045
1313,123,59005,Pierce,1982,894,12359005
1314,123,60160,Platteville,1982,1644,12360160
1315,123,63045,Raymer,1982,87,12363045
1316,123,69150,Severance,1982,111,12369150
1317,123,77290,Thornton (Part),1982,,12377290
1318,123,77510,Timnath (Part),1982,,12377510
1319,123,85485,Windsor (Part),1982,4587,12385485
1320,123,99990,Unincorporated Weld County,1982,35176,12399990
1321,125,0,YUMA COUNTY,1982,9899,12500000
1322,125,23025,Eckley,1982,254,12523025
1323,125,86310,Wray,1982,2281,12586310
1324,125,86750,Yuma,1982,2926,12586750
1325,125,99990,Unincorporated Yuma County,1982,4438,12599990
1326,999,3455,Arvada (Total),1982,88864,99903455
1327,999,4000,Aurora (Total),1982,183179,99904000
1328,999,4935,Basalt (Total),1982,603,99904935
1329,999,6090,Bennett (Total),1982,1231,99906090
1330,999,6255,Berthoud (Total),1982,2500,99906255
1331,999,8070,Bow Mar (Total),1982,943,99908070
1332,999,8675,Brighton (Total),1982,13617,99908675
1333,999,9280,Broomfield (Total),1982,21998,99909280
1334,999,12855,Center (Total),1982,1735,99912855
1335,999,12910,Central City (Total),1982,371,99912910
1336,999,24950,Erie (Total),1982,1273,99924950
1337,999,32650,Green Mountain Falls (Total),1982,636,99932650
1338,999,39855,Johnstown (Total),1982,1550,99939855
1339,999,45255,Littleton (Total),1982,32384,99945255
1340,999,45530,Lochbuie (Total),1982,895,99945530
1341,999,45970,Longmont (Total),1982,45723,99945970
1342,999,54330,Northglenn (Total),1982,29946,99954330
1343,999,75640,Superior (Total),1982,218,99975640
1344,999,77290,Thornton (Total),1982,46889,99977290
1345,999,77510,Timnath (Total),1982,181,99977510
1346,999,83835,Westminster (Total),1982,56570,99983835
1347,999,85485,Windsor (Total),1982,4587,99985485
1348,0,0,COLORADO STATE,1983,3137511,0
1349,1,0,ADAMS COUNTY,1983,267244,100000
1350,1,3455,Arvada (Part),1983,1700,103455
1351,1,4000,Aurora (Part),1983,30133,104000
1352,1,6090,Bennett (Part),1983,1539,106090
1353,1,8675,Brighton (Part),1983,14069,108675
1354,1,9280,Broomfield (Part),1983,5927,109280
1355,1,16495,Commerce City,1983,16989,116495
1356,1,26270,Federal Heights,1983,8208,126270
1357,1,45530,Lochbuie (Part),1983,,145530
1358,1,54330,Northglenn (Part),1983,30365,154330
1359,1,77290,Thornton (Part),1983,48926,177290
1360,1,83835,Westminster (Part),1983,37549,183835
1361,1,99990,Unincorporated Adams County,1983,71839,199990
1362,3,0,ALAMOSA COUNTY,1983,12643,300000
1363,3,1090,Alamosa,1983,7160,301090
1364,3,37380,Hooper,1983,82,337380
1365,3,99990,Unincorporated Alamosa County,1983,5401,399990
1366,5,0,ARAPAHOE COUNTY,1983,349463,500000
1367,5,4000,Aurora (Part),1983,166274,504000
1368,5,6090,Bennett (Part),1983,,506090
1369,5,8070,Bow Mar (Part),1983,711,508070
1370,5,12815,Centennial,1983,,512815
1371,5,13845,Cherry Hills Village,1983,5360,513845
1372,5,16385,Columbine Valley,1983,1013,516385
1373,5,19630,Deer Trail,1983,490,519630
1374,5,24785,Englewood,1983,30549,524785
1375,5,28105,Foxfield,1983,,528105
1376,5,30340,Glendale,1983,2752,530340
1377,5,33035,Greenwood Village,1983,6681,533035
1378,5,45255,Littleton (Part),1983,32562,545255
1379,5,69645,Sheridan,1983,5672,569645
1380,5,99990,Unincorporated Arapahoe County,1983,97399,599990
1381,7,0,ARCHULETA COUNTY,1983,4989,700000
1382,7,56860,Pagosa Springs,1983,1389,756860
1383,7,99990,Unincorporated Archuleta County,1983,3600,799990
1384,9,0,BACA COUNTY,1983,5276,900000
1385,9,11645,Campo,1983,172,911645
1386,9,61315,Pritchett,1983,183,961315
1387,9,73330,Springfield,1983,1609,973330
1388,9,79270,Two Buttes,1983,75,979270
1389,9,81030,Vilas,1983,118,981030
1390,9,82460,Walsh,1983,828,982460
1391,9,99990,Unincorporated Baca County,1983,2291,999990
1392,11,0,BENT COUNTY,1983,5972,1100000
1393,11,43660,Las Animas,1983,2873,1143660
1394,11,99990,Unincorporated Bent County,1983,3099,1199990
1395,13,0,BOULDER COUNTY,1983,204606,1300000
1396,13,7850,Boulder,1983,78209,1307850
1397,13,9280,Broomfield (Part),1983,15731,1309280
1398,13,24950,Erie (Part),1983,21,1324950
1399,13,39195,Jamestown,1983,239,1339195
1400,13,41835,Lafayette,1983,11751,1341835
1401,13,45970,Longmont (Part),1983,47234,1345970
1402,13,46355,Louisville,1983,6621,1346355
1403,13,47070,Lyons,1983,1260,1347070
1404,13,53175,Nederland,1983,1333,1353175
1405,13,75640,Superior (Part),1983,235,1375640
1406,13,82735,Ward,1983,125,1382735
1407,13,99990,Unincorporated Boulder County,1983,41847,1399990
1408,14,0,BROOMFIELD COUNTY,1983,,1400000
1409,14,9280,Broomfield,1983,,1409280
1410,15,0,CHAFFEE COUNTY,1983,13211,1500000
1411,15,10105,Buena Vista,1983,2032,1510105
1412,15,60600,Poncha Springs,1983,311,1560600
1413,15,67280,Salida,1983,4895,1567280
1414,15,99990,Unincorporated Chaffee County,1983,5973,1599990
1415,17,0,CHEYENNE COUNTY,1983,2226,1700000
1416,17,14175,Cheyenne Wells,1983,1024,1714175
1417,17,41010,Kit Carson,1983,275,1741010
1418,17,99990,Unincorporated Cheyenne County,1983,927,1799990
1419,19,0,CLEAR CREEK COUNTY,1983,7723,1900000
1420,19,12910,Central City (Part),1983,,1912910
1421,19,24620,Empire,1983,438,1924620
1422,19,29735,Georgetown,1983,932,1929735
1423,19,38370,Idaho Springs,1983,2119,1938370
1424,19,70360,Silver Plume,1983,145,1970360
1425,19,99990,Unincorporated Clear Creek County,1983,4089,1999990
1426,21,0,CONEJOS COUNTY,1983,7901,2100000
1427,21,2355,Antonito,1983,1058,2102355
1428,21,42055,La Jara,1983,836,2142055
1429,21,48060,Massa,1983,1032,2148060
1430,21,65740,Romeo,1983,320,2165740
1431,21,67830,Sanford,1983,733,2167830
1432,21,99990,Unincorporated Conejos County,1983,3922,2199990
1433,23,0,COSTILLA COUNTY,1983,3276,2300000
1434,23,7190,Blanca,1983,281,2307190
1435,23,68105,San Luis,1983,886,2368105
1436,23,99990,Unincorporated Costilla County,1983,2109,2399990
1437,25,0,CROWLEY COUNTY,1983,3032,2500000
1438,25,18750,Crowley,1983,209,2518750
1439,25,55705,Olney Springs,1983,231,2555705
1440,25,56145,Ordway,1983,1142,2556145
1441,25,74815,Sugar City,1983,302,2574815
1442,25,99990,Unincorporated Crowley County,1983,1148,2599990
1443,27,0,CUSTER COUNTY,1983,1767,2700000
1444,27,70250,Silver Cliff,1983,333,2770250
1445,27,83450,Westcliffe,1983,338,2783450
1446,27,99990,Unincorporated Custer County,1983,1096,2799990
1447,29,0,DELTA COUNTY,1983,23627,2900000
1448,29,12635,Cedaredge,1983,1288,2912635
1449,29,17925,Crawford,1983,241,2917925
1450,29,19850,Delta,1983,4243,2919850
1451,29,37545,Hotchkiss,1983,971,2937545
1452,29,55980,Orchard City,1983,2210,2955980
1453,29,57300,Paonia,1983,1690,2957300
1454,29,99990,Unincorporated Delta County,1983,12984,2999990
1455,31,0,DENVER COUNTY,1983,503273,3100000
1456,31,20000,Denver,1983,503273,3120000
1457,33,0,DOLORES COUNTY,1983,1789,3300000
1458,33,21265,Dove Creek,1983,845,3321265
1459,33,64090,Rico,1983,89,3364090
1460,33,99990,Unincorporated Dolores County,1983,855,3399990
1461,35,0,DOUGLAS COUNTY,1983,33124,3500000
1462,35,4000,Aurora (Part),1983,0,3504000
1463,35,12387,Castle Pines,1983,,3512390
1464,35,12415,Castle Rock,1983,4678,3512415
1465,35,43550,Larkspur,1983,161,3543550
1466,35,45255,Littleton (Part),1983,131,3545255
1467,35,45955,Lone Tree,1983,,3545955
1468,35,57630,Parker,1983,392,3557630
1469,35,99990,Unincorporated Douglas County,1983,27762,3599990
1470,37,0,EAGLE COUNTY,1983,15959,3700000
1471,37,4110,Avon,1983,1046,3704110
1472,37,4935,Basalt (Part),1983,630,3704935
1473,37,22200,Eagle,1983,1156,3722200
1474,37,33695,Gypsum,1983,1196,3733695
1475,37,50920,Minturn,1983,971,3750920
1476,37,63265,Red Cliff,1983,341,3763265
1477,37,80040,Vail,1983,3780,3780040
1478,37,99990,Unincorporated Eagle County,1983,6839,3799990
1479,39,0,ELBERT COUNTY,1983,7997,3900000
1480,39,23740,Elizabeth,1983,906,3923740
1481,39,40790,Kiowa,1983,251,3940790
1482,39,70635,Simla,1983,525,3970635
1483,39,99990,Unincorporated Elbert County,1983,6315,3999990
1484,41,0,EL PASO COUNTY,1983,341721,4100000
1485,41,11260,Calhan,1983,707,4111260
1486,41,16000,Colorado Springs,1983,240493,4116000
1487,41,27865,Fountain,1983,9145,4127865
1488,41,32650,Green Mountain Falls (Part),1983,638,4132650
1489,41,48445,Manitou Springs,1983,4605,4148445
1490,41,51800,Monument,1983,832,4151800
1491,41,57025,Palmer Lake,1983,1198,4157025
1492,41,62660,Ramah,1983,120,4162660
1493,41,99990,Unincorporated El Paso County,1983,83983,4199990
1494,43,0,FREMONT COUNTY,1983,31366,4300000
1495,43,9115,Brookside,1983,191,4309115
1496,43,11810,Canon City,1983,13717,4311810
1497,43,15330,Coal Creek,1983,176,4315330
1498,43,27040,Florence,1983,3282,4327040
1499,43,64970,Rockvale,1983,358,4364970
1500,43,85155,Williamsburg,1983,86,4385155
1501,43,99990,Unincorporated Fremont County,1983,13527,4399990
1502,45,0,GARFIELD COUNTY,1983,28925,4500000
1503,45,12030,Carbonate,1983,0,4512030
1504,45,12045,Carbondale,1983,2488,4512045
1505,45,30780,Glenwood Springs,1983,5415,4530780
1506,45,53395,New Castle,1983,643,4553395
1507,45,57400,Parachute,1983,888,4557400
1508,45,64255,Rifle,1983,4716,4564255
1509,45,70195,Silt,1983,1187,4570195
1510,45,99990,Unincorporated Garfield County,1983,13588,4599990
1511,47,0,GILPIN COUNTY,1983,3024,4700000
1512,47,7025,Black Hawk,1983,308,4707025
1513,47,12910,Central City (Part),1983,399,4712910
1514,47,99990,Unincorporated Gilpin County,1983,2317,4799990
1515,49,0,GRAND COUNTY,1983,8115,4900000
1516,49,28305,Fraser,1983,563,4928305
1517,49,31605,Granby,1983,1048,4931605
1518,49,31715,Grand Lake,1983,385,4931715
1519,49,37600,Hot Sulphur Springs,1983,396,4937600
1520,49,41560,Kremmling,1983,1270,4941560
1521,49,85705,Winter Park,1983,565,4985705
1522,49,99990,Unincorporated Grand County,1983,3888,4999990
1523,51,0,GUNNISON COUNTY,1983,10375,5100000
1524,51,18310,Crested Butte,1983,901,5118310
1525,51,33640,Gunnison,1983,5501,5133640
1526,51,48555,Marble,1983,39,5148555
1527,51,52570,Mount Crested Butte,1983,278,5152570
1528,51,59830,Pitkin,1983,52,5159830
1529,51,99990,Unincorporated Gunnison County,1983,3604,5199990
1530,53,0,HINSDALE COUNTY,1983,559,5300000
1531,53,42330,Lake City,1983,279,5342330
1532,53,99990,Unincorporated Hinsdale County,1983,280,5399990
1533,55,0,HUERFANO COUNTY,1983,6741,5500000
1534,55,44100,La Veta,1983,705,5544100
1535,55,82350,Walsenburg,1983,3920,5582350
1536,55,99990,Unincorporated Huerfano County,1983,2116,5599990
1537,57,0,JACKSON COUNTY,1983,1818,5700000
1538,57,82130,Walden,1983,955,5782130
1539,57,99990,Unincorporated Jackson County,1983,863,5799990
1540,59,0,JEFFERSON COUNTY,1983,406163,5900000
1541,59,3455,Arvada (Part),1983,87038,5903455
1542,59,8070,Bow Mar (Part),1983,269,5908070
1543,59,9280,Broomfield (Part),1983,840,5909280
1544,59,23135,Edgewater,1983,4991,5923135
1545,59,30835,Golden,1983,13485,5930835
1546,59,42495,Lakeside,1983,16,5942495
1547,59,43000,Lakewood,1983,121898,5943000
1548,59,45255,Littleton (Part),1983,,5945255
1549,59,52075,Morrison,1983,504,5952075
1550,59,52350,Mountain View,1983,609,5952350
1551,59,75640,Superior (Part),1983,0,5975640
1552,59,83835,Westminster (Part),1983,22603,5983835
1553,59,84440,Wheat Ridge,1983,30844,5984440
1554,59,99990,Unincorporated Jefferson County,1983,123066,5999990
1555,61,0,KIOWA COUNTY,1983,1925,6100000
1556,61,22145,Eads,1983,888,6122145
1557,61,34740,Haswell,1983,99,6134740
1558,61,69700,Sheridan Lake,1983,88,6169700
1559,61,99990,Unincorporated Kiowa County,1983,850,6199990
1560,63,0,KIT CARSON COUNTY,1983,7765,6300000
1561,63,6530,Bethune,1983,155,6306530
1562,63,10600,Burlington,1983,3244,6310600
1563,63,26765,Flagler,1983,585,6326765
1564,63,69040,Seibert,1983,188,6369040
1565,63,74485,Stratton,1983,687,6374485
1566,63,81690,Vona,1983,109,6381690
1567,63,99990,Unincorporated Kit Carson County,1983,2797,6399990
1568,65,0,LAKE COUNTY,1983,7657,6500000
1569,65,44320,Leadville,1983,3340,6544320
1570,65,99990,Unincorporated Lake County,1983,4317,6599990
1571,67,0,LA PLATA COUNTY,1983,30845,6700000
1572,67,5265,Bayfield,1983,906,6705265
1573,67,22035,Durango,1983,12591,6722035
1574,67,38535,Ignacio,1983,746,6738535
1575,67,99990,Unincorporated La Plata County,1983,16602,6799990
1576,69,0,LARIMER COUNTY,1983,162804,6900000
1577,69,6255,Berthoud (Part),1983,2552,6906255
1578,69,25115,Estes Park,1983,2998,6925115
1579,69,27425,Fort Collins,1983,70706,6927425
1580,69,39855,Johnstown (Part),1983,,6939855
1581,69,46465,Loveland,1983,33509,6946465
1582,69,77510,Timnath (Part),1983,193,6977510
1583,69,83230,Wellington,1983,1413,6983230
1584,69,85485,Windsor (Part),1983,,6985485
1585,69,99990,Unincorporated Larimer County,1983,51433,6999990
1586,71,0,LAS ANIMAS COUNTY,1983,15135,7100000
1587,71,760,Aguilar,1983,622,7100760
1588,71,8345,Branson,1983,74,7108345
1589,71,15550,Cokedale,1983,93,7115550
1590,71,40570,Kim,1983,102,7140570
1591,71,73715,Starkville,1983,129,7173715
1592,71,78610,Trinidad,1983,9719,7178610
1593,71,99990,Unincorporated Las Animas County,1983,4396,7199990
1594,73,0,LINCOLN COUNTY,1983,4558,7300000
1595,73,3235,Arriba,1983,248,7303235
1596,73,29680,Genoa,1983,138,7329680
1597,73,37875,Hugo,1983,729,7337875
1598,73,44980,Limon,1983,1774,7344980
1599,73,99990,Unincorporated Lincoln County,1983,1669,7399990
1600,75,0,LOGAN COUNTY,1983,19787,7500000
1601,75,18640,Crook,1983,166,7518640
1602,75,26875,Fleming,1983,366,7526875
1603,75,38590,Iliff,1983,201,7538590
1604,75,50040,Merino,1983,269,7550040
1605,75,58235,Peetz,1983,201,7558235
1606,75,73935,Sterling,1983,11611,7573935
1607,75,99990,Unincorporated Logan County,1983,6973,7599990
1608,77,0,MESA COUNTY,1983,96675,7700000
1609,77,15605,Collbran,1983,329,7715605
1610,77,19355,De Beque,1983,324,7719355
1611,77,28745,Fruita,1983,3668,7728745
1612,77,31660,Grand Junction,1983,31603,7731660
1613,77,56970,Palisade,1983,1797,7756970
1614,77,99990,Unincorporated Mesa County,1983,58954,7799990
1615,79,0,MINERAL COUNTY,1983,877,7900000
1616,79,14765,City of Creede,1983,635,7914765
1617,79,99990,Unincorporated Mineral County,1983,242,7999990
1618,81,0,MOFFAT COUNTY,1983,15622,8100000
1619,81,17760,Craig,1983,10746,8117760
1620,81,20495,Dinosaur,1983,428,8120495
1621,81,99990,Unincorporated Moffat County,1983,4448,8199990
1622,83,0,MONTEZUMA COUNTY,1983,19609,8300000
1623,83,17375,Cortez,1983,8110,8317375
1624,83,20770,Dolores,1983,994,8320770
1625,83,48115,Mancos,1983,1005,8348115
1626,83,99990,Unincorporated Montezuma County,1983,9500,8399990
1627,85,0,MONTROSE COUNTY,1983,25543,8500000
1628,85,51745,Montrose,1983,9376,8551745
1629,85,53120,Naturita,1983,720,8553120
1630,85,54935,Nucla,1983,911,8554935
1631,85,55540,Olathe,1983,1315,8555540
1632,85,99990,Unincorporated Montrose County,1983,13221,8599990
1633,87,0,MORGAN COUNTY,1983,23286,8700000
1634,87,9555,Brush,1983,4358,8709555
1635,87,27810,Fort Morgan,1983,9276,8727810
1636,87,36610,Hillrose,1983,211,8736610
1637,87,45695,Log Lane Village,1983,729,8745695
1638,87,84770,Wiggins,1983,542,8784770
1639,87,99990,Unincorporated Morgan County,1983,8170,8799990
1640,89,0,OTERO COUNTY,1983,22291,8900000
1641,89,13460,Cheraw,1983,263,8913460
1642,89,27975,Fowler,1983,1244,8927975
1643,89,42110,La Junta,1983,8365,8942110
1644,89,48500,Manzanola,1983,453,8948500
1645,89,65190,Rocky Ford,1983,4704,8965190
1646,89,75970,Swink,1983,675,8975970
1647,89,99990,Unincorporated Otero County,1983,6587,8999990
1648,91,0,OURAY COUNTY,1983,2124,9100000
1649,91,56420,Ouray,1983,697,9156420
1650,91,64200,Ridgway,1983,420,9164200
1651,91,99990,Unincorporated Ouray County,1983,1007,9199990
1652,93,0,PARK COUNTY,1983,6888,9300000
1653,93,1530,Alma,1983,143,9301530
1654,93,25610,Fairplay,1983,513,9325610
1655,93,99990,Unincorporated Park County,1983,6232,9399990
1656,95,0,PHILLIPS COUNTY,1983,4688,9500000
1657,95,34960,Haxtun,1983,1003,9534960
1658,95,37270,Holyoke,1983,2182,9537270
1659,95,57245,Paoli,1983,70,9557245
1660,95,99990,Unincorporated Phillips County,1983,1433,9599990
1661,97,0,PITKIN COUNTY,1983,10207,9700000
1662,97,3620,Aspen,1983,3329,9703620
1663,97,4935,Basalt (Part),1983,0,9704935
1664,97,71755,Snowmass Village,1983,1080,9771755
1665,97,99990,Unincorporated Pitkin County,1983,5798,9799990
1666,99,0,PROWERS COUNTY,1983,14104,9900000
1667,99,31550,Granada,1983,582,9931550
1668,99,34520,Hartman,1983,119,9934520
1669,99,37215,Holly,1983,998,9937215
1670,99,43110,Lamar,1983,8547,9943110
1671,99,85045,Wiley,1983,440,9985045
1672,99,99990,Unincorporated Prowers County,1983,3418,9999990
1673,101,0,PUEBLO COUNTY,1983,123434,10100000
1674,101,7795,Boone,1983,409,10107795
1675,101,62000,Pueblo,1983,99291,10162000
1676,101,66895,Rye,1983,210,10166895
1677,101,99990,Unincorporated Pueblo County,1983,23524,10199990
1678,103,0,RIO BLANCO COUNTY,1983,7621,10300000
1679,103,49875,Meeker,1983,2656,10349875
1680,103,62880,Rangely,1983,2774,10362880
1681,103,99990,Unincorporated Rio Blanco County,1983,2191,10399990
1682,105,0,RIO GRANDE COUNTY,1983,11373,10500000
1683,105,12855,Center (Part),1983,0,10512855
1684,105,19795,Del Norte,1983,1808,10519795
1685,105,51635,Monte Vista,1983,4261,10551635
1686,105,72395,South Fork,1983,,10572395
1687,105,99990,Unincorporated Rio Grande County,1983,5304,10599990
1688,107,0,ROUTT COUNTY,1983,13853,10700000
1689,107,35070,Hayden,1983,1624,10735070
1690,107,55155,Oak Creek,1983,798,10755155
1691,107,73825,Steamboat Springs,1983,5806,10773825
1692,107,86475,Yampa,1983,401,10786475
1693,107,99990,Unincorporated Routt County,1983,5224,10799990
1694,109,0,SAGUACHE COUNTY,1983,4434,10900000
1695,109,7571,Bonza City,1983,10,10907571
1696,109,12855,Center (Part),1983,1866,10912855
1697,109,18420,Crestone,1983,53,10918420
1698,109,51250,Moffat,1983,111,10951250
1699,109,67005,Saguache,1983,661,10967005
1700,109,99990,Unincorporated Saguache County,1983,1733,10999990
1701,111,0,SAN JUAN COUNTY,1983,1009,11100000
1702,111,70580,Silverton,1983,977,11170580
1703,111,99990,Unincorporated San Juan County,1983,32,11199990
1704,113,0,SAN MIGUEL COUNTY,1983,2914,11300000
1705,113,52550,Mountain Village,1983,,11352550
1706,113,54880,Norwood,1983,420,11354880
1707,113,55870,Ophir,1983,43,11355870
1708,113,68655,Sawpit,1983,36,11368655
1709,113,76795,Telluride,1983,941,11376795
1710,113,99990,Unincorporated San Miguel County,1983,1474,11399990
1711,115,0,SEDGWICK COUNTY,1983,3159,11500000
1712,115,39965,Julesburg,1983,1504,11539965
1713,115,56475,Ovid,1983,421,11556475
1714,115,68930,Sedgwick,1983,224,11568930
1715,115,99990,Unincorporated Sedgwick County,1983,1010,11599990
1716,117,0,SUMMIT COUNTY,1983,10310,11700000
1717,117,7410,Blue River,1983,297,11707410
1718,117,8400,Breckenridge,1983,978,11708400
1719,117,20440,Dillon,1983,415,11720440
1720,117,28690,Frisco,1983,1321,11728690
1721,117,40550,Keystone,1983,,11740555
1722,117,51690,Montezuma,1983,36,11751690
1723,117,70525,Silverthorne,1983,1198,11770525
1724,117,99990,Unincorporated Summit County,1983,6065,11799990
1725,119,0,TELLER COUNTY,1983,10172,11900000
1726,119,18530,Cripple Creek,1983,714,11918530
1727,119,32650,Green Mountain Falls (Part),1983,20,11932650
1728,119,80865,Victor,1983,277,11980865
1729,119,86090,Woodland Park,1983,3241,11986090
1730,119,99990,Unincorporated Teller County,1983,5920,11999990
1731,121,0,WASHINGTON COUNTY,1983,5570,12100000
1732,121,925,Akron,1983,1868,12100925
1733,121,56365,Otis,1983,547,12156365
1734,121,99990,Unincorporated Washington County,1983,3155,12199990
1735,123,0,WELD COUNTY,1983,127334,12300000
1736,123,3950,Ault,1983,974,12303950
1737,123,6255,Berthoud (Part),1983,,12306255
1738,123,8675,Brighton (Part),1983,0,12308675
1739,123,9280,Broomfield (Part),1983,,12309280
1740,123,19080,Dacono,1983,2635,12319080
1741,123,22860,Eaton,1983,2022,12322860
1742,123,24950,Erie (Part),1983,1260,12324950
1743,123,25280,Evans,1983,5612,12325280
1744,123,26600,Firestone,1983,1363,12326600
1745,123,27700,Fort Lupton,1983,4567,12327700
1746,123,28360,Frederick,1983,947,12328360
1747,123,29185,Garden City,1983,109,12329185
1748,123,29955,Gilcrest,1983,1165,12329955
1749,123,32155,Greeley,1983,54346,12332155
1750,123,33310,Grover,1983,138,12333310
1751,123,37820,Hudson,1983,752,12337820
1752,123,39855,Johnstown (Part),1983,1581,12339855
1753,123,40185,Keenesburg,1983,537,12340185
1754,123,40515,Kersey,1983,949,12340515
1755,123,43605,La Salle,1983,1928,12343605
1756,123,45530,Lochbuie (Part),1983,935,12345530
1757,123,45970,Longmont (Part),1983,,12345970
1758,123,49600,Mead,1983,371,12349600
1759,123,50480,Milliken,1983,1655,12350480
1760,123,54330,Northglenn (Part),1983,0,12354330
1761,123,55045,Nunn,1983,298,12355045
1762,123,59005,Pierce,1983,905,12359005
1763,123,60160,Platteville,1983,1702,12360160
1764,123,63045,Raymer,1983,90,12363045
1765,123,69150,Severance,1983,118,12369150
1766,123,77290,Thornton (Part),1983,,12377290
1767,123,77510,Timnath (Part),1983,,12377510
1768,123,85485,Windsor (Part),1983,4747,12385485
1769,123,99990,Unincorporated Weld County,1983,35586,12399990
1770,125,0,YUMA COUNTY,1983,10033,12500000
1771,125,23025,Eckley,1983,247,12523025
1772,125,86310,Wray,1983,2274,12586310
1773,125,86750,Yuma,1983,2980,12586750
1774,125,99990,Unincorporated Yuma County,1983,4532,12599990
1775,999,3455,Arvada (Total),1983,88738,99903455
1776,999,4000,Aurora (Total),1983,196407,99904000
1777,999,4935,Basalt (Total),1983,630,99904935
1778,999,6090,Bennett (Total),1983,1539,99906090
1779,999,6255,Berthoud (Total),1983,2552,99906255
1780,999,8070,Bow Mar (Total),1983,980,99908070
1781,999,8675,Brighton (Total),1983,14069,99908675
1782,999,9280,Broomfield (Total),1983,22498,99909280
1783,999,12855,Center (Total),1983,1866,99912855
1784,999,12910,Central City (Total),1983,399,99912910
1785,999,24950,Erie (Total),1983,1281,99924950
1786,999,32650,Green Mountain Falls (Total),1983,658,99932650
1787,999,39855,Johnstown (Total),1983,1581,99939855
1788,999,45255,Littleton (Total),1983,32693,99945255
1789,999,45530,Lochbuie (Total),1983,935,99945530
1790,999,45970,Longmont (Total),1983,47234,99945970
1791,999,54330,Northglenn (Total),1983,30365,99954330
1792,999,75640,Superior (Total),1983,235,99975640
1793,999,77290,Thornton (Total),1983,48926,99977290
1794,999,77510,Timnath (Total),1983,193,99977510
1795,999,83835,Westminster (Total),1983,60152,99983835
1796,999,85485,Windsor (Total),1983,4747,99985485
1797,0,0,COLORADO STATE,1984,3174844,0
1798,1,0,ADAMS COUNTY,1984,265770,100000
1799,1,3455,Arvada (Part),1984,1832,103455
1800,1,4000,Aurora (Part),1984,29475,104000
1801,1,6090,Bennett (Part),1984,1797,106090
1802,1,8675,Brighton (Part),1984,14111,108675
1803,1,9280,Broomfield (Part),1984,5949,109280
1804,1,16495,Commerce City,1984,17003,116495
1805,1,26270,Federal Heights,1984,8031,126270
1806,1,45530,Lochbuie (Part),1984,,145530
1807,1,54330,Northglenn (Part),1984,29902,154330
1808,1,77290,Thornton (Part),1984,49557,177290
1809,1,83835,Westminster (Part),1984,37827,183835
1810,1,99990,Unincorporated Adams County,1984,70286,199990
1811,3,0,ALAMOSA COUNTY,1984,12928,300000
1812,3,1090,Alamosa,1984,7260,301090
1813,3,37380,Hooper,1984,90,337380
1814,3,99990,Unincorporated Alamosa County,1984,5578,399990
1815,5,0,ARAPAHOE COUNTY,1984,367287,500000
1816,5,4000,Aurora (Part),1984,180272,504000
1817,5,6090,Bennett (Part),1984,,506090
1818,5,8070,Bow Mar (Part),1984,720,508070
1819,5,12815,Centennial,1984,,512815
1820,5,13845,Cherry Hills Village,1984,5476,513845
1821,5,16385,Columbine Valley,1984,1047,516385
1822,5,19630,Deer Trail,1984,511,519630
1823,5,24785,Englewood,1984,28776,524785
1824,5,28105,Foxfield,1984,,528105
1825,5,30340,Glendale,1984,2806,530340
1826,5,33035,Greenwood Village,1984,6860,533035
1827,5,45255,Littleton (Part),1984,31505,545255
1828,5,69645,Sheridan,1984,5805,569645
1829,5,99990,Unincorporated Arapahoe County,1984,103509,599990
1830,7,0,ARCHULETA COUNTY,1984,4981,700000
1831,7,56860,Pagosa Springs,1984,1328,756860
1832,7,99990,Unincorporated Archuleta County,1984,3653,799990
1833,9,0,BACA COUNTY,1984,5051,900000
1834,9,11645,Campo,1984,156,911645
1835,9,61315,Pritchett,1984,182,961315
1836,9,73330,Springfield,1984,1546,973330
1837,9,79270,Two Buttes,1984,69,979270
1838,9,81030,Vilas,1984,117,981030
1839,9,82460,Walsh,1984,792,982460
1840,9,99990,Unincorporated Baca County,1984,2189,999990
1841,11,0,BENT COUNTY,1984,5838,1100000
1842,11,43660,Las Animas,1984,2797,1143660
1843,11,99990,Unincorporated Bent County,1984,3041,1199990
1844,13,0,BOULDER COUNTY,1984,210225,1300000
1845,13,7850,Boulder,1984,79907,1307850
1846,13,9280,Broomfield (Part),1984,15749,1309280
1847,13,24950,Erie (Part),1984,20,1324950
1848,13,39195,Jamestown,1984,239,1339195
1849,13,41835,Lafayette,1984,12634,1341835
1850,13,45970,Longmont (Part),1984,47984,1345970
1851,13,46355,Louisville,1984,8260,1346355
1852,13,47070,Lyons,1984,1266,1347070
1853,13,53175,Nederland,1984,1309,1353175
1854,13,75640,Superior (Part),1984,249,1375640
1855,13,82735,Ward,1984,126,1382735
1856,13,99990,Unincorporated Boulder County,1984,42482,1399990
1857,14,0,BROOMFIELD COUNTY,1984,,1400000
1858,14,9280,Broomfield,1984,,1409280
1859,15,0,CHAFFEE COUNTY,1984,12839,1500000
1860,15,10105,Buena Vista,1984,1937,1510105
1861,15,60600,Poncha Springs,1984,298,1560600
1862,15,67280,Salida,1984,4759,1567280
1863,15,99990,Unincorporated Chaffee County,1984,5845,1599990
1864,17,0,CHEYENNE COUNTY,1984,2237,1700000
1865,17,14175,Cheyenne Wells,1984,1061,1714175
1866,17,41010,Kit Carson,1984,270,1741010
1867,17,99990,Unincorporated Cheyenne County,1984,906,1799990
1868,19,0,CLEAR CREEK COUNTY,1984,7747,1900000
1869,19,12910,Central City (Part),1984,,1912910
1870,19,24620,Empire,1984,427,1924620
1871,19,29735,Georgetown,1984,916,1929735
1872,19,38370,Idaho Springs,1984,2090,1938370
1873,19,70360,Silver Plume,1984,141,1970360
1874,19,99990,Unincorporated Clear Creek County,1984,4173,1999990
1875,21,0,CONEJOS COUNTY,1984,7999,2100000
1876,21,2355,Antonito,1984,1044,2102355
1877,21,42055,La Jara,1984,823,2142055
1878,21,48060,Massa,1984,1058,2148060
1879,21,65740,Romeo,1984,382,2165740
1880,21,67830,Sanford,1984,742,2167830
1881,21,99990,Unincorporated Conejos County,1984,3950,2199990
1882,23,0,COSTILLA COUNTY,1984,3267,2300000
1883,23,7190,Blanca,1984,276,2307190
1884,23,68105,San Luis,1984,873,2368105
1885,23,99990,Unincorporated Costilla County,1984,2118,2399990
1886,25,0,CROWLEY COUNTY,1984,2893,2500000
1887,25,18750,Crowley,1984,204,2518750
1888,25,55705,Olney Springs,1984,204,2555705
1889,25,56145,Ordway,1984,1135,2556145
1890,25,74815,Sugar City,1984,281,2574815
1891,25,99990,Unincorporated Crowley County,1984,1069,2599990
1892,27,0,CUSTER COUNTY,1984,1898,2700000
1893,27,70250,Silver Cliff,1984,356,2770250
1894,27,83450,Westcliffe,1984,363,2783450
1895,27,99990,Unincorporated Custer County,1984,1179,2799990
1896,29,0,DELTA COUNTY,1984,24015,2900000
1897,29,12635,Cedaredge,1984,1352,2912635
1898,29,17925,Crawford,1984,235,2917925
1899,29,19850,Delta,1984,4185,2919850
1900,29,37545,Hotchkiss,1984,1051,2937545
1901,29,55980,Orchard City,1984,2282,2955980
1902,29,57300,Paonia,1984,1772,2957300
1903,29,99990,Unincorporated Delta County,1984,13138,2999990
1904,31,0,DENVER COUNTY,1984,496672,3100000
1905,31,20000,Denver,1984,496672,3120000
1906,33,0,DOLORES COUNTY,1984,1687,3300000
1907,33,21265,Dove Creek,1984,783,3321265
1908,33,64090,Rico,1984,82,3364090
1909,33,99990,Unincorporated Dolores County,1984,822,3399990
1910,35,0,DOUGLAS COUNTY,1984,36327,3500000
1911,35,4000,Aurora (Part),1984,0,3504000
1912,35,12387,Castle Pines,1984,,3512390
1913,35,12415,Castle Rock,1984,4998,3512415
1914,35,43550,Larkspur,1984,160,3543550
1915,35,45255,Littleton (Part),1984,134,3545255
1916,35,45955,Lone Tree,1984,,3545955
1917,35,57630,Parker,1984,434,3557630
1918,35,99990,Unincorporated Douglas County,1984,30601,3599990
1919,37,0,EAGLE COUNTY,1984,16771,3700000
1920,37,4110,Avon,1984,1251,3704110
1921,37,4935,Basalt (Part),1984,668,3704935
1922,37,22200,Eagle,1984,1215,3722200
1923,37,33695,Gypsum,1984,1401,3733695
1924,37,50920,Minturn,1984,947,3750920
1925,37,63265,Red Cliff,1984,329,3763265
1926,37,80040,Vail,1984,3683,3780040
1927,37,99990,Unincorporated Eagle County,1984,7277,3799990
1928,39,0,ELBERT COUNTY,1984,8261,3900000
1929,39,23740,Elizabeth,1984,940,3923740
1930,39,40790,Kiowa,1984,272,3940790
1931,39,70635,Simla,1984,522,3970635
1932,39,99990,Unincorporated Elbert County,1984,6527,3999990
1933,41,0,EL PASO COUNTY,1984,354753,4100000
1934,41,11260,Calhan,1984,793,4111260
1935,41,16000,Colorado Springs,1984,251288,4116000
1936,41,27865,Fountain,1984,9424,4127865
1937,41,32650,Green Mountain Falls (Part),1984,664,4132650
1938,41,48445,Manitou Springs,1984,4741,4148445
1939,41,51800,Monument,1984,898,4151800
1940,41,57025,Palmer Lake,1984,1218,4157025
1941,41,62660,Ramah,1984,114,4162660
1942,41,99990,Unincorporated El Paso County,1984,85613,4199990
1943,43,0,FREMONT COUNTY,1984,31296,4300000
1944,43,9115,Brookside,1984,190,4309115
1945,43,11810,Canon City,1984,13531,4311810
1946,43,15330,Coal Creek,1984,171,4315330
1947,43,27040,Florence,1984,3277,4327040
1948,43,64970,Rockvale,1984,350,4364970
1949,43,85155,Williamsburg,1984,87,4385155
1950,43,99990,Unincorporated Fremont County,1984,13663,4399990
1951,45,0,GARFIELD COUNTY,1984,25642,4500000
1952,45,12030,Carbonate,1984,0,4512030
1953,45,12045,Carbondale,1984,2224,4512045
1954,45,30780,Glenwood Springs,1984,5348,4530780
1955,45,53395,New Castle,1984,572,4553395
1956,45,57400,Parachute,1984,736,4557400
1957,45,64255,Rifle,1984,3918,4564255
1958,45,70195,Silt,1984,1099,4570195
1959,45,99990,Unincorporated Garfield County,1984,11745,4599990
1960,47,0,GILPIN COUNTY,1984,3013,4700000
1961,47,7025,Black Hawk,1984,320,4707025
1962,47,12910,Central City (Part),1984,393,4712910
1963,47,99990,Unincorporated Gilpin County,1984,2300,4799990
1964,49,0,GRAND COUNTY,1984,8893,4900000
1965,49,28305,Fraser,1984,632,4928305
1966,49,31605,Granby,1984,1149,4931605
1967,49,31715,Grand Lake,1984,395,4931715
1968,49,37600,Hot Sulphur Springs,1984,412,4937600
1969,49,41560,Kremmling,1984,1385,4941560
1970,49,85705,Winter Park,1984,622,4985705
1971,49,99990,Unincorporated Grand County,1984,4298,4999990
1972,51,0,GUNNISON COUNTY,1984,10419,5100000
1973,51,18310,Crested Butte,1984,870,5118310
1974,51,33640,Gunnison,1984,5451,5133640
1975,51,48555,Marble,1984,44,5148555
1976,51,52570,Mount Crested Butte,1984,275,5152570
1977,51,59830,Pitkin,1984,51,5159830
1978,51,99990,Unincorporated Gunnison County,1984,3728,5199990
1979,53,0,HINSDALE COUNTY,1984,580,5300000
1980,53,42330,Lake City,1984,286,5342330
1981,53,99990,Unincorporated Hinsdale County,1984,294,5399990
1982,55,0,HUERFANO COUNTY,1984,6639,5500000
1983,55,44100,La Veta,1984,705,5544100
1984,55,82350,Walsenburg,1984,3803,5582350
1985,55,99990,Unincorporated Huerfano County,1984,2131,5599990
1986,57,0,JACKSON COUNTY,1984,1799,5700000
1987,57,82130,Walden,1984,955,5782130
1988,57,99990,Unincorporated Jackson County,1984,844,5799990
1989,59,0,JEFFERSON COUNTY,1984,413716,5900000
1990,59,3455,Arvada (Part),1984,86756,5903455
1991,59,8070,Bow Mar (Part),1984,266,5908070
1992,59,9280,Broomfield (Part),1984,870,5909280
1993,59,23135,Edgewater,1984,4940,5923135
1994,59,30835,Golden,1984,13737,5930835
1995,59,42495,Lakeside,1984,15,5942495
1996,59,43000,Lakewood,1984,122931,5943000
1997,59,45255,Littleton (Part),1984,,5945255
1998,59,52075,Morrison,1984,504,5952075
1999,59,52350,Mountain View,1984,603,5952350
2000,59,75640,Superior (Part),1984,0,5975640
2001,59,83835,Westminster (Part),1984,24870,5983835
2002,59,84440,Wheat Ridge,1984,30622,5984440
2003,59,99990,Unincorporated Jefferson County,1984,127602,5999990
2004,61,0,KIOWA COUNTY,1984,1950,6100000
2005,61,22145,Eads,1984,919,6122145
2006,61,34740,Haswell,1984,96,6134740
2007,61,69700,Sheridan Lake,1984,91,6169700
2008,61,99990,Unincorporated Kiowa County,1984,844,6199990
2009,63,0,KIT CARSON COUNTY,1984,7812,6300000
2010,63,6530,Bethune,1984,168,6306530
2011,63,10600,Burlington,1984,3244,6310600
2012,63,26765,Flagler,1984,594,6326765
2013,63,69040,Seibert,1984,181,6369040
2014,63,74485,Stratton,1984,694,6374485
2015,63,81690,Vona,1984,113,6381690
2016,63,99990,Unincorporated Kit Carson County,1984,2818,6399990
2017,65,0,LAKE COUNTY,1984,7163,6500000
2018,65,44320,Leadville,1984,3204,6544320
2019,65,99990,Unincorporated Lake County,1984,3959,6599990
2020,67,0,LA PLATA COUNTY,1984,31072,6700000
2021,67,5265,Bayfield,1984,955,6705265
2022,67,22035,Durango,1984,12491,6722035
2023,67,38535,Ignacio,1984,733,6738535
2024,67,99990,Unincorporated La Plata County,1984,16893,6799990
2025,69,0,LARIMER COUNTY,1984,166500,6900000
2026,69,6255,Berthoud (Part),1984,2605,6906255
2027,69,25115,Estes Park,1984,3003,6925115
2028,69,27425,Fort Collins,1984,74897,6927425
2029,69,39855,Johnstown (Part),1984,,6939855
2030,69,46465,Loveland,1984,33873,6946465
2031,69,77510,Timnath (Part),1984,191,6977510
2032,69,83230,Wellington,1984,1284,6983230
2033,69,85485,Windsor (Part),1984,,6985485
2034,69,99990,Unincorporated Larimer County,1984,50647,6999990
2035,71,0,LAS ANIMAS COUNTY,1984,14714,7100000
2036,71,760,Aguilar,1984,591,7100760
2037,71,8345,Branson,1984,67,7108345
2038,71,15550,Cokedale,1984,95,7115550
2039,71,40570,Kim,1984,97,7140570
2040,71,73715,Starkville,1984,117,7173715
2041,71,78610,Trinidad,1984,9410,7178610
2042,71,99990,Unincorporated Las Animas County,1984,4337,7199990
2043,73,0,LINCOLN COUNTY,1984,4465,7300000
2044,73,3235,Arriba,1984,237,7303235
2045,73,29680,Genoa,1984,167,7329680
2046,73,37875,Hugo,1984,704,7337875
2047,73,44980,Limon,1984,1739,7344980
2048,73,99990,Unincorporated Lincoln County,1984,1618,7399990
2049,75,0,LOGAN COUNTY,1984,19382,7500000
2050,75,18640,Crook,1984,165,7518640
2051,75,26875,Fleming,1984,375,7526875
2052,75,38590,Iliff,1984,207,7538590
2053,75,50040,Merino,1984,279,7550040
2054,75,58235,Peetz,1984,202,7558235
2055,75,73935,Sterling,1984,11397,7573935
2056,75,99990,Unincorporated Logan County,1984,6757,7599990
2057,77,0,MESA COUNTY,1984,93474,7700000
2058,77,15605,Collbran,1984,313,7715605
2059,77,19355,De Beque,1984,293,7719355
2060,77,28745,Fruita,1984,3692,7728745
2061,77,31660,Grand Junction,1984,31009,7731660
2062,77,56970,Palisade,1984,1761,7756970
2063,77,99990,Unincorporated Mesa County,1984,56406,7799990
2064,79,0,MINERAL COUNTY,1984,867,7900000
2065,79,14765,City of Creede,1984,623,7914765
2066,79,99990,Unincorporated Mineral County,1984,244,7999990
2067,81,0,MOFFAT COUNTY,1984,14412,8100000
2068,81,17760,Craig,1984,9858,8117760
2069,81,20495,Dinosaur,1984,421,8120495
2070,81,99990,Unincorporated Moffat County,1984,4133,8199990
2071,83,0,MONTEZUMA COUNTY,1984,19826,8300000
2072,83,17375,Cortez,1984,8157,8317375
2073,83,20770,Dolores,1984,993,8320770
2074,83,48115,Mancos,1984,966,8348115
2075,83,99990,Unincorporated Montezuma County,1984,9710,8399990
2076,85,0,MONTROSE COUNTY,1984,24943,8500000
2077,85,51745,Montrose,1984,9263,8551745
2078,85,53120,Naturita,1984,628,8553120
2079,85,54935,Nucla,1984,801,8554935
2080,85,55540,Olathe,1984,1304,8555540
2081,85,99990,Unincorporated Montrose County,1984,12947,8599990
2082,87,0,MORGAN COUNTY,1984,22827,8700000
2083,87,9555,Brush,1984,4326,8709555
2084,87,27810,Fort Morgan,1984,9121,8727810
2085,87,36610,Hillrose,1984,196,8736610
2086,87,45695,Log Lane Village,1984,710,8745695
2087,87,84770,Wiggins,1984,522,8784770
2088,87,99990,Unincorporated Morgan County,1984,7952,8799990
2089,89,0,OTERO COUNTY,1984,21815,8900000
2090,89,13460,Cheraw,1984,268,8913460
2091,89,27975,Fowler,1984,1194,8927975
2092,89,42110,La Junta,1984,8230,8942110
2093,89,48500,Manzanola,1984,458,8948500
2094,89,65190,Rocky Ford,1984,4572,8965190
2095,89,75970,Swink,1984,659,8975970
2096,89,99990,Unincorporated Otero County,1984,6434,8999990
2097,91,0,OURAY COUNTY,1984,2207,9100000
2098,91,56420,Ouray,1984,714,9156420
2099,91,64200,Ridgway,1984,438,9164200
2100,91,99990,Unincorporated Ouray County,1984,1055,9199990
2101,93,0,PARK COUNTY,1984,6747,9300000
2102,93,1530,Alma,1984,125,9301530
2103,93,25610,Fairplay,1984,479,9325610
2104,93,99990,Unincorporated Park County,1984,6143,9399990
2105,95,0,PHILLIPS COUNTY,1984,4430,9500000
2106,95,34960,Haxtun,1984,941,9534960
2107,95,37270,Holyoke,1984,2060,9537270
2108,95,57245,Paoli,1984,64,9557245
2109,95,99990,Unincorporated Phillips County,1984,1365,9599990
2110,97,0,PITKIN COUNTY,1984,10773,9700000
2111,97,3620,Aspen,1984,3434,9703620
2112,97,4935,Basalt (Part),1984,0,9704935
2113,97,71755,Snowmass Village,1984,1203,9771755
2114,97,99990,Unincorporated Pitkin County,1984,6136,9799990
2115,99,0,PROWERS COUNTY,1984,14307,9900000
2116,99,31550,Granada,1984,600,9931550
2117,99,34520,Hartman,1984,125,9934520
2118,99,37215,Holly,1984,998,9937215
2119,99,43110,Lamar,1984,8734,9943110
2120,99,85045,Wiley,1984,459,9985045
2121,99,99990,Unincorporated Prowers County,1984,3391,9999990
2122,101,0,PUEBLO COUNTY,1984,122360,10100000
2123,101,7795,Boone,1984,406,10107795
2124,101,62000,Pueblo,1984,98360,10162000
2125,101,66895,Rye,1984,207,10166895
2126,101,99990,Unincorporated Pueblo County,1984,23387,10199990
2127,103,0,RIO BLANCO COUNTY,1984,6941,10300000
2128,103,49875,Meeker,1984,2314,10349875
2129,103,62880,Rangely,1984,2598,10362880
2130,103,99990,Unincorporated Rio Blanco County,1984,2029,10399990
2131,105,0,RIO GRANDE COUNTY,1984,11375,10500000
2132,105,12855,Center (Part),1984,0,10512855
2133,105,19795,Del Norte,1984,1790,10519795
2134,105,51635,Monte Vista,1984,4263,10551635
2135,105,72395,South Fork,1984,,10572395
2136,105,99990,Unincorporated Rio Grande County,1984,5322,10599990
2137,107,0,ROUTT COUNTY,1984,14248,10700000
2138,107,35070,Hayden,1984,1604,10735070
2139,107,55155,Oak Creek,1984,785,10755155
2140,107,73825,Steamboat Springs,1984,6137,10773825
2141,107,86475,Yampa,1984,382,10786475
2142,107,99990,Unincorporated Routt County,1984,5340,10799990
2143,109,0,SAGUACHE COUNTY,1984,4387,10900000
2144,109,7571,Bonza City,1984,11,10907571
2145,109,12855,Center (Part),1984,1876,10912855
2146,109,18420,Crestone,1984,47,10918420
2147,109,51250,Moffat,1984,111,10951250
2148,109,67005,Saguache,1984,630,10967005
2149,109,99990,Unincorporated Saguache County,1984,1712,10999990
2150,111,0,SAN JUAN COUNTY,1984,916,11100000
2151,111,70580,Silverton,1984,890,11170580
2152,111,99990,Unincorporated San Juan County,1984,26,11199990
2153,113,0,SAN MIGUEL COUNTY,1984,2969,11300000
2154,113,52550,Mountain Village,1984,,11352550
2155,113,54880,Norwood,1984,424,11354880
2156,113,55870,Ophir,1984,47,11355870
2157,113,68655,Sawpit,1984,38,11368655
2158,113,76795,Telluride,1984,961,11376795
2159,113,99990,Unincorporated San Miguel County,1984,1499,11399990
2160,115,0,SEDGWICK COUNTY,1984,3195,11500000
2161,115,39965,Julesburg,1984,1528,11539965
2162,115,56475,Ovid,1984,411,11556475
2163,115,68930,Sedgwick,1984,227,11568930
2164,115,99990,Unincorporated Sedgwick County,1984,1029,11599990
2165,117,0,SUMMIT COUNTY,1984,12025,11700000
2166,117,7410,Blue River,1984,366,11707410
2167,117,8400,Breckenridge,1984,1168,11708400
2168,117,20440,Dillon,1984,490,11720440
2169,117,28690,Frisco,1984,1505,11728690
2170,117,40550,Keystone,1984,,11740555
2171,117,51690,Montezuma,1984,42,11751690
2172,117,70525,Silverthorne,1984,1461,11770525
2173,117,99990,Unincorporated Summit County,1984,6993,11799990
2174,119,0,TELLER COUNTY,1984,10864,11900000
2175,119,18530,Cripple Creek,1984,690,11918530
2176,119,32650,Green Mountain Falls (Part),1984,21,11932650
2177,119,80865,Victor,1984,264,11980865
2178,119,86090,Woodland Park,1984,3665,11986090
2179,119,99990,Unincorporated Teller County,1984,6224,11999990
2180,121,0,WASHINGTON COUNTY,1984,5531,12100000
2181,121,925,Akron,1984,1839,12100925
2182,121,56365,Otis,1984,553,12156365
2183,121,99990,Unincorporated Washington County,1984,3139,12199990
2184,123,0,WELD COUNTY,1984,128969,12300000
2185,123,3950,Ault,1984,1077,12303950
2186,123,6255,Berthoud (Part),1984,,12306255
2187,123,8675,Brighton (Part),1984,0,12308675
2188,123,9280,Broomfield (Part),1984,0,12309280
2189,123,19080,Dacono,1984,2258,12319080
2190,123,22860,Eaton,1984,1901,12322860
2191,123,24950,Erie (Part),1984,1279,12324950
2192,123,25280,Evans,1984,5288,12325280
2193,123,26600,Firestone,1984,1256,12326600
2194,123,27700,Fort Lupton,1984,4611,12327700
2195,123,28360,Frederick,1984,899,12328360
2196,123,29185,Garden City,1984,123,12329185
2197,123,29955,Gilcrest,1984,1056,12329955
2198,123,32155,Greeley,1984,57135,12332155
2199,123,33310,Grover,1984,149,12333310
2200,123,37820,Hudson,1984,818,12337820
2201,123,39855,Johnstown (Part),1984,1580,12339855
2202,123,40185,Keenesburg,1984,528,12340185
2203,123,40515,Kersey,1984,963,12340515
2204,123,43605,La Salle,1984,1846,12343605
2205,123,45530,Lochbuie (Part),1984,955,12345530
2206,123,45970,Longmont (Part),1984,,12345970
2207,123,49600,Mead,1984,415,12349600
2208,123,50480,Milliken,1984,1582,12350480
2209,123,54330,Northglenn (Part),1984,0,12354330
2210,123,55045,Nunn,1984,302,12355045
2211,123,59005,Pierce,1984,855,12359005
2212,123,60160,Platteville,1984,1617,12360160
2213,123,63045,Raymer,1984,81,12363045
2214,123,69150,Severance,1984,113,12369150
2215,123,77290,Thornton (Part),1984,,12377290
2216,123,77510,Timnath (Part),1984,,12377510
2217,123,85485,Windsor (Part),1984,4681,12385485
2218,123,99990,Unincorporated Weld County,1984,35552,12399990
2219,125,0,YUMA COUNTY,1984,9935,12500000
2220,125,23025,Eckley,1984,234,12523025
2221,125,86310,Wray,1984,2215,12586310
2222,125,86750,Yuma,1984,2966,12586750
2223,125,99990,Unincorporated Yuma County,1984,4520,12599990
2224,999,3455,Arvada (Total),1984,88588,99903455
2225,999,4000,Aurora (Total),1984,209747,99904000
2226,999,4935,Basalt (Total),1984,668,99904935
2227,999,6090,Bennett (Total),1984,1797,99906090
2228,999,6255,Berthoud (Total),1984,2605,99906255
2229,999,8070,Bow Mar (Total),1984,986,99908070
2230,999,8675,Brighton (Total),1984,14111,99908675
2231,999,9280,Broomfield (Total),1984,22568,99909280
2232,999,12855,Center (Total),1984,1876,99912855
2233,999,12910,Central City (Total),1984,393,99912910
2234,999,24950,Erie (Total),1984,1299,99924950
2235,999,32650,Green Mountain Falls (Total),1984,685,99932650
2236,999,39855,Johnstown (Total),1984,1580,99939855
2237,999,45255,Littleton (Total),1984,31639,99945255
2238,999,45530,Lochbuie (Total),1984,955,99945530
2239,999,45970,Longmont (Total),1984,47984,99945970
2240,999,54330,Northglenn (Total),1984,29902,99954330
2241,999,75640,Superior (Total),1984,249,99975640
2242,999,77290,Thornton (Total),1984,49557,99977290
2243,999,77510,Timnath (Total),1984,191,99977510
2244,999,83835,Westminster (Total),1984,62697,99983835
2245,999,85485,Windsor (Total),1984,4681,99985485
2246,0,0,COLORADO STATE,1985,3214448,0
2247,1,0,ADAMS COUNTY,1985,268764,100000
2248,1,3455,Arvada (Part),1985,1961,103455
2249,1,4000,Aurora (Part),1985,29539,104000
2250,1,6090,Bennett (Part),1985,1968,106090
2251,1,8675,Brighton (Part),1985,14278,108675
2252,1,9280,Broomfield (Part),1985,5993,109280
2253,1,16495,Commerce City,1985,16999,116495
2254,1,26270,Federal Heights,1985,8440,126270
2255,1,45530,Lochbuie (Part),1985,,145530
2256,1,54330,Northglenn (Part),1985,29592,154330
2257,1,77290,Thornton (Part),1985,51703,177290
2258,1,83835,Westminster (Part),1985,38802,183835
2259,1,99990,Unincorporated Adams County,1985,69489,199990
2260,3,0,ALAMOSA COUNTY,1985,13011,300000
2261,3,1090,Alamosa,1985,7257,301090
2262,3,37380,Hooper,1985,93,337380
2263,3,99990,Unincorporated Alamosa County,1985,5661,399990
2264,5,0,ARAPAHOE COUNTY,1985,381244,500000
2265,5,4000,Aurora (Part),1985,191257,504000
2266,5,6090,Bennett (Part),1985,,506090
2267,5,8070,Bow Mar (Part),1985,721,508070
2268,5,12815,Centennial,1985,,512815
2269,5,13845,Cherry Hills Village,1985,5516,513845
2270,5,16385,Columbine Valley,1985,1071,516385
2271,5,19630,Deer Trail,1985,535,519630
2272,5,24785,Englewood,1985,28302,524785
2273,5,28105,Foxfield,1985,,528105
2274,5,30340,Glendale,1985,2851,530340
2275,5,33035,Greenwood Village,1985,7064,533035
2276,5,45255,Littleton (Part),1985,32021,545255
2277,5,69645,Sheridan,1985,5855,569645
2278,5,99990,Unincorporated Arapahoe County,1985,106051,599990
2279,7,0,ARCHULETA COUNTY,1985,5213,700000
2280,7,56860,Pagosa Springs,1985,1311,756860
2281,7,99990,Unincorporated Archuleta County,1985,3902,799990
2282,9,0,BACA COUNTY,1985,4873,900000
2283,9,11645,Campo,1985,147,911645
2284,9,61315,Pritchett,1985,178,961315
2285,9,73330,Springfield,1985,1486,973330
2286,9,79270,Two Buttes,1985,65,979270
2287,9,81030,Vilas,1985,115,981030
2288,9,82460,Walsh,1985,758,982460
2289,9,99990,Unincorporated Baca County,1985,2124,999990
2290,11,0,BENT COUNTY,1985,5699,1100000
2291,11,43660,Las Animas,1985,2739,1143660
2292,11,99990,Unincorporated Bent County,1985,2960,1199990
2293,13,0,BOULDER COUNTY,1985,209444,1300000
2294,13,7850,Boulder,1985,78517,1307850
2295,13,9280,Broomfield (Part),1985,15598,1309280
2296,13,24950,Erie (Part),1985,18,1324950
2297,13,39195,Jamestown,1985,235,1339195
2298,13,41835,Lafayette,1985,13323,1341835
2299,13,45970,Longmont (Part),1985,47855,1345970
2300,13,46355,Louisville,1985,9631,1346355
2301,13,47070,Lyons,1985,1261,1347070
2302,13,53175,Nederland,1985,1286,1353175
2303,13,75640,Superior (Part),1985,252,1375640
2304,13,82735,Ward,1985,122,1382735
2305,13,99990,Unincorporated Boulder County,1985,41346,1399990
2306,14,0,BROOMFIELD COUNTY,1985,,1400000
2307,14,9280,Broomfield,1985,,1409280
2308,15,0,CHAFFEE COUNTY,1985,12349,1500000
2309,15,10105,Buena Vista,1985,1845,1510105
2310,15,60600,Poncha Springs,1985,282,1560600
2311,15,67280,Salida,1985,4584,1567280
2312,15,99990,Unincorporated Chaffee County,1985,5638,1599990
2313,17,0,CHEYENNE COUNTY,1985,2294,1700000
2314,17,14175,Cheyenne Wells,1985,1100,1714175
2315,17,41010,Kit Carson,1985,274,1741010
2316,17,99990,Unincorporated Cheyenne County,1985,920,1799990
2317,19,0,CLEAR CREEK COUNTY,1985,7936,1900000
2318,19,12910,Central City (Part),1985,,1912910
2319,19,24620,Empire,1985,433,1924620
2320,19,29735,Georgetown,1985,946,1929735
2321,19,38370,Idaho Springs,1985,2116,1938370
2322,19,70360,Silver Plume,1985,143,1970360
2323,19,99990,Unincorporated Clear Creek County,1985,4298,1999990
2324,21,0,CONEJOS COUNTY,1985,7776,2100000
2325,21,2355,Antonito,1985,996,2102355
2326,21,42055,La Jara,1985,787,2142055
2327,21,48060,Massa,1985,938,2148060
2328,21,65740,Romeo,1985,384,2165740
2329,21,67830,Sanford,1985,731,2167830
2330,21,99990,Unincorporated Conejos County,1985,3940,2199990
2331,23,0,COSTILLA COUNTY,1985,3363,2300000
2332,23,7190,Blanca,1985,286,2307190
2333,23,68105,San Luis,1985,893,2368105
2334,23,99990,Unincorporated Costilla County,1985,2184,2399990
2335,25,0,CROWLEY COUNTY,1985,2997,2500000
2336,25,18750,Crowley,1985,213,2518750
2337,25,55705,Olney Springs,1985,202,2555705
2338,25,56145,Ordway,1985,1104,2556145
2339,25,74815,Sugar City,1985,284,2574815
2340,25,99990,Unincorporated Crowley County,1985,1194,2599990
2341,27,0,CUSTER COUNTY,1985,2066,2700000
2342,27,70250,Silver Cliff,1985,386,2770250
2343,27,83450,Westcliffe,1985,383,2783450
2344,27,99990,Unincorporated Custer County,1985,1297,2799990
2345,29,0,DELTA COUNTY,1985,23466,2900000
2346,29,12635,Cedaredge,1985,1326,2912635
2347,29,17925,Crawford,1985,218,2917925
2348,29,19850,Delta,1985,4039,2919850
2349,29,37545,Hotchkiss,1985,1045,2937545
2350,29,55980,Orchard City,1985,2260,2955980
2351,29,57300,Paonia,1985,1762,2957300
2352,29,99990,Unincorporated Delta County,1985,12816,2999990
2353,31,0,DENVER COUNTY,1985,496431,3100000
2354,31,20000,Denver,1985,496431,3120000
2355,33,0,DOLORES COUNTY,1985,1548,3300000
2356,33,21265,Dove Creek,1985,703,3321265
2357,33,64090,Rico,1985,87,3364090
2358,33,99990,Unincorporated Dolores County,1985,758,3399990
2359,35,0,DOUGLAS COUNTY,1985,40048,3500000
2360,35,4000,Aurora (Part),1985,0,3504000
2361,35,12387,Castle Pines,1985,,3512390
2362,35,12415,Castle Rock,1985,5374,3512415
2363,35,43550,Larkspur,1985,168,3543550
2364,35,45255,Littleton (Part),1985,138,3545255
2365,35,45955,Lone Tree,1985,,3545955
2366,35,57630,Parker,1985,476,3557630
2367,35,99990,Unincorporated Douglas County,1985,33892,3599990
2368,37,0,EAGLE COUNTY,1985,18029,3700000
2369,37,4110,Avon,1985,1444,3704110
2370,37,4935,Basalt (Part),1985,713,3704935
2371,37,22200,Eagle,1985,1309,3722200
2372,37,33695,Gypsum,1985,1621,3733695
2373,37,50920,Minturn,1985,942,3750920
2374,37,63265,Red Cliff,1985,319,3763265
2375,37,80040,Vail,1985,3789,3780040
2376,37,99990,Unincorporated Eagle County,1985,7892,3799990
2377,39,0,ELBERT COUNTY,1985,8560,3900000
2378,39,23740,Elizabeth,1985,967,3923740
2379,39,40790,Kiowa,1985,287,3940790
2380,39,70635,Simla,1985,527,3970635
2381,39,99990,Unincorporated Elbert County,1985,6779,3999990
2382,41,0,EL PASO COUNTY,1985,368506,4100000
2383,41,11260,Calhan,1985,850,4111260
2384,41,16000,Colorado Springs,1985,262005,4116000
2385,41,27865,Fountain,1985,9737,4127865
2386,41,32650,Green Mountain Falls (Part),1985,684,4132650
2387,41,48445,Manitou Springs,1985,4834,4148445
2388,41,51800,Monument,1985,952,4151800
2389,41,57025,Palmer Lake,1985,1248,4157025
2390,41,62660,Ramah,1985,113,4162660
2391,41,99990,Unincorporated El Paso County,1985,88083,4199990
2392,43,0,FREMONT COUNTY,1985,31366,4300000
2393,43,9115,Brookside,1985,190,4309115
2394,43,11810,Canon City,1985,13403,4311810
2395,43,15330,Coal Creek,1985,165,4315330
2396,43,27040,Florence,1985,3287,4327040
2397,43,64970,Rockvale,1985,346,4364970
2398,43,85155,Williamsburg,1985,90,4385155
2399,43,99990,Unincorporated Fremont County,1985,13860,4399990
2400,45,0,GARFIELD COUNTY,1985,25714,4500000
2401,45,12030,Carbonate,1985,0,4512030
2402,45,12045,Carbondale,1985,2579,4512045
2403,45,30780,Glenwood Springs,1985,5432,4530780
2404,45,53395,New Castle,1985,467,4553395
2405,45,57400,Parachute,1985,746,4557400
2406,45,64255,Rifle,1985,4153,4564255
2407,45,70195,Silt,1985,1046,4570195
2408,45,99990,Unincorporated Garfield County,1985,11291,4599990
2409,47,0,GILPIN COUNTY,1985,3081,4700000
2410,47,7025,Black Hawk,1985,330,4707025
2411,47,12910,Central City (Part),1985,398,4712910
2412,47,99990,Unincorporated Gilpin County,1985,2353,4799990
2413,49,0,GRAND COUNTY,1985,9212,4900000
2414,49,28305,Fraser,1985,665,4928305
2415,49,31605,Granby,1985,1184,4931605
2416,49,31715,Grand Lake,1985,392,4931715
2417,49,37600,Hot Sulphur Springs,1985,414,4937600
2418,49,41560,Kremmling,1985,1403,4941560
2419,49,85705,Winter Park,1985,651,4985705
2420,49,99990,Unincorporated Grand County,1985,4503,4999990
2421,51,0,GUNNISON COUNTY,1985,10390,5100000
2422,51,18310,Crested Butte,1985,853,5118310
2423,51,33640,Gunnison,1985,5388,5133640
2424,51,48555,Marble,1985,47,5148555
2425,51,52570,Mount Crested Butte,1985,274,5152570
2426,51,59830,Pitkin,1985,48,5159830
2427,51,99990,Unincorporated Gunnison County,1985,3780,5199990
2428,53,0,HINSDALE COUNTY,1985,472,5300000
2429,53,42330,Lake City,1985,232,5342330
2430,53,99990,Unincorporated Hinsdale County,1985,240,5399990
2431,55,0,HUERFANO COUNTY,1985,6809,5500000
2432,55,44100,La Veta,1985,741,5544100
2433,55,82350,Walsenburg,1985,3842,5582350
2434,55,99990,Unincorporated Huerfano County,1985,2226,5599990
2435,57,0,JACKSON COUNTY,1985,1729,5700000
2436,57,82130,Walden,1985,928,5782130
2437,57,99990,Unincorporated Jackson County,1985,801,5799990
2438,59,0,JEFFERSON COUNTY,1985,421617,5900000
2439,59,3455,Arvada (Part),1985,87085,5903455
2440,59,8070,Bow Mar (Part),1985,269,5908070
2441,59,9280,Broomfield (Part),1985,1107,5909280
2442,59,23135,Edgewater,1985,4954,5923135
2443,59,30835,Golden,1985,14006,5930835
2444,59,42495,Lakeside,1985,15,5942495
2445,59,43000,Lakewood,1985,124472,5943000
2446,59,45255,Littleton (Part),1985,,5945255
2447,59,52075,Morrison,1985,506,5952075
2448,59,52350,Mountain View,1985,604,5952350
2449,59,75640,Superior (Part),1985,0,5975640
2450,59,83835,Westminster (Part),1985,26419,5983835
2451,59,84440,Wheat Ridge,1985,30540,5984440
2452,59,99990,Unincorporated Jefferson County,1985,131640,5999990
2453,61,0,KIOWA COUNTY,1985,1847,6100000
2454,61,22145,Eads,1985,877,6122145
2455,61,34740,Haswell,1985,85,6134740
2456,61,69700,Sheridan Lake,1985,87,6169700
2457,61,99990,Unincorporated Kiowa County,1985,798,6199990
2458,63,0,KIT CARSON COUNTY,1985,7547,6300000
2459,63,6530,Bethune,1985,166,6306530
2460,63,10600,Burlington,1985,3142,6310600
2461,63,26765,Flagler,1985,580,6326765
2462,63,69040,Seibert,1985,175,6369040
2463,63,74485,Stratton,1985,663,6374485
2464,63,81690,Vona,1985,113,6381690
2465,63,99990,Unincorporated Kit Carson County,1985,2708,6399990
2466,65,0,LAKE COUNTY,1985,6789,6500000
2467,65,44320,Leadville,1985,3056,6544320
2468,65,99990,Unincorporated Lake County,1985,3733,6599990
2469,67,0,LA PLATA COUNTY,1985,31393,6700000
2470,67,5265,Bayfield,1985,993,6705265
2471,67,22035,Durango,1985,12440,6722035
2472,67,38535,Ignacio,1985,735,6738535
2473,67,99990,Unincorporated La Plata County,1985,17225,6799990
2474,69,0,LARIMER COUNTY,1985,170724,6900000
2475,69,6255,Berthoud (Part),1985,2721,6906255
2476,69,25115,Estes Park,1985,3069,6925115
2477,69,27425,Fort Collins,1985,76649,6927425
2478,69,39855,Johnstown (Part),1985,,6939855
2479,69,46465,Loveland,1985,35094,6946465
2480,69,77510,Timnath (Part),1985,190,6977510
2481,69,83230,Wellington,1985,1284,6983230
2482,69,85485,Windsor (Part),1985,,6985485
2483,69,99990,Unincorporated Larimer County,1985,51717,6999990
2484,71,0,LAS ANIMAS COUNTY,1985,14241,7100000
2485,71,760,Aguilar,1985,591,7100760
2486,71,8345,Branson,1985,65,7108345
2487,71,15550,Cokedale,1985,94,7115550
2488,71,40570,Kim,1985,93,7140570
2489,71,73715,Starkville,1985,112,7173715
2490,71,78610,Trinidad,1985,9077,7178610
2491,71,99990,Unincorporated Las Animas County,1985,4209,7199990
2492,73,0,LINCOLN COUNTY,1985,4588,7300000
2493,73,3235,Arriba,1985,246,7303235
2494,73,29680,Genoa,1985,173,7329680
2495,73,37875,Hugo,1985,713,7337875
2496,73,44980,Limon,1985,1788,7344980
2497,73,99990,Unincorporated Lincoln County,1985,1668,7399990
2498,75,0,LOGAN COUNTY,1985,19063,7500000
2499,75,18640,Crook,1985,161,7518640
2500,75,26875,Fleming,1985,368,7526875
2501,75,38590,Iliff,1985,201,7538590
2502,75,50040,Merino,1985,281,7550040
2503,75,58235,Peetz,1985,196,7558235
2504,75,73935,Sterling,1985,11265,7573935
2505,75,99990,Unincorporated Logan County,1985,6591,7599990
2506,77,0,MESA COUNTY,1985,88021,7700000
2507,77,15605,Collbran,1985,278,7715605
2508,77,19355,De Beque,1985,270,7719355
2509,77,28745,Fruita,1985,3577,7728745
2510,77,31660,Grand Junction,1985,28945,7731660
2511,77,56970,Palisade,1985,1656,7756970
2512,77,99990,Unincorporated Mesa County,1985,53295,7799990
2513,79,0,MINERAL COUNTY,1985,836,7900000
2514,79,14765,City of Creede,1985,593,7914765
2515,79,99990,Unincorporated Mineral County,1985,243,7999990
2516,81,0,MOFFAT COUNTY,1985,13286,8100000
2517,81,17760,Craig,1985,9277,8117760
2518,81,20495,Dinosaur,1985,402,8120495
2519,81,99990,Unincorporated Moffat County,1985,3607,8199990
2520,83,0,MONTEZUMA COUNTY,1985,19283,8300000
2521,83,17375,Cortez,1985,7856,8317375
2522,83,20770,Dolores,1985,967,8320770
2523,83,48115,Mancos,1985,921,8348115
2524,83,99990,Unincorporated Montezuma County,1985,9539,8399990
2525,85,0,MONTROSE COUNTY,1985,24389,8500000
2526,85,51745,Montrose,1985,9109,8551745
2527,85,53120,Naturita,1985,570,8553120
2528,85,54935,Nucla,1985,732,8554935
2529,85,55540,Olathe,1985,1278,8555540
2530,85,99990,Unincorporated Montrose County,1985,12700,8599990
2531,87,0,MORGAN COUNTY,1985,22431,8700000
2532,87,9555,Brush,1985,4292,8709555
2533,87,27810,Fort Morgan,1985,9016,8727810
2534,87,36610,Hillrose,1985,189,8736610
2535,87,45695,Log Lane Village,1985,694,8745695
2536,87,84770,Wiggins,1985,508,8784770
2537,87,99990,Unincorporated Morgan County,1985,7732,8799990
2538,89,0,OTERO COUNTY,1985,21760,8900000
2539,89,13460,Cheraw,1985,276,8913460
2540,89,27975,Fowler,1985,1194,8927975
2541,89,42110,La Junta,1985,8250,8942110
2542,89,48500,Manzanola,1985,460,8948500
2543,89,65190,Rocky Ford,1985,4542,8965190
2544,89,75970,Swink,1985,658,8975970
2545,89,99990,Unincorporated Otero County,1985,6380,8999990
2546,91,0,OURAY COUNTY,1985,2130,9100000
2547,91,56420,Ouray,1985,674,9156420
2548,91,64200,Ridgway,1985,425,9164200
2549,91,99990,Unincorporated Ouray County,1985,1031,9199990
2550,93,0,PARK COUNTY,1985,6601,9300000
2551,93,1530,Alma,1985,114,9301530
2552,93,25610,Fairplay,1985,455,9325610
2553,93,99990,Unincorporated Park County,1985,6032,9399990
2554,95,0,PHILLIPS COUNTY,1985,4421,9500000
2555,95,34960,Haxtun,1985,928,9534960
2556,95,37270,Holyoke,1985,2058,9537270
2557,95,57245,Paoli,1985,60,9557245
2558,95,99990,Unincorporated Phillips County,1985,1375,9599990
2559,97,0,PITKIN COUNTY,1985,11316,9700000
2560,97,3620,Aspen,1985,3513,9703620
2561,97,4935,Basalt (Part),1985,0,9704935
2562,97,71755,Snowmass Village,1985,1297,9771755
2563,97,99990,Unincorporated Pitkin County,1985,6506,9799990
2564,99,0,PROWERS COUNTY,1985,14374,9900000
2565,99,31550,Granada,1985,600,9931550
2566,99,34520,Hartman,1985,124,9934520
2567,99,37215,Holly,1985,988,9937215
2568,99,43110,Lamar,1985,8839,9943110
2569,99,85045,Wiley,1985,459,9985045
2570,99,99990,Unincorporated Prowers County,1985,3364,9999990
2571,101,0,PUEBLO COUNTY,1985,121907,10100000
2572,101,7795,Boone,1985,398,10107795
2573,101,62000,Pueblo,1985,97910,10162000
2574,101,66895,Rye,1985,201,10166895
2575,101,99990,Unincorporated Pueblo County,1985,23398,10199990
2576,103,0,RIO BLANCO COUNTY,1985,6590,10300000
2577,103,49875,Meeker,1985,2131,10349875
2578,103,62880,Rangely,1985,2520,10362880
2579,103,99990,Unincorporated Rio Blanco County,1985,1939,10399990
2580,105,0,RIO GRANDE COUNTY,1985,11546,10500000
2581,105,12855,Center (Part),1985,0,10512855
2582,105,19795,Del Norte,1985,1803,10519795
2583,105,51635,Monte Vista,1985,4338,10551635
2584,105,72395,South Fork,1985,,10572395
2585,105,99990,Unincorporated Rio Grande County,1985,5405,10599990
2586,107,0,ROUTT COUNTY,1985,14196,10700000
2587,107,35070,Hayden,1985,1549,10735070
2588,107,55155,Oak Creek,1985,741,10755155
2589,107,73825,Steamboat Springs,1985,6268,10773825
2590,107,86475,Yampa,1985,355,10786475
2591,107,99990,Unincorporated Routt County,1985,5283,10799990
2592,109,0,SAGUACHE COUNTY,1985,4400,10900000
2593,109,7571,Bonza City,1985,12,10907571
2594,109,12855,Center (Part),1985,1896,10912855
2595,109,18420,Crestone,1985,45,10918420
2596,109,51250,Moffat,1985,109,10951250
2597,109,67005,Saguache,1985,613,10967005
2598,109,99990,Unincorporated Saguache County,1985,1725,10999990
2599,111,0,SAN JUAN COUNTY,1985,763,11100000
2600,111,70580,Silverton,1985,743,11170580
2601,111,99990,Unincorporated San Juan County,1985,20,11199990
2602,113,0,SAN MIGUEL COUNTY,1985,3189,11300000
2603,113,52550,Mountain Village,1985,,11352550
2604,113,54880,Norwood,1985,449,11354880
2605,113,55870,Ophir,1985,54,11355870
2606,113,68655,Sawpit,1985,40,11368655
2607,113,76795,Telluride,1985,1030,11376795
2608,113,99990,Unincorporated San Miguel County,1985,1616,11399990
2609,115,0,SEDGWICK COUNTY,1985,2991,11500000
2610,115,39965,Julesburg,1985,1438,11539965
2611,115,56475,Ovid,1985,381,11556475
2612,115,68930,Sedgwick,1985,207,11568930
2613,115,99990,Unincorporated Sedgwick County,1985,965,11599990
2614,117,0,SUMMIT COUNTY,1985,12865,11700000
2615,117,7410,Blue River,1985,403,11707410
2616,117,8400,Breckenridge,1985,1263,11708400
2617,117,20440,Dillon,1985,531,11720440
2618,117,28690,Frisco,1985,1586,11728690
2619,117,40550,Keystone,1985,,11740555
2620,117,51690,Montezuma,1985,47,11751690
2621,117,70525,Silverthorne,1985,1587,11770525
2622,117,99990,Unincorporated Summit County,1985,7448,11799990
2623,119,0,TELLER COUNTY,1985,11305,11900000
2624,119,18530,Cripple Creek,1985,681,11918530
2625,119,32650,Green Mountain Falls (Part),1985,21,11932650
2626,119,80865,Victor,1985,257,11980865
2627,119,86090,Woodland Park,1985,3960,11986090
2628,119,99990,Unincorporated Teller County,1985,6386,11999990
2629,121,0,WASHINGTON COUNTY,1985,5396,12100000
2630,121,925,Akron,1985,1803,12100925
2631,121,56365,Otis,1985,538,12156365
2632,121,99990,Unincorporated Washington County,1985,3055,12199990
2633,123,0,WELD COUNTY,1985,130400,12300000
2634,123,3950,Ault,1985,1083,12303950
2635,123,6255,Berthoud (Part),1985,,12306255
2636,123,8675,Brighton (Part),1985,0,12308675
2637,123,9280,Broomfield (Part),1985,0,12309280
2638,123,19080,Dacono,1985,2288,12319080
2639,123,22860,Eaton,1985,1929,12322860
2640,123,24950,Erie (Part),1985,1295,12324950
2641,123,25280,Evans,1985,5715,12325280
2642,123,26600,Firestone,1985,1288,12326600
2643,123,27700,Fort Lupton,1985,4877,12327700
2644,123,28360,Frederick,1985,925,12328360
2645,123,29185,Garden City,1985,124,12329185
2646,123,29955,Gilcrest,1985,1070,12329955
2647,123,32155,Greeley,1985,57331,12332155
2648,123,33310,Grover,1985,148,12333310
2649,123,37820,Hudson,1985,853,12337820
2650,123,39855,Johnstown (Part),1985,1598,12339855
2651,123,40185,Keenesburg,1985,546,12340185
2652,123,40515,Kersey,1985,982,12340515
2653,123,43605,La Salle,1985,1855,12343605
2654,123,45530,Lochbuie (Part),1985,1063,12345530
2655,123,45970,Longmont (Part),1985,,12345970
2656,123,49600,Mead,1985,431,12349600
2657,123,50480,Milliken,1985,1610,12350480
2658,123,54330,Northglenn (Part),1985,0,12354330
2659,123,55045,Nunn,1985,308,12355045
2660,123,59005,Pierce,1985,856,12359005
2661,123,60160,Platteville,1985,1657,12360160
2662,123,63045,Raymer,1985,82,12363045
2663,123,69150,Severance,1985,113,12369150
2664,123,77290,Thornton (Part),1985,,12377290
2665,123,77510,Timnath (Part),1985,,12377510
2666,123,85485,Windsor (Part),1985,4853,12385485
2667,123,99990,Unincorporated Weld County,1985,35470,12399990
2668,125,0,YUMA COUNTY,1985,9853,12500000
2669,125,23025,Eckley,1985,225,12523025
2670,125,86310,Wray,1985,2202,12586310
2671,125,86750,Yuma,1985,2956,12586750
2672,125,99990,Unincorporated Yuma County,1985,4470,12599990
2673,999,3455,Arvada (Total),1985,89046,99903455
2674,999,4000,Aurora (Total),1985,220796,99904000
2675,999,4935,Basalt (Total),1985,713,99904935
2676,999,6090,Bennett (Total),1985,1968,99906090
2677,999,6255,Berthoud (Total),1985,2721,99906255
2678,999,8070,Bow Mar (Total),1985,990,99908070
2679,999,8675,Brighton (Total),1985,14278,99908675
2680,999,9280,Broomfield (Total),1985,22698,99909280
2681,999,12855,Center (Total),1985,1896,99912855
2682,999,12910,Central City (Total),1985,398,99912910
2683,999,24950,Erie (Total),1985,1313,99924950
2684,999,32650,Green Mountain Falls (Total),1985,705,99932650
2685,999,39855,Johnstown (Total),1985,1598,99939855
2686,999,45255,Littleton (Total),1985,32159,99945255
2687,999,45530,Lochbuie (Total),1985,1063,99945530
2688,999,45970,Longmont (Total),1985,47855,99945970
2689,999,54330,Northglenn (Total),1985,29592,99954330
2690,999,75640,Superior (Total),1985,252,99975640
2691,999,77290,Thornton (Total),1985,51703,99977290
2692,999,77510,Timnath (Total),1985,190,99977510
2693,999,83835,Westminster (Total),1985,65221,99983835
2694,999,85485,Windsor (Total),1985,4853,99985485
2695,0,0,COLORADO STATE,1986,3243803,0
2696,1,0,ADAMS COUNTY,1986,268643,100000
2697,1,3455,Arvada (Part),1986,2018,103455
2698,1,4000,Aurora (Part),1986,29017,104000
2699,1,6090,Bennett (Part),1986,1890,106090
2700,1,8675,Brighton (Part),1986,14208,108675
2701,1,9280,Broomfield (Part),1986,6445,109280
2702,1,16495,Commerce City,1986,17347,116495
2703,1,26270,Federal Heights,1986,9663,126270
2704,1,45530,Lochbuie (Part),1986,,145530
2705,1,54330,Northglenn (Part),1986,28479,154330
2706,1,77290,Thornton (Part),1986,53240,177290
2707,1,83835,Westminster (Part),1986,39758,183835
2708,1,99990,Unincorporated Adams County,1986,66578,199990
2709,3,0,ALAMOSA COUNTY,1986,13336,300000
2710,3,1090,Alamosa,1986,7426,301090
2711,3,37380,Hooper,1986,98,337380
2712,3,99990,Unincorporated Alamosa County,1986,5812,399990
2713,5,0,ARAPAHOE COUNTY,1986,387244,500000
2714,5,4000,Aurora (Part),1986,194386,504000
2715,5,6090,Bennett (Part),1986,,506090
2716,5,8070,Bow Mar (Part),1986,690,508070
2717,5,12815,Centennial,1986,,512815
2718,5,13845,Cherry Hills Village,1986,5388,513845
2719,5,16385,Columbine Valley,1986,1071,516385
2720,5,19630,Deer Trail,1986,522,519630
2721,5,24785,Englewood,1986,28944,524785
2722,5,28105,Foxfield,1986,,528105
2723,5,30340,Glendale,1986,2743,530340
2724,5,33035,Greenwood Village,1986,6898,533035
2725,5,45255,Littleton (Part),1986,32491,545255
2726,5,69645,Sheridan,1986,5664,569645
2727,5,99990,Unincorporated Arapahoe County,1986,108447,599990
2728,7,0,ARCHULETA COUNTY,1986,5335,700000
2729,7,56860,Pagosa Springs,1986,1299,756860
2730,7,99990,Unincorporated Archuleta County,1986,4036,799990
2731,9,0,BACA COUNTY,1986,4587,900000
2732,9,11645,Campo,1986,136,911645
2733,9,61315,Pritchett,1986,164,961315
2734,9,73330,Springfield,1986,1414,973330
2735,9,79270,Two Buttes,1986,72,979270
2736,9,81030,Vilas,1986,107,981030
2737,9,82460,Walsh,1986,706,982460
2738,9,99990,Unincorporated Baca County,1986,1988,999990
2739,11,0,BENT COUNTY,1986,5729,1100000
2740,11,43660,Las Animas,1986,2767,1143660
2741,11,99990,Unincorporated Bent County,1986,2962,1199990
2742,13,0,BOULDER COUNTY,1986,211841,1300000
2743,13,7850,Boulder,1986,79703,1307850
2744,13,9280,Broomfield (Part),1986,15513,1309280
2745,13,24950,Erie (Part),1986,17,1324950
2746,13,39195,Jamestown,1986,236,1339195
2747,13,41835,Lafayette,1986,13750,1341835
2748,13,45970,Longmont (Part),1986,48297,1345970
2749,13,46355,Louisville,1986,10093,1346355
2750,13,47070,Lyons,1986,1237,1347070
2751,13,53175,Nederland,1986,1223,1353175
2752,13,75640,Superior (Part),1986,251,1375640
2753,13,82735,Ward,1986,122,1382735
2754,13,99990,Unincorporated Boulder County,1986,41399,1399990
2755,14,0,BROOMFIELD COUNTY,1986,,1400000
2756,14,9280,Broomfield,1986,,1409280
2757,15,0,CHAFFEE COUNTY,1986,12473,1500000
2758,15,10105,Buena Vista,1986,1838,1510105
2759,15,60600,Poncha Springs,1986,276,1560600
2760,15,67280,Salida,1986,4644,1567280
2761,15,99990,Unincorporated Chaffee County,1986,5715,1599990
2762,17,0,CHEYENNE COUNTY,1986,2185,1700000
2763,17,14175,Cheyenne Wells,1986,1046,1714175
2764,17,41010,Kit Carson,1986,265,1741010
2765,17,99990,Unincorporated Cheyenne County,1986,874,1799990
2766,19,0,CLEAR CREEK COUNTY,1986,8159,1900000
2767,19,12910,Central City (Part),1986,,1912910
2768,19,24620,Empire,1986,436,1924620
2769,19,29735,Georgetown,1986,968,1929735
2770,19,38370,Idaho Springs,1986,2114,1938370
2771,19,70360,Silver Plume,1986,146,1970360
2772,19,99990,Unincorporated Clear Creek County,1986,4495,1999990
2773,21,0,CONEJOS COUNTY,1986,7947,2100000
2774,21,2355,Antonito,1986,1000,2102355
2775,21,42055,La Jara,1986,797,2142055
2776,21,48060,Massa,1986,979,2148060
2777,21,65740,Romeo,1986,388,2165740
2778,21,67830,Sanford,1986,758,2167830
2779,21,99990,Unincorporated Conejos County,1986,4025,2199990
2780,23,0,COSTILLA COUNTY,1986,3307,2300000
2781,23,7190,Blanca,1986,283,2307190
2782,23,68105,San Luis,1986,867,2368105
2783,23,99990,Unincorporated Costilla County,1986,2157,2399990
2784,25,0,CROWLEY COUNTY,1986,2985,2500000
2785,25,18750,Crowley,1986,210,2518750
2786,25,55705,Olney Springs,1986,200,2555705
2787,25,56145,Ordway,1986,1143,2556145
2788,25,74815,Sugar City,1986,270,2574815
2789,25,99990,Unincorporated Crowley County,1986,1162,2599990
2790,27,0,CUSTER COUNTY,1986,2075,2700000
2791,27,70250,Silver Cliff,1986,379,2770250
2792,27,83450,Westcliffe,1986,371,2783450
2793,27,99990,Unincorporated Custer County,1986,1325,2799990
2794,29,0,DELTA COUNTY,1986,22353,2900000
2795,29,12635,Cedaredge,1986,1285,2912635
2796,29,17925,Crawford,1986,225,2917925
2797,29,19850,Delta,1986,3855,2919850
2798,29,37545,Hotchkiss,1986,993,2937545
2799,29,55980,Orchard City,1986,2199,2955980
2800,29,57300,Paonia,1986,1681,2957300
2801,29,99990,Unincorporated Delta County,1986,12115,2999990
2802,31,0,DENVER COUNTY,1986,497014,3100000
2803,31,20000,Denver,1986,497014,3120000
2804,33,0,DOLORES COUNTY,1986,1529,3300000
2805,33,21265,Dove Creek,1986,680,3321265
2806,33,64090,Rico,1986,87,3364090
2807,33,99990,Unincorporated Dolores County,1986,762,3399990
2808,35,0,DOUGLAS COUNTY,1986,45654,3500000
2809,35,4000,Aurora (Part),1986,0,3504000
2810,35,12387,Castle Pines,1986,,3512390
2811,35,12415,Castle Rock,1986,6965,3512415
2812,35,43550,Larkspur,1986,254,3543550
2813,35,45255,Littleton (Part),1986,129,3545255
2814,35,45955,Lone Tree,1986,,3545955
2815,35,57630,Parker,1986,2354,3557630
2816,35,99990,Unincorporated Douglas County,1986,35952,3599990
2817,37,0,EAGLE COUNTY,1986,18853,3700000
2818,37,4110,Avon,1986,1508,3704110
2819,37,4935,Basalt (Part),1986,729,3704935
2820,37,22200,Eagle,1986,1352,3722200
2821,37,33695,Gypsum,1986,1766,3733695
2822,37,50920,Minturn,1986,1189,3750920
2823,37,63265,Red Cliff,1986,313,3763265
2824,37,80040,Vail,1986,2382,3780040
2825,37,99990,Unincorporated Eagle County,1986,9614,3799990
2826,39,0,ELBERT COUNTY,1986,8793,3900000
2827,39,23740,Elizabeth,1986,938,3923740
2828,39,40790,Kiowa,1986,282,3940790
2829,39,70635,Simla,1986,510,3970635
2830,39,99990,Unincorporated Elbert County,1986,7063,3999990
2831,41,0,EL PASO COUNTY,1986,379304,4100000
2832,41,11260,Calhan,1986,854,4111260
2833,41,16000,Colorado Springs,1986,269488,4116000
2834,41,27865,Fountain,1986,9957,4127865
2835,41,32650,Green Mountain Falls (Part),1986,675,4132650
2836,41,48445,Manitou Springs,1986,4777,4148445
2837,41,51800,Monument,1986,977,4151800
2838,41,57025,Palmer Lake,1986,1534,4157025
2839,41,62660,Ramah,1986,108,4162660
2840,41,99990,Unincorporated El Paso County,1986,90934,4199990
2841,43,0,FREMONT COUNTY,1986,31130,4300000
2842,43,9115,Brookside,1986,182,4309115
2843,43,11810,Canon City,1986,12850,4311810
2844,43,15330,Coal Creek,1986,158,4315330
2845,43,27040,Florence,1986,3111,4327040
2846,43,64970,Rockvale,1986,330,4364970
2847,43,85155,Williamsburg,1986,242,4385155
2848,43,99990,Unincorporated Fremont County,1986,14233,4399990
2849,45,0,GARFIELD COUNTY,1986,26191,4500000
2850,45,12030,Carbonate,1986,0,4512030
2851,45,12045,Carbondale,1986,2544,4512045
2852,45,30780,Glenwood Springs,1986,5415,4530780
2853,45,53395,New Castle,1986,601,4553395
2854,45,57400,Parachute,1986,719,4557400
2855,45,64255,Rifle,1986,4310,4564255
2856,45,70195,Silt,1986,1030,4570195
2857,45,99990,Unincorporated Garfield County,1986,11572,4599990
2858,47,0,GILPIN COUNTY,1986,3237,4700000
2859,47,7025,Black Hawk,1986,328,4707025
2860,47,12910,Central City (Part),1986,402,4712910
2861,47,99990,Unincorporated Gilpin County,1986,2507,4799990
2862,49,0,GRAND COUNTY,1986,9139,4900000
2863,49,28305,Fraser,1986,661,4928305
2864,49,31605,Granby,1986,1161,4931605
2865,49,31715,Grand Lake,1986,367,4931715
2866,49,37600,Hot Sulphur Springs,1986,403,4937600
2867,49,41560,Kremmling,1986,1366,4941560
2868,49,85705,Winter Park,1986,630,4985705
2869,49,99990,Unincorporated Grand County,1986,4551,4999990
2870,51,0,GUNNISON COUNTY,1986,10890,5100000
2871,51,18310,Crested Butte,1986,899,5118310
2872,51,33640,Gunnison,1986,5532,5133640
2873,51,48555,Marble,1986,51,5148555
2874,51,52570,Mount Crested Butte,1986,278,5152570
2875,51,59830,Pitkin,1986,47,5159830
2876,51,99990,Unincorporated Gunnison County,1986,4083,5199990
2877,53,0,HINSDALE COUNTY,1986,468,5300000
2878,53,42330,Lake City,1986,227,5342330
2879,53,99990,Unincorporated Hinsdale County,1986,241,5399990
2880,55,0,HUERFANO COUNTY,1986,6752,5500000
2881,55,44100,La Veta,1986,753,5544100
2882,55,82350,Walsenburg,1986,3783,5582350
2883,55,99990,Unincorporated Huerfano County,1986,2216,5599990
2884,57,0,JACKSON COUNTY,1986,1708,5700000
2885,57,82130,Walden,1986,920,5782130
2886,57,99990,Unincorporated Jackson County,1986,788,5799990
2887,59,0,JEFFERSON COUNTY,1986,427070,5900000
2888,59,3455,Arvada (Part),1986,87391,5903455
2889,59,8070,Bow Mar (Part),1986,261,5908070
2890,59,9280,Broomfield (Part),1986,1214,5909280
2891,59,23135,Edgewater,1986,4861,5923135
2892,59,30835,Golden,1986,13782,5930835
2893,59,42495,Lakeside,1986,14,5942495
2894,59,43000,Lakewood,1986,125289,5943000
2895,59,45255,Littleton (Part),1986,,5945255
2896,59,52075,Morrison,1986,492,5952075
2897,59,52350,Mountain View,1986,586,5952350
2898,59,75640,Superior (Part),1986,0,5975640
2899,59,83835,Westminster (Part),1986,28626,5983835
2900,59,84440,Wheat Ridge,1986,30381,5984440
2901,59,99990,Unincorporated Jefferson County,1986,134173,5999990
2902,61,0,KIOWA COUNTY,1986,1798,6100000
2903,61,22145,Eads,1986,852,6122145
2904,61,34740,Haswell,1986,80,6134740
2905,61,69700,Sheridan Lake,1986,89,6169700
2906,61,99990,Unincorporated Kiowa County,1986,777,6199990
2907,63,0,KIT CARSON COUNTY,1986,7373,6300000
2908,63,6530,Bethune,1986,165,6306530
2909,63,10600,Burlington,1986,3066,6310600
2910,63,26765,Flagler,1986,570,6326765
2911,63,69040,Seibert,1986,172,6369040
2912,63,74485,Stratton,1986,651,6374485
2913,63,81690,Vona,1986,110,6381690
2914,63,99990,Unincorporated Kit Carson County,1986,2639,6399990
2915,65,0,LAKE COUNTY,1986,6450,6500000
2916,65,44320,Leadville,1986,2882,6544320
2917,65,99990,Unincorporated Lake County,1986,3568,6599990
2918,67,0,LA PLATA COUNTY,1986,30790,6700000
2919,67,5265,Bayfield,1986,986,6705265
2920,67,22035,Durango,1986,11990,6722035
2921,67,38535,Ignacio,1986,707,6738535
2922,67,99990,Unincorporated La Plata County,1986,17107,6799990
2923,69,0,LARIMER COUNTY,1986,174980,6900000
2924,69,6255,Berthoud (Part),1986,2805,6906255
2925,69,25115,Estes Park,1986,3132,6925115
2926,69,27425,Fort Collins,1986,79674,6927425
2927,69,39855,Johnstown (Part),1986,,6939855
2928,69,46465,Loveland,1986,35871,6946465
2929,69,77510,Timnath (Part),1986,189,6977510
2930,69,83230,Wellington,1986,1272,6983230
2931,69,85485,Windsor (Part),1986,,6985485
2932,69,99990,Unincorporated Larimer County,1986,52037,6999990
2933,71,0,LAS ANIMAS COUNTY,1986,14113,7100000
2934,71,760,Aguilar,1986,574,7100760
2935,71,8345,Branson,1986,63,7108345
2936,71,15550,Cokedale,1986,121,7115550
2937,71,40570,Kim,1986,88,7140570
2938,71,73715,Starkville,1986,110,7173715
2939,71,78610,Trinidad,1986,8930,7178610
2940,71,99990,Unincorporated Las Animas County,1986,4227,7199990
2941,73,0,LINCOLN COUNTY,1986,4431,7300000
2942,73,3235,Arriba,1986,234,7303235
2943,73,29680,Genoa,1986,167,7329680
2944,73,37875,Hugo,1986,684,7337875
2945,73,44980,Limon,1986,1733,7344980
2946,73,99990,Unincorporated Lincoln County,1986,1613,7399990
2947,75,0,LOGAN COUNTY,1986,18167,7500000
2948,75,18640,Crook,1986,153,7518640
2949,75,26875,Fleming,1986,352,7526875
2950,75,38590,Iliff,1986,189,7538590
2951,75,50040,Merino,1986,272,7550040
2952,75,58235,Peetz,1986,185,7558235
2953,75,73935,Sterling,1986,10733,7573935
2954,75,99990,Unincorporated Logan County,1986,6283,7599990
2955,77,0,MESA COUNTY,1986,85562,7700000
2956,77,15605,Collbran,1986,258,7715605
2957,77,19355,De Beque,1986,257,7719355
2958,77,28745,Fruita,1986,3515,7728745
2959,77,31660,Grand Junction,1986,27905,7731660
2960,77,56970,Palisade,1986,1627,7756970
2961,77,99990,Unincorporated Mesa County,1986,52000,7799990
2962,79,0,MINERAL COUNTY,1986,771,7900000
2963,79,14765,City of Creede,1986,537,7914765
2964,79,99990,Unincorporated Mineral County,1986,234,7999990
2965,81,0,MOFFAT COUNTY,1986,12679,8100000
2966,81,17760,Craig,1986,8874,8117760
2967,81,20495,Dinosaur,1986,380,8120495
2968,81,99990,Unincorporated Moffat County,1986,3425,8199990
2969,83,0,MONTEZUMA COUNTY,1986,18835,8300000
2970,83,17375,Cortez,1986,7618,8317375
2971,83,20770,Dolores,1986,927,8320770
2972,83,48115,Mancos,1986,887,8348115
2973,83,99990,Unincorporated Montezuma County,1986,9403,8399990
2974,85,0,MONTROSE COUNTY,1986,23833,8500000
2975,85,51745,Montrose,1986,8884,8551745
2976,85,53120,Naturita,1986,527,8553120
2977,85,54935,Nucla,1986,697,8554935
2978,85,55540,Olathe,1986,1242,8555540
2979,85,99990,Unincorporated Montrose County,1986,12483,8599990
2980,87,0,MORGAN COUNTY,1986,21508,8700000
2981,87,9555,Brush,1986,4110,8709555
2982,87,27810,Fort Morgan,1986,8721,8727810
2983,87,36610,Hillrose,1986,178,8736610
2984,87,45695,Log Lane Village,1986,654,8745695
2985,87,84770,Wiggins,1986,488,8784770
2986,87,99990,Unincorporated Morgan County,1986,7357,8799990
2987,89,0,OTERO COUNTY,1986,21457,8900000
2988,89,13460,Cheraw,1986,273,8913460
2989,89,27975,Fowler,1986,1176,8927975
2990,89,42110,La Junta,1986,8143,8942110
2991,89,48500,Manzanola,1986,456,8948500
2992,89,65190,Rocky Ford,1986,4482,8965190
2993,89,75970,Swink,1986,644,8975970
2994,89,99990,Unincorporated Otero County,1986,6283,8999990
2995,91,0,OURAY COUNTY,1986,1999,9100000
2996,91,56420,Ouray,1986,620,9156420
2997,91,64200,Ridgway,1986,392,9164200
2998,91,99990,Unincorporated Ouray County,1986,987,9199990
2999,93,0,PARK COUNTY,1986,6860,9300000
3000,93,1530,Alma,1986,113,9301530
3001,93,25610,Fairplay,1986,448,9325610
3002,93,99990,Unincorporated Park County,1986,6299,9399990
3003,95,0,PHILLIPS COUNTY,1986,4445,9500000
3004,95,34960,Haxtun,1986,936,9534960
3005,95,37270,Holyoke,1986,2074,9537270
3006,95,57245,Paoli,1986,54,9557245
3007,95,99990,Unincorporated Phillips County,1986,1381,9599990
3008,97,0,PITKIN COUNTY,1986,11968,9700000
3009,97,3620,Aspen,1986,3658,9703620
3010,97,4935,Basalt (Part),1986,0,9704935
3011,97,71755,Snowmass Village,1986,1368,9771755
3012,97,99990,Unincorporated Pitkin County,1986,6942,9799990
3013,99,0,PROWERS COUNTY,1986,14128,9900000
3014,99,31550,Granada,1986,579,9931550
3015,99,34520,Hartman,1986,120,9934520
3016,99,37215,Holly,1986,958,9937215
3017,99,43110,Lamar,1986,8731,9943110
3018,99,85045,Wiley,1986,445,9985045
3019,99,99990,Unincorporated Prowers County,1986,3295,9999990
3020,101,0,PUEBLO COUNTY,1986,122365,10100000
3021,101,7795,Boone,1986,386,10107795
3022,101,62000,Pueblo,1986,98398,10162000
3023,101,66895,Rye,1986,194,10166895
3024,101,99990,Unincorporated Pueblo County,1986,23387,10199990
3025,103,0,RIO BLANCO COUNTY,1986,6440,10300000
3026,103,49875,Meeker,1986,2047,10349875
3027,103,62880,Rangely,1986,2509,10362880
3028,103,99990,Unincorporated Rio Blanco County,1986,1884,10399990
3029,105,0,RIO GRANDE COUNTY,1986,11906,10500000
3030,105,12855,Center (Part),1986,0,10512855
3031,105,19795,Del Norte,1986,1866,10519795
3032,105,51635,Monte Vista,1986,4480,10551635
3033,105,72395,South Fork,1986,,10572395
3034,105,99990,Unincorporated Rio Grande County,1986,5560,10599990
3035,107,0,ROUTT COUNTY,1986,13863,10700000
3036,107,35070,Hayden,1986,1480,10735070
3037,107,55155,Oak Creek,1986,704,10755155
3038,107,73825,Steamboat Springs,1986,6264,10773825
3039,107,86475,Yampa,1986,336,10786475
3040,107,99990,Unincorporated Routt County,1986,5079,10799990
3041,109,0,SAGUACHE COUNTY,1986,4598,10900000
3042,109,7571,Bonza City,1986,13,10907571
3043,109,12855,Center (Part),1986,1966,10912855
3044,109,18420,Crestone,1986,46,10918420
3045,109,51250,Moffat,1986,109,10951250
3046,109,67005,Saguache,1986,624,10967005
3047,109,99990,Unincorporated Saguache County,1986,1840,10999990
3048,111,0,SAN JUAN COUNTY,1986,754,11100000
3049,111,70580,Silverton,1986,734,11170580
3050,111,99990,Unincorporated San Juan County,1986,20,11199990
3051,113,0,SAN MIGUEL COUNTY,1986,3374,11300000
3052,113,52550,Mountain Village,1986,,11352550
3053,113,54880,Norwood,1986,447,11354880
3054,113,55870,Ophir,1986,56,11355870
3055,113,68655,Sawpit,1986,39,11368655
3056,113,76795,Telluride,1986,1212,11376795
3057,113,99990,Unincorporated San Miguel County,1986,1620,11399990
3058,115,0,SEDGWICK COUNTY,1986,2825,11500000
3059,115,39965,Julesburg,1986,1359,11539965
3060,115,56475,Ovid,1986,362,11556475
3061,115,68930,Sedgwick,1986,195,11568930
3062,115,99990,Unincorporated Sedgwick County,1986,909,11599990
3063,117,0,SUMMIT COUNTY,1986,13274,11700000
3064,117,7410,Blue River,1986,425,11707410
3065,117,8400,Breckenridge,1986,1302,11708400
3066,117,20440,Dillon,1986,551,11720440
3067,117,28690,Frisco,1986,1644,11728690
3068,117,40550,Keystone,1986,,11740555
3069,117,51690,Montezuma,1986,50,11751690
3070,117,70525,Silverthorne,1986,1671,11770525
3071,117,99990,Unincorporated Summit County,1986,7631,11799990
3072,119,0,TELLER COUNTY,1986,11800,11900000
3073,119,18530,Cripple Creek,1986,670,11918530
3074,119,32650,Green Mountain Falls (Part),1986,23,11932650
3075,119,80865,Victor,1986,256,11980865
3076,119,86090,Woodland Park,1986,4195,11986090
3077,119,99990,Unincorporated Teller County,1986,6656,11999990
3078,121,0,WASHINGTON COUNTY,1986,5194,12100000
3079,121,925,Akron,1986,1739,12100925
3080,121,56365,Otis,1986,511,12156365
3081,121,99990,Unincorporated Washington County,1986,2944,12199990
3082,123,0,WELD COUNTY,1986,129749,12300000
3083,123,3950,Ault,1986,1065,12303950
3084,123,6255,Berthoud (Part),1986,,12306255
3085,123,8675,Brighton (Part),1986,0,12308675
3086,123,9280,Broomfield (Part),1986,0,12309280
3087,123,19080,Dacono,1986,2238,12319080
3088,123,22860,Eaton,1986,1911,12322860
3089,123,24950,Erie (Part),1986,1263,12324950
3090,123,25280,Evans,1986,5733,12325280
3091,123,26600,Firestone,1986,1303,12326600
3092,123,27700,Fort Lupton,1986,4992,12327700
3093,123,28360,Frederick,1986,955,12328360
3094,123,29185,Garden City,1986,122,12329185
3095,123,29955,Gilcrest,1986,1058,12329955
3096,123,32155,Greeley,1986,57757,12332155
3097,123,33310,Grover,1986,142,12333310
3098,123,37820,Hudson,1986,851,12337820
3099,123,39855,Johnstown (Part),1986,1569,12339855
3100,123,40185,Keenesburg,1986,549,12340185
3101,123,40515,Kersey,1986,973,12340515
3102,123,43605,La Salle,1986,1814,12343605
3103,123,45530,Lochbuie (Part),1986,1066,12345530
3104,123,45970,Longmont (Part),1986,,12345970
3105,123,49600,Mead,1986,430,12349600
3106,123,50480,Milliken,1986,1586,12350480
3107,123,54330,Northglenn (Part),1986,0,12354330
3108,123,55045,Nunn,1986,305,12355045
3109,123,59005,Pierce,1986,839,12359005
3110,123,60160,Platteville,1986,1598,12360160
3111,123,63045,Raymer,1986,97,12363045
3112,123,69150,Severance,1986,109,12369150
3113,123,77290,Thornton (Part),1986,,12377290
3114,123,77510,Timnath (Part),1986,,12377510
3115,123,85485,Windsor (Part),1986,4938,12385485
3116,123,99990,Unincorporated Weld County,1986,34438,12399990
3117,125,0,YUMA COUNTY,1986,9583,12500000
3118,125,23025,Eckley,1986,222,12523025
3119,125,86310,Wray,1986,2137,12586310
3120,125,86750,Yuma,1986,2885,12586750
3121,125,99990,Unincorporated Yuma County,1986,4339,12599990
3122,999,3455,Arvada (Total),1986,89409,99903455
3123,999,4000,Aurora (Total),1986,223403,99904000
3124,999,4935,Basalt (Total),1986,729,99904935
3125,999,6090,Bennett (Total),1986,1890,99906090
3126,999,6255,Berthoud (Total),1986,2805,99906255
3127,999,8070,Bow Mar (Total),1986,951,99908070
3128,999,8675,Brighton (Total),1986,14208,99908675
3129,999,9280,Broomfield (Total),1986,23172,99909280
3130,999,12855,Center (Total),1986,1966,99912855
3131,999,12910,Central City (Total),1986,402,99912910
3132,999,24950,Erie (Total),1986,1280,99924950
3133,999,32650,Green Mountain Falls (Total),1986,698,99932650
3134,999,39855,Johnstown (Total),1986,1569,99939855
3135,999,45255,Littleton (Total),1986,32620,99945255
3136,999,45530,Lochbuie (Total),1986,1066,99945530
3137,999,45970,Longmont (Total),1986,48297,99945970
3138,999,54330,Northglenn (Total),1986,28479,99954330
3139,999,75640,Superior (Total),1986,251,99975640
3140,999,77290,Thornton (Total),1986,53240,99977290
3141,999,77510,Timnath (Total),1986,189,99977510
3142,999,83835,Westminster (Total),1986,68384,99983835
3143,999,85485,Windsor (Total),1986,4938,99985485
3144,0,0,COLORADO STATE,1987,3263354,0
3145,1,0,ADAMS COUNTY,1987,269323,100000
3146,1,3455,Arvada (Part),1987,2084,103455
3147,1,4000,Aurora (Part),1987,28616,104000
3148,1,6090,Bennett (Part),1987,1841,106090
3149,1,8675,Brighton (Part),1987,14074,108675
3150,1,9280,Broomfield (Part),1987,6613,109280
3151,1,16495,Commerce City,1987,16985,116495
3152,1,26270,Federal Heights,1987,9543,126270
3153,1,45530,Lochbuie (Part),1987,,145530
3154,1,54330,Northglenn (Part),1987,28448,154330
3155,1,77290,Thornton (Part),1987,54865,177290
3156,1,83835,Westminster (Part),1987,41120,183835
3157,1,99990,Unincorporated Adams County,1987,65134,199990
3158,3,0,ALAMOSA COUNTY,1987,13427,300000
3159,3,1090,Alamosa,1987,7492,301090
3160,3,37380,Hooper,1987,101,337380
3161,3,99990,Unincorporated Alamosa County,1987,5834,399990
3162,5,0,ARAPAHOE COUNTY,1987,388687,500000
3163,5,4000,Aurora (Part),1987,194639,504000
3164,5,6090,Bennett (Part),1987,,506090
3165,5,8070,Bow Mar (Part),1987,661,508070
3166,5,12815,Centennial,1987,,512815
3167,5,13845,Cherry Hills Village,1987,5259,513845
3168,5,16385,Columbine Valley,1987,1053,516385
3169,5,19630,Deer Trail,1987,507,519630
3170,5,24785,Englewood,1987,29215,524785
3171,5,28105,Foxfield,1987,,528105
3172,5,30340,Glendale,1987,2636,530340
3173,5,33035,Greenwood Village,1987,5823,533035
3174,5,45255,Littleton (Part),1987,33328,545255
3175,5,69645,Sheridan,1987,5450,569645
3176,5,99990,Unincorporated Arapahoe County,1987,110116,599990
3177,7,0,ARCHULETA COUNTY,1987,5265,700000
3178,7,56860,Pagosa Springs,1987,1240,756860
3179,7,99990,Unincorporated Archuleta County,1987,4025,799990
3180,9,0,BACA COUNTY,1987,4559,900000
3181,9,11645,Campo,1987,132,911645
3182,9,61315,Pritchett,1987,161,961315
3183,9,73330,Springfield,1987,1424,973330
3184,9,79270,Two Buttes,1987,70,979270
3185,9,81030,Vilas,1987,108,981030
3186,9,82460,Walsh,1987,700,982460
3187,9,99990,Unincorporated Baca County,1987,1964,999990
3188,11,0,BENT COUNTY,1987,5432,1100000
3189,11,43660,Las Animas,1987,2636,1143660
3190,11,99990,Unincorporated Bent County,1987,2796,1199990
3191,13,0,BOULDER COUNTY,1987,214222,1300000
3192,13,7850,Boulder,1987,79836,1307850
3193,13,9280,Broomfield (Part),1987,15759,1309280
3194,13,24950,Erie (Part),1987,17,1324950
3195,13,39195,Jamestown,1987,237,1339195
3196,13,41835,Lafayette,1987,13995,1341835
3197,13,45970,Longmont (Part),1987,49346,1345970
3198,13,46355,Louisville,1987,10566,1346355
3199,13,47070,Lyons,1987,1216,1347070
3200,13,53175,Nederland,1987,1173,1353175
3201,13,75640,Superior (Part),1987,250,1375640
3202,13,82735,Ward,1987,122,1382735
3203,13,99990,Unincorporated Boulder County,1987,41705,1399990
3204,14,0,BROOMFIELD COUNTY,1987,,1400000
3205,14,9280,Broomfield,1987,,1409280
3206,15,0,CHAFFEE COUNTY,1987,12453,1500000
3207,15,10105,Buena Vista,1987,1814,1510105
3208,15,60600,Poncha Springs,1987,265,1560600
3209,15,67280,Salida,1987,4658,1567280
3210,15,99990,Unincorporated Chaffee County,1987,5716,1599990
3211,17,0,CHEYENNE COUNTY,1987,2097,1700000
3212,17,14175,Cheyenne Wells,1987,1000,1714175
3213,17,41010,Kit Carson,1987,258,1741010
3214,17,99990,Unincorporated Cheyenne County,1987,839,1799990
3215,19,0,CLEAR CREEK COUNTY,1987,7822,1900000
3216,19,12910,Central City (Part),1987,,1912910
3217,19,24620,Empire,1987,411,1924620
3218,19,29735,Georgetown,1987,928,1929735
3219,19,38370,Idaho Springs,1987,1974,1938370
3220,19,70360,Silver Plume,1987,139,1970360
3221,19,99990,Unincorporated Clear Creek County,1987,4370,1999990
3222,21,0,CONEJOS COUNTY,1987,8090,2100000
3223,21,2355,Antonito,1987,1001,2102355
3224,21,42055,La Jara,1987,803,2142055
3225,21,48060,Massa,1987,1017,2148060
3226,21,65740,Romeo,1987,390,2165740
3227,21,67830,Sanford,1987,784,2167830
3228,21,99990,Unincorporated Conejos County,1987,4095,2199990
3229,23,0,COSTILLA COUNTY,1987,3349,2300000
3230,23,7190,Blanca,1987,293,2307190
3231,23,68105,San Luis,1987,864,2368105
3232,23,99990,Unincorporated Costilla County,1987,2192,2399990
3233,25,0,CROWLEY COUNTY,1987,3072,2500000
3234,25,18750,Crowley,1987,207,2518750
3235,25,55705,Olney Springs,1987,295,2555705
3236,25,56145,Ordway,1987,1112,2556145
3237,25,74815,Sugar City,1987,258,2574815
3238,25,99990,Unincorporated Crowley County,1987,1200,2599990
3239,27,0,CUSTER COUNTY,1987,2050,2700000
3240,27,70250,Silver Cliff,1987,366,2770250
3241,27,83450,Westcliffe,1987,352,2783450
3242,27,99990,Unincorporated Custer County,1987,1332,2799990
3243,29,0,DELTA COUNTY,1987,21782,2900000
3244,29,12635,Cedaredge,1987,1372,2912635
3245,29,17925,Crawford,1987,241,2917925
3246,29,19850,Delta,1987,3835,2919850
3247,29,37545,Hotchkiss,1987,739,2937545
3248,29,55980,Orchard City,1987,2169,2955980
3249,29,57300,Paonia,1987,1471,2957300
3250,29,99990,Unincorporated Delta County,1987,11955,2999990
3251,31,0,DENVER COUNTY,1987,490274,3100000
3252,31,20000,Denver,1987,490274,3120000
3253,33,0,DOLORES COUNTY,1987,1494,3300000
3254,33,21265,Dove Creek,1987,664,3321265
3255,33,64090,Rico,1987,87,3364090
3256,33,99990,Unincorporated Dolores County,1987,743,3399990
3257,35,0,DOUGLAS COUNTY,1987,48844,3500000
3258,35,4000,Aurora (Part),1987,0,3504000
3259,35,12387,Castle Pines,1987,,3512390
3260,35,12415,Castle Rock,1987,7406,3512415
3261,35,43550,Larkspur,1987,238,3543550
3262,35,45255,Littleton (Part),1987,126,3545255
3263,35,45955,Lone Tree,1987,,3545955
3264,35,57630,Parker,1987,2615,3557630
3265,35,99990,Unincorporated Douglas County,1987,38459,3599990
3266,37,0,EAGLE COUNTY,1987,19002,3700000
3267,37,4110,Avon,1987,1558,3704110
3268,37,4935,Basalt (Part),1987,750,3704935
3269,37,22200,Eagle,1987,1465,3722200
3270,37,33695,Gypsum,1987,1423,3733695
3271,37,50920,Minturn,1987,1149,3750920
3272,37,63265,Red Cliff,1987,306,3763265
3273,37,80040,Vail,1987,3702,3780040
3274,37,99990,Unincorporated Eagle County,1987,8649,3799990
3275,39,0,ELBERT COUNTY,1987,9340,3900000
3276,39,23740,Elizabeth,1987,917,3923740
3277,39,40790,Kiowa,1987,286,3940790
3278,39,70635,Simla,1987,515,3970635
3279,39,99990,Unincorporated Elbert County,1987,7622,3999990
3280,41,0,EL PASO COUNTY,1987,392720,4100000
3281,41,11260,Calhan,1987,588,4111260
3282,41,16000,Colorado Springs,1987,278906,4116000
3283,41,27865,Fountain,1987,10231,4127865
3284,41,32650,Green Mountain Falls (Part),1987,671,4132650
3285,41,48445,Manitou Springs,1987,4761,4148445
3286,41,51800,Monument,1987,1008,4151800
3287,41,57025,Palmer Lake,1987,1548,4157025
3288,41,62660,Ramah,1987,105,4162660
3289,41,99990,Unincorporated El Paso County,1987,94902,4199990
3290,43,0,FREMONT COUNTY,1987,31394,4300000
3291,43,9115,Brookside,1987,181,4309115
3292,43,11810,Canon City,1987,12807,4311810
3293,43,15330,Coal Creek,1987,156,4315330
3294,43,27040,Florence,1987,3060,4327040
3295,43,64970,Rockvale,1987,330,4364970
3296,43,85155,Williamsburg,1987,244,4385155
3297,43,99990,Unincorporated Fremont County,1987,14594,4399990
3298,45,0,GARFIELD COUNTY,1987,26387,4500000
3299,45,12030,Carbonate,1987,0,4512030
3300,45,12045,Carbondale,1987,2539,4512045
3301,45,30780,Glenwood Springs,1987,5511,4530780
3302,45,53395,New Castle,1987,602,4553395
3303,45,57400,Parachute,1987,678,4557400
3304,45,64255,Rifle,1987,4283,4564255
3305,45,70195,Silt,1987,1010,4570195
3306,45,99990,Unincorporated Garfield County,1987,11764,4599990
3307,47,0,GILPIN COUNTY,1987,3279,4700000
3308,47,7025,Black Hawk,1987,279,4707025
3309,47,12910,Central City (Part),1987,390,4712910
3310,47,99990,Unincorporated Gilpin County,1987,2610,4799990
3311,49,0,GRAND COUNTY,1987,8908,4900000
3312,49,28305,Fraser,1987,641,4928305
3313,49,31605,Granby,1987,1113,4931605
3314,49,31715,Grand Lake,1987,338,4931715
3315,49,37600,Hot Sulphur Springs,1987,395,4937600
3316,49,41560,Kremmling,1987,1312,4941560
3317,49,85705,Winter Park,1987,601,4985705
3318,49,99990,Unincorporated Grand County,1987,4508,4999990
3319,51,0,GUNNISON COUNTY,1987,10855,5100000
3320,51,18310,Crested Butte,1987,885,5118310
3321,51,33640,Gunnison,1987,5426,5133640
3322,51,48555,Marble,1987,55,5148555
3323,51,52570,Mount Crested Butte,1987,269,5152570
3324,51,59830,Pitkin,1987,48,5159830
3325,51,99990,Unincorporated Gunnison County,1987,4172,5199990
3326,53,0,HINSDALE COUNTY,1987,508,5300000
3327,53,42330,Lake City,1987,244,5342330
3328,53,99990,Unincorporated Hinsdale County,1987,264,5399990
3329,55,0,HUERFANO COUNTY,1987,6500,5500000
3330,55,44100,La Veta,1987,744,5544100
3331,55,82350,Walsenburg,1987,3614,5582350
3332,55,99990,Unincorporated Huerfano County,1987,2142,5599990
3333,57,0,JACKSON COUNTY,1987,1775,5700000
3334,57,82130,Walden,1987,960,5782130
3335,57,99990,Unincorporated Jackson County,1987,815,5799990
3336,59,0,JEFFERSON COUNTY,1987,430187,5900000
3337,59,3455,Arvada (Part),1987,87297,5903455
3338,59,8070,Bow Mar (Part),1987,253,5908070
3339,59,9280,Broomfield (Part),1987,1436,5909280
3340,59,23135,Edgewater,1987,4745,5923135
3341,59,30835,Golden,1987,13506,5930835
3342,59,42495,Lakeside,1987,13,5942495
3343,59,43000,Lakewood,1987,125130,5943000
3344,59,45255,Littleton (Part),1987,,5945255
3345,59,52075,Morrison,1987,485,5952075
3346,59,52350,Mountain View,1987,570,5952350
3347,59,75640,Superior (Part),1987,0,5975640
3348,59,83835,Westminster (Part),1987,30839,5983835
3349,59,84440,Wheat Ridge,1987,29818,5984440
3350,59,99990,Unincorporated Jefferson County,1987,136095,5999990
3351,61,0,KIOWA COUNTY,1987,1758,6100000
3352,61,22145,Eads,1987,831,6122145
3353,61,34740,Haswell,1987,76,6134740
3354,61,69700,Sheridan Lake,1987,93,6169700
3355,61,99990,Unincorporated Kiowa County,1987,758,6199990
3356,63,0,KIT CARSON COUNTY,1987,7241,6300000
3357,63,6530,Bethune,1987,166,6306530
3358,63,10600,Burlington,1987,3004,6310600
3359,63,26765,Flagler,1987,562,6326765
3360,63,69040,Seibert,1987,194,6369040
3361,63,74485,Stratton,1987,644,6374485
3362,63,81690,Vona,1987,108,6381690
3363,63,99990,Unincorporated Kit Carson County,1987,2563,6399990
3364,65,0,LAKE COUNTY,1987,6045,6500000
3365,65,44320,Leadville,1987,2695,6544320
3366,65,99990,Unincorporated Lake County,1987,3350,6599990
3367,67,0,LA PLATA COUNTY,1987,30916,6700000
3368,67,5265,Bayfield,1987,1001,6705265
3369,67,22035,Durango,1987,11888,6722035
3370,67,38535,Ignacio,1987,699,6738535
3371,67,99990,Unincorporated La Plata County,1987,17328,6799990
3372,69,0,LARIMER COUNTY,1987,178151,6900000
3373,69,6255,Berthoud (Part),1987,2884,6906255
3374,69,25115,Estes Park,1987,3084,6925115
3375,69,27425,Fort Collins,1987,82272,6927425
3376,69,39855,Johnstown (Part),1987,,6939855
3377,69,46465,Loveland,1987,36259,6946465
3378,69,77510,Timnath (Part),1987,188,6977510
3379,69,83230,Wellington,1987,1314,6983230
3380,69,85485,Windsor (Part),1987,,6985485
3381,69,99990,Unincorporated Larimer County,1987,52150,6999990
3382,71,0,LAS ANIMAS COUNTY,1987,14397,7100000
3383,71,760,Aguilar,1987,575,7100760
3384,71,8345,Branson,1987,63,7108345
3385,71,15550,Cokedale,1987,122,7115550
3386,71,40570,Kim,1987,87,7140570
3387,71,73715,Starkville,1987,111,7173715
3388,71,78610,Trinidad,1987,9061,7178610
3389,71,99990,Unincorporated Las Animas County,1987,4378,7199990
3390,73,0,LINCOLN COUNTY,1987,4442,7300000
3391,73,3235,Arriba,1987,234,7303235
3392,73,29680,Genoa,1987,169,7329680
3393,73,37875,Hugo,1987,669,7337875
3394,73,44980,Limon,1987,1747,7344980
3395,73,99990,Unincorporated Lincoln County,1987,1623,7399990
3396,75,0,LOGAN COUNTY,1987,17740,7500000
3397,75,18640,Crook,1987,150,7518640
3398,75,26875,Fleming,1987,345,7526875
3399,75,38590,Iliff,1987,182,7538590
3400,75,50040,Merino,1987,270,7550040
3401,75,58235,Peetz,1987,180,7558235
3402,75,73935,Sterling,1987,10473,7573935
3403,75,99990,Unincorporated Logan County,1987,6140,7599990
3404,77,0,MESA COUNTY,1987,85559,7700000
3405,77,15605,Collbran,1987,250,7715605
3406,77,19355,De Beque,1987,257,7719355
3407,77,28745,Fruita,1987,3533,7728745
3408,77,31660,Grand Junction,1987,27459,7731660
3409,77,56970,Palisade,1987,1674,7756970
3410,77,99990,Unincorporated Mesa County,1987,52386,7799990
3411,79,0,MINERAL COUNTY,1987,738,7900000
3412,79,14765,City of Creede,1987,498,7914765
3413,79,99990,Unincorporated Mineral County,1987,240,7999990
3414,81,0,MOFFAT COUNTY,1987,11886,8100000
3415,81,17760,Craig,1987,8349,8117760
3416,81,20495,Dinosaur,1987,350,8120495
3417,81,99990,Unincorporated Moffat County,1987,3187,8199990
3418,83,0,MONTEZUMA COUNTY,1987,18192,8300000
3419,83,17375,Cortez,1987,7296,8317375
3420,83,20770,Dolores,1987,875,8320770
3421,83,48115,Mancos,1987,843,8348115
3422,83,99990,Unincorporated Montezuma County,1987,9178,8399990
3423,85,0,MONTROSE COUNTY,1987,23822,8500000
3424,85,51745,Montrose,1987,8826,8551745
3425,85,53120,Naturita,1987,501,8553120
3426,85,54935,Nucla,1987,682,8554935
3427,85,55540,Olathe,1987,1245,8555540
3428,85,99990,Unincorporated Montrose County,1987,12568,8599990
3429,87,0,MORGAN COUNTY,1987,21678,8700000
3430,87,9555,Brush,1987,4183,8709555
3431,87,27810,Fort Morgan,1987,8855,8727810
3432,87,36610,Hillrose,1987,175,8736610
3433,87,45695,Log Lane Village,1987,644,8745695
3434,87,84770,Wiggins,1987,487,8784770
3435,87,99990,Unincorporated Morgan County,1987,7334,8799990
3436,89,0,OTERO COUNTY,1987,20914,8900000
3437,89,13460,Cheraw,1987,271,8913460
3438,89,27975,Fowler,1987,1164,8927975
3439,89,42110,La Junta,1987,7900,8942110
3440,89,48500,Manzanola,1987,451,8948500
3441,89,65190,Rocky Ford,1987,4346,8965190
3442,89,75970,Swink,1987,621,8975970
3443,89,99990,Unincorporated Otero County,1987,6161,8999990
3444,91,0,OURAY COUNTY,1987,2151,9100000
3445,91,56420,Ouray,1987,649,9156420
3446,91,64200,Ridgway,1987,412,9164200
3447,91,99990,Unincorporated Ouray County,1987,1090,9199990
3448,93,0,PARK COUNTY,1987,6937,9300000
3449,93,1530,Alma,1987,111,9301530
3450,93,25610,Fairplay,1987,429,9325610
3451,93,99990,Unincorporated Park County,1987,6397,9399990
3452,95,0,PHILLIPS COUNTY,1987,4411,9500000
3453,95,34960,Haxtun,1987,935,9534960
3454,95,37270,Holyoke,1987,2063,9537270
3455,95,57245,Paoli,1987,48,9557245
3456,95,99990,Unincorporated Phillips County,1987,1365,9599990
3457,97,0,PITKIN COUNTY,1987,12042,9700000
3458,97,3620,Aspen,1987,3606,9703620
3459,97,4935,Basalt (Part),1987,69,9704935
3460,97,71755,Snowmass Village,1987,1378,9771755
3461,97,99990,Unincorporated Pitkin County,1987,6989,9799990
3462,99,0,PROWERS COUNTY,1987,13986,9900000
3463,99,31550,Granada,1987,571,9931550
3464,99,34520,Hartman,1987,117,9934520
3465,99,37215,Holly,1987,939,9937215
3466,99,43110,Lamar,1987,8674,9943110
3467,99,85045,Wiley,1987,436,9985045
3468,99,99990,Unincorporated Prowers County,1987,3249,9999990
3469,101,0,PUEBLO COUNTY,1987,122838,10100000
3470,101,7795,Boone,1987,375,10107795
3471,101,62000,Pueblo,1987,98556,10162000
3472,101,66895,Rye,1987,188,10166895
3473,101,99990,Unincorporated Pueblo County,1987,23719,10199990
3474,103,0,RIO BLANCO COUNTY,1987,6428,10300000
3475,103,49875,Meeker,1987,2246,10349875
3476,103,62880,Rangely,1987,2513,10362880
3477,103,99990,Unincorporated Rio Blanco County,1987,1669,10399990
3478,105,0,RIO GRANDE COUNTY,1987,11758,10500000
3479,105,12855,Center (Part),1987,0,10512855
3480,105,19795,Del Norte,1987,1848,10519795
3481,105,51635,Monte Vista,1987,4431,10551635
3482,105,72395,South Fork,1987,,10572395
3483,105,99990,Unincorporated Rio Grande County,1987,5479,10599990
3484,107,0,ROUTT COUNTY,1987,13862,10700000
3485,107,35070,Hayden,1987,1469,10735070
3486,107,55155,Oak Creek,1987,696,10755155
3487,107,73825,Steamboat Springs,1987,6287,10773825
3488,107,86475,Yampa,1987,330,10786475
3489,107,99990,Unincorporated Routt County,1987,5080,10799990
3490,109,0,SAGUACHE COUNTY,1987,4785,10900000
3491,109,7571,Bonza City,1987,14,10907571
3492,109,12855,Center (Part),1987,2034,10912855
3493,109,18420,Crestone,1987,46,10918420
3494,109,51250,Moffat,1987,109,10951250
3495,109,67005,Saguache,1987,635,10967005
3496,109,99990,Unincorporated Saguache County,1987,1947,10999990
3497,111,0,SAN JUAN COUNTY,1987,811,11100000
3498,111,70580,Silverton,1987,790,11170580
3499,111,99990,Unincorporated San Juan County,1987,21,11199990
3500,113,0,SAN MIGUEL COUNTY,1987,3463,11300000
3501,113,52550,Mountain Village,1987,,11352550
3502,113,54880,Norwood,1987,440,11354880
3503,113,55870,Ophir,1987,61,11355870
3504,113,68655,Sawpit,1987,39,11368655
3505,113,76795,Telluride,1987,1257,11376795
3506,113,99990,Unincorporated San Miguel County,1987,1666,11399990
3507,115,0,SEDGWICK COUNTY,1987,2793,11500000
3508,115,39965,Julesburg,1987,1344,11539965
3509,115,56475,Ovid,1987,361,11556475
3510,115,68930,Sedgwick,1987,193,11568930
3511,115,99990,Unincorporated Sedgwick County,1987,895,11599990
3512,117,0,SUMMIT COUNTY,1987,12406,11700000
3513,117,7410,Blue River,1987,403,11707410
3514,117,8400,Breckenridge,1987,1227,11708400
3515,117,20440,Dillon,1987,514,11720440
3516,117,28690,Frisco,1987,1532,11728690
3517,117,40550,Keystone,1987,,11740555
3518,117,51690,Montezuma,1987,50,11751690
3519,117,70525,Silverthorne,1987,1636,11770525
3520,117,99990,Unincorporated Summit County,1987,7044,11799990
3521,119,0,TELLER COUNTY,1987,12458,11900000
3522,119,18530,Cripple Creek,1987,665,11918530
3523,119,32650,Green Mountain Falls (Part),1987,25,11932650
3524,119,80865,Victor,1987,281,11980865
3525,119,86090,Woodland Park,1987,4506,11986090
3526,119,99990,Unincorporated Teller County,1987,6981,11999990
3527,121,0,WASHINGTON COUNTY,1987,5187,12100000
3528,121,925,Akron,1987,1734,12100925
3529,121,56365,Otis,1987,503,12156365
3530,121,99990,Unincorporated Washington County,1987,2950,12199990
3531,123,0,WELD COUNTY,1987,131028,12300000
3532,123,3950,Ault,1987,1069,12303950
3533,123,6255,Berthoud (Part),1987,,12306255
3534,123,8675,Brighton (Part),1987,0,12308675
3535,123,9280,Broomfield (Part),1987,0,12309280
3536,123,19080,Dacono,1987,2234,12319080
3537,123,22860,Eaton,1987,1928,12322860
3538,123,24950,Erie (Part),1987,1256,12324950
3539,123,25280,Evans,1987,5796,12325280
3540,123,26600,Firestone,1987,1346,12326600
3541,123,27700,Fort Lupton,1987,5104,12327700
3542,123,28360,Frederick,1987,999,12328360
3543,123,29185,Garden City,1987,166,12329185
3544,123,29955,Gilcrest,1987,1067,12329955
3545,123,32155,Greeley,1987,59027,12332155
3546,123,33310,Grover,1987,142,12333310
3547,123,37820,Hudson,1987,874,12337820
3548,123,39855,Johnstown (Part),1987,1578,12339855
3549,123,40185,Keenesburg,1987,555,12340185
3550,123,40515,Kersey,1987,983,12340515
3551,123,43605,La Salle,1987,1809,12343605
3552,123,45530,Lochbuie (Part),1987,1094,12345530
3553,123,45970,Longmont (Part),1987,,12345970
3554,123,49600,Mead,1987,442,12349600
3555,123,50480,Milliken,1987,1593,12350480
3556,123,54330,Northglenn (Part),1987,0,12354330
3557,123,55045,Nunn,1987,315,12355045
3558,123,59005,Pierce,1987,835,12359005
3559,123,60160,Platteville,1987,1575,12360160
3560,123,63045,Raymer,1987,97,12363045
3561,123,69150,Severance,1987,108,12369150
3562,123,77290,Thornton (Part),1987,,12377290
3563,123,77510,Timnath (Part),1987,,12377510
3564,123,85485,Windsor (Part),1987,4983,12385485
3565,123,99990,Unincorporated Weld County,1987,34049,12399990
3566,125,0,YUMA COUNTY,1987,9434,12500000
3567,125,23025,Eckley,1987,220,12523025
3568,125,86310,Wray,1987,2105,12586310
3569,125,86750,Yuma,1987,2847,12586750
3570,125,99990,Unincorporated Yuma County,1987,4262,12599990
3571,999,3455,Arvada (Total),1987,89381,99903455
3572,999,4000,Aurora (Total),1987,223255,99904000
3573,999,4935,Basalt (Total),1987,819,99904935
3574,999,6090,Bennett (Total),1987,1841,99906090
3575,999,6255,Berthoud (Total),1987,2884,99906255
3576,999,8070,Bow Mar (Total),1987,914,99908070
3577,999,8675,Brighton (Total),1987,14074,99908675
3578,999,9280,Broomfield (Total),1987,23808,99909280
3579,999,12855,Center (Total),1987,2034,99912855
3580,999,12910,Central City (Total),1987,390,99912910
3581,999,24950,Erie (Total),1987,1273,99924950
3582,999,32650,Green Mountain Falls (Total),1987,696,99932650
3583,999,39855,Johnstown (Total),1987,1578,99939855
3584,999,45255,Littleton (Total),1987,33454,99945255
3585,999,45530,Lochbuie (Total),1987,1094,99945530
3586,999,45970,Longmont (Total),1987,49346,99945970
3587,999,54330,Northglenn (Total),1987,28448,99954330
3588,999,75640,Superior (Total),1987,250,99975640
3589,999,77290,Thornton (Total),1987,54865,99977290
3590,999,77510,Timnath (Total),1987,188,99977510
3591,999,83835,Westminster (Total),1987,71959,99983835
3592,999,85485,Windsor (Total),1987,4983,99985485
3593,0,0,COLORADO STATE,1988,3271448,0
3594,1,0,ADAMS COUNTY,1988,269019,100000
3595,1,3455,Arvada (Part),1988,2185,103455
3596,1,4000,Aurora (Part),1988,28407,104000
3597,1,6090,Bennett (Part),1988,1819,106090
3598,1,8675,Brighton (Part),1988,14109,108675
3599,1,9280,Broomfield (Part),1988,6776,109280
3600,1,16495,Commerce City,1988,16780,116495
3601,1,26270,Federal Heights,1988,9547,126270
3602,1,45530,Lochbuie (Part),1988,,145530
3603,1,54330,Northglenn (Part),1988,28030,154330
3604,1,77290,Thornton (Part),1988,55287,177290
3605,1,83835,Westminster (Part),1988,41540,183835
3606,1,99990,Unincorporated Adams County,1988,64539,199990
3607,3,0,ALAMOSA COUNTY,1988,13715,300000
3608,3,1090,Alamosa,1988,7628,301090
3609,3,37380,Hooper,1988,108,337380
3610,3,99990,Unincorporated Alamosa County,1988,5979,399990
3611,5,0,ARAPAHOE COUNTY,1988,386723,500000
3612,5,4000,Aurora (Part),1988,192863,504000
3613,5,6090,Bennett (Part),1988,,506090
3614,5,8070,Bow Mar (Part),1988,635,508070
3615,5,12815,Centennial,1988,,512815
3616,5,13845,Cherry Hills Village,1988,5192,513845
3617,5,16385,Columbine Valley,1988,1051,516385
3618,5,19630,Deer Trail,1988,497,519630
3619,5,24785,Englewood,1988,29179,524785
3620,5,28105,Foxfield,1988,,528105
3621,5,30340,Glendale,1988,2546,530340
3622,5,33035,Greenwood Village,1988,7212,533035
3623,5,45255,Littleton (Part),1988,33163,545255
3624,5,69645,Sheridan,1988,5288,569645
3625,5,99990,Unincorporated Arapahoe County,1988,109097,599990
3626,7,0,ARCHULETA COUNTY,1988,5004,700000
3627,7,56860,Pagosa Springs,1988,1164,756860
3628,7,99990,Unincorporated Archuleta County,1988,3840,799990
3629,9,0,BACA COUNTY,1988,4728,900000
3630,9,11645,Campo,1988,133,911645
3631,9,61315,Pritchett,1988,163,961315
3632,9,73330,Springfield,1988,1494,973330
3633,9,79270,Two Buttes,1988,71,979270
3634,9,81030,Vilas,1988,111,981030
3635,9,82460,Walsh,1988,724,982460
3636,9,99990,Unincorporated Baca County,1988,2032,999990
3637,11,0,BENT COUNTY,1988,5432,1100000
3638,11,43660,Las Animas,1988,2650,1143660
3639,11,99990,Unincorporated Bent County,1988,2782,1199990
3640,13,0,BOULDER COUNTY,1988,218380,1300000
3641,13,7850,Boulder,1988,81104,1307850
3642,13,9280,Broomfield (Part),1988,16064,1309280
3643,13,24950,Erie (Part),1988,16,1324950
3644,13,39195,Jamestown,1988,238,1339195
3645,13,41835,Lafayette,1988,14221,1341835
3646,13,45970,Longmont (Part),1988,50445,1345970
3647,13,46355,Louisville,1988,11153,1346355
3648,13,47070,Lyons,1988,1219,1347070
3649,13,53175,Nederland,1988,1154,1353175
3650,13,75640,Superior (Part),1988,251,1375640
3651,13,82735,Ward,1988,140,1382735
3652,13,99990,Unincorporated Boulder County,1988,42375,1399990
3653,14,0,BROOMFIELD COUNTY,1988,,1400000
3654,14,9280,Broomfield,1988,,1409280
3655,15,0,CHAFFEE COUNTY,1988,12390,1500000
3656,15,10105,Buena Vista,1988,1746,1510105
3657,15,60600,Poncha Springs,1988,251,1560600
3658,15,67280,Salida,1988,4575,1567280
3659,15,99990,Unincorporated Chaffee County,1988,5818,1599990
3660,17,0,CHEYENNE COUNTY,1988,2208,1700000
3661,17,14175,Cheyenne Wells,1988,1047,1714175
3662,17,41010,Kit Carson,1988,275,1741010
3663,17,99990,Unincorporated Cheyenne County,1988,886,1799990
3664,19,0,CLEAR CREEK COUNTY,1988,7727,1900000
3665,19,12910,Central City (Part),1988,,1912910
3666,19,24620,Empire,1988,401,1924620
3667,19,29735,Georgetown,1988,913,1929735
3668,19,38370,Idaho Springs,1988,1904,1938370
3669,19,70360,Silver Plume,1988,135,1970360
3670,19,99990,Unincorporated Clear Creek County,1988,4374,1999990
3671,21,0,CONEJOS COUNTY,1988,7854,2100000
3672,21,2355,Antonito,1988,953,2102355
3673,21,42055,La Jara,1988,778,2142055
3674,21,48060,Massa,1988,1007,2148060
3675,21,65740,Romeo,1988,372,2165740
3676,21,67830,Sanford,1988,770,2167830
3677,21,99990,Unincorporated Conejos County,1988,3974,2199990
3678,23,0,COSTILLA COUNTY,1988,3397,2300000
3679,23,7190,Blanca,1988,300,2307190
3680,23,68105,San Luis,1988,867,2368105
3681,23,99990,Unincorporated Costilla County,1988,2230,2399990
3682,25,0,CROWLEY COUNTY,1988,3842,2500000
3683,25,18750,Crowley,1988,224,2518750
3684,25,55705,Olney Springs,1988,326,2555705
3685,25,56145,Ordway,1988,1161,2556145
3686,25,74815,Sugar City,1988,270,2574815
3687,25,99990,Unincorporated Crowley County,1988,1861,2599990
3688,27,0,CUSTER COUNTY,1988,1976,2700000
3689,27,70250,Silver Cliff,1988,344,2770250
3690,27,83450,Westcliffe,1988,329,2783450
3691,27,99990,Unincorporated Custer County,1988,1303,2799990
3692,29,0,DELTA COUNTY,1988,21502,2900000
3693,29,12635,Cedaredge,1988,1374,2912635
3694,29,17925,Crawford,1988,232,2917925
3695,29,19850,Delta,1988,3890,2919850
3696,29,37545,Hotchkiss,1988,766,2937545
3697,29,55980,Orchard City,1988,2188,2955980
3698,29,57300,Paonia,1988,1444,2957300
3699,29,99990,Unincorporated Delta County,1988,11608,2999990
3700,31,0,DENVER COUNTY,1988,479622,3100000
3701,31,20000,Denver,1988,479622,3120000
3702,33,0,DOLORES COUNTY,1988,1591,3300000
3703,33,21265,Dove Creek,1988,691,3321265
3704,33,64090,Rico,1988,96,3364090
3705,33,99990,Unincorporated Dolores County,1988,804,3399990
3706,35,0,DOUGLAS COUNTY,1988,53127,3500000
3707,35,4000,Aurora (Part),1988,0,3504000
3708,35,12387,Castle Pines,1988,,3512390
3709,35,12415,Castle Rock,1988,7841,3512415
3710,35,43550,Larkspur,1988,235,3543550
3711,35,45255,Littleton (Part),1988,120,3545255
3712,35,45955,Lone Tree,1988,,3545955
3713,35,57630,Parker,1988,3017,3557630
3714,35,99990,Unincorporated Douglas County,1988,41914,3599990
3715,37,0,EAGLE COUNTY,1988,19567,3700000
3716,37,4110,Avon,1988,1611,3704110
3717,37,4935,Basalt (Part),1988,815,3704935
3718,37,22200,Eagle,1988,1499,3722200
3719,37,33695,Gypsum,1988,1510,3733695
3720,37,50920,Minturn,1988,1116,3750920
3721,37,63265,Red Cliff,1988,299,3763265
3722,37,80040,Vail,1988,3638,3780040
3723,37,99990,Unincorporated Eagle County,1988,9079,3799990
3724,39,0,ELBERT COUNTY,1988,9829,3900000
3725,39,23740,Elizabeth,1988,910,3923740
3726,39,40790,Kiowa,1988,294,3940790
3727,39,70635,Simla,1988,525,3970635
3728,39,99990,Unincorporated Elbert County,1988,8100,3999990
3729,41,0,EL PASO COUNTY,1988,395265,4100000
3730,41,11260,Calhan,1988,585,4111260
3731,41,16000,Colorado Springs,1988,280141,4116000
3732,41,27865,Fountain,1988,10204,4127865
3733,41,32650,Green Mountain Falls (Part),1988,653,4132650
3734,41,48445,Manitou Springs,1988,4665,4148445
3735,41,51800,Monument,1988,1022,4151800
3736,41,57025,Palmer Lake,1988,1515,4157025
3737,41,62660,Ramah,1988,101,4162660
3738,41,99990,Unincorporated El Paso County,1988,96379,4199990
3739,43,0,FREMONT COUNTY,1988,31893,4300000
3740,43,9115,Brookside,1988,185,4309115
3741,43,11810,Canon City,1988,12895,4311810
3742,43,15330,Coal Creek,1988,158,4315330
3743,43,27040,Florence,1988,3062,4327040
3744,43,64970,Rockvale,1988,333,4364970
3745,43,85155,Williamsburg,1988,251,4385155
3746,43,99990,Unincorporated Fremont County,1988,14988,4399990
3747,45,0,GARFIELD COUNTY,1988,27325,4500000
3748,45,12030,Carbonate,1988,0,4512030
3749,45,12045,Carbondale,1988,2652,4512045
3750,45,30780,Glenwood Springs,1988,5764,4530780
3751,45,53395,New Castle,1988,621,4553395
3752,45,57400,Parachute,1988,665,4557400
3753,45,64255,Rifle,1988,4418,4564255
3754,45,70195,Silt,1988,1042,4570195
3755,45,99990,Unincorporated Garfield County,1988,12163,4599990
3756,47,0,GILPIN COUNTY,1988,3172,4700000
3757,47,7025,Black Hawk,1988,256,4707025
3758,47,12910,Central City (Part),1988,364,4712910
3759,47,99990,Unincorporated Gilpin County,1988,2552,4799990
3760,49,0,GRAND COUNTY,1988,8467,4900000
3761,49,28305,Fraser,1988,607,4928305
3762,49,31605,Granby,1988,1041,4931605
3763,49,31715,Grand Lake,1988,301,4931715
3764,49,37600,Hot Sulphur Springs,1988,367,4937600
3765,49,41560,Kremmling,1988,1236,4941560
3766,49,85705,Winter Park,1988,564,4985705
3767,49,99990,Unincorporated Grand County,1988,4351,4999990
3768,51,0,GUNNISON COUNTY,1988,10827,5100000
3769,51,18310,Crested Butte,1988,872,5118310
3770,51,33640,Gunnison,1988,5322,5133640
3771,51,48555,Marble,1988,56,5148555
3772,51,52570,Mount Crested Butte,1988,266,5152570
3773,51,59830,Pitkin,1988,50,5159830
3774,51,99990,Unincorporated Gunnison County,1988,4261,5199990
3775,53,0,HINSDALE COUNTY,1988,489,5300000
3776,53,42330,Lake City,1988,233,5342330
3777,53,99990,Unincorporated Hinsdale County,1988,256,5399990
3778,55,0,HUERFANO COUNTY,1988,6292,5500000
3779,55,44100,La Veta,1988,788,5544100
3780,55,82350,Walsenburg,1988,3447,5582350
3781,55,99990,Unincorporated Huerfano County,1988,2057,5599990
3782,57,0,JACKSON COUNTY,1988,1713,5700000
3783,57,82130,Walden,1988,929,5782130
3784,57,99990,Unincorporated Jackson County,1988,784,5799990
3785,59,0,JEFFERSON COUNTY,1988,432429,5900000
3786,59,3455,Arvada (Part),1988,87263,5903455
3787,59,8070,Bow Mar (Part),1988,247,5908070
3788,59,9280,Broomfield (Part),1988,1474,5909280
3789,59,23135,Edgewater,1988,4666,5923135
3790,59,30835,Golden,1988,13363,5930835
3791,59,42495,Lakeside,1988,13,5942495
3792,59,43000,Lakewood,1988,125051,5943000
3793,59,45255,Littleton (Part),1988,,5945255
3794,59,52075,Morrison,1988,474,5952075
3795,59,52350,Mountain View,1988,562,5952350
3796,59,75640,Superior (Part),1988,0,5975640
3797,59,83835,Westminster (Part),1988,31613,5983835
3798,59,84440,Wheat Ridge,1988,29565,5984440
3799,59,99990,Unincorporated Jefferson County,1988,138138,5999990
3800,61,0,KIOWA COUNTY,1988,1711,6100000
3801,61,22145,Eads,1988,807,6122145
3802,61,34740,Haswell,1988,70,6134740
3803,61,69700,Sheridan Lake,1988,94,6169700
3804,61,99990,Unincorporated Kiowa County,1988,740,6199990
3805,63,0,KIT CARSON COUNTY,1988,7280,6300000
3806,63,6530,Bethune,1988,169,6306530
3807,63,10600,Burlington,1988,3009,6310600
3808,63,26765,Flagler,1988,569,6326765
3809,63,69040,Seibert,1988,191,6369040
3810,63,74485,Stratton,1988,658,6374485
3811,63,81690,Vona,1988,107,6381690
3812,63,99990,Unincorporated Kit Carson County,1988,2577,6399990
3813,65,0,LAKE COUNTY,1988,5750,6500000
3814,65,44320,Leadville,1988,2539,6544320
3815,65,99990,Unincorporated Lake County,1988,3211,6599990
3816,67,0,LA PLATA COUNTY,1988,31179,6700000
3817,67,5265,Bayfield,1988,1023,6705265
3818,67,22035,Durango,1988,11859,6722035
3819,67,38535,Ignacio,1988,703,6738535
3820,67,99990,Unincorporated La Plata County,1988,17594,6799990
3821,69,0,LARIMER COUNTY,1988,180220,6900000
3822,69,6255,Berthoud (Part),1988,2926,6906255
3823,69,25115,Estes Park,1988,3089,6925115
3824,69,27425,Fort Collins,1988,83935,6927425
3825,69,39855,Johnstown (Part),1988,,6939855
3826,69,46465,Loveland,1988,36484,6946465
3827,69,77510,Timnath (Part),1988,187,6977510
3828,69,83230,Wellington,1988,1306,6983230
3829,69,85485,Windsor (Part),1988,,6985485
3830,69,99990,Unincorporated Larimer County,1988,52293,6999990
3831,71,0,LAS ANIMAS COUNTY,1988,14222,7100000
3832,71,760,Aguilar,1988,558,7100760
3833,71,8345,Branson,1988,61,7108345
3834,71,15550,Cokedale,1988,120,7115550
3835,71,40570,Kim,1988,83,7140570
3836,71,73715,Starkville,1988,109,7173715
3837,71,78610,Trinidad,1988,8916,7178610
3838,71,99990,Unincorporated Las Animas County,1988,4375,7199990
3839,73,0,LINCOLN COUNTY,1988,4577,7300000
3840,73,3235,Arriba,1988,236,7303235
3841,73,29680,Genoa,1988,174,7329680
3842,73,37875,Hugo,1988,678,7337875
3843,73,44980,Limon,1988,1813,7344980
3844,73,99990,Unincorporated Lincoln County,1988,1676,7399990
3845,75,0,LOGAN COUNTY,1988,17932,7500000
3846,75,18640,Crook,1988,151,7518640
3847,75,26875,Fleming,1988,349,7526875
3848,75,38590,Iliff,1988,182,7538590
3849,75,50040,Merino,1988,251,7550040
3850,75,58235,Peetz,1988,183,7558235
3851,75,73935,Sterling,1988,10590,7573935
3852,75,99990,Unincorporated Logan County,1988,6226,7599990
3853,77,0,MESA COUNTY,1988,87288,7700000
3854,77,15605,Collbran,1988,245,7715605
3855,77,19355,De Beque,1988,259,7719355
3856,77,28745,Fruita,1988,3639,7728745
3857,77,31660,Grand Junction,1988,27565,7731660
3858,77,56970,Palisade,1988,1755,7756970
3859,77,99990,Unincorporated Mesa County,1988,53825,7799990
3860,79,0,MINERAL COUNTY,1988,689,7900000
3861,79,14765,City of Creede,1988,457,7914765
3862,79,99990,Unincorporated Mineral County,1988,232,7999990
3863,81,0,MOFFAT COUNTY,1988,11754,8100000
3864,81,17760,Craig,1988,8263,8117760
3865,81,20495,Dinosaur,1988,347,8120495
3866,81,99990,Unincorporated Moffat County,1988,3144,8199990
3867,83,0,MONTEZUMA COUNTY,1988,18110,8300000
3868,83,17375,Cortez,1988,7189,8317375
3869,83,20770,Dolores,1988,855,8320770
3870,83,48115,Mancos,1988,830,8348115
3871,83,99990,Unincorporated Montezuma County,1988,9236,8399990
3872,85,0,MONTROSE COUNTY,1988,24087,8500000
3873,85,51745,Montrose,1988,8844,8551745
3874,85,53120,Naturita,1988,479,8553120
3875,85,54935,Nucla,1988,674,8554935
3876,85,55540,Olathe,1988,1257,8555540
3877,85,99990,Unincorporated Montrose County,1988,12833,8599990
3878,87,0,MORGAN COUNTY,1988,21831,8700000
3879,87,9555,Brush,1988,4201,8709555
3880,87,27810,Fort Morgan,1988,8979,8727810
3881,87,36610,Hillrose,1988,174,8736610
3882,87,45695,Log Lane Village,1988,637,8745695
3883,87,84770,Wiggins,1988,491,8784770
3884,87,99990,Unincorporated Morgan County,1988,7349,8799990
3885,89,0,OTERO COUNTY,1988,20845,8900000
3886,89,13460,Cheraw,1988,273,8913460
3887,89,27975,Fowler,1988,1165,8927975
3888,89,42110,La Junta,1988,7865,8942110
3889,89,48500,Manzanola,1988,452,8948500
3890,89,65190,Rocky Ford,1988,4317,8965190
3891,89,75970,Swink,1988,613,8975970
3892,89,99990,Unincorporated Otero County,1988,6160,8999990
3893,91,0,OURAY COUNTY,1988,2219,9100000
3894,91,56420,Ouray,1988,654,9156420
3895,91,64200,Ridgway,1988,413,9164200
3896,91,99990,Unincorporated Ouray County,1988,1152,9199990
3897,93,0,PARK COUNTY,1988,6893,9300000
3898,93,1530,Alma,1988,130,9301530
3899,93,25610,Fairplay,1988,407,9325610
3900,93,99990,Unincorporated Park County,1988,6356,9399990
3901,95,0,PHILLIPS COUNTY,1988,4332,9500000
3902,95,34960,Haxtun,1988,925,9534960
3903,95,37270,Holyoke,1988,2027,9537270
3904,95,57245,Paoli,1988,41,9557245
3905,95,99990,Unincorporated Phillips County,1988,1339,9599990
3906,97,0,PITKIN COUNTY,1988,12092,9700000
3907,97,3620,Aspen,1988,3552,9703620
3908,97,4935,Basalt (Part),1988,117,9704935
3909,97,71755,Snowmass Village,1988,1388,9771755
3910,97,99990,Unincorporated Pitkin County,1988,7035,9799990
3911,99,0,PROWERS COUNTY,1988,14231,9900000
3912,99,31550,Granada,1988,571,9931550
3913,99,34520,Hartman,1988,117,9934520
3914,99,37215,Holly,1988,950,9937215
3915,99,43110,Lamar,1988,8842,9943110
3916,99,85045,Wiley,1988,442,9985045
3917,99,99990,Unincorporated Prowers County,1988,3309,9999990
3918,101,0,PUEBLO COUNTY,1988,123737,10100000
3919,101,7795,Boone,1988,365,10107795
3920,101,62000,Pueblo,1988,99170,10162000
3921,101,66895,Rye,1988,183,10166895
3922,101,99990,Unincorporated Pueblo County,1988,24019,10199990
3923,103,0,RIO BLANCO COUNTY,1988,6299,10300000
3924,103,49875,Meeker,1988,2201,10349875
3925,103,62880,Rangely,1988,2438,10362880
3926,103,99990,Unincorporated Rio Blanco County,1988,1660,10399990
3927,105,0,RIO GRANDE COUNTY,1988,11578,10500000
3928,105,12855,Center (Part),1988,0,10512855
3929,105,19795,Del Norte,1988,1819,10519795
3930,105,51635,Monte Vista,1988,4456,10551635
3931,105,72395,South Fork,1988,,10572395
3932,105,99990,Unincorporated Rio Grande County,1988,5303,10599990
3933,107,0,ROUTT COUNTY,1988,13765,10700000
3934,107,35070,Hayden,1988,1443,10735070
3935,107,55155,Oak Creek,1988,678,10755155
3936,107,73825,Steamboat Springs,1988,6280,10773825
3937,107,86475,Yampa,1988,321,10786475
3938,107,99990,Unincorporated Routt County,1988,5043,10799990
3939,109,0,SAGUACHE COUNTY,1988,4663,10900000
3940,109,7571,Bonza City,1988,14,10907571
3941,109,12855,Center (Part),1988,1965,10912855
3942,109,18420,Crestone,1988,44,10918420
3943,109,51250,Moffat,1988,101,10951250
3944,109,67005,Saguache,1988,605,10967005
3945,109,99990,Unincorporated Saguache County,1988,1934,10999990
3946,111,0,SAN JUAN COUNTY,1988,747,11100000
3947,111,70580,Silverton,1988,728,11170580
3948,111,99990,Unincorporated San Juan County,1988,19,11199990
3949,113,0,SAN MIGUEL COUNTY,1988,3557,11300000
3950,113,52550,Mountain Village,1988,,11352550
3951,113,54880,Norwood,1988,445,11354880
3952,113,55870,Ophir,1988,67,11355870
3953,113,68655,Sawpit,1988,39,11368655
3954,113,76795,Telluride,1988,1279,11376795
3955,113,99990,Unincorporated San Miguel County,1988,1727,11399990
3956,115,0,SEDGWICK COUNTY,1988,2794,11500000
3957,115,39965,Julesburg,1988,1343,11539965
3958,115,56475,Ovid,1988,362,11556475
3959,115,68930,Sedgwick,1988,192,11568930
3960,115,99990,Unincorporated Sedgwick County,1988,897,11599990
3961,117,0,SUMMIT COUNTY,1988,12498,11700000
3962,117,7410,Blue River,1988,413,11707410
3963,117,8400,Breckenridge,1988,1253,11708400
3964,117,20440,Dillon,1988,529,11720440
3965,117,28690,Frisco,1988,1549,11728690
3966,117,40550,Keystone,1988,,11740555
3967,117,51690,Montezuma,1988,52,11751690
3968,117,70525,Silverthorne,1988,1680,11770525
3969,117,99990,Unincorporated Summit County,1988,7022,11799990
3970,119,0,TELLER COUNTY,1988,12477,11900000
3971,119,18530,Cripple Creek,1988,630,11918530
3972,119,32650,Green Mountain Falls (Part),1988,26,11932650
3973,119,80865,Victor,1988,268,11980865
3974,119,86090,Woodland Park,1988,4600,11986090
3975,119,99990,Unincorporated Teller County,1988,6953,11999990
3976,121,0,WASHINGTON COUNTY,1988,5142,12100000
3977,121,925,Akron,1988,1715,12100925
3978,121,56365,Otis,1988,494,12156365
3979,121,99990,Unincorporated Washington County,1988,2933,12199990
3980,123,0,WELD COUNTY,1988,131880,12300000
3981,123,3950,Ault,1988,1078,12303950
3982,123,6255,Berthoud (Part),1988,,12306255
3983,123,8675,Brighton (Part),1988,0,12308675
3984,123,9280,Broomfield (Part),1988,0,12309280
3985,123,19080,Dacono,1988,2247,12319080
3986,123,22860,Eaton,1988,1940,12322860
3987,123,24950,Erie (Part),1988,1259,12324950
3988,123,25280,Evans,1988,5851,12325280
3989,123,26600,Firestone,1988,1353,12326600
3990,123,27700,Fort Lupton,1988,5162,12327700
3991,123,28360,Frederick,1988,1004,12328360
3992,123,29185,Garden City,1988,166,12329185
3993,123,29955,Gilcrest,1988,1074,12329955
3994,123,32155,Greeley,1988,59893,12332155
3995,123,33310,Grover,1988,139,12333310
3996,123,37820,Hudson,1988,896,12337820
3997,123,39855,Johnstown (Part),1988,1581,12339855
3998,123,40185,Keenesburg,1988,560,12340185
3999,123,40515,Kersey,1988,984,12340515
4000,123,43605,La Salle,1988,1802,12343605
4001,123,45530,Lochbuie (Part),1988,1130,12345530
4002,123,45970,Longmont (Part),1988,,12345970
4003,123,49600,Mead,1988,447,12349600
4004,123,50480,Milliken,1988,1602,12350480
4005,123,54330,Northglenn (Part),1988,0,12354330
4006,123,55045,Nunn,1988,319,12355045
4007,123,59005,Pierce,1988,833,12359005
4008,123,60160,Platteville,1988,1548,12360160
4009,123,63045,Raymer,1988,100,12363045
4010,123,69150,Severance,1988,107,12369150
4011,123,77290,Thornton (Part),1988,,12377290
4012,123,77510,Timnath (Part),1988,,12377510
4013,123,85485,Windsor (Part),1988,5023,12385485
4014,123,99990,Unincorporated Weld County,1988,33778,12399990
4015,125,0,YUMA COUNTY,1988,9564,12500000
4016,125,23025,Eckley,1988,225,12523025
4017,125,86310,Wray,1988,2127,12586310
4018,125,86750,Yuma,1988,2893,12586750
4019,125,99990,Unincorporated Yuma County,1988,4319,12599990
4020,999,3455,Arvada (Total),1988,89448,99903455
4021,999,4000,Aurora (Total),1988,221270,99904000
4022,999,4935,Basalt (Total),1988,932,99904935
4023,999,6090,Bennett (Total),1988,1819,99906090
4024,999,6255,Berthoud (Total),1988,2926,99906255
4025,999,8070,Bow Mar (Total),1988,882,99908070
4026,999,8675,Brighton (Total),1988,14109,99908675
4027,999,9280,Broomfield (Total),1988,24314,99909280
4028,999,12855,Center (Total),1988,1965,99912855
4029,999,12910,Central City (Total),1988,364,99912910
4030,999,24950,Erie (Total),1988,1275,99924950
4031,999,32650,Green Mountain Falls (Total),1988,679,99932650
4032,999,39855,Johnstown (Total),1988,1581,99939855
4033,999,45255,Littleton (Total),1988,33283,99945255
4034,999,45530,Lochbuie (Total),1988,1130,99945530
4035,999,45970,Longmont (Total),1988,50445,99945970
4036,999,54330,Northglenn (Total),1988,28030,99954330
4037,999,75640,Superior (Total),1988,251,99975640
4038,999,77290,Thornton (Total),1988,55287,99977290
4039,999,77510,Timnath (Total),1988,187,99977510
4040,999,83835,Westminster (Total),1988,73153,99983835
4041,999,85485,Windsor (Total),1988,5023,99985485
4042,0,0,COLORADO STATE,1989,3284537,0
4043,1,0,ADAMS COUNTY,1989,266771,100000
4044,1,3455,Arvada (Part),1989,2287,103455
4045,1,4000,Aurora (Part),1989,28080,104000
4046,1,6090,Bennett (Part),1989,1786,106090
4047,1,8675,Brighton (Part),1989,14179,108675
4048,1,9280,Broomfield (Part),1989,6747,109280
4049,1,16495,Commerce City,1989,16550,116495
4050,1,26270,Federal Heights,1989,9375,126270
4051,1,45530,Lochbuie (Part),1989,,145530
4052,1,54330,Northglenn (Part),1989,27567,154330
4053,1,77290,Thornton (Part),1989,55198,177290
4054,1,83835,Westminster (Part),1989,41585,183835
4055,1,99990,Unincorporated Adams County,1989,63417,199990
4056,3,0,ALAMOSA COUNTY,1989,13660,300000
4057,3,1090,Alamosa,1989,7592,301090
4058,3,37380,Hooper,1989,111,337380
4059,3,99990,Unincorporated Alamosa County,1989,5957,399990
4060,5,0,ARAPAHOE COUNTY,1989,389502,500000
4061,5,4000,Aurora (Part),1989,193302,504000
4062,5,6090,Bennett (Part),1989,,506090
4063,5,8070,Bow Mar (Part),1989,622,508070
4064,5,12815,Centennial,1989,,512815
4065,5,13845,Cherry Hills Village,1989,5198,513845
4066,5,16385,Columbine Valley,1989,1066,516385
4067,5,19630,Deer Trail,1989,478,519630
4068,5,24785,Englewood,1989,29446,524785
4069,5,28105,Foxfield,1989,,528105
4070,5,30340,Glendale,1989,2481,530340
4071,5,33035,Greenwood Village,1989,7579,533035
4072,5,45255,Littleton (Part),1989,33224,545255
4073,5,69645,Sheridan,1989,5045,569645
4074,5,99990,Unincorporated Arapahoe County,1989,111061,599990
4075,7,0,ARCHULETA COUNTY,1989,5196,700000
4076,7,56860,Pagosa Springs,1989,1184,756860
4077,7,99990,Unincorporated Archuleta County,1989,4012,799990
4078,9,0,BACA COUNTY,1989,4629,900000
4079,9,11645,Campo,1989,127,911645
4080,9,61315,Pritchett,1989,158,961315
4081,9,73330,Springfield,1989,1481,973330
4082,9,79270,Two Buttes,1989,66,979270
4083,9,81030,Vilas,1989,107,981030
4084,9,82460,Walsh,1989,705,982460
4085,9,99990,Unincorporated Baca County,1989,1985,999990
4086,11,0,BENT COUNTY,1989,5210,1100000
4087,11,43660,Las Animas,1989,2553,1143660
4088,11,99990,Unincorporated Bent County,1989,2657,1199990
4089,13,0,BOULDER COUNTY,1989,222354,1300000
4090,13,7850,Boulder,1989,82549,1307850
4091,13,9280,Broomfield (Part),1989,16338,1309280
4092,13,24950,Erie (Part),1989,15,1324950
4093,13,39195,Jamestown,1989,246,1339195
4094,13,41835,Lafayette,1989,14405,1341835
4095,13,45970,Longmont (Part),1989,51066,1345970
4096,13,46355,Louisville,1989,11773,1346355
4097,13,47070,Lyons,1989,1225,1347070
4098,13,53175,Nederland,1989,1123,1353175
4099,13,75640,Superior (Part),1989,255,1375640
4100,13,82735,Ward,1989,158,1382735
4101,13,99990,Unincorporated Boulder County,1989,43201,1399990
4102,14,0,BROOMFIELD COUNTY,1989,,1400000
4103,14,9280,Broomfield,1989,,1409280
4104,15,0,CHAFFEE COUNTY,1989,12559,1500000
4105,15,10105,Buena Vista,1989,1754,1510105
4106,15,60600,Poncha Springs,1989,246,1560600
4107,15,67280,Salida,1989,4677,1567280
4108,15,99990,Unincorporated Chaffee County,1989,5882,1599990
4109,17,0,CHEYENNE COUNTY,1989,2314,1700000
4110,17,14175,Cheyenne Wells,1989,1092,1714175
4111,17,41010,Kit Carson,1989,292,1741010
4112,17,99990,Unincorporated Cheyenne County,1989,930,1799990
4113,19,0,CLEAR CREEK COUNTY,1989,7667,1900000
4114,19,12910,Central City (Part),1989,,1912910
4115,19,24620,Empire,1989,406,1924620
4116,19,29735,Georgetown,1989,898,1929735
4117,19,38370,Idaho Springs,1989,1878,1938370
4118,19,70360,Silver Plume,1989,135,1970360
4119,19,99990,Unincorporated Clear Creek County,1989,4350,1999990
4120,21,0,CONEJOS COUNTY,1989,7623,2100000
4121,21,2355,Antonito,1989,908,2102355
4122,21,42055,La Jara,1989,749,2142055
4123,21,48060,Massa,1989,996,2148060
4124,21,65740,Romeo,1989,354,2165740
4125,21,67830,Sanford,1989,759,2167830
4126,21,99990,Unincorporated Conejos County,1989,3857,2199990
4127,23,0,COSTILLA COUNTY,1989,3277,2300000
4128,23,7190,Blanca,1989,278,2307190
4129,23,68105,San Luis,1989,831,2368105
4130,23,99990,Unincorporated Costilla County,1989,2168,2399990
4131,25,0,CROWLEY COUNTY,1989,3901,2500000
4132,25,18750,Crowley,1989,225,2518750
4133,25,55705,Olney Springs,1989,335,2555705
4134,25,56145,Ordway,1989,1086,2556145
4135,25,74815,Sugar City,1989,260,2574815
4136,25,99990,Unincorporated Crowley County,1989,1995,2599990
4137,27,0,CUSTER COUNTY,1989,1947,2700000
4138,27,70250,Silver Cliff,1989,332,2770250
4139,27,83450,Westcliffe,1989,326,2783450
4140,27,99990,Unincorporated Custer County,1989,1289,2799990
4141,29,0,DELTA COUNTY,1989,21205,2900000
4142,29,12635,Cedaredge,1989,1377,2912635
4143,29,17925,Crawford,1989,226,2917925
4144,29,19850,Delta,1989,3836,2919850
4145,29,37545,Hotchkiss,1989,755,2937545
4146,29,55980,Orchard City,1989,2207,2955980
4147,29,57300,Paonia,1989,1418,2957300
4148,29,99990,Unincorporated Delta County,1989,11386,2999990
4149,31,0,DENVER COUNTY,1989,472785,3100000
4150,31,20000,Denver,1989,472785,3120000
4151,33,0,DOLORES COUNTY,1989,1541,3300000
4152,33,21265,Dove Creek,1989,670,3321265
4153,33,64090,Rico,1989,92,3364090
4154,33,99990,Unincorporated Dolores County,1989,779,3399990
4155,35,0,DOUGLAS COUNTY,1989,57164,3500000
4156,35,4000,Aurora (Part),1989,0,3504000
4157,35,12387,Castle Pines,1989,,3512390
4158,35,12415,Castle Rock,1989,8602,3512415
4159,35,43550,Larkspur,1989,235,3543550
4160,35,45255,Littleton (Part),1989,114,3545255
4161,35,45955,Lone Tree,1989,,3545955
4162,35,57630,Parker,1989,5321,3557630
4163,35,99990,Unincorporated Douglas County,1989,42892,3599990
4164,37,0,EAGLE COUNTY,1989,20881,3700000
4165,37,4110,Avon,1989,1711,3704110
4166,37,4935,Basalt (Part),1989,913,3704935
4167,37,22200,Eagle,1989,1558,3722200
4168,37,33695,Gypsum,1989,1648,3733695
4169,37,50920,Minturn,1989,1098,3750920
4170,37,63265,Red Cliff,1989,299,3763265
4171,37,80040,Vail,1989,3693,3780040
4172,37,99990,Unincorporated Eagle County,1989,9961,3799990
4173,39,0,ELBERT COUNTY,1989,9725,3900000
4174,39,23740,Elizabeth,1989,859,3923740
4175,39,40790,Kiowa,1989,283,3940790
4176,39,70635,Simla,1989,497,3970635
4177,39,99990,Unincorporated Elbert County,1989,8086,3999990
4178,41,0,EL PASO COUNTY,1989,396314,4100000
4179,41,11260,Calhan,1989,572,4111260
4180,41,16000,Colorado Springs,1989,280665,4116000
4181,41,27865,Fountain,1989,10079,4127865
4182,41,32650,Green Mountain Falls (Part),1989,642,4132650
4183,41,48445,Manitou Springs,1989,4592,4148445
4184,41,51800,Monument,1989,1022,4151800
4185,41,57025,Palmer Lake,1989,1490,4157025
4186,41,62660,Ramah,1989,97,4162660
4187,41,99990,Unincorporated El Paso County,1989,97155,4199990
4188,43,0,FREMONT COUNTY,1989,32114,4300000
4189,43,9115,Brookside,1989,182,4309115
4190,43,11810,Canon City,1989,12666,4311810
4191,43,15330,Coal Creek,1989,157,4315330
4192,43,27040,Florence,1989,3012,4327040
4193,43,64970,Rockvale,1989,324,4364970
4194,43,85155,Williamsburg,1989,251,4385155
4195,43,99990,Unincorporated Fremont County,1989,15502,4399990
4196,45,0,GARFIELD COUNTY,1989,28809,4500000
4197,45,12030,Carbonate,1989,0,4512030
4198,45,12045,Carbondale,1989,2843,4512045
4199,45,30780,Glenwood Springs,1989,6374,4530780
4200,45,53395,New Castle,1989,647,4553395
4201,45,57400,Parachute,1989,664,4557400
4202,45,64255,Rifle,1989,4566,4564255
4203,45,70195,Silt,1989,1074,4570195
4204,45,99990,Unincorporated Garfield County,1989,12641,4599990
4205,47,0,GILPIN COUNTY,1989,3114,4700000
4206,47,7025,Black Hawk,1989,237,4707025
4207,47,12910,Central City (Part),1989,348,4712910
4208,47,99990,Unincorporated Gilpin County,1989,2529,4799990
4209,49,0,GRAND COUNTY,1989,8178,4900000
4210,49,28305,Fraser,1989,579,4928305
4211,49,31605,Granby,1989,982,4931605
4212,49,31715,Grand Lake,1989,273,4931715
4213,49,37600,Hot Sulphur Springs,1989,350,4937600
4214,49,41560,Kremmling,1989,1173,4941560
4215,49,85705,Winter Park,1989,541,4985705
4216,49,99990,Unincorporated Grand County,1989,4280,4999990
4217,51,0,GUNNISON COUNTY,1989,10509,5100000
4218,51,18310,Crested Butte,1989,904,5118310
4219,51,33640,Gunnison,1989,4823,5133640
4220,51,48555,Marble,1989,64,5148555
4221,51,52570,Mount Crested Butte,1989,272,5152570
4222,51,59830,Pitkin,1989,54,5159830
4223,51,99990,Unincorporated Gunnison County,1989,4392,5199990
4224,53,0,HINSDALE COUNTY,1989,476,5300000
4225,53,42330,Lake City,1989,232,5342330
4226,53,99990,Unincorporated Hinsdale County,1989,244,5399990
4227,55,0,HUERFANO COUNTY,1989,6130,5500000
4228,55,44100,La Veta,1989,735,5544100
4229,55,82350,Walsenburg,1989,3381,5582350
4230,55,99990,Unincorporated Huerfano County,1989,2014,5599990
4231,57,0,JACKSON COUNTY,1989,1651,5700000
4232,57,82130,Walden,1989,913,5782130
4233,57,99990,Unincorporated Jackson County,1989,738,5799990
4234,59,0,JEFFERSON COUNTY,1989,435905,5900000
4235,59,3455,Arvada (Part),1989,87221,5903455
4236,59,8070,Bow Mar (Part),1989,244,5908070
4237,59,9280,Broomfield (Part),1989,1506,5909280
4238,59,23135,Edgewater,1989,4643,5923135
4239,59,30835,Golden,1989,13243,5930835
4240,59,42495,Lakeside,1989,12,5942495
4241,59,43000,Lakewood,1989,125668,5943000
4242,59,45255,Littleton (Part),1989,,5945255
4243,59,52075,Morrison,1989,471,5952075
4244,59,52350,Mountain View,1989,555,5952350
4245,59,75640,Superior (Part),1989,0,5975640
4246,59,83835,Westminster (Part),1989,32410,5983835
4247,59,84440,Wheat Ridge,1989,29552,5984440
4248,59,99990,Unincorporated Jefferson County,1989,140380,5999990
4249,61,0,KIOWA COUNTY,1989,1698,6100000
4250,61,22145,Eads,1989,788,6122145
4251,61,34740,Haswell,1989,65,6134740
4252,61,69700,Sheridan Lake,1989,93,6169700
4253,61,99990,Unincorporated Kiowa County,1989,752,6199990
4254,63,0,KIT CARSON COUNTY,1989,7201,6300000
4255,63,6530,Bethune,1989,172,6306530
4256,63,10600,Burlington,1989,2970,6310600
4257,63,26765,Flagler,1989,568,6326765
4258,63,69040,Seibert,1989,182,6369040
4259,63,74485,Stratton,1989,653,6374485
4260,63,81690,Vona,1989,105,6381690
4261,63,99990,Unincorporated Kit Carson County,1989,2551,6399990
4262,65,0,LAKE COUNTY,1989,5896,6500000
4263,65,44320,Leadville,1989,2602,6544320
4264,65,99990,Unincorporated Lake County,1989,3294,6599990
4265,67,0,LA PLATA COUNTY,1989,31809,6700000
4266,67,5265,Bayfield,1989,1074,6705265
4267,67,22035,Durango,1989,12416,6722035
4268,67,38535,Ignacio,1989,719,6738535
4269,67,99990,Unincorporated La Plata County,1989,17600,6799990
4270,69,0,LARIMER COUNTY,1989,183598,6900000
4271,69,6255,Berthoud (Part),1989,2941,6906255
4272,69,25115,Estes Park,1989,3150,6925115
4273,69,27425,Fort Collins,1989,86152,6927425
4274,69,39855,Johnstown (Part),1989,,6939855
4275,69,46465,Loveland,1989,36952,6946465
4276,69,77510,Timnath (Part),1989,188,6977510
4277,69,83230,Wellington,1989,1324,6983230
4278,69,85485,Windsor (Part),1989,,6985485
4279,69,99990,Unincorporated Larimer County,1989,52891,6999990
4280,71,0,LAS ANIMAS COUNTY,1989,13960,7100000
4281,71,760,Aguilar,1989,537,7100760
4282,71,8345,Branson,1989,59,7108345
4283,71,15550,Cokedale,1989,119,7115550
4284,71,40570,Kim,1989,79,7140570
4285,71,73715,Starkville,1989,106,7173715
4286,71,78610,Trinidad,1989,8737,7178610
4287,71,99990,Unincorporated Las Animas County,1989,4323,7199990
4288,73,0,LINCOLN COUNTY,1989,4549,7300000
4289,73,3235,Arriba,1989,225,7303235
4290,73,29680,Genoa,1989,168,7329680
4291,73,37875,Hugo,1989,675,7337875
4292,73,44980,Limon,1989,1824,7344980
4293,73,99990,Unincorporated Lincoln County,1989,1657,7399990
4294,75,0,LOGAN COUNTY,1989,17725,7500000
4295,75,18640,Crook,1989,150,7518640
4296,75,26875,Fleming,1989,346,7526875
4297,75,38590,Iliff,1989,177,7538590
4298,75,50040,Merino,1989,238,7550040
4299,75,58235,Peetz,1989,180,7558235
4300,75,73935,Sterling,1989,10464,7573935
4301,75,99990,Unincorporated Logan County,1989,6170,7599990
4302,77,0,MESA COUNTY,1989,90593,7700000
4303,77,15605,Collbran,1989,230,7715605
4304,77,19355,De Beque,1989,253,7719355
4305,77,28745,Fruita,1989,3903,7728745
4306,77,31660,Grand Junction,1989,28606,7731660
4307,77,56970,Palisade,1989,1799,7756970
4308,77,99990,Unincorporated Mesa County,1989,55802,7799990
4309,79,0,MINERAL COUNTY,1989,611,7900000
4310,79,14765,City of Creede,1989,404,7914765
4311,79,99990,Unincorporated Mineral County,1989,207,7999990
4312,81,0,MOFFAT COUNTY,1989,11526,8100000
4313,81,17760,Craig,1989,8195,8117760
4314,81,20495,Dinosaur,1989,331,8120495
4315,81,99990,Unincorporated Moffat County,1989,3000,8199990
4316,83,0,MONTEZUMA COUNTY,1989,18432,8300000
4317,83,17375,Cortez,1989,7240,8317375
4318,83,20770,Dolores,1989,867,8320770
4319,83,48115,Mancos,1989,837,8348115
4320,83,99990,Unincorporated Montezuma County,1989,9488,8399990
4321,85,0,MONTROSE COUNTY,1989,24281,8500000
4322,85,51745,Montrose,1989,8858,8551745
4323,85,53120,Naturita,1989,456,8553120
4324,85,54935,Nucla,1989,666,8554935
4325,85,55540,Olathe,1989,1262,8555540
4326,85,99990,Unincorporated Montrose County,1989,13039,8599990
4327,87,0,MORGAN COUNTY,1989,21895,8700000
4328,87,9555,Brush,1989,4161,8709555
4329,87,27810,Fort Morgan,1989,9001,8727810
4330,87,36610,Hillrose,1989,171,8736610
4331,87,45695,Log Lane Village,1989,675,8745695
4332,87,84770,Wiggins,1989,499,8784770
4333,87,99990,Unincorporated Morgan County,1989,7388,8799990
4334,89,0,OTERO COUNTY,1989,20468,8900000
4335,89,13460,Cheraw,1989,268,8913460
4336,89,27975,Fowler,1989,1170,8927975
4337,89,42110,La Junta,1989,7740,8942110
4338,89,48500,Manzanola,1989,442,8948500
4339,89,65190,Rocky Ford,1989,4223,8965190
4340,89,75970,Swink,1989,596,8975970
4341,89,99990,Unincorporated Otero County,1989,6029,8999990
4342,91,0,OURAY COUNTY,1989,2262,9100000
4343,91,56420,Ouray,1989,648,9156420
4344,91,64200,Ridgway,1989,425,9164200
4345,91,99990,Unincorporated Ouray County,1989,1189,9199990
4346,93,0,PARK COUNTY,1989,7054,9300000
4347,93,1530,Alma,1989,148,9301530
4348,93,25610,Fairplay,1989,395,9325610
4349,93,99990,Unincorporated Park County,1989,6511,9399990
4350,95,0,PHILLIPS COUNTY,1989,4249,9500000
4351,95,34960,Haxtun,1989,965,9534960
4352,95,37270,Holyoke,1989,1956,9537270
4353,95,57245,Paoli,1989,34,9557245
4354,95,99990,Unincorporated Phillips County,1989,1294,9599990
4355,97,0,PITKIN COUNTY,1989,12415,9700000
4356,97,3620,Aspen,1989,5048,9703620
4357,97,4935,Basalt (Part),1989,124,9704935
4358,97,71755,Snowmass Village,1989,1423,9771755
4359,97,99990,Unincorporated Pitkin County,1989,5820,9799990
4360,99,0,PROWERS COUNTY,1989,13719,9900000
4361,99,31550,Granada,1989,537,9931550
4362,99,34520,Hartman,1989,112,9934520
4363,99,37215,Holly,1989,907,9937215
4364,99,43110,Lamar,1989,8550,9943110
4365,99,85045,Wiley,1989,421,9985045
4366,99,99990,Unincorporated Prowers County,1989,3192,9999990
4367,101,0,PUEBLO COUNTY,1989,123363,10100000
4368,101,7795,Boone,1989,353,10107795
4369,101,62000,Pueblo,1989,98811,10162000
4370,101,66895,Rye,1989,176,10166895
4371,101,99990,Unincorporated Pueblo County,1989,24023,10199990
4372,103,0,RIO BLANCO COUNTY,1989,6111,10300000
4373,103,49875,Meeker,1989,2143,10349875
4374,103,62880,Rangely,1989,2346,10362880
4375,103,99990,Unincorporated Rio Blanco County,1989,1622,10399990
4376,105,0,RIO GRANDE COUNTY,1989,11109,10500000
4377,105,12855,Center (Part),1989,0,10512855
4378,105,19795,Del Norte,1989,1726,10519795
4379,105,51635,Monte Vista,1989,4364,10551635
4380,105,72395,South Fork,1989,,10572395
4381,105,99990,Unincorporated Rio Grande County,1989,5019,10599990
4382,107,0,ROUTT COUNTY,1989,13950,10700000
4383,107,35070,Hayden,1989,1439,10735070
4384,107,55155,Oak Creek,1989,676,10755155
4385,107,73825,Steamboat Springs,1989,6418,10773825
4386,107,86475,Yampa,1989,318,10786475
4387,107,99990,Unincorporated Routt County,1989,5099,10799990
4388,109,0,SAGUACHE COUNTY,1989,4639,10900000
4389,109,7571,Bonza City,1989,15,10907571
4390,109,12855,Center (Part),1989,1974,10912855
4391,109,18420,Crestone,1989,40,10918420
4392,109,51250,Moffat,1989,104,10951250
4393,109,67005,Saguache,1989,598,10967005
4394,109,99990,Unincorporated Saguache County,1989,1908,10999990
4395,111,0,SAN JUAN COUNTY,1989,746,11100000
4396,111,70580,Silverton,1989,717,11170580
4397,111,99990,Unincorporated San Juan County,1989,29,11199990
4398,113,0,SAN MIGUEL COUNTY,1989,3612,11300000
4399,113,52550,Mountain Village,1989,,11352550
4400,113,54880,Norwood,1989,439,11354880
4401,113,55870,Ophir,1989,69,11355870
4402,113,68655,Sawpit,1989,38,11368655
4403,113,76795,Telluride,1989,1302,11376795
4404,113,99990,Unincorporated San Miguel County,1989,1764,11399990
4405,115,0,SEDGWICK COUNTY,1989,2734,11500000
4406,115,39965,Julesburg,1989,1316,11539965
4407,115,56475,Ovid,1989,355,11556475
4408,115,68930,Sedgwick,1989,187,11568930
4409,115,99990,Unincorporated Sedgwick County,1989,876,11599990
4410,117,0,SUMMIT COUNTY,1989,12718,11700000
4411,117,7410,Blue River,1989,427,11707410
4412,117,8400,Breckenridge,1989,1270,11708400
4413,117,20440,Dillon,1989,542,11720440
4414,117,28690,Frisco,1989,1579,11728690
4415,117,40550,Keystone,1989,,11740555
4416,117,51690,Montezuma,1989,58,11751690
4417,117,70525,Silverthorne,1989,1745,11770525
4418,117,99990,Unincorporated Summit County,1989,7097,11799990
4419,119,0,TELLER COUNTY,1989,12474,11900000
4420,119,18530,Cripple Creek,1989,605,11918530
4421,119,32650,Green Mountain Falls (Part),1989,28,11932650
4422,119,80865,Victor,1989,262,11980865
4423,119,86090,Woodland Park,1989,4615,11986090
4424,119,99990,Unincorporated Teller County,1989,6964,11999990
4425,121,0,WASHINGTON COUNTY,1989,4951,12100000
4426,121,925,Akron,1989,1644,12100925
4427,121,56365,Otis,1989,471,12156365
4428,121,99990,Unincorporated Washington County,1989,2836,12199990
4429,123,0,WELD COUNTY,1989,131867,12300000
4430,123,3950,Ault,1989,1096,12303950
4431,123,6255,Berthoud (Part),1989,,12306255
4432,123,8675,Brighton (Part),1989,0,12308675
4433,123,9280,Broomfield (Part),1989,0,12309280
4434,123,19080,Dacono,1989,2233,12319080
4435,123,22860,Eaton,1989,1960,12322860
4436,123,24950,Erie (Part),1989,1256,12324950
4437,123,25280,Evans,1989,5861,12325280
4438,123,26600,Firestone,1989,1356,12326600
4439,123,27700,Fort Lupton,1989,5167,12327700
4440,123,28360,Frederick,1989,1001,12328360
4441,123,29185,Garden City,1989,166,12329185
4442,123,29955,Gilcrest,1989,1082,12329955
4443,123,32155,Greeley,1989,60281,12332155
4444,123,33310,Grover,1989,138,12333310
4445,123,37820,Hudson,1989,916,12337820
4446,123,39855,Johnstown (Part),1989,1580,12339855
4447,123,40185,Keenesburg,1989,565,12340185
4448,123,40515,Kersey,1989,981,12340515
4449,123,43605,La Salle,1989,1792,12343605
4450,123,45530,Lochbuie (Part),1989,1152,12345530
4451,123,45970,Longmont (Part),1989,,12345970
4452,123,49600,Mead,1989,452,12349600
4453,123,50480,Milliken,1989,1605,12350480
4454,123,54330,Northglenn (Part),1989,0,12354330
4455,123,55045,Nunn,1989,322,12355045
4456,123,59005,Pierce,1989,826,12359005
4457,123,60160,Platteville,1989,1542,12360160
4458,123,63045,Raymer,1989,99,12363045
4459,123,69150,Severance,1989,106,12369150
4460,123,77290,Thornton (Part),1989,,12377290
4461,123,77510,Timnath (Part),1989,,12377510
4462,123,85485,Windsor (Part),1989,5051,12385485
4463,123,99990,Unincorporated Weld County,1989,33277,12399990
4464,125,0,YUMA COUNTY,1989,9211,12500000
4465,125,23025,Eckley,1989,216,12523025
4466,125,86310,Wray,1989,2056,12586310
4467,125,86750,Yuma,1989,2793,12586750
4468,125,99990,Unincorporated Yuma County,1989,4146,12599990
4469,999,3455,Arvada (Total),1989,89508,99903455
4470,999,4000,Aurora (Total),1989,221382,99904000
4471,999,4935,Basalt (Total),1989,1037,99904935
4472,999,6090,Bennett (Total),1989,1786,99906090
4473,999,6255,Berthoud (Total),1989,2941,99906255
4474,999,8070,Bow Mar (Total),1989,866,99908070
4475,999,8675,Brighton (Total),1989,14179,99908675
4476,999,9280,Broomfield (Total),1989,24591,99909280
4477,999,12855,Center (Total),1989,1974,99912855
4478,999,12910,Central City (Total),1989,348,99912910
4479,999,24950,Erie (Total),1989,1271,99924950
4480,999,32650,Green Mountain Falls (Total),1989,670,99932650
4481,999,39855,Johnstown (Total),1989,1580,99939855
4482,999,45255,Littleton (Total),1989,33338,99945255
4483,999,45530,Lochbuie (Total),1989,1152,99945530
4484,999,45970,Longmont (Total),1989,51066,99945970
4485,999,54330,Northglenn (Total),1989,27567,99954330
4486,999,75640,Superior (Total),1989,255,99975640
4487,999,77290,Thornton (Total),1989,55198,99977290
4488,999,77510,Timnath (Total),1989,188,99977510
4489,999,83835,Westminster (Total),1989,73995,99983835
4490,999,85485,Windsor (Total),1989,5051,99985485
4491,0,0,COLORADO STATE,1990,3294473,0
4492,1,0,ADAMS COUNTY,1990,265038,100000
4493,1,3455,Arvada (Part),1990,2347,103455
4494,1,4000,Aurora (Part),1990,27747,104000
4495,1,6090,Bennett (Part),1990,1757,106090
4496,1,8675,Brighton (Part),1990,14186,108675
4497,1,9280,Broomfield (Part),1990,6722,109280
4498,1,16495,Commerce City,1990,16466,116495
4499,1,26270,Federal Heights,1990,9342,126270
4500,1,45530,Lochbuie (Part),1990,,145530
4501,1,54330,Northglenn (Part),1990,27195,154330
4502,1,77290,Thornton (Part),1990,55031,177290
4503,1,83835,Westminster (Part),1990,41639,183835
4504,1,99990,Unincorporated Adams County,1990,62606,199990
4505,3,0,ALAMOSA COUNTY,1990,13617,300000
4506,3,1090,Alamosa,1990,7579,301090
4507,3,37380,Hooper,1990,112,337380
4508,3,99990,Unincorporated Alamosa County,1990,5926,399990
4509,5,0,ARAPAHOE COUNTY,1990,391511,500000
4510,5,4000,Aurora (Part),1990,194352,504000
4511,5,6090,Bennett (Part),1990,,506090
4512,5,8070,Bow Mar (Part),1990,613,508070
4513,5,12815,Centennial,1990,,512815
4514,5,13845,Cherry Hills Village,1990,5245,513845
4515,5,16385,Columbine Valley,1990,1071,516385
4516,5,19630,Deer Trail,1990,476,519630
4517,5,24785,Englewood,1990,29396,524785
4518,5,28105,Foxfield,1990,,528105
4519,5,30340,Glendale,1990,2453,530340
4520,5,33035,Greenwood Village,1990,7589,533035
4521,5,45255,Littleton (Part),1990,33603,545255
4522,5,69645,Sheridan,1990,4976,569645
4523,5,99990,Unincorporated Arapahoe County,1990,111157,599990
4524,7,0,ARCHULETA COUNTY,1990,5345,700000
4525,7,56860,Pagosa Springs,1990,1207,756860
4526,7,99990,Unincorporated Archuleta County,1990,4138,799990
4527,9,0,BACA COUNTY,1990,4556,900000
4528,9,11645,Campo,1990,121,911645
4529,9,61315,Pritchett,1990,153,961315
4530,9,73330,Springfield,1990,1475,973330
4531,9,79270,Two Buttes,1990,63,979270
4532,9,81030,Vilas,1990,105,981030
4533,9,82460,Walsh,1990,692,982460
4534,9,99990,Unincorporated Baca County,1990,1947,999990
4535,11,0,BENT COUNTY,1990,5048,1100000
4536,11,43660,Las Animas,1990,2481,1143660
4537,11,99990,Unincorporated Bent County,1990,2567,1199990
4538,13,0,BOULDER COUNTY,1990,225339,1300000
4539,13,7850,Boulder,1990,85127,1307850
4540,13,9280,Broomfield (Part),1990,16390,1309280
4541,13,24950,Erie (Part),1990,14,1324950
4542,13,39195,Jamestown,1990,251,1339195
4543,13,41835,Lafayette,1990,14708,1341835
4544,13,45970,Longmont (Part),1990,51976,1345970
4545,13,46355,Louisville,1990,12363,1346355
4546,13,47070,Lyons,1990,1227,1347070
4547,13,53175,Nederland,1990,1099,1353175
4548,13,75640,Superior (Part),1990,255,1375640
4549,13,82735,Ward,1990,159,1382735
4550,13,99990,Unincorporated Boulder County,1990,41770,1399990
4551,14,0,BROOMFIELD COUNTY,1990,,1400000
4552,14,9280,Broomfield,1990,,1409280
4553,15,0,CHAFFEE COUNTY,1990,12684,1500000
4554,15,10105,Buena Vista,1990,1752,1510105
4555,15,60600,Poncha Springs,1990,244,1560600
4556,15,67280,Salida,1990,4737,1567280
4557,15,99990,Unincorporated Chaffee County,1990,5951,1599990
4558,17,0,CHEYENNE COUNTY,1990,2397,1700000
4559,17,14175,Cheyenne Wells,1990,1128,1714175
4560,17,41010,Kit Carson,1990,305,1741010
4561,17,99990,Unincorporated Cheyenne County,1990,964,1799990
4562,19,0,CLEAR CREEK COUNTY,1990,7619,1900000
4563,19,12910,Central City (Part),1990,,1912910
4564,19,24620,Empire,1990,401,1924620
4565,19,29735,Georgetown,1990,891,1929735
4566,19,38370,Idaho Springs,1990,1898,1938370
4567,19,70360,Silver Plume,1990,134,1970360
4568,19,99990,Unincorporated Clear Creek County,1990,4295,1999990
4569,21,0,CONEJOS COUNTY,1990,7453,2100000
4570,21,2355,Antonito,1990,875,2102355
4571,21,42055,La Jara,1990,725,2142055
4572,21,48060,Massa,1990,988,2148060
4573,21,65740,Romeo,1990,341,2165740
4574,21,67830,Sanford,1990,750,2167830
4575,21,99990,Unincorporated Conejos County,1990,3774,2199990
4576,23,0,COSTILLA COUNTY,1990,3190,2300000
4577,23,7190,Blanca,1990,272,2307190
4578,23,68105,San Luis,1990,800,2368105
4579,23,99990,Unincorporated Costilla County,1990,2118,2399990
4580,25,0,CROWLEY COUNTY,1990,3946,2500000
4581,25,18750,Crowley,1990,225,2518750
4582,25,55705,Olney Springs,1990,340,2555705
4583,25,56145,Ordway,1990,1025,2556145
4584,25,74815,Sugar City,1990,252,2574815
4585,25,99990,Unincorporated Crowley County,1990,2104,2599990
4586,27,0,CUSTER COUNTY,1990,1926,2700000
4587,27,70250,Silver Cliff,1990,322,2770250
4588,27,83450,Westcliffe,1990,312,2783450
4589,27,99990,Unincorporated Custer County,1990,1292,2799990
4590,29,0,DELTA COUNTY,1990,20980,2900000
4591,29,12635,Cedaredge,1990,1380,2912635
4592,29,17925,Crawford,1990,221,2917925
4593,29,19850,Delta,1990,3654,2919850
4594,29,37545,Hotchkiss,1990,744,2937545
4595,29,55980,Orchard City,1990,2218,2955980
4596,29,57300,Paonia,1990,1403,2957300
4597,29,99990,Unincorporated Delta County,1990,11360,2999990
4598,31,0,DENVER COUNTY,1990,467610,3100000
4599,31,20000,Denver,1990,467610,3120000
4600,33,0,DOLORES COUNTY,1990,1504,3300000
4601,33,21265,Dove Creek,1990,643,3321265
4602,33,64090,Rico,1990,92,3364090
4603,33,99990,Unincorporated Dolores County,1990,769,3399990
4604,35,0,DOUGLAS COUNTY,1990,60391,3500000
4605,35,4000,Aurora (Part),1990,4,3504000
4606,35,12387,Castle Pines,1990,,3512390
4607,35,12415,Castle Rock,1990,8710,3512415
4608,35,43550,Larkspur,1990,232,3543550
4609,35,45255,Littleton (Part),1990,108,3545255
4610,35,45955,Lone Tree,1990,,3545955
4611,35,57630,Parker,1990,5450,3557630
4612,35,99990,Unincorporated Douglas County,1990,45887,3599990
4613,37,0,EAGLE COUNTY,1990,21928,3700000
4614,37,4110,Avon,1990,1798,3704110
4615,37,4935,Basalt (Part),1990,1084,3704935
4616,37,22200,Eagle,1990,1580,3722200
4617,37,33695,Gypsum,1990,1750,3733695
4618,37,50920,Minturn,1990,1066,3750920
4619,37,63265,Red Cliff,1990,297,3763265
4620,37,80040,Vail,1990,3716,3780040
4621,37,99990,Unincorporated Eagle County,1990,10637,3799990
4622,39,0,ELBERT COUNTY,1990,9646,3900000
4623,39,23740,Elizabeth,1990,818,3923740
4624,39,40790,Kiowa,1990,275,3940790
4625,39,70635,Simla,1990,481,3970635
4626,39,99990,Unincorporated Elbert County,1990,8072,3999990
4627,41,0,EL PASO COUNTY,1990,397014,4100000
4628,41,11260,Calhan,1990,562,4111260
4629,41,16000,Colorado Springs,1990,280430,4116000
4630,41,27865,Fountain,1990,10754,4127865
4631,41,32650,Green Mountain Falls (Part),1990,634,4132650
4632,41,48445,Manitou Springs,1990,4535,4148445
4633,41,51800,Monument,1990,1020,4151800
4634,41,57025,Palmer Lake,1990,1480,4157025
4635,41,62660,Ramah,1990,94,4162660
4636,41,99990,Unincorporated El Paso County,1990,97505,4199990
4637,43,0,FREMONT COUNTY,1990,32273,4300000
4638,43,9115,Brookside,1990,183,4309115
4639,43,11810,Canon City,1990,12687,4311810
4640,43,15330,Coal Creek,1990,157,4315330
4641,43,27040,Florence,1990,2990,4327040
4642,43,64970,Rockvale,1990,321,4364970
4643,43,85155,Williamsburg,1990,253,4385155
4644,43,99990,Unincorporated Fremont County,1990,15663,4399990
4645,45,0,GARFIELD COUNTY,1990,29974,4500000
4646,45,12030,Carbonate,1990,0,4512030
4647,45,12045,Carbondale,1990,3004,4512045
4648,45,30780,Glenwood Springs,1990,6561,4530780
4649,45,53395,New Castle,1990,679,4553395
4650,45,57400,Parachute,1990,658,4557400
4651,45,64255,Rifle,1990,4858,4564255
4652,45,70195,Silt,1990,1095,4570195
4653,45,99990,Unincorporated Garfield County,1990,13119,4599990
4654,47,0,GILPIN COUNTY,1990,3070,4700000
4655,47,7025,Black Hawk,1990,227,4707025
4656,47,12910,Central City (Part),1990,335,4712910
4657,47,99990,Unincorporated Gilpin County,1990,2508,4799990
4658,49,0,GRAND COUNTY,1990,7966,4900000
4659,49,28305,Fraser,1990,573,4928305
4660,49,31605,Granby,1990,966,4931605
4661,49,31715,Grand Lake,1990,259,4931715
4662,49,37600,Hot Sulphur Springs,1990,347,4937600
4663,49,41560,Kremmling,1990,1166,4941560
4664,49,85705,Winter Park,1990,528,4985705
4665,49,99990,Unincorporated Grand County,1990,4127,4999990
4666,51,0,GUNNISON COUNTY,1990,10273,5100000
4667,51,18310,Crested Butte,1990,878,5118310
4668,51,33640,Gunnison,1990,4636,5133640
4669,51,48555,Marble,1990,64,5148555
4670,51,52570,Mount Crested Butte,1990,336,5152570
4671,51,59830,Pitkin,1990,53,5159830
4672,51,99990,Unincorporated Gunnison County,1990,4306,5199990
4673,53,0,HINSDALE COUNTY,1990,467,5300000
4674,53,42330,Lake City,1990,223,5342330
4675,53,99990,Unincorporated Hinsdale County,1990,244,5399990
4676,55,0,HUERFANO COUNTY,1990,6009,5500000
4677,55,44100,La Veta,1990,726,5544100
4678,55,82350,Walsenburg,1990,3300,5582350
4679,55,99990,Unincorporated Huerfano County,1990,1983,5599990
4680,57,0,JACKSON COUNTY,1990,1605,5700000
4681,57,82130,Walden,1990,890,5782130
4682,57,99990,Unincorporated Jackson County,1990,715,5799990
4683,59,0,JEFFERSON COUNTY,1990,438430,5900000
4684,59,3455,Arvada (Part),1990,86914,5903455
4685,59,8070,Bow Mar (Part),1990,241,5908070
4686,59,9280,Broomfield (Part),1990,1522,5909280
4687,59,23135,Edgewater,1990,4610,5923135
4688,59,30835,Golden,1990,13127,5930835
4689,59,42495,Lakeside,1990,11,5942495
4690,59,43000,Lakewood,1990,126475,5943000
4691,59,45255,Littleton (Part),1990,,5945255
4692,59,52075,Morrison,1990,465,5952075
4693,59,52350,Mountain View,1990,550,5952350
4694,59,75640,Superior (Part),1990,,5975640
4695,59,83835,Westminster (Part),1990,32980,5983835
4696,59,84440,Wheat Ridge,1990,29419,5984440
4697,59,99990,Unincorporated Jefferson County,1990,142116,5999990
4698,61,0,KIOWA COUNTY,1990,1688,6100000
4699,61,22145,Eads,1990,780,6122145
4700,61,34740,Haswell,1990,62,6134740
4701,61,69700,Sheridan Lake,1990,95,6169700
4702,61,99990,Unincorporated Kiowa County,1990,751,6199990
4703,63,0,KIT CARSON COUNTY,1990,7140,6300000
4704,63,6530,Bethune,1990,173,6306530
4705,63,10600,Burlington,1990,2941,6310600
4706,63,26765,Flagler,1990,564,6326765
4707,63,69040,Seibert,1990,181,6369040
4708,63,74485,Stratton,1990,649,6374485
4709,63,81690,Vona,1990,104,6381690
4710,63,99990,Unincorporated Kit Carson County,1990,2528,6399990
4711,65,0,LAKE COUNTY,1990,6007,6500000
4712,65,44320,Leadville,1990,2629,6544320
4713,65,99990,Unincorporated Lake County,1990,3378,6599990
4714,67,0,LA PLATA COUNTY,1990,32284,6700000
4715,67,5265,Bayfield,1990,1090,6705265
4716,67,22035,Durango,1990,12439,6722035
4717,67,38535,Ignacio,1990,720,6738535
4718,67,99990,Unincorporated La Plata County,1990,18035,6799990
4719,69,0,LARIMER COUNTY,1990,186136,6900000
4720,69,6255,Berthoud (Part),1990,2990,6906255
4721,69,25115,Estes Park,1990,3191,6925115
4722,69,27425,Fort Collins,1990,87491,6927425
4723,69,39855,Johnstown (Part),1990,,6939855
4724,69,46465,Loveland,1990,37357,6946465
4725,69,77510,Timnath (Part),1990,190,6977510
4726,69,83230,Wellington,1990,1340,6983230
4727,69,85485,Windsor (Part),1990,,6985485
4728,69,99990,Unincorporated Larimer County,1990,53577,6999990
4729,71,0,LAS ANIMAS COUNTY,1990,13765,7100000
4730,71,760,Aguilar,1990,520,7100760
4731,71,8345,Branson,1990,58,7108345
4732,71,15550,Cokedale,1990,116,7115550
4733,71,40570,Kim,1990,76,7140570
4734,71,73715,Starkville,1990,104,7173715
4735,71,78610,Trinidad,1990,8580,7178610
4736,71,99990,Unincorporated Las Animas County,1990,4311,7199990
4737,73,0,LINCOLN COUNTY,1990,4529,7300000
4738,73,3235,Arriba,1990,220,7303235
4739,73,29680,Genoa,1990,167,7329680
4740,73,37875,Hugo,1990,660,7337875
4741,73,44980,Limon,1990,1831,7344980
4742,73,99990,Unincorporated Lincoln County,1990,1651,7399990
4743,75,0,LOGAN COUNTY,1990,17567,7500000
4744,75,18640,Crook,1990,148,7518640
4745,75,26875,Fleming,1990,344,7526875
4746,75,38590,Iliff,1990,174,7538590
4747,75,50040,Merino,1990,238,7550040
4748,75,58235,Peetz,1990,179,7558235
4749,75,73935,Sterling,1990,10362,7573935
4750,75,99990,Unincorporated Logan County,1990,6122,7599990
4751,77,0,MESA COUNTY,1990,93145,7700000
4752,77,15605,Collbran,1990,258,7715605
4753,77,19355,De Beque,1990,257,7719355
4754,77,28745,Fruita,1990,4042,7728745
4755,77,31660,Grand Junction,1990,32893,7731660
4756,77,56970,Palisade,1990,1871,7756970
4757,77,99990,Unincorporated Mesa County,1990,53824,7799990
4758,79,0,MINERAL COUNTY,1990,558,7900000
4759,79,14765,City of Creede,1990,362,7914765
4760,79,99990,Unincorporated Mineral County,1990,196,7999990
4761,81,0,MOFFAT COUNTY,1990,11357,8100000
4762,81,17760,Craig,1990,8091,8117760
4763,81,20495,Dinosaur,1990,324,8120495
4764,81,99990,Unincorporated Moffat County,1990,2942,8199990
4765,83,0,MONTEZUMA COUNTY,1990,18672,8300000
4766,83,17375,Cortez,1990,7284,8317375
4767,83,20770,Dolores,1990,866,8320770
4768,83,48115,Mancos,1990,842,8348115
4769,83,99990,Unincorporated Montezuma County,1990,9680,8399990
4770,85,0,MONTROSE COUNTY,1990,24423,8500000
4771,85,51745,Montrose,1990,8854,8551745
4772,85,53120,Naturita,1990,434,8553120
4773,85,54935,Nucla,1990,656,8554935
4774,85,55540,Olathe,1990,1263,8555540
4775,85,99990,Unincorporated Montrose County,1990,13216,8599990
4776,87,0,MORGAN COUNTY,1990,21939,8700000
4777,87,9555,Brush,1990,4165,8709555
4778,87,27810,Fort Morgan,1990,9068,8727810
4779,87,36610,Hillrose,1990,169,8736610
4780,87,45695,Log Lane Village,1990,667,8745695
4781,87,84770,Wiggins,1990,499,8784770
4782,87,99990,Unincorporated Morgan County,1990,7371,8799990
4783,89,0,OTERO COUNTY,1990,20185,8900000
4784,89,13460,Cheraw,1990,265,8913460
4785,89,27975,Fowler,1990,1154,8927975
4786,89,42110,La Junta,1990,7678,8942110
4787,89,48500,Manzanola,1990,437,8948500
4788,89,65190,Rocky Ford,1990,4162,8965190
4789,89,75970,Swink,1990,584,8975970
4790,89,99990,Unincorporated Otero County,1990,5905,8999990
4791,91,0,OURAY COUNTY,1990,2295,9100000
4792,91,56420,Ouray,1990,644,9156420
4793,91,64200,Ridgway,1990,423,9164200
4794,91,99990,Unincorporated Ouray County,1990,1228,9199990
4795,93,0,PARK COUNTY,1990,7174,9300000
4796,93,1530,Alma,1990,148,9301530
4797,93,25610,Fairplay,1990,387,9325610
4798,93,99990,Unincorporated Park County,1990,6639,9399990
4799,95,0,PHILLIPS COUNTY,1990,4189,9500000
4800,95,34960,Haxtun,1990,952,9534960
4801,95,37270,Holyoke,1990,1931,9537270
4802,95,57245,Paoli,1990,29,9557245
4803,95,99990,Unincorporated Phillips County,1990,1277,9599990
4804,97,0,PITKIN COUNTY,1990,12661,9700000
4805,97,3620,Aspen,1990,5049,9703620
4806,97,4935,Basalt (Part),1990,126,9704935
4807,97,71755,Snowmass Village,1990,1449,9771755
4808,97,99990,Unincorporated Pitkin County,1990,6037,9799990
4809,99,0,PROWERS COUNTY,1990,13347,9900000
4810,99,31550,Granada,1990,513,9931550
4811,99,34520,Hartman,1990,108,9934520
4812,99,37215,Holly,1990,877,9937215
4813,99,43110,Lamar,1990,8343,9943110
4814,99,85045,Wiley,1990,406,9985045
4815,99,99990,Unincorporated Prowers County,1990,3100,9999990
4816,101,0,PUEBLO COUNTY,1990,123051,10100000
4817,101,7795,Boone,1990,341,10107795
4818,101,62000,Pueblo,1990,98640,10162000
4819,101,66895,Rye,1990,168,10166895
4820,101,99990,Unincorporated Pueblo County,1990,23902,10199990
4821,103,0,RIO BLANCO COUNTY,1990,6051,10300000
4822,103,49875,Meeker,1990,2098,10349875
4823,103,62880,Rangely,1990,2353,10362880
4824,103,99990,Unincorporated Rio Blanco County,1990,1600,10399990
4825,105,0,RIO GRANDE COUNTY,1990,10770,10500000
4826,105,12855,Center (Part),1990,4,10512855
4827,105,19795,Del Norte,1990,1674,10519795
4828,105,51635,Monte Vista,1990,4324,10551635
4829,105,72395,South Fork,1990,,10572395
4830,105,99990,Unincorporated Rio Grande County,1990,4407,10599990
4831,107,0,ROUTT COUNTY,1990,14088,10700000
4832,107,35070,Hayden,1990,1444,10735070
4833,107,55155,Oak Creek,1990,673,10755155
4834,107,73825,Steamboat Springs,1990,6695,10773825
4835,107,86475,Yampa,1990,317,10786475
4836,107,99990,Unincorporated Routt County,1990,4959,10799990
4837,109,0,SAGUACHE COUNTY,1990,4619,10900000
4838,109,7571,Bonza City,1990,16,10907571
4839,109,12855,Center (Part),1990,1959,10912855
4840,109,18420,Crestone,1990,55,10918420
4841,109,51250,Moffat,1990,99,10951250
4842,109,67005,Saguache,1990,584,10967005
4843,109,99990,Unincorporated Saguache County,1990,1906,10999990
4844,111,0,SAN JUAN COUNTY,1990,745,11100000
4845,111,70580,Silverton,1990,716,11170580
4846,111,99990,Unincorporated San Juan County,1990,29,11199990
4847,113,0,SAN MIGUEL COUNTY,1990,3653,11300000
4848,113,52550,Mountain Village,1990,,11352550
4849,113,54880,Norwood,1990,429,11354880
4850,113,55870,Ophir,1990,69,11355870
4851,113,68655,Sawpit,1990,36,11368655
4852,113,76795,Telluride,1990,1309,11376795
4853,113,99990,Unincorporated San Miguel County,1990,1764,11399990
4854,115,0,SEDGWICK COUNTY,1990,2690,11500000
4855,115,39965,Julesburg,1990,1295,11539965
4856,115,56475,Ovid,1990,349,11556475
4857,115,68930,Sedgwick,1990,183,11568930
4858,115,99990,Unincorporated Sedgwick County,1990,863,11599990
4859,117,0,SUMMIT COUNTY,1990,12881,11700000
4860,117,7410,Blue River,1990,440,11707410
4861,117,8400,Breckenridge,1990,1285,11708400
4862,117,20440,Dillon,1990,553,11720440
4863,117,28690,Frisco,1990,1601,11728690
4864,117,40550,Keystone,1990,,11740555
4865,117,51690,Montezuma,1990,60,11751690
4866,117,70525,Silverthorne,1990,1768,11770525
4867,117,99990,Unincorporated Summit County,1990,7174,11799990
4868,119,0,TELLER COUNTY,1990,12468,11900000
4869,119,18530,Cripple Creek,1990,584,11918530
4870,119,32650,Green Mountain Falls (Part),1990,29,11932650
4871,119,80865,Victor,1990,258,11980865
4872,119,86090,Woodland Park,1990,4610,11986090
4873,119,99990,Unincorporated Teller County,1990,6987,11999990
4874,121,0,WASHINGTON COUNTY,1990,4812,12100000
4875,121,925,Akron,1990,1599,12100925
4876,121,56365,Otis,1990,451,12156365
4877,121,99990,Unincorporated Washington County,1990,2762,12199990
4878,123,0,WELD COUNTY,1990,131821,12300000
4879,123,3950,Ault,1990,1107,12303950
4880,123,6255,Berthoud (Part),1990,,12306255
4881,123,8675,Brighton (Part),1990,17,12308675
4882,123,9280,Broomfield (Part),1990,4,12309280
4883,123,19080,Dacono,1990,2228,12319080
4884,123,22860,Eaton,1990,1959,12322860
4885,123,24950,Erie (Part),1990,1244,12324950
4886,123,25280,Evans,1990,5876,12325280
4887,123,26600,Firestone,1990,1358,12326600
4888,123,27700,Fort Lupton,1990,5159,12327700
4889,123,28360,Frederick,1990,988,12328360
4890,123,29185,Garden City,1990,199,12329185
4891,123,29955,Gilcrest,1990,1084,12329955
4892,123,32155,Greeley,1990,60454,12332155
4893,123,33310,Grover,1990,135,12333310
4894,123,37820,Hudson,1990,918,12337820
4895,123,39855,Johnstown (Part),1990,1579,12339855
4896,123,40185,Keenesburg,1990,570,12340185
4897,123,40515,Kersey,1990,980,12340515
4898,123,43605,La Salle,1990,1803,12343605
4899,123,45530,Lochbuie (Part),1990,1168,12345530
4900,123,45970,Longmont (Part),1990,,12345970
4901,123,49600,Mead,1990,456,12349600
4902,123,50480,Milliken,1990,1605,12350480
4903,123,54330,Northglenn (Part),1990,,12354330
4904,123,55045,Nunn,1990,324,12355045
4905,123,59005,Pierce,1990,823,12359005
4906,123,60160,Platteville,1990,1515,12360160
4907,123,63045,Raymer,1990,98,12363045
4908,123,69150,Severance,1990,106,12369150
4909,123,77290,Thornton (Part),1990,,12377290
4910,123,77510,Timnath (Part),1990,,12377510
4911,123,85485,Windsor (Part),1990,5062,12385485
4912,123,99990,Unincorporated Weld County,1990,33002,12399990
4913,125,0,YUMA COUNTY,1990,8954,12500000
4914,125,23025,Eckley,1990,211,12523025
4915,125,86310,Wray,1990,1998,12586310
4916,125,86750,Yuma,1990,2719,12586750
4917,125,99990,Unincorporated Yuma County,1990,4026,12599990
4918,999,3455,Arvada (Total),1990,89261,99903455
4919,999,4000,Aurora (Total),1990,222103,99904000
4920,999,4935,Basalt (Total),1990,1210,99904935
4921,999,6090,Bennett (Total),1990,1757,99906090
4922,999,6255,Berthoud (Total),1990,2990,99906255
4923,999,8070,Bow Mar (Total),1990,854,99908070
4924,999,8675,Brighton (Total),1990,14203,99908675
4925,999,9280,Broomfield (Total),1990,24638,99909280
4926,999,12855,Center (Total),1990,1963,99912855
4927,999,12910,Central City (Total),1990,335,99912910
4928,999,24950,Erie (Total),1990,1258,99924950
4929,999,32650,Green Mountain Falls (Total),1990,663,99932650
4930,999,39855,Johnstown (Total),1990,1579,99939855
4931,999,45255,Littleton (Total),1990,33711,99945255
4932,999,45530,Lochbuie (Total),1990,1168,99945530
4933,999,45970,Longmont (Total),1990,51976,99945970
4934,999,54330,Northglenn (Total),1990,27195,99954330
4935,999,75640,Superior (Total),1990,255,99975640
4936,999,77290,Thornton (Total),1990,55031,99977290
4937,999,77510,Timnath (Total),1990,190,99977510
4938,999,83835,Westminster (Total),1990,74619,99983835
4939,999,85485,Windsor (Total),1990,5062,99985485
4940,0,0,COLORADO STATE,1991,3380951,0
4941,1,0,ADAMS COUNTY,1991,273624,100000
4942,1,3455,Arvada (Part),1991,2425,103455
4943,1,4000,Aurora (Part),1991,29269,104000
4944,1,6090,Bennett (Part),1991,1790,106090
4945,1,8675,Brighton (Part),1991,14720,108675
4946,1,9280,Broomfield (Part),1991,6948,109280
4947,1,16495,Commerce City,1991,17189,116495
4948,1,26270,Federal Heights,1991,9743,126270
4949,1,45530,Lochbuie (Part),1991,,145530
4950,1,54330,Northglenn (Part),1991,27521,154330
4951,1,77290,Thornton (Part),1991,56408,177290
4952,1,83835,Westminster (Part),1991,43074,183835
4953,1,99990,Unincorporated Adams County,1991,64537,199990
4954,3,0,ALAMOSA COUNTY,1991,13639,300000
4955,3,1090,Alamosa,1991,7528,301090
4956,3,37380,Hooper,1991,112,337380
4957,3,99990,Unincorporated Alamosa County,1991,5999,399990
4958,5,0,ARAPAHOE COUNTY,1991,403202,500000
4959,5,4000,Aurora (Part),1991,200805,504000
4960,5,6090,Bennett (Part),1991,,506090
4961,5,8070,Bow Mar (Part),1991,628,508070
4962,5,12815,Centennial,1991,,512815
4963,5,13845,Cherry Hills Village,1991,5423,513845
4964,5,16385,Columbine Valley,1991,1089,516385
4965,5,19630,Deer Trail,1991,500,519630
4966,5,24785,Englewood,1991,30065,524785
4967,5,28105,Foxfield,1991,,528105
4968,5,30340,Glendale,1991,2650,530340
4969,5,33035,Greenwood Village,1991,7676,533035
4970,5,45255,Littleton (Part),1991,34388,545255
4971,5,69645,Sheridan,1991,5146,569645
4972,5,99990,Unincorporated Arapahoe County,1991,114832,599990
4973,7,0,ARCHULETA COUNTY,1991,5626,700000
4974,7,56860,Pagosa Springs,1991,1232,756860
4975,7,99990,Unincorporated Archuleta County,1991,4394,799990
4976,9,0,BACA COUNTY,1991,4441,900000
4977,9,11645,Campo,1991,122,911645
4978,9,61315,Pritchett,1991,148,961315
4979,9,73330,Springfield,1991,1441,973330
4980,9,79270,Two Buttes,1991,62,979270
4981,9,81030,Vilas,1991,104,981030
4982,9,82460,Walsh,1991,677,982460
4983,9,99990,Unincorporated Baca County,1991,1887,999990
4984,11,0,BENT COUNTY,1991,4960,1100000
4985,11,43660,Las Animas,1991,2417,1143660
4986,11,99990,Unincorporated Bent County,1991,2543,1199990
4987,13,0,BOULDER COUNTY,1991,230977,1300000
4988,13,7850,Boulder,1991,87074,1307850
4989,13,9280,Broomfield (Part),1991,16403,1309280
4990,13,24950,Erie (Part),1991,14,1324950
4991,13,39195,Jamestown,1991,249,1339195
4992,13,41835,Lafayette,1991,14884,1341835
4993,13,45970,Longmont (Part),1991,52422,1345970
4994,13,46355,Louisville,1991,13654,1346355
4995,13,47070,Lyons,1991,1236,1347070
4996,13,53175,Nederland,1991,1130,1353175
4997,13,75640,Superior (Part),1991,308,1375640
4998,13,82735,Ward,1991,163,1382735
4999,13,99990,Unincorporated Boulder County,1991,43440,1399990
5000,14,0,BROOMFIELD COUNTY,1991,,1400000
5001,14,9280,Broomfield,1991,,1409280
5002,15,0,CHAFFEE COUNTY,1991,12864,1500000
5003,15,10105,Buena Vista,1991,1771,1510105
5004,15,60600,Poncha Springs,1991,260,1560600
5005,15,67280,Salida,1991,4754,1567280
5006,15,99990,Unincorporated Chaffee County,1991,6079,1599990
5007,17,0,CHEYENNE COUNTY,1991,2476,1700000
5008,17,14175,Cheyenne Wells,1991,1160,1714175
5009,17,41010,Kit Carson,1991,310,1741010
5010,17,99990,Unincorporated Cheyenne County,1991,1006,1799990
5011,19,0,CLEAR CREEK COUNTY,1991,7653,1900000
5012,19,12910,Central City (Part),1991,,1912910
5013,19,24620,Empire,1991,393,1924620
5014,19,29735,Georgetown,1991,881,1929735
5015,19,38370,Idaho Springs,1991,1877,1938370
5016,19,70360,Silver Plume,1991,134,1970360
5017,19,99990,Unincorporated Clear Creek County,1991,4368,1999990
5018,21,0,CONEJOS COUNTY,1991,7534,2100000
5019,21,2355,Antonito,1991,873,2102355
5020,21,42055,La Jara,1991,737,2142055
5021,21,48060,Massa,1991,993,2148060
5022,21,65740,Romeo,1991,342,2165740
5023,21,67830,Sanford,1991,757,2167830
5024,21,99990,Unincorporated Conejos County,1991,3832,2199990
5025,23,0,COSTILLA COUNTY,1991,3256,2300000
5026,23,7190,Blanca,1991,286,2307190
5027,23,68105,San Luis,1991,795,2368105
5028,23,99990,Unincorporated Costilla County,1991,2175,2399990
5029,25,0,CROWLEY COUNTY,1991,3973,2500000
5030,25,18750,Crowley,1991,213,2518750
5031,25,55705,Olney Springs,1991,333,2555705
5032,25,56145,Ordway,1991,1014,2556145
5033,25,74815,Sugar City,1991,247,2574815
5034,25,99990,Unincorporated Crowley County,1991,2166,2599990
5035,27,0,CUSTER COUNTY,1991,2012,2700000
5036,27,70250,Silver Cliff,1991,338,2770250
5037,27,83450,Westcliffe,1991,324,2783450
5038,27,99990,Unincorporated Custer County,1991,1350,2799990
5039,29,0,DELTA COUNTY,1991,21229,2900000
5040,29,12635,Cedaredge,1991,1377,2912635
5041,29,17925,Crawford,1991,230,2917925
5042,29,19850,Delta,1991,3672,2919850
5043,29,37545,Hotchkiss,1991,754,2937545
5044,29,55980,Orchard City,1991,2247,2955980
5045,29,57300,Paonia,1991,1385,2957300
5046,29,99990,Unincorporated Delta County,1991,11564,2999990
5047,31,0,DENVER COUNTY,1991,475183,3100000
5048,31,20000,Denver,1991,475183,3120000
5049,33,0,DOLORES COUNTY,1991,1437,3300000
5050,33,21265,Dove Creek,1991,608,3321265
5051,33,64090,Rico,1991,89,3364090
5052,33,99990,Unincorporated Dolores County,1991,740,3399990
5053,35,0,DOUGLAS COUNTY,1991,66688,3500000
5054,35,4000,Aurora (Part),1991,4,3504000
5055,35,12387,Castle Pines,1991,,3512390
5056,35,12415,Castle Rock,1991,9247,3512415
5057,35,43550,Larkspur,1991,247,3543550
5058,35,45255,Littleton (Part),1991,123,3545255
5059,35,45955,Lone Tree,1991,,3545955
5060,35,57630,Parker,1991,6001,3557630
5061,35,99990,Unincorporated Douglas County,1991,51066,3599990
5062,37,0,EAGLE COUNTY,1991,23458,3700000
5063,37,4110,Avon,1991,2043,3704110
5064,37,4935,Basalt (Part),1991,1097,3704935
5065,37,22200,Eagle,1991,1632,3722200
5066,37,33695,Gypsum,1991,1832,3733695
5067,37,50920,Minturn,1991,1079,3750920
5068,37,63265,Red Cliff,1991,296,3763265
5069,37,80040,Vail,1991,3768,3780040
5070,37,99990,Unincorporated Eagle County,1991,11711,3799990
5071,39,0,ELBERT COUNTY,1991,10268,3900000
5072,39,23740,Elizabeth,1991,838,3923740
5073,39,40790,Kiowa,1991,290,3940790
5074,39,70635,Simla,1991,491,3970635
5075,39,99990,Unincorporated Elbert County,1991,8649,3999990
5076,41,0,EL PASO COUNTY,1991,405954,4100000
5077,41,11260,Calhan,1991,570,4111260
5078,41,16000,Colorado Springs,1991,286972,4116000
5079,41,27865,Fountain,1991,10441,4127865
5080,41,32650,Green Mountain Falls (Part),1991,638,4132650
5081,41,48445,Manitou Springs,1991,4573,4148445
5082,41,51800,Monument,1991,1104,4151800
5083,41,57025,Palmer Lake,1991,1536,4157025
5084,41,62660,Ramah,1991,95,4162660
5085,41,99990,Unincorporated El Paso County,1991,100025,4199990
5086,43,0,FREMONT COUNTY,1991,32237,4300000
5087,43,9115,Brookside,1991,182,4309115
5088,43,11810,Canon City,1991,12512,4311810
5089,43,15330,Coal Creek,1991,161,4315330
5090,43,27040,Florence,1991,2947,4327040
5091,43,64970,Rockvale,1991,319,4364970
5092,43,85155,Williamsburg,1991,247,4385155
5093,43,99990,Unincorporated Fremont County,1991,15869,4399990
5094,45,0,GARFIELD COUNTY,1991,31230,4500000
5095,45,12030,Carbonate,1991,0,4512030
5096,45,12045,Carbondale,1991,3123,4512045
5097,45,30780,Glenwood Springs,1991,6740,4530780
5098,45,53395,New Castle,1991,709,4553395
5099,45,57400,Parachute,1991,655,4557400
5100,45,64255,Rifle,1991,4970,4564255
5101,45,70195,Silt,1991,1133,4570195
5102,45,99990,Unincorporated Garfield County,1991,13900,4599990
5103,47,0,GILPIN COUNTY,1991,3089,4700000
5104,47,7025,Black Hawk,1991,218,4707025
5105,47,12910,Central City (Part),1991,357,4712910
5106,47,99990,Unincorporated Gilpin County,1991,2514,4799990
5107,49,0,GRAND COUNTY,1991,8389,4900000
5108,49,28305,Fraser,1991,608,4928305
5109,49,31605,Granby,1991,1015,4931605
5110,49,31715,Grand Lake,1991,275,4931715
5111,49,37600,Hot Sulphur Springs,1991,364,4937600
5112,49,41560,Kremmling,1991,1211,4941560
5113,49,85705,Winter Park,1991,527,4985705
5114,49,99990,Unincorporated Grand County,1991,4389,4999990
5115,51,0,GUNNISON COUNTY,1991,10416,5100000
5116,51,18310,Crested Butte,1991,885,5118310
5117,51,33640,Gunnison,1991,4617,5133640
5118,51,48555,Marble,1991,67,5148555
5119,51,52570,Mount Crested Butte,1991,339,5152570
5120,51,59830,Pitkin,1991,71,5159830
5121,51,99990,Unincorporated Gunnison County,1991,4437,5199990
5122,53,0,HINSDALE COUNTY,1991,453,5300000
5123,53,42330,Lake City,1991,216,5342330
5124,53,99990,Unincorporated Hinsdale County,1991,237,5399990
5125,55,0,HUERFANO COUNTY,1991,6057,5500000
5126,55,44100,La Veta,1991,737,5544100
5127,55,82350,Walsenburg,1991,3343,5582350
5128,55,99990,Unincorporated Huerfano County,1991,1977,5599990
5129,57,0,JACKSON COUNTY,1991,1556,5700000
5130,57,82130,Walden,1991,847,5782130
5131,57,99990,Unincorporated Jackson County,1991,709,5799990
5132,59,0,JEFFERSON COUNTY,1991,449663,5900000
5133,59,3455,Arvada (Part),1991,88569,5903455
5134,59,8070,Bow Mar (Part),1991,243,5908070
5135,59,9280,Broomfield (Part),1991,1509,5909280
5136,59,23135,Edgewater,1991,4768,5923135
5137,59,30835,Golden,1991,13551,5930835
5138,59,42495,Lakeside,1991,12,5942495
5139,59,43000,Lakewood,1991,128998,5943000
5140,59,45255,Littleton (Part),1991,,5945255
5141,59,52075,Morrison,1991,461,5952075
5142,59,52350,Mountain View,1991,558,5952350
5143,59,75640,Superior (Part),1991,,5975640
5144,59,83835,Westminster (Part),1991,33734,5983835
5145,59,84440,Wheat Ridge,1991,29986,5984440
5146,59,99990,Unincorporated Jefferson County,1991,147274,5999990
5147,61,0,KIOWA COUNTY,1991,1683,6100000
5148,61,22145,Eads,1991,776,6122145
5149,61,34740,Haswell,1991,63,6134740
5150,61,69700,Sheridan Lake,1991,93,6169700
5151,61,99990,Unincorporated Kiowa County,1991,751,6199990
5152,63,0,KIT CARSON COUNTY,1991,7161,6300000
5153,63,6530,Bethune,1991,175,6306530
5154,63,10600,Burlington,1991,2979,6310600
5155,63,26765,Flagler,1991,564,6326765
5156,63,69040,Seibert,1991,180,6369040
5157,63,74485,Stratton,1991,648,6374485
5158,63,81690,Vona,1991,102,6381690
5159,63,99990,Unincorporated Kit Carson County,1991,2513,6399990
5160,65,0,LAKE COUNTY,1991,6141,6500000
5161,65,44320,Leadville,1991,2654,6544320
5162,65,99990,Unincorporated Lake County,1991,3487,6599990
5163,67,0,LA PLATA COUNTY,1991,33411,6700000
5164,67,5265,Bayfield,1991,1121,6705265
5165,67,22035,Durango,1991,12622,6722035
5166,67,38535,Ignacio,1991,715,6738535
5167,67,99990,Unincorporated La Plata County,1991,18953,6799990
5168,69,0,LARIMER COUNTY,1991,193542,6900000
5169,69,6255,Berthoud (Part),1991,3101,6906255
5170,69,25115,Estes Park,1991,3357,6925115
5171,69,27425,Fort Collins,1991,91116,6927425
5172,69,39855,Johnstown (Part),1991,,6939855
5173,69,46465,Loveland,1991,38510,6946465
5174,69,77510,Timnath (Part),1991,196,6977510
5175,69,83230,Wellington,1991,1412,6983230
5176,69,85485,Windsor (Part),1991,,6985485
5177,69,99990,Unincorporated Larimer County,1991,55850,6999990
5178,71,0,LAS ANIMAS COUNTY,1991,13816,7100000
5179,71,760,Aguilar,1991,521,7100760
5180,71,8345,Branson,1991,59,7108345
5181,71,15550,Cokedale,1991,118,7115550
5182,71,40570,Kim,1991,76,7140570
5183,71,73715,Starkville,1991,106,7173715
5184,71,78610,Trinidad,1991,8550,7178610
5185,71,99990,Unincorporated Las Animas County,1991,4386,7199990
5186,73,0,LINCOLN COUNTY,1991,5430,7300000
5187,73,3235,Arriba,1991,245,7303235
5188,73,29680,Genoa,1991,189,7329680
5189,73,37875,Hugo,1991,752,7337875
5190,73,44980,Limon,1991,2015,7344980
5191,73,99990,Unincorporated Lincoln County,1991,2229,7399990
5192,75,0,LOGAN COUNTY,1991,17503,7500000
5193,75,18640,Crook,1991,144,7518640
5194,75,26875,Fleming,1991,341,7526875
5195,75,38590,Iliff,1991,173,7538590
5196,75,50040,Merino,1991,236,7550040
5197,75,58235,Peetz,1991,183,7558235
5198,75,73935,Sterling,1991,10156,7573935
5199,75,99990,Unincorporated Logan County,1991,6270,7599990
5200,77,0,MESA COUNTY,1991,95992,7700000
5201,77,15605,Collbran,1991,254,7715605
5202,77,19355,De Beque,1991,261,7719355
5203,77,28745,Fruita,1991,4176,7728745
5204,77,31660,Grand Junction,1991,30280,7731660
5205,77,56970,Palisade,1991,1954,7756970
5206,77,99990,Unincorporated Mesa County,1991,59067,7799990
5207,79,0,MINERAL COUNTY,1991,570,7900000
5208,79,14765,City of Creede,1991,355,7914765
5209,79,99990,Unincorporated Mineral County,1991,215,7999990
5210,81,0,MOFFAT COUNTY,1991,11449,8100000
5211,81,17760,Craig,1991,8118,8117760
5212,81,20495,Dinosaur,1991,323,8120495
5213,81,99990,Unincorporated Moffat County,1991,3008,8199990
5214,83,0,MONTEZUMA COUNTY,1991,19060,8300000
5215,83,17375,Cortez,1991,7377,8317375
5216,83,20770,Dolores,1991,902,8320770
5217,83,48115,Mancos,1991,857,8348115
5218,83,99990,Unincorporated Montezuma County,1991,9924,8399990
5219,85,0,MONTROSE COUNTY,1991,25275,8500000
5220,85,51745,Montrose,1991,9096,8551745
5221,85,53120,Naturita,1991,427,8553120
5222,85,54935,Nucla,1991,670,8554935
5223,85,55540,Olathe,1991,1290,8555540
5224,85,99990,Unincorporated Montrose County,1991,13792,8599990
5225,87,0,MORGAN COUNTY,1991,22703,8700000
5226,87,9555,Brush,1991,4296,8709555
5227,87,27810,Fort Morgan,1991,9420,8727810
5228,87,36610,Hillrose,1991,174,8736610
5229,87,45695,Log Lane Village,1991,700,8745695
5230,87,84770,Wiggins,1991,529,8784770
5231,87,99990,Unincorporated Morgan County,1991,7584,8799990
5232,89,0,OTERO COUNTY,1991,20373,8900000
5233,89,13460,Cheraw,1991,260,8913460
5234,89,27975,Fowler,1991,1171,8927975
5235,89,42110,La Junta,1991,7716,8942110
5236,89,48500,Manzanola,1991,453,8948500
5237,89,65190,Rocky Ford,1991,4224,8965190
5238,89,75970,Swink,1991,598,8975970
5239,89,99990,Unincorporated Otero County,1991,5951,8999990
5240,91,0,OURAY COUNTY,1991,2419,9100000
5241,91,56420,Ouray,1991,659,9156420
5242,91,64200,Ridgway,1991,439,9164200
5243,91,99990,Unincorporated Ouray County,1991,1321,9199990
5244,93,0,PARK COUNTY,1991,7700,9300000
5245,93,1530,Alma,1991,151,9301530
5246,93,25610,Fairplay,1991,412,9325610
5247,93,99990,Unincorporated Park County,1991,7137,9399990
5248,95,0,PHILLIPS COUNTY,1991,4209,9500000
5249,95,34960,Haxtun,1991,951,9534960
5250,95,37270,Holyoke,1991,1969,9537270
5251,95,57245,Paoli,1991,28,9557245
5252,95,99990,Unincorporated Phillips County,1991,1261,9599990
5253,97,0,PITKIN COUNTY,1991,12982,9700000
5254,97,3620,Aspen,1991,5115,9703620
5255,97,4935,Basalt (Part),1991,147,9704935
5256,97,71755,Snowmass Village,1991,1493,9771755
5257,97,99990,Unincorporated Pitkin County,1991,6227,9799990
5258,99,0,PROWERS COUNTY,1991,12958,9900000
5259,99,31550,Granada,1991,503,9931550
5260,99,34520,Hartman,1991,105,9934520
5261,99,37215,Holly,1991,860,9937215
5262,99,43110,Lamar,1991,8077,9943110
5263,99,85045,Wiley,1991,397,9985045
5264,99,99990,Unincorporated Prowers County,1991,3016,9999990
5265,101,0,PUEBLO COUNTY,1991,123486,10100000
5266,101,7795,Boone,1991,338,10107795
5267,101,62000,Pueblo,1991,98784,10162000
5268,101,66895,Rye,1991,174,10166895
5269,101,99990,Unincorporated Pueblo County,1991,24190,10199990
5270,103,0,RIO BLANCO COUNTY,1991,6027,10300000
5271,103,49875,Meeker,1991,2132,10349875
5272,103,62880,Rangely,1991,2276,10362880
5273,103,99990,Unincorporated Rio Blanco County,1991,1619,10399990
5274,105,0,RIO GRANDE COUNTY,1991,10835,10500000
5275,105,12855,Center (Part),1991,6,10512855
5276,105,19795,Del Norte,1991,1664,10519795
5277,105,51635,Monte Vista,1991,4312,10551635
5278,105,72395,South Fork,1991,,10572395
5279,105,99990,Unincorporated Rio Grande County,1991,4853,10599990
5280,107,0,ROUTT COUNTY,1991,14731,10700000
5281,107,35070,Hayden,1991,1485,10735070
5282,107,55155,Oak Creek,1991,688,10755155
5283,107,73825,Steamboat Springs,1991,7013,10773825
5284,107,86475,Yampa,1991,330,10786475
5285,107,99990,Unincorporated Routt County,1991,5215,10799990
5286,109,0,SAGUACHE COUNTY,1991,4732,10900000
5287,109,7571,Bonza City,1991,14,10907571
5288,109,12855,Center (Part),1991,2022,10912855
5289,109,18420,Crestone,1991,53,10918420
5290,109,51250,Moffat,1991,96,10951250
5291,109,67005,Saguache,1991,598,10967005
5292,109,99990,Unincorporated Saguache County,1991,1949,10999990
5293,111,0,SAN JUAN COUNTY,1991,711,11100000
5294,111,70580,Silverton,1991,684,11170580
5295,111,99990,Unincorporated San Juan County,1991,27,11199990
5296,113,0,SAN MIGUEL COUNTY,1991,4130,11300000
5297,113,52550,Mountain Village,1991,,11352550
5298,113,54880,Norwood,1991,443,11354880
5299,113,55870,Ophir,1991,74,11355870
5300,113,68655,Sawpit,1991,40,11368655
5301,113,76795,Telluride,1991,1428,11376795
5302,113,99990,Unincorporated San Miguel County,1991,2145,11399990
5303,115,0,SEDGWICK COUNTY,1991,2670,11500000
5304,115,39965,Julesburg,1991,1299,11539965
5305,115,56475,Ovid,1991,344,11556475
5306,115,68930,Sedgwick,1991,183,11568930
5307,115,99990,Unincorporated Sedgwick County,1991,844,11599990
5308,117,0,SUMMIT COUNTY,1991,13471,11700000
5309,117,7410,Blue River,1991,453,11707410
5310,117,8400,Breckenridge,1991,1354,11708400
5311,117,20440,Dillon,1991,573,11720440
5312,117,28690,Frisco,1991,1617,11728690
5313,117,40550,Keystone,1991,,11740555
5314,117,51690,Montezuma,1991,58,11751690
5315,117,70525,Silverthorne,1991,1815,11770525
5316,117,99990,Unincorporated Summit County,1991,7601,11799990
5317,119,0,TELLER COUNTY,1991,12712,11900000
5318,119,18530,Cripple Creek,1991,578,11918530
5319,119,32650,Green Mountain Falls (Part),1991,29,11932650
5320,119,80865,Victor,1991,264,11980865
5321,119,86090,Woodland Park,1991,4646,11986090
5322,119,99990,Unincorporated Teller County,1991,7195,11999990
5323,121,0,WASHINGTON COUNTY,1991,4783,12100000
5324,121,925,Akron,1991,1601,12100925
5325,121,56365,Otis,1991,456,12156365
5326,121,99990,Unincorporated Washington County,1991,2726,12199990
5327,123,0,WELD COUNTY,1991,135731,12300000
5328,123,3950,Ault,1991,1146,12303950
5329,123,6255,Berthoud (Part),1991,,12306255
5330,123,8675,Brighton (Part),1991,24,12308675
5331,123,9280,Broomfield (Part),1991,4,12309280
5332,123,19080,Dacono,1991,2282,12319080
5333,123,22860,Eaton,1991,1996,12322860
5334,123,24950,Erie (Part),1991,1471,12324950
5335,123,25280,Evans,1991,6018,12325280
5336,123,26600,Firestone,1991,1375,12326600
5337,123,27700,Fort Lupton,1991,5259,12327700
5338,123,28360,Frederick,1991,1032,12328360
5339,123,29185,Garden City,1991,209,12329185
5340,123,29955,Gilcrest,1991,1096,12329955
5341,123,32155,Greeley,1991,61437,12332155
5342,123,33310,Grover,1991,137,12333310
5343,123,37820,Hudson,1991,942,12337820
5344,123,39855,Johnstown (Part),1991,1602,12339855
5345,123,40185,Keenesburg,1991,598,12340185
5346,123,40515,Kersey,1991,1015,12340515
5347,123,43605,La Salle,1991,1817,12343605
5348,123,45530,Lochbuie (Part),1991,1255,12345530
5349,123,45970,Longmont (Part),1991,,12345970
5350,123,49600,Mead,1991,471,12349600
5351,123,50480,Milliken,1991,1631,12350480
5352,123,54330,Northglenn (Part),1991,9,12354330
5353,123,55045,Nunn,1991,336,12355045
5354,123,59005,Pierce,1991,828,12359005
5355,123,60160,Platteville,1991,1529,12360160
5356,123,63045,Raymer,1991,97,12363045
5357,123,69150,Severance,1991,110,12369150
5358,123,77290,Thornton (Part),1991,,12377290
5359,123,77510,Timnath (Part),1991,,12377510
5360,123,85485,Windsor (Part),1991,5162,12385485
5361,123,99990,Unincorporated Weld County,1991,34843,12399990
5362,125,0,YUMA COUNTY,1991,9011,12500000
5363,125,23025,Eckley,1991,220,12523025
5364,125,86310,Wray,1991,2019,12586310
5365,125,86750,Yuma,1991,2748,12586750
5366,125,99990,Unincorporated Yuma County,1991,4024,12599990
5367,999,3455,Arvada (Total),1991,90994,99903455
5368,999,4000,Aurora (Total),1991,230078,99904000
5369,999,4935,Basalt (Total),1991,1244,99904935
5370,999,6090,Bennett (Total),1991,1790,99906090
5371,999,6255,Berthoud (Total),1991,3101,99906255
5372,999,8070,Bow Mar (Total),1991,871,99908070
5373,999,8675,Brighton (Total),1991,14744,99908675
5374,999,9280,Broomfield (Total),1991,24864,99909280
5375,999,12855,Center (Total),1991,2028,99912855
5376,999,12910,Central City (Total),1991,357,99912910
5377,999,24950,Erie (Total),1991,1485,99924950
5378,999,32650,Green Mountain Falls (Total),1991,667,99932650
5379,999,39855,Johnstown (Total),1991,1602,99939855
5380,999,45255,Littleton (Total),1991,34511,99945255
5381,999,45530,Lochbuie (Total),1991,1255,99945530
5382,999,45970,Longmont (Total),1991,52422,99945970
5383,999,54330,Northglenn (Total),1991,27530,99954330
5384,999,75640,Superior (Total),1991,308,99975640
5385,999,77290,Thornton (Total),1991,56408,99977290
5386,999,77510,Timnath (Total),1991,196,99977510
5387,999,83835,Westminster (Total),1991,76808,99983835
5388,999,85485,Windsor (Total),1991,5162,99985485
5389,0,0,COLORADO STATE,1992,3489832,0
5390,1,0,ADAMS COUNTY,1992,281385,100000
5391,1,3455,Arvada (Part),1992,2487,103455
5392,1,4000,Aurora (Part),1992,30657,104000
5393,1,6090,Bennett (Part),1992,1828,106090
5394,1,8675,Brighton (Part),1992,15222,108675
5395,1,9280,Broomfield (Part),1992,7098,109280
5396,1,16495,Commerce City,1992,17865,116495
5397,1,26270,Federal Heights,1992,10099,126270
5398,1,45530,Lochbuie (Part),1992,,145530
5399,1,54330,Northglenn (Part),1992,27953,154330
5400,1,77290,Thornton (Part),1992,57647,177290
5401,1,83835,Westminster (Part),1992,44028,183835
5402,1,99990,Unincorporated Adams County,1992,66501,199990
5403,3,0,ALAMOSA COUNTY,1992,13572,300000
5404,3,1090,Alamosa,1992,7453,301090
5405,3,37380,Hooper,1992,112,337380
5406,3,99990,Unincorporated Alamosa County,1992,6007,399990
5407,5,0,ARAPAHOE COUNTY,1992,417681,500000
5408,5,4000,Aurora (Part),1992,208874,504000
5409,5,6090,Bennett (Part),1992,,506090
5410,5,8070,Bow Mar (Part),1992,646,508070
5411,5,12815,Centennial,1992,,512815
5412,5,13845,Cherry Hills Village,1992,5580,513845
5413,5,16385,Columbine Valley,1992,1119,516385
5414,5,19630,Deer Trail,1992,526,519630
5415,5,24785,Englewood,1992,31124,524785
5416,5,28105,Foxfield,1992,,528105
5417,5,30340,Glendale,1992,2862,530340
5418,5,33035,Greenwood Village,1992,7775,533035
5419,5,45255,Littleton (Part),1992,35496,545255
5420,5,69645,Sheridan,1992,5365,569645
5421,5,99990,Unincorporated Arapahoe County,1992,118314,599990
5422,7,0,ARCHULETA COUNTY,1992,5880,700000
5423,7,56860,Pagosa Springs,1992,1271,756860
5424,7,99990,Unincorporated Archuleta County,1992,4609,799990
5425,9,0,BACA COUNTY,1992,4302,900000
5426,9,11645,Campo,1992,121,911645
5427,9,61315,Pritchett,1992,143,961315
5428,9,73330,Springfield,1992,1403,973330
5429,9,79270,Two Buttes,1992,61,979270
5430,9,81030,Vilas,1992,102,981030
5431,9,82460,Walsh,1992,654,982460
5432,9,99990,Unincorporated Baca County,1992,1818,999990
5433,11,0,BENT COUNTY,1992,5040,1100000
5434,11,43660,Las Animas,1992,2444,1143660
5435,11,99990,Unincorporated Bent County,1992,2596,1199990
5436,13,0,BOULDER COUNTY,1992,238397,1300000
5437,13,7850,Boulder,1992,90039,1307850
5438,13,9280,Broomfield (Part),1992,16670,1309280
5439,13,24950,Erie (Part),1992,13,1324950
5440,13,39195,Jamestown,1992,249,1339195
5441,13,41835,Lafayette,1992,15347,1341835
5442,13,45970,Longmont (Part),1992,54224,1345970
5443,13,46355,Louisville,1992,14109,1346355
5444,13,47070,Lyons,1992,1272,1347070
5445,13,53175,Nederland,1992,1178,1353175
5446,13,75640,Superior (Part),1992,313,1375640
5447,13,82735,Ward,1992,168,1382735
5448,13,99990,Unincorporated Boulder County,1992,44815,1399990
5449,14,0,BROOMFIELD COUNTY,1992,,1400000
5450,14,9280,Broomfield,1992,,1409280
5451,15,0,CHAFFEE COUNTY,1992,13121,1500000
5452,15,10105,Buena Vista,1992,1800,1510105
5453,15,60600,Poncha Springs,1992,278,1560600
5454,15,67280,Salida,1992,4806,1567280
5455,15,99990,Unincorporated Chaffee County,1992,6237,1599990
5456,17,0,CHEYENNE COUNTY,1992,2407,1700000
5457,17,14175,Cheyenne Wells,1992,1121,1714175
5458,17,41010,Kit Carson,1992,299,1741010
5459,17,99990,Unincorporated Cheyenne County,1992,987,1799990
5460,19,0,CLEAR CREEK COUNTY,1992,7842,1900000
5461,19,12910,Central City (Part),1992,,1912910
5462,19,24620,Empire,1992,395,1924620
5463,19,29735,Georgetown,1992,898,1929735
5464,19,38370,Idaho Springs,1992,1907,1938370
5465,19,70360,Silver Plume,1992,138,1970360
5466,19,99990,Unincorporated Clear Creek County,1992,4504,1999990
5467,21,0,CONEJOS COUNTY,1992,7514,2100000
5468,21,2355,Antonito,1992,860,2102355
5469,21,42055,La Jara,1992,738,2142055
5470,21,48060,Massa,1992,984,2148060
5471,21,65740,Romeo,1992,338,2165740
5472,21,67830,Sanford,1992,752,2167830
5473,21,99990,Unincorporated Conejos County,1992,3842,2199990
5474,23,0,COSTILLA COUNTY,1992,3190,2300000
5475,23,7190,Blanca,1992,288,2307190
5476,23,68105,San Luis,1992,762,2368105
5477,23,99990,Unincorporated Costilla County,1992,2140,2399990
5478,25,0,CROWLEY COUNTY,1992,4140,2500000
5479,25,18750,Crowley,1992,213,2518750
5480,25,55705,Olney Springs,1992,344,2555705
5481,25,56145,Ordway,1992,1054,2556145
5482,25,74815,Sugar City,1992,254,2574815
5483,25,99990,Unincorporated Crowley County,1992,2275,2599990
5484,27,0,CUSTER COUNTY,1992,2141,2700000
5485,27,70250,Silver Cliff,1992,362,2770250
5486,27,83450,Westcliffe,1992,341,2783450
5487,27,99990,Unincorporated Custer County,1992,1438,2799990
5488,29,0,DELTA COUNTY,1992,21869,2900000
5489,29,12635,Cedaredge,1992,1402,2912635
5490,29,17925,Crawford,1992,242,2917925
5491,29,19850,Delta,1992,3755,2919850
5492,29,37545,Hotchkiss,1992,778,2937545
5493,29,55980,Orchard City,1992,2311,2955980
5494,29,57300,Paonia,1992,1395,2957300
5495,29,99990,Unincorporated Delta County,1992,11986,2999990
5496,31,0,DENVER COUNTY,1992,488258,3100000
5497,31,20000,Denver,1992,488258,3120000
5498,33,0,DOLORES COUNTY,1992,1403,3300000
5499,33,21265,Dove Creek,1992,589,3321265
5500,33,64090,Rico,1992,87,3364090
5501,33,99990,Unincorporated Dolores County,1992,727,3399990
5502,35,0,DOUGLAS COUNTY,1992,75361,3500000
5503,35,4000,Aurora (Part),1992,4,3504000
5504,35,12387,Castle Pines,1992,,3512390
5505,35,12415,Castle Rock,1992,10365,3512415
5506,35,43550,Larkspur,1992,269,3543550
5507,35,45255,Littleton (Part),1992,150,3545255
5508,35,45955,Lone Tree,1992,,3545955
5509,35,57630,Parker,1992,6780,3557630
5510,35,99990,Unincorporated Douglas County,1992,57793,3599990
5511,37,0,EAGLE COUNTY,1992,24940,3700000
5512,37,4110,Avon,1992,2298,3704110
5513,37,4935,Basalt (Part),1992,1122,3704935
5514,37,22200,Eagle,1992,1737,3722200
5515,37,33695,Gypsum,1992,1942,3733695
5516,37,50920,Minturn,1992,1117,3750920
5517,37,63265,Red Cliff,1992,310,3763265
5518,37,80040,Vail,1992,3976,3780040
5519,37,99990,Unincorporated Eagle County,1992,12438,3799990
5520,39,0,ELBERT COUNTY,1992,10766,3900000
5521,39,23740,Elizabeth,1992,870,3923740
5522,39,40790,Kiowa,1992,307,3940790
5523,39,70635,Simla,1992,503,3970635
5524,39,99990,Unincorporated Elbert County,1992,9086,3999990
5525,41,0,EL PASO COUNTY,1992,422815,4100000
5526,41,11260,Calhan,1992,591,4111260
5527,41,16000,Colorado Springs,1992,299019,4116000
5528,41,27865,Fountain,1992,10922,4127865
5529,41,32650,Green Mountain Falls (Part),1992,656,4132650
5530,41,48445,Manitou Springs,1992,4702,4148445
5531,41,51800,Monument,1992,1198,4151800
5532,41,57025,Palmer Lake,1992,1620,4157025
5533,41,62660,Ramah,1992,98,4162660
5534,41,99990,Unincorporated El Paso County,1992,104009,4199990
5535,43,0,FREMONT COUNTY,1992,33818,4300000
5536,43,9115,Brookside,1992,190,4309115
5537,43,11810,Canon City,1992,13017,4311810
5538,43,15330,Coal Creek,1992,172,4315330
5539,43,27040,Florence,1992,3040,4327040
5540,43,64970,Rockvale,1992,338,4364970
5541,43,85155,Williamsburg,1992,255,4385155
5542,43,99990,Unincorporated Fremont County,1992,16806,4399990
5543,45,0,GARFIELD COUNTY,1992,31339,4500000
5544,45,12030,Carbonate,1992,0,4512030
5545,45,12045,Carbondale,1992,3102,4512045
5546,45,30780,Glenwood Springs,1992,6693,4530780
5547,45,53395,New Castle,1992,710,4553395
5548,45,57400,Parachute,1992,647,4557400
5549,45,64255,Rifle,1992,4969,4564255
5550,45,70195,Silt,1992,1136,4570195
5551,45,99990,Unincorporated Garfield County,1992,14082,4599990
5552,47,0,GILPIN COUNTY,1992,3244,4700000
5553,47,7025,Black Hawk,1992,222,4707025
5554,47,12910,Central City (Part),1992,396,4712910
5555,47,99990,Unincorporated Gilpin County,1992,2626,4799990
5556,49,0,GRAND COUNTY,1992,8604,4900000
5557,49,28305,Fraser,1992,625,4928305
5558,49,31605,Granby,1992,1040,4931605
5559,49,31715,Grand Lake,1992,286,4931715
5560,49,37600,Hot Sulphur Springs,1992,371,4937600
5561,49,41560,Kremmling,1992,1224,4941560
5562,49,85705,Winter Park,1992,521,4985705
5563,49,99990,Unincorporated Grand County,1992,4537,4999990
5564,51,0,GUNNISON COUNTY,1992,10776,5100000
5565,51,18310,Crested Butte,1992,909,5118310
5566,51,33640,Gunnison,1992,4755,5133640
5567,51,48555,Marble,1992,71,5148555
5568,51,52570,Mount Crested Butte,1992,352,5152570
5569,51,59830,Pitkin,1992,71,5159830
5570,51,99990,Unincorporated Gunnison County,1992,4618,5199990
5571,53,0,HINSDALE COUNTY,1992,504,5300000
5572,53,42330,Lake City,1992,238,5342330
5573,53,99990,Unincorporated Hinsdale County,1992,266,5399990
5574,55,0,HUERFANO COUNTY,1992,6181,5500000
5575,55,44100,La Veta,1992,757,5544100
5576,55,82350,Walsenburg,1992,3431,5582350
5577,55,99990,Unincorporated Huerfano County,1992,1993,5599990
5578,57,0,JACKSON COUNTY,1992,1574,5700000
5579,57,82130,Walden,1992,847,5782130
5580,57,99990,Unincorporated Jackson County,1992,727,5799990
5581,59,0,JEFFERSON COUNTY,1992,463540,5900000
5582,59,3455,Arvada (Part),1992,91118,5903455
5583,59,8070,Bow Mar (Part),1992,250,5908070
5584,59,9280,Broomfield (Part),1992,1511,5909280
5585,59,23135,Edgewater,1992,4997,5923135
5586,59,30835,Golden,1992,14063,5930835
5587,59,42495,Lakeside,1992,13,5942495
5588,59,43000,Lakewood,1992,132999,5943000
5589,59,45255,Littleton (Part),1992,,5945255
5590,59,52075,Morrison,1992,467,5952075
5591,59,52350,Mountain View,1992,577,5952350
5592,59,75640,Superior (Part),1992,,5975640
5593,59,83835,Westminster (Part),1992,34693,5983835
5594,59,84440,Wheat Ridge,1992,31045,5984440
5595,59,99990,Unincorporated Jefferson County,1992,151807,5999990
5596,61,0,KIOWA COUNTY,1992,1695,6100000
5597,61,22145,Eads,1992,779,6122145
5598,61,34740,Haswell,1992,64,6134740
5599,61,69700,Sheridan Lake,1992,91,6169700
5600,61,99990,Unincorporated Kiowa County,1992,761,6199990
5601,63,0,KIT CARSON COUNTY,1992,7232,6300000
5602,63,6530,Bethune,1992,177,6306530
5603,63,10600,Burlington,1992,3030,6310600
5604,63,26765,Flagler,1992,569,6326765
5605,63,69040,Seibert,1992,180,6369040
5606,63,74485,Stratton,1992,652,6374485
5607,63,81690,Vona,1992,102,6381690
5608,63,99990,Unincorporated Kit Carson County,1992,2522,6399990
5609,65,0,LAKE COUNTY,1992,6209,6500000
5610,65,44320,Leadville,1992,2655,6544320
5611,65,99990,Unincorporated Lake County,1992,3554,6599990
5612,67,0,LA PLATA COUNTY,1992,34429,6700000
5613,67,5265,Bayfield,1992,1153,6705265
5614,67,22035,Durango,1992,12927,6722035
5615,67,38535,Ignacio,1992,729,6738535
5616,67,99990,Unincorporated La Plata County,1992,19620,6799990
5617,69,0,LARIMER COUNTY,1992,199666,6900000
5618,69,6255,Berthoud (Part),1992,3211,6906255
5619,69,25115,Estes Park,1992,3485,6925115
5620,69,27425,Fort Collins,1992,93846,6927425
5621,69,39855,Johnstown (Part),1992,,6939855
5622,69,46465,Loveland,1992,39665,6946465
5623,69,77510,Timnath (Part),1992,201,6977510
5624,69,83230,Wellington,1992,1479,6983230
5625,69,85485,Windsor (Part),1992,,6985485
5626,69,99990,Unincorporated Larimer County,1992,57779,6999990
5627,71,0,LAS ANIMAS COUNTY,1992,14029,7100000
5628,71,760,Aguilar,1992,528,7100760
5629,71,8345,Branson,1992,62,7108345
5630,71,15550,Cokedale,1992,121,7115550
5631,71,40570,Kim,1992,76,7140570
5632,71,73715,Starkville,1992,110,7173715
5633,71,78610,Trinidad,1992,8642,7178610
5634,71,99990,Unincorporated Las Animas County,1992,4490,7199990
5635,73,0,LINCOLN COUNTY,1992,5975,7300000
5636,73,3235,Arriba,1992,271,7303235
5637,73,29680,Genoa,1992,210,7329680
5638,73,37875,Hugo,1992,839,7337875
5639,73,44980,Limon,1992,2211,7344980
5640,73,99990,Unincorporated Lincoln County,1992,2444,7399990
5641,75,0,LOGAN COUNTY,1992,17562,7500000
5642,75,18640,Crook,1992,142,7518640
5643,75,26875,Fleming,1992,339,7526875
5644,75,38590,Iliff,1992,173,7538590
5645,75,50040,Merino,1992,236,7550040
5646,75,58235,Peetz,1992,187,7558235
5647,75,73935,Sterling,1992,10072,7573935
5648,75,99990,Unincorporated Logan County,1992,6413,7599990
5649,77,0,MESA COUNTY,1992,97411,7700000
5650,77,15605,Collbran,1992,249,7715605
5651,77,19355,De Beque,1992,261,7719355
5652,77,28745,Fruita,1992,4263,7728745
5653,77,31660,Grand Junction,1992,30984,7731660
5654,77,56970,Palisade,1992,1993,7756970
5655,77,99990,Unincorporated Mesa County,1992,59661,7799990
5656,79,0,MINERAL COUNTY,1992,590,7900000
5657,79,14765,City of Creede,1992,359,7914765
5658,79,99990,Unincorporated Mineral County,1992,231,7999990
5659,81,0,MOFFAT COUNTY,1992,11692,8100000
5660,81,17760,Craig,1992,8268,8117760
5661,81,20495,Dinosaur,1992,325,8120495
5662,81,99990,Unincorporated Moffat County,1992,3099,8199990
5663,83,0,MONTEZUMA COUNTY,1992,19651,8300000
5664,83,17375,Cortez,1992,7549,8317375
5665,83,20770,Dolores,1992,910,8320770
5666,83,48115,Mancos,1992,879,8348115
5667,83,99990,Unincorporated Montezuma County,1992,10313,8399990
5668,85,0,MONTROSE COUNTY,1992,26223,8500000
5669,85,51745,Montrose,1992,9346,8551745
5670,85,53120,Naturita,1992,429,8553120
5671,85,54935,Nucla,1992,693,8554935
5672,85,55540,Olathe,1992,1334,8555540
5673,85,99990,Unincorporated Montrose County,1992,14421,8599990
5674,87,0,MORGAN COUNTY,1992,23482,8700000
5675,87,9555,Brush,1992,4439,8709555
5676,87,27810,Fort Morgan,1992,9781,8727810
5677,87,36610,Hillrose,1992,179,8736610
5678,87,45695,Log Lane Village,1992,733,8745695
5679,87,84770,Wiggins,1992,556,8784770
5680,87,99990,Unincorporated Morgan County,1992,7794,8799990
5681,89,0,OTERO COUNTY,1992,20294,8900000
5682,89,13460,Cheraw,1992,254,8913460
5683,89,27975,Fowler,1992,1173,8927975
5684,89,42110,La Junta,1992,7662,8942110
5685,89,48500,Manzanola,1992,461,8948500
5686,89,65190,Rocky Ford,1992,4222,8965190
5687,89,75970,Swink,1992,605,8975970
5688,89,99990,Unincorporated Otero County,1992,5917,8999990
5689,91,0,OURAY COUNTY,1992,2535,9100000
5690,91,56420,Ouray,1992,684,9156420
5691,91,64200,Ridgway,1992,459,9164200
5692,91,99990,Unincorporated Ouray County,1992,1392,9199990
5693,93,0,PARK COUNTY,1992,8092,9300000
5694,93,1530,Alma,1992,154,9301530
5695,93,25610,Fairplay,1992,431,9325610
5696,93,99990,Unincorporated Park County,1992,7507,9399990
5697,95,0,PHILLIPS COUNTY,1992,4231,9500000
5698,95,34960,Haxtun,1992,954,9534960
5699,95,37270,Holyoke,1992,1998,9537270
5700,95,57245,Paoli,1992,28,9557245
5701,95,99990,Unincorporated Phillips County,1992,1251,9599990
5702,97,0,PITKIN COUNTY,1992,13371,9700000
5703,97,3620,Aspen,1992,5257,9703620
5704,97,4935,Basalt (Part),1992,165,9704935
5705,97,71755,Snowmass Village,1992,1548,9771755
5706,97,99990,Unincorporated Pitkin County,1992,6401,9799990
5707,99,0,PROWERS COUNTY,1992,13105,9900000
5708,99,31550,Granada,1992,512,9931550
5709,99,34520,Hartman,1992,106,9934520
5710,99,37215,Holly,1992,879,9937215
5711,99,43110,Lamar,1992,8149,9943110
5712,99,85045,Wiley,1992,403,9985045
5713,99,99990,Unincorporated Prowers County,1992,3056,9999990
5714,101,0,PUEBLO COUNTY,1992,124410,10100000
5715,101,7795,Boone,1992,338,10107795
5716,101,62000,Pueblo,1992,99374,10162000
5717,101,66895,Rye,1992,179,10166895
5718,101,99990,Unincorporated Pueblo County,1992,24519,10199990
5719,103,0,RIO BLANCO COUNTY,1992,6180,10300000
5720,103,49875,Meeker,1992,2203,10349875
5721,103,62880,Rangely,1992,2319,10362880
5722,103,99990,Unincorporated Rio Blanco County,1992,1658,10399990
5723,105,0,RIO GRANDE COUNTY,1992,10940,10500000
5724,105,12855,Center (Part),1992,8,10512855
5725,105,19795,Del Norte,1992,1669,10519795
5726,105,51635,Monte Vista,1992,4329,10551635
5727,105,72395,South Fork,1992,,10572395
5728,105,99990,Unincorporated Rio Grande County,1992,4934,10599990
5729,107,0,ROUTT COUNTY,1992,15149,10700000
5730,107,35070,Hayden,1992,1508,10735070
5731,107,55155,Oak Creek,1992,694,10755155
5732,107,73825,Steamboat Springs,1992,7221,10773825
5733,107,86475,Yampa,1992,341,10786475
5734,107,99990,Unincorporated Routt County,1992,5385,10799990
5735,109,0,SAGUACHE COUNTY,1992,4788,10900000
5736,109,7571,Bonza City,1992,13,10907571
5737,109,12855,Center (Part),1992,2060,10912855
5738,109,18420,Crestone,1992,51,10918420
5739,109,51250,Moffat,1992,92,10951250
5740,109,67005,Saguache,1992,604,10967005
5741,109,99990,Unincorporated Saguache County,1992,1968,10999990
5742,111,0,SAN JUAN COUNTY,1992,574,11100000
5743,111,70580,Silverton,1992,552,11170580
5744,111,99990,Unincorporated San Juan County,1992,22,11199990
5745,113,0,SAN MIGUEL COUNTY,1992,4565,11300000
5746,113,52550,Mountain Village,1992,,11352550
5747,113,54880,Norwood,1992,472,11354880
5748,113,55870,Ophir,1992,82,11355870
5749,113,68655,Sawpit,1992,42,11368655
5750,113,76795,Telluride,1992,1576,11376795
5751,113,99990,Unincorporated San Miguel County,1992,2393,11399990
5752,115,0,SEDGWICK COUNTY,1992,2629,11500000
5753,115,39965,Julesburg,1992,1291,11539965
5754,115,56475,Ovid,1992,336,11556475
5755,115,68930,Sedgwick,1992,182,11568930
5756,115,99990,Unincorporated Sedgwick County,1992,820,11599990
5757,117,0,SUMMIT COUNTY,1992,13840,11700000
5758,117,7410,Blue River,1992,459,11707410
5759,117,8400,Breckenridge,1992,1390,11708400
5760,117,20440,Dillon,1992,586,11720440
5761,117,28690,Frisco,1992,1612,11728690
5762,117,40550,Keystone,1992,,11740555
5763,117,51690,Montezuma,1992,56,11751690
5764,117,70525,Silverthorne,1992,1840,11770525
5765,117,99990,Unincorporated Summit County,1992,7897,11799990
5766,119,0,TELLER COUNTY,1992,13670,11900000
5767,119,18530,Cripple Creek,1992,607,11918530
5768,119,32650,Green Mountain Falls (Part),1992,31,11932650
5769,119,80865,Victor,1992,284,11980865
5770,119,86090,Woodland Park,1992,4945,11986090
5771,119,99990,Unincorporated Teller County,1992,7803,11999990
5772,121,0,WASHINGTON COUNTY,1992,4886,12100000
5773,121,925,Akron,1992,1643,12100925
5774,121,56365,Otis,1992,472,12156365
5775,121,99990,Unincorporated Washington County,1992,2771,12199990
5776,123,0,WELD COUNTY,1992,140122,12300000
5777,123,3950,Ault,1992,1188,12303950
5778,123,6255,Berthoud (Part),1992,,12306255
5779,123,8675,Brighton (Part),1992,31,12308675
5780,123,9280,Broomfield (Part),1992,3,12309280
5781,123,19080,Dacono,1992,2380,12319080
5782,123,22860,Eaton,1992,2060,12322860
5783,123,24950,Erie (Part),1992,1679,12324950
5784,123,25280,Evans,1992,6250,12325280
5785,123,26600,Firestone,1992,1422,12326600
5786,123,27700,Fort Lupton,1992,5458,12327700
5787,123,28360,Frederick,1992,1091,12328360
5788,123,29185,Garden City,1992,224,12329185
5789,123,29955,Gilcrest,1992,1130,12329955
5790,123,32155,Greeley,1992,63369,12332155
5791,123,33310,Grover,1992,142,12333310
5792,123,37820,Hudson,1992,980,12337820
5793,123,39855,Johnstown (Part),1992,1656,12339855
5794,123,40185,Keenesburg,1992,621,12340185
5795,123,40515,Kersey,1992,1066,12340515
5796,123,43605,La Salle,1992,1871,12343605
5797,123,45530,Lochbuie (Part),1992,1355,12345530
5798,123,45970,Longmont (Part),1992,,12345970
5799,123,49600,Mead,1992,490,12349600
5800,123,50480,Milliken,1992,1689,12350480
5801,123,54330,Northglenn (Part),1992,9,12354330
5802,123,55045,Nunn,1992,355,12355045
5803,123,59005,Pierce,1992,849,12359005
5804,123,60160,Platteville,1992,1577,12360160
5805,123,63045,Raymer,1992,98,12363045
5806,123,69150,Severance,1992,116,12369150
5807,123,77290,Thornton (Part),1992,,12377290
5808,123,77510,Timnath (Part),1992,,12377510
5809,123,85485,Windsor (Part),1992,5292,12385485
5810,123,99990,Unincorporated Weld County,1992,35671,12399990
5811,125,0,YUMA COUNTY,1992,9001,12500000
5812,125,23025,Eckley,1992,225,12523025
5813,125,86310,Wray,1992,2016,12586310
5814,125,86750,Yuma,1992,2757,12586750
5815,125,99990,Unincorporated Yuma County,1992,4003,12599990
5816,999,3455,Arvada (Total),1992,93605,99903455
5817,999,4000,Aurora (Total),1992,239535,99904000
5818,999,4935,Basalt (Total),1992,1287,99904935
5819,999,6090,Bennett (Total),1992,1828,99906090
5820,999,6255,Berthoud (Total),1992,3211,99906255
5821,999,8070,Bow Mar (Total),1992,896,99908070
5822,999,8675,Brighton (Total),1992,15253,99908675
5823,999,9280,Broomfield (Total),1992,25282,99909280
5824,999,12855,Center (Total),1992,2068,99912855
5825,999,12910,Central City (Total),1992,396,99912910
5826,999,24950,Erie (Total),1992,1692,99924950
5827,999,32650,Green Mountain Falls (Total),1992,687,99932650
5828,999,39855,Johnstown (Total),1992,1656,99939855
5829,999,45255,Littleton (Total),1992,35646,99945255
5830,999,45530,Lochbuie (Total),1992,1355,99945530
5831,999,45970,Longmont (Total),1992,54224,99945970
5832,999,54330,Northglenn (Total),1992,27962,99954330
5833,999,75640,Superior (Total),1992,313,99975640
5834,999,77290,Thornton (Total),1992,57647,99977290
5835,999,77510,Timnath (Total),1992,201,99977510
5836,999,83835,Westminster (Total),1992,78721,99983835
5837,999,85485,Windsor (Total),1992,5292,99985485
5838,0,0,COLORADO STATE,1993,3605038,0
5839,1,0,ADAMS COUNTY,1993,290777,100000
5840,1,3455,Arvada (Part),1993,2534,103455
5841,1,4000,Aurora (Part),1993,31863,104000
5842,1,6090,Bennett (Part),1993,1836,106090
5843,1,8675,Brighton (Part),1993,15755,108675
5844,1,9280,Broomfield (Part),1993,8085,109280
5845,1,16495,Commerce City,1993,18226,116495
5846,1,26270,Federal Heights,1993,10268,126270
5847,1,45530,Lochbuie (Part),1993,,145530
5848,1,54330,Northglenn (Part),1993,27875,154330
5849,1,77290,Thornton (Part),1993,59474,177290
5850,1,83835,Westminster (Part),1993,45971,183835
5851,1,99990,Unincorporated Adams County,1993,68890,199990
5852,3,0,ALAMOSA COUNTY,1993,13657,300000
5853,3,1090,Alamosa,1993,7428,301090
5854,3,37380,Hooper,1993,114,337380
5855,3,99990,Unincorporated Alamosa County,1993,6115,399990
5856,5,0,ARAPAHOE COUNTY,1993,427470,500000
5857,5,4000,Aurora (Part),1993,212635,504000
5858,5,6090,Bennett (Part),1993,,506090
5859,5,8070,Bow Mar (Part),1993,648,508070
5860,5,12815,Centennial,1993,,512815
5861,5,13845,Cherry Hills Village,1993,5838,513845
5862,5,16385,Columbine Valley,1993,1140,516385
5863,5,19630,Deer Trail,1993,537,519630
5864,5,24785,Englewood,1993,31258,524785
5865,5,28105,Foxfield,1993,,528105
5866,5,30340,Glendale,1993,2991,530340
5867,5,33035,Greenwood Village,1993,8119,533035
5868,5,45255,Littleton (Part),1993,35823,545255
5869,5,69645,Sheridan,1993,5425,569645
5870,5,99990,Unincorporated Arapahoe County,1993,123056,599990
5871,7,0,ARCHULETA COUNTY,1993,6177,700000
5872,7,56860,Pagosa Springs,1993,1291,756860
5873,7,99990,Unincorporated Archuleta County,1993,4886,799990
5874,9,0,BACA COUNTY,1993,4326,900000
5875,9,11645,Campo,1993,127,911645
5876,9,61315,Pritchett,1993,142,961315
5877,9,73330,Springfield,1993,1416,973330
5878,9,79270,Two Buttes,1993,62,979270
5879,9,81030,Vilas,1993,104,981030
5880,9,82460,Walsh,1993,664,982460
5881,9,99990,Unincorporated Baca County,1993,1811,999990
5882,11,0,BENT COUNTY,1993,5350,1100000
5883,11,43660,Las Animas,1993,2575,1143660
5884,11,99990,Unincorporated Bent County,1993,2775,1199990
5885,13,0,BOULDER COUNTY,1993,247275,1300000
5886,13,7850,Boulder,1993,92178,1307850
5887,13,9280,Broomfield (Part),1993,17395,1309280
5888,13,24950,Erie (Part),1993,13,1324950
5889,13,39195,Jamestown,1993,246,1339195
5890,13,41835,Lafayette,1993,15745,1341835
5891,13,45970,Longmont (Part),1993,55359,1345970
5892,13,46355,Louisville,1993,16209,1346355
5893,13,47070,Lyons,1993,1276,1347070
5894,13,53175,Nederland,1993,1215,1353175
5895,13,75640,Superior (Part),1993,1200,1375640
5896,13,82735,Ward,1993,168,1382735
5897,13,99990,Unincorporated Boulder County,1993,46271,1399990
5898,14,0,BROOMFIELD COUNTY,1993,,1400000
5899,14,9280,Broomfield,1993,,1409280
5900,15,0,CHAFFEE COUNTY,1993,13700,1500000
5901,15,10105,Buena Vista,1993,1873,1510105
5902,15,60600,Poncha Springs,1993,305,1560600
5903,15,67280,Salida,1993,4966,1567280
5904,15,99990,Unincorporated Chaffee County,1993,6556,1599990
5905,17,0,CHEYENNE COUNTY,1993,2306,1700000
5906,17,14175,Cheyenne Wells,1993,1071,1714175
5907,17,41010,Kit Carson,1993,283,1741010
5908,17,99990,Unincorporated Cheyenne County,1993,952,1799990
5909,19,0,CLEAR CREEK COUNTY,1993,8037,1900000
5910,19,12910,Central City (Part),1993,,1912910
5911,19,24620,Empire,1993,387,1924620
5912,19,29735,Georgetown,1993,899,1929735
5913,19,38370,Idaho Springs,1993,1914,1938370
5914,19,70360,Silver Plume,1993,146,1970360
5915,19,99990,Unincorporated Clear Creek County,1993,4691,1999990
5916,21,0,CONEJOS COUNTY,1993,7642,2100000
5917,21,2355,Antonito,1993,865,2102355
5918,21,42055,La Jara,1993,757,2142055
5919,21,48060,Massa,1993,992,2148060
5920,21,65740,Romeo,1993,348,2165740
5921,21,67830,Sanford,1993,762,2167830
5922,21,99990,Unincorporated Conejos County,1993,3918,2199990
5923,23,0,COSTILLA COUNTY,1993,3337,2300000
5924,23,7190,Blanca,1993,307,2307190
5925,23,68105,San Luis,1993,782,2368105
5926,23,99990,Unincorporated Costilla County,1993,2248,2399990
5927,25,0,CROWLEY COUNTY,1993,4145,2500000
5928,25,18750,Crowley,1993,211,2518750
5929,25,55705,Olney Springs,1993,349,2555705
5930,25,56145,Ordway,1993,1083,2556145
5931,25,74815,Sugar City,1993,257,2574815
5932,25,99990,Unincorporated Crowley County,1993,2245,2599990
5933,27,0,CUSTER COUNTY,1993,2323,2700000
5934,27,70250,Silver Cliff,1993,386,2770250
5935,27,83450,Westcliffe,1993,357,2783450
5936,27,99990,Unincorporated Custer County,1993,1580,2799990
5937,29,0,DELTA COUNTY,1993,23233,2900000
5938,29,12635,Cedaredge,1993,1478,2912635
5939,29,17925,Crawford,1993,261,2917925
5940,29,19850,Delta,1993,4080,2919850
5941,29,37545,Hotchkiss,1993,824,2937545
5942,29,55980,Orchard City,1993,2434,2955980
5943,29,57300,Paonia,1993,1454,2957300
5944,29,99990,Unincorporated Delta County,1993,12702,2999990
5945,31,0,DENVER COUNTY,1993,501335,3100000
5946,31,20000,Denver,1993,501335,3120000
5947,33,0,DOLORES COUNTY,1993,1426,3300000
5948,33,21265,Dove Creek,1993,589,3321265
5949,33,64090,Rico,1993,118,3364090
5950,33,99990,Unincorporated Dolores County,1993,719,3399990
5951,35,0,DOUGLAS COUNTY,1993,83132,3500000
5952,35,4000,Aurora (Part),1993,3,3504000
5953,35,12387,Castle Pines,1993,,3512390
5954,35,12415,Castle Rock,1993,10611,3512415
5955,35,43550,Larkspur,1993,285,3543550
5956,35,45255,Littleton (Part),1993,148,3545255
5957,35,45955,Lone Tree,1993,,3545955
5958,35,57630,Parker,1993,8404,3557630
5959,35,99990,Unincorporated Douglas County,1993,63681,3599990
5960,37,0,EAGLE COUNTY,1993,26832,3700000
5961,37,4110,Avon,1993,2976,3704110
5962,37,4935,Basalt (Part),1993,1106,3704935
5963,37,22200,Eagle,1993,1725,3722200
5964,37,33695,Gypsum,1993,2007,3733695
5965,37,50920,Minturn,1993,1088,3750920
5966,37,63265,Red Cliff,1993,298,3763265
5967,37,80040,Vail,1993,3938,3780040
5968,37,99990,Unincorporated Eagle County,1993,13694,3799990
5969,39,0,ELBERT COUNTY,1993,11542,3900000
5970,39,23740,Elizabeth,1993,860,3923740
5971,39,40790,Kiowa,1993,353,3940790
5972,39,70635,Simla,1993,501,3970635
5973,39,99990,Unincorporated Elbert County,1993,9828,3999990
5974,41,0,EL PASO COUNTY,1993,437135,4100000
5975,41,11260,Calhan,1993,596,4111260
5976,41,16000,Colorado Springs,1993,309226,4116000
5977,41,27865,Fountain,1993,11307,4127865
5978,41,32650,Green Mountain Falls (Part),1993,673,4132650
5979,41,48445,Manitou Springs,1993,4797,4148445
5980,41,51800,Monument,1993,1286,4151800
5981,41,57025,Palmer Lake,1993,1686,4157025
5982,41,62660,Ramah,1993,98,4162660
5983,41,99990,Unincorporated El Paso County,1993,107466,4199990
5984,43,0,FREMONT COUNTY,1993,36507,4300000
5985,43,9115,Brookside,1993,206,4309115
5986,43,11810,Canon City,1993,13812,4311810
5987,43,15330,Coal Creek,1993,190,4315330
5988,43,27040,Florence,1993,3244,4327040
5989,43,64970,Rockvale,1993,366,4364970
5990,43,85155,Williamsburg,1993,441,4385155
5991,43,99990,Unincorporated Fremont County,1993,18248,4399990
5992,45,0,GARFIELD COUNTY,1993,32574,4500000
5993,45,12030,Carbonate,1993,0,4512030
5994,45,12045,Carbondale,1993,3336,4512045
5995,45,30780,Glenwood Springs,1993,6907,4530780
5996,45,53395,New Castle,1993,792,4553395
5997,45,57400,Parachute,1993,631,4557400
5998,45,64255,Rifle,1993,4986,4564255
5999,45,70195,Silt,1993,1159,4570195
6000,45,99990,Unincorporated Garfield County,1993,14763,4599990
6001,47,0,GILPIN COUNTY,1993,3376,4700000
6002,47,7025,Black Hawk,1993,216,4707025
6003,47,12910,Central City (Part),1993,426,4712910
6004,47,99990,Unincorporated Gilpin County,1993,2734,4799990
6005,49,0,GRAND COUNTY,1993,8925,4900000
6006,49,28305,Fraser,1993,648,4928305
6007,49,31605,Granby,1993,1074,4931605
6008,49,31715,Grand Lake,1993,296,4931715
6009,49,37600,Hot Sulphur Springs,1993,385,4937600
6010,49,41560,Kremmling,1993,1249,4941560
6011,49,85705,Winter Park,1993,513,4985705
6012,49,99990,Unincorporated Grand County,1993,4760,4999990
6013,51,0,GUNNISON COUNTY,1993,11311,5100000
6014,51,18310,Crested Butte,1993,980,5118310
6015,51,33640,Gunnison,1993,4911,5133640
6016,51,48555,Marble,1993,76,5148555
6017,51,52570,Mount Crested Butte,1993,355,5152570
6018,51,59830,Pitkin,1993,102,5159830
6019,51,99990,Unincorporated Gunnison County,1993,4887,5199990
6020,53,0,HINSDALE COUNTY,1993,546,5300000
6021,53,42330,Lake City,1993,266,5342330
6022,53,99990,Unincorporated Hinsdale County,1993,280,5399990
6023,55,0,HUERFANO COUNTY,1993,6439,5500000
6024,55,44100,La Veta,1993,744,5544100
6025,55,82350,Walsenburg,1993,3669,5582350
6026,55,99990,Unincorporated Huerfano County,1993,2026,5599990
6027,57,0,JACKSON COUNTY,1993,1632,5700000
6028,57,82130,Walden,1993,869,5782130
6029,57,99990,Unincorporated Jackson County,1993,763,5799990
6030,59,0,JEFFERSON COUNTY,1993,476208,5900000
6031,59,3455,Arvada (Part),1993,92021,5903455
6032,59,8070,Bow Mar (Part),1993,248,5908070
6033,59,9280,Broomfield (Part),1993,1467,5909280
6034,59,23135,Edgewater,1993,5019,5923135
6035,59,30835,Golden,1993,14407,5930835
6036,59,42495,Lakeside,1993,14,5942495
6037,59,43000,Lakewood,1993,134922,5943000
6038,59,45255,Littleton (Part),1993,,5945255
6039,59,52075,Morrison,1993,456,5952075
6040,59,52350,Mountain View,1993,572,5952350
6041,59,75640,Superior (Part),1993,,5975640
6042,59,83835,Westminster (Part),1993,35667,5983835
6043,59,84440,Wheat Ridge,1993,31776,5984440
6044,59,99990,Unincorporated Jefferson County,1993,159639,5999990
6045,61,0,KIOWA COUNTY,1993,1698,6100000
6046,61,22145,Eads,1993,789,6122145
6047,61,34740,Haswell,1993,84,6134740
6048,61,69700,Sheridan Lake,1993,89,6169700
6049,61,99990,Unincorporated Kiowa County,1993,736,6199990
6050,63,0,KIT CARSON COUNTY,1993,7267,6300000
6051,63,6530,Bethune,1993,176,6306530
6052,63,10600,Burlington,1993,3073,6310600
6053,63,26765,Flagler,1993,573,6326765
6054,63,69040,Seibert,1993,201,6369040
6055,63,74485,Stratton,1993,648,6374485
6056,63,81690,Vona,1993,101,6381690
6057,63,99990,Unincorporated Kit Carson County,1993,2495,6399990
6058,65,0,LAKE COUNTY,1993,6271,6500000
6059,65,44320,Leadville,1993,2639,6544320
6060,65,99990,Unincorporated Lake County,1993,3632,6599990
6061,67,0,LA PLATA COUNTY,1993,35598,6700000
6062,67,5265,Bayfield,1993,1225,6705265
6063,67,22035,Durango,1993,12993,6722035
6064,67,38535,Ignacio,1993,709,6738535
6065,67,99990,Unincorporated La Plata County,1993,20671,6799990
6066,69,0,LARIMER COUNTY,1993,206844,6900000
6067,69,6255,Berthoud (Part),1993,3433,6906255
6068,69,25115,Estes Park,1993,3694,6925115
6069,69,27425,Fort Collins,1993,96972,6927425
6070,69,39855,Johnstown (Part),1993,,6939855
6071,69,46465,Loveland,1993,41082,6946465
6072,69,77510,Timnath (Part),1993,204,6977510
6073,69,83230,Wellington,1993,1554,6983230
6074,69,85485,Windsor (Part),1993,,6985485
6075,69,99990,Unincorporated Larimer County,1993,59905,6999990
6076,71,0,LAS ANIMAS COUNTY,1993,14212,7100000
6077,71,760,Aguilar,1993,558,7100760
6078,71,8345,Branson,1993,58,7108345
6079,71,15550,Cokedale,1993,123,7115550
6080,71,40570,Kim,1993,69,7140570
6081,71,73715,Starkville,1993,102,7173715
6082,71,78610,Trinidad,1993,8730,7178610
6083,71,99990,Unincorporated Las Animas County,1993,4572,7199990
6084,73,0,LINCOLN COUNTY,1993,5878,7300000
6085,73,3235,Arriba,1993,242,7303235
6086,73,29680,Genoa,1993,189,7329680
6087,73,37875,Hugo,1993,765,7337875
6088,73,44980,Limon,1993,2043,7344980
6089,73,99990,Unincorporated Lincoln County,1993,2639,7399990
6090,75,0,LOGAN COUNTY,1993,17959,7500000
6091,75,18640,Crook,1993,137,7518640
6092,75,26875,Fleming,1993,331,7526875
6093,75,38590,Iliff,1993,169,7538590
6094,75,50040,Merino,1993,231,7550040
6095,75,58235,Peetz,1993,187,7558235
6096,75,73935,Sterling,1993,10418,7573935
6097,75,99990,Unincorporated Logan County,1993,6486,7599990
6098,77,0,MESA COUNTY,1993,99903,7700000
6099,77,15605,Collbran,1993,318,7715605
6100,77,19355,De Beque,1993,263,7719355
6101,77,28745,Fruita,1993,4379,7728745
6102,77,31660,Grand Junction,1993,33473,7731660
6103,77,56970,Palisade,1993,2048,7756970
6104,77,99990,Unincorporated Mesa County,1993,59422,7799990
6105,79,0,MINERAL COUNTY,1993,600,7900000
6106,79,14765,City of Creede,1993,347,7914765
6107,79,99990,Unincorporated Mineral County,1993,253,7999990
6108,81,0,MOFFAT COUNTY,1993,11797,8100000
6109,81,17760,Craig,1993,8337,8117760
6110,81,20495,Dinosaur,1993,323,8120495
6111,81,99990,Unincorporated Moffat County,1993,3137,8199990
6112,83,0,MONTEZUMA COUNTY,1993,20640,8300000
6113,83,17375,Cortez,1993,7918,8317375
6114,83,20770,Dolores,1993,929,8320770
6115,83,48115,Mancos,1993,930,8348115
6116,83,99990,Unincorporated Montezuma County,1993,10863,8399990
6117,85,0,MONTROSE COUNTY,1993,27287,8500000
6118,85,51745,Montrose,1993,9893,8551745
6119,85,53120,Naturita,1993,419,8553120
6120,85,54935,Nucla,1993,703,8554935
6121,85,55540,Olathe,1993,1346,8555540
6122,85,99990,Unincorporated Montrose County,1993,14926,8599990
6123,87,0,MORGAN COUNTY,1993,24241,8700000
6124,87,9555,Brush,1993,4553,8709555
6125,87,27810,Fort Morgan,1993,10114,8727810
6126,87,36610,Hillrose,1993,181,8736610
6127,87,45695,Log Lane Village,1993,759,8745695
6128,87,84770,Wiggins,1993,607,8784770
6129,87,99990,Unincorporated Morgan County,1993,8027,8799990
6130,89,0,OTERO COUNTY,1993,20435,8900000
6131,89,13460,Cheraw,1993,250,8913460
6132,89,27975,Fowler,1993,1182,8927975
6133,89,42110,La Junta,1993,7700,8942110
6134,89,48500,Manzanola,1993,470,8948500
6135,89,65190,Rocky Ford,1993,4255,8965190
6136,89,75970,Swink,1993,621,8975970
6137,89,99990,Unincorporated Otero County,1993,5957,8999990
6138,91,0,OURAY COUNTY,1993,2653,9100000
6139,91,56420,Ouray,1993,694,9156420
6140,91,64200,Ridgway,1993,471,9164200
6141,91,99990,Unincorporated Ouray County,1993,1488,9199990
6142,93,0,PARK COUNTY,1993,8581,9300000
6143,93,1530,Alma,1993,149,9301530
6144,93,25610,Fairplay,1993,434,9325610
6145,93,99990,Unincorporated Park County,1993,7998,9399990
6146,95,0,PHILLIPS COUNTY,1993,4378,9500000
6147,95,34960,Haxtun,1993,976,9534960
6148,95,37270,Holyoke,1993,2080,9537270
6149,95,57245,Paoli,1993,41,9557245
6150,95,99990,Unincorporated Phillips County,1993,1281,9599990
6151,97,0,PITKIN COUNTY,1993,14061,9700000
6152,97,3620,Aspen,1993,5449,9703620
6153,97,4935,Basalt (Part),1993,252,9704935
6154,97,71755,Snowmass Village,1993,1601,9771755
6155,97,99990,Unincorporated Pitkin County,1993,6759,9799990
6156,99,0,PROWERS COUNTY,1993,13422,9900000
6157,99,31550,Granada,1993,533,9931550
6158,99,34520,Hartman,1993,110,9934520
6159,99,37215,Holly,1993,907,9937215
6160,99,43110,Lamar,1993,8309,9943110
6161,99,85045,Wiley,1993,416,9985045
6162,99,99990,Unincorporated Prowers County,1993,3147,9999990
6163,101,0,PUEBLO COUNTY,1993,126348,10100000
6164,101,7795,Boone,1993,339,10107795
6165,101,62000,Pueblo,1993,100738,10162000
6166,101,66895,Rye,1993,185,10166895
6167,101,99990,Unincorporated Pueblo County,1993,25086,10199990
6168,103,0,RIO BLANCO COUNTY,1993,6259,10300000
6169,103,49875,Meeker,1993,2231,10349875
6170,103,62880,Rangely,1993,2330,10362880
6171,103,99990,Unincorporated Rio Blanco County,1993,1698,10399990
6172,105,0,RIO GRANDE COUNTY,1993,11211,10500000
6173,105,12855,Center (Part),1993,10,10512855
6174,105,19795,Del Norte,1993,1701,10519795
6175,105,51635,Monte Vista,1993,4400,10551635
6176,105,72395,South Fork,1993,359,10572395
6177,105,99990,Unincorporated Rio Grande County,1993,4741,10599990
6178,107,0,ROUTT COUNTY,1993,15924,10700000
6179,107,35070,Hayden,1993,1541,10735070
6180,107,55155,Oak Creek,1993,688,10755155
6181,107,73825,Steamboat Springs,1993,7726,10773825
6182,107,86475,Yampa,1993,347,10786475
6183,107,99990,Unincorporated Routt County,1993,5622,10799990
6184,109,0,SAGUACHE COUNTY,1993,4826,10900000
6185,109,7571,Bonza City,1993,13,10907571
6186,109,12855,Center (Part),1993,2120,10912855
6187,109,18420,Crestone,1993,49,10918420
6188,109,51250,Moffat,1993,87,10951250
6189,109,67005,Saguache,1993,598,10967005
6190,109,99990,Unincorporated Saguache County,1993,1959,10999990
6191,111,0,SAN JUAN COUNTY,1993,540,11100000
6192,111,70580,Silverton,1993,519,11170580
6193,111,99990,Unincorporated San Juan County,1993,21,11199990
6194,113,0,SAN MIGUEL COUNTY,1993,4864,11300000
6195,113,52550,Mountain Village,1993,,11352550
6196,113,54880,Norwood,1993,469,11354880
6197,113,55870,Ophir,1993,83,11355870
6198,113,68655,Sawpit,1993,40,11368655
6199,113,76795,Telluride,1993,1401,11376795
6200,113,99990,Unincorporated San Miguel County,1993,2871,11399990
6201,115,0,SEDGWICK COUNTY,1993,2649,11500000
6202,115,39965,Julesburg,1993,1312,11539965
6203,115,56475,Ovid,1993,336,11556475
6204,115,68930,Sedgwick,1993,185,11568930
6205,115,99990,Unincorporated Sedgwick County,1993,816,11599990
6206,117,0,SUMMIT COUNTY,1993,15194,11700000
6207,117,7410,Blue River,1993,488,11707410
6208,117,8400,Breckenridge,1993,1514,11708400
6209,117,20440,Dillon,1993,634,11720440
6210,117,28690,Frisco,1993,1717,11728690
6211,117,40550,Keystone,1993,,11740555
6212,117,51690,Montezuma,1993,55,11751690
6213,117,70525,Silverthorne,1993,2053,11770525
6214,117,99990,Unincorporated Summit County,1993,8733,11799990
6215,119,0,TELLER COUNTY,1993,14735,11900000
6216,119,18530,Cripple Creek,1993,615,11918530
6217,119,32650,Green Mountain Falls (Part),1993,32,11932650
6218,119,80865,Victor,1993,306,11980865
6219,119,86090,Woodland Park,1993,5069,11986090
6220,119,99990,Unincorporated Teller County,1993,8713,11999990
6221,121,0,WASHINGTON COUNTY,1993,5144,12100000
6222,121,925,Akron,1993,1739,12100925
6223,121,56365,Otis,1993,506,12156365
6224,121,99990,Unincorporated Washington County,1993,2899,12199990
6225,123,0,WELD COUNTY,1993,145778,12300000
6226,123,3950,Ault,1993,1237,12303950
6227,123,6255,Berthoud (Part),1993,,12306255
6228,123,8675,Brighton (Part),1993,34,12308675
6229,123,9280,Broomfield (Part),1993,4,12309280
6230,123,19080,Dacono,1993,2430,12319080
6231,123,22860,Eaton,1993,2111,12322860
6232,123,24950,Erie (Part),1993,1909,12324950
6233,123,25280,Evans,1993,6516,12325280
6234,123,26600,Firestone,1993,1449,12326600
6235,123,27700,Fort Lupton,1993,5542,12327700
6236,123,28360,Frederick,1993,1133,12328360
6237,123,29185,Garden City,1993,234,12329185
6238,123,29955,Gilcrest,1993,1137,12329955
6239,123,32155,Greeley,1993,64965,12332155
6240,123,33310,Grover,1993,146,12333310
6241,123,37820,Hudson,1993,1007,12337820
6242,123,39855,Johnstown (Part),1993,1687,12339855
6243,123,40185,Keenesburg,1993,643,12340185
6244,123,40515,Kersey,1993,1115,12340515
6245,123,43605,La Salle,1993,1881,12343605
6246,123,45530,Lochbuie (Part),1993,1426,12345530
6247,123,45970,Longmont (Part),1993,,12345970
6248,123,49600,Mead,1993,517,12349600
6249,123,50480,Milliken,1993,1716,12350480
6250,123,54330,Northglenn (Part),1993,9,12354330
6251,123,55045,Nunn,1993,369,12355045
6252,123,59005,Pierce,1993,847,12359005
6253,123,60160,Platteville,1993,1594,12360160
6254,123,63045,Raymer,1993,96,12363045
6255,123,69150,Severance,1993,115,12369150
6256,123,77290,Thornton (Part),1993,,12377290
6257,123,77510,Timnath (Part),1993,,12377510
6258,123,85485,Windsor (Part),1993,5550,12385485
6259,123,99990,Unincorporated Weld County,1993,38359,12399990
6260,125,0,YUMA COUNTY,1993,9166,12500000
6261,125,23025,Eckley,1993,230,12523025
6262,125,86310,Wray,1993,2022,12586310
6263,125,86750,Yuma,1993,2901,12586750
6264,125,99990,Unincorporated Yuma County,1993,4013,12599990
6265,999,3455,Arvada (Total),1993,94555,99903455
6266,999,4000,Aurora (Total),1993,244501,99904000
6267,999,4935,Basalt (Total),1993,1358,99904935
6268,999,6090,Bennett (Total),1993,1836,99906090
6269,999,6255,Berthoud (Total),1993,3433,99906255
6270,999,8070,Bow Mar (Total),1993,896,99908070
6271,999,8675,Brighton (Total),1993,15789,99908675
6272,999,9280,Broomfield (Total),1993,26951,99909280
6273,999,12855,Center (Total),1993,2130,99912855
6274,999,12910,Central City (Total),1993,426,99912910
6275,999,24950,Erie (Total),1993,1922,99924950
6276,999,32650,Green Mountain Falls (Total),1993,705,99932650
6277,999,39855,Johnstown (Total),1993,1687,99939855
6278,999,45255,Littleton (Total),1993,35971,99945255
6279,999,45530,Lochbuie (Total),1993,1426,99945530
6280,999,45970,Longmont (Total),1993,55359,99945970
6281,999,54330,Northglenn (Total),1993,27884,99954330
6282,999,75640,Superior (Total),1993,1200,99975640
6283,999,77290,Thornton (Total),1993,59474,99977290
6284,999,77510,Timnath (Total),1993,204,99977510
6285,999,83835,Westminster (Total),1993,81638,99983835
6286,999,85485,Windsor (Total),1993,5550,99985485
6287,0,0,COLORADO STATE,1994,3712062,0
6288,1,0,ADAMS COUNTY,1994,300794,100000
6289,1,3455,Arvada (Part),1994,2612,103455
6290,1,4000,Aurora (Part),1994,32942,104000
6291,1,6090,Bennett (Part),1994,1956,106090
6292,1,8675,Brighton (Part),1994,16152,108675
6293,1,9280,Broomfield (Part),1994,9620,109280
6294,1,16495,Commerce City,1994,18617,116495
6295,1,26270,Federal Heights,1994,10462,126270
6296,1,45530,Lochbuie (Part),1994,,145530
6297,1,54330,Northglenn (Part),1994,27848,154330
6298,1,77290,Thornton (Part),1994,61523,177290
6299,1,83835,Westminster (Part),1994,48393,183835
6300,1,99990,Unincorporated Adams County,1994,70669,199990
6301,3,0,ALAMOSA COUNTY,1994,13823,300000
6302,3,1090,Alamosa,1994,7520,301090
6303,3,37380,Hooper,1994,114,337380
6304,3,99990,Unincorporated Alamosa County,1994,6189,399990
6305,5,0,ARAPAHOE COUNTY,1994,436405,500000
6306,5,4000,Aurora (Part),1994,215162,504000
6307,5,6090,Bennett (Part),1994,,506090
6308,5,8070,Bow Mar (Part),1994,648,508070
6309,5,12815,Centennial,1994,,512815
6310,5,13845,Cherry Hills Village,1994,5950,513845
6311,5,16385,Columbine Valley,1994,1136,516385
6312,5,19630,Deer Trail,1994,556,519630
6313,5,24785,Englewood,1994,31345,524785
6314,5,28105,Foxfield,1994,,528105
6315,5,30340,Glendale,1994,3116,530340
6316,5,33035,Greenwood Village,1994,7877,533035
6317,5,45255,Littleton (Part),1994,36282,545255
6318,5,69645,Sheridan,1994,5477,569645
6319,5,99990,Unincorporated Arapahoe County,1994,128856,599990
6320,7,0,ARCHULETA COUNTY,1994,6539,700000
6321,7,56860,Pagosa Springs,1994,1320,756860
6322,7,99990,Unincorporated Archuleta County,1994,5219,799990
6323,9,0,BACA COUNTY,1994,4391,900000
6324,9,11645,Campo,1994,131,911645
6325,9,61315,Pritchett,1994,143,961315
6326,9,73330,Springfield,1994,1445,973330
6327,9,79270,Two Buttes,1994,63,979270
6328,9,81030,Vilas,1994,105,981030
6329,9,82460,Walsh,1994,678,982460
6330,9,99990,Unincorporated Baca County,1994,1826,999990
6331,11,0,BENT COUNTY,1994,5400,1100000
6332,11,43660,Las Animas,1994,2578,1143660
6333,11,99990,Unincorporated Bent County,1994,2822,1199990
6334,13,0,BOULDER COUNTY,1994,252725,1300000
6335,13,7850,Boulder,1994,92986,1307850
6336,13,9280,Broomfield (Part),1994,17622,1309280
6337,13,24950,Erie (Part),1994,13,1324950
6338,13,39195,Jamestown,1994,244,1339195
6339,13,41835,Lafayette,1994,16815,1341835
6340,13,45970,Longmont (Part),1994,56846,1345970
6341,13,46355,Louisville,1994,16934,1346355
6342,13,47070,Lyons,1994,1358,1347070
6343,13,53175,Nederland,1994,1258,1353175
6344,13,75640,Superior (Part),1994,1960,1375640
6345,13,82735,Ward,1994,171,1382735
6346,13,99990,Unincorporated Boulder County,1994,46518,1399990
6347,14,0,BROOMFIELD COUNTY,1994,,1400000
6348,14,9280,Broomfield,1994,,1409280
6349,15,0,CHAFFEE COUNTY,1994,14107,1500000
6350,15,10105,Buena Vista,1994,1921,1510105
6351,15,60600,Poncha Springs,1994,327,1560600
6352,15,67280,Salida,1994,5067,1567280
6353,15,99990,Unincorporated Chaffee County,1994,6792,1599990
6354,17,0,CHEYENNE COUNTY,1994,2291,1700000
6355,17,14175,Cheyenne Wells,1994,1062,1714175
6356,17,41010,Kit Carson,1994,277,1741010
6357,17,99990,Unincorporated Cheyenne County,1994,952,1799990
6358,19,0,CLEAR CREEK COUNTY,1994,8458,1900000
6359,19,12910,Central City (Part),1994,,1912910
6360,19,24620,Empire,1994,396,1924620
6361,19,29735,Georgetown,1994,931,1929735
6362,19,38370,Idaho Springs,1994,1971,1938370
6363,19,70360,Silver Plume,1994,156,1970360
6364,19,99990,Unincorporated Clear Creek County,1994,5004,1999990
6365,21,0,CONEJOS COUNTY,1994,7755,2100000
6366,21,2355,Antonito,1994,867,2102355
6367,21,42055,La Jara,1994,770,2142055
6368,21,48060,Massa,1994,998,2148060
6369,21,65740,Romeo,1994,367,2165740
6370,21,67830,Sanford,1994,769,2167830
6371,21,99990,Unincorporated Conejos County,1994,3984,2199990
6372,23,0,COSTILLA COUNTY,1994,3376,2300000
6373,23,7190,Blanca,1994,319,2307190
6374,23,68105,San Luis,1994,774,2368105
6375,23,99990,Unincorporated Costilla County,1994,2283,2399990
6376,25,0,CROWLEY COUNTY,1994,4207,2500000
6377,25,18750,Crowley,1994,207,2518750
6378,25,55705,Olney Springs,1994,357,2555705
6379,25,56145,Ordway,1994,1114,2556145
6380,25,74815,Sugar City,1994,263,2574815
6381,25,99990,Unincorporated Crowley County,1994,2266,2599990
6382,27,0,CUSTER COUNTY,1994,2418,2700000
6383,27,70250,Silver Cliff,1994,394,2770250
6384,27,83450,Westcliffe,1994,359,2783450
6385,27,99990,Unincorporated Custer County,1994,1665,2799990
6386,29,0,DELTA COUNTY,1994,24343,2900000
6387,29,12635,Cedaredge,1994,1526,2912635
6388,29,17925,Crawford,1994,273,2917925
6389,29,19850,Delta,1994,4158,2919850
6390,29,37545,Hotchkiss,1994,857,2937545
6391,29,55980,Orchard City,1994,2587,2955980
6392,29,57300,Paonia,1994,1461,2957300
6393,29,99990,Unincorporated Delta County,1994,13481,2999990
6394,31,0,DENVER COUNTY,1994,504249,3100000
6395,31,20000,Denver,1994,504249,3120000
6396,33,0,DOLORES COUNTY,1994,1499,3300000
6397,33,21265,Dove Creek,1994,608,3321265
6398,33,64090,Rico,1994,131,3364090
6399,33,99990,Unincorporated Dolores County,1994,760,3399990
6400,35,0,DOUGLAS COUNTY,1994,92526,3500000
6401,35,4000,Aurora (Part),1994,2,3504000
6402,35,12387,Castle Pines,1994,,3512390
6403,35,12415,Castle Rock,1994,11475,3512415
6404,35,43550,Larkspur,1994,303,3543550
6405,35,45255,Littleton (Part),1994,157,3545255
6406,35,45955,Lone Tree,1994,,3545955
6407,35,57630,Parker,1994,9831,3557630
6408,35,99990,Unincorporated Douglas County,1994,70758,3599990
6409,37,0,EAGLE COUNTY,1994,29027,3700000
6410,37,4110,Avon,1994,3260,3704110
6411,37,4935,Basalt (Part),1994,1126,3704935
6412,37,22200,Eagle,1994,1820,3722200
6413,37,33695,Gypsum,1994,2229,3733695
6414,37,50920,Minturn,1994,1075,3750920
6415,37,63265,Red Cliff,1994,297,3763265
6416,37,80040,Vail,1994,4529,3780040
6417,37,99990,Unincorporated Eagle County,1994,14691,3799990
6418,39,0,ELBERT COUNTY,1994,12847,3900000
6419,39,23740,Elizabeth,1994,875,3923740
6420,39,40790,Kiowa,1994,362,3940790
6421,39,70635,Simla,1994,498,3970635
6422,39,99990,Unincorporated Elbert County,1994,11112,3999990
6423,41,0,EL PASO COUNTY,1994,456500,4100000
6424,41,11260,Calhan,1994,618,4111260
6425,41,16000,Colorado Springs,1994,320386,4116000
6426,41,27865,Fountain,1994,12773,4127865
6427,41,32650,Green Mountain Falls (Part),1994,699,4132650
6428,41,48445,Manitou Springs,1994,4749,4148445
6429,41,51800,Monument,1994,1419,4151800
6430,41,57025,Palmer Lake,1994,1815,4157025
6431,41,62660,Ramah,1994,101,4162660
6432,41,99990,Unincorporated El Paso County,1994,113940,4199990
6433,43,0,FREMONT COUNTY,1994,38705,4300000
6434,43,9115,Brookside,1994,213,4309115
6435,43,11810,Canon City,1994,14092,4311810
6436,43,15330,Coal Creek,1994,203,4315330
6437,43,27040,Florence,1994,3389,4327040
6438,43,64970,Rockvale,1994,383,4364970
6439,43,85155,Williamsburg,1994,594,4385155
6440,43,99990,Unincorporated Fremont County,1994,19831,4399990
6441,45,0,GARFIELD COUNTY,1994,34496,4500000
6442,45,12030,Carbonate,1994,0,4512030
6443,45,12045,Carbondale,1994,3517,4512045
6444,45,30780,Glenwood Springs,1994,7075,4530780
6445,45,53395,New Castle,1994,1057,4553395
6446,45,57400,Parachute,1994,1005,4557400
6447,45,64255,Rifle,1994,5106,4564255
6448,45,70195,Silt,1994,1188,4570195
6449,45,99990,Unincorporated Garfield County,1994,15548,4599990
6450,47,0,GILPIN COUNTY,1994,3499,4700000
6451,47,7025,Black Hawk,1994,215,4707025
6452,47,12910,Central City (Part),1994,457,4712910
6453,47,99990,Unincorporated Gilpin County,1994,2827,4799990
6454,49,0,GRAND COUNTY,1994,9339,4900000
6455,49,28305,Fraser,1994,680,4928305
6456,49,31605,Granby,1994,1123,4931605
6457,49,31715,Grand Lake,1994,312,4931715
6458,49,37600,Hot Sulphur Springs,1994,399,4937600
6459,49,41560,Kremmling,1994,1292,4941560
6460,49,85705,Winter Park,1994,517,4985705
6461,49,99990,Unincorporated Grand County,1994,5016,4999990
6462,51,0,GUNNISON COUNTY,1994,11671,5100000
6463,51,18310,Crested Butte,1994,1018,5118310
6464,51,33640,Gunnison,1994,4989,5133640
6465,51,48555,Marble,1994,80,5148555
6466,51,52570,Mount Crested Butte,1994,363,5152570
6467,51,59830,Pitkin,1994,121,5159830
6468,51,99990,Unincorporated Gunnison County,1994,5100,5199990
6469,53,0,HINSDALE COUNTY,1994,612,5300000
6470,53,42330,Lake City,1994,299,5342330
6471,53,99990,Unincorporated Hinsdale County,1994,313,5399990
6472,55,0,HUERFANO COUNTY,1994,6923,5500000
6473,55,44100,La Veta,1994,816,5544100
6474,55,82350,Walsenburg,1994,3851,5582350
6475,55,99990,Unincorporated Huerfano County,1994,2256,5599990
6476,57,0,JACKSON COUNTY,1994,1642,5700000
6477,57,82130,Walden,1994,862,5782130
6478,57,99990,Unincorporated Jackson County,1994,780,5799990
6479,59,0,JEFFERSON COUNTY,1994,483433,5900000
6480,59,3455,Arvada (Part),1994,93266,5903455
6481,59,8070,Bow Mar (Part),1994,250,5908070
6482,59,9280,Broomfield (Part),1994,1359,5909280
6483,59,23135,Edgewater,1994,5079,5923135
6484,59,30835,Golden,1994,14671,5930835
6485,59,42495,Lakeside,1994,15,5942495
6486,59,43000,Lakewood,1994,135365,5943000
6487,59,45255,Littleton (Part),1994,,5945255
6488,59,52075,Morrison,1994,446,5952075
6489,59,52350,Mountain View,1994,571,5952350
6490,59,75640,Superior (Part),1994,,5975640
6491,59,83835,Westminster (Part),1994,37128,5983835
6492,59,84440,Wheat Ridge,1994,31832,5984440
6493,59,99990,Unincorporated Jefferson County,1994,163451,5999990
6494,61,0,KIOWA COUNTY,1994,1693,6100000
6495,61,22145,Eads,1994,801,6122145
6496,61,34740,Haswell,1994,85,6134740
6497,61,69700,Sheridan Lake,1994,86,6169700
6498,61,99990,Unincorporated Kiowa County,1994,721,6199990
6499,63,0,KIT CARSON COUNTY,1994,7340,6300000
6500,63,6530,Bethune,1994,177,6306530
6501,63,10600,Burlington,1994,3127,6310600
6502,63,26765,Flagler,1994,575,6326765
6503,63,69040,Seibert,1994,178,6369040
6504,63,74485,Stratton,1994,653,6374485
6505,63,81690,Vona,1994,102,6381690
6506,63,99990,Unincorporated Kit Carson County,1994,2528,6399990
6507,65,0,LAKE COUNTY,1994,6380,6500000
6508,65,44320,Leadville,1994,2647,6544320
6509,65,99990,Unincorporated Lake County,1994,3733,6599990
6510,67,0,LA PLATA COUNTY,1994,36906,6700000
6511,67,5265,Bayfield,1994,1335,6705265
6512,67,22035,Durango,1994,13103,6722035
6513,67,38535,Ignacio,1994,705,6738535
6514,67,99990,Unincorporated La Plata County,1994,21763,6799990
6515,69,0,LARIMER COUNTY,1994,214936,6900000
6516,69,6255,Berthoud (Part),1994,3671,6906255
6517,69,25115,Estes Park,1994,4043,6925115
6518,69,27425,Fort Collins,1994,100134,6927425
6519,69,39855,Johnstown (Part),1994,,6939855
6520,69,46465,Loveland,1994,42501,6946465
6521,69,77510,Timnath (Part),1994,211,6977510
6522,69,83230,Wellington,1994,1634,6983230
6523,69,85485,Windsor (Part),1994,,6985485
6524,69,99990,Unincorporated Larimer County,1994,62742,6999990
6525,71,0,LAS ANIMAS COUNTY,1994,14754,7100000
6526,71,760,Aguilar,1994,592,7100760
6527,71,8345,Branson,1994,59,7108345
6528,71,15550,Cokedale,1994,125,7115550
6529,71,40570,Kim,1994,69,7140570
6530,71,73715,Starkville,1994,106,7173715
6531,71,78610,Trinidad,1994,9015,7178610
6532,71,99990,Unincorporated Las Animas County,1994,4788,7199990
6533,73,0,LINCOLN COUNTY,1994,5939,7300000
6534,73,3235,Arriba,1994,243,7303235
6535,73,29680,Genoa,1994,190,7329680
6536,73,37875,Hugo,1994,780,7337875
6537,73,44980,Limon,1994,2077,7344980
6538,73,99990,Unincorporated Lincoln County,1994,2649,7399990
6539,75,0,LOGAN COUNTY,1994,18828,7500000
6540,75,18640,Crook,1994,135,7518640
6541,75,26875,Fleming,1994,410,7526875
6542,75,38590,Iliff,1994,197,7538590
6543,75,50040,Merino,1994,232,7550040
6544,75,58235,Peetz,1994,191,7558235
6545,75,73935,Sterling,1994,11046,7573935
6546,75,99990,Unincorporated Logan County,1994,6617,7599990
6547,77,0,MESA COUNTY,1994,102767,7700000
6548,77,15605,Collbran,1994,306,7715605
6549,77,19355,De Beque,1994,299,7719355
6550,77,28745,Fruita,1994,4523,7728745
6551,77,31660,Grand Junction,1994,38536,7731660
6552,77,56970,Palisade,1994,2134,7756970
6553,77,99990,Unincorporated Mesa County,1994,56969,7799990
6554,79,0,MINERAL COUNTY,1994,646,7900000
6555,79,14765,City of Creede,1994,362,7914765
6556,79,99990,Unincorporated Mineral County,1994,284,7999990
6557,81,0,MOFFAT COUNTY,1994,11996,8100000
6558,81,17760,Craig,1994,8440,8117760
6559,81,20495,Dinosaur,1994,324,8120495
6560,81,99990,Unincorporated Moffat County,1994,3232,8199990
6561,83,0,MONTEZUMA COUNTY,1994,21393,8300000
6562,83,17375,Cortez,1994,7743,8317375
6563,83,20770,Dolores,1994,901,8320770
6564,83,48115,Mancos,1994,967,8348115
6565,83,99990,Unincorporated Montezuma County,1994,11782,8399990
6566,85,0,MONTROSE COUNTY,1994,28502,8500000
6567,85,51745,Montrose,1994,10256,8551745
6568,85,53120,Naturita,1994,412,8553120
6569,85,54935,Nucla,1994,718,8554935
6570,85,55540,Olathe,1994,1443,8555540
6571,85,99990,Unincorporated Montrose County,1994,15673,8599990
6572,87,0,MORGAN COUNTY,1994,25088,8700000
6573,87,9555,Brush,1994,4709,8709555
6574,87,27810,Fort Morgan,1994,10398,8727810
6575,87,36610,Hillrose,1994,184,8736610
6576,87,45695,Log Lane Village,1994,748,8745695
6577,87,84770,Wiggins,1994,640,8784770
6578,87,99990,Unincorporated Morgan County,1994,8409,8799990
6579,89,0,OTERO COUNTY,1994,20490,8900000
6580,89,13460,Cheraw,1994,246,8913460
6581,89,27975,Fowler,1994,1196,8927975
6582,89,42110,La Junta,1994,7675,8942110
6583,89,48500,Manzanola,1994,482,8948500
6584,89,65190,Rocky Ford,1994,4281,8965190
6585,89,75970,Swink,1994,633,8975970
6586,89,99990,Unincorporated Otero County,1994,5977,8999990
6587,91,0,OURAY COUNTY,1994,2902,9100000
6588,91,56420,Ouray,1994,742,9156420
6589,91,64200,Ridgway,1994,522,9164200
6590,91,99990,Unincorporated Ouray County,1994,1638,9199990
6591,93,0,PARK COUNTY,1994,9526,9300000
6592,93,1530,Alma,1994,153,9301530
6593,93,25610,Fairplay,1994,469,9325610
6594,93,99990,Unincorporated Park County,1994,8904,9399990
6595,95,0,PHILLIPS COUNTY,1994,4401,9500000
6596,95,34960,Haxtun,1994,980,9534960
6597,95,37270,Holyoke,1994,2110,9537270
6598,95,57245,Paoli,1994,41,9557245
6599,95,99990,Unincorporated Phillips County,1994,1270,9599990
6600,97,0,PITKIN COUNTY,1994,14539,9700000
6601,97,3620,Aspen,1994,5620,9703620
6602,97,4935,Basalt (Part),1994,284,9704935
6603,97,71755,Snowmass Village,1994,1667,9771755
6604,97,99990,Unincorporated Pitkin County,1994,6968,9799990
6605,99,0,PROWERS COUNTY,1994,13686,9900000
6606,99,31550,Granada,1994,548,9931550
6607,99,34520,Hartman,1994,111,9934520
6608,99,37215,Holly,1994,933,9937215
6609,99,43110,Lamar,1994,8455,9943110
6610,99,85045,Wiley,1994,425,9985045
6611,99,99990,Unincorporated Prowers County,1994,3214,9999990
6612,101,0,PUEBLO COUNTY,1994,128722,10100000
6613,101,7795,Boone,1994,333,10107795
6614,101,62000,Pueblo,1994,101110,10162000
6615,101,66895,Rye,1994,188,10166895
6616,101,99990,Unincorporated Pueblo County,1994,27091,10199990
6617,103,0,RIO BLANCO COUNTY,1994,6314,10300000
6618,103,49875,Meeker,1994,2256,10349875
6619,103,62880,Rangely,1994,2335,10362880
6620,103,99990,Unincorporated Rio Blanco County,1994,1723,10399990
6621,105,0,RIO GRANDE COUNTY,1994,11461,10500000
6622,105,12855,Center (Part),1994,12,10512855
6623,105,19795,Del Norte,1994,1733,10519795
6624,105,51635,Monte Vista,1994,4488,10551635
6625,105,72395,South Fork,1994,378,10572395
6626,105,99990,Unincorporated Rio Grande County,1994,4850,10599990
6627,107,0,ROUTT COUNTY,1994,16617,10700000
6628,107,35070,Hayden,1994,1485,10735070
6629,107,55155,Oak Creek,1994,705,10755155
6630,107,73825,Steamboat Springs,1994,8278,10773825
6631,107,86475,Yampa,1994,365,10786475
6632,107,99990,Unincorporated Routt County,1994,5784,10799990
6633,109,0,SAGUACHE COUNTY,1994,4942,10900000
6634,109,7571,Bonza City,1994,11,10907571
6635,109,12855,Center (Part),1994,2178,10912855
6636,109,18420,Crestone,1994,47,10918420
6637,109,51250,Moffat,1994,85,10951250
6638,109,67005,Saguache,1994,609,10967005
6639,109,99990,Unincorporated Saguache County,1994,2012,10999990
6640,111,0,SAN JUAN COUNTY,1994,563,11100000
6641,111,70580,Silverton,1994,541,11170580
6642,111,99990,Unincorporated San Juan County,1994,22,11199990
6643,113,0,SAN MIGUEL COUNTY,1994,5305,11300000
6644,113,52550,Mountain Village,1994,,11352550
6645,113,54880,Norwood,1994,449,11354880
6646,113,55870,Ophir,1994,95,11355870
6647,113,68655,Sawpit,1994,39,11368655
6648,113,76795,Telluride,1994,1957,11376795
6649,113,99990,Unincorporated San Miguel County,1994,2765,11399990
6650,115,0,SEDGWICK COUNTY,1994,2664,11500000
6651,115,39965,Julesburg,1994,1329,11539965
6652,115,56475,Ovid,1994,336,11556475
6653,115,68930,Sedgwick,1994,186,11568930
6654,115,99990,Unincorporated Sedgwick County,1994,813,11599990
6655,117,0,SUMMIT COUNTY,1994,17107,11700000
6656,117,7410,Blue River,1994,532,11707410
6657,117,8400,Breckenridge,1994,1670,11708400
6658,117,20440,Dillon,1994,703,11720440
6659,117,28690,Frisco,1994,1853,11728690
6660,117,40550,Keystone,1994,,11740555
6661,117,51690,Montezuma,1994,56,11751690
6662,117,70525,Silverthorne,1994,2468,11770525
6663,117,99990,Unincorporated Summit County,1994,9825,11799990
6664,119,0,TELLER COUNTY,1994,15790,11900000
6665,119,18530,Cripple Creek,1994,857,11918530
6666,119,32650,Green Mountain Falls (Part),1994,38,11932650
6667,119,80865,Victor,1994,365,11980865
6668,119,86090,Woodland Park,1994,5142,11986090
6669,119,99990,Unincorporated Teller County,1994,9388,11999990
6670,121,0,WASHINGTON COUNTY,1994,5221,12100000
6671,121,925,Akron,1994,1765,12100925
6672,121,56365,Otis,1994,520,12156365
6673,121,99990,Unincorporated Washington County,1994,2936,12199990
6674,123,0,WELD COUNTY,1994,151368,12300000
6675,123,3950,Ault,1994,1280,12303950
6676,123,6255,Berthoud (Part),1994,,12306255
6677,123,8675,Brighton (Part),1994,40,12308675
6678,123,9280,Broomfield (Part),1994,4,12309280
6679,123,19080,Dacono,1994,2486,12319080
6680,123,22860,Eaton,1994,2196,12322860
6681,123,24950,Erie (Part),1994,2205,12324950
6682,123,25280,Evans,1994,6880,12325280
6683,123,26600,Firestone,1994,1497,12326600
6684,123,27700,Fort Lupton,1994,5669,12327700
6685,123,28360,Frederick,1994,1279,12328360
6686,123,29185,Garden City,1994,244,12329185
6687,123,29955,Gilcrest,1994,1151,12329955
6688,123,32155,Greeley,1994,65933,12332155
6689,123,33310,Grover,1994,148,12333310
6690,123,37820,Hudson,1994,1030,12337820
6691,123,39855,Johnstown (Part),1994,1724,12339855
6692,123,40185,Keenesburg,1994,673,12340185
6693,123,40515,Kersey,1994,1159,12340515
6694,123,43605,La Salle,1994,1899,12343605
6695,123,45530,Lochbuie (Part),1994,1503,12345530
6696,123,45970,Longmont (Part),1994,,12345970
6697,123,49600,Mead,1994,555,12349600
6698,123,50480,Milliken,1994,1744,12350480
6699,123,54330,Northglenn (Part),1994,8,12354330
6700,123,55045,Nunn,1994,383,12355045
6701,123,59005,Pierce,1994,858,12359005
6702,123,60160,Platteville,1994,1838,12360160
6703,123,63045,Raymer,1994,95,12363045
6704,123,69150,Severance,1994,137,12369150
6705,123,77290,Thornton (Part),1994,,12377290
6706,123,77510,Timnath (Part),1994,,12377510
6707,123,85485,Windsor (Part),1994,5874,12385485
6708,123,99990,Unincorporated Weld County,1994,40876,12399990
6709,125,0,YUMA COUNTY,1994,9276,12500000
6710,125,23025,Eckley,1994,238,12523025
6711,125,86310,Wray,1994,2045,12586310
6712,125,86750,Yuma,1994,2956,12586750
6713,125,99990,Unincorporated Yuma County,1994,4037,12599990
6714,999,3455,Arvada (Total),1994,95878,99903455
6715,999,4000,Aurora (Total),1994,248106,99904000
6716,999,4935,Basalt (Total),1994,1410,99904935
6717,999,6090,Bennett (Total),1994,1956,99906090
6718,999,6255,Berthoud (Total),1994,3671,99906255
6719,999,8070,Bow Mar (Total),1994,898,99908070
6720,999,8675,Brighton (Total),1994,16192,99908675
6721,999,9280,Broomfield (Total),1994,28605,99909280
6722,999,12855,Center (Total),1994,2190,99912855
6723,999,12910,Central City (Total),1994,457,99912910
6724,999,24950,Erie (Total),1994,2218,99924950
6725,999,32650,Green Mountain Falls (Total),1994,737,99932650
6726,999,39855,Johnstown (Total),1994,1724,99939855
6727,999,45255,Littleton (Total),1994,36439,99945255
6728,999,45530,Lochbuie (Total),1994,1503,99945530
6729,999,45970,Longmont (Total),1994,56846,99945970
6730,999,54330,Northglenn (Total),1994,27856,99954330
6731,999,75640,Superior (Total),1994,1960,99975640
6732,999,77290,Thornton (Total),1994,61523,99977290
6733,999,77510,Timnath (Total),1994,211,99977510
6734,999,83835,Westminster (Total),1994,85521,99983835
6735,999,85485,Windsor (Total),1994,5874,99985485
6736,0,0,COLORADO STATE,1995,3811074,0
6737,1,0,ADAMS COUNTY,1995,312593,100000
6738,1,3455,Arvada (Part),1995,2670,103455
6739,1,4000,Aurora (Part),1995,35679,104000
6740,1,6090,Bennett (Part),1995,1966,106090
6741,1,8675,Brighton (Part),1995,16630,108675
6742,1,9280,Broomfield (Part),1995,11008,109280
6743,1,16495,Commerce City,1995,19004,116495
6744,1,26270,Federal Heights,1995,10614,126270
6745,1,45530,Lochbuie (Part),1995,,145530
6746,1,54330,Northglenn (Part),1995,27769,154330
6747,1,77290,Thornton (Part),1995,64453,177290
6748,1,83835,Westminster (Part),1995,50958,183835
6749,1,99990,Unincorporated Adams County,1995,71842,199990
6750,3,0,ALAMOSA COUNTY,1995,14097,300000
6751,3,1090,Alamosa,1995,7642,301090
6752,3,37380,Hooper,1995,116,337380
6753,3,99990,Unincorporated Alamosa County,1995,6339,399990
6754,5,0,ARAPAHOE COUNTY,1995,442539,500000
6755,5,4000,Aurora (Part),1995,217127,504000
6756,5,6090,Bennett (Part),1995,,506090
6757,5,8070,Bow Mar (Part),1995,634,508070
6758,5,12815,Centennial,1995,,512815
6759,5,13845,Cherry Hills Village,1995,5921,513845
6760,5,16385,Columbine Valley,1995,1113,516385
6761,5,19630,Deer Trail,1995,558,519630
6762,5,24785,Englewood,1995,30941,524785
6763,5,28105,Foxfield,1995,553,528105
6764,5,30340,Glendale,1995,3642,530340
6765,5,33035,Greenwood Village,1995,9936,533035
6766,5,45255,Littleton (Part),1995,37225,545255
6767,5,69645,Sheridan,1995,5436,569645
6768,5,99990,Unincorporated Arapahoe County,1995,129453,599990
6769,7,0,ARCHULETA COUNTY,1995,7108,700000
6770,7,56860,Pagosa Springs,1995,1362,756860
6771,7,99990,Unincorporated Archuleta County,1995,5746,799990
6772,9,0,BACA COUNTY,1995,4428,900000
6773,9,11645,Campo,1995,135,911645
6774,9,61315,Pritchett,1995,143,961315
6775,9,73330,Springfield,1995,1465,973330
6776,9,79270,Two Buttes,1995,64,979270
6777,9,81030,Vilas,1995,107,981030
6778,9,82460,Walsh,1995,688,982460
6779,9,99990,Unincorporated Baca County,1995,1826,999990
6780,11,0,BENT COUNTY,1995,5549,1100000
6781,11,43660,Las Animas,1995,2621,1143660
6782,11,99990,Unincorporated Bent County,1995,2928,1199990
6783,13,0,BOULDER COUNTY,1995,257500,1300000
6784,13,7850,Boulder,1995,94862,1307850
6785,13,9280,Broomfield (Part),1995,17689,1309280
6786,13,24950,Erie (Part),1995,12,1324950
6787,13,39195,Jamestown,1995,239,1339195
6788,13,41835,Lafayette,1995,17585,1341835
6789,13,45970,Longmont (Part),1995,58142,1345970
6790,13,46355,Louisville,1995,17731,1346355
6791,13,47070,Lyons,1995,1414,1347070
6792,13,53175,Nederland,1995,1304,1353175
6793,13,75640,Superior (Part),1995,2427,1375640
6794,13,82735,Ward,1995,171,1382735
6795,13,99990,Unincorporated Boulder County,1995,45924,1399990
6796,14,0,BROOMFIELD COUNTY,1995,,1400000
6797,14,9280,Broomfield,1995,,1409280
6798,15,0,CHAFFEE COUNTY,1995,14656,1500000
6799,15,10105,Buena Vista,1995,1989,1510105
6800,15,60600,Poncha Springs,1995,355,1560600
6801,15,67280,Salida,1995,5215,1567280
6802,15,99990,Unincorporated Chaffee County,1995,7097,1599990
6803,17,0,CHEYENNE COUNTY,1995,2269,1700000
6804,17,14175,Cheyenne Wells,1995,1049,1714175
6805,17,41010,Kit Carson,1995,272,1741010
6806,17,99990,Unincorporated Cheyenne County,1995,948,1799990
6807,19,0,CLEAR CREEK COUNTY,1995,8684,1900000
6808,19,12910,Central City (Part),1995,,1912910
6809,19,24620,Empire,1995,391,1924620
6810,19,29735,Georgetown,1995,945,1929735
6811,19,38370,Idaho Springs,1995,1982,1938370
6812,19,70360,Silver Plume,1995,199,1970360
6813,19,99990,Unincorporated Clear Creek County,1995,5167,1999990
6814,21,0,CONEJOS COUNTY,1995,7906,2100000
6815,21,2355,Antonito,1995,875,2102355
6816,21,42055,La Jara,1995,796,2142055
6817,21,48060,Massa,1995,1010,2148060
6818,21,65740,Romeo,1995,370,2165740
6819,21,67830,Sanford,1995,782,2167830
6820,21,99990,Unincorporated Conejos County,1995,4073,2199990
6821,23,0,COSTILLA COUNTY,1995,3511,2300000
6822,23,7190,Blanca,1995,340,2307190
6823,23,68105,San Luis,1995,788,2368105
6824,23,99990,Unincorporated Costilla County,1995,2383,2399990
6825,25,0,CROWLEY COUNTY,1995,4221,2500000
6826,25,18750,Crowley,1995,204,2518750
6827,25,55705,Olney Springs,1995,361,2555705
6828,25,56145,Ordway,1995,1133,2556145
6829,25,74815,Sugar City,1995,265,2574815
6830,25,99990,Unincorporated Crowley County,1995,2258,2599990
6831,27,0,CUSTER COUNTY,1995,2618,2700000
6832,27,70250,Silver Cliff,1995,417,2770250
6833,27,83450,Westcliffe,1995,373,2783450
6834,27,99990,Unincorporated Custer County,1995,1828,2799990
6835,29,0,DELTA COUNTY,1995,25193,2900000
6836,29,12635,Cedaredge,1995,1609,2912635
6837,29,17925,Crawford,1995,299,2917925
6838,29,19850,Delta,1995,4305,2919850
6839,29,37545,Hotchkiss,1995,884,2937545
6840,29,55980,Orchard City,1995,2664,2955980
6841,29,57300,Paonia,1995,1480,2957300
6842,29,99990,Unincorporated Delta County,1995,13952,2999990
6843,31,0,DENVER COUNTY,1995,507723,3100000
6844,31,20000,Denver,1995,507723,3120000
6845,33,0,DOLORES COUNTY,1995,1566,3300000
6846,33,21265,Dove Creek,1995,628,3321265
6847,33,64090,Rico,1995,142,3364090
6848,33,99990,Unincorporated Dolores County,1995,796,3399990
6849,35,0,DOUGLAS COUNTY,1995,103839,3500000
6850,35,4000,Aurora (Part),1995,2,3504000
6851,35,12387,Castle Pines,1995,,3512390
6852,35,12415,Castle Rock,1995,12203,3512415
6853,35,43550,Larkspur,1995,327,3543550
6854,35,45255,Littleton (Part),1995,174,3545255
6855,35,45955,Lone Tree,1995,,3545955
6856,35,57630,Parker,1995,11808,3557630
6857,35,99990,Unincorporated Douglas County,1995,79325,3599990
6858,37,0,EAGLE COUNTY,1995,30883,3700000
6859,37,4110,Avon,1995,3533,3704110
6860,37,4935,Basalt (Part),1995,1192,3704935
6861,37,22200,Eagle,1995,2234,3722200
6862,37,33695,Gypsum,1995,2330,3733695
6863,37,50920,Minturn,1995,1036,3750920
6864,37,63265,Red Cliff,1995,289,3763265
6865,37,80040,Vail,1995,4488,3780040
6866,37,99990,Unincorporated Eagle County,1995,15781,3799990
6867,39,0,ELBERT COUNTY,1995,14328,3900000
6868,39,23740,Elizabeth,1995,903,3923740
6869,39,40790,Kiowa,1995,366,3940790
6870,39,70635,Simla,1995,484,3970635
6871,39,99990,Unincorporated Elbert County,1995,12575,3999990
6872,41,0,EL PASO COUNTY,1995,469693,4100000
6873,41,11260,Calhan,1995,623,4111260
6874,41,16000,Colorado Springs,1995,328782,4116000
6875,41,27865,Fountain,1995,13487,4127865
6876,41,32650,Green Mountain Falls (Part),1995,710,4132650
6877,41,48445,Manitou Springs,1995,4843,4148445
6878,41,51800,Monument,1995,1527,4151800
6879,41,57025,Palmer Lake,1995,1898,4157025
6880,41,62660,Ramah,1995,101,4162660
6881,41,99990,Unincorporated El Paso County,1995,117722,4199990
6882,43,0,FREMONT COUNTY,1995,40522,4300000
6883,43,9115,Brookside,1995,219,4309115
6884,43,11810,Canon City,1995,14631,4311810
6885,43,15330,Coal Creek,1995,216,4315330
6886,43,27040,Florence,1995,3513,4327040
6887,43,64970,Rockvale,1995,398,4364970
6888,43,85155,Williamsburg,1995,738,4385155
6889,43,99990,Unincorporated Fremont County,1995,20807,4399990
6890,45,0,GARFIELD COUNTY,1995,36417,4500000
6891,45,12030,Carbonate,1995,0,4512030
6892,45,12045,Carbondale,1995,3877,4512045
6893,45,30780,Glenwood Springs,1995,7275,4530780
6894,45,53395,New Castle,1995,1278,4553395
6895,45,57400,Parachute,1995,1018,4557400
6896,45,64255,Rifle,1995,5706,4564255
6897,45,70195,Silt,1995,1259,4570195
6898,45,99990,Unincorporated Garfield County,1995,16004,4599990
6899,47,0,GILPIN COUNTY,1995,3668,4700000
6900,47,7025,Black Hawk,1995,213,4707025
6901,47,12910,Central City (Part),1995,490,4712910
6902,47,99990,Unincorporated Gilpin County,1995,2965,4799990
6903,49,0,GRAND COUNTY,1995,9953,4900000
6904,49,28305,Fraser,1995,727,4928305
6905,49,31605,Granby,1995,1195,4931605
6906,49,31715,Grand Lake,1995,337,4931715
6907,49,37600,Hot Sulphur Springs,1995,424,4937600
6908,49,41560,Kremmling,1995,1357,4941560
6909,49,85705,Winter Park,1995,523,4985705
6910,49,99990,Unincorporated Grand County,1995,5390,4999990
6911,51,0,GUNNISON COUNTY,1995,11974,5100000
6912,51,18310,Crested Butte,1995,1031,5118310
6913,51,33640,Gunnison,1995,5045,5133640
6914,51,48555,Marble,1995,86,5148555
6915,51,52570,Mount Crested Butte,1995,365,5152570
6916,51,59830,Pitkin,1995,141,5159830
6917,51,99990,Unincorporated Gunnison County,1995,5306,5199990
6918,53,0,HINSDALE COUNTY,1995,659,5300000
6919,53,42330,Lake City,1995,320,5342330
6920,53,99990,Unincorporated Hinsdale County,1995,339,5399990
6921,55,0,HUERFANO COUNTY,1995,7162,5500000
6922,55,44100,La Veta,1995,844,5544100
6923,55,82350,Walsenburg,1995,3974,5582350
6924,55,99990,Unincorporated Huerfano County,1995,2344,5599990
6925,57,0,JACKSON COUNTY,1995,1609,5700000
6926,57,82130,Walden,1995,829,5782130
6927,57,99990,Unincorporated Jackson County,1995,780,5799990
6928,59,0,JEFFERSON COUNTY,1995,491314,5900000
6929,59,3455,Arvada (Part),1995,94450,5903455
6930,59,8070,Bow Mar (Part),1995,249,5908070
6931,59,9280,Broomfield (Part),1995,1313,5909280
6932,59,23135,Edgewater,1995,5146,5923135
6933,59,30835,Golden,1995,15084,5930835
6934,59,42495,Lakeside,1995,16,5942495
6935,59,43000,Lakewood,1995,136321,5943000
6936,59,45255,Littleton (Part),1995,,5945255
6937,59,52075,Morrison,1995,439,5952075
6938,59,52350,Mountain View,1995,570,5952350
6939,59,75640,Superior (Part),1995,,5975640
6940,59,83835,Westminster (Part),1995,38840,5983835
6941,59,84440,Wheat Ridge,1995,31945,5984440
6942,59,99990,Unincorporated Jefferson County,1995,166941,5999990
6943,61,0,KIOWA COUNTY,1995,1643,6100000
6944,61,22145,Eads,1995,773,6122145
6945,61,34740,Haswell,1995,83,6134740
6946,61,69700,Sheridan Lake,1995,81,6169700
6947,61,99990,Unincorporated Kiowa County,1995,706,6199990
6948,63,0,KIT CARSON COUNTY,1995,7413,6300000
6949,63,6530,Bethune,1995,181,6306530
6950,63,10600,Burlington,1995,3197,6310600
6951,63,26765,Flagler,1995,582,6326765
6952,63,69040,Seibert,1995,180,6369040
6953,63,74485,Stratton,1995,654,6374485
6954,63,81690,Vona,1995,100,6381690
6955,63,99990,Unincorporated Kit Carson County,1995,2519,6399990
6956,65,0,LAKE COUNTY,1995,7143,6500000
6957,65,44320,Leadville,1995,2812,6544320
6958,65,99990,Unincorporated Lake County,1995,4331,6599990
6959,67,0,LA PLATA COUNTY,1995,38760,6700000
6960,67,5265,Bayfield,1995,1422,6705265
6961,67,22035,Durango,1995,13103,6722035
6962,67,38535,Ignacio,1995,693,6738535
6963,67,99990,Unincorporated La Plata County,1995,23542,6799990
6964,69,0,LARIMER COUNTY,1995,221622,6900000
6965,69,6255,Berthoud (Part),1995,3799,6906255
6966,69,25115,Estes Park,1995,4281,6925115
6967,69,27425,Fort Collins,1995,103210,6927425
6968,69,39855,Johnstown (Part),1995,,6939855
6969,69,46465,Loveland,1995,44092,6946465
6970,69,77510,Timnath (Part),1995,216,6977510
6971,69,83230,Wellington,1995,1698,6983230
6972,69,85485,Windsor (Part),1995,,6985485
6973,69,99990,Unincorporated Larimer County,1995,64326,6999990
6974,71,0,LAS ANIMAS COUNTY,1995,14909,7100000
6975,71,760,Aguilar,1995,594,7100760
6976,71,8345,Branson,1995,61,7108345
6977,71,15550,Cokedale,1995,128,7115550
6978,71,40570,Kim,1995,69,7140570
6979,71,73715,Starkville,1995,111,7173715
6980,71,78610,Trinidad,1995,9047,7178610
6981,71,99990,Unincorporated Las Animas County,1995,4899,7199990
6982,73,0,LINCOLN COUNTY,1995,5983,7300000
6983,73,3235,Arriba,1995,245,7303235
6984,73,29680,Genoa,1995,194,7329680
6985,73,37875,Hugo,1995,801,7337875
6986,73,44980,Limon,1995,2084,7344980
6987,73,99990,Unincorporated Lincoln County,1995,2659,7399990
6988,75,0,LOGAN COUNTY,1995,19368,7500000
6989,75,18640,Crook,1995,136,7518640
6990,75,26875,Fleming,1995,417,7526875
6991,75,38590,Iliff,1995,204,7538590
6992,75,50040,Merino,1995,237,7550040
6993,75,58235,Peetz,1995,200,7558235
6994,75,73935,Sterling,1995,11223,7573935
6995,75,99990,Unincorporated Logan County,1995,6951,7599990
6996,77,0,MESA COUNTY,1995,105406,7700000
6997,77,15605,Collbran,1995,300,7715605
6998,77,19355,De Beque,1995,300,7719355
6999,77,28745,Fruita,1995,4669,7728745
7000,77,31660,Grand Junction,1995,41728,7731660
7001,77,56970,Palisade,1995,2218,7756970
7002,77,99990,Unincorporated Mesa County,1995,56191,7799990
7003,79,0,MINERAL COUNTY,1995,674,7900000
7004,79,14765,City of Creede,1995,363,7914765
7005,79,99990,Unincorporated Mineral County,1995,311,7999990
7006,81,0,MOFFAT COUNTY,1995,12187,8100000
7007,81,17760,Craig,1995,8542,8117760
7008,81,20495,Dinosaur,1995,324,8120495
7009,81,99990,Unincorporated Moffat County,1995,3321,8199990
7010,83,0,MONTEZUMA COUNTY,1995,22159,8300000
7011,83,17375,Cortez,1995,7893,8317375
7012,83,20770,Dolores,1995,914,8320770
7013,83,48115,Mancos,1995,973,8348115
7014,83,99990,Unincorporated Montezuma County,1995,12379,8399990
7015,85,0,MONTROSE COUNTY,1995,29670,8500000
7016,85,51745,Montrose,1995,10732,8551745
7017,85,53120,Naturita,1995,403,8553120
7018,85,54935,Nucla,1995,724,8554935
7019,85,55540,Olathe,1995,1480,8555540
7020,85,99990,Unincorporated Montrose County,1995,16331,8599990
7021,87,0,MORGAN COUNTY,1995,25362,8700000
7022,87,9555,Brush,1995,4840,8709555
7023,87,27810,Fort Morgan,1995,10560,8727810
7024,87,36610,Hillrose,1995,181,8736610
7025,87,45695,Log Lane Village,1995,881,8745695
7026,87,84770,Wiggins,1995,665,8784770
7027,87,99990,Unincorporated Morgan County,1995,8235,8799990
7028,89,0,OTERO COUNTY,1995,20695,8900000
7029,89,13460,Cheraw,1995,244,8913460
7030,89,27975,Fowler,1995,1216,8927975
7031,89,42110,La Junta,1995,7771,8942110
7032,89,48500,Manzanola,1995,496,8948500
7033,89,65190,Rocky Ford,1995,4341,8965190
7034,89,75970,Swink,1995,652,8975970
7035,89,99990,Unincorporated Otero County,1995,5975,8999990
7036,91,0,OURAY COUNTY,1995,3085,9100000
7037,91,56420,Ouray,1995,779,9156420
7038,91,64200,Ridgway,1995,550,9164200
7039,91,99990,Unincorporated Ouray County,1995,1756,9199990
7040,93,0,PARK COUNTY,1995,10577,9300000
7041,93,1530,Alma,1995,156,9301530
7042,93,25610,Fairplay,1995,497,9325610
7043,93,99990,Unincorporated Park County,1995,9924,9399990
7044,95,0,PHILLIPS COUNTY,1995,4479,9500000
7045,95,34960,Haxtun,1995,998,9534960
7046,95,37270,Holyoke,1995,2160,9537270
7047,95,57245,Paoli,1995,41,9557245
7048,95,99990,Unincorporated Phillips County,1995,1280,9599990
7049,97,0,PITKIN COUNTY,1995,14652,9700000
7050,97,3620,Aspen,1995,5703,9703620
7051,97,4935,Basalt (Part),1995,330,9704935
7052,97,71755,Snowmass Village,1995,1682,9771755
7053,97,99990,Unincorporated Pitkin County,1995,6937,9799990
7054,99,0,PROWERS COUNTY,1995,13823,9900000
7055,99,31550,Granada,1995,560,9931550
7056,99,34520,Hartman,1995,111,9934520
7057,99,37215,Holly,1995,956,9937215
7058,99,43110,Lamar,1995,8519,9943110
7059,99,85045,Wiley,1995,430,9985045
7060,99,99990,Unincorporated Prowers County,1995,3247,9999990
7061,101,0,PUEBLO COUNTY,1995,130832,10100000
7062,101,7795,Boone,1995,338,10107795
7063,101,62000,Pueblo,1995,101563,10162000
7064,101,66895,Rye,1995,192,10166895
7065,101,99990,Unincorporated Pueblo County,1995,28739,10199990
7066,103,0,RIO BLANCO COUNTY,1995,6403,10300000
7067,103,49875,Meeker,1995,2313,10349875
7068,103,62880,Rangely,1995,2361,10362880
7069,103,99990,Unincorporated Rio Blanco County,1995,1729,10399990
7070,105,0,RIO GRANDE COUNTY,1995,11698,10500000
7071,105,12855,Center (Part),1995,14,10512855
7072,105,19795,Del Norte,1995,1757,10519795
7073,105,51635,Monte Vista,1995,4557,10551635
7074,105,72395,South Fork,1995,380,10572395
7075,105,99990,Unincorporated Rio Grande County,1995,4990,10599990
7076,107,0,ROUTT COUNTY,1995,17254,10700000
7077,107,35070,Hayden,1995,1521,10735070
7078,107,55155,Oak Creek,1995,719,10755155
7079,107,73825,Steamboat Springs,1995,8608,10773825
7080,107,86475,Yampa,1995,382,10786475
7081,107,99990,Unincorporated Routt County,1995,6024,10799990
7082,109,0,SAGUACHE COUNTY,1995,5270,10900000
7083,109,7571,Bonza City,1995,10,10907571
7084,109,12855,Center (Part),1995,2276,10912855
7085,109,18420,Crestone,1995,46,10918420
7086,109,51250,Moffat,1995,83,10951250
7087,109,67005,Saguache,1995,634,10967005
7088,109,99990,Unincorporated Saguache County,1995,2221,10999990
7089,111,0,SAN JUAN COUNTY,1995,571,11100000
7090,111,70580,Silverton,1995,549,11170580
7091,111,99990,Unincorporated San Juan County,1995,22,11199990
7092,113,0,SAN MIGUEL COUNTY,1995,5489,11300000
7093,113,52550,Mountain Village,1995,552,11352550
7094,113,54880,Norwood,1995,482,11354880
7095,113,55870,Ophir,1995,108,11355870
7096,113,68655,Sawpit,1995,35,11368655
7097,113,76795,Telluride,1995,1912,11376795
7098,113,99990,Unincorporated San Miguel County,1995,2400,11399990
7099,115,0,SEDGWICK COUNTY,1995,2650,11500000
7100,115,39965,Julesburg,1995,1332,11539965
7101,115,56475,Ovid,1995,332,11556475
7102,115,68930,Sedgwick,1995,186,11568930
7103,115,99990,Unincorporated Sedgwick County,1995,800,11599990
7104,117,0,SUMMIT COUNTY,1995,18270,11700000
7105,117,7410,Blue River,1995,568,11707410
7106,117,8400,Breckenridge,1995,1710,11708400
7107,117,20440,Dillon,1995,677,11720440
7108,117,28690,Frisco,1995,2193,11728690
7109,117,40550,Keystone,1995,,11740555
7110,117,51690,Montezuma,1995,53,11751690
7111,117,70525,Silverthorne,1995,2804,11770525
7112,117,99990,Unincorporated Summit County,1995,10265,11799990
7113,119,0,TELLER COUNTY,1995,16981,11900000
7114,119,18530,Cripple Creek,1995,868,11918530
7115,119,32650,Green Mountain Falls (Part),1995,41,11932650
7116,119,80865,Victor,1995,393,11980865
7117,119,86090,Woodland Park,1995,5537,11986090
7118,119,99990,Unincorporated Teller County,1995,10142,11999990
7119,121,0,WASHINGTON COUNTY,1995,5236,12100000
7120,121,925,Akron,1995,1778,12100925
7121,121,56365,Otis,1995,529,12156365
7122,121,99990,Unincorporated Washington County,1995,2929,12199990
7123,123,0,WELD COUNTY,1995,157173,12300000
7124,123,3950,Ault,1995,1316,12303950
7125,123,6255,Berthoud (Part),1995,,12306255
7126,123,8675,Brighton (Part),1995,90,12308675
7127,123,9280,Broomfield (Part),1995,4,12309280
7128,123,19080,Dacono,1995,2528,12319080
7129,123,22860,Eaton,1995,2328,12322860
7130,123,24950,Erie (Part),1995,2492,12324950
7131,123,25280,Evans,1995,7178,12325280
7132,123,26600,Firestone,1995,1518,12326600
7133,123,27700,Fort Lupton,1995,5863,12327700
7134,123,28360,Frederick,1995,1502,12328360
7135,123,29185,Garden City,1995,322,12329185
7136,123,29955,Gilcrest,1995,1166,12329955
7137,123,32155,Greeley,1995,67443,12332155
7138,123,33310,Grover,1995,151,12333310
7139,123,37820,Hudson,1995,1070,12337820
7140,123,39855,Johnstown (Part),1995,1851,12339855
7141,123,40185,Keenesburg,1995,706,12340185
7142,123,40515,Kersey,1995,1203,12340515
7143,123,43605,La Salle,1995,1905,12343605
7144,123,45530,Lochbuie (Part),1995,1575,12345530
7145,123,45970,Longmont (Part),1995,,12345970
7146,123,49600,Mead,1995,587,12349600
7147,123,50480,Milliken,1995,1810,12350480
7148,123,54330,Northglenn (Part),1995,8,12354330
7149,123,55045,Nunn,1995,395,12355045
7150,123,59005,Pierce,1995,866,12359005
7151,123,60160,Platteville,1995,1910,12360160
7152,123,63045,Raymer,1995,96,12363045
7153,123,69150,Severance,1995,168,12369150
7154,123,77290,Thornton (Part),1995,,12377290
7155,123,77510,Timnath (Part),1995,,12377510
7156,123,85485,Windsor (Part),1995,6288,12385485
7157,123,99990,Unincorporated Weld County,1995,42834,12399990
7158,125,0,YUMA COUNTY,1995,9455,12500000
7159,125,23025,Eckley,1995,248,12523025
7160,125,86310,Wray,1995,2089,12586310
7161,125,86750,Yuma,1995,3028,12586750
7162,125,99990,Unincorporated Yuma County,1995,4090,12599990
7163,999,3455,Arvada (Total),1995,97120,99903455
7164,999,4000,Aurora (Total),1995,252808,99904000
7165,999,4935,Basalt (Total),1995,1522,99904935
7166,999,6090,Bennett (Total),1995,1966,99906090
7167,999,6255,Berthoud (Total),1995,3799,99906255
7168,999,8070,Bow Mar (Total),1995,883,99908070
7169,999,8675,Brighton (Total),1995,16720,99908675
7170,999,9280,Broomfield (Total),1995,30014,99909280
7171,999,12855,Center (Total),1995,2290,99912855
7172,999,12910,Central City (Total),1995,490,99912910
7173,999,24950,Erie (Total),1995,2504,99924950
7174,999,32650,Green Mountain Falls (Total),1995,751,99932650
7175,999,39855,Johnstown (Total),1995,1851,99939855
7176,999,45255,Littleton (Total),1995,37399,99945255
7177,999,45530,Lochbuie (Total),1995,1575,99945530
7178,999,45970,Longmont (Total),1995,58142,99945970
7179,999,54330,Northglenn (Total),1995,27777,99954330
7180,999,75640,Superior (Total),1995,2427,99975640
7181,999,77290,Thornton (Total),1995,64453,99977290
7182,999,77510,Timnath (Total),1995,216,99977510
7183,999,83835,Westminster (Total),1995,89798,99983835
7184,999,85485,Windsor (Total),1995,6288,99985485
7185,0,0,COLORADO STATE,1996,3902448,0
7186,1,0,ADAMS COUNTY,1996,323042,100000
7187,1,3455,Arvada (Part),1996,2712,103455
7188,1,4000,Aurora (Part),1996,36878,104000
7189,1,6090,Bennett (Part),1996,1993,106090
7190,1,8675,Brighton (Part),1996,17332,108675
7191,1,9280,Broomfield (Part),1996,12105,109280
7192,1,16495,Commerce City,1996,19466,116495
7193,1,26270,Federal Heights,1996,10626,126270
7194,1,45530,Lochbuie (Part),1996,,145530
7195,1,54330,Northglenn (Part),1996,28137,154330
7196,1,77290,Thornton (Part),1996,67158,177290
7197,1,83835,Westminster (Part),1996,53585,183835
7198,1,99990,Unincorporated Adams County,1996,73050,199990
7199,3,0,ALAMOSA COUNTY,1996,14322,300000
7200,3,1090,Alamosa,1996,7706,301090
7201,3,37380,Hooper,1996,118,337380
7202,3,99990,Unincorporated Alamosa County,1996,6498,399990
7203,5,0,ARAPAHOE COUNTY,1996,451065,500000
7204,5,4000,Aurora (Part),1996,220462,504000
7205,5,6090,Bennett (Part),1996,,506090
7206,5,8070,Bow Mar (Part),1996,629,508070
7207,5,12815,Centennial,1996,,512815
7208,5,13845,Cherry Hills Village,1996,5934,513845
7209,5,16385,Columbine Valley,1996,1116,516385
7210,5,19630,Deer Trail,1996,567,519630
7211,5,24785,Englewood,1996,30956,524785
7212,5,28105,Foxfield,1996,541,528105
7213,5,30340,Glendale,1996,3774,530340
7214,5,33035,Greenwood Village,1996,10346,533035
7215,5,45255,Littleton (Part),1996,38008,545255
7216,5,69645,Sheridan,1996,5476,569645
7217,5,99990,Unincorporated Arapahoe County,1996,133256,599990
7218,7,0,ARCHULETA COUNTY,1996,7928,700000
7219,7,56860,Pagosa Springs,1996,1513,756860
7220,7,99990,Unincorporated Archuleta County,1996,6415,799990
7221,9,0,BACA COUNTY,1996,4526,900000
7222,9,11645,Campo,1996,141,911645
7223,9,61315,Pritchett,1996,145,961315
7224,9,73330,Springfield,1996,1512,973330
7225,9,79270,Two Buttes,1996,67,979270
7226,9,81030,Vilas,1996,110,981030
7227,9,82460,Walsh,1996,708,982460
7228,9,99990,Unincorporated Baca County,1996,1843,999990
7229,11,0,BENT COUNTY,1996,5623,1100000
7230,11,43660,Las Animas,1996,2667,1143660
7231,11,99990,Unincorporated Bent County,1996,2956,1199990
7232,13,0,BOULDER COUNTY,1996,261765,1300000
7233,13,7850,Boulder,1996,94146,1307850
7234,13,9280,Broomfield (Part),1996,17611,1309280
7235,13,24950,Erie (Part),1996,53,1324950
7236,13,39195,Jamestown,1996,234,1339195
7237,13,41835,Lafayette,1996,18974,1341835
7238,13,45970,Longmont (Part),1996,60152,1345970
7239,13,46355,Louisville,1996,18120,1346355
7240,13,47070,Lyons,1996,1423,1347070
7241,13,53175,Nederland,1996,1347,1353175
7242,13,75640,Superior (Part),1996,3689,1375640
7243,13,82735,Ward,1996,171,1382735
7244,13,99990,Unincorporated Boulder County,1996,45845,1399990
7245,14,0,BROOMFIELD COUNTY,1996,,1400000
7246,14,9280,Broomfield,1996,,1409280
7247,15,0,CHAFFEE COUNTY,1996,15125,1500000
7248,15,10105,Buena Vista,1996,2077,1510105
7249,15,60600,Poncha Springs,1996,381,1560600
7250,15,67280,Salida,1996,5329,1567280
7251,15,99990,Unincorporated Chaffee County,1996,7338,1599990
7252,17,0,CHEYENNE COUNTY,1996,2284,1700000
7253,17,14175,Cheyenne Wells,1996,1050,1714175
7254,17,41010,Kit Carson,1996,271,1741010
7255,17,99990,Unincorporated Cheyenne County,1996,963,1799990
7256,19,0,CLEAR CREEK COUNTY,1996,8716,1900000
7257,19,12910,Central City (Part),1996,,1912910
7258,19,24620,Empire,1996,382,1924620
7259,19,29735,Georgetown,1996,950,1929735
7260,19,38370,Idaho Springs,1996,1943,1938370
7261,19,70360,Silver Plume,1996,198,1970360
7262,19,99990,Unincorporated Clear Creek County,1996,5243,1999990
7263,21,0,CONEJOS COUNTY,1996,8019,2100000
7264,21,2355,Antonito,1996,876,2102355
7265,21,42055,La Jara,1996,813,2142055
7266,21,48060,Massa,1996,1019,2148060
7267,21,65740,Romeo,1996,372,2165740
7268,21,67830,Sanford,1996,791,2167830
7269,21,99990,Unincorporated Conejos County,1996,4148,2199990
7270,23,0,COSTILLA COUNTY,1996,3581,2300000
7271,23,7190,Blanca,1996,353,2307190
7272,23,68105,San Luis,1996,786,2368105
7273,23,99990,Unincorporated Costilla County,1996,2442,2399990
7274,25,0,CROWLEY COUNTY,1996,4266,2500000
7275,25,18750,Crowley,1996,202,2518750
7276,25,55705,Olney Springs,1996,372,2555705
7277,25,56145,Ordway,1996,1171,2556145
7278,25,74815,Sugar City,1996,272,2574815
7279,25,99990,Unincorporated Crowley County,1996,2249,2599990
7280,27,0,CUSTER COUNTY,1996,2848,2700000
7281,27,70250,Silver Cliff,1996,443,2770250
7282,27,83450,Westcliffe,1996,389,2783450
7283,27,99990,Unincorporated Custer County,1996,2016,2799990
7284,29,0,DELTA COUNTY,1996,25718,2900000
7285,29,12635,Cedaredge,1996,1676,2912635
7286,29,17925,Crawford,1996,310,2917925
7287,29,19850,Delta,1996,4544,2919850
7288,29,37545,Hotchkiss,1996,901,2937545
7289,29,55980,Orchard City,1996,2705,2955980
7290,29,57300,Paonia,1996,1477,2957300
7291,29,99990,Unincorporated Delta County,1996,14105,2999990
7292,31,0,DENVER COUNTY,1996,518255,3100000
7293,31,20000,Denver,1996,518255,3120000
7294,33,0,DOLORES COUNTY,1996,1636,3300000
7295,33,21265,Dove Creek,1996,646,3321265
7296,33,64090,Rico,1996,161,3364090
7297,33,99990,Unincorporated Dolores County,1996,829,3399990
7298,35,0,DOUGLAS COUNTY,1996,114713,3500000
7299,35,4000,Aurora (Part),1996,2,3504000
7300,35,12387,Castle Pines,1996,,3512390
7301,35,12415,Castle Rock,1996,13508,3512415
7302,35,43550,Larkspur,1996,374,3543550
7303,35,45255,Littleton (Part),1996,184,3545255
7304,35,45955,Lone Tree,1996,4025,3545955
7305,35,57630,Parker,1996,13200,3557630
7306,35,99990,Unincorporated Douglas County,1996,83420,3599990
7307,37,0,EAGLE COUNTY,1996,32928,3700000
7308,37,4110,Avon,1996,4058,3704110
7309,37,4935,Basalt (Part),1996,1320,3704935
7310,37,22200,Eagle,1996,2400,3722200
7311,37,33695,Gypsum,1996,2515,3733695
7312,37,50920,Minturn,1996,1015,3750920
7313,37,63265,Red Cliff,1996,290,3763265
7314,37,80040,Vail,1996,4532,3780040
7315,37,99990,Unincorporated Eagle County,1996,16798,3799990
7316,39,0,ELBERT COUNTY,1996,15806,3900000
7317,39,23740,Elizabeth,1996,1080,3923740
7318,39,40790,Kiowa,1996,438,3940790
7319,39,70635,Simla,1996,533,3970635
7320,39,99990,Unincorporated Elbert County,1996,13755,3999990
7321,41,0,EL PASO COUNTY,1996,476989,4100000
7322,41,11260,Calhan,1996,638,4111260
7323,41,16000,Colorado Springs,1996,335447,4116000
7324,41,27865,Fountain,1996,13929,4127865
7325,41,32650,Green Mountain Falls (Part),1996,709,4132650
7326,41,48445,Manitou Springs,1996,4845,4148445
7327,41,51800,Monument,1996,1623,4151800
7328,41,57025,Palmer Lake,1996,1944,4157025
7329,41,62660,Ramah,1996,98,4162660
7330,41,99990,Unincorporated El Paso County,1996,117756,4199990
7331,43,0,FREMONT COUNTY,1996,41828,4300000
7332,43,9115,Brookside,1996,219,4309115
7333,43,11810,Canon City,1996,14940,4311810
7334,43,15330,Coal Creek,1996,222,4315330
7335,43,27040,Florence,1996,3587,4327040
7336,43,64970,Rockvale,1996,406,4364970
7337,43,85155,Williamsburg,1996,747,4385155
7338,43,99990,Unincorporated Fremont County,1996,21707,4399990
7339,45,0,GARFIELD COUNTY,1996,37677,4500000
7340,45,12030,Carbonate,1996,0,4512030
7341,45,12045,Carbondale,1996,4054,4512045
7342,45,30780,Glenwood Springs,1996,7437,4530780
7343,45,53395,New Castle,1996,1450,4553395
7344,45,57400,Parachute,1996,1012,4557400
7345,45,64255,Rifle,1996,5858,4564255
7346,45,70195,Silt,1996,1308,4570195
7347,45,99990,Unincorporated Garfield County,1996,16558,4599990
7348,47,0,GILPIN COUNTY,1996,3792,4700000
7349,47,7025,Black Hawk,1996,208,4707025
7350,47,12910,Central City (Part),1996,516,4712910
7351,47,99990,Unincorporated Gilpin County,1996,3068,4799990
7352,49,0,GRAND COUNTY,1996,10511,4900000
7353,49,28305,Fraser,1996,771,4928305
7354,49,31605,Granby,1996,1261,4931605
7355,49,31715,Grand Lake,1996,360,4931715
7356,49,37600,Hot Sulphur Springs,1996,447,4937600
7357,49,41560,Kremmling,1996,1416,4941560
7358,49,85705,Winter Park,1996,524,4985705
7359,49,99990,Unincorporated Grand County,1996,5732,4999990
7360,51,0,GUNNISON COUNTY,1996,12244,5100000
7361,51,18310,Crested Butte,1996,1047,5118310
7362,51,33640,Gunnison,1996,5093,5133640
7363,51,48555,Marble,1996,91,5148555
7364,51,52570,Mount Crested Butte,1996,366,5152570
7365,51,59830,Pitkin,1996,158,5159830
7366,51,99990,Unincorporated Gunnison County,1996,5489,5199990
7367,53,0,HINSDALE COUNTY,1996,707,5300000
7368,53,42330,Lake City,1996,342,5342330
7369,53,99990,Unincorporated Hinsdale County,1996,365,5399990
7370,55,0,HUERFANO COUNTY,1996,7389,5500000
7371,55,44100,La Veta,1996,866,5544100
7372,55,82350,Walsenburg,1996,4095,5582350
7373,55,99990,Unincorporated Huerfano County,1996,2428,5599990
7374,57,0,JACKSON COUNTY,1996,1594,5700000
7375,57,82130,Walden,1996,805,5782130
7376,57,99990,Unincorporated Jackson County,1996,789,5799990
7377,59,0,JEFFERSON COUNTY,1996,498046,5900000
7378,59,3455,Arvada (Part),1996,94905,5903455
7379,59,8070,Bow Mar (Part),1996,245,5908070
7380,59,9280,Broomfield (Part),1996,1297,5909280
7381,59,23135,Edgewater,1996,5192,5923135
7382,59,30835,Golden,1996,16205,5930835
7383,59,42495,Lakeside,1996,17,5942495
7384,59,43000,Lakewood,1996,138971,5943000
7385,59,45255,Littleton (Part),1996,,5945255
7386,59,52075,Morrison,1996,475,5952075
7387,59,52350,Mountain View,1996,566,5952350
7388,59,75640,Superior (Part),1996,,5975640
7389,59,83835,Westminster (Part),1996,40227,5983835
7390,59,84440,Wheat Ridge,1996,31913,5984440
7391,59,99990,Unincorporated Jefferson County,1996,168033,5999990
7392,61,0,KIOWA COUNTY,1996,1662,6100000
7393,61,22145,Eads,1996,776,6122145
7394,61,34740,Haswell,1996,84,6134740
7395,61,69700,Sheridan Lake,1996,79,6169700
7396,61,99990,Unincorporated Kiowa County,1996,723,6199990
7397,63,0,KIT CARSON COUNTY,1996,7486,6300000
7398,63,6530,Bethune,1996,186,6306530
7399,63,10600,Burlington,1996,3266,6310600
7400,63,26765,Flagler,1996,589,6326765
7401,63,69040,Seibert,1996,177,6369040
7402,63,74485,Stratton,1996,655,6374485
7403,63,81690,Vona,1996,99,6381690
7404,63,99990,Unincorporated Kit Carson County,1996,2514,6399990
7405,65,0,LAKE COUNTY,1996,7554,6500000
7406,65,44320,Leadville,1996,2925,6544320
7407,65,99990,Unincorporated Lake County,1996,4629,6599990
7408,67,0,LA PLATA COUNTY,1996,39704,6700000
7409,67,5265,Bayfield,1996,1525,6705265
7410,67,22035,Durango,1996,13350,6722035
7411,67,38535,Ignacio,1996,706,6738535
7412,67,99990,Unincorporated La Plata County,1996,24123,6799990
7413,69,0,LARIMER COUNTY,1996,227248,6900000
7414,69,6255,Berthoud (Part),1996,4073,6906255
7415,69,25115,Estes Park,1996,4598,6925115
7416,69,27425,Fort Collins,1996,106220,6927425
7417,69,39855,Johnstown (Part),1996,,6939855
7418,69,46465,Loveland,1996,45462,6946465
7419,69,77510,Timnath (Part),1996,219,6977510
7420,69,83230,Wellington,1996,1758,6983230
7421,69,85485,Windsor (Part),1996,4,6985485
7422,69,99990,Unincorporated Larimer County,1996,64914,6999990
7423,71,0,LAS ANIMAS COUNTY,1996,14967,7100000
7424,71,760,Aguilar,1996,597,7100760
7425,71,8345,Branson,1996,63,7108345
7426,71,15550,Cokedale,1996,131,7115550
7427,71,40570,Kim,1996,68,7140570
7428,71,73715,Starkville,1996,114,7173715
7429,71,78610,Trinidad,1996,9103,7178610
7430,71,99990,Unincorporated Las Animas County,1996,4891,7199990
7431,73,0,LINCOLN COUNTY,1996,6112,7300000
7432,73,3235,Arriba,1996,250,7303235
7433,73,29680,Genoa,1996,200,7329680
7434,73,37875,Hugo,1996,831,7337875
7435,73,44980,Limon,1996,2114,7344980
7436,73,99990,Unincorporated Lincoln County,1996,2717,7399990
7437,75,0,LOGAN COUNTY,1996,19661,7500000
7438,75,18640,Crook,1996,134,7518640
7439,75,26875,Fleming,1996,417,7526875
7440,75,38590,Iliff,1996,207,7538590
7441,75,50040,Merino,1996,236,7550040
7442,75,58235,Peetz,1996,207,7558235
7443,75,73935,Sterling,1996,11274,7573935
7444,75,99990,Unincorporated Logan County,1996,7186,7599990
7445,77,0,MESA COUNTY,1996,107529,7700000
7446,77,15605,Collbran,1996,458,7715605
7447,77,19355,De Beque,1996,303,7719355
7448,77,28745,Fruita,1996,4845,7728745
7449,77,31660,Grand Junction,1996,42498,7731660
7450,77,56970,Palisade,1996,2343,7756970
7451,77,99990,Unincorporated Mesa County,1996,57082,7799990
7452,79,0,MINERAL COUNTY,1996,724,7900000
7453,79,14765,City of Creede,1996,375,7914765
7454,79,99990,Unincorporated Mineral County,1996,349,7999990
7455,81,0,MOFFAT COUNTY,1996,12291,8100000
7456,81,17760,Craig,1996,8706,8117760
7457,81,20495,Dinosaur,1996,319,8120495
7458,81,99990,Unincorporated Moffat County,1996,3266,8199990
7459,83,0,MONTEZUMA COUNTY,1996,22650,8300000
7460,83,17375,Cortez,1996,7871,8317375
7461,83,20770,Dolores,1996,901,8320770
7462,83,48115,Mancos,1996,970,8348115
7463,83,99990,Unincorporated Montezuma County,1996,12908,8399990
7464,85,0,MONTROSE COUNTY,1996,30487,8500000
7465,85,51745,Montrose,1996,11303,8551745
7466,85,53120,Naturita,1996,391,8553120
7467,85,54935,Nucla,1996,731,8554935
7468,85,55540,Olathe,1996,1514,8555540
7469,85,99990,Unincorporated Montrose County,1996,16548,8599990
7470,87,0,MORGAN COUNTY,1996,26042,8700000
7471,87,9555,Brush,1996,5001,8709555
7472,87,27810,Fort Morgan,1996,10840,8727810
7473,87,36610,Hillrose,1996,249,8736610
7474,87,45695,Log Lane Village,1996,907,8745695
7475,87,84770,Wiggins,1996,746,8784770
7476,87,99990,Unincorporated Morgan County,1996,8299,8799990
7477,89,0,OTERO COUNTY,1996,20747,8900000
7478,89,13460,Cheraw,1996,237,8913460
7479,89,27975,Fowler,1996,1197,8927975
7480,89,42110,La Junta,1996,7756,8942110
7481,89,48500,Manzanola,1996,505,8948500
7482,89,65190,Rocky Ford,1996,4356,8965190
7483,89,75970,Swink,1996,666,8975970
7484,89,99990,Unincorporated Otero County,1996,6030,8999990
7485,91,0,OURAY COUNTY,1996,3252,9100000
7486,91,56420,Ouray,1996,806,9156420
7487,91,64200,Ridgway,1996,582,9164200
7488,91,99990,Unincorporated Ouray County,1996,1864,9199990
7489,93,0,PARK COUNTY,1996,11377,9300000
7490,93,1530,Alma,1996,162,9301530
7491,93,25610,Fairplay,1996,513,9325610
7492,93,99990,Unincorporated Park County,1996,10702,9399990
7493,95,0,PHILLIPS COUNTY,1996,4504,9500000
7494,95,34960,Haxtun,1996,1000,9534960
7495,95,37270,Holyoke,1996,2200,9537270
7496,95,57245,Paoli,1996,43,9557245
7497,95,99990,Unincorporated Phillips County,1996,1261,9599990
7498,97,0,PITKIN COUNTY,1996,14553,9700000
7499,97,3620,Aspen,1996,5594,9703620
7500,97,4935,Basalt (Part),1996,452,9704935
7501,97,71755,Snowmass Village,1996,1670,9771755
7502,97,99990,Unincorporated Pitkin County,1996,6837,9799990
7503,99,0,PROWERS COUNTY,1996,14002,9900000
7504,99,31550,Granada,1996,574,9931550
7505,99,34520,Hartman,1996,112,9934520
7506,99,37215,Holly,1996,976,9937215
7507,99,43110,Lamar,1996,8602,9943110
7508,99,85045,Wiley,1996,438,9985045
7509,99,99990,Unincorporated Prowers County,1996,3300,9999990
7510,101,0,PUEBLO COUNTY,1996,132498,10100000
7511,101,7795,Boone,1996,336,10107795
7512,101,62000,Pueblo,1996,101702,10162000
7513,101,66895,Rye,1996,195,10166895
7514,101,99990,Unincorporated Pueblo County,1996,30265,10199990
7515,103,0,RIO BLANCO COUNTY,1996,6341,10300000
7516,103,49875,Meeker,1996,2301,10349875
7517,103,62880,Rangely,1996,2321,10362880
7518,103,99990,Unincorporated Rio Blanco County,1996,1719,10399990
7519,105,0,RIO GRANDE COUNTY,1996,11820,10500000
7520,105,12855,Center (Part),1996,20,10512855
7521,105,19795,Del Norte,1996,1738,10519795
7522,105,51635,Monte Vista,1996,4532,10551635
7523,105,72395,South Fork,1996,397,10572395
7524,105,99990,Unincorporated Rio Grande County,1996,5133,10599990
7525,107,0,ROUTT COUNTY,1996,17718,10700000
7526,107,35070,Hayden,1996,1548,10735070
7527,107,55155,Oak Creek,1996,725,10755155
7528,107,73825,Steamboat Springs,1996,8851,10773825
7529,107,86475,Yampa,1996,394,10786475
7530,107,99990,Unincorporated Routt County,1996,6200,10799990
7531,109,0,SAGUACHE COUNTY,1996,5425,10900000
7532,109,7571,Bonza City,1996,9,10907571
7533,109,12855,Center (Part),1996,2320,10912855
7534,109,18420,Crestone,1996,43,10918420
7535,109,51250,Moffat,1996,78,10951250
7536,109,67005,Saguache,1996,627,10967005
7537,109,99990,Unincorporated Saguache County,1996,2348,10999990
7538,111,0,SAN JUAN COUNTY,1996,579,11100000
7539,111,70580,Silverton,1996,555,11170580
7540,111,99990,Unincorporated San Juan County,1996,24,11199990
7541,113,0,SAN MIGUEL COUNTY,1996,5804,11300000
7542,113,52550,Mountain Village,1996,569,11352550
7543,113,54880,Norwood,1996,497,11354880
7544,113,55870,Ophir,1996,114,11355870
7545,113,68655,Sawpit,1996,34,11368655
7546,113,76795,Telluride,1996,1997,11376795
7547,113,99990,Unincorporated San Miguel County,1996,2593,11399990
7548,115,0,SEDGWICK COUNTY,1996,2686,11500000
7549,115,39965,Julesburg,1996,1362,11539965
7550,115,56475,Ovid,1996,335,11556475
7551,115,68930,Sedgwick,1996,190,11568930
7552,115,99990,Unincorporated Sedgwick County,1996,799,11599990
7553,117,0,SUMMIT COUNTY,1996,19396,11700000
7554,117,7410,Blue River,1996,588,11707410
7555,117,8400,Breckenridge,1996,1860,11708400
7556,117,20440,Dillon,1996,738,11720440
7557,117,28690,Frisco,1996,2304,11728690
7558,117,40550,Keystone,1996,,11740555
7559,117,51690,Montezuma,1996,53,11751690
7560,117,70525,Silverthorne,1996,2951,11770525
7561,117,99990,Unincorporated Summit County,1996,10902,11799990
7562,119,0,TELLER COUNTY,1996,18135,11900000
7563,119,18530,Cripple Creek,1996,898,11918530
7564,119,32650,Green Mountain Falls (Part),1996,43,11932650
7565,119,80865,Victor,1996,421,11980865
7566,119,86090,Woodland Park,1996,5931,11986090
7567,119,99990,Unincorporated Teller County,1996,10842,11999990
7568,121,0,WASHINGTON COUNTY,1996,5221,12100000
7569,121,925,Akron,1996,1778,12100925
7570,121,56365,Otis,1996,536,12156365
7571,121,99990,Unincorporated Washington County,1996,2907,12199990
7572,123,0,WELD COUNTY,1996,161809,12300000
7573,123,3950,Ault,1996,1364,12303950
7574,123,6255,Berthoud (Part),1996,,12306255
7575,123,8675,Brighton (Part),1996,116,12308675
7576,123,9280,Broomfield (Part),1996,6,12309280
7577,123,19080,Dacono,1996,2561,12319080
7578,123,22860,Eaton,1996,2457,12322860
7579,123,24950,Erie (Part),1996,3080,12324950
7580,123,25280,Evans,1996,7538,12325280
7581,123,26600,Firestone,1996,1618,12326600
7582,123,27700,Fort Lupton,1996,6048,12327700
7583,123,28360,Frederick,1996,1757,12328360
7584,123,29185,Garden City,1996,332,12329185
7585,123,29955,Gilcrest,1996,1172,12329955
7586,123,32155,Greeley,1996,68741,12332155
7587,123,33310,Grover,1996,152,12333310
7588,123,37820,Hudson,1996,1168,12337820
7589,123,39855,Johnstown (Part),1996,2208,12339855
7590,123,40185,Keenesburg,1996,729,12340185
7591,123,40515,Kersey,1996,1224,12340515
7592,123,43605,La Salle,1996,1878,12343605
7593,123,45530,Lochbuie (Part),1996,1645,12345530
7594,123,45970,Longmont (Part),1996,,12345970
7595,123,49600,Mead,1996,883,12349600
7596,123,50480,Milliken,1996,1867,12350480
7597,123,54330,Northglenn (Part),1996,15,12354330
7598,123,55045,Nunn,1996,420,12355045
7599,123,59005,Pierce,1996,877,12359005
7600,123,60160,Platteville,1996,1967,12360160
7601,123,63045,Raymer,1996,96,12363045
7602,123,69150,Severance,1996,274,12369150
7603,123,77290,Thornton (Part),1996,,12377290
7604,123,77510,Timnath (Part),1996,,12377510
7605,123,85485,Windsor (Part),1996,6893,12385485
7606,123,99990,Unincorporated Weld County,1996,42723,12399990
7607,125,0,YUMA COUNTY,1996,9521,12500000
7608,125,23025,Eckley,1996,254,12523025
7609,125,86310,Wray,1996,2103,12586310
7610,125,86750,Yuma,1996,3077,12586750
7611,125,99990,Unincorporated Yuma County,1996,4087,12599990
7612,999,3455,Arvada (Total),1996,97617,99903455
7613,999,4000,Aurora (Total),1996,257342,99904000
7614,999,4935,Basalt (Total),1996,1772,99904935
7615,999,6090,Bennett (Total),1996,1993,99906090
7616,999,6255,Berthoud (Total),1996,4073,99906255
7617,999,8070,Bow Mar (Total),1996,874,99908070
7618,999,8675,Brighton (Total),1996,17448,99908675
7619,999,9280,Broomfield (Total),1996,31019,99909280
7620,999,12855,Center (Total),1996,2340,99912855
7621,999,12910,Central City (Total),1996,516,99912910
7622,999,24950,Erie (Total),1996,3133,99924950
7623,999,32650,Green Mountain Falls (Total),1996,752,99932650
7624,999,39855,Johnstown (Total),1996,2208,99939855
7625,999,45255,Littleton (Total),1996,38192,99945255
7626,999,45530,Lochbuie (Total),1996,1645,99945530
7627,999,45970,Longmont (Total),1996,60152,99945970
7628,999,54330,Northglenn (Total),1996,28152,99954330
7629,999,75640,Superior (Total),1996,3689,99975640
7630,999,77290,Thornton (Total),1996,67158,99977290
7631,999,77510,Timnath (Total),1996,219,99977510
7632,999,83835,Westminster (Total),1996,93812,99983835
7633,999,85485,Windsor (Total),1996,6897,99985485
7634,0,0,COLORADO STATE,1997,3995923,0
7635,1,0,ADAMS COUNTY,1997,332744,100000
7636,1,3455,Arvada (Part),1997,2767,103455
7637,1,4000,Aurora (Part),1997,38051,104000
7638,1,6090,Bennett (Part),1997,2038,106090
7639,1,8675,Brighton (Part),1997,18133,108675
7640,1,9280,Broomfield (Part),1997,12820,109280
7641,1,16495,Commerce City,1997,19806,116495
7642,1,26270,Federal Heights,1997,10760,126270
7643,1,45530,Lochbuie (Part),1997,,145530
7644,1,54330,Northglenn (Part),1997,28523,154330
7645,1,77290,Thornton (Part),1997,70124,177290
7646,1,83835,Westminster (Part),1997,55036,183835
7647,1,99990,Unincorporated Adams County,1997,74686,199990
7648,3,0,ALAMOSA COUNTY,1997,14478,300000
7649,3,1090,Alamosa,1997,7773,301090
7650,3,37380,Hooper,1997,119,337380
7651,3,99990,Unincorporated Alamosa County,1997,6586,399990
7652,5,0,ARAPAHOE COUNTY,1997,459058,500000
7653,5,4000,Aurora (Part),1997,223038,504000
7654,5,6090,Bennett (Part),1997,,506090
7655,5,8070,Bow Mar (Part),1997,624,508070
7656,5,12815,Centennial,1997,,512815
7657,5,13845,Cherry Hills Village,1997,5908,513845
7658,5,16385,Columbine Valley,1997,1135,516385
7659,5,19630,Deer Trail,1997,575,519630
7660,5,24785,Englewood,1997,30905,524785
7661,5,28105,Foxfield,1997,557,528105
7662,5,30340,Glendale,1997,3925,530340
7663,5,33035,Greenwood Village,1997,11270,533035
7664,5,45255,Littleton (Part),1997,38669,545255
7665,5,69645,Sheridan,1997,5506,569645
7666,5,99990,Unincorporated Arapahoe County,1997,136946,599990
7667,7,0,ARCHULETA COUNTY,1997,8534,700000
7668,7,56860,Pagosa Springs,1997,1587,756860
7669,7,99990,Unincorporated Archuleta County,1997,6947,799990
7670,9,0,BACA COUNTY,1997,4562,900000
7671,9,11645,Campo,1997,145,911645
7672,9,61315,Pritchett,1997,145,961315
7673,9,73330,Springfield,1997,1529,973330
7674,9,79270,Two Buttes,1997,68,979270
7675,9,81030,Vilas,1997,111,981030
7676,9,82460,Walsh,1997,721,982460
7677,9,99990,Unincorporated Baca County,1997,1843,999990
7678,11,0,BENT COUNTY,1997,5640,1100000
7679,11,43660,Las Animas,1997,2661,1143660
7680,11,99990,Unincorporated Bent County,1997,2979,1199990
7681,13,0,BOULDER COUNTY,1997,266063,1300000
7682,13,7850,Boulder,1997,94307,1307850
7683,13,9280,Broomfield (Part),1997,17647,1309280
7684,13,24950,Erie (Part),1997,55,1324950
7685,13,39195,Jamestown,1997,224,1339195
7686,13,41835,Lafayette,1997,19747,1341835
7687,13,45970,Longmont (Part),1997,61557,1345970
7688,13,46355,Louisville,1997,18280,1346355
7689,13,47070,Lyons,1997,1442,1347070
7690,13,53175,Nederland,1997,1366,1353175
7691,13,75640,Superior (Part),1997,5417,1375640
7692,13,82735,Ward,1997,169,1382735
7693,13,99990,Unincorporated Boulder County,1997,45852,1399990
7694,14,0,BROOMFIELD COUNTY,1997,,1400000
7695,14,9280,Broomfield,1997,,1409280
7696,15,0,CHAFFEE COUNTY,1997,15406,1500000
7697,15,10105,Buena Vista,1997,2109,1510105
7698,15,60600,Poncha Springs,1997,401,1560600
7699,15,67280,Salida,1997,5376,1567280
7700,15,99990,Unincorporated Chaffee County,1997,7520,1599990
7701,17,0,CHEYENNE COUNTY,1997,2295,1700000
7702,17,14175,Cheyenne Wells,1997,1050,1714175
7703,17,41010,Kit Carson,1997,269,1741010
7704,17,99990,Unincorporated Cheyenne County,1997,976,1799990
7705,19,0,CLEAR CREEK COUNTY,1997,8880,1900000
7706,19,12910,Central City (Part),1997,,1912910
7707,19,24620,Empire,1997,376,1924620
7708,19,29735,Georgetown,1997,978,1929735
7709,19,38370,Idaho Springs,1997,1933,1938370
7710,19,70360,Silver Plume,1997,200,1970360
7711,19,99990,Unincorporated Clear Creek County,1997,5393,1999990
7712,21,0,CONEJOS COUNTY,1997,8100,2100000
7713,21,2355,Antonito,1997,841,2102355
7714,21,42055,La Jara,1997,793,2142055
7715,21,48060,Massa,1997,984,2148060
7716,21,65740,Romeo,1997,358,2165740
7717,21,67830,Sanford,1997,766,2167830
7718,21,99990,Unincorporated Conejos County,1997,4358,2199990
7719,23,0,COSTILLA COUNTY,1997,3641,2300000
7720,23,7190,Blanca,1997,367,2307190
7721,23,68105,San Luis,1997,782,2368105
7722,23,99990,Unincorporated Costilla County,1997,2492,2399990
7723,25,0,CROWLEY COUNTY,1997,4303,2500000
7724,25,18750,Crowley,1997,201,2518750
7725,25,55705,Olney Springs,1997,375,2555705
7726,25,56145,Ordway,1997,1177,2556145
7727,25,74815,Sugar City,1997,270,2574815
7728,25,99990,Unincorporated Crowley County,1997,2280,2599990
7729,27,0,CUSTER COUNTY,1997,3057,2700000
7730,27,70250,Silver Cliff,1997,466,2770250
7731,27,83450,Westcliffe,1997,404,2783450
7732,27,99990,Unincorporated Custer County,1997,2187,2799990
7733,29,0,DELTA COUNTY,1997,26005,2900000
7734,29,12635,Cedaredge,1997,1707,2912635
7735,29,17925,Crawford,1997,322,2917925
7736,29,19850,Delta,1997,5109,2919850
7737,29,37545,Hotchkiss,1997,908,2937545
7738,29,55980,Orchard City,1997,2723,2955980
7739,29,57300,Paonia,1997,1463,2957300
7740,29,99990,Unincorporated Delta County,1997,13773,2999990
7741,31,0,DENVER COUNTY,1997,527442,3100000
7742,31,20000,Denver,1997,527442,3120000
7743,33,0,DOLORES COUNTY,1997,1674,3300000
7744,33,21265,Dove Creek,1997,653,3321265
7745,33,64090,Rico,1997,171,3364090
7746,33,99990,Unincorporated Dolores County,1997,850,3399990
7747,35,0,DOUGLAS COUNTY,1997,129331,3500000
7748,35,4000,Aurora (Part),1997,1,3504000
7749,35,12387,Castle Pines,1997,,3512390
7750,35,12415,Castle Rock,1997,14242,3512415
7751,35,43550,Larkspur,1997,359,3543550
7752,35,45255,Littleton (Part),1997,197,3545255
7753,35,45955,Lone Tree,1997,4954,3545955
7754,35,57630,Parker,1997,15078,3557630
7755,35,99990,Unincorporated Douglas County,1997,94500,3599990
7756,37,0,EAGLE COUNTY,1997,35206,3700000
7757,37,4110,Avon,1997,4367,3704110
7758,37,4935,Basalt (Part),1997,1371,3704935
7759,37,22200,Eagle,1997,2714,3722200
7760,37,33695,Gypsum,1997,2931,3733695
7761,37,50920,Minturn,1997,1033,3750920
7762,37,63265,Red Cliff,1997,299,3763265
7763,37,80040,Vail,1997,4604,3780040
7764,37,99990,Unincorporated Eagle County,1997,17887,3799990
7765,39,0,ELBERT COUNTY,1997,16987,3900000
7766,39,23740,Elizabeth,1997,1221,3923740
7767,39,40790,Kiowa,1997,476,3940790
7768,39,70635,Simla,1997,566,3970635
7769,39,99990,Unincorporated Elbert County,1997,14724,3999990
7770,41,0,EL PASO COUNTY,1997,486805,4100000
7771,41,11260,Calhan,1997,640,4111260
7772,41,16000,Colorado Springs,1997,342548,4116000
7773,41,27865,Fountain,1997,14260,4127865
7774,41,32650,Green Mountain Falls (Part),1997,714,4132650
7775,41,48445,Manitou Springs,1997,4885,4148445
7776,41,51800,Monument,1997,1713,4151800
7777,41,57025,Palmer Lake,1997,2006,4157025
7778,41,62660,Ramah,1997,108,4162660
7779,41,99990,Unincorporated El Paso County,1997,119931,4199990
7780,43,0,FREMONT COUNTY,1997,42844,4300000
7781,43,9115,Brookside,1997,219,4309115
7782,43,11810,Canon City,1997,15105,4311810
7783,43,15330,Coal Creek,1997,230,4315330
7784,43,27040,Florence,1997,3646,4327040
7785,43,64970,Rockvale,1997,412,4364970
7786,43,85155,Williamsburg,1997,739,4385155
7787,43,99990,Unincorporated Fremont County,1997,22493,4399990
7788,45,0,GARFIELD COUNTY,1997,38894,4500000
7789,45,12030,Carbonate,1997,0,4512030
7790,45,12045,Carbondale,1997,4413,4512045
7791,45,30780,Glenwood Springs,1997,7492,4530780
7792,45,53395,New Castle,1997,1563,4553395
7793,45,57400,Parachute,1997,1004,4557400
7794,45,64255,Rifle,1997,6017,4564255
7795,45,70195,Silt,1997,1418,4570195
7796,45,99990,Unincorporated Garfield County,1997,16987,4599990
7797,47,0,GILPIN COUNTY,1997,4035,4700000
7798,47,7025,Black Hawk,1997,192,4707025
7799,47,12910,Central City (Part),1997,820,4712910
7800,47,99990,Unincorporated Gilpin County,1997,3023,4799990
7801,49,0,GRAND COUNTY,1997,10966,4900000
7802,49,28305,Fraser,1997,805,4928305
7803,49,31605,Granby,1997,1324,4931605
7804,49,31715,Grand Lake,1997,388,4931715
7805,49,37600,Hot Sulphur Springs,1997,466,4937600
7806,49,41560,Kremmling,1997,1458,4941560
7807,49,85705,Winter Park,1997,521,4985705
7808,49,99990,Unincorporated Grand County,1997,6004,4999990
7809,51,0,GUNNISON COUNTY,1997,12405,5100000
7810,51,18310,Crested Butte,1997,1068,5118310
7811,51,33640,Gunnison,1997,5075,5133640
7812,51,48555,Marble,1997,96,5148555
7813,51,52570,Mount Crested Butte,1997,366,5152570
7814,51,59830,Pitkin,1997,149,5159830
7815,51,99990,Unincorporated Gunnison County,1997,5651,5199990
7816,53,0,HINSDALE COUNTY,1997,739,5300000
7817,53,42330,Lake City,1997,357,5342330
7818,53,99990,Unincorporated Hinsdale County,1997,382,5399990
7819,55,0,HUERFANO COUNTY,1997,7672,5500000
7820,55,44100,La Veta,1997,891,5544100
7821,55,82350,Walsenburg,1997,4220,5582350
7822,55,99990,Unincorporated Huerfano County,1997,2561,5599990
7823,57,0,JACKSON COUNTY,1997,1596,5700000
7824,57,82130,Walden,1997,785,5782130
7825,57,99990,Unincorporated Jackson County,1997,811,5799990
7826,59,0,JEFFERSON COUNTY,1997,504234,5900000
7827,59,3455,Arvada (Part),1997,95728,5903455
7828,59,8070,Bow Mar (Part),1997,243,5908070
7829,59,9280,Broomfield (Part),1997,1248,5909280
7830,59,23135,Edgewater,1997,5242,5923135
7831,59,30835,Golden,1997,16406,5930835
7832,59,42495,Lakeside,1997,18,5942495
7833,59,43000,Lakewood,1997,140248,5943000
7834,59,45255,Littleton (Part),1997,,5945255
7835,59,52075,Morrison,1997,461,5952075
7836,59,52350,Mountain View,1997,564,5952350
7837,59,75640,Superior (Part),1997,,5975640
7838,59,83835,Westminster (Part),1997,41222,5983835
7839,59,84440,Wheat Ridge,1997,32090,5984440
7840,59,99990,Unincorporated Jefferson County,1997,170764,5999990
7841,61,0,KIOWA COUNTY,1997,1661,6100000
7842,61,22145,Eads,1997,772,6122145
7843,61,34740,Haswell,1997,84,6134740
7844,61,69700,Sheridan Lake,1997,76,6169700
7845,61,99990,Unincorporated Kiowa County,1997,729,6199990
7846,63,0,KIT CARSON COUNTY,1997,7599,6300000
7847,63,6530,Bethune,1997,193,6306530
7848,63,10600,Burlington,1997,3356,6310600
7849,63,26765,Flagler,1997,594,6326765
7850,63,69040,Seibert,1997,171,6369040
7851,63,74485,Stratton,1997,660,6374485
7852,63,81690,Vona,1997,98,6381690
7853,63,99990,Unincorporated Kit Carson County,1997,2527,6399990
7854,65,0,LAKE COUNTY,1997,7860,6500000
7855,65,44320,Leadville,1997,2984,6544320
7856,65,99990,Unincorporated Lake County,1997,4876,6599990
7857,67,0,LA PLATA COUNTY,1997,40318,6700000
7858,67,5265,Bayfield,1997,1545,6705265
7859,67,22035,Durango,1997,13278,6722035
7860,67,38535,Ignacio,1997,709,6738535
7861,67,99990,Unincorporated La Plata County,1997,24786,6799990
7862,69,0,LARIMER COUNTY,1997,232796,6900000
7863,69,6255,Berthoud (Part),1997,4214,6906255
7864,69,25115,Estes Park,1997,4796,6925115
7865,69,27425,Fort Collins,1997,109356,6927425
7866,69,39855,Johnstown (Part),1997,,6939855
7867,69,46465,Loveland,1997,46510,6946465
7868,69,77510,Timnath (Part),1997,220,6977510
7869,69,83230,Wellington,1997,1809,6983230
7870,69,85485,Windsor (Part),1997,4,6985485
7871,69,99990,Unincorporated Larimer County,1997,65887,6999990
7872,71,0,LAS ANIMAS COUNTY,1997,15045,7100000
7873,71,760,Aguilar,1997,593,7100760
7874,71,8345,Branson,1997,68,7108345
7875,71,15550,Cokedale,1997,133,7115550
7876,71,40570,Kim,1997,67,7140570
7877,71,73715,Starkville,1997,118,7173715
7878,71,78610,Trinidad,1997,9071,7178610
7879,71,99990,Unincorporated Las Animas County,1997,4995,7199990
7880,73,0,LINCOLN COUNTY,1997,6094,7300000
7881,73,3235,Arriba,1997,248,7303235
7882,73,29680,Genoa,1997,202,7329680
7883,73,37875,Hugo,1997,849,7337875
7884,73,44980,Limon,1997,2096,7344980
7885,73,99990,Unincorporated Lincoln County,1997,2699,7399990
7886,75,0,LOGAN COUNTY,1997,20008,7500000
7887,75,18640,Crook,1997,136,7518640
7888,75,26875,Fleming,1997,416,7526875
7889,75,38590,Iliff,1997,209,7538590
7890,75,50040,Merino,1997,235,7550040
7891,75,58235,Peetz,1997,215,7558235
7892,75,73935,Sterling,1997,11354,7573935
7893,75,99990,Unincorporated Logan County,1997,7443,7599990
7894,77,0,MESA COUNTY,1997,109762,7700000
7895,77,15605,Collbran,1997,455,7715605
7896,77,19355,De Beque,1997,306,7719355
7897,77,28745,Fruita,1997,5006,7728745
7898,77,31660,Grand Junction,1997,43987,7731660
7899,77,56970,Palisade,1997,2406,7756970
7900,77,99990,Unincorporated Mesa County,1997,57602,7799990
7901,79,0,MINERAL COUNTY,1997,744,7900000
7902,79,14765,City of Creede,1997,369,7914765
7903,79,99990,Unincorporated Mineral County,1997,375,7999990
7904,81,0,MOFFAT COUNTY,1997,12572,8100000
7905,81,17760,Craig,1997,8868,8117760
7906,81,20495,Dinosaur,1997,321,8120495
7907,81,99990,Unincorporated Moffat County,1997,3383,8199990
7908,83,0,MONTEZUMA COUNTY,1997,22973,8300000
7909,83,17375,Cortez,1997,7833,8317375
7910,83,20770,Dolores,1997,880,8320770
7911,83,48115,Mancos,1997,972,8348115
7912,83,99990,Unincorporated Montezuma County,1997,13288,8399990
7913,85,0,MONTROSE COUNTY,1997,31252,8500000
7914,85,51745,Montrose,1997,11602,8551745
7915,85,53120,Naturita,1997,382,8553120
7916,85,54935,Nucla,1997,734,8554935
7917,85,55540,Olathe,1997,1522,8555540
7918,85,99990,Unincorporated Montrose County,1997,17012,8599990
7919,87,0,MORGAN COUNTY,1997,26647,8700000
7920,87,9555,Brush,1997,5110,8709555
7921,87,27810,Fort Morgan,1997,11103,8727810
7922,87,36610,Hillrose,1997,255,8736610
7923,87,45695,Log Lane Village,1997,929,8745695
7924,87,84770,Wiggins,1997,786,8784770
7925,87,99990,Unincorporated Morgan County,1997,8464,8799990
7926,89,0,OTERO COUNTY,1997,20767,8900000
7927,89,13460,Cheraw,1997,232,8913460
7928,89,27975,Fowler,1997,1209,8927975
7929,89,42110,La Junta,1997,7738,8942110
7930,89,48500,Manzanola,1997,514,8948500
7931,89,65190,Rocky Ford,1997,4374,8965190
7932,89,75970,Swink,1997,679,8975970
7933,89,99990,Unincorporated Otero County,1997,6021,8999990
7934,91,0,OURAY COUNTY,1997,3322,9100000
7935,91,56420,Ouray,1997,780,9156420
7936,91,64200,Ridgway,1997,653,9164200
7937,91,99990,Unincorporated Ouray County,1997,1889,9199990
7938,93,0,PARK COUNTY,1997,12362,9300000
7939,93,1530,Alma,1997,169,9301530
7940,93,25610,Fairplay,1997,539,9325610
7941,93,99990,Unincorporated Park County,1997,11654,9399990
7942,95,0,PHILLIPS COUNTY,1997,4574,9500000
7943,95,34960,Haxtun,1997,1018,9534960
7944,95,37270,Holyoke,1997,2246,9537270
7945,95,57245,Paoli,1997,46,9557245
7946,95,99990,Unincorporated Phillips County,1997,1264,9599990
7947,97,0,PITKIN COUNTY,1997,14787,9700000
7948,97,3620,Aspen,1997,5650,9703620
7949,97,4935,Basalt (Part),1997,498,9704935
7950,97,71755,Snowmass Village,1997,1706,9771755
7951,97,99990,Unincorporated Pitkin County,1997,6933,9799990
7952,99,0,PROWERS COUNTY,1997,14117,9900000
7953,99,31550,Granada,1997,576,9931550
7954,99,34520,Hartman,1997,111,9934520
7955,99,37215,Holly,1997,981,9937215
7956,99,43110,Lamar,1997,8654,9943110
7957,99,85045,Wiley,1997,476,9985045
7958,99,99990,Unincorporated Prowers County,1997,3319,9999990
7959,101,0,PUEBLO COUNTY,1997,134794,10100000
7960,101,7795,Boone,1997,329,10107795
7961,101,62000,Pueblo,1997,102137,10162000
7962,101,66895,Rye,1997,196,10166895
7963,101,99990,Unincorporated Pueblo County,1997,32132,10199990
7964,103,0,RIO BLANCO COUNTY,1997,6322,10300000
7965,103,49875,Meeker,1997,2311,10349875
7966,103,62880,Rangely,1997,2287,10362880
7967,103,99990,Unincorporated Rio Blanco County,1997,1724,10399990
7968,105,0,RIO GRANDE COUNTY,1997,11966,10500000
7969,105,12855,Center (Part),1997,22,10512855
7970,105,19795,Del Norte,1997,1723,10519795
7971,105,51635,Monte Vista,1997,4525,10551635
7972,105,72395,South Fork,1997,397,10572395
7973,105,99990,Unincorporated Rio Grande County,1997,5299,10599990
7974,107,0,ROUTT COUNTY,1997,18117,10700000
7975,107,35070,Hayden,1997,1564,10735070
7976,107,55155,Oak Creek,1997,726,10755155
7977,107,73825,Steamboat Springs,1997,9058,10773825
7978,107,86475,Yampa,1997,405,10786475
7979,107,99990,Unincorporated Routt County,1997,6364,10799990
7980,109,0,SAGUACHE COUNTY,1997,5492,10900000
7981,109,7571,Bonza City,1997,8,10907571
7982,109,12855,Center (Part),1997,2317,10912855
7983,109,18420,Crestone,1997,39,10918420
7984,109,51250,Moffat,1997,72,10951250
7985,109,67005,Saguache,1997,618,10967005
7986,109,99990,Unincorporated Saguache County,1997,2438,10999990
7987,111,0,SAN JUAN COUNTY,1997,570,11100000
7988,111,70580,Silverton,1997,547,11170580
7989,111,99990,Unincorporated San Juan County,1997,23,11199990
7990,113,0,SAN MIGUEL COUNTY,1997,5953,11300000
7991,113,52550,Mountain Village,1997,612,11352550
7992,113,54880,Norwood,1997,476,11354880
7993,113,55870,Ophir,1997,114,11355870
7994,113,68655,Sawpit,1997,32,11368655
7995,113,76795,Telluride,1997,2059,11376795
7996,113,99990,Unincorporated San Miguel County,1997,2660,11399990
7997,115,0,SEDGWICK COUNTY,1997,2731,11500000
7998,115,39965,Julesburg,1997,1393,11539965
7999,115,56475,Ovid,1997,340,11556475
8000,115,68930,Sedgwick,1997,193,11568930
8001,115,99990,Unincorporated Sedgwick County,1997,805,11599990
8002,117,0,SUMMIT COUNTY,1997,20349,11700000
8003,117,7410,Blue River,1997,602,11707410
8004,117,8400,Breckenridge,1997,1949,11708400
8005,117,20440,Dillon,1997,761,11720440
8006,117,28690,Frisco,1997,2323,11728690
8007,117,40550,Keystone,1997,,11740555
8008,117,51690,Montezuma,1997,50,11751690
8009,117,70525,Silverthorne,1997,3030,11770525
8010,117,99990,Unincorporated Summit County,1997,11634,11799990
8011,119,0,TELLER COUNTY,1997,19066,11900000
8012,119,18530,Cripple Creek,1997,1232,11918530
8013,119,32650,Green Mountain Falls (Part),1997,45,11932650
8014,119,80865,Victor,1997,419,11980865
8015,119,86090,Woodland Park,1997,6061,11986090
8016,119,99990,Unincorporated Teller County,1997,11309,11999990
8017,121,0,WASHINGTON COUNTY,1997,5210,12100000
8018,121,925,Akron,1997,1788,12100925
8019,121,56365,Otis,1997,543,12156365
8020,121,99990,Unincorporated Washington County,1997,2879,12199990
8021,123,0,WELD COUNTY,1997,166840,12300000
8022,123,3950,Ault,1997,1398,12303950
8023,123,6255,Berthoud (Part),1997,14,12306255
8024,123,8675,Brighton (Part),1997,127,12308675
8025,123,9280,Broomfield (Part),1997,5,12309280
8026,123,19080,Dacono,1997,2587,12319080
8027,123,22860,Eaton,1997,2535,12322860
8028,123,24950,Erie (Part),1997,4163,12324950
8029,123,25280,Evans,1997,8048,12325280
8030,123,26600,Firestone,1997,1672,12326600
8031,123,27700,Fort Lupton,1997,6200,12327700
8032,123,28360,Frederick,1997,2015,12328360
8033,123,29185,Garden City,1997,338,12329185
8034,123,29955,Gilcrest,1997,1168,12329955
8035,123,32155,Greeley,1997,70753,12332155
8036,123,33310,Grover,1997,152,12333310
8037,123,37820,Hudson,1997,1229,12337820
8038,123,39855,Johnstown (Part),1997,2628,12339855
8039,123,40185,Keenesburg,1997,751,12340185
8040,123,40515,Kersey,1997,1237,12340515
8041,123,43605,La Salle,1997,1889,12343605
8042,123,45530,Lochbuie (Part),1997,1696,12345530
8043,123,45970,Longmont (Part),1997,14,12345970
8044,123,49600,Mead,1997,1161,12349600
8045,123,50480,Milliken,1997,1928,12350480
8046,123,54330,Northglenn (Part),1997,14,12354330
8047,123,55045,Nunn,1997,441,12355045
8048,123,59005,Pierce,1997,874,12359005
8049,123,60160,Platteville,1997,2039,12360160
8050,123,63045,Raymer,1997,93,12363045
8051,123,69150,Severance,1997,403,12369150
8052,123,77290,Thornton (Part),1997,,12377290
8053,123,77510,Timnath (Part),1997,,12377510
8054,123,85485,Windsor (Part),1997,7367,12385485
8055,123,99990,Unincorporated Weld County,1997,41901,12399990
8056,125,0,YUMA COUNTY,1997,9657,12500000
8057,125,23025,Eckley,1997,262,12523025
8058,125,86310,Wray,1997,2142,12586310
8059,125,86750,Yuma,1997,3143,12586750
8060,125,99990,Unincorporated Yuma County,1997,4110,12599990
8061,999,3455,Arvada (Total),1997,98495,99903455
8062,999,4000,Aurora (Total),1997,261090,99904000
8063,999,4935,Basalt (Total),1997,1869,99904935
8064,999,6090,Bennett (Total),1997,2038,99906090
8065,999,6255,Berthoud (Total),1997,4228,99906255
8066,999,8070,Bow Mar (Total),1997,867,99908070
8067,999,8675,Brighton (Total),1997,18260,99908675
8068,999,9280,Broomfield (Total),1997,31720,99909280
8069,999,12855,Center (Total),1997,2339,99912855
8070,999,12910,Central City (Total),1997,820,99912910
8071,999,24950,Erie (Total),1997,4218,99924950
8072,999,32650,Green Mountain Falls (Total),1997,759,99932650
8073,999,39855,Johnstown (Total),1997,2628,99939855
8074,999,45255,Littleton (Total),1997,38866,99945255
8075,999,45530,Lochbuie (Total),1997,1696,99945530
8076,999,45970,Longmont (Total),1997,61571,99945970
8077,999,54330,Northglenn (Total),1997,28537,99954330
8078,999,75640,Superior (Total),1997,5417,99975640
8079,999,77290,Thornton (Total),1997,70124,99977290
8080,999,77510,Timnath (Total),1997,220,99977510
8081,999,83835,Westminster (Total),1997,96258,99983835
8082,999,85485,Windsor (Total),1997,7371,99985485
8083,0,0,COLORADO STATE,1998,4102491,0
8084,1,0,ADAMS COUNTY,1998,344024,100000
8085,1,3455,Arvada (Part),1998,2803,103455
8086,1,4000,Aurora (Part),1998,38307,104000
8087,1,6090,Bennett (Part),1998,2029,106090
8088,1,8675,Brighton (Part),1998,18932,108675
8089,1,9280,Broomfield (Part),1998,13512,109280
8090,1,16495,Commerce City,1998,20075,116495
8091,1,26270,Federal Heights,1998,11717,126270
8092,1,45530,Lochbuie (Part),1998,,145530
8093,1,54330,Northglenn (Part),1998,28900,154330
8094,1,77290,Thornton (Part),1998,75373,177290
8095,1,83835,Westminster (Part),1998,55692,183835
8096,1,99990,Unincorporated Adams County,1998,76684,199990
8097,3,0,ALAMOSA COUNTY,1998,14623,300000
8098,3,1090,Alamosa,1998,7799,301090
8099,3,37380,Hooper,1998,120,337380
8100,3,99990,Unincorporated Alamosa County,1998,6704,399990
8101,5,0,ARAPAHOE COUNTY,1998,472399,500000
8102,5,4000,Aurora (Part),1998,229378,504000
8103,5,6090,Bennett (Part),1998,,506090
8104,5,8070,Bow Mar (Part),1998,620,508070
8105,5,12815,Centennial,1998,,512815
8106,5,13845,Cherry Hills Village,1998,5928,513845
8107,5,16385,Columbine Valley,1998,1146,516385
8108,5,19630,Deer Trail,1998,585,519630
8109,5,24785,Englewood,1998,31861,524785
8110,5,28105,Foxfield,1998,711,528105
8111,5,30340,Glendale,1998,4112,530340
8112,5,33035,Greenwood Village,1998,11136,533035
8113,5,45255,Littleton (Part),1998,39263,545255
8114,5,69645,Sheridan,1998,5554,569645
8115,5,99990,Unincorporated Arapahoe County,1998,142105,599990
8116,7,0,ARCHULETA COUNTY,1998,9133,700000
8117,7,56860,Pagosa Springs,1998,1605,756860
8118,7,99990,Unincorporated Archuleta County,1998,7528,799990
8119,9,0,BACA COUNTY,1998,4531,900000
8120,9,11645,Campo,1998,147,911645
8121,9,61315,Pritchett,1998,142,961315
8122,9,73330,Springfield,1998,1531,973330
8123,9,79270,Two Buttes,1998,68,979270
8124,9,81030,Vilas,1998,111,981030
8125,9,82460,Walsh,1998,720,982460
8126,9,99990,Unincorporated Baca County,1998,1812,999990
8127,11,0,BENT COUNTY,1998,5993,1100000
8128,11,43660,Las Animas,1998,2826,1143660
8129,11,99990,Unincorporated Bent County,1998,3167,1199990
8130,13,0,BOULDER COUNTY,1998,274115,1300000
8131,13,7850,Boulder,1998,95007,1307850
8132,13,9280,Broomfield (Part),1998,18386,1309280
8133,13,24950,Erie (Part),1998,60,1324950
8134,13,39195,Jamestown,1998,224,1339195
8135,13,41835,Lafayette,1998,20691,1341835
8136,13,45970,Longmont (Part),1998,65171,1345970
8137,13,46355,Louisville,1998,19121,1346355
8138,13,47070,Lyons,1998,1489,1347070
8139,13,53175,Nederland,1998,1388,1353175
8140,13,75640,Superior (Part),1998,6332,1375640
8141,13,82735,Ward,1998,172,1382735
8142,13,99990,Unincorporated Boulder County,1998,46074,1399990
8143,14,0,BROOMFIELD COUNTY,1998,,1400000
8144,14,9280,Broomfield,1998,,1409280
8145,15,0,CHAFFEE COUNTY,1998,15526,1500000
8146,15,10105,Buena Vista,1998,2112,1510105
8147,15,60600,Poncha Springs,1998,418,1560600
8148,15,67280,Salida,1998,5352,1567280
8149,15,99990,Unincorporated Chaffee County,1998,7644,1599990
8150,17,0,CHEYENNE COUNTY,1998,2343,1700000
8151,17,14175,Cheyenne Wells,1998,1070,1714175
8152,17,41010,Kit Carson,1998,271,1741010
8153,17,99990,Unincorporated Cheyenne County,1998,1002,1799990
8154,19,0,CLEAR CREEK COUNTY,1998,8998,1900000
8155,19,12910,Central City (Part),1998,,1912910
8156,19,24620,Empire,1998,367,1924620
8157,19,29735,Georgetown,1998,1015,1929735
8158,19,38370,Idaho Springs,1998,1912,1938370
8159,19,70360,Silver Plume,1998,201,1970360
8160,19,99990,Unincorporated Clear Creek County,1998,5503,1999990
8161,21,0,CONEJOS COUNTY,1998,8187,2100000
8162,21,2355,Antonito,1998,808,2102355
8163,21,42055,La Jara,1998,783,2142055
8164,21,48060,Massa,1998,951,2148060
8165,21,65740,Romeo,1998,346,2165740
8166,21,67830,Sanford,1998,744,2167830
8167,21,99990,Unincorporated Conejos County,1998,4555,2199990
8168,23,0,COSTILLA COUNTY,1998,3700,2300000
8169,23,7190,Blanca,1998,381,2307190
8170,23,68105,San Luis,1998,777,2368105
8171,23,99990,Unincorporated Costilla County,1998,2542,2399990
8172,25,0,CROWLEY COUNTY,1998,4286,2500000
8173,25,18750,Crowley,1998,194,2518750
8174,25,55705,Olney Springs,1998,374,2555705
8175,25,56145,Ordway,1998,1184,2556145
8176,25,74815,Sugar City,1998,269,2574815
8177,25,99990,Unincorporated Crowley County,1998,2265,2599990
8178,27,0,CUSTER COUNTY,1998,3175,2700000
8179,27,70250,Silver Cliff,1998,466,2770250
8180,27,83450,Westcliffe,1998,397,2783450
8181,27,99990,Unincorporated Custer County,1998,2312,2799990
8182,29,0,DELTA COUNTY,1998,26821,2900000
8183,29,12635,Cedaredge,1998,1760,2912635
8184,29,17925,Crawford,1998,337,2917925
8185,29,19850,Delta,1998,5938,2919850
8186,29,37545,Hotchkiss,1998,938,2937545
8187,29,55980,Orchard City,1998,2804,2955980
8188,29,57300,Paonia,1998,1475,2957300
8189,29,99990,Unincorporated Delta County,1998,13569,2999990
8190,31,0,DENVER COUNTY,1998,533406,3100000
8191,31,20000,Denver,1998,533406,3120000
8192,33,0,DOLORES COUNTY,1998,1766,3300000
8193,33,21265,Dove Creek,1998,682,3321265
8194,33,64090,Rico,1998,185,3364090
8195,33,99990,Unincorporated Dolores County,1998,899,3399990
8196,35,0,DOUGLAS COUNTY,1998,144354,3500000
8197,35,4000,Aurora (Part),1998,1,3504000
8198,35,12387,Castle Pines,1998,,3512390
8199,35,12415,Castle Rock,1998,15018,3512415
8200,35,43550,Larkspur,1998,183,3543550
8201,35,45255,Littleton (Part),1998,87,3545255
8202,35,45955,Lone Tree,1998,4929,3545955
8203,35,57630,Parker,1998,16930,3557630
8204,35,99990,Unincorporated Douglas County,1998,107206,3599990
8205,37,0,EAGLE COUNTY,1998,37614,3700000
8206,37,4110,Avon,1998,4803,3704110
8207,37,4935,Basalt (Part),1998,1413,3704935
8208,37,22200,Eagle,1998,2828,3722200
8209,37,33695,Gypsum,1998,3086,3733695
8210,37,50920,Minturn,1998,1038,3750920
8211,37,63265,Red Cliff,1998,301,3763265
8212,37,80040,Vail,1998,4552,3780040
8213,37,99990,Unincorporated Eagle County,1998,19593,3799990
8214,39,0,ELBERT COUNTY,1998,18032,3900000
8215,39,23740,Elizabeth,1998,1290,3923740
8216,39,40790,Kiowa,1998,513,3940790
8217,39,70635,Simla,1998,592,3970635
8218,39,99990,Unincorporated Elbert County,1998,15637,3999990
8219,41,0,EL PASO COUNTY,1998,498021,4100000
8220,41,11260,Calhan,1998,642,4111260
8221,41,16000,Colorado Springs,1998,349988,4116000
8222,41,27865,Fountain,1998,14611,4127865
8223,41,32650,Green Mountain Falls (Part),1998,719,4132650
8224,41,48445,Manitou Springs,1998,4924,4148445
8225,41,51800,Monument,1998,1806,4151800
8226,41,57025,Palmer Lake,1998,2068,4157025
8227,41,62660,Ramah,1998,117,4162660
8228,41,99990,Unincorporated El Paso County,1998,123146,4199990
8229,43,0,FREMONT COUNTY,1998,43813,4300000
8230,43,9115,Brookside,1998,218,4309115
8231,43,11810,Canon City,1998,15168,4311810
8232,43,15330,Coal Creek,1998,251,4315330
8233,43,27040,Florence,1998,3635,4327040
8234,43,64970,Rockvale,1998,416,4364970
8235,43,85155,Williamsburg,1998,728,4385155
8236,43,99990,Unincorporated Fremont County,1998,23397,4399990
8237,45,0,GARFIELD COUNTY,1998,41231,4500000
8238,45,12030,Carbonate,1998,0,4512030
8239,45,12045,Carbondale,1998,4703,4512045
8240,45,30780,Glenwood Springs,1998,7700,4530780
8241,45,53395,New Castle,1998,1703,4553395
8242,45,57400,Parachute,1998,1022,4557400
8243,45,64255,Rifle,1998,6316,4564255
8244,45,70195,Silt,1998,1636,4570195
8245,45,99990,Unincorporated Garfield County,1998,18151,4599990
8246,47,0,GILPIN COUNTY,1998,4246,4700000
8247,47,7025,Black Hawk,1998,117,4707025
8248,47,12910,Central City (Part),1998,446,4712910
8249,47,99990,Unincorporated Gilpin County,1998,3683,4799990
8250,49,0,GRAND COUNTY,1998,11409,4900000
8251,49,28305,Fraser,1998,841,4928305
8252,49,31605,Granby,1998,1390,4931605
8253,49,31715,Grand Lake,1998,407,4931715
8254,49,37600,Hot Sulphur Springs,1998,483,4937600
8255,49,41560,Kremmling,1998,1496,4941560
8256,49,85705,Winter Park,1998,518,4985705
8257,49,99990,Unincorporated Grand County,1998,6274,4999990
8258,51,0,GUNNISON COUNTY,1998,13442,5100000
8259,51,18310,Crested Butte,1998,1526,5118310
8260,51,33640,Gunnison,1998,5260,5133640
8261,51,48555,Marble,1998,99,5148555
8262,51,52570,Mount Crested Butte,1998,679,5152570
8263,51,59830,Pitkin,1998,140,5159830
8264,51,99990,Unincorporated Gunnison County,1998,5738,5199990
8265,53,0,HINSDALE COUNTY,1998,776,5300000
8266,53,42330,Lake City,1998,372,5342330
8267,53,99990,Unincorporated Hinsdale County,1998,404,5399990
8268,55,0,HUERFANO COUNTY,1998,7781,5500000
8269,55,44100,La Veta,1998,895,5544100
8270,55,82350,Walsenburg,1998,4240,5582350
8271,55,99990,Unincorporated Huerfano County,1998,2646,5599990
8272,57,0,JACKSON COUNTY,1998,1587,5700000
8273,57,82130,Walden,1998,769,5782130
8274,57,99990,Unincorporated Jackson County,1998,818,5799990
8275,59,0,JEFFERSON COUNTY,1998,512483,5900000
8276,59,3455,Arvada (Part),1998,97167,5903455
8277,59,8070,Bow Mar (Part),1998,241,5908070
8278,59,9280,Broomfield (Part),1998,1297,5909280
8279,59,23135,Edgewater,1998,5294,5923135
8280,59,30835,Golden,1998,16679,5930835
8281,59,42495,Lakeside,1998,18,5942495
8282,59,43000,Lakewood,1998,142958,5943000
8283,59,45255,Littleton (Part),1998,,5945255
8284,59,52075,Morrison,1998,449,5952075
8285,59,52350,Mountain View,1998,562,5952350
8286,59,75640,Superior (Part),1998,,5975640
8287,59,83835,Westminster (Part),1998,41941,5983835
8288,59,84440,Wheat Ridge,1998,32444,5984440
8289,59,99990,Unincorporated Jefferson County,1998,173433,5999990
8290,61,0,KIOWA COUNTY,1998,1644,6100000
8291,61,22145,Eads,1998,761,6122145
8292,61,34740,Haswell,1998,84,6134740
8293,61,69700,Sheridan Lake,1998,72,6169700
8294,61,99990,Unincorporated Kiowa County,1998,727,6199990
8295,63,0,KIT CARSON COUNTY,1998,7754,6300000
8296,63,6530,Bethune,1998,211,6306530
8297,63,10600,Burlington,1998,3452,6310600
8298,63,26765,Flagler,1998,604,6326765
8299,63,69040,Seibert,1998,179,6369040
8300,63,74485,Stratton,1998,666,6374485
8301,63,81690,Vona,1998,97,6381690
8302,63,99990,Unincorporated Kit Carson County,1998,2545,6399990
8303,65,0,LAKE COUNTY,1998,7835,6500000
8304,65,44320,Leadville,1998,2948,6544320
8305,65,99990,Unincorporated Lake County,1998,4887,6599990
8306,67,0,LA PLATA COUNTY,1998,41173,6700000
8307,67,5265,Bayfield,1998,1555,6705265
8308,67,22035,Durango,1998,13468,6722035
8309,67,38535,Ignacio,1998,701,6738535
8310,67,99990,Unincorporated La Plata County,1998,25449,6799990
8311,69,0,LARIMER COUNTY,1998,239080,6900000
8312,69,6255,Berthoud (Part),1998,4431,6906255
8313,69,25115,Estes Park,1998,4986,6925115
8314,69,27425,Fort Collins,1998,112335,6927425
8315,69,39855,Johnstown (Part),1998,,6939855
8316,69,46465,Loveland,1998,48065,6946465
8317,69,77510,Timnath (Part),1998,222,6977510
8318,69,83230,Wellington,1998,2268,6983230
8319,69,85485,Windsor (Part),1998,15,6985485
8320,69,99990,Unincorporated Larimer County,1998,66758,6999990
8321,71,0,LAS ANIMAS COUNTY,1998,15054,7100000
8322,71,760,Aguilar,1998,589,7100760
8323,71,8345,Branson,1998,70,7108345
8324,71,15550,Cokedale,1998,135,7115550
8325,71,40570,Kim,1998,67,7140570
8326,71,73715,Starkville,1998,121,7173715
8327,71,78610,Trinidad,1998,8984,7178610
8328,71,99990,Unincorporated Las Animas County,1998,5088,7199990
8329,73,0,LINCOLN COUNTY,1998,6107,7300000
8330,73,3235,Arriba,1998,247,7303235
8331,73,29680,Genoa,1998,206,7329680
8332,73,37875,Hugo,1998,872,7337875
8333,73,44980,Limon,1998,2087,7344980
8334,73,99990,Unincorporated Lincoln County,1998,2695,7399990
8335,75,0,LOGAN COUNTY,1998,20003,7500000
8336,75,18640,Crook,1998,132,7518640
8337,75,26875,Fleming,1998,427,7526875
8338,75,38590,Iliff,1998,211,7538590
8339,75,50040,Merino,1998,230,7550040
8340,75,58235,Peetz,1998,219,7558235
8341,75,73935,Sterling,1998,11192,7573935
8342,75,99990,Unincorporated Logan County,1998,7592,7599990
8343,77,0,MESA COUNTY,1998,112327,7700000
8344,77,15605,Collbran,1998,442,7715605
8345,77,19355,De Beque,1998,353,7719355
8346,77,28745,Fruita,1998,5535,7728745
8347,77,31660,Grand Junction,1998,45165,7731660
8348,77,56970,Palisade,1998,2463,7756970
8349,77,99990,Unincorporated Mesa County,1998,58369,7799990
8350,79,0,MINERAL COUNTY,1998,772,7900000
8351,79,14765,City of Creede,1998,370,7914765
8352,79,99990,Unincorporated Mineral County,1998,402,7999990
8353,81,0,MOFFAT COUNTY,1998,12812,8100000
8354,81,17760,Craig,1998,8979,8117760
8355,81,20495,Dinosaur,1998,319,8120495
8356,81,99990,Unincorporated Moffat County,1998,3514,8199990
8357,83,0,MONTEZUMA COUNTY,1998,23117,8300000
8358,83,17375,Cortez,1998,7844,8317375
8359,83,20770,Dolores,1998,863,8320770
8360,83,48115,Mancos,1998,978,8348115
8361,83,99990,Unincorporated Montezuma County,1998,13432,8399990
8362,85,0,MONTROSE COUNTY,1998,31837,8500000
8363,85,51745,Montrose,1998,11758,8551745
8364,85,53120,Naturita,1998,365,8553120
8365,85,54935,Nucla,1998,734,8554935
8366,85,55540,Olathe,1998,1571,8555540
8367,85,99990,Unincorporated Montrose County,1998,17409,8599990
8368,87,0,MORGAN COUNTY,1998,26662,8700000
8369,87,9555,Brush,1998,5089,8709555
8370,87,27810,Fort Morgan,1998,11024,8727810
8371,87,36610,Hillrose,1998,253,8736610
8372,87,45695,Log Lane Village,1998,999,8745695
8373,87,84770,Wiggins,1998,807,8784770
8374,87,99990,Unincorporated Morgan County,1998,8490,8799990
8375,89,0,OTERO COUNTY,1998,20516,8900000
8376,89,13460,Cheraw,1998,223,8913460
8377,89,27975,Fowler,1998,1206,8927975
8378,89,42110,La Junta,1998,7670,8942110
8379,89,48500,Manzanola,1998,516,8948500
8380,89,65190,Rocky Ford,1998,4320,8965190
8381,89,75970,Swink,1998,687,8975970
8382,89,99990,Unincorporated Otero County,1998,5894,8999990
8383,91,0,OURAY COUNTY,1998,3453,9100000
8384,91,56420,Ouray,1998,782,9156420
8385,91,64200,Ridgway,1998,666,9164200
8386,91,99990,Unincorporated Ouray County,1998,2005,9199990
8387,93,0,PARK COUNTY,1998,13065,9300000
8388,93,1530,Alma,1998,171,9301530
8389,93,25610,Fairplay,1998,545,9325610
8390,93,99990,Unincorporated Park County,1998,12349,9399990
8391,95,0,PHILLIPS COUNTY,1998,4570,9500000
8392,95,34960,Haxtun,1998,1012,9534960
8393,95,37270,Holyoke,1998,2270,9537270
8394,95,57245,Paoli,1998,45,9557245
8395,95,99990,Unincorporated Phillips County,1998,1243,9599990
8396,97,0,PITKIN COUNTY,1998,14781,9700000
8397,97,3620,Aspen,1998,5593,9703620
8398,97,4935,Basalt (Part),1998,456,9704935
8399,97,71755,Snowmass Village,1998,1809,9771755
8400,97,99990,Unincorporated Pitkin County,1998,6923,9799990
8401,99,0,PROWERS COUNTY,1998,14224,9900000
8402,99,31550,Granada,1998,579,9931550
8403,99,34520,Hartman,1998,111,9934520
8404,99,37215,Holly,1998,1025,9937215
8405,99,43110,Lamar,1998,8715,9943110
8406,99,85045,Wiley,1998,477,9985045
8407,99,99990,Unincorporated Prowers County,1998,3317,9999990
8408,101,0,PUEBLO COUNTY,1998,137381,10100000
8409,101,7795,Boone,1998,326,10107795
8410,101,62000,Pueblo,1998,102003,10162000
8411,101,66895,Rye,1998,199,10166895
8412,101,99990,Unincorporated Pueblo County,1998,34853,10199990
8413,103,0,RIO BLANCO COUNTY,1998,6232,10300000
8414,103,49875,Meeker,1998,2301,10349875
8415,103,62880,Rangely,1998,2232,10362880
8416,103,99990,Unincorporated Rio Blanco County,1998,1699,10399990
8417,105,0,RIO GRANDE COUNTY,1998,12123,10500000
8418,105,12855,Center (Part),1998,25,10512855
8419,105,19795,Del Norte,1998,1707,10519795
8420,105,51635,Monte Vista,1998,4520,10551635
8421,105,72395,South Fork,1998,578,10572395
8422,105,99990,Unincorporated Rio Grande County,1998,5293,10599990
8423,107,0,ROUTT COUNTY,1998,18606,10700000
8424,107,35070,Hayden,1998,1577,10735070
8425,107,55155,Oak Creek,1998,830,10755155
8426,107,73825,Steamboat Springs,1998,9259,10773825
8427,107,86475,Yampa,1998,415,10786475
8428,107,99990,Unincorporated Routt County,1998,6525,10799990
8429,109,0,SAGUACHE COUNTY,1998,5558,10900000
8430,109,7571,Bonza City,1998,6,10907571
8431,109,12855,Center (Part),1998,2261,10912855
8432,109,18420,Crestone,1998,34,10918420
8433,109,51250,Moffat,1998,64,10951250
8434,109,67005,Saguache,1998,594,10967005
8435,109,99990,Unincorporated Saguache County,1998,2599,10999990
8436,111,0,SAN JUAN COUNTY,1998,555,11100000
8437,111,70580,Silverton,1998,532,11170580
8438,111,99990,Unincorporated San Juan County,1998,23,11199990
8439,113,0,SAN MIGUEL COUNTY,1998,6453,11300000
8440,113,52550,Mountain Village,1998,928,11352550
8441,113,54880,Norwood,1998,473,11354880
8442,113,55870,Ophir,1998,116,11355870
8443,113,68655,Sawpit,1998,30,11368655
8444,113,76795,Telluride,1998,2130,11376795
8445,113,99990,Unincorporated San Miguel County,1998,2776,11399990
8446,115,0,SEDGWICK COUNTY,1998,2681,11500000
8447,115,39965,Julesburg,1998,1400,11539965
8448,115,56475,Ovid,1998,328,11556475
8449,115,68930,Sedgwick,1998,187,11568930
8450,115,99990,Unincorporated Sedgwick County,1998,766,11599990
8451,117,0,SUMMIT COUNTY,1998,21281,11700000
8452,117,7410,Blue River,1998,612,11707410
8453,117,8400,Breckenridge,1998,1990,11708400
8454,117,20440,Dillon,1998,784,11720440
8455,117,28690,Frisco,1998,2368,11728690
8456,117,40550,Keystone,1998,,11740555
8457,117,51690,Montezuma,1998,46,11751690
8458,117,70525,Silverthorne,1998,3143,11770525
8459,117,99990,Unincorporated Summit County,1998,12338,11799990
8460,119,0,TELLER COUNTY,1998,19672,11900000
8461,119,18530,Cripple Creek,1998,1192,11918530
8462,119,32650,Green Mountain Falls (Part),1998,46,11932650
8463,119,80865,Victor,1998,448,11980865
8464,119,86090,Woodland Park,1998,6343,11986090
8465,119,99990,Unincorporated Teller County,1998,11643,11999990
8466,121,0,WASHINGTON COUNTY,1998,5155,12100000
8467,121,925,Akron,1998,1778,12100925
8468,121,56365,Otis,1998,545,12156365
8469,121,99990,Unincorporated Washington County,1998,2832,12199990
8470,123,0,WELD COUNTY,1998,172394,12300000
8471,123,3950,Ault,1998,1390,12303950
8472,123,6255,Berthoud (Part),1998,13,12306255
8473,123,8675,Brighton (Part),1998,139,12308675
8474,123,9280,Broomfield (Part),1998,3,12309280
8475,123,19080,Dacono,1998,2607,12319080
8476,123,22860,Eaton,1998,2559,12322860
8477,123,24950,Erie (Part),1998,6006,12324950
8478,123,25280,Evans,1998,8313,12325280
8479,123,26600,Firestone,1998,1736,12326600
8480,123,27700,Fort Lupton,1998,6342,12327700
8481,123,28360,Frederick,1998,2196,12328360
8482,123,29185,Garden City,1998,342,12329185
8483,123,29955,Gilcrest,1998,1156,12329955
8484,123,32155,Greeley,1998,72629,12332155
8485,123,33310,Grover,1998,151,12333310
8486,123,37820,Hudson,1998,1361,12337820
8487,123,39855,Johnstown (Part),1998,2964,12339855
8488,123,40185,Keenesburg,1998,778,12340185
8489,123,40515,Kersey,1998,1239,12340515
8490,123,43605,La Salle,1998,1859,12343605
8491,123,45530,Lochbuie (Part),1998,1776,12345530
8492,123,45970,Longmont (Part),1998,14,12345970
8493,123,49600,Mead,1998,1441,12349600
8494,123,50480,Milliken,1998,2035,12350480
8495,123,54330,Northglenn (Part),1998,14,12354330
8496,123,55045,Nunn,1998,452,12355045
8497,123,59005,Pierce,1998,885,12359005
8498,123,60160,Platteville,1998,2193,12360160
8499,123,63045,Raymer,1998,92,12363045
8500,123,69150,Severance,1998,460,12369150
8501,123,77290,Thornton (Part),1998,,12377290
8502,123,77510,Timnath (Part),1998,,12377510
8503,123,85485,Windsor (Part),1998,8067,12385485
8504,123,99990,Unincorporated Weld County,1998,41182,12399990
8505,125,0,YUMA COUNTY,1998,9799,12500000
8506,125,23025,Eckley,1998,268,12523025
8507,125,86310,Wray,1998,2162,12586310
8508,125,86750,Yuma,1998,3254,12586750
8509,125,99990,Unincorporated Yuma County,1998,4115,12599990
8510,999,3455,Arvada (Total),1998,99970,99903455
8511,999,4000,Aurora (Total),1998,267686,99904000
8512,999,4935,Basalt (Total),1998,1869,99904935
8513,999,6090,Bennett (Total),1998,2029,99906090
8514,999,6255,Berthoud (Total),1998,4444,99906255
8515,999,8070,Bow Mar (Total),1998,861,99908070
8516,999,8675,Brighton (Total),1998,19071,99908675
8517,999,9280,Broomfield (Total),1998,33198,99909280
8518,999,12855,Center (Total),1998,2286,99912855
8519,999,12910,Central City (Total),1998,446,99912910
8520,999,24950,Erie (Total),1998,6066,99924950
8521,999,32650,Green Mountain Falls (Total),1998,765,99932650
8522,999,39855,Johnstown (Total),1998,2964,99939855
8523,999,45255,Littleton (Total),1998,39350,99945255
8524,999,45530,Lochbuie (Total),1998,1776,99945530
8525,999,45970,Longmont (Total),1998,65185,99945970
8526,999,54330,Northglenn (Total),1998,28914,99954330
8527,999,75640,Superior (Total),1998,6332,99975640
8528,999,77290,Thornton (Total),1998,75373,99977290
8529,999,77510,Timnath (Total),1998,222,99977510
8530,999,83835,Westminster (Total),1998,97633,99983835
8531,999,85485,Windsor (Total),1998,8082,99985485
8532,0,0,COLORADO STATE,1999,4215984,0
8533,1,0,ADAMS COUNTY,1999,355308,100000
8534,1,3455,Arvada (Part),1999,2828,103455
8535,1,4000,Aurora (Part),1999,39410,104000
8536,1,6090,Bennett (Part),1999,2024,106090
8537,1,8675,Brighton (Part),1999,19961,108675
8538,1,9280,Broomfield (Part),1999,14496,109280
8539,1,16495,Commerce City,1999,20595,116495
8540,1,26270,Federal Heights,1999,11915,126270
8541,1,45530,Lochbuie (Part),1999,,145530
8542,1,54330,Northglenn (Part),1999,30423,154330
8543,1,77290,Thornton (Part),1999,79365,177290
8544,1,83835,Westminster (Part),1999,56673,183835
8545,1,99990,Unincorporated Adams County,1999,77618,199990
8546,3,0,ALAMOSA COUNTY,1999,14822,300000
8547,3,1090,Alamosa,1999,7894,301090
8548,3,37380,Hooper,1999,122,337380
8549,3,99990,Unincorporated Alamosa County,1999,6806,399990
8550,5,0,ARAPAHOE COUNTY,1999,481306,500000
8551,5,4000,Aurora (Part),1999,233232,504000
8552,5,6090,Bennett (Part),1999,,506090
8553,5,8070,Bow Mar (Part),1999,613,508070
8554,5,12815,Centennial,1999,,512815
8555,5,13845,Cherry Hills Village,1999,5945,513845
8556,5,16385,Columbine Valley,1999,1138,516385
8557,5,19630,Deer Trail,1999,593,519630
8558,5,24785,Englewood,1999,31784,524785
8559,5,28105,Foxfield,1999,731,528105
8560,5,30340,Glendale,1999,4358,530340
8561,5,33035,Greenwood Village,1999,11083,533035
8562,5,45255,Littleton (Part),1999,39781,545255
8563,5,69645,Sheridan,1999,5580,569645
8564,5,99990,Unincorporated Arapahoe County,1999,146468,599990
8565,7,0,ARCHULETA COUNTY,1999,9570,700000
8566,7,56860,Pagosa Springs,1999,1597,756860
8567,7,99990,Unincorporated Archuleta County,1999,7973,799990
8568,9,0,BACA COUNTY,1999,4523,900000
8569,9,11645,Campo,1999,149,911645
8570,9,61315,Pritchett,1999,140,961315
8571,9,73330,Springfield,1999,1548,973330
8572,9,79270,Two Buttes,1999,67,979270
8573,9,81030,Vilas,1999,110,981030
8574,9,82460,Walsh,1999,722,982460
8575,9,99990,Unincorporated Baca County,1999,1787,999990
8576,11,0,BENT COUNTY,1999,5996,1100000
8577,11,43660,Las Animas,1999,2787,1143660
8578,11,99990,Unincorporated Bent County,1999,3209,1199990
8579,13,0,BOULDER COUNTY,1999,283924,1300000
8580,13,7850,Boulder,1999,94798,1307850
8581,13,9280,Broomfield (Part),1999,20163,1309280
8582,13,24950,Erie (Part),1999,2520,1324950
8583,13,39195,Jamestown,1999,212,1339195
8584,13,41835,Lafayette,1999,22113,1341835
8585,13,45970,Longmont (Part),1999,68509,1345970
8586,13,46355,Louisville,1999,19013,1346355
8587,13,47070,Lyons,1999,1543,1347070
8588,13,53175,Nederland,1999,1391,1353175
8589,13,75640,Superior (Part),1999,7870,1375640
8590,13,82735,Ward,1999,170,1382735
8591,13,99990,Unincorporated Boulder County,1999,45622,1399990
8592,14,0,BROOMFIELD COUNTY,1999,,1400000
8593,14,9280,Broomfield,1999,,1409280
8594,15,0,CHAFFEE COUNTY,1999,15936,1500000
8595,15,10105,Buena Vista,1999,2160,1510105
8596,15,60600,Poncha Springs,1999,445,1560600
8597,15,67280,Salida,1999,5440,1567280
8598,15,99990,Unincorporated Chaffee County,1999,7891,1599990
8599,17,0,CHEYENNE COUNTY,1999,2279,1700000
8600,17,14175,Cheyenne Wells,1999,1035,1714175
8601,17,41010,Kit Carson,1999,260,1741010
8602,17,99990,Unincorporated Cheyenne County,1999,984,1799990
8603,19,0,CLEAR CREEK COUNTY,1999,9183,1900000
8604,19,12910,Central City (Part),1999,,1912910
8605,19,24620,Empire,1999,361,1924620
8606,19,29735,Georgetown,1999,1056,1929735
8607,19,38370,Idaho Springs,1999,1899,1938370
8608,19,70360,Silver Plume,1999,202,1970360
8609,19,99990,Unincorporated Clear Creek County,1999,5665,1999990
8610,21,0,CONEJOS COUNTY,1999,8308,2100000
8611,21,2355,Antonito,1999,846,2102355
8612,21,42055,La Jara,1999,836,2142055
8613,21,48060,Massa,1999,1003,2148060
8614,21,65740,Romeo,1999,363,2165740
8615,21,67830,Sanford,1999,785,2167830
8616,21,99990,Unincorporated Conejos County,1999,4475,2199990
8617,23,0,COSTILLA COUNTY,1999,3679,2300000
8618,23,7190,Blanca,1999,386,2307190
8619,23,68105,San Luis,1999,755,2368105
8620,23,99990,Unincorporated Costilla County,1999,2538,2399990
8621,25,0,CROWLEY COUNTY,1999,4998,2500000
8622,25,18750,Crowley,1999,190,2518750
8623,25,55705,Olney Springs,1999,383,2555705
8624,25,56145,Ordway,1999,1221,2556145
8625,25,74815,Sugar City,1999,275,2574815
8626,25,99990,Unincorporated Crowley County,1999,2929,2599990
8627,27,0,CUSTER COUNTY,1999,3364,2700000
8628,27,70250,Silver Cliff,1999,492,2770250
8629,27,83450,Westcliffe,1999,409,2783450
8630,27,99990,Unincorporated Custer County,1999,2463,2799990
8631,29,0,DELTA COUNTY,1999,27400,2900000
8632,29,12635,Cedaredge,1999,1814,2912635
8633,29,17925,Crawford,1999,354,2917925
8634,29,19850,Delta,1999,6203,2919850
8635,29,37545,Hotchkiss,1999,955,2937545
8636,29,55980,Orchard City,1999,2848,2955980
8637,29,57300,Paonia,1999,1489,2957300
8638,29,99990,Unincorporated Delta County,1999,13737,2999990
8639,31,0,DENVER COUNTY,1999,545517,3100000
8640,31,20000,Denver,1999,545517,3120000
8641,33,0,DOLORES COUNTY,1999,1811,3300000
8642,33,21265,Dove Creek,1999,691,3321265
8643,33,64090,Rico,1999,197,3364090
8644,33,99990,Unincorporated Dolores County,1999,923,3399990
8645,35,0,DOUGLAS COUNTY,1999,162323,3500000
8646,35,4000,Aurora (Part),1999,,3504000
8647,35,12387,Castle Pines,1999,,3512390
8648,35,12415,Castle Rock,1999,18015,3512415
8649,35,43550,Larkspur,1999,214,3543550
8650,35,45255,Littleton (Part),1999,73,3545255
8651,35,45955,Lone Tree,1999,4897,3545955
8652,35,57630,Parker,1999,20720,3557630
8653,35,99990,Unincorporated Douglas County,1999,118404,3599990
8654,37,0,EAGLE COUNTY,1999,39909,3700000
8655,37,4110,Avon,1999,5228,3704110
8656,37,4935,Basalt (Part),1999,1728,3704935
8657,37,22200,Eagle,1999,2944,3722200
8658,37,33695,Gypsum,1999,3407,3733695
8659,37,50920,Minturn,1999,1056,3750920
8660,37,63265,Red Cliff,1999,294,3763265
8661,37,80040,Vail,1999,4540,3780040
8662,37,99990,Unincorporated Eagle County,1999,20712,3799990
8663,39,0,ELBERT COUNTY,1999,19087,3900000
8664,39,23740,Elizabeth,1999,1374,3923740
8665,39,40790,Kiowa,1999,551,3940790
8666,39,70635,Simla,1999,617,3970635
8667,39,99990,Unincorporated Elbert County,1999,16545,3999990
8668,41,0,EL PASO COUNTY,1999,508815,4100000
8669,41,11260,Calhan,1999,788,4111260
8670,41,16000,Colorado Springs,1999,356208,4116000
8671,41,27865,Fountain,1999,14944,4127865
8672,41,32650,Green Mountain Falls (Part),1999,724,4132650
8673,41,48445,Manitou Springs,1999,4957,4148445
8674,41,51800,Monument,1999,1900,4151800
8675,41,57025,Palmer Lake,1999,2131,4157025
8676,41,62660,Ramah,1999,117,4162660
8677,41,99990,Unincorporated El Paso County,1999,127046,4199990
8678,43,0,FREMONT COUNTY,1999,45144,4300000
8679,43,9115,Brookside,1999,219,4309115
8680,43,11810,Canon City,1999,15321,4311810
8681,43,15330,Coal Creek,1999,280,4315330
8682,43,27040,Florence,1999,3646,4327040
8683,43,64970,Rockvale,1999,422,4364970
8684,43,85155,Williamsburg,1999,720,4385155
8685,43,99990,Unincorporated Fremont County,1999,24536,4399990
8686,45,0,GARFIELD COUNTY,1999,42691,4500000
8687,45,12030,Carbonate,1999,0,4512030
8688,45,12045,Carbondale,1999,4987,4512045
8689,45,30780,Glenwood Springs,1999,7721,4530780
8690,45,53395,New Castle,1999,1864,4553395
8691,45,57400,Parachute,1999,1013,4557400
8692,45,64255,Rifle,1999,6584,4564255
8693,45,70195,Silt,1999,1696,4570195
8694,45,99990,Unincorporated Garfield County,1999,18826,4599990
8695,47,0,GILPIN COUNTY,1999,4538,4700000
8696,47,7025,Black Hawk,1999,118,4707025
8697,47,12910,Central City (Part),1999,485,4712910
8698,47,99990,Unincorporated Gilpin County,1999,3935,4799990
8699,49,0,GRAND COUNTY,1999,11995,4900000
8700,49,28305,Fraser,1999,880,4928305
8701,49,31605,Granby,1999,1466,4931605
8702,49,31715,Grand Lake,1999,429,4931715
8703,49,37600,Hot Sulphur Springs,1999,504,4937600
8704,49,41560,Kremmling,1999,1543,4941560
8705,49,85705,Winter Park,1999,602,4985705
8706,49,99990,Unincorporated Grand County,1999,6571,4999990
8707,51,0,GUNNISON COUNTY,1999,13736,5100000
8708,51,18310,Crested Butte,1999,1528,5118310
8709,51,33640,Gunnison,1999,5346,5133640
8710,51,48555,Marble,1999,102,5148555
8711,51,52570,Mount Crested Butte,1999,695,5152570
8712,51,59830,Pitkin,1999,131,5159830
8713,51,99990,Unincorporated Gunnison County,1999,5934,5199990
8714,53,0,HINSDALE COUNTY,1999,784,5300000
8715,53,42330,Lake City,1999,374,5342330
8716,53,99990,Unincorporated Hinsdale County,1999,410,5399990
8717,55,0,HUERFANO COUNTY,1999,7827,5500000
8718,55,44100,La Veta,1999,912,5544100
8719,55,82350,Walsenburg,1999,4207,5582350
8720,55,99990,Unincorporated Huerfano County,1999,2708,5599990
8721,57,0,JACKSON COUNTY,1999,1582,5700000
8722,57,82130,Walden,1999,749,5782130
8723,57,99990,Unincorporated Jackson County,1999,833,5799990
8724,59,0,JEFFERSON COUNTY,1999,520810,5900000
8725,59,3455,Arvada (Part),1999,98390,5903455
8726,59,8070,Bow Mar (Part),1999,241,5908070
8727,59,9280,Broomfield (Part),1999,1447,5909280
8728,59,23135,Edgewater,1999,5380,5923135
8729,59,30835,Golden,1999,16952,5930835
8730,59,42495,Lakeside,1999,19,5942495
8731,59,43000,Lakewood,1999,143623,5943000
8732,59,45255,Littleton (Part),1999,65,5945255
8733,59,52075,Morrison,1999,438,5952075
8734,59,52350,Mountain View,1999,566,5952350
8735,59,75640,Superior (Part),1999,,5975640
8736,59,83835,Westminster (Part),1999,42844,5983835
8737,59,84440,Wheat Ridge,1999,32711,5984440
8738,59,99990,Unincorporated Jefferson County,1999,178134,5999990
8739,61,0,KIOWA COUNTY,1999,1632,6100000
8740,61,22145,Eads,1999,753,6122145
8741,61,34740,Haswell,1999,84,6134740
8742,61,69700,Sheridan Lake,1999,69,6169700
8743,61,99990,Unincorporated Kiowa County,1999,726,6199990
8744,63,0,KIT CARSON COUNTY,1999,7901,6300000
8745,63,6530,Bethune,1999,219,6306530
8746,63,10600,Burlington,1999,3581,6310600
8747,63,26765,Flagler,1999,608,6326765
8748,63,69040,Seibert,1999,180,6369040
8749,63,74485,Stratton,1999,667,6374485
8750,63,81690,Vona,1999,96,6381690
8751,63,99990,Unincorporated Kit Carson County,1999,2550,6399990
8752,65,0,LAKE COUNTY,1999,7822,6500000
8753,65,44320,Leadville,1999,2875,6544320
8754,65,99990,Unincorporated Lake County,1999,4947,6599990
8755,67,0,LA PLATA COUNTY,1999,42757,6700000
8756,67,5265,Bayfield,1999,1552,6705265
8757,67,22035,Durango,1999,13731,6722035
8758,67,38535,Ignacio,1999,682,6738535
8759,67,99990,Unincorporated La Plata County,1999,26792,6799990
8760,69,0,LARIMER COUNTY,1999,246156,6900000
8761,69,6255,Berthoud (Part),1999,4654,6906255
8762,69,25115,Estes Park,1999,5228,6925115
8763,69,27425,Fort Collins,1999,115937,6927425
8764,69,39855,Johnstown (Part),1999,,6939855
8765,69,46465,Loveland,1999,49515,6946465
8766,69,77510,Timnath (Part),1999,223,6977510
8767,69,83230,Wellington,1999,2497,6983230
8768,69,85485,Windsor (Part),1999,171,6985485
8769,69,99990,Unincorporated Larimer County,1999,67931,6999990
8770,71,0,LAS ANIMAS COUNTY,1999,15142,7100000
8771,71,760,Aguilar,1999,592,7100760
8772,71,8345,Branson,1999,74,7108345
8773,71,15550,Cokedale,1999,137,7115550
8774,71,40570,Kim,1999,66,7140570
8775,71,73715,Starkville,1999,125,7173715
8776,71,78610,Trinidad,1999,9038,7178610
8777,71,99990,Unincorporated Las Animas County,1999,5110,7199990
8778,73,0,LINCOLN COUNTY,1999,6096,7300000
8779,73,3235,Arriba,1999,245,7303235
8780,73,29680,Genoa,1999,209,7329680
8781,73,37875,Hugo,1999,879,7337875
8782,73,44980,Limon,1999,2078,7344980
8783,73,99990,Unincorporated Lincoln County,1999,2685,7399990
8784,75,0,LOGAN COUNTY,1999,20289,7500000
8785,75,18640,Crook,1999,130,7518640
8786,75,26875,Fleming,1999,426,7526875
8787,75,38590,Iliff,1999,212,7538590
8788,75,50040,Merino,1999,239,7550040
8789,75,58235,Peetz,1999,224,7558235
8790,75,73935,Sterling,1999,11287,7573935
8791,75,99990,Unincorporated Logan County,1999,7771,7599990
8792,77,0,MESA COUNTY,1999,114573,7700000
8793,77,15605,Collbran,1999,411,7715605
8794,77,19355,De Beque,1999,410,7719355
8795,77,28745,Fruita,1999,6070,7728745
8796,77,31660,Grand Junction,1999,43354,7731660
8797,77,56970,Palisade,1999,2529,7756970
8798,77,99990,Unincorporated Mesa County,1999,61799,7799990
8799,79,0,MINERAL COUNTY,1999,806,7900000
8800,79,14765,City of Creede,1999,374,7914765
8801,79,99990,Unincorporated Mineral County,1999,432,7999990
8802,81,0,MOFFAT COUNTY,1999,13025,8100000
8803,81,17760,Craig,1999,9100,8117760
8804,81,20495,Dinosaur,1999,319,8120495
8805,81,99990,Unincorporated Moffat County,1999,3606,8199990
8806,83,0,MONTEZUMA COUNTY,1999,23524,8300000
8807,83,17375,Cortez,1999,7920,8317375
8808,83,20770,Dolores,1999,860,8320770
8809,83,48115,Mancos,1999,1060,8348115
8810,83,99990,Unincorporated Montezuma County,1999,13684,8399990
8811,85,0,MONTROSE COUNTY,1999,32748,8500000
8812,85,51745,Montrose,1999,12093,8551745
8813,85,53120,Naturita,1999,524,8553120
8814,85,54935,Nucla,1999,734,8554935
8815,85,55540,Olathe,1999,1572,8555540
8816,85,99990,Unincorporated Montrose County,1999,17825,8599990
8817,87,0,MORGAN COUNTY,1999,26953,8700000
8818,87,9555,Brush,1999,5104,8709555
8819,87,27810,Fort Morgan,1999,11030,8727810
8820,87,36610,Hillrose,1999,254,8736610
8821,87,45695,Log Lane Village,1999,1002,8745695
8822,87,84770,Wiggins,1999,825,8784770
8823,87,99990,Unincorporated Morgan County,1999,8738,8799990
8824,89,0,OTERO COUNTY,1999,20399,8900000
8825,89,13460,Cheraw,1999,216,8913460
8826,89,27975,Fowler,1999,1206,8927975
8827,89,42110,La Junta,1999,7612,8942110
8828,89,48500,Manzanola,1999,522,8948500
8829,89,65190,Rocky Ford,1999,4301,8965190
8830,89,75970,Swink,1999,692,8975970
8831,89,99990,Unincorporated Otero County,1999,5850,8999990
8832,91,0,OURAY COUNTY,1999,3618,9100000
8833,91,56420,Ouray,1999,799,9156420
8834,91,64200,Ridgway,1999,692,9164200
8835,91,99990,Unincorporated Ouray County,1999,2127,9199990
8836,93,0,PARK COUNTY,1999,13900,9300000
8837,93,1530,Alma,1999,176,9301530
8838,93,25610,Fairplay,1999,582,9325610
8839,93,99990,Unincorporated Park County,1999,13142,9399990
8840,95,0,PHILLIPS COUNTY,1999,4518,9500000
8841,95,34960,Haxtun,1999,995,9534960
8842,95,37270,Holyoke,1999,2264,9537270
8843,95,57245,Paoli,1999,44,9557245
8844,95,99990,Unincorporated Phillips County,1999,1215,9599990
8845,97,0,PITKIN COUNTY,1999,14833,9700000
8846,97,3620,Aspen,1999,5778,9703620
8847,97,4935,Basalt (Part),1999,608,9704935
8848,97,71755,Snowmass Village,1999,1817,9771755
8849,97,99990,Unincorporated Pitkin County,1999,6630,9799990
8850,99,0,PROWERS COUNTY,1999,14372,9900000
8851,99,31550,Granada,1999,614,9931550
8852,99,34520,Hartman,1999,111,9934520
8853,99,37215,Holly,1999,1038,9937215
8854,99,43110,Lamar,1999,8802,9943110
8855,99,85045,Wiley,1999,481,9985045
8856,99,99990,Unincorporated Prowers County,1999,3326,9999990
8857,101,0,PUEBLO COUNTY,1999,139718,10100000
8858,101,7795,Boone,1999,324,10107795
8859,101,62000,Pueblo,1999,102076,10162000
8860,101,66895,Rye,1999,200,10166895
8861,101,99990,Unincorporated Pueblo County,1999,37118,10199990
8862,103,0,RIO BLANCO COUNTY,1999,6091,10300000
8863,103,49875,Meeker,1999,2267,10349875
8864,103,62880,Rangely,1999,2154,10362880
8865,103,99990,Unincorporated Rio Blanco County,1999,1670,10399990
8866,105,0,RIO GRANDE COUNTY,1999,12289,10500000
8867,105,12855,Center (Part),1999,27,10512855
8868,105,19795,Del Norte,1999,1706,10519795
8869,105,51635,Monte Vista,1999,4526,10551635
8870,105,72395,South Fork,1999,593,10572395
8871,105,99990,Unincorporated Rio Grande County,1999,5437,10599990
8872,107,0,ROUTT COUNTY,1999,19224,10700000
8873,107,35070,Hayden,1999,1610,10735070
8874,107,55155,Oak Creek,1999,841,10755155
8875,107,73825,Steamboat Springs,1999,9575,10773825
8876,107,86475,Yampa,1999,431,10786475
8877,107,99990,Unincorporated Routt County,1999,6767,10799990
8878,109,0,SAGUACHE COUNTY,1999,5765,10900000
8879,109,7571,Bonza City,1999,12,10907571
8880,109,12855,Center (Part),1999,2317,10912855
8881,109,18420,Crestone,1999,58,10918420
8882,109,51250,Moffat,1999,95,10951250
8883,109,67005,Saguache,1999,585,10967005
8884,109,99990,Unincorporated Saguache County,1999,2698,10999990
8885,111,0,SAN JUAN COUNTY,1999,557,11100000
8886,111,70580,Silverton,1999,532,11170580
8887,111,99990,Unincorporated San Juan County,1999,25,11199990
8888,113,0,SAN MIGUEL COUNTY,1999,6533,11300000
8889,113,52550,Mountain Village,1999,956,11352550
8890,113,54880,Norwood,1999,453,11354880
8891,113,55870,Ophir,1999,114,11355870
8892,113,68655,Sawpit,1999,27,11368655
8893,113,76795,Telluride,1999,2182,11376795
8894,113,99990,Unincorporated San Miguel County,1999,2801,11399990
8895,115,0,SEDGWICK COUNTY,1999,2719,11500000
8896,115,39965,Julesburg,1999,1438,11539965
8897,115,56475,Ovid,1999,329,11556475
8898,115,68930,Sedgwick,1999,189,11568930
8899,115,99990,Unincorporated Sedgwick County,1999,763,11599990
8900,117,0,SUMMIT COUNTY,1999,22568,11700000
8901,117,7410,Blue River,1999,654,11707410
8902,117,8400,Breckenridge,1999,2228,11708400
8903,117,20440,Dillon,1999,795,11720440
8904,117,28690,Frisco,1999,2413,11728690
8905,117,40550,Keystone,1999,,11740555
8906,117,51690,Montezuma,1999,44,11751690
8907,117,70525,Silverthorne,1999,3174,11770525
8908,117,99990,Unincorporated Summit County,1999,13260,11799990
8909,119,0,TELLER COUNTY,1999,20179,11900000
8910,119,18530,Cripple Creek,1999,1148,11918530
8911,119,32650,Green Mountain Falls (Part),1999,46,11932650
8912,119,80865,Victor,1999,446,11980865
8913,119,86090,Woodland Park,1999,6444,11986090
8914,119,99990,Unincorporated Teller County,1999,12095,11999990
8915,121,0,WASHINGTON COUNTY,1999,5024,12100000
8916,121,925,Akron,1999,1740,12100925
8917,121,56365,Otis,1999,539,12156365
8918,121,99990,Unincorporated Washington County,1999,2745,12199990
8919,123,0,WELD COUNTY,1999,177265,12300000
8920,123,3950,Ault,1999,1413,12303950
8921,123,6255,Berthoud (Part),1999,15,12306255
8922,123,8675,Brighton (Part),1999,148,12308675
8923,123,9280,Broomfield (Part),1999,8,12309280
8924,123,19080,Dacono,1999,2836,12319080
8925,123,22860,Eaton,1999,2632,12322860
8926,123,24950,Erie (Part),1999,3845,12324950
8927,123,25280,Evans,1999,8988,12325280
8928,123,26600,Firestone,1999,1833,12326600
8929,123,27700,Fort Lupton,1999,6591,12327700
8930,123,28360,Frederick,1999,2348,12328360
8931,123,29185,Garden City,1999,350,12329185
8932,123,29955,Gilcrest,1999,1159,12329955
8933,123,32155,Greeley,1999,75037,12332155
8934,123,33310,Grover,1999,152,12333310
8935,123,37820,Hudson,1999,1476,12337820
8936,123,39855,Johnstown (Part),1999,3452,12339855
8937,123,40185,Keenesburg,1999,821,12340185
8938,123,40515,Kersey,1999,1323,12340515
8939,123,43605,La Salle,1999,1852,12343605
8940,123,45530,Lochbuie (Part),1999,1928,12345530
8941,123,45970,Longmont (Part),1999,20,12345970
8942,123,49600,Mead,1999,1765,12349600
8943,123,50480,Milliken,1999,2517,12350480
8944,123,54330,Northglenn (Part),1999,13,12354330
8945,123,55045,Nunn,1999,462,12355045
8946,123,59005,Pierce,1999,884,12359005
8947,123,60160,Platteville,1999,2292,12360160
8948,123,63045,Raymer,1999,91,12363045
8949,123,69150,Severance,1999,537,12369150
8950,123,77290,Thornton (Part),1999,,12377290
8951,123,77510,Timnath (Part),1999,,12377510
8952,123,85485,Windsor (Part),1999,8944,12385485
8953,123,99990,Unincorporated Weld County,1999,41533,12399990
8954,125,0,YUMA COUNTY,1999,9823,12500000
8955,125,23025,Eckley,1999,274,12523025
8956,125,86310,Wray,1999,2177,12586310
8957,125,86750,Yuma,1999,3272,12586750
8958,125,99990,Unincorporated Yuma County,1999,4100,12599990
8959,999,3455,Arvada (Total),1999,101218,99903455
8960,999,4000,Aurora (Total),1999,272642,99904000
8961,999,4935,Basalt (Total),1999,2336,99904935
8962,999,6090,Bennett (Total),1999,2024,99906090
8963,999,6255,Berthoud (Total),1999,4669,99906255
8964,999,8070,Bow Mar (Total),1999,854,99908070
8965,999,8675,Brighton (Total),1999,20109,99908675
8966,999,9280,Broomfield (Total),1999,36114,99909280
8967,999,12855,Center (Total),1999,2344,99912855
8968,999,12910,Central City (Total),1999,485,99912910
8969,999,24950,Erie (Total),1999,6365,99924950
8970,999,32650,Green Mountain Falls (Total),1999,770,99932650
8971,999,39855,Johnstown (Total),1999,3452,99939855
8972,999,45255,Littleton (Total),1999,39919,99945255
8973,999,45530,Lochbuie (Total),1999,1928,99945530
8974,999,45970,Longmont (Total),1999,68529,99945970
8975,999,54330,Northglenn (Total),1999,30436,99954330
8976,999,75640,Superior (Total),1999,7870,99975640
8977,999,77290,Thornton (Total),1999,79365,99977290
8978,999,77510,Timnath (Total),1999,223,99977510
8979,999,83835,Westminster (Total),1999,99517,99983835
8980,999,85485,Windsor (Total),1999,9115,99985485
8981,0,0,COLORADO STATE,2000,4338801,0
8982,1,0,ADAMS COUNTY,2000,351735,100000
8983,1,3455,Arvada (Part),2000,2843,103455
8984,1,4000,Aurora (Part),2000,40767,104000
8985,1,6090,Bennett (Part),2000,2058,106090
8986,1,8675,Brighton (Part),2000,21102,108675
8987,1,16495,Commerce City,2000,21194,116495
8988,1,26270,Federal Heights,2000,12026,126270
8989,1,45530,Lochbuie (Part),2000,4,145530
8990,1,54330,Northglenn (Part),2000,32444,154330
8991,1,77290,Thornton (Part),2000,83305,177290
8992,1,83835,Westminster (Part),2000,57613,183835
8993,1,99990,Unincorporated Adams County,2000,78379,199990
8994,3,0,ALAMOSA COUNTY,2000,15099,300000
8995,3,1090,Alamosa,2000,8489,301090
8996,3,37380,Hooper,2000,122,337380
8997,3,99990,Unincorporated Alamosa County,2000,6488,399990
8998,5,0,ARAPAHOE COUNTY,2000,490722,500000
8999,5,4000,Aurora (Part),2000,237328,504000
9000,5,6090,Bennett (Part),2000,8,506090
9001,5,8070,Bow Mar (Part),2000,597,508070
9002,5,12815,Centennial,2000,101377,512815
9003,5,13845,Cherry Hills Village,2000,5975,513845
9004,5,16385,Columbine Valley,2000,1142,516385
9005,5,19630,Deer Trail,2000,594,519630
9006,5,24785,Englewood,2000,31877,524785
9007,5,28105,Foxfield,2000,719,528105
9008,5,30340,Glendale,2000,4516,530340
9009,5,33035,Greenwood Village,2000,11623,533035
9010,5,45255,Littleton (Part),2000,40170,545255
9011,5,69645,Sheridan,2000,5531,569645
9012,5,99990,Unincorporated Arapahoe County,2000,49265,599990
9013,7,0,ARCHULETA COUNTY,2000,10043,700000
9014,7,56860,Pagosa Springs,2000,1577,756860
9015,7,99990,Unincorporated Archuleta County,2000,8466,799990
9016,9,0,BACA COUNTY,2000,4499,900000
9017,9,11645,Campo,2000,149,911645
9018,9,61315,Pritchett,2000,137,961315
9019,9,73330,Springfield,2000,1569,973330
9020,9,79270,Two Buttes,2000,66,979270
9021,9,81030,Vilas,2000,110,981030
9022,9,82460,Walsh,2000,710,982460
9023,9,99990,Unincorporated Baca County,2000,1758,999990
9024,11,0,BENT COUNTY,2000,5967,1100000
9025,11,43660,Las Animas,2000,2743,1143660
9026,11,99990,Unincorporated Bent County,2000,3224,1199990
9027,13,0,BOULDER COUNTY,2000,276255,1300000
9028,13,7850,Boulder,2000,98747,1307850
9029,13,24950,Erie (Part),2000,4512,1324950
9030,13,39195,Jamestown,2000,291,1339195
9031,13,41835,Lafayette,2000,23344,1341835
9032,13,45970,Longmont (Part),2000,72372,1345970
9033,13,46355,Louisville,2000,19053,1346355
9034,13,47070,Lyons,2000,1601,1347070
9035,13,53175,Nederland,2000,1397,1353175
9036,13,75640,Superior (Part),2000,9296,1375640
9037,13,82735,Ward,2000,169,1382735
9038,13,99990,Unincorporated Boulder County,2000,45473,1399990
9039,14,0,BROOMFIELD COUNTY,2000,38544,1400000
9040,14,9280,Broomfield,2000,38544,1409280
9041,15,0,CHAFFEE COUNTY,2000,16312,1500000
9042,15,10105,Buena Vista,2000,2202,1510105
9043,15,60600,Poncha Springs,2000,490,1560600
9044,15,67280,Salida,2000,5586,1567280
9045,15,99990,Unincorporated Chaffee County,2000,8034,1599990
9046,17,0,CHEYENNE COUNTY,2000,2216,1700000
9047,17,14175,Cheyenne Wells,2000,1004,1714175
9048,17,41010,Kit Carson,2000,253,1741010
9049,17,99990,Unincorporated Cheyenne County,2000,959,1799990
9050,19,0,CLEAR CREEK COUNTY,2000,9361,1900000
9051,19,12910,Central City (Part),2000,0,1912910
9052,19,24620,Empire,2000,393,1924620
9053,19,29735,Georgetown,2000,1095,1929735
9054,19,38370,Idaho Springs,2000,1930,1938370
9055,19,70360,Silver Plume,2000,202,1970360
9056,19,99990,Unincorporated Clear Creek County,2000,5741,1999990
9057,21,0,CONEJOS COUNTY,2000,8408,2100000
9058,21,2355,Antonito,2000,872,2102355
9059,21,42055,La Jara,2000,886,2142055
9060,21,48060,Massa,2000,1045,2148060
9061,21,65740,Romeo,2000,378,2165740
9062,21,67830,Sanford,2000,821,2167830
9063,21,99990,Unincorporated Conejos County,2000,4406,2199990
9064,23,0,COSTILLA COUNTY,2000,3674,2300000
9065,23,7190,Blanca,2000,393,2307190
9066,23,68105,San Luis,2000,739,2368105
9067,23,99990,Unincorporated Costilla County,2000,2542,2399990
9068,25,0,CROWLEY COUNTY,2000,5130,2500000
9069,25,18750,Crowley,2000,188,2518750
9070,25,55705,Olney Springs,2000,390,2555705
9071,25,56145,Ordway,2000,1250,2556145
9072,25,74815,Sugar City,2000,279,2574815
9073,25,99990,Unincorporated Crowley County,2000,3023,2599990
9074,27,0,CUSTER COUNTY,2000,3520,2700000
9075,27,70250,Silver Cliff,2000,510,2770250
9076,27,83450,Westcliffe,2000,421,2783450
9077,27,99990,Unincorporated Custer County,2000,2589,2799990
9078,29,0,DELTA COUNTY,2000,27909,2900000
9079,29,12635,Cedaredge,2000,1861,2912635
9080,29,17925,Crawford,2000,362,2917925
9081,29,19850,Delta,2000,7852,2919850
9082,29,37545,Hotchkiss,2000,1009,2937545
9083,29,55980,Orchard City,2000,2890,2955980
9084,29,57300,Paonia,2000,1530,2957300
9085,29,99990,Unincorporated Delta County,2000,12405,2999990
9086,31,0,DENVER COUNTY,2000,556738,3100000
9087,31,20000,Denver,2000,556738,3120000
9088,33,0,DOLORES COUNTY,2000,1849,3300000
9089,33,21265,Dove Creek,2000,708,3321265
9090,33,64090,Rico,2000,207,3364090
9091,33,99990,Unincorporated Dolores County,2000,934,3399990
9092,35,0,DOUGLAS COUNTY,2000,180510,3500000
9093,35,4000,Aurora (Part),2000,0,3504000
9094,35,12387,Castle Pines,2000,4033,3512390
9095,35,12415,Castle Rock,2000,22017,3512415
9096,35,43550,Larkspur,2000,214,3543550
9097,35,45255,Littleton (Part),2000,106,3545255
9098,35,45955,Lone Tree,2000,6967,3545955
9099,35,57630,Parker,2000,23181,3557630
9100,35,99990,Unincorporated Douglas County,2000,123992,3599990
9101,37,0,EAGLE COUNTY,2000,43289,3700000
9102,37,4110,Avon,2000,6124,3704110
9103,37,4935,Basalt (Part),2000,2031,3704935
9104,37,22200,Eagle,2000,3071,3722200
9105,37,33695,Gypsum,2000,4151,3733695
9106,37,50920,Minturn,2000,1079,3750920
9107,37,63265,Red Cliff,2000,298,3763265
9108,37,80040,Vail,2000,4825,3780040
9109,37,99990,Unincorporated Eagle County,2000,21710,3799990
9110,39,0,ELBERT COUNTY,2000,20104,3900000
9111,39,23740,Elizabeth,2000,1464,3923740
9112,39,40790,Kiowa,2000,600,3940790
9113,39,70635,Simla,2000,664,3970635
9114,39,99990,Unincorporated Elbert County,2000,17376,3999990
9115,41,0,EL PASO COUNTY,2000,519802,4100000
9116,41,11260,Calhan,2000,893,4111260
9117,41,16000,Colorado Springs,2000,361901,4116000
9118,41,27865,Fountain,2000,15356,4127865
9119,41,32650,Green Mountain Falls (Part),2000,720,4132650
9120,41,48445,Manitou Springs,2000,4971,4148445
9121,41,51800,Monument,2000,1987,4151800
9122,41,57025,Palmer Lake,2000,2185,4157025
9123,41,62660,Ramah,2000,117,4162660
9124,41,99990,Unincorporated El Paso County,2000,131672,4199990
9125,43,0,FREMONT COUNTY,2000,46370,4300000
9126,43,9115,Brookside,2000,215,4309115
9127,43,11810,Canon City,2000,15631,4311810
9128,43,15330,Coal Creek,2000,316,4315330
9129,43,27040,Florence,2000,3673,4327040
9130,43,64970,Rockvale,2000,426,4364970
9131,43,85155,Williamsburg,2000,707,4385155
9132,43,99990,Unincorporated Fremont County,2000,25402,4399990
9133,45,0,GARFIELD COUNTY,2000,44240,4500000
9134,45,12030,Carbonate,2000,0,4512030
9135,45,12045,Carbondale,2000,5277,4512045
9136,45,30780,Glenwood Springs,2000,7884,4530780
9137,45,53395,New Castle,2000,2073,4553395
9138,45,57400,Parachute,2000,1007,4557400
9139,45,64255,Rifle,2000,6907,4564255
9140,45,70195,Silt,2000,1780,4570195
9141,45,99990,Unincorporated Garfield County,2000,19312,4599990
9142,47,0,GILPIN COUNTY,2000,4803,4700000
9143,47,7025,Black Hawk,2000,118,4707025
9144,47,12910,Central City (Part),2000,519,4712910
9145,47,99990,Unincorporated Gilpin County,2000,4166,4799990
9146,49,0,GRAND COUNTY,2000,12853,4900000
9147,49,28305,Fraser,2000,886,4928305
9148,49,31605,Granby,2000,1726,4931605
9149,49,31715,Grand Lake,2000,418,4931715
9150,49,37600,Hot Sulphur Springs,2000,525,4937600
9151,49,41560,Kremmling,2000,1576,4941560
9152,49,85705,Winter Park,2000,805,4985705
9153,49,99990,Unincorporated Grand County,2000,6917,4999990
9154,51,0,GUNNISON COUNTY,2000,13989,5100000
9155,51,18310,Crested Butte,2000,1528,5118310
9156,51,33640,Gunnison,2000,5405,5133640
9157,51,48555,Marble,2000,106,5148555
9158,51,52570,Mount Crested Butte,2000,723,5152570
9159,51,59830,Pitkin,2000,122,5159830
9160,51,99990,Unincorporated Gunnison County,2000,6105,5199990
9161,53,0,HINSDALE COUNTY,2000,792,5300000
9162,53,42330,Lake City,2000,377,5342330
9163,53,99990,Unincorporated Hinsdale County,2000,415,5399990
9164,55,0,HUERFANO COUNTY,2000,7827,5500000
9165,55,44100,La Veta,2000,915,5544100
9166,55,82350,Walsenburg,2000,4156,5582350
9167,55,99990,Unincorporated Huerfano County,2000,2756,5599990
9168,57,0,JACKSON COUNTY,2000,1576,5700000
9169,57,82130,Walden,2000,730,5782130
9170,57,99990,Unincorporated Jackson County,2000,846,5799990
9171,59,0,JEFFERSON COUNTY,2000,526718,5900000
9172,59,3455,Arvada (Part),2000,99556,5903455
9173,59,8070,Bow Mar (Part),2000,241,5908070
9174,59,23135,Edgewater,2000,5458,5923135
9175,59,30835,Golden,2000,17310,5930835
9176,59,42495,Lakeside,2000,20,5942495
9177,59,43000,Lakewood,2000,144390,5943000
9178,59,45255,Littleton (Part),2000,113,5945255
9179,59,52075,Morrison,2000,430,5952075
9180,59,52350,Mountain View,2000,568,5952350
9181,59,75640,Superior (Part),2000,0,5975640
9182,59,83835,Westminster (Part),2000,43790,5983835
9183,59,84440,Wheat Ridge,2000,32843,5984440
9184,59,99990,Unincorporated Jefferson County,2000,181999,5999990
9185,61,0,KIOWA COUNTY,2000,1614,6100000
9186,61,22145,Eads,2000,743,6122145
9187,61,34740,Haswell,2000,84,6134740
9188,61,69700,Sheridan Lake,2000,66,6169700
9189,61,99990,Unincorporated Kiowa County,2000,721,6199990
9190,63,0,KIT CARSON COUNTY,2000,7975,6300000
9191,63,6530,Bethune,2000,224,6306530
9192,63,10600,Burlington,2000,3663,6310600
9193,63,26765,Flagler,2000,616,6326765
9194,63,69040,Seibert,2000,186,6369040
9195,63,74485,Stratton,2000,663,6374485
9196,63,81690,Vona,2000,95,6381690
9197,63,99990,Unincorporated Kit Carson County,2000,2528,6399990
9198,65,0,LAKE COUNTY,2000,7940,6500000
9199,65,44320,Leadville,2000,2831,6544320
9200,65,99990,Unincorporated Lake County,2000,5109,6599990
9201,67,0,LA PLATA COUNTY,2000,44578,6700000
9202,67,5265,Bayfield,2000,1705,6705265
9203,67,22035,Durango,2000,14993,6722035
9204,67,38535,Ignacio,2000,813,6738535
9205,67,99990,Unincorporated La Plata County,2000,27067,6799990
9206,69,0,LARIMER COUNTY,2000,253088,6900000
9207,69,6255,Berthoud (Part),2000,4959,6906255
9208,69,25115,Estes Park,2000,5550,6925115
9209,69,27425,Fort Collins,2000,120236,6927425
9210,69,39855,Johnstown (Part),2000,263,6939855
9211,69,46465,Loveland,2000,51893,6946465
9212,69,77510,Timnath (Part),2000,286,6977510
9213,69,83230,Wellington,2000,2682,6983230
9214,69,85485,Windsor (Part),2000,398,6985485
9215,69,99990,Unincorporated Larimer County,2000,66821,6999990
9216,71,0,LAS ANIMAS COUNTY,2000,15286,7100000
9217,71,760,Aguilar,2000,595,7100760
9218,71,8345,Branson,2000,77,7108345
9219,71,15550,Cokedale,2000,140,7115550
9220,71,40570,Kim,2000,65,7140570
9221,71,73715,Starkville,2000,126,7173715
9222,71,78610,Trinidad,2000,9140,7178610
9223,71,99990,Unincorporated Las Animas County,2000,5143,7199990
9224,73,0,LINCOLN COUNTY,2000,6163,7300000
9225,73,3235,Arriba,2000,249,7303235
9226,73,29680,Genoa,2000,214,7329680
9227,73,37875,Hugo,2000,898,7337875
9228,73,44980,Limon,2000,2086,7344980
9229,73,99990,Unincorporated Lincoln County,2000,2716,7399990
9230,75,0,LOGAN COUNTY,2000,20655,7500000
9231,75,18640,Crook,2000,128,7518640
9232,75,26875,Fleming,2000,428,7526875
9233,75,38590,Iliff,2000,214,7538590
9234,75,50040,Merino,2000,242,7550040
9235,75,58235,Peetz,2000,228,7558235
9236,75,73935,Sterling,2000,12821,7573935
9237,75,99990,Unincorporated Logan County,2000,6594,7599990
9238,77,0,MESA COUNTY,2000,117651,7700000
9239,77,15605,Collbran,2000,607,7715605
9240,77,19355,De Beque,2000,473,7719355
9241,77,28745,Fruita,2000,6727,7728745
9242,77,31660,Grand Junction,2000,45678,7731660
9243,77,56970,Palisade,2000,2585,7756970
9244,77,99990,Unincorporated Mesa County,2000,61581,7799990
9245,79,0,MINERAL COUNTY,2000,837,7900000
9246,79,14765,City of Creede,2000,379,7914765
9247,79,99990,Unincorporated Mineral County,2000,458,7999990
9248,81,0,MOFFAT COUNTY,2000,13182,8100000
9249,81,17760,Craig,2000,9192,8117760
9250,81,20495,Dinosaur,2000,319,8120495
9251,81,99990,Unincorporated Moffat County,2000,3671,8199990
9252,83,0,MONTEZUMA COUNTY,2000,23852,8300000
9253,83,17375,Cortez,2000,8001,8317375
9254,83,20770,Dolores,2000,863,8320770
9255,83,48115,Mancos,2000,1121,8348115
9256,83,99990,Unincorporated Montezuma County,2000,13867,8399990
9257,85,0,MONTROSE COUNTY,2000,33577,8500000
9258,85,51745,Montrose,2000,13042,8551745
9259,85,53120,Naturita,2000,632,8553120
9260,85,54935,Nucla,2000,735,8554935
9261,85,55540,Olathe,2000,1601,8555540
9262,85,99990,Unincorporated Montrose County,2000,17567,8599990
9263,87,0,MORGAN COUNTY,2000,27251,8700000
9264,87,9555,Brush,2000,5139,8709555
9265,87,27810,Fort Morgan,2000,11047,8727810
9266,87,36610,Hillrose,2000,252,8736610
9267,87,45695,Log Lane Village,2000,1012,8745695
9268,87,84770,Wiggins,2000,854,8784770
9269,87,99990,Unincorporated Morgan County,2000,8947,8799990
9270,89,0,OTERO COUNTY,2000,20243,8900000
9271,89,13460,Cheraw,2000,216,8913460
9272,89,27975,Fowler,2000,1209,8927975
9273,89,42110,La Junta,2000,7552,8942110
9274,89,48500,Manzanola,2000,522,8948500
9275,89,65190,Rocky Ford,2000,4270,8965190
9276,89,75970,Swink,2000,695,8975970
9277,89,99990,Unincorporated Otero County,2000,5779,8999990
9278,91,0,OURAY COUNTY,2000,3775,9100000
9279,91,56420,Ouray,2000,820,9156420
9280,91,64200,Ridgway,2000,744,9164200
9281,91,99990,Unincorporated Ouray County,2000,2211,9199990
9282,93,0,PARK COUNTY,2000,14729,9300000
9283,93,1530,Alma,2000,182,9301530
9284,93,25610,Fairplay,2000,633,9325610
9285,93,99990,Unincorporated Park County,2000,13914,9399990
9286,95,0,PHILLIPS COUNTY,2000,4452,9500000
9287,95,34960,Haxtun,2000,978,9534960
9288,95,37270,Holyoke,2000,2250,9537270
9289,95,57245,Paoli,2000,42,9557245
9290,95,99990,Unincorporated Phillips County,2000,1182,9599990
9291,97,0,PITKIN COUNTY,2000,15764,9700000
9292,97,3620,Aspen,2000,6215,9703620
9293,97,4935,Basalt (Part),2000,733,9704935
9294,97,71755,Snowmass Village,2000,2520,9771755
9295,97,99990,Unincorporated Pitkin County,2000,6296,9799990
9296,99,0,PROWERS COUNTY,2000,14453,9900000
9297,99,31550,Granada,2000,636,9931550
9298,99,34520,Hartman,2000,110,9934520
9299,99,37215,Holly,2000,1046,9937215
9300,99,43110,Lamar,2000,8854,9943110
9301,99,85045,Wiley,2000,481,9985045
9302,99,99990,Unincorporated Prowers County,2000,3326,9999990
9303,101,0,PUEBLO COUNTY,2000,141854,10100000
9304,101,7795,Boone,2000,324,10107795
9305,101,62000,Pueblo,2000,102174,10162000
9306,101,66895,Rye,2000,201,10166895
9307,101,99990,Unincorporated Pueblo County,2000,39155,10199990
9308,103,0,RIO BLANCO COUNTY,2000,5969,10300000
9309,103,49875,Meeker,2000,2234,10349875
9310,103,62880,Rangely,2000,2097,10362880
9311,103,99990,Unincorporated Rio Blanco County,2000,1638,10399990
9312,105,0,RIO GRANDE COUNTY,2000,12429,10500000
9313,105,12855,Center (Part),2000,31,10512855
9314,105,19795,Del Norte,2000,1876,10519795
9315,105,51635,Monte Vista,2000,4601,10551635
9316,105,72395,South Fork,2000,597,10572395
9317,105,99990,Unincorporated Rio Grande County,2000,5324,10599990
9318,107,0,ROUTT COUNTY,2000,20123,10700000
9319,107,35070,Hayden,2000,1589,10735070
9320,107,55155,Oak Creek,2000,815,10755155
9321,107,73825,Steamboat Springs,2000,10509,10773825
9322,107,86475,Yampa,2000,426,10786475
9323,107,99990,Unincorporated Routt County,2000,6784,10799990
9324,109,0,SAGUACHE COUNTY,2000,5983,10900000
9325,109,7571,Bonza City,2000,14,10907571
9326,109,12855,Center (Part),2000,2370,10912855
9327,109,18420,Crestone,2000,89,10918420
9328,109,51250,Moffat,2000,115,10951250
9329,109,67005,Saguache,2000,578,10967005
9330,109,99990,Unincorporated Saguache County,2000,2817,10999990
9331,111,0,SAN JUAN COUNTY,2000,561,11100000
9332,111,70580,Silverton,2000,533,11170580
9333,111,99990,Unincorporated San Juan County,2000,28,11199990
9334,113,0,SAN MIGUEL COUNTY,2000,6615,11300000
9335,113,52550,Mountain Village,2000,992,11352550
9336,113,54880,Norwood,2000,447,11354880
9337,113,55870,Ophir,2000,114,11355870
9338,113,68655,Sawpit,2000,25,11368655
9339,113,76795,Telluride,2000,2253,11376795
9340,113,99990,Unincorporated San Miguel County,2000,2784,11399990
9341,115,0,SEDGWICK COUNTY,2000,2744,11500000
9342,115,39965,Julesburg,2000,1472,11539965
9343,115,56475,Ovid,2000,331,11556475
9344,115,68930,Sedgwick,2000,190,11568930
9345,115,99990,Unincorporated Sedgwick County,2000,751,11599990
9346,117,0,SUMMIT COUNTY,2000,25709,11700000
9347,117,7410,Blue River,2000,695,11707410
9348,117,8400,Breckenridge,2000,3076,11708400
9349,117,20440,Dillon,2000,831,11720440
9350,117,28690,Frisco,2000,2792,11728690
9351,117,40550,Keystone,2000,,11740555
9352,117,51690,Montezuma,2000,42,11751690
9353,117,70525,Silverthorne,2000,3489,11770525
9354,117,99990,Unincorporated Summit County,2000,14784,11799990
9355,119,0,TELLER COUNTY,2000,21068,11900000
9356,119,18530,Cripple Creek,2000,1115,11918530
9357,119,32650,Green Mountain Falls (Part),2000,46,11932650
9358,119,80865,Victor,2000,442,11980865
9359,119,86090,Woodland Park,2000,6853,11986090
9360,119,99990,Unincorporated Teller County,2000,12612,11999990
9361,121,0,WASHINGTON COUNTY,2000,4936,12100000
9362,121,925,Akron,2000,1729,12100925
9363,121,56365,Otis,2000,534,12156365
9364,121,99990,Unincorporated Washington County,2000,2673,12199990
9365,123,0,WELD COUNTY,2000,183076,12300000
9366,123,3950,Ault,2000,1427,12303950
9367,123,6255,Berthoud (Part),2000,46,12306255
9368,123,8675,Brighton (Part),2000,224,12308675
9369,123,19080,Dacono,2000,3066,12319080
9370,123,22860,Eaton,2000,2783,12322860
9371,123,24950,Erie (Part),2000,2182,12324950
9372,123,25280,Evans,2000,10448,12325280
9373,123,26600,Firestone,2000,2248,12326600
9374,123,27700,Fort Lupton,2000,7218,12327700
9375,123,28360,Frederick,2000,2830,12328360
9376,123,29185,Garden City,2000,346,12329185
9377,123,29955,Gilcrest,2000,1153,12329955
9378,123,32155,Greeley,2000,78559,12332155
9379,123,33310,Grover,2000,155,12333310
9380,123,37820,Hudson,2000,1591,12337820
9381,123,39855,Johnstown (Part),2000,4196,12339855
9382,123,40185,Keenesburg,2000,876,12340185
9383,123,40515,Kersey,2000,1401,12340515
9384,123,43605,La Salle,2000,1852,12343605
9385,123,45530,Lochbuie (Part),2000,2159,12345530
9386,123,45970,Longmont (Part),2000,52,12345970
9387,123,49600,Mead,2000,1997,12349600
9388,123,50480,Milliken,2000,3040,12350480
9389,123,54330,Northglenn (Part),2000,12,12354330
9390,123,55045,Nunn,2000,472,12355045
9391,123,59005,Pierce,2000,880,12359005
9392,123,60160,Platteville,2000,2381,12360160
9393,123,63045,Raymer,2000,93,12363045
9394,123,69150,Severance,2000,672,12369150
9395,123,77290,Thornton (Part),2000,0,12377290
9396,123,77510,Timnath (Part),2000,,12377510
9397,123,85485,Windsor (Part),2000,9858,12385485
9398,123,99990,Unincorporated Weld County,2000,38859,12399990
9399,125,0,YUMA COUNTY,2000,9815,12500000
9400,125,23025,Eckley,2000,276,12523025
9401,125,86310,Wray,2000,2193,12586310
9402,125,86750,Yuma,2000,3287,12586750
9403,125,99990,Unincorporated Yuma County,2000,4059,12599990
9404,999,3455,Arvada (Total),2000,102399,99903455
9405,999,4000,Aurora (Total),2000,278095,99904000
9406,999,4935,Basalt (Total),2000,2764,99904935
9407,999,6090,Bennett (Total),2000,2066,99906090
9408,999,6255,Berthoud (Total),2000,5005,99906255
9409,999,8070,Bow Mar (Total),2000,838,99908070
9410,999,8675,Brighton (Total),2000,21326,99908675
9411,999,12855,Center (Total),2000,2401,99912855
9412,999,12910,Central City (Total),2000,519,99912910
9413,999,24950,Erie (Total),2000,6694,99924950
9414,999,32650,Green Mountain Falls (Total),2000,766,99932650
9415,999,39855,Johnstown (Total),2000,4459,99939855
9416,999,45255,Littleton (Total),2000,40389,99945255
9417,999,45530,Lochbuie (Total),2000,2163,99945530
9418,999,45970,Longmont (Total),2000,72424,99945970
9419,999,54330,Northglenn (Total),2000,32456,99954330
9420,999,75640,Superior (Total),2000,9296,99975640
9421,999,77290,Thornton (Total),2000,83305,99977290
9422,999,77510,Timnath (Total),2000,286,99977510
9423,999,83835,Westminster (Total),2000,101403,99983835
9424,999,85485,Windsor (Total),2000,10256,99985485
9425,0,0,COLORADO STATE,2001,4444513,0
9426,1,0,ADAMS COUNTY,2001,359437,100000
9427,1,3455,Arvada (Part),2001,2922,103455
9428,1,4000,Aurora (Part),2001,39767,104000
9429,1,6090,Bennett (Part),2001,2039,106090
9430,1,8675,Brighton (Part),2001,22191,108675
9431,1,16495,Commerce City,2001,21889,116495
9432,1,26270,Federal Heights,2001,11756,126270
9433,1,45530,Lochbuie (Part),2001,4,145530
9434,1,54330,Northglenn (Part),2001,33871,154330
9435,1,77290,Thornton (Part),2001,87777,177290
9436,1,83835,Westminster (Part),2001,58166,183835
9437,1,99990,Unincorporated Adams County,2001,79055,199990
9438,3,0,ALAMOSA COUNTY,2001,15231,300000
9439,3,1090,Alamosa,2001,8596,301090
9440,3,37380,Hooper,2001,121,337380
9441,3,99990,Unincorporated Alamosa County,2001,6514,399990
9442,5,0,ARAPAHOE COUNTY,2001,501671,500000
9443,5,4000,Aurora (Part),2001,239670,504000
9444,5,6090,Bennett (Part),2001,42,506090
9445,5,8070,Bow Mar (Part),2001,597,508070
9446,5,12815,Centennial,2001,101702,512815
9447,5,13845,Cherry Hills Village,2001,6122,513845
9448,5,16385,Columbine Valley,2001,1141,516385
9449,5,19630,Deer Trail,2001,592,519630
9450,5,24785,Englewood,2001,32793,524785
9451,5,28105,Foxfield,2001,719,528105
9452,5,30340,Glendale,2001,4468,530340
9453,5,33035,Greenwood Village,2001,11695,533035
9454,5,45255,Littleton (Part),2001,40440,545255
9455,5,69645,Sheridan,2001,5610,569645
9456,5,99990,Unincorporated Arapahoe County,2001,56080,599990
9457,7,0,ARCHULETA COUNTY,2001,10465,700000
9458,7,56860,Pagosa Springs,2001,1573,756860
9459,7,99990,Unincorporated Archuleta County,2001,8892,799990
9460,9,0,BACA COUNTY,2001,4447,900000
9461,9,11645,Campo,2001,145,911645
9462,9,61315,Pritchett,2001,139,961315
9463,9,73330,Springfield,2001,1564,973330
9464,9,79270,Two Buttes,2001,65,979270
9465,9,81030,Vilas,2001,111,981030
9466,9,82460,Walsh,2001,701,982460
9467,9,99990,Unincorporated Baca County,2001,1722,999990
9468,11,0,BENT COUNTY,2001,5882,1100000
9469,11,43660,Las Animas,2001,2726,1143660
9470,11,99990,Unincorporated Bent County,2001,3156,1199990
9471,13,0,BOULDER COUNTY,2001,283510,1300000
9472,13,7850,Boulder,2001,99060,1307850
9473,13,24950,Erie (Part),2001,5776,1324950
9474,13,39195,Jamestown,2001,291,1339195
9475,13,41835,Lafayette,2001,23938,1341835
9476,13,45970,Longmont (Part),2001,76039,1345970
9477,13,46355,Louisville,2001,19083,1346355
9478,13,47070,Lyons,2001,1642,1347070
9479,13,53175,Nederland,2001,1428,1353175
9480,13,75640,Superior (Part),2001,10357,1375640
9481,13,82735,Ward,2001,169,1382735
9482,13,99990,Unincorporated Boulder County,2001,45727,1399990
9483,14,0,BROOMFIELD COUNTY,2001,41387,1400000
9484,14,9280,Broomfield,2001,41387,1409280
9485,15,0,CHAFFEE COUNTY,2001,16410,1500000
9486,15,10105,Buena Vista,2001,2255,1510105
9487,15,60600,Poncha Springs,2001,515,1560600
9488,15,67280,Salida,2001,5474,1567280
9489,15,99990,Unincorporated Chaffee County,2001,8166,1599990
9490,17,0,CHEYENNE COUNTY,2001,2173,1700000
9491,17,14175,Cheyenne Wells,2001,988,1714175
9492,17,41010,Kit Carson,2001,249,1741010
9493,17,99990,Unincorporated Cheyenne County,2001,936,1799990
9494,19,0,CLEAR CREEK COUNTY,2001,9464,1900000
9495,19,12910,Central City (Part),2001,0,1912910
9496,19,24620,Empire,2001,390,1924620
9497,19,29735,Georgetown,2001,1097,1929735
9498,19,38370,Idaho Springs,2001,1925,1938370
9499,19,70360,Silver Plume,2001,201,1970360
9500,19,99990,Unincorporated Clear Creek County,2001,5851,1999990
9501,21,0,CONEJOS COUNTY,2001,8365,2100000
9502,21,2355,Antonito,2001,867,2102355
9503,21,42055,La Jara,2001,882,2142055
9504,21,48060,Massa,2001,1044,2148060
9505,21,65740,Romeo,2001,383,2165740
9506,21,67830,Sanford,2001,831,2167830
9507,21,99990,Unincorporated Conejos County,2001,4358,2199990
9508,23,0,COSTILLA COUNTY,2001,3741,2300000
9509,23,7190,Blanca,2001,402,2307190
9510,23,68105,San Luis,2001,745,2368105
9511,23,99990,Unincorporated Costilla County,2001,2594,2399990
9512,25,0,CROWLEY COUNTY,2001,5253,2500000
9513,25,18750,Crowley,2001,180,2518750
9514,25,55705,Olney Springs,2001,372,2555705
9515,25,56145,Ordway,2001,1190,2556145
9516,25,74815,Sugar City,2001,267,2574815
9517,25,99990,Unincorporated Crowley County,2001,3244,2599990
9518,27,0,CUSTER COUNTY,2001,3730,2700000
9519,27,70250,Silver Cliff,2001,545,2770250
9520,27,83450,Westcliffe,2001,445,2783450
9521,27,99990,Unincorporated Custer County,2001,2740,2799990
9522,29,0,DELTA COUNTY,2001,28387,2900000
9523,29,12635,Cedaredge,2001,1904,2912635
9524,29,17925,Crawford,2001,367,2917925
9525,29,19850,Delta,2001,7938,2919850
9526,29,37545,Hotchkiss,2001,1002,2937545
9527,29,55980,Orchard City,2001,2897,2955980
9528,29,57300,Paonia,2001,1553,2957300
9529,29,99990,Unincorporated Delta County,2001,12726,2999990
9530,31,0,DENVER COUNTY,2001,563300,3100000
9531,31,20000,Denver,2001,563300,3120000
9532,33,0,DOLORES COUNTY,2001,1865,3300000
9533,33,21265,Dove Creek,2001,706,3321265
9534,33,64090,Rico,2001,214,3364090
9535,33,99990,Unincorporated Dolores County,2001,945,3399990
9536,35,0,DOUGLAS COUNTY,2001,199038,3500000
9537,35,4000,Aurora (Part),2001,0,3504000
9538,35,12387,Castle Pines,2001,5588,3512390
9539,35,12415,Castle Rock,2001,25516,3512415
9540,35,43550,Larkspur,2001,208,3543550
9541,35,45255,Littleton (Part),2001,90,3545255
9542,35,45955,Lone Tree,2001,7333,3545955
9543,35,57630,Parker,2001,27253,3557630
9544,35,99990,Unincorporated Douglas County,2001,133050,3599990
9545,37,0,EAGLE COUNTY,2001,44440,3700000
9546,37,4110,Avon,2001,6154,3704110
9547,37,4935,Basalt (Part),2001,2145,3704935
9548,37,22200,Eagle,2001,3109,3722200
9549,37,33695,Gypsum,2001,4575,3733695
9550,37,50920,Minturn,2001,1094,3750920
9551,37,63265,Red Cliff,2001,299,3763265
9552,37,80040,Vail,2001,4807,3780040
9553,37,99990,Unincorporated Eagle County,2001,22257,3799990
9554,39,0,ELBERT COUNTY,2001,21294,3900000
9555,39,23740,Elizabeth,2001,1503,3923740
9556,39,40790,Kiowa,2001,635,3940790
9557,39,70635,Simla,2001,680,3970635
9558,39,99990,Unincorporated Elbert County,2001,18476,3999990
9559,41,0,EL PASO COUNTY,2001,536336,4100000
9560,41,11260,Calhan,2001,889,4111260
9561,41,16000,Colorado Springs,2001,371079,4116000
9562,41,27865,Fountain,2001,16221,4127865
9563,41,32650,Green Mountain Falls (Part),2001,681,4132650
9564,41,48445,Manitou Springs,2001,4997,4148445
9565,41,51800,Monument,2001,2505,4151800
9566,41,57025,Palmer Lake,2001,2223,4157025
9567,41,62660,Ramah,2001,119,4162660
9568,41,99990,Unincorporated El Paso County,2001,137622,4199990
9569,43,0,FREMONT COUNTY,2001,46733,4300000
9570,43,9115,Brookside,2001,220,4309115
9571,43,11810,Canon City,2001,15904,4311810
9572,43,15330,Coal Creek,2001,339,4315330
9573,43,27040,Florence,2001,3746,4327040
9574,43,64970,Rockvale,2001,435,4364970
9575,43,85155,Williamsburg,2001,702,4385155
9576,43,99990,Unincorporated Fremont County,2001,25387,4399990
9577,45,0,GARFIELD COUNTY,2001,45907,4500000
9578,45,12030,Carbonate,2001,0,4512030
9579,45,12045,Carbondale,2001,5503,4512045
9580,45,30780,Glenwood Springs,2001,8175,4530780
9581,45,53395,New Castle,2001,2403,4553395
9582,45,57400,Parachute,2001,1005,4557400
9583,45,64255,Rifle,2001,7132,4564255
9584,45,70195,Silt,2001,1930,4570195
9585,45,99990,Unincorporated Garfield County,2001,19759,4599990
9586,47,0,GILPIN COUNTY,2001,4829,4700000
9587,47,7025,Black Hawk,2001,117,4707025
9588,47,12910,Central City (Part),2001,513,4712910
9589,47,99990,Unincorporated Gilpin County,2001,4199,4799990
9590,49,0,GRAND COUNTY,2001,13283,4900000
9591,49,28305,Fraser,2001,906,4928305
9592,49,31605,Granby,2001,1815,4931605
9593,49,31715,Grand Lake,2001,425,4931715
9594,49,37600,Hot Sulphur Springs,2001,536,4937600
9595,49,41560,Kremmling,2001,1567,4941560
9596,49,85705,Winter Park,2001,851,4985705
9597,49,99990,Unincorporated Grand County,2001,7183,4999990
9598,51,0,GUNNISON COUNTY,2001,14345,5100000
9599,51,18310,Crested Butte,2001,1537,5118310
9600,51,33640,Gunnison,2001,5503,5133640
9601,51,48555,Marble,2001,109,5148555
9602,51,52570,Mount Crested Butte,2001,774,5152570
9603,51,59830,Pitkin,2001,116,5159830
9604,51,99990,Unincorporated Gunnison County,2001,6306,5199990
9605,53,0,HINSDALE COUNTY,2001,804,5300000
9606,53,42330,Lake City,2001,386,5342330
9607,53,99990,Unincorporated Hinsdale County,2001,418,5399990
9608,55,0,HUERFANO COUNTY,2001,7905,5500000
9609,55,44100,La Veta,2001,895,5544100
9610,55,82350,Walsenburg,2001,4229,5582350
9611,55,99990,Unincorporated Huerfano County,2001,2781,5599990
9612,57,0,JACKSON COUNTY,2001,1590,5700000
9613,57,82130,Walden,2001,727,5782130
9614,57,99990,Unincorporated Jackson County,2001,863,5799990
9615,59,0,JEFFERSON COUNTY,2001,528067,5900000
9616,59,3455,Arvada (Part),2001,99352,5903455
9617,59,8070,Bow Mar (Part),2001,242,5908070
9618,59,23135,Edgewater,2001,5472,5923135
9619,59,30835,Golden,2001,17256,5930835
9620,59,42495,Lakeside,2001,18,5942495
9621,59,43000,Lakewood,2001,143765,5943000
9622,59,45255,Littleton (Part),2001,487,5945255
9623,59,52075,Morrison,2001,428,5952075
9624,59,52350,Mountain View,2001,556,5952350
9625,59,75640,Superior (Part),2001,0,5975640
9626,59,83835,Westminster (Part),2001,44045,5983835
9627,59,84440,Wheat Ridge,2001,32331,5984440
9628,59,99990,Unincorporated Jefferson County,2001,184115,5999990
9629,61,0,KIOWA COUNTY,2001,1606,6100000
9630,61,22145,Eads,2001,737,6122145
9631,61,34740,Haswell,2001,82,6134740
9632,61,69700,Sheridan Lake,2001,68,6169700
9633,61,99990,Unincorporated Kiowa County,2001,719,6199990
9634,63,0,KIT CARSON COUNTY,2001,8073,6300000
9635,63,6530,Bethune,2001,227,6306530
9636,63,10600,Burlington,2001,3756,6310600
9637,63,26765,Flagler,2001,631,6326765
9638,63,69040,Seibert,2001,192,6369040
9639,63,74485,Stratton,2001,664,6374485
9640,63,81690,Vona,2001,97,6381690
9641,63,99990,Unincorporated Kit Carson County,2001,2506,6399990
9642,65,0,LAKE COUNTY,2001,7821,6500000
9643,65,44320,Leadville,2001,2754,6544320
9644,65,99990,Unincorporated Lake County,2001,5067,6599990
9645,67,0,LA PLATA COUNTY,2001,45645,6700000
9646,67,5265,Bayfield,2001,1730,6705265
9647,67,22035,Durango,2001,15097,6722035
9648,67,38535,Ignacio,2001,820,6738535
9649,67,99990,Unincorporated La Plata County,2001,27998,6799990
9650,69,0,LARIMER COUNTY,2001,260911,6900000
9651,69,6255,Berthoud (Part),2001,5114,6906255
9652,69,25115,Estes Park,2001,5648,6925115
9653,69,27425,Fort Collins,2001,124271,6927425
9654,69,39855,Johnstown (Part),2001,251,6939855
9655,69,46465,Loveland,2001,54465,6946465
9656,69,77510,Timnath (Part),2001,287,6977510
9657,69,83230,Wellington,2001,2921,6983230
9658,69,85485,Windsor (Part),2001,722,6985485
9659,69,99990,Unincorporated Larimer County,2001,67232,6999990
9660,71,0,LAS ANIMAS COUNTY,2001,15310,7100000
9661,71,760,Aguilar,2001,590,7100760
9662,71,8345,Branson,2001,76,7108345
9663,71,15550,Cokedale,2001,140,7115550
9664,71,40570,Kim,2001,66,7140570
9665,71,73715,Starkville,2001,117,7173715
9666,71,78610,Trinidad,2001,9146,7178610
9667,71,99990,Unincorporated Las Animas County,2001,5175,7199990
9668,73,0,LINCOLN COUNTY,2001,6076,7300000
9669,73,3235,Arriba,2001,241,7303235
9670,73,29680,Genoa,2001,204,7329680
9671,73,37875,Hugo,2001,873,7337875
9672,73,44980,Limon,2001,2076,7344980
9673,73,99990,Unincorporated Lincoln County,2001,2682,7399990
9674,75,0,LOGAN COUNTY,2001,22354,7500000
9675,75,18640,Crook,2001,135,7518640
9676,75,26875,Fleming,2001,463,7526875
9677,75,38590,Iliff,2001,233,7538590
9678,75,50040,Merino,2001,275,7550040
9679,75,58235,Peetz,2001,241,7558235
9680,75,73935,Sterling,2001,13933,7573935
9681,75,99990,Unincorporated Logan County,2001,7074,7599990
9682,77,0,MESA COUNTY,2001,119864,7700000
9683,77,15605,Collbran,2001,616,7715605
9684,77,19355,De Beque,2001,471,7719355
9685,77,28745,Fruita,2001,7135,7728745
9686,77,31660,Grand Junction,2001,46555,7731660
9687,77,56970,Palisade,2001,2619,7756970
9688,77,99990,Unincorporated Mesa County,2001,62468,7799990
9689,79,0,MINERAL COUNTY,2001,820,7900000
9690,79,14765,City of Creede,2001,365,7914765
9691,79,99990,Unincorporated Mineral County,2001,455,7999990
9692,81,0,MOFFAT COUNTY,2001,13089,8100000
9693,81,17760,Craig,2001,9089,8117760
9694,81,20495,Dinosaur,2001,314,8120495
9695,81,99990,Unincorporated Moffat County,2001,3686,8199990
9696,83,0,MONTEZUMA COUNTY,2001,23873,8300000
9697,83,17375,Cortez,2001,8017,8317375
9698,83,20770,Dolores,2001,865,8320770
9699,83,48115,Mancos,2001,1121,8348115
9700,83,99990,Unincorporated Montezuma County,2001,13870,8399990
9701,85,0,MONTROSE COUNTY,2001,34442,8500000
9702,85,51745,Montrose,2001,13485,8551745
9703,85,53120,Naturita,2001,632,8553120
9704,85,54935,Nucla,2001,741,8554935
9705,85,55540,Olathe,2001,1652,8555540
9706,85,99990,Unincorporated Montrose County,2001,17932,8599990
9707,87,0,MORGAN COUNTY,2001,27475,8700000
9708,87,9555,Brush,2001,5193,8709555
9709,87,27810,Fort Morgan,2001,11113,8727810
9710,87,36610,Hillrose,2001,257,8736610
9711,87,45695,Log Lane Village,2001,1002,8745695
9712,87,84770,Wiggins,2001,861,8784770
9713,87,99990,Unincorporated Morgan County,2001,9049,8799990
9714,89,0,OTERO COUNTY,2001,19900,8900000
9715,89,13460,Cheraw,2001,216,8913460
9716,89,27975,Fowler,2001,1192,8927975
9717,89,42110,La Junta,2001,7435,8942110
9718,89,48500,Manzanola,2001,509,8948500
9719,89,65190,Rocky Ford,2001,4195,8965190
9720,89,75970,Swink,2001,683,8975970
9721,89,99990,Unincorporated Otero County,2001,5670,8999990
9722,91,0,OURAY COUNTY,2001,3809,9100000
9723,91,56420,Ouray,2001,832,9156420
9724,91,64200,Ridgway,2001,731,9164200
9725,91,99990,Unincorporated Ouray County,2001,2246,9199990
9726,93,0,PARK COUNTY,2001,15172,9300000
9727,93,1530,Alma,2001,190,9301530
9728,93,25610,Fairplay,2001,644,9325610
9729,93,99990,Unincorporated Park County,2001,14338,9399990
9730,95,0,PHILLIPS COUNTY,2001,4487,9500000
9731,95,34960,Haxtun,2001,985,9534960
9732,95,37270,Holyoke,2001,2275,9537270
9733,95,57245,Paoli,2001,41,9557245
9734,95,99990,Unincorporated Phillips County,2001,1186,9599990
9735,97,0,PITKIN COUNTY,2001,16184,9700000
9736,97,3620,Aspen,2001,6359,9703620
9737,97,4935,Basalt (Part),2001,783,9704935
9738,97,71755,Snowmass Village,2001,2555,9771755
9739,97,99990,Unincorporated Pitkin County,2001,6487,9799990
9740,99,0,PROWERS COUNTY,2001,14109,9900000
9741,99,31550,Granada,2001,617,9931550
9742,99,34520,Hartman,2001,107,9934520
9743,99,37215,Holly,2001,1019,9937215
9744,99,43110,Lamar,2001,8652,9943110
9745,99,85045,Wiley,2001,468,9985045
9746,99,99990,Unincorporated Prowers County,2001,3246,9999990
9747,101,0,PUEBLO COUNTY,2001,143996,10100000
9748,101,7795,Boone,2001,324,10107795
9749,101,62000,Pueblo,2001,102764,10162000
9750,101,66895,Rye,2001,195,10166895
9751,101,99990,Unincorporated Pueblo County,2001,40713,10199990
9752,103,0,RIO BLANCO COUNTY,2001,5880,10300000
9753,103,49875,Meeker,2001,2190,10349875
9754,103,62880,Rangely,2001,2076,10362880
9755,103,99990,Unincorporated Rio Blanco County,2001,1614,10399990
9756,105,0,RIO GRANDE COUNTY,2001,12406,10500000
9757,105,12855,Center (Part),2001,39,10512855
9758,105,19795,Del Norte,2001,1851,10519795
9759,105,51635,Monte Vista,2001,4612,10551635
9760,105,72395,South Fork,2001,578,10572395
9761,105,99990,Unincorporated Rio Grande County,2001,5326,10599990
9762,107,0,ROUTT COUNTY,2001,20436,10700000
9763,107,35070,Hayden,2001,1639,10735070
9764,107,55155,Oak Creek,2001,848,10755155
9765,107,73825,Steamboat Springs,2001,10483,10773825
9766,107,86475,Yampa,2001,441,10786475
9767,107,99990,Unincorporated Routt County,2001,7025,10799990
9768,109,0,SAGUACHE COUNTY,2001,6083,10900000
9769,109,7571,Bonza City,2001,14,10907571
9770,109,12855,Center (Part),2001,2331,10912855
9771,109,18420,Crestone,2001,91,10918420
9772,109,51250,Moffat,2001,114,10951250
9773,109,67005,Saguache,2001,564,10967005
9774,109,99990,Unincorporated Saguache County,2001,2969,10999990
9775,111,0,SAN JUAN COUNTY,2001,566,11100000
9776,111,70580,Silverton,2001,536,11170580
9777,111,99990,Unincorporated San Juan County,2001,30,11199990
9778,113,0,SAN MIGUEL COUNTY,2001,6900,11300000
9779,113,52550,Mountain Village,2001,1103,11352550
9780,113,54880,Norwood,2001,469,11354880
9781,113,55870,Ophir,2001,117,11355870
9782,113,68655,Sawpit,2001,27,11368655
9783,113,76795,Telluride,2001,2335,11376795
9784,113,99990,Unincorporated San Miguel County,2001,2849,11399990
9785,115,0,SEDGWICK COUNTY,2001,2694,11500000
9786,115,39965,Julesburg,2001,1438,11539965
9787,115,56475,Ovid,2001,331,11556475
9788,115,68930,Sedgwick,2001,183,11568930
9789,115,99990,Unincorporated Sedgwick County,2001,742,11599990
9790,117,0,SUMMIT COUNTY,2001,26293,11700000
9791,117,7410,Blue River,2001,702,11707410
9792,117,8400,Breckenridge,2001,3171,11708400
9793,117,20440,Dillon,2001,819,11720440
9794,117,28690,Frisco,2001,2757,11728690
9795,117,40550,Keystone,2001,,11740555
9796,117,51690,Montezuma,2001,44,11751690
9797,117,70525,Silverthorne,2001,3584,11770525
9798,117,99990,Unincorporated Summit County,2001,15216,11799990
9799,119,0,TELLER COUNTY,2001,21738,11900000
9800,119,18530,Cripple Creek,2001,1134,11918530
9801,119,32650,Green Mountain Falls (Part),2001,43,11932650
9802,119,80865,Victor,2001,433,11980865
9803,119,86090,Woodland Park,2001,7004,11986090
9804,119,99990,Unincorporated Teller County,2001,13124,11999990
9805,121,0,WASHINGTON COUNTY,2001,4899,12100000
9806,121,925,Akron,2001,1714,12100925
9807,121,56365,Otis,2001,525,12156365
9808,121,99990,Unincorporated Washington County,2001,2660,12199990
9809,123,0,WELD COUNTY,2001,192482,12300000
9810,123,3950,Ault,2001,1429,12303950
9811,123,6255,Berthoud (Part),2001,50,12306255
9812,123,8675,Brighton (Part),2001,279,12308675
9813,123,19080,Dacono,2001,3139,12319080
9814,123,22860,Eaton,2001,3131,12322860
9815,123,24950,Erie (Part),2001,2180,12324950
9816,123,25280,Evans,2001,11944,12325280
9817,123,26600,Firestone,2001,3417,12326600
9818,123,27700,Fort Lupton,2001,7336,12327700
9819,123,28360,Frederick,2001,3868,12328360
9820,123,29185,Garden City,2001,331,12329185
9821,123,29955,Gilcrest,2001,1155,12329955
9822,123,32155,Greeley,2001,80992,12332155
9823,123,33310,Grover,2001,152,12333310
9824,123,37820,Hudson,2001,1612,12337820
9825,123,39855,Johnstown (Part),2001,4534,12339855
9826,123,40185,Keenesburg,2001,981,12340185
9827,123,40515,Kersey,2001,1389,12340515
9828,123,43605,La Salle,2001,1828,12343605
9829,123,45530,Lochbuie (Part),2001,2528,12345530
9830,123,45970,Longmont (Part),2001,44,12345970
9831,123,49600,Mead,2001,2088,12349600
9832,123,50480,Milliken,2001,3478,12350480
9833,123,54330,Northglenn (Part),2001,13,12354330
9834,123,55045,Nunn,2001,474,12355045
9835,123,59005,Pierce,2001,868,12359005
9836,123,60160,Platteville,2001,2417,12360160
9837,123,63045,Raymer,2001,91,12363045
9838,123,69150,Severance,2001,776,12369150
9839,123,77290,Thornton (Part),2001,0,12377290
9840,123,77510,Timnath (Part),2001,,12377510
9841,123,85485,Windsor (Part),2001,10314,12385485
9842,123,99990,Unincorporated Weld County,2001,39644,12399990
9843,125,0,YUMA COUNTY,2001,9831,12500000
9844,125,23025,Eckley,2001,272,12523025
9845,125,86310,Wray,2001,2206,12586310
9846,125,86750,Yuma,2001,3323,12586750
9847,125,99990,Unincorporated Yuma County,2001,4030,12599990
9848,999,3455,Arvada (Total),2001,102274,99903455
9849,999,4000,Aurora (Total),2001,279437,99904000
9850,999,4935,Basalt (Total),2001,2928,99904935
9851,999,6090,Bennett (Total),2001,2081,99906090
9852,999,6255,Berthoud (Total),2001,5164,99906255
9853,999,8070,Bow Mar (Total),2001,839,99908070
9854,999,8675,Brighton (Total),2001,22470,99908675
9855,999,12855,Center (Total),2001,2370,99912855
9856,999,12910,Central City (Total),2001,513,99912910
9857,999,24950,Erie (Total),2001,7956,99924950
9858,999,32650,Green Mountain Falls (Total),2001,724,99932650
9859,999,39855,Johnstown (Total),2001,4785,99939855
9860,999,45255,Littleton (Total),2001,41017,99945255
9861,999,45530,Lochbuie (Total),2001,2532,99945530
9862,999,45970,Longmont (Total),2001,76083,99945970
9863,999,54330,Northglenn (Total),2001,33884,99954330
9864,999,75640,Superior (Total),2001,10357,99975640
9865,999,77290,Thornton (Total),2001,87777,99977290
9866,999,77510,Timnath (Total),2001,287,99977510
9867,999,83835,Westminster (Total),2001,102211,99983835
9868,999,85485,Windsor (Total),2001,11036,99985485
9869,0,0,COLORADO STATE,2002,4504709,0
9870,1,0,ADAMS COUNTY,2002,371181,100000
9871,1,3455,Arvada (Part),2002,2894,103455
9872,1,4000,Aurora (Part),2002,39814,104000
9873,1,6090,Bennett (Part),2002,2029,106090
9874,1,8675,Brighton (Part),2002,23273,108675
9875,1,16495,Commerce City,2002,23473,116495
9876,1,26270,Federal Heights,2002,11569,126270
9877,1,45530,Lochbuie (Part),2002,4,145530
9878,1,54330,Northglenn (Part),2002,35867,154330
9879,1,77290,Thornton (Part),2002,93138,177290
9880,1,83835,Westminster (Part),2002,59012,183835
9881,1,99990,Unincorporated Adams County,2002,80108,199990
9882,3,0,ALAMOSA COUNTY,2002,15266,300000
9883,3,1090,Alamosa,2002,8648,301090
9884,3,37380,Hooper,2002,118,337380
9885,3,99990,Unincorporated Alamosa County,2002,6500,399990
9886,5,0,ARAPAHOE COUNTY,2002,510503,500000
9887,5,4000,Aurora (Part),2002,244237,504000
9888,5,6090,Bennett (Part),2002,78,506090
9889,5,8070,Bow Mar (Part),2002,587,508070
9890,5,12815,Centennial,2002,100352,512815
9891,5,13845,Cherry Hills Village,2002,6124,513845
9892,5,16385,Columbine Valley,2002,1144,516385
9893,5,19630,Deer Trail,2002,583,519630
9894,5,24785,Englewood,2002,33193,524785
9895,5,28105,Foxfield,2002,705,528105
9896,5,30340,Glendale,2002,4782,530340
9897,5,33035,Greenwood Village,2002,11490,533035
9898,5,45255,Littleton (Part),2002,40401,545255
9899,5,69645,Sheridan,2002,5579,569645
9900,5,99990,Unincorporated Arapahoe County,2002,61248,599990
9901,7,0,ARCHULETA COUNTY,2002,10700,700000
9902,7,56860,Pagosa Springs,2002,1559,756860
9903,7,99990,Unincorporated Archuleta County,2002,9141,799990
9904,9,0,BACA COUNTY,2002,4315,900000
9905,9,11645,Campo,2002,140,911645
9906,9,61315,Pritchett,2002,136,961315
9907,9,73330,Springfield,2002,1531,973330
9908,9,79270,Two Buttes,2002,61,979270
9909,9,81030,Vilas,2002,110,981030
9910,9,82460,Walsh,2002,677,982460
9911,9,99990,Unincorporated Baca County,2002,1660,999990
9912,11,0,BENT COUNTY,2002,6203,1100000
9913,11,43660,Las Animas,2002,2799,1143660
9914,11,99990,Unincorporated Bent County,2002,3404,1199990
9915,13,0,BOULDER COUNTY,2002,284433,1300000
9916,13,7850,Boulder,2002,98078,1307850
9917,13,24950,Erie (Part),2002,6368,1324950
9918,13,39195,Jamestown,2002,291,1339195
9919,13,41835,Lafayette,2002,23817,1341835
9920,13,45970,Longmont (Part),2002,78184,1345970
9921,13,46355,Louisville,2002,18753,1346355
9922,13,47070,Lyons,2002,1635,1347070
9923,13,53175,Nederland,2002,1428,1353175
9924,13,75640,Superior (Part),2002,10553,1375640
9925,13,82735,Ward,2002,171,1382735
9926,13,99990,Unincorporated Boulder County,2002,45155,1399990
9927,14,0,BROOMFIELD COUNTY,2002,42432,1400000
9928,14,9280,Broomfield,2002,42432,1409280
9929,15,0,CHAFFEE COUNTY,2002,16646,1500000
9930,15,10105,Buena Vista,2002,2319,1510105
9931,15,60600,Poncha Springs,2002,513,1560600
9932,15,67280,Salida,2002,5423,1567280
9933,15,99990,Unincorporated Chaffee County,2002,8391,1599990
9934,17,0,CHEYENNE COUNTY,2002,2162,1700000
9935,17,14175,Cheyenne Wells,2002,986,1714175
9936,17,41010,Kit Carson,2002,250,1741010
9937,17,99990,Unincorporated Cheyenne County,2002,926,1799990
9938,19,0,CLEAR CREEK COUNTY,2002,9466,1900000
9939,19,12910,Central City (Part),2002,0,1912910
9940,19,24620,Empire,2002,382,1924620
9941,19,29735,Georgetown,2002,1097,1929735
9942,19,38370,Idaho Springs,2002,1901,1938370
9943,19,70360,Silver Plume,2002,200,1970360
9944,19,99990,Unincorporated Clear Creek County,2002,5886,1999990
9945,21,0,CONEJOS COUNTY,2002,8389,2100000
9946,21,2355,Antonito,2002,869,2102355
9947,21,42055,La Jara,2002,882,2142055
9948,21,48060,Massa,2002,1053,2148060
9949,21,65740,Romeo,2002,389,2165740
9950,21,67830,Sanford,2002,850,2167830
9951,21,99990,Unincorporated Conejos County,2002,4346,2199990
9952,23,0,COSTILLA COUNTY,2002,3734,2300000
9953,23,7190,Blanca,2002,401,2307190
9954,23,68105,San Luis,2002,735,2368105
9955,23,99990,Unincorporated Costilla County,2002,2598,2399990
9956,25,0,CROWLEY COUNTY,2002,5344,2500000
9957,25,18750,Crowley,2002,177,2518750
9958,25,55705,Olney Springs,2002,368,2555705
9959,25,56145,Ordway,2002,1174,2556145
9960,25,74815,Sugar City,2002,267,2574815
9961,25,99990,Unincorporated Crowley County,2002,3358,2599990
9962,27,0,CUSTER COUNTY,2002,3783,2700000
9963,27,70250,Silver Cliff,2002,558,2770250
9964,27,83450,Westcliffe,2002,447,2783450
9965,27,99990,Unincorporated Custer County,2002,2778,2799990
9966,29,0,DELTA COUNTY,2002,28778,2900000
9967,29,12635,Cedaredge,2002,1940,2912635
9968,29,17925,Crawford,2002,373,2917925
9969,29,19850,Delta,2002,8006,2919850
9970,29,37545,Hotchkiss,2002,997,2937545
9971,29,55980,Orchard City,2002,2904,2955980
9972,29,57300,Paonia,2002,1543,2957300
9973,29,99990,Unincorporated Delta County,2002,13015,2999990
9974,31,0,DENVER COUNTY,2002,559090,3100000
9975,31,20000,Denver,2002,559090,3120000
9976,33,0,DOLORES COUNTY,2002,1880,3300000
9977,33,21265,Dove Creek,2002,705,3321265
9978,33,64090,Rico,2002,221,3364090
9979,33,99990,Unincorporated Dolores County,2002,954,3399990
9980,35,0,DOUGLAS COUNTY,2002,209705,3500000
9981,35,4000,Aurora (Part),2002,0,3504000
9982,35,12387,Castle Pines,2002,7090,3512390
9983,35,12415,Castle Rock,2002,27615,3512415
9984,35,43550,Larkspur,2002,198,3543550
9985,35,45255,Littleton (Part),2002,77,3545255
9986,35,45955,Lone Tree,2002,7841,3545955
9987,35,57630,Parker,2002,31047,3557630
9988,35,99990,Unincorporated Douglas County,2002,135837,3599990
9989,37,0,EAGLE COUNTY,2002,45100,3700000
9990,37,4110,Avon,2002,6141,3704110
9991,37,4935,Basalt (Part),2002,2257,3704935
9992,37,22200,Eagle,2002,3353,3722200
9993,37,33695,Gypsum,2002,4652,3733695
9994,37,50920,Minturn,2002,1105,3750920
9995,37,63265,Red Cliff,2002,298,3763265
9996,37,80040,Vail,2002,4783,3780040
9997,37,99990,Unincorporated Eagle County,2002,22511,3799990
9998,39,0,ELBERT COUNTY,2002,21604,3900000
9999,39,23740,Elizabeth,2002,1491,3923740
10000,39,40790,Kiowa,2002,632,3940790
10001,39,70635,Simla,2002,662,3970635
10002,39,99990,Unincorporated Elbert County,2002,18819,3999990
10003,41,0,EL PASO COUNTY,2002,545240,4100000
10004,41,11260,Calhan,2002,873,4111260
10005,41,16000,Colorado Springs,2002,376456,4116000
10006,41,27865,Fountain,2002,17059,4127865
10007,41,32650,Green Mountain Falls (Part),2002,668,4132650
10008,41,48445,Manitou Springs,2002,4977,4148445
10009,41,51800,Monument,2002,3136,4151800
10010,41,57025,Palmer Lake,2002,2239,4157025
10011,41,62660,Ramah,2002,119,4162660
10012,41,99990,Unincorporated El Paso County,2002,139713,4199990
10013,43,0,FREMONT COUNTY,2002,46969,4300000
10014,43,9115,Brookside,2002,222,4309115
10015,43,11810,Canon City,2002,16046,4311810
10016,43,15330,Coal Creek,2002,356,4315330
10017,43,27040,Florence,2002,3803,4327040
10018,43,64970,Rockvale,2002,436,4364970
10019,43,85155,Williamsburg,2002,709,4385155
10020,43,99990,Unincorporated Fremont County,2002,25397,4399990
10021,45,0,GARFIELD COUNTY,2002,46728,4500000
10022,45,12030,Carbonate,2002,0,4512030
10023,45,12045,Carbondale,2002,5473,4512045
10024,45,30780,Glenwood Springs,2002,8401,4530780
10025,45,53395,New Castle,2002,2671,4553395
10026,45,57400,Parachute,2002,1017,4557400
10027,45,64255,Rifle,2002,7312,4564255
10028,45,70195,Silt,2002,2068,4570195
10029,45,99990,Unincorporated Garfield County,2002,19786,4599990
10030,47,0,GILPIN COUNTY,2002,4830,4700000
10031,47,7025,Black Hawk,2002,115,4707025
10032,47,12910,Central City (Part),2002,510,4712910
10033,47,99990,Unincorporated Gilpin County,2002,4205,4799990
10034,49,0,GRAND COUNTY,2002,13461,4900000
10035,49,28305,Fraser,2002,906,4928305
10036,49,31605,Granby,2002,1919,4931605
10037,49,31715,Grand Lake,2002,424,4931715
10038,49,37600,Hot Sulphur Springs,2002,550,4937600
10039,49,41560,Kremmling,2002,1552,4941560
10040,49,85705,Winter Park,2002,836,4985705
10041,49,99990,Unincorporated Grand County,2002,7274,4999990
10042,51,0,GUNNISON COUNTY,2002,14316,5100000
10043,51,18310,Crested Butte,2002,1507,5118310
10044,51,33640,Gunnison,2002,5538,5133640
10045,51,48555,Marble,2002,109,5148555
10046,51,52570,Mount Crested Butte,2002,763,5152570
10047,51,59830,Pitkin,2002,107,5159830
10048,51,99990,Unincorporated Gunnison County,2002,6292,5199990
10049,53,0,HINSDALE COUNTY,2002,806,5300000
10050,53,42330,Lake City,2002,391,5342330
10051,53,99990,Unincorporated Hinsdale County,2002,415,5399990
10052,55,0,HUERFANO COUNTY,2002,7916,5500000
10053,55,44100,La Veta,2002,885,5544100
10054,55,82350,Walsenburg,2002,4186,5582350
10055,55,99990,Unincorporated Huerfano County,2002,2845,5599990
10056,57,0,JACKSON COUNTY,2002,1591,5700000
10057,57,82130,Walden,2002,718,5782130
10058,57,99990,Unincorporated Jackson County,2002,873,5799990
10059,59,0,JEFFERSON COUNTY,2002,527539,5900000
10060,59,3455,Arvada (Part),2002,99019,5903455
10061,59,8070,Bow Mar (Part),2002,243,5908070
10062,59,23135,Edgewater,2002,5401,5923135
10063,59,30835,Golden,2002,17242,5930835
10064,59,42495,Lakeside,2002,17,5942495
10065,59,43000,Lakewood,2002,142967,5943000
10066,59,45255,Littleton (Part),2002,1031,5945255
10067,59,52075,Morrison,2002,426,5952075
10068,59,52350,Mountain View,2002,546,5952350
10069,59,75640,Superior (Part),2002,0,5975640
10070,59,83835,Westminster (Part),2002,44265,5983835
10071,59,84440,Wheat Ridge,2002,31848,5984440
10072,59,99990,Unincorporated Jefferson County,2002,184534,5999990
10073,61,0,KIOWA COUNTY,2002,1566,6100000
10074,61,22145,Eads,2002,715,6122145
10075,61,34740,Haswell,2002,81,6134740
10076,61,69700,Sheridan Lake,2002,70,6169700
10077,61,99990,Unincorporated Kiowa County,2002,700,6199990
10078,63,0,KIT CARSON COUNTY,2002,8289,6300000
10079,63,6530,Bethune,2002,230,6306530
10080,63,10600,Burlington,2002,3964,6310600
10081,63,26765,Flagler,2002,629,6326765
10082,63,69040,Seibert,2002,191,6369040
10083,63,74485,Stratton,2002,672,6374485
10084,63,81690,Vona,2002,99,6381690
10085,63,99990,Unincorporated Kit Carson County,2002,2504,6399990
10086,65,0,LAKE COUNTY,2002,7726,6500000
10087,65,44320,Leadville,2002,2705,6544320
10088,65,99990,Unincorporated Lake County,2002,5021,6599990
10089,67,0,LA PLATA COUNTY,2002,46089,6700000
10090,67,5265,Bayfield,2002,1734,6705265
10091,67,22035,Durango,2002,15333,6722035
10092,67,38535,Ignacio,2002,811,6738535
10093,67,99990,Unincorporated La Plata County,2002,28211,6799990
10094,69,0,LARIMER COUNTY,2002,266171,6900000
10095,69,6255,Berthoud (Part),2002,5051,6906255
10096,69,25115,Estes Park,2002,5626,6925115
10097,69,27425,Fort Collins,2002,127033,6927425
10098,69,39855,Johnstown (Part),2002,236,6939855
10099,69,46465,Loveland,2002,56301,6946465
10100,69,77510,Timnath (Part),2002,280,6977510
10101,69,83230,Wellington,2002,3379,6983230
10102,69,85485,Windsor (Part),2002,1149,6985485
10103,69,99990,Unincorporated Larimer County,2002,67116,6999990
10104,71,0,LAS ANIMAS COUNTY,2002,15659,7100000
10105,71,760,Aguilar,2002,589,7100760
10106,71,8345,Branson,2002,77,7108345
10107,71,15550,Cokedale,2002,140,7115550
10108,71,40570,Kim,2002,69,7140570
10109,71,73715,Starkville,2002,110,7173715
10110,71,78610,Trinidad,2002,9253,7178610
10111,71,99990,Unincorporated Las Animas County,2002,5421,7199990
10112,73,0,LINCOLN COUNTY,2002,6047,7300000
10113,73,3235,Arriba,2002,236,7303235
10114,73,29680,Genoa,2002,197,7329680
10115,73,37875,Hugo,2002,856,7337875
10116,73,44980,Limon,2002,2079,7344980
10117,73,99990,Unincorporated Lincoln County,2002,2679,7399990
10118,75,0,LOGAN COUNTY,2002,22095,7500000
10119,75,18640,Crook,2002,135,7518640
10120,75,26875,Fleming,2002,459,7526875
10121,75,38590,Iliff,2002,234,7538590
10122,75,50040,Merino,2002,285,7550040
10123,75,58235,Peetz,2002,234,7558235
10124,75,73935,Sterling,2002,13710,7573935
10125,75,99990,Unincorporated Logan County,2002,7038,7599990
10126,77,0,MESA COUNTY,2002,121787,7700000
10127,77,15605,Collbran,2002,622,7715605
10128,77,19355,De Beque,2002,467,7719355
10129,77,28745,Fruita,2002,7498,7728745
10130,77,31660,Grand Junction,2002,47395,7731660
10131,77,56970,Palisade,2002,2645,7756970
10132,77,99990,Unincorporated Mesa County,2002,63160,7799990
10133,79,0,MINERAL COUNTY,2002,805,7900000
10134,79,14765,City of Creede,2002,354,7914765
10135,79,99990,Unincorporated Mineral County,2002,451,7999990
10136,81,0,MOFFAT COUNTY,2002,13134,8100000
10137,81,17760,Craig,2002,9110,8117760
10138,81,20495,Dinosaur,2002,327,8120495
10139,81,99990,Unincorporated Moffat County,2002,3697,8199990
10140,83,0,MONTEZUMA COUNTY,2002,24109,8300000
10141,83,17375,Cortez,2002,8138,8317375
10142,83,20770,Dolores,2002,864,8320770
10143,83,48115,Mancos,2002,1131,8348115
10144,83,99990,Unincorporated Montezuma County,2002,13976,8399990
10145,85,0,MONTROSE COUNTY,2002,34926,8500000
10146,85,51745,Montrose,2002,13946,8551745
10147,85,53120,Naturita,2002,626,8553120
10148,85,54935,Nucla,2002,732,8554935
10149,85,55540,Olathe,2002,1674,8555540
10150,85,99990,Unincorporated Montrose County,2002,17948,8599990
10151,87,0,MORGAN COUNTY,2002,27662,8700000
10152,87,9555,Brush,2002,5230,8709555
10153,87,27810,Fort Morgan,2002,11182,8727810
10154,87,36610,Hillrose,2002,257,8736610
10155,87,45695,Log Lane Village,2002,989,8745695
10156,87,84770,Wiggins,2002,861,8784770
10157,87,99990,Unincorporated Morgan County,2002,9143,8799990
10158,89,0,OTERO COUNTY,2002,19624,8900000
10159,89,13460,Cheraw,2002,220,8913460
10160,89,27975,Fowler,2002,1181,8927975
10161,89,42110,La Junta,2002,7344,8942110
10162,89,48500,Manzanola,2002,493,8948500
10163,89,65190,Rocky Ford,2002,4131,8965190
10164,89,75970,Swink,2002,671,8975970
10165,89,99990,Unincorporated Otero County,2002,5584,8999990
10166,91,0,OURAY COUNTY,2002,3903,9100000
10167,91,56420,Ouray,2002,849,9156420
10168,91,64200,Ridgway,2002,728,9164200
10169,91,99990,Unincorporated Ouray County,2002,2326,9199990
10170,93,0,PARK COUNTY,2002,15417,9300000
10171,93,1530,Alma,2002,246,9301530
10172,93,25610,Fairplay,2002,647,9325610
10173,93,99990,Unincorporated Park County,2002,14524,9399990
10174,95,0,PHILLIPS COUNTY,2002,4496,9500000
10175,95,34960,Haxtun,2002,993,9534960
10176,95,37270,Holyoke,2002,2284,9537270
10177,95,57245,Paoli,2002,40,9557245
10178,95,99990,Unincorporated Phillips County,2002,1179,9599990
10179,97,0,PITKIN COUNTY,2002,16101,9700000
10180,97,3620,Aspen,2002,6364,9703620
10181,97,4935,Basalt (Part),2002,817,9704935
10182,97,71755,Snowmass Village,2002,2512,9771755
10183,97,99990,Unincorporated Pitkin County,2002,6408,9799990
10184,99,0,PROWERS COUNTY,2002,14011,9900000
10185,99,31550,Granada,2002,609,9931550
10186,99,34520,Hartman,2002,102,9934520
10187,99,37215,Holly,2002,1006,9937215
10188,99,43110,Lamar,2002,8605,9943110
10189,99,85045,Wiley,2002,462,9985045
10190,99,99990,Unincorporated Prowers County,2002,3227,9999990
10191,101,0,PUEBLO COUNTY,2002,146481,10100000
10192,101,7795,Boone,2002,331,10107795
10193,101,62000,Pueblo,2002,103553,10162000
10194,101,66895,Rye,2002,190,10166895
10195,101,99990,Unincorporated Pueblo County,2002,42407,10199990
10196,103,0,RIO BLANCO COUNTY,2002,5936,10300000
10197,103,49875,Meeker,2002,2221,10349875
10198,103,62880,Rangely,2002,2092,10362880
10199,103,99990,Unincorporated Rio Blanco County,2002,1623,10399990
10200,105,0,RIO GRANDE COUNTY,2002,12409,10500000
10201,105,12855,Center (Part),2002,49,10512855
10202,105,19795,Del Norte,2002,1835,10519795
10203,105,51635,Monte Vista,2002,4601,10551635
10204,105,72395,South Fork,2002,559,10572395
10205,105,99990,Unincorporated Rio Grande County,2002,5365,10599990
10206,107,0,ROUTT COUNTY,2002,20892,10700000
10207,107,35070,Hayden,2002,1646,10735070
10208,107,55155,Oak Creek,2002,855,10755155
10209,107,73825,Steamboat Springs,2002,10591,10773825
10210,107,86475,Yampa,2002,436,10786475
10211,107,99990,Unincorporated Routt County,2002,7364,10799990
10212,109,0,SAGUACHE COUNTY,2002,6245,10900000
10213,109,7571,Bonza City,2002,15,10907571
10214,109,12855,Center (Part),2002,2337,10912855
10215,109,18420,Crestone,2002,95,10918420
10216,109,51250,Moffat,2002,113,10951250
10217,109,67005,Saguache,2002,561,10967005
10218,109,99990,Unincorporated Saguache County,2002,3124,10999990
10219,111,0,SAN JUAN COUNTY,2002,599,11100000
10220,111,70580,Silverton,2002,566,11170580
10221,111,99990,Unincorporated San Juan County,2002,33,11199990
10222,113,0,SAN MIGUEL COUNTY,2002,7042,11300000
10223,113,52550,Mountain Village,2002,1160,11352550
10224,113,54880,Norwood,2002,479,11354880
10225,113,55870,Ophir,2002,121,11355870
10226,113,68655,Sawpit,2002,26,11368655
10227,113,76795,Telluride,2002,2342,11376795
10228,113,99990,Unincorporated San Miguel County,2002,2914,11399990
10229,115,0,SEDGWICK COUNTY,2002,2694,11500000
10230,115,39965,Julesburg,2002,1430,11539965
10231,115,56475,Ovid,2002,335,11556475
10232,115,68930,Sedgwick,2002,182,11568930
10233,115,99990,Unincorporated Sedgwick County,2002,747,11599990
10234,117,0,SUMMIT COUNTY,2002,26514,11700000
10235,117,7410,Blue River,2002,710,11707410
10236,117,8400,Breckenridge,2002,3284,11708400
10237,117,20440,Dillon,2002,821,11720440
10238,117,28690,Frisco,2002,2744,11728690
10239,117,40550,Keystone,2002,,11740555
10240,117,51690,Montezuma,2002,45,11751690
10241,117,70525,Silverthorne,2002,3639,11770525
10242,117,99990,Unincorporated Summit County,2002,15271,11799990
10243,119,0,TELLER COUNTY,2002,21989,11900000
10244,119,18530,Cripple Creek,2002,1135,11918530
10245,119,32650,Green Mountain Falls (Part),2002,42,11932650
10246,119,80865,Victor,2002,426,11980865
10247,119,86090,Woodland Park,2002,7086,11986090
10248,119,99990,Unincorporated Teller County,2002,13300,11999990
10249,121,0,WASHINGTON COUNTY,2002,5259,12100000
10250,121,925,Akron,2002,1898,12100925
10251,121,56365,Otis,2002,549,12156365
10252,121,99990,Unincorporated Washington County,2002,2812,12199990
10253,123,0,WELD COUNTY,2002,198975,12300000
10254,123,3950,Ault,2002,1414,12303950
10255,123,6255,Berthoud (Part),2002,53,12306255
10256,123,8675,Brighton (Part),2002,296,12308675
10257,123,19080,Dacono,2002,3157,12319080
10258,123,22860,Eaton,2002,3498,12322860
10259,123,24950,Erie (Part),2002,2373,12324950
10260,123,25280,Evans,2002,13454,12325280
10261,123,26600,Firestone,2002,4630,12326600
10262,123,27700,Fort Lupton,2002,7225,12327700
10263,123,28360,Frederick,2002,4619,12328360
10264,123,29185,Garden City,2002,311,12329185
10265,123,29955,Gilcrest,2002,1135,12329955
10266,123,32155,Greeley,2002,81774,12332155
10267,123,33310,Grover,2002,147,12333310
10268,123,37820,Hudson,2002,1578,12337820
10269,123,39855,Johnstown (Part),2002,5020,12339855
10270,123,40185,Keenesburg,2002,1076,12340185
10271,123,40515,Kersey,2002,1372,12340515
10272,123,43605,La Salle,2002,1775,12343605
10273,123,45530,Lochbuie (Part),2002,2794,12345530
10274,123,45970,Longmont (Part),2002,38,12345970
10275,123,49600,Mead,2002,2107,12349600
10276,123,50480,Milliken,2002,4034,12350480
10277,123,54330,Northglenn (Part),2002,12,12354330
10278,123,55045,Nunn,2002,476,12355045
10279,123,59005,Pierce,2002,854,12359005
10280,123,60160,Platteville,2002,2425,12360160
10281,123,63045,Raymer,2002,90,12363045
10282,123,69150,Severance,2002,971,12369150
10283,123,77290,Thornton (Part),2002,0,12377290
10284,123,77510,Timnath (Part),2002,,12377510
10285,123,85485,Windsor (Part),2002,10589,12385485
10286,123,99990,Unincorporated Weld County,2002,39678,12399990
10287,125,0,YUMA COUNTY,2002,9947,12500000
10288,125,23025,Eckley,2002,273,12523025
10289,125,86310,Wray,2002,2217,12586310
10290,125,86750,Yuma,2002,3432,12586750
10291,125,99990,Unincorporated Yuma County,2002,4025,12599990
10292,999,3455,Arvada (Total),2002,101913,99903455
10293,999,4000,Aurora (Total),2002,284051,99904000
10294,999,4935,Basalt (Total),2002,3074,99904935
10295,999,6090,Bennett (Total),2002,2107,99906090
10296,999,6255,Berthoud (Total),2002,5104,99906255
10297,999,8070,Bow Mar (Total),2002,830,99908070
10298,999,8675,Brighton (Total),2002,23569,99908675
10299,999,12855,Center (Total),2002,2386,99912855
10300,999,12910,Central City (Total),2002,510,99912910
10301,999,24950,Erie (Total),2002,8741,99924950
10302,999,32650,Green Mountain Falls (Total),2002,710,99932650
10303,999,39855,Johnstown (Total),2002,5256,99939855
10304,999,45255,Littleton (Total),2002,41509,99945255
10305,999,45530,Lochbuie (Total),2002,2798,99945530
10306,999,45970,Longmont (Total),2002,78222,99945970
10307,999,54330,Northglenn (Total),2002,35879,99954330
10308,999,75640,Superior (Total),2002,10553,99975640
10309,999,77290,Thornton (Total),2002,93138,99977290
10310,999,77510,Timnath (Total),2002,280,99977510
10311,999,83835,Westminster (Total),2002,103277,99983835
10312,999,85485,Windsor (Total),2002,11738,99985485
10313,0,0,COLORADO STATE,2003,4555084,0
10314,1,0,ADAMS COUNTY,2003,377665,100000
10315,1,3455,Arvada (Part),2003,2832,103455
10316,1,4000,Aurora (Part),2003,38740,104000
10317,1,6090,Bennett (Part),2003,1995,106090
10318,1,8675,Brighton (Part),2003,25456,108675
10319,1,16495,Commerce City,2003,24960,116495
10320,1,26270,Federal Heights,2003,11370,126270
10321,1,45530,Lochbuie (Part),2003,0,145530
10322,1,54330,Northglenn (Part),2003,35314,154330
10323,1,77290,Thornton (Part),2003,97102,177290
10324,1,83835,Westminster (Part),2003,59268,183835
10325,1,99990,Unincorporated Adams County,2003,80628,199990
10326,3,0,ALAMOSA COUNTY,2003,15360,300000
10327,3,1090,Alamosa,2003,8751,301090
10328,3,37380,Hooper,2003,117,337380
10329,3,99990,Unincorporated Alamosa County,2003,6492,399990
10330,5,0,ARAPAHOE COUNTY,2003,516354,500000
10331,5,4000,Aurora (Part),2003,247134,504000
10332,5,6090,Bennett (Part),2003,217,506090
10333,5,8070,Bow Mar (Part),2003,576,508070
10334,5,12815,Centennial,2003,98954,512815
10335,5,13845,Cherry Hills Village,2003,6039,513845
10336,5,16385,Columbine Valley,2003,1147,516385
10337,5,19630,Deer Trail,2003,570,519630
10338,5,24785,Englewood,2003,32498,524785
10339,5,28105,Foxfield,2003,689,528105
10340,5,30340,Glendale,2003,4647,530340
10341,5,33035,Greenwood Village,2003,12634,533035
10342,5,45255,Littleton (Part),2003,40023,545255
10343,5,69645,Sheridan,2003,5549,569645
10344,5,99990,Unincorporated Arapahoe County,2003,65677,599990
10345,7,0,ARCHULETA COUNTY,2003,10964,700000
10346,7,56860,Pagosa Springs,2003,1557,756860
10347,7,99990,Unincorporated Archuleta County,2003,9407,799990
10348,9,0,BACA COUNTY,2003,4258,900000
10349,9,11645,Campo,2003,136,911645
10350,9,61315,Pritchett,2003,137,961315
10351,9,73330,Springfield,2003,1522,973330
10352,9,79270,Two Buttes,2003,58,979270
10353,9,81030,Vilas,2003,111,981030
10354,9,82460,Walsh,2003,667,982460
10355,9,99990,Unincorporated Baca County,2003,1627,999990
10356,11,0,BENT COUNTY,2003,6653,1100000
10357,11,43660,Las Animas,2003,2857,1143660
10358,11,99990,Unincorporated Bent County,2003,3796,1199990
10359,13,0,BOULDER COUNTY,2003,282763,1300000
10360,13,7850,Boulder,2003,96618,1307850
10361,13,24950,Erie (Part),2003,6552,1324950
10362,13,39195,Jamestown,2003,287,1339195
10363,13,41835,Lafayette,2003,23467,1341835
10364,13,45970,Longmont (Part),2003,79101,1345970
10365,13,46355,Louisville,2003,18311,1346355
10366,13,47070,Lyons,2003,1618,1347070
10367,13,53175,Nederland,2003,1418,1353175
10368,13,75640,Superior (Part),2003,10957,1375640
10369,13,82735,Ward,2003,166,1382735
10370,13,99990,Unincorporated Boulder County,2003,44268,1399990
10371,14,0,BROOMFIELD COUNTY,2003,44960,1400000
10372,14,9280,Broomfield,2003,44960,1409280
10373,15,0,CHAFFEE COUNTY,2003,16794,1500000
10374,15,10105,Buena Vista,2003,2355,1510105
10375,15,60600,Poncha Springs,2003,607,1560600
10376,15,67280,Salida,2003,5306,1567280
10377,15,99990,Unincorporated Chaffee County,2003,8526,1599990
10378,17,0,CHEYENNE COUNTY,2003,2119,1700000
10379,17,14175,Cheyenne Wells,2003,967,1714175
10380,17,41010,Kit Carson,2003,248,1741010
10381,17,99990,Unincorporated Cheyenne County,2003,904,1799990
10382,19,0,CLEAR CREEK COUNTY,2003,9517,1900000
10383,19,12910,Central City (Part),2003,0,1912910
10384,19,24620,Empire,2003,378,1924620
10385,19,29735,Georgetown,2003,1104,1929735
10386,19,38370,Idaho Springs,2003,1895,1938370
10387,19,70360,Silver Plume,2003,199,1970360
10388,19,99990,Unincorporated Clear Creek County,2003,5941,1999990
10389,21,0,CONEJOS COUNTY,2003,8387,2100000
10390,21,2355,Antonito,2003,832,2102355
10391,21,42055,La Jara,2003,847,2142055
10392,21,48060,Massa,2003,1013,2148060
10393,21,65740,Romeo,2003,379,2165740
10394,21,67830,Sanford,2003,826,2167830
10395,21,99990,Unincorporated Conejos County,2003,4490,2199990
10396,23,0,COSTILLA COUNTY,2003,3800,2300000
10397,23,7190,Blanca,2003,413,2307190
10398,23,68105,San Luis,2003,744,2368105
10399,23,99990,Unincorporated Costilla County,2003,2643,2399990
10400,25,0,CROWLEY COUNTY,2003,5156,2500000
10401,25,18750,Crowley,2003,175,2518750
10402,25,55705,Olney Springs,2003,361,2555705
10403,25,56145,Ordway,2003,1150,2556145
10404,25,74815,Sugar City,2003,263,2574815
10405,25,99990,Unincorporated Crowley County,2003,3207,2599990
10406,27,0,CUSTER COUNTY,2003,3934,2700000
10407,27,70250,Silver Cliff,2003,615,2770250
10408,27,83450,Westcliffe,2003,454,2783450
10409,27,99990,Unincorporated Custer County,2003,2865,2799990
10410,29,0,DELTA COUNTY,2003,29061,2900000
10411,29,12635,Cedaredge,2003,1982,2912635
10412,29,17925,Crawford,2003,382,2917925
10413,29,19850,Delta,2003,8061,2919850
10414,29,37545,Hotchkiss,2003,987,2937545
10415,29,55980,Orchard City,2003,2917,2955980
10416,29,57300,Paonia,2003,1525,2957300
10417,29,99990,Unincorporated Delta County,2003,13207,2999990
10418,31,0,DENVER COUNTY,2003,560348,3100000
10419,31,20000,Denver,2003,560348,3120000
10420,33,0,DOLORES COUNTY,2003,1879,3300000
10421,33,21265,Dove Creek,2003,699,3321265
10422,33,64090,Rico,2003,228,3364090
10423,33,99990,Unincorporated Dolores County,2003,952,3399990
10424,35,0,DOUGLAS COUNTY,2003,221146,3500000
10425,35,4000,Aurora (Part),2003,0,3504000
10426,35,12387,Castle Pines,2003,8091,3512390
10427,35,12415,Castle Rock,2003,30258,3512415
10428,35,43550,Larkspur,2003,195,3543550
10429,35,45255,Littleton (Part),2003,67,3545255
10430,35,45955,Lone Tree,2003,8374,3545955
10431,35,57630,Parker,2003,34276,3557630
10432,35,99990,Unincorporated Douglas County,2003,139885,3599990
10433,37,0,EAGLE COUNTY,2003,45758,3700000
10434,37,4110,Avon,2003,6666,3704110
10435,37,4935,Basalt (Part),2003,2322,3704935
10436,37,22200,Eagle,2003,3486,3722200
10437,37,33695,Gypsum,2003,4700,3733695
10438,37,50920,Minturn,2003,1087,3750920
10439,37,63265,Red Cliff,2003,297,3763265
10440,37,80040,Vail,2003,4715,3780040
10441,37,99990,Unincorporated Eagle County,2003,22485,3799990
10442,39,0,ELBERT COUNTY,2003,21933,3900000
10443,39,23740,Elizabeth,2003,1480,3923740
10444,39,40790,Kiowa,2003,638,3940790
10445,39,70635,Simla,2003,676,3970635
10446,39,99990,Unincorporated Elbert County,2003,19139,3999990
10447,41,0,EL PASO COUNTY,2003,551668,4100000
10448,41,11260,Calhan,2003,844,4111260
10449,41,16000,Colorado Springs,2003,376080,4116000
10450,41,27865,Fountain,2003,17681,4127865
10451,41,32650,Green Mountain Falls (Part),2003,644,4132650
10452,41,48445,Manitou Springs,2003,4871,4148445
10453,41,51800,Monument,2003,3471,4151800
10454,41,57025,Palmer Lake,2003,2215,4157025
10455,41,62660,Ramah,2003,119,4162660
10456,41,99990,Unincorporated El Paso County,2003,145743,4199990
10457,43,0,FREMONT COUNTY,2003,46828,4300000
10458,43,9115,Brookside,2003,226,4309115
10459,43,11810,Canon City,2003,16119,4311810
10460,43,15330,Coal Creek,2003,365,4315330
10461,43,27040,Florence,2003,3814,4327040
10462,43,64970,Rockvale,2003,433,4364970
10463,43,85155,Williamsburg,2003,712,4385155
10464,43,99990,Unincorporated Fremont County,2003,25159,4399990
10465,45,0,GARFIELD COUNTY,2003,47484,4500000
10466,45,12030,Carbonate,2003,0,4512030
10467,45,12045,Carbondale,2003,5533,4512045
10468,45,30780,Glenwood Springs,2003,8523,4530780
10469,45,53395,New Castle,2003,2971,4553395
10470,45,57400,Parachute,2003,1011,4557400
10471,45,64255,Rifle,2003,7453,4564255
10472,45,70195,Silt,2003,2107,4570195
10473,45,99990,Unincorporated Garfield County,2003,19886,4599990
10474,47,0,GILPIN COUNTY,2003,4851,4700000
10475,47,7025,Black Hawk,2003,114,4707025
10476,47,12910,Central City (Part),2003,509,4712910
10477,47,99990,Unincorporated Gilpin County,2003,4228,4799990
10478,49,0,GRAND COUNTY,2003,13688,4900000
10479,49,28305,Fraser,2003,952,4928305
10480,49,31605,Granby,2003,2091,4931605
10481,49,31715,Grand Lake,2003,427,4931715
10482,49,37600,Hot Sulphur Springs,2003,546,4937600
10483,49,41560,Kremmling,2003,1553,4941560
10484,49,85705,Winter Park,2003,844,4985705
10485,49,99990,Unincorporated Grand County,2003,7275,4999990
10486,51,0,GUNNISON COUNTY,2003,14206,5100000
10487,51,18310,Crested Butte,2003,1467,5118310
10488,51,33640,Gunnison,2003,5498,5133640
10489,51,48555,Marble,2003,110,5148555
10490,51,52570,Mount Crested Butte,2003,748,5152570
10491,51,59830,Pitkin,2003,100,5159830
10492,51,99990,Unincorporated Gunnison County,2003,6283,5199990
10493,53,0,HINSDALE COUNTY,2003,784,5300000
10494,53,42330,Lake City,2003,382,5342330
10495,53,99990,Unincorporated Hinsdale County,2003,402,5399990
10496,55,0,HUERFANO COUNTY,2003,8042,5500000
10497,55,44100,La Veta,2003,878,5544100
10498,55,82350,Walsenburg,2003,4295,5582350
10499,55,99990,Unincorporated Huerfano County,2003,2869,5599990
10500,57,0,JACKSON COUNTY,2003,1586,5700000
10501,57,82130,Walden,2003,714,5782130
10502,57,99990,Unincorporated Jackson County,2003,872,5799990
10503,59,0,JEFFERSON COUNTY,2003,525429,5900000
10504,59,3455,Arvada (Part),2003,98847,5903455
10505,59,8070,Bow Mar (Part),2003,241,5908070
10506,59,23135,Edgewater,2003,5321,5923135
10507,59,30835,Golden,2003,17457,5930835
10508,59,42495,Lakeside,2003,15,5942495
10509,59,43000,Lakewood,2003,142260,5943000
10510,59,45255,Littleton (Part),2003,1469,5945255
10511,59,52075,Morrison,2003,424,5952075
10512,59,52350,Mountain View,2003,535,5952350
10513,59,75640,Superior (Part),2003,0,5975640
10514,59,83835,Westminster (Part),2003,44278,5983835
10515,59,84440,Wheat Ridge,2003,31338,5984440
10516,59,99990,Unincorporated Jefferson County,2003,183244,5999990
10517,61,0,KIOWA COUNTY,2003,1548,6100000
10518,61,22145,Eads,2003,705,6122145
10519,61,34740,Haswell,2003,79,6134740
10520,61,69700,Sheridan Lake,2003,74,6169700
10521,61,99990,Unincorporated Kiowa County,2003,690,6199990
10522,63,0,KIT CARSON COUNTY,2003,8185,6300000
10523,63,6530,Bethune,2003,227,6306530
10524,63,10600,Burlington,2003,3961,6310600
10525,63,26765,Flagler,2003,610,6326765
10526,63,69040,Seibert,2003,185,6369040
10527,63,74485,Stratton,2003,663,6374485
10528,63,81690,Vona,2003,97,6381690
10529,63,99990,Unincorporated Kit Carson County,2003,2442,6399990
10530,65,0,LAKE COUNTY,2003,7520,6500000
10531,65,44320,Leadville,2003,2649,6544320
10532,65,99990,Unincorporated Lake County,2003,4871,6599990
10533,67,0,LA PLATA COUNTY,2003,46447,6700000
10534,67,5265,Bayfield,2003,1758,6705265
10535,67,22035,Durango,2003,15438,6722035
10536,67,38535,Ignacio,2003,792,6738535
10537,67,99990,Unincorporated La Plata County,2003,28459,6799990
10538,69,0,LARIMER COUNTY,2003,268146,6900000
10539,69,6255,Berthoud (Part),2003,4939,6906255
10540,69,25115,Estes Park,2003,5583,6925115
10541,69,27425,Fort Collins,2003,128517,6927425
10542,69,39855,Johnstown (Part),2003,220,6939855
10543,69,46465,Loveland,2003,57425,6946465
10544,69,77510,Timnath (Part),2003,273,6977510
10545,69,83230,Wellington,2003,3624,6983230
10546,69,85485,Windsor (Part),2003,1326,6985485
10547,69,99990,Unincorporated Larimer County,2003,66239,6999990
10548,71,0,LAS ANIMAS COUNTY,2003,16089,7100000
10549,71,760,Aguilar,2003,588,7100760
10550,71,8345,Branson,2003,78,7108345
10551,71,15550,Cokedale,2003,138,7115550
10552,71,40570,Kim,2003,69,7140570
10553,71,73715,Starkville,2003,102,7173715
10554,71,78610,Trinidad,2003,9318,7178610
10555,71,99990,Unincorporated Las Animas County,2003,5796,7199990
10556,73,0,LINCOLN COUNTY,2003,6052,7300000
10557,73,3235,Arriba,2003,234,7303235
10558,73,29680,Genoa,2003,191,7329680
10559,73,37875,Hugo,2003,842,7337875
10560,73,44980,Limon,2003,2111,7344980
10561,73,99990,Unincorporated Lincoln County,2003,2674,7399990
10562,75,0,LOGAN COUNTY,2003,22371,7500000
10563,75,18640,Crook,2003,131,7518640
10564,75,26875,Fleming,2003,459,7526875
10565,75,38590,Iliff,2003,238,7538590
10566,75,50040,Merino,2003,294,7550040
10567,75,58235,Peetz,2003,233,7558235
10568,75,73935,Sterling,2003,13816,7573935
10569,75,99990,Unincorporated Logan County,2003,7200,7599990
10570,77,0,MESA COUNTY,2003,124152,7700000
10571,77,15605,Collbran,2003,630,7715605
10572,77,19355,De Beque,2003,463,7719355
10573,77,28745,Fruita,2003,7990,7728745
10574,77,31660,Grand Junction,2003,48606,7731660
10575,77,56970,Palisade,2003,2675,7756970
10576,77,99990,Unincorporated Mesa County,2003,63788,7799990
10577,79,0,MINERAL COUNTY,2003,830,7900000
10578,79,14765,City of Creede,2003,361,7914765
10579,79,99990,Unincorporated Mineral County,2003,469,7999990
10580,81,0,MOFFAT COUNTY,2003,13054,8100000
10581,81,17760,Craig,2003,9012,8117760
10582,81,20495,Dinosaur,2003,324,8120495
10583,81,99990,Unincorporated Moffat County,2003,3718,8199990
10584,83,0,MONTEZUMA COUNTY,2003,24378,8300000
10585,83,17375,Cortez,2003,8221,8317375
10586,83,20770,Dolores,2003,879,8320770
10587,83,48115,Mancos,2003,1149,8348115
10588,83,99990,Unincorporated Montezuma County,2003,14129,8399990
10589,85,0,MONTROSE COUNTY,2003,35640,8500000
10590,85,51745,Montrose,2003,14622,8551745
10591,85,53120,Naturita,2003,615,8553120
10592,85,54935,Nucla,2003,725,8554935
10593,85,55540,Olathe,2003,1695,8555540
10594,85,99990,Unincorporated Montrose County,2003,17983,8599990
10595,87,0,MORGAN COUNTY,2003,27855,8700000
10596,87,9555,Brush,2003,5260,8709555
10597,87,27810,Fort Morgan,2003,11211,8727810
10598,87,36610,Hillrose,2003,259,8736610
10599,87,45695,Log Lane Village,2003,977,8745695
10600,87,84770,Wiggins,2003,911,8784770
10601,87,99990,Unincorporated Morgan County,2003,9237,8799990
10602,89,0,OTERO COUNTY,2003,19667,8900000
10603,89,13460,Cheraw,2003,221,8913460
10604,89,27975,Fowler,2003,1191,8927975
10605,89,42110,La Junta,2003,7360,8942110
10606,89,48500,Manzanola,2003,490,8948500
10607,89,65190,Rocky Ford,2003,4134,8965190
10608,89,75970,Swink,2003,676,8975970
10609,89,99990,Unincorporated Otero County,2003,5595,8999990
10610,91,0,OURAY COUNTY,2003,3905,9100000
10611,91,56420,Ouray,2003,860,9156420
10612,91,64200,Ridgway,2003,728,9164200
10613,91,99990,Unincorporated Ouray County,2003,2317,9199990
10614,93,0,PARK COUNTY,2003,15789,9300000
10615,93,1530,Alma,2003,257,9301530
10616,93,25610,Fairplay,2003,661,9325610
10617,93,99990,Unincorporated Park County,2003,14871,9399990
10618,95,0,PHILLIPS COUNTY,2003,4477,9500000
10619,95,34960,Haxtun,2003,983,9534960
10620,95,37270,Holyoke,2003,2276,9537270
10621,95,57245,Paoli,2003,40,9557245
10622,95,99990,Unincorporated Phillips County,2003,1178,9599990
10623,97,0,PITKIN COUNTY,2003,16275,9700000
10624,97,3620,Aspen,2003,6418,9703620
10625,97,4935,Basalt (Part),2003,845,9704935
10626,97,71755,Snowmass Village,2003,2506,9771755
10627,97,99990,Unincorporated Pitkin County,2003,6506,9799990
10628,99,0,PROWERS COUNTY,2003,13822,9900000
10629,99,31550,Granada,2003,593,9931550
10630,99,34520,Hartman,2003,101,9934520
10631,99,37215,Holly,2003,992,9937215
10632,99,43110,Lamar,2003,8504,9943110
10633,99,85045,Wiley,2003,453,9985045
10634,99,99990,Unincorporated Prowers County,2003,3179,9999990
10635,101,0,PUEBLO COUNTY,2003,147972,10100000
10636,101,7795,Boone,2003,329,10107795
10637,101,62000,Pueblo,2003,103803,10162000
10638,101,66895,Rye,2003,184,10166895
10639,101,99990,Unincorporated Pueblo County,2003,43656,10199990
10640,103,0,RIO BLANCO COUNTY,2003,5855,10300000
10641,103,49875,Meeker,2003,2188,10349875
10642,103,62880,Rangely,2003,2059,10362880
10643,103,99990,Unincorporated Rio Blanco County,2003,1608,10399990
10644,105,0,RIO GRANDE COUNTY,2003,12619,10500000
10645,105,12855,Center (Part),2003,59,10512855
10646,105,19795,Del Norte,2003,1846,10519795
10647,105,51635,Monte Vista,2003,4676,10551635
10648,105,72395,South Fork,2003,551,10572395
10649,105,99990,Unincorporated Rio Grande County,2003,5487,10599990
10650,107,0,ROUTT COUNTY,2003,21128,10700000
10651,107,35070,Hayden,2003,1655,10735070
10652,107,55155,Oak Creek,2003,849,10755155
10653,107,73825,Steamboat Springs,2003,10755,10773825
10654,107,86475,Yampa,2003,432,10786475
10655,107,99990,Unincorporated Routt County,2003,7437,10799990
10656,109,0,SAGUACHE COUNTY,2003,6279,10900000
10657,109,7571,Bonza City,2003,15,10907571
10658,109,12855,Center (Part),2003,2310,10912855
10659,109,18420,Crestone,2003,101,10918420
10660,109,51250,Moffat,2003,114,10951250
10661,109,67005,Saguache,2003,550,10967005
10662,109,99990,Unincorporated Saguache County,2003,3189,10999990
10663,111,0,SAN JUAN COUNTY,2003,615,11100000
10664,111,70580,Silverton,2003,579,11170580
10665,111,99990,Unincorporated San Juan County,2003,36,11199990
10666,113,0,SAN MIGUEL COUNTY,2003,7010,11300000
10667,113,52550,Mountain Village,2003,1151,11352550
10668,113,54880,Norwood,2003,473,11354880
10669,113,55870,Ophir,2003,125,11355870
10670,113,68655,Sawpit,2003,33,11368655
10671,113,76795,Telluride,2003,2279,11376795
10672,113,99990,Unincorporated San Miguel County,2003,2949,11399990
10673,115,0,SEDGWICK COUNTY,2003,2715,11500000
10674,115,39965,Julesburg,2003,1437,11539965
10675,115,56475,Ovid,2003,344,11556475
10676,115,68930,Sedgwick,2003,179,11568930
10677,115,99990,Unincorporated Sedgwick County,2003,755,11599990
10678,117,0,SUMMIT COUNTY,2003,26706,11700000
10679,117,7410,Blue River,2003,737,11707410
10680,117,8400,Breckenridge,2003,3364,11708400
10681,117,20440,Dillon,2003,820,11720440
10682,117,28690,Frisco,2003,2782,11728690
10683,117,40550,Keystone,2003,,11740555
10684,117,51690,Montezuma,2003,45,11751690
10685,117,70525,Silverthorne,2003,3684,11770525
10686,117,99990,Unincorporated Summit County,2003,15274,11799990
10687,119,0,TELLER COUNTY,2003,22218,11900000
10688,119,18530,Cripple Creek,2003,1143,11918530
10689,119,32650,Green Mountain Falls (Part),2003,41,11932650
10690,119,80865,Victor,2003,419,11980865
10691,119,86090,Woodland Park,2003,7011,11986090
10692,119,99990,Unincorporated Teller County,2003,13604,11999990
10693,121,0,WASHINGTON COUNTY,2003,5140,12100000
10694,121,925,Akron,2003,1843,12100925
10695,121,56365,Otis,2003,533,12156365
10696,121,99990,Unincorporated Washington County,2003,2764,12199990
10697,123,0,WELD COUNTY,2003,207157,12300000
10698,123,3950,Ault,2003,1412,12303950
10699,123,6255,Berthoud (Part),2003,51,12306255
10700,123,8675,Brighton (Part),2003,302,12308675
10701,123,19080,Dacono,2003,3250,12319080
10702,123,22860,Eaton,2003,3687,12322860
10703,123,24950,Erie (Part),2003,3007,12324950
10704,123,25280,Evans,2003,14835,12325280
10705,123,26600,Firestone,2003,5636,12326600
10706,123,27700,Fort Lupton,2003,7172,12327700
10707,123,28360,Frederick,2003,5282,12328360
10708,123,29185,Garden City,2003,295,12329185
10709,123,29955,Gilcrest,2003,1110,12329955
10710,123,32155,Greeley,2003,83478,12332155
10711,123,33310,Grover,2003,144,12333310
10712,123,37820,Hudson,2003,1553,12337820
10713,123,39855,Johnstown (Part),2003,5732,12339855
10714,123,40185,Keenesburg,2003,1103,12340185
10715,123,40515,Kersey,2003,1372,12340515
10716,123,43605,La Salle,2003,1775,12343605
10717,123,45530,Lochbuie (Part),2003,3016,12345530
10718,123,45970,Longmont (Part),2003,34,12345970
10719,123,49600,Mead,2003,2157,12349600
10720,123,50480,Milliken,2003,4637,12350480
10721,123,54330,Northglenn (Part),2003,11,12354330
10722,123,55045,Nunn,2003,474,12355045
10723,123,59005,Pierce,2003,856,12359005
10724,123,60160,Platteville,2003,2432,12360160
10725,123,63045,Raymer,2003,90,12363045
10726,123,69150,Severance,2003,1293,12369150
10727,123,77290,Thornton (Part),2003,0,12377290
10728,123,77510,Timnath (Part),2003,,12377510
10729,123,85485,Windsor (Part),2003,10935,12385485
10730,123,99990,Unincorporated Weld County,2003,40026,12399990
10731,125,0,YUMA COUNTY,2003,10093,12500000
10732,125,23025,Eckley,2003,275,12523025
10733,125,86310,Wray,2003,2251,12586310
10734,125,86750,Yuma,2003,3505,12586750
10735,125,99990,Unincorporated Yuma County,2003,4062,12599990
10736,999,3455,Arvada (Total),2003,101679,99903455
10737,999,4000,Aurora (Total),2003,285874,99904000
10738,999,4935,Basalt (Total),2003,3167,99904935
10739,999,6090,Bennett (Total),2003,2212,99906090
10740,999,6255,Berthoud (Total),2003,4990,99906255
10741,999,8070,Bow Mar (Total),2003,817,99908070
10742,999,8675,Brighton (Total),2003,25758,99908675
10743,999,12855,Center (Total),2003,2369,99912855
10744,999,12910,Central City (Total),2003,509,99912910
10745,999,24950,Erie (Total),2003,9559,99924950
10746,999,32650,Green Mountain Falls (Total),2003,685,99932650
10747,999,39855,Johnstown (Total),2003,5952,99939855
10748,999,45255,Littleton (Total),2003,41559,99945255
10749,999,45530,Lochbuie (Total),2003,3016,99945530
10750,999,45970,Longmont (Total),2003,79135,99945970
10751,999,54330,Northglenn (Total),2003,35325,99954330
10752,999,75640,Superior (Total),2003,10957,99975640
10753,999,77290,Thornton (Total),2003,97102,99977290
10754,999,77510,Timnath (Total),2003,273,99977510
10755,999,83835,Westminster (Total),2003,103546,99983835
10756,999,85485,Windsor (Total),2003,12261,99985485
10757,0,0,COLORADO STATE,2004,4608811,0
10758,1,0,ADAMS COUNTY,2004,385945,100000
10759,1,3455,Arvada (Part),2004,2783,103455
10760,1,4000,Aurora (Part),2004,38683,104000
10761,1,6090,Bennett (Part),2004,1952,106090
10762,1,8675,Brighton (Part),2004,26516,108675
10763,1,16495,Commerce City,2004,29348,116495
10764,1,26270,Federal Heights,2004,11178,126270
10765,1,45530,Lochbuie (Part),2004,0,145530
10766,1,54330,Northglenn (Part),2004,34824,154330
10767,1,77290,Thornton (Part),2004,100493,177290
10768,1,83835,Westminster (Part),2004,59443,183835
10769,1,99990,Unincorporated Adams County,2004,80725,199990
10770,3,0,ALAMOSA COUNTY,2004,15406,300000
10771,3,1090,Alamosa,2004,8812,301090
10772,3,37380,Hooper,2004,114,337380
10773,3,99990,Unincorporated Alamosa County,2004,6480,399990
10774,5,0,ARAPAHOE COUNTY,2004,523715,500000
10775,5,4000,Aurora (Part),2004,251550,504000
10776,5,6090,Bennett (Part),2004,298,506090
10777,5,8070,Bow Mar (Part),2004,576,508070
10778,5,12815,Centennial,2004,98807,512815
10779,5,13845,Cherry Hills Village,2004,6022,513845
10780,5,16385,Columbine Valley,2004,1169,516385
10781,5,19630,Deer Trail,2004,565,519630
10782,5,24785,Englewood,2004,32175,524785
10783,5,28105,Foxfield,2004,686,528105
10784,5,30340,Glendale,2004,4571,530340
10785,5,33035,Greenwood Village,2004,12541,533035
10786,5,45255,Littleton (Part),2004,39871,545255
10787,5,69645,Sheridan,2004,5571,569645
10788,5,99990,Unincorporated Arapahoe County,2004,69313,599990
10789,7,0,ARCHULETA COUNTY,2004,11171,700000
10790,7,56860,Pagosa Springs,2004,1557,756860
10791,7,99990,Unincorporated Archuleta County,2004,9614,799990
10792,9,0,BACA COUNTY,2004,4166,900000
10793,9,11645,Campo,2004,132,911645
10794,9,61315,Pritchett,2004,137,961315
10795,9,73330,Springfield,2004,1502,973330
10796,9,79270,Two Buttes,2004,57,979270
10797,9,81030,Vilas,2004,112,981030
10798,9,82460,Walsh,2004,652,982460
10799,9,99990,Unincorporated Baca County,2004,1574,999990
10800,11,0,BENT COUNTY,2004,6357,1100000
10801,11,43660,Las Animas,2004,2662,1143660
10802,11,99990,Unincorporated Bent County,2004,3695,1199990
10803,13,0,BOULDER COUNTY,2004,283288,1300000
10804,13,7850,Boulder,2004,95672,1307850
10805,13,24950,Erie (Part),2004,6758,1324950
10806,13,39195,Jamestown,2004,287,1339195
10807,13,41835,Lafayette,2004,23515,1341835
10808,13,45970,Longmont (Part),2004,80595,1345970
10809,13,46355,Louisville,2004,18313,1346355
10810,13,47070,Lyons,2004,1621,1347070
10811,13,53175,Nederland,2004,1422,1353175
10812,13,75640,Superior (Part),2004,11158,1375640
10813,13,82735,Ward,2004,163,1382735
10814,13,99990,Unincorporated Boulder County,2004,43784,1399990
10815,14,0,BROOMFIELD COUNTY,2004,46406,1400000
10816,14,9280,Broomfield,2004,46406,1409280
10817,15,0,CHAFFEE COUNTY,2004,16946,1500000
10818,15,10105,Buena Vista,2004,2397,1510105
10819,15,60600,Poncha Springs,2004,628,1560600
10820,15,67280,Salida,2004,5252,1567280
10821,15,99990,Unincorporated Chaffee County,2004,8669,1599990
10822,17,0,CHEYENNE COUNTY,2004,2070,1700000
10823,17,14175,Cheyenne Wells,2004,943,1714175
10824,17,41010,Kit Carson,2004,247,1741010
10825,17,99990,Unincorporated Cheyenne County,2004,880,1799990
10826,19,0,CLEAR CREEK COUNTY,2004,9461,1900000
10827,19,12910,Central City (Part),2004,0,1912910
10828,19,24620,Empire,2004,370,1924620
10829,19,29735,Georgetown,2004,1094,1929735
10830,19,38370,Idaho Springs,2004,1864,1938370
10831,19,70360,Silver Plume,2004,193,1970360
10832,19,99990,Unincorporated Clear Creek County,2004,5940,1999990
10833,21,0,CONEJOS COUNTY,2004,8501,2100000
10834,21,2355,Antonito,2004,835,2102355
10835,21,42055,La Jara,2004,849,2142055
10836,21,48060,Massa,2004,1022,2148060
10837,21,65740,Romeo,2004,420,2165740
10838,21,67830,Sanford,2004,844,2167830
10839,21,99990,Unincorporated Conejos County,2004,4531,2199990
10840,23,0,COSTILLA COUNTY,2004,3802,2300000
10841,23,7190,Blanca,2004,414,2307190
10842,23,68105,San Luis,2004,738,2368105
10843,23,99990,Unincorporated Costilla County,2004,2650,2399990
10844,25,0,CROWLEY COUNTY,2004,5432,2500000
10845,25,18750,Crowley,2004,176,2518750
10846,25,55705,Olney Springs,2004,362,2555705
10847,25,56145,Ordway,2004,1149,2556145
10848,25,74815,Sugar City,2004,265,2574815
10849,25,99990,Unincorporated Crowley County,2004,3480,2599990
10850,27,0,CUSTER COUNTY,2004,3984,2700000
10851,27,70250,Silver Cliff,2004,625,2770250
10852,27,83450,Westcliffe,2004,459,2783450
10853,27,99990,Unincorporated Custer County,2004,2900,2799990
10854,29,0,DELTA COUNTY,2004,29453,2900000
10855,29,12635,Cedaredge,2004,2054,2912635
10856,29,17925,Crawford,2004,390,2917925
10857,29,19850,Delta,2004,8096,2919850
10858,29,37545,Hotchkiss,2004,979,2937545
10859,29,55980,Orchard City,2004,2942,2955980
10860,29,57300,Paonia,2004,1509,2957300
10861,29,99990,Unincorporated Delta County,2004,13483,2999990
10862,31,0,DENVER COUNTY,2004,560230,3100000
10863,31,20000,Denver,2004,560230,3120000
10864,33,0,DOLORES COUNTY,2004,1873,3300000
10865,33,21265,Dove Creek,2004,693,3321265
10866,33,64090,Rico,2004,231,3364090
10867,33,99990,Unincorporated Dolores County,2004,949,3399990
10868,35,0,DOUGLAS COUNTY,2004,233646,3500000
10869,35,4000,Aurora (Part),2004,0,3504000
10870,35,12387,Castle Pines,2004,8820,3512390
10871,35,12415,Castle Rock,2004,33554,3512415
10872,35,43550,Larkspur,2004,193,3543550
10873,35,45255,Littleton (Part),2004,58,3545255
10874,35,45955,Lone Tree,2004,8570,3545955
10875,35,57630,Parker,2004,36683,3557630
10876,35,99990,Unincorporated Douglas County,2004,145768,3599990
10877,37,0,EAGLE COUNTY,2004,46485,3700000
10878,37,4110,Avon,2004,6647,3704110
10879,37,4935,Basalt (Part),2004,2418,3704935
10880,37,22200,Eagle,2004,3769,3722200
10881,37,33695,Gypsum,2004,4880,3733695
10882,37,50920,Minturn,2004,1077,3750920
10883,37,63265,Red Cliff,2004,300,3763265
10884,37,80040,Vail,2004,4685,3780040
10885,37,99990,Unincorporated Eagle County,2004,22709,3799990
10886,39,0,ELBERT COUNTY,2004,22041,3900000
10887,39,23740,Elizabeth,2004,1465,3923740
10888,39,40790,Kiowa,2004,648,3940790
10889,39,70635,Simla,2004,686,3970635
10890,39,99990,Unincorporated Elbert County,2004,19242,3999990
10891,41,0,EL PASO COUNTY,2004,558455,4100000
10892,41,11260,Calhan,2004,822,4111260
10893,41,16000,Colorado Springs,2004,379866,4116000
10894,41,27865,Fountain,2004,18453,4127865
10895,41,32650,Green Mountain Falls (Part),2004,628,4132650
10896,41,48445,Manitou Springs,2004,4825,4148445
10897,41,51800,Monument,2004,3868,4151800
10898,41,57025,Palmer Lake,2004,2218,4157025
10899,41,62660,Ramah,2004,117,4162660
10900,41,99990,Unincorporated El Paso County,2004,147658,4199990
10901,43,0,FREMONT COUNTY,2004,46540,4300000
10902,43,9115,Brookside,2004,222,4309115
10903,43,11810,Canon City,2004,16077,4311810
10904,43,15330,Coal Creek,2004,363,4315330
10905,43,27040,Florence,2004,3775,4327040
10906,43,64970,Rockvale,2004,434,4364970
10907,43,85155,Williamsburg,2004,695,4385155
10908,43,99990,Unincorporated Fremont County,2004,24974,4399990
10909,45,0,GARFIELD COUNTY,2004,48156,4500000
10910,45,12030,Carbonate,2004,0,4512030
10911,45,12045,Carbondale,2004,5542,4512045
10912,45,30780,Glenwood Springs,2004,8651,4530780
10913,45,53395,New Castle,2004,3176,4553395
10914,45,57400,Parachute,2004,1010,4557400
10915,45,64255,Rifle,2004,7604,4564255
10916,45,70195,Silt,2004,2190,4570195
10917,45,99990,Unincorporated Garfield County,2004,19983,4599990
10918,47,0,GILPIN COUNTY,2004,4825,4700000
10919,47,7025,Black Hawk,2004,110,4707025
10920,47,12910,Central City (Part),2004,499,4712910
10921,47,99990,Unincorporated Gilpin County,2004,4216,4799990
10922,49,0,GRAND COUNTY,2004,13912,4900000
10923,49,28305,Fraser,2004,974,4928305
10924,49,31605,Granby,2004,2268,4931605
10925,49,31715,Grand Lake,2004,423,4931715
10926,49,37600,Hot Sulphur Springs,2004,584,4937600
10927,49,41560,Kremmling,2004,1545,4941560
10928,49,85705,Winter Park,2004,835,4985705
10929,49,99990,Unincorporated Grand County,2004,7283,4999990
10930,51,0,GUNNISON COUNTY,2004,14230,5100000
10931,51,18310,Crested Butte,2004,1466,5118310
10932,51,33640,Gunnison,2004,5433,5133640
10933,51,48555,Marble,2004,114,5148555
10934,51,52570,Mount Crested Butte,2004,745,5152570
10935,51,59830,Pitkin,2004,95,5159830
10936,51,99990,Unincorporated Gunnison County,2004,6377,5199990
10937,53,0,HINSDALE COUNTY,2004,831,5300000
10938,53,42330,Lake City,2004,410,5342330
10939,53,99990,Unincorporated Hinsdale County,2004,421,5399990
10940,55,0,HUERFANO COUNTY,2004,7729,5500000
10941,55,44100,La Veta,2004,840,5544100
10942,55,82350,Walsenburg,2004,4093,5582350
10943,55,99990,Unincorporated Huerfano County,2004,2796,5599990
10944,57,0,JACKSON COUNTY,2004,1521,5700000
10945,57,82130,Walden,2004,679,5782130
10946,57,99990,Unincorporated Jackson County,2004,842,5799990
10947,59,0,JEFFERSON COUNTY,2004,524876,5900000
10948,59,3455,Arvada (Part),2004,98822,5903455
10949,59,8070,Bow Mar (Part),2004,243,5908070
10950,59,23135,Edgewater,2004,5267,5923135
10951,59,30835,Golden,2004,17531,5930835
10952,59,42495,Lakeside,2004,14,5942495
10953,59,43000,Lakewood,2004,142398,5943000
10954,59,45255,Littleton (Part),2004,1663,5945255
10955,59,52075,Morrison,2004,425,5952075
10956,59,52350,Mountain View,2004,529,5952350
10957,59,75640,Superior (Part),2004,0,5975640
10958,59,83835,Westminster (Part),2004,44237,5983835
10959,59,84440,Wheat Ridge,2004,31068,5984440
10960,59,99990,Unincorporated Jefferson County,2004,182679,5999990
10961,61,0,KIOWA COUNTY,2004,1523,6100000
10962,61,22145,Eads,2004,690,6122145
10963,61,34740,Haswell,2004,78,6134740
10964,61,69700,Sheridan Lake,2004,76,6169700
10965,61,99990,Unincorporated Kiowa County,2004,679,6199990
10966,63,0,KIT CARSON COUNTY,2004,8257,6300000
10967,63,6530,Bethune,2004,225,6306530
10968,63,10600,Burlington,2004,4105,6310600
10969,63,26765,Flagler,2004,597,6326765
10970,63,69040,Seibert,2004,183,6369040
10971,63,74485,Stratton,2004,656,6374485
10972,63,81690,Vona,2004,97,6381690
10973,63,99990,Unincorporated Kit Carson County,2004,2394,6399990
10974,65,0,LAKE COUNTY,2004,7416,6500000
10975,65,44320,Leadville,2004,2587,6544320
10976,65,99990,Unincorporated Lake County,2004,4829,6599990
10977,67,0,LA PLATA COUNTY,2004,46926,6700000
10978,67,5265,Bayfield,2004,1786,6705265
10979,67,22035,Durango,2004,15803,6722035
10980,67,38535,Ignacio,2004,771,6738535
10981,67,99990,Unincorporated La Plata County,2004,28566,6799990
10982,69,0,LARIMER COUNTY,2004,273269,6900000
10983,69,6255,Berthoud (Part),2004,4893,6906255
10984,69,25115,Estes Park,2004,5668,6925115
10985,69,27425,Fort Collins,2004,131456,6927425
10986,69,39855,Johnstown (Part),2004,210,6939855
10987,69,46465,Loveland,2004,59181,6946465
10988,69,77510,Timnath (Part),2004,271,6977510
10989,69,83230,Wellington,2004,4142,6983230
10990,69,85485,Windsor (Part),2004,1664,6985485
10991,69,99990,Unincorporated Larimer County,2004,65784,6999990
10992,71,0,LAS ANIMAS COUNTY,2004,15700,7100000
10993,71,760,Aguilar,2004,568,7100760
10994,71,8345,Branson,2004,76,7108345
10995,71,15550,Cokedale,2004,136,7115550
10996,71,40570,Kim,2004,68,7140570
10997,71,73715,Starkville,2004,91,7173715
10998,71,78610,Trinidad,2004,9096,7178610
10999,71,99990,Unincorporated Las Animas County,2004,5665,7199990
11000,73,0,LINCOLN COUNTY,2004,5907,7300000
11001,73,3235,Arriba,2004,223,7303235
11002,73,29680,Genoa,2004,180,7329680
11003,73,37875,Hugo,2004,807,7337875
11004,73,44980,Limon,2004,2070,7344980
11005,73,99990,Unincorporated Lincoln County,2004,2627,7399990
11006,75,0,LOGAN COUNTY,2004,22181,7500000
11007,75,18640,Crook,2004,126,7518640
11008,75,26875,Fleming,2004,453,7526875
11009,75,38590,Iliff,2004,239,7538590
11010,75,50040,Merino,2004,301,7550040
11011,75,58235,Peetz,2004,228,7558235
11012,75,73935,Sterling,2004,13666,7573935
11013,75,99990,Unincorporated Logan County,2004,7168,7599990
11014,77,0,MESA COUNTY,2004,126626,7700000
11015,77,15605,Collbran,2004,641,7715605
11016,77,19355,De Beque,2004,477,7719355
11017,77,28745,Fruita,2004,8841,7728745
11018,77,31660,Grand Junction,2004,50103,7731660
11019,77,56970,Palisade,2004,2712,7756970
11020,77,99990,Unincorporated Mesa County,2004,63852,7799990
11021,79,0,MINERAL COUNTY,2004,842,7900000
11022,79,14765,City of Creede,2004,362,7914765
11023,79,99990,Unincorporated Mineral County,2004,480,7999990
11024,81,0,MOFFAT COUNTY,2004,13063,8100000
11025,81,17760,Craig,2004,9031,8117760
11026,81,20495,Dinosaur,2004,324,8120495
11027,81,99990,Unincorporated Moffat County,2004,3708,8199990
11028,83,0,MONTEZUMA COUNTY,2004,24607,8300000
11029,83,17375,Cortez,2004,8279,8317375
11030,83,20770,Dolores,2004,887,8320770
11031,83,48115,Mancos,2004,1174,8348115
11032,83,99990,Unincorporated Montezuma County,2004,14267,8399990
11033,85,0,MONTROSE COUNTY,2004,36131,8500000
11034,85,51745,Montrose,2004,15083,8551745
11035,85,53120,Naturita,2004,602,8553120
11036,85,54935,Nucla,2004,718,8554935
11037,85,55540,Olathe,2004,1719,8555540
11038,85,99990,Unincorporated Montrose County,2004,18009,8599990
11039,87,0,MORGAN COUNTY,2004,27912,8700000
11040,87,9555,Brush,2004,5274,8709555
11041,87,27810,Fort Morgan,2004,11206,8727810
11042,87,36610,Hillrose,2004,261,8736610
11043,87,45695,Log Lane Village,2004,957,8745695
11044,87,84770,Wiggins,2004,927,8784770
11045,87,99990,Unincorporated Morgan County,2004,9287,8799990
11046,89,0,OTERO COUNTY,2004,19561,8900000
11047,89,13460,Cheraw,2004,225,8913460
11048,89,27975,Fowler,2004,1187,8927975
11049,89,42110,La Junta,2004,7303,8942110
11050,89,48500,Manzanola,2004,481,8948500
11051,89,65190,Rocky Ford,2004,4154,8965190
11052,89,75970,Swink,2004,669,8975970
11053,89,99990,Unincorporated Otero County,2004,5542,8999990
11054,91,0,OURAY COUNTY,2004,4023,9100000
11055,91,56420,Ouray,2004,883,9156420
11056,91,64200,Ridgway,2004,760,9164200
11057,91,99990,Unincorporated Ouray County,2004,2380,9199990
11058,93,0,PARK COUNTY,2004,15913,9300000
11059,93,1530,Alma,2004,264,9301530
11060,93,25610,Fairplay,2004,664,9325610
11061,93,99990,Unincorporated Park County,2004,14985,9399990
11062,95,0,PHILLIPS COUNTY,2004,4580,9500000
11063,95,34960,Haxtun,2004,1001,9534960
11064,95,37270,Holyoke,2004,2340,9537270
11065,95,57245,Paoli,2004,40,9557245
11066,95,99990,Unincorporated Phillips County,2004,1199,9599990
11067,97,0,PITKIN COUNTY,2004,16077,9700000
11068,97,3620,Aspen,2004,6365,9703620
11069,97,4935,Basalt (Part),2004,863,9704935
11070,97,71755,Snowmass Village,2004,2405,9771755
11071,97,99990,Unincorporated Pitkin County,2004,6444,9799990
11072,99,0,PROWERS COUNTY,2004,13656,9900000
11073,99,31550,Granada,2004,582,9931550
11074,99,34520,Hartman,2004,98,9934520
11075,99,37215,Holly,2004,975,9937215
11076,99,43110,Lamar,2004,8409,9943110
11077,99,85045,Wiley,2004,447,9985045
11078,99,99990,Unincorporated Prowers County,2004,3145,9999990
11079,101,0,PUEBLO COUNTY,2004,148720,10100000
11080,101,7795,Boone,2004,330,10107795
11081,101,62000,Pueblo,2004,103291,10162000
11082,101,66895,Rye,2004,177,10166895
11083,101,99990,Unincorporated Pueblo County,2004,44922,10199990
11084,103,0,RIO BLANCO COUNTY,2004,5904,10300000
11085,103,49875,Meeker,2004,2195,10349875
11086,103,62880,Rangely,2004,2064,10362880
11087,103,99990,Unincorporated Rio Blanco County,2004,1645,10399990
11088,105,0,RIO GRANDE COUNTY,2004,12824,10500000
11089,105,12855,Center (Part),2004,76,10512855
11090,105,19795,Del Norte,2004,1856,10519795
11091,105,51635,Monte Vista,2004,4744,10551635
11092,105,72395,South Fork,2004,542,10572395
11093,105,99990,Unincorporated Rio Grande County,2004,5606,10599990
11094,107,0,ROUTT COUNTY,2004,21293,10700000
11095,107,35070,Hayden,2004,1652,10735070
11096,107,55155,Oak Creek,2004,842,10755155
11097,107,73825,Steamboat Springs,2004,10953,10773825
11098,107,86475,Yampa,2004,424,10786475
11099,107,99990,Unincorporated Routt County,2004,7422,10799990
11100,109,0,SAGUACHE COUNTY,2004,6240,10900000
11101,109,7571,Bonza City,2004,15,10907571
11102,109,12855,Center (Part),2004,2237,10912855
11103,109,18420,Crestone,2004,136,10918420
11104,109,51250,Moffat,2004,113,10951250
11105,109,67005,Saguache,2004,532,10967005
11106,109,99990,Unincorporated Saguache County,2004,3207,10999990
11107,111,0,SAN JUAN COUNTY,2004,635,11100000
11108,111,70580,Silverton,2004,594,11170580
11109,111,99990,Unincorporated San Juan County,2004,41,11199990
11110,113,0,SAN MIGUEL COUNTY,2004,7027,11300000
11111,113,52550,Mountain Village,2004,1159,11352550
11112,113,54880,Norwood,2004,477,11354880
11113,113,55870,Ophir,2004,129,11355870
11114,113,68655,Sawpit,2004,30,11368655
11115,113,76795,Telluride,2004,2243,11376795
11116,113,99990,Unincorporated San Miguel County,2004,2989,11399990
11117,115,0,SEDGWICK COUNTY,2004,2606,11500000
11118,115,39965,Julesburg,2004,1371,11539965
11119,115,56475,Ovid,2004,340,11556475
11120,115,68930,Sedgwick,2004,169,11568930
11121,115,99990,Unincorporated Sedgwick County,2004,726,11599990
11122,117,0,SUMMIT COUNTY,2004,26707,11700000
11123,117,7410,Blue River,2004,737,11707410
11124,117,8400,Breckenridge,2004,3390,11708400
11125,117,20440,Dillon,2004,818,11720440
11126,117,28690,Frisco,2004,2763,11728690
11127,117,40550,Keystone,2004,,11740555
11128,117,51690,Montezuma,2004,48,11751690
11129,117,70525,Silverthorne,2004,3716,11770525
11130,117,99990,Unincorporated Summit County,2004,15235,11799990
11131,119,0,TELLER COUNTY,2004,22218,11900000
11132,119,18530,Cripple Creek,2004,1127,11918530
11133,119,32650,Green Mountain Falls (Part),2004,37,11932650
11134,119,80865,Victor,2004,411,11980865
11135,119,86090,Woodland Park,2004,7078,11986090
11136,119,99990,Unincorporated Teller County,2004,13565,11999990
11137,121,0,WASHINGTON COUNTY,2004,5060,12100000
11138,121,925,Akron,2004,1843,12100925
11139,121,56365,Otis,2004,517,12156365
11140,121,99990,Unincorporated Washington County,2004,2700,12199990
11141,123,0,WELD COUNTY,2004,214069,12300000
11142,123,3950,Ault,2004,1402,12303950
11143,123,6255,Berthoud (Part),2004,52,12306255
11144,123,8675,Brighton (Part),2004,303,12308675
11145,123,19080,Dacono,2004,3382,12319080
11146,123,22860,Eaton,2004,3800,12322860
11147,123,24950,Erie (Part),2004,4254,12324950
11148,123,25280,Evans,2004,15809,12325280
11149,123,26600,Firestone,2004,6417,12326600
11150,123,27700,Fort Lupton,2004,7156,12327700
11151,123,28360,Frederick,2004,5884,12328360
11152,123,29185,Garden City,2004,281,12329185
11153,123,29955,Gilcrest,2004,1079,12329955
11154,123,32155,Greeley,2004,84607,12332155
11155,123,33310,Grover,2004,143,12333310
11156,123,37820,Hudson,2004,1516,12337820
11157,123,39855,Johnstown (Part),2004,6490,12339855
11158,123,40185,Keenesburg,2004,1095,12340185
11159,123,40515,Kersey,2004,1364,12340515
11160,123,43605,La Salle,2004,1804,12343605
11161,123,45530,Lochbuie (Part),2004,3178,12345530
11162,123,45970,Longmont (Part),2004,30,12345970
11163,123,49600,Mead,2004,2364,12349600
11164,123,50480,Milliken,2004,4994,12350480
11165,123,54330,Northglenn (Part),2004,12,12354330
11166,123,55045,Nunn,2004,459,12355045
11167,123,59005,Pierce,2004,844,12359005
11168,123,60160,Platteville,2004,2413,12360160
11169,123,63045,Raymer,2004,90,12363045
11170,123,69150,Severance,2004,1637,12369150
11171,123,77290,Thornton (Part),2004,0,12377290
11172,123,77510,Timnath (Part),2004,,12377510
11173,123,85485,Windsor (Part),2004,11107,12385485
11174,123,99990,Unincorporated Weld County,2004,40103,12399990
11175,125,0,YUMA COUNTY,2004,9885,12500000
11176,125,23025,Eckley,2004,266,12523025
11177,125,86310,Wray,2004,2212,12586310
11178,125,86750,Yuma,2004,3456,12586750
11179,125,99990,Unincorporated Yuma County,2004,3951,12599990
11180,999,3455,Arvada (Total),2004,101605,99903455
11181,999,4000,Aurora (Total),2004,290233,99904000
11182,999,4935,Basalt (Total),2004,3281,99904935
11183,999,6090,Bennett (Total),2004,2250,99906090
11184,999,6255,Berthoud (Total),2004,4945,99906255
11185,999,8070,Bow Mar (Total),2004,819,99908070
11186,999,8675,Brighton (Total),2004,26819,99908675
11187,999,12855,Center (Total),2004,2313,99912855
11188,999,12910,Central City (Total),2004,499,99912910
11189,999,24950,Erie (Total),2004,11012,99924950
11190,999,32650,Green Mountain Falls (Total),2004,665,99932650
11191,999,39855,Johnstown (Total),2004,6700,99939855
11192,999,45255,Littleton (Total),2004,41592,99945255
11193,999,45530,Lochbuie (Total),2004,3178,99945530
11194,999,45970,Longmont (Total),2004,80625,99945970
11195,999,54330,Northglenn (Total),2004,34836,99954330
11196,999,75640,Superior (Total),2004,11158,99975640
11197,999,77290,Thornton (Total),2004,100493,99977290
11198,999,77510,Timnath (Total),2004,271,99977510
11199,999,83835,Westminster (Total),2004,103680,99983835
11200,999,85485,Windsor (Total),2004,12771,99985485
11201,0,0,COLORADO STATE,2005,4662534,0
11202,1,0,ADAMS COUNTY,2005,395384,100000
11203,1,3455,Arvada (Part),2005,2754,103455
11204,1,4000,Aurora (Part),2005,38415,104000
11205,1,6090,Bennett (Part),2005,1932,106090
11206,1,8675,Brighton (Part),2005,27719,108675
11207,1,16495,Commerce City,2005,34328,116495
11208,1,26270,Federal Heights,2005,11106,126270
11209,1,45530,Lochbuie (Part),2005,0,145530
11210,1,54330,Northglenn (Part),2005,34530,154330
11211,1,77290,Thornton (Part),2005,103804,177290
11212,1,83835,Westminster (Part),2005,59299,183835
11213,1,99990,Unincorporated Adams County,2005,81497,199990
11214,3,0,ALAMOSA COUNTY,2005,15395,300000
11215,3,1090,Alamosa,2005,8830,301090
11216,3,37380,Hooper,2005,113,337380
11217,3,99990,Unincorporated Alamosa County,2005,6452,399990
11218,5,0,ARAPAHOE COUNTY,2005,528214,500000
11219,5,4000,Aurora (Part),2005,255470,504000
11220,5,6090,Bennett (Part),2005,324,506090
11221,5,8070,Bow Mar (Part),2005,573,508070
11222,5,12815,Centennial,2005,97616,512815
11223,5,13845,Cherry Hills Village,2005,5939,513845
11224,5,16385,Columbine Valley,2005,1204,516385
11225,5,19630,Deer Trail,2005,556,519630
11226,5,24785,Englewood,2005,31520,524785
11227,5,28105,Foxfield,2005,683,528105
11228,5,30340,Glendale,2005,4447,530340
11229,5,33035,Greenwood Village,2005,13287,533035
11230,5,45255,Littleton (Part),2005,39120,545255
11231,5,69645,Sheridan,2005,5524,569645
11232,5,99990,Unincorporated Arapahoe County,2005,71951,599990
11233,7,0,ARCHULETA COUNTY,2005,11402,700000
11234,7,56860,Pagosa Springs,2005,1579,756860
11235,7,99990,Unincorporated Archuleta County,2005,9823,799990
11236,9,0,BACA COUNTY,2005,4098,900000
11237,9,11645,Campo,2005,126,911645
11238,9,61315,Pritchett,2005,136,961315
11239,9,73330,Springfield,2005,1491,973330
11240,9,79270,Two Buttes,2005,52,979270
11241,9,81030,Vilas,2005,112,981030
11242,9,82460,Walsh,2005,642,982460
11243,9,99990,Unincorporated Baca County,2005,1539,999990
11244,11,0,BENT COUNTY,2005,6261,1100000
11245,11,43660,Las Animas,2005,2593,1143660
11246,11,99990,Unincorporated Bent County,2005,3668,1199990
11247,13,0,BOULDER COUNTY,2005,282910,1300000
11248,13,7850,Boulder,2005,95088,1307850
11249,13,24950,Erie (Part),2005,6932,1324950
11250,13,39195,Jamestown,2005,284,1339195
11251,13,41835,Lafayette,2005,23444,1341835
11252,13,45970,Longmont (Part),2005,81415,1345970
11253,13,46355,Louisville,2005,18045,1346355
11254,13,47070,Lyons,2005,1642,1347070
11255,13,53175,Nederland,2005,1416,1353175
11256,13,75640,Superior (Part),2005,11223,1375640
11257,13,82735,Ward,2005,160,1382735
11258,13,99990,Unincorporated Boulder County,2005,43261,1399990
11259,14,0,BROOMFIELD COUNTY,2005,48251,1400000
11260,14,9280,Broomfield,2005,48251,1409280
11261,15,0,CHAFFEE COUNTY,2005,17022,1500000
11262,15,10105,Buena Vista,2005,2437,1510105
11263,15,60600,Poncha Springs,2005,644,1560600
11264,15,67280,Salida,2005,5211,1567280
11265,15,99990,Unincorporated Chaffee County,2005,8730,1599990
11266,17,0,CHEYENNE COUNTY,2005,2041,1700000
11267,17,14175,Cheyenne Wells,2005,935,1714175
11268,17,41010,Kit Carson,2005,245,1741010
11269,17,99990,Unincorporated Cheyenne County,2005,861,1799990
11270,19,0,CLEAR CREEK COUNTY,2005,9392,1900000
11271,19,12910,Central City (Part),2005,0,1912910
11272,19,24620,Empire,2005,365,1924620
11273,19,29735,Georgetown,2005,1080,1929735
11274,19,38370,Idaho Springs,2005,1834,1938370
11275,19,70360,Silver Plume,2005,189,1970360
11276,19,99990,Unincorporated Clear Creek County,2005,5924,1999990
11277,21,0,CONEJOS COUNTY,2005,8500,2100000
11278,21,2355,Antonito,2005,825,2102355
11279,21,42055,La Jara,2005,844,2142055
11280,21,48060,Massa,2005,1017,2148060
11281,21,65740,Romeo,2005,425,2165740
11282,21,67830,Sanford,2005,852,2167830
11283,21,99990,Unincorporated Conejos County,2005,4537,2199990
11284,23,0,COSTILLA COUNTY,2005,3695,2300000
11285,23,7190,Blanca,2005,403,2307190
11286,23,68105,San Luis,2005,709,2368105
11287,23,99990,Unincorporated Costilla County,2005,2583,2399990
11288,25,0,CROWLEY COUNTY,2005,5437,2500000
11289,25,18750,Crowley,2005,176,2518750
11290,25,55705,Olney Springs,2005,350,2555705
11291,25,56145,Ordway,2005,1108,2556145
11292,25,74815,Sugar City,2005,256,2574815
11293,25,99990,Unincorporated Crowley County,2005,3547,2599990
11294,27,0,CUSTER COUNTY,2005,4045,2700000
11295,27,70250,Silver Cliff,2005,623,2770250
11296,27,83450,Westcliffe,2005,454,2783450
11297,27,99990,Unincorporated Custer County,2005,2968,2799990
11298,29,0,DELTA COUNTY,2005,29412,2900000
11299,29,12635,Cedaredge,2005,2082,2912635
11300,29,17925,Crawford,2005,391,2917925
11301,29,19850,Delta,2005,8076,2919850
11302,29,37545,Hotchkiss,2005,957,2937545
11303,29,55980,Orchard City,2005,2928,2955980
11304,29,57300,Paonia,2005,1472,2957300
11305,29,99990,Unincorporated Delta County,2005,13506,2999990
11306,31,0,DENVER COUNTY,2005,559459,3100000
11307,31,20000,Denver,2005,559459,3120000
11308,33,0,DOLORES COUNTY,2005,1888,3300000
11309,33,21265,Dove Creek,2005,691,3321265
11310,33,64090,Rico,2005,236,3364090
11311,33,99990,Unincorporated Dolores County,2005,961,3399990
11312,35,0,DOUGLAS COUNTY,2005,244442,3500000
11313,35,4000,Aurora (Part),2005,0,3504000
11314,35,12387,Castle Pines,2005,9393,3512390
11315,35,12415,Castle Rock,2005,36623,3512415
11316,35,43550,Larkspur,2005,192,3543550
11317,35,45255,Littleton (Part),2005,51,3545255
11318,35,45955,Lone Tree,2005,8844,3545955
11319,35,57630,Parker,2005,38669,3557630
11320,35,99990,Unincorporated Douglas County,2005,150670,3599990
11321,37,0,EAGLE COUNTY,2005,47278,3700000
11322,37,4110,Avon,2005,6570,3704110
11323,37,4935,Basalt (Part),2005,2470,3704935
11324,37,22200,Eagle,2005,4289,3722200
11325,37,33695,Gypsum,2005,4956,3733695
11326,37,50920,Minturn,2005,1084,3750920
11327,37,63265,Red Cliff,2005,298,3763265
11328,37,80040,Vail,2005,4613,3780040
11329,37,99990,Unincorporated Eagle County,2005,22998,3799990
11330,39,0,ELBERT COUNTY,2005,22259,3900000
11331,39,23740,Elizabeth,2005,1440,3923740
11332,39,40790,Kiowa,2005,655,3940790
11333,39,70635,Simla,2005,668,3970635
11334,39,99990,Unincorporated Elbert County,2005,19496,3999990
11335,41,0,EL PASO COUNTY,2005,569322,4100000
11336,41,11260,Calhan,2005,803,4111260
11337,41,16000,Colorado Springs,2005,384409,4116000
11338,41,27865,Fountain,2005,19794,4127865
11339,41,32650,Green Mountain Falls (Part),2005,618,4132650
11340,41,48445,Manitou Springs,2005,4826,4148445
11341,41,51800,Monument,2005,4225,4151800
11342,41,57025,Palmer Lake,2005,2245,4157025
11343,41,62660,Ramah,2005,117,4162660
11344,41,99990,Unincorporated El Paso County,2005,152285,4199990
11345,43,0,FREMONT COUNTY,2005,46447,4300000
11346,43,9115,Brookside,2005,225,4309115
11347,43,11810,Canon City,2005,16050,4311810
11348,43,15330,Coal Creek,2005,354,4315330
11349,43,27040,Florence,2005,3783,4327040
11350,43,64970,Rockvale,2005,457,4364970
11351,43,85155,Williamsburg,2005,689,4385155
11352,43,99990,Unincorporated Fremont County,2005,24889,4399990
11353,45,0,GARFIELD COUNTY,2005,49256,4500000
11354,45,12030,Carbonate,2005,0,4512030
11355,45,12045,Carbondale,2005,5556,4512045
11356,45,30780,Glenwood Springs,2005,8705,4530780
11357,45,53395,New Castle,2005,3477,4553395
11358,45,57400,Parachute,2005,1001,4557400
11359,45,64255,Rifle,2005,7904,4564255
11360,45,70195,Silt,2005,2346,4570195
11361,45,99990,Unincorporated Garfield County,2005,20267,4599990
11362,47,0,GILPIN COUNTY,2005,4892,4700000
11363,47,7025,Black Hawk,2005,110,4707025
11364,47,12910,Central City (Part),2005,508,4712910
11365,47,99990,Unincorporated Gilpin County,2005,4274,4799990
11366,49,0,GRAND COUNTY,2005,13897,4900000
11367,49,28305,Fraser,2005,983,4928305
11368,49,31605,Granby,2005,2414,4931605
11369,49,31715,Grand Lake,2005,407,4931715
11370,49,37600,Hot Sulphur Springs,2005,602,4937600
11371,49,41560,Kremmling,2005,1523,4941560
11372,49,85705,Winter Park,2005,813,4985705
11373,49,99990,Unincorporated Grand County,2005,7155,4999990
11374,51,0,GUNNISON COUNTY,2005,14473,5100000
11375,51,18310,Crested Butte,2005,1503,5118310
11376,51,33640,Gunnison,2005,5456,5133640
11377,51,48555,Marble,2005,119,5148555
11378,51,52570,Mount Crested Butte,2005,762,5152570
11379,51,59830,Pitkin,2005,91,5159830
11380,51,99990,Unincorporated Gunnison County,2005,6542,5199990
11381,53,0,HINSDALE COUNTY,2005,813,5300000
11382,53,42330,Lake City,2005,404,5342330
11383,53,99990,Unincorporated Hinsdale County,2005,409,5399990
11384,55,0,HUERFANO COUNTY,2005,7823,5500000
11385,55,44100,La Veta,2005,835,5544100
11386,55,82350,Walsenburg,2005,4168,5582350
11387,55,99990,Unincorporated Huerfano County,2005,2820,5599990
11388,57,0,JACKSON COUNTY,2005,1492,5700000
11389,57,82130,Walden,2005,662,5782130
11390,57,99990,Unincorporated Jackson County,2005,830,5799990
11391,59,0,JEFFERSON COUNTY,2005,523517,5900000
11392,59,3455,Arvada (Part),2005,99488,5903455
11393,59,8070,Bow Mar (Part),2005,247,5908070
11394,59,23135,Edgewater,2005,5208,5923135
11395,59,30835,Golden,2005,17457,5930835
11396,59,42495,Lakeside,2005,14,5942495
11397,59,43000,Lakewood,2005,141592,5943000
11398,59,45255,Littleton (Part),2005,1685,5945255
11399,59,52075,Morrison,2005,429,5952075
11400,59,52350,Mountain View,2005,520,5952350
11401,59,75640,Superior (Part),2005,0,5975640
11402,59,83835,Westminster (Part),2005,43538,5983835
11403,59,84440,Wheat Ridge,2005,30846,5984440
11404,59,99990,Unincorporated Jefferson County,2005,182493,5999990
11405,61,0,KIOWA COUNTY,2005,1543,6100000
11406,61,22145,Eads,2005,699,6122145
11407,61,34740,Haswell,2005,78,6134740
11408,61,69700,Sheridan Lake,2005,79,6169700
11409,61,99990,Unincorporated Kiowa County,2005,687,6199990
11410,63,0,KIT CARSON COUNTY,2005,7998,6300000
11411,63,6530,Bethune,2005,219,6306530
11412,63,10600,Burlington,2005,4020,6310600
11413,63,26765,Flagler,2005,574,6326765
11414,63,69040,Seibert,2005,172,6369040
11415,63,74485,Stratton,2005,630,6374485
11416,63,81690,Vona,2005,95,6381690
11417,63,99990,Unincorporated Kit Carson County,2005,2288,6399990
11418,65,0,LAKE COUNTY,2005,7284,6500000
11419,65,44320,Leadville,2005,2515,6544320
11420,65,99990,Unincorporated Lake County,2005,4769,6599990
11421,67,0,LA PLATA COUNTY,2005,47713,6700000
11422,67,5265,Bayfield,2005,1828,6705265
11423,67,22035,Durango,2005,16080,6722035
11424,67,38535,Ignacio,2005,755,6738535
11425,67,99990,Unincorporated La Plata County,2005,29050,6799990
11426,69,0,LARIMER COUNTY,2005,275873,6900000
11427,69,6255,Berthoud (Part),2005,4831,6906255
11428,69,25115,Estes Park,2005,5618,6925115
11429,69,27425,Fort Collins,2005,132489,6927425
11430,69,39855,Johnstown (Part),2005,311,6939855
11431,69,46465,Loveland,2005,60346,6946465
11432,69,77510,Timnath (Part),2005,264,6977510
11433,69,83230,Wellington,2005,4794,6983230
11434,69,85485,Windsor (Part),2005,2320,6985485
11435,69,99990,Unincorporated Larimer County,2005,64900,6999990
11436,71,0,LAS ANIMAS COUNTY,2005,15570,7100000
11437,71,760,Aguilar,2005,559,7100760
11438,71,8345,Branson,2005,75,7108345
11439,71,15550,Cokedale,2005,135,7115550
11440,71,40570,Kim,2005,69,7140570
11441,71,73715,Starkville,2005,86,7173715
11442,71,78610,Trinidad,2005,9011,7178610
11443,71,99990,Unincorporated Las Animas County,2005,5635,7199990
11444,73,0,LINCOLN COUNTY,2005,5787,7300000
11445,73,3235,Arriba,2005,215,7303235
11446,73,29680,Genoa,2005,169,7329680
11447,73,37875,Hugo,2005,775,7337875
11448,73,44980,Limon,2005,2054,7344980
11449,73,99990,Unincorporated Lincoln County,2005,2574,7399990
11450,75,0,LOGAN COUNTY,2005,22088,7500000
11451,75,18640,Crook,2005,125,7518640
11452,75,26875,Fleming,2005,445,7526875
11453,75,38590,Iliff,2005,248,7538590
11454,75,50040,Merino,2005,299,7550040
11455,75,58235,Peetz,2005,225,7558235
11456,75,73935,Sterling,2005,13624,7573935
11457,75,99990,Unincorporated Logan County,2005,7122,7599990
11458,77,0,MESA COUNTY,2005,128999,7700000
11459,77,15605,Collbran,2005,643,7715605
11460,77,19355,De Beque,2005,470,7719355
11461,77,28745,Fruita,2005,9833,7728745
11462,77,31660,Grand Junction,2005,51565,7731660
11463,77,56970,Palisade,2005,2710,7756970
11464,77,99990,Unincorporated Mesa County,2005,63778,7799990
11465,79,0,MINERAL COUNTY,2005,806,7900000
11466,79,14765,City of Creede,2005,343,7914765
11467,79,99990,Unincorporated Mineral County,2005,463,7999990
11468,81,0,MOFFAT COUNTY,2005,12965,8100000
11469,81,17760,Craig,2005,8955,8117760
11470,81,20495,Dinosaur,2005,323,8120495
11471,81,99990,Unincorporated Moffat County,2005,3687,8199990
11472,83,0,MONTEZUMA COUNTY,2005,24603,8300000
11473,83,17375,Cortez,2005,8273,8317375
11474,83,20770,Dolores,2005,884,8320770
11475,83,48115,Mancos,2005,1188,8348115
11476,83,99990,Unincorporated Montezuma County,2005,14258,8399990
11477,85,0,MONTROSE COUNTY,2005,36997,8500000
11478,85,51745,Montrose,2005,15698,8551745
11479,85,53120,Naturita,2005,595,8553120
11480,85,54935,Nucla,2005,715,8554935
11481,85,55540,Olathe,2005,1754,8555540
11482,85,99990,Unincorporated Montrose County,2005,18235,8599990
11483,87,0,MORGAN COUNTY,2005,27947,8700000
11484,87,9555,Brush,2005,5363,8709555
11485,87,27810,Fort Morgan,2005,11140,8727810
11486,87,36610,Hillrose,2005,261,8736610
11487,87,45695,Log Lane Village,2005,937,8745695
11488,87,84770,Wiggins,2005,922,8784770
11489,87,99990,Unincorporated Morgan County,2005,9324,8799990
11490,89,0,OTERO COUNTY,2005,19370,8900000
11491,89,13460,Cheraw,2005,226,8913460
11492,89,27975,Fowler,2005,1186,8927975
11493,89,42110,La Junta,2005,7227,8942110
11494,89,48500,Manzanola,2005,472,8948500
11495,89,65190,Rocky Ford,2005,4104,8965190
11496,89,75970,Swink,2005,661,8975970
11497,89,99990,Unincorporated Otero County,2005,5494,8999990
11498,91,0,OURAY COUNTY,2005,4084,9100000
11499,91,56420,Ouray,2005,890,9156420
11500,91,64200,Ridgway,2005,788,9164200
11501,91,99990,Unincorporated Ouray County,2005,2406,9199990
11502,93,0,PARK COUNTY,2005,16061,9300000
11503,93,1530,Alma,2005,271,9301530
11504,93,25610,Fairplay,2005,669,9325610
11505,93,99990,Unincorporated Park County,2005,15121,9399990
11506,95,0,PHILLIPS COUNTY,2005,4548,9500000
11507,95,34960,Haxtun,2005,990,9534960
11508,95,37270,Holyoke,2005,2326,9537270
11509,95,57245,Paoli,2005,37,9557245
11510,95,99990,Unincorporated Phillips County,2005,1195,9599990
11511,97,0,PITKIN COUNTY,2005,16136,9700000
11512,97,3620,Aspen,2005,6425,9703620
11513,97,4935,Basalt (Part),2005,881,9704935
11514,97,71755,Snowmass Village,2005,2365,9771755
11515,97,99990,Unincorporated Pitkin County,2005,6465,9799990
11516,99,0,PROWERS COUNTY,2005,13510,9900000
11517,99,31550,Granada,2005,572,9931550
11518,99,34520,Hartman,2005,94,9934520
11519,99,37215,Holly,2005,957,9937215
11520,99,43110,Lamar,2005,8325,9943110
11521,99,85045,Wiley,2005,441,9985045
11522,99,99990,Unincorporated Prowers County,2005,3121,9999990
11523,101,0,PUEBLO COUNTY,2005,149969,10100000
11524,101,7795,Boone,2005,327,10107795
11525,101,62000,Pueblo,2005,103310,10162000
11526,101,66895,Rye,2005,171,10166895
11527,101,99990,Unincorporated Pueblo County,2005,46161,10199990
11528,103,0,RIO BLANCO COUNTY,2005,5818,10300000
11529,103,49875,Meeker,2005,2157,10349875
11530,103,62880,Rangely,2005,2030,10362880
11531,103,99990,Unincorporated Rio Blanco County,2005,1631,10399990
11532,105,0,RIO GRANDE COUNTY,2005,12696,10500000
11533,105,12855,Center (Part),2005,88,10512855
11534,105,19795,Del Norte,2005,1812,10519795
11535,105,51635,Monte Vista,2005,4651,10551635
11536,105,72395,South Fork,2005,517,10572395
11537,105,99990,Unincorporated Rio Grande County,2005,5628,10599990
11538,107,0,ROUTT COUNTY,2005,21453,10700000
11539,107,35070,Hayden,2005,1652,10735070
11540,107,55155,Oak Creek,2005,847,10755155
11541,107,73825,Steamboat Springs,2005,11107,10773825
11542,107,86475,Yampa,2005,421,10786475
11543,107,99990,Unincorporated Routt County,2005,7426,10799990
11544,109,0,SAGUACHE COUNTY,2005,6284,10900000
11545,109,7571,Bonza City,2005,15,10907571
11546,109,12855,Center (Part),2005,2197,10912855
11547,109,18420,Crestone,2005,140,10918420
11548,109,51250,Moffat,2005,112,10951250
11549,109,67005,Saguache,2005,521,10967005
11550,109,99990,Unincorporated Saguache County,2005,3299,10999990
11551,111,0,SAN JUAN COUNTY,2005,645,11100000
11552,111,70580,Silverton,2005,600,11170580
11553,111,99990,Unincorporated San Juan County,2005,45,11199990
11554,113,0,SAN MIGUEL COUNTY,2005,7045,11300000
11555,113,52550,Mountain Village,2005,1152,11352550
11556,113,54880,Norwood,2005,478,11354880
11557,113,55870,Ophir,2005,135,11355870
11558,113,68655,Sawpit,2005,32,11368655
11559,113,76795,Telluride,2005,2214,11376795
11560,113,99990,Unincorporated San Miguel County,2005,3034,11399990
11561,115,0,SEDGWICK COUNTY,2005,2578,11500000
11562,115,39965,Julesburg,2005,1349,11539965
11563,115,56475,Ovid,2005,341,11556475
11564,115,68930,Sedgwick,2005,166,11568930
11565,115,99990,Unincorporated Sedgwick County,2005,722,11599990
11566,117,0,SUMMIT COUNTY,2005,26623,11700000
11567,117,7410,Blue River,2005,745,11707410
11568,117,8400,Breckenridge,2005,3464,11708400
11569,117,20440,Dillon,2005,812,11720440
11570,117,28690,Frisco,2005,2754,11728690
11571,117,40550,Keystone,2005,,11740555
11572,117,51690,Montezuma,2005,50,11751690
11573,117,70525,Silverthorne,2005,3660,11770525
11574,117,99990,Unincorporated Summit County,2005,15138,11799990
11575,119,0,TELLER COUNTY,2005,22505,11900000
11576,119,18530,Cripple Creek,2005,1126,11918530
11577,119,32650,Green Mountain Falls (Part),2005,36,11932650
11578,119,80865,Victor,2005,409,11980865
11579,119,86090,Woodland Park,2005,7200,11986090
11580,119,99990,Unincorporated Teller County,2005,13734,11999990
11581,121,0,WASHINGTON COUNTY,2005,4995,12100000
11582,121,925,Akron,2005,1815,12100925
11583,121,56365,Otis,2005,508,12156365
11584,121,99990,Unincorporated Washington County,2005,2672,12199990
11585,123,0,WELD COUNTY,2005,223432,12300000
11586,123,3950,Ault,2005,1413,12303950
11587,123,6255,Berthoud (Part),2005,54,12306255
11588,123,8675,Brighton (Part),2005,307,12308675
11589,123,19080,Dacono,2005,3582,12319080
11590,123,22860,Eaton,2005,3957,12322860
11591,123,24950,Erie (Part),2005,6104,12324950
11592,123,25280,Evans,2005,16703,12325280
11593,123,26600,Firestone,2005,7242,12326600
11594,123,27700,Fort Lupton,2005,7229,12327700
11595,123,28360,Frederick,2005,6588,12328360
11596,123,29185,Garden City,2005,271,12329185
11597,123,29955,Gilcrest,2005,1058,12329955
11598,123,32155,Greeley,2005,86388,12332155
11599,123,33310,Grover,2005,142,12333310
11600,123,37820,Hudson,2005,1499,12337820
11601,123,39855,Johnstown (Part),2005,7299,12339855
11602,123,40185,Keenesburg,2005,1087,12340185
11603,123,40515,Kersey,2005,1382,12340515
11604,123,43605,La Salle,2005,1834,12343605
11605,123,45530,Lochbuie (Part),2005,3404,12345530
11606,123,45970,Longmont (Part),2005,26,12345970
11607,123,49600,Mead,2005,2590,12349600
11608,123,50480,Milliken,2005,5215,12350480
11609,123,54330,Northglenn (Part),2005,13,12354330
11610,123,55045,Nunn,2005,448,12355045
11611,123,59005,Pierce,2005,834,12359005
11612,123,60160,Platteville,2005,2416,12360160
11613,123,63045,Raymer,2005,92,12363045
11614,123,69150,Severance,2005,2094,12369150
11615,123,77290,Thornton (Part),2005,0,12377290
11616,123,77510,Timnath (Part),2005,,12377510
11617,123,85485,Windsor (Part),2005,11664,12385485
11618,123,99990,Unincorporated Weld County,2005,40497,12399990
11619,125,0,YUMA COUNTY,2005,9892,12500000
11620,125,23025,Eckley,2005,264,12523025
11621,125,86310,Wray,2005,2219,12586310
11622,125,86750,Yuma,2005,3470,12586750
11623,125,99990,Unincorporated Yuma County,2005,3939,12599990
11624,999,3455,Arvada (Total),2005,102242,99903455
11625,999,4000,Aurora (Total),2005,293885,99904000
11626,999,4935,Basalt (Total),2005,3351,99904935
11627,999,6090,Bennett (Total),2005,2256,99906090
11628,999,6255,Berthoud (Total),2005,4885,99906255
11629,999,8070,Bow Mar (Total),2005,820,99908070
11630,999,8675,Brighton (Total),2005,28026,99908675
11631,999,12855,Center (Total),2005,2285,99912855
11632,999,12910,Central City (Total),2005,508,99912910
11633,999,24950,Erie (Total),2005,13036,99924950
11634,999,32650,Green Mountain Falls (Total),2005,654,99932650
11635,999,39855,Johnstown (Total),2005,7610,99939855
11636,999,45255,Littleton (Total),2005,40856,99945255
11637,999,45530,Lochbuie (Total),2005,3404,99945530
11638,999,45970,Longmont (Total),2005,81441,99945970
11639,999,54330,Northglenn (Total),2005,34543,99954330
11640,999,75640,Superior (Total),2005,11223,99975640
11641,999,77290,Thornton (Total),2005,103804,99977290
11642,999,77510,Timnath (Total),2005,264,99977510
11643,999,83835,Westminster (Total),2005,102837,99983835
11644,999,85485,Windsor (Total),2005,13984,99985485
11645,0,0,COLORADO STATE,2006,4745660,0
11646,1,0,ADAMS COUNTY,2006,407587,100000
11647,1,3455,Arvada (Part),2006,2754,103455
11648,1,4000,Aurora (Part),2006,38286,104000
11649,1,6090,Bennett (Part),2006,1921,106090
11650,1,8675,Brighton (Part),2006,29523,108675
11651,1,16495,Commerce City,2006,38732,116495
11652,1,26270,Federal Heights,2006,11128,126270
11653,1,45530,Lochbuie (Part),2006,0,145530
11654,1,54330,Northglenn (Part),2006,34593,154330
11655,1,77290,Thornton (Part),2006,107586,177290
11656,1,83835,Westminster (Part),2006,59824,183835
11657,1,99990,Unincorporated Adams County,2006,83240,199990
11658,3,0,ALAMOSA COUNTY,2006,15350,300000
11659,3,1090,Alamosa,2006,8826,301090
11660,3,37380,Hooper,2006,109,337380
11661,3,99990,Unincorporated Alamosa County,2006,6415,399990
11662,5,0,ARAPAHOE COUNTY,2006,536051,500000
11663,5,4000,Aurora (Part),2006,262236,504000
11664,5,6090,Bennett (Part),2006,335,506090
11665,5,8070,Bow Mar (Part),2006,575,508070
11666,5,12815,Centennial,2006,97355,512815
11667,5,13845,Cherry Hills Village,2006,5911,513845
11668,5,16385,Columbine Valley,2006,1223,516385
11669,5,19630,Deer Trail,2006,554,519630
11670,5,24785,Englewood,2006,31202,524785
11671,5,28105,Foxfield,2006,685,528105
11672,5,30340,Glendale,2006,4365,530340
11673,5,33035,Greenwood Village,2006,13292,533035
11674,5,45255,Littleton (Part),2006,38735,545255
11675,5,69645,Sheridan,2006,5526,569645
11676,5,99990,Unincorporated Arapahoe County,2006,74057,599990
11677,7,0,ARCHULETA COUNTY,2006,11798,700000
11678,7,56860,Pagosa Springs,2006,1625,756860
11679,7,99990,Unincorporated Archuleta County,2006,10173,799990
11680,9,0,BACA COUNTY,2006,4088,900000
11681,9,11645,Campo,2006,124,911645
11682,9,61315,Pritchett,2006,140,961315
11683,9,73330,Springfield,2006,1503,973330
11684,9,79270,Two Buttes,2006,51,979270
11685,9,81030,Vilas,2006,113,981030
11686,9,82460,Walsh,2006,629,982460
11687,9,99990,Unincorporated Baca County,2006,1528,999990
11688,11,0,BENT COUNTY,2006,6076,1100000
11689,11,43660,Las Animas,2006,2502,1143660
11690,11,99990,Unincorporated Bent County,2006,3574,1199990
11691,13,0,BOULDER COUNTY,2006,286133,1300000
11692,13,7850,Boulder,2006,96358,1307850
11693,13,24950,Erie (Part),2006,7309,1324950
11694,13,39195,Jamestown,2006,283,1339195
11695,13,41835,Lafayette,2006,23705,1341835
11696,13,45970,Longmont (Part),2006,82524,1345970
11697,13,46355,Louisville,2006,18070,1346355
11698,13,47070,Lyons,2006,1774,1347070
11699,13,53175,Nederland,2006,1421,1353175
11700,13,75640,Superior (Part),2006,11407,1375640
11701,13,82735,Ward,2006,156,1382735
11702,13,99990,Unincorporated Boulder County,2006,43126,1399990
11703,14,0,BROOMFIELD COUNTY,2006,51152,1400000
11704,14,9280,Broomfield,2006,51152,1409280
11705,15,0,CHAFFEE COUNTY,2006,16984,1500000
11706,15,10105,Buena Vista,2006,2447,1510105
11707,15,60600,Poncha Springs,2006,642,1560600
11708,15,67280,Salida,2006,5121,1567280
11709,15,99990,Unincorporated Chaffee County,2006,8774,1599990
11710,17,0,CHEYENNE COUNTY,2006,1977,1700000
11711,17,14175,Cheyenne Wells,2006,908,1714175
11712,17,41010,Kit Carson,2006,239,1741010
11713,17,99990,Unincorporated Cheyenne County,2006,830,1799990
11714,19,0,CLEAR CREEK COUNTY,2006,9279,1900000
11715,19,12910,Central City (Part),2006,0,1912910
11716,19,24620,Empire,2006,358,1924620
11717,19,29735,Georgetown,2006,1059,1929735
11718,19,38370,Idaho Springs,2006,1799,1938370
11719,19,70360,Silver Plume,2006,184,1970360
11720,19,99990,Unincorporated Clear Creek County,2006,5879,1999990
11721,21,0,CONEJOS COUNTY,2006,8470,2100000
11722,21,2355,Antonito,2006,815,2102355
11723,21,42055,La Jara,2006,842,2142055
11724,21,48060,Massa,2006,1012,2148060
11725,21,65740,Romeo,2006,426,2165740
11726,21,67830,Sanford,2006,856,2167830
11727,21,99990,Unincorporated Conejos County,2006,4519,2199990
11728,23,0,COSTILLA COUNTY,2006,3698,2300000
11729,23,7190,Blanca,2006,403,2307190
11730,23,68105,San Luis,2006,696,2368105
11731,23,99990,Unincorporated Costilla County,2006,2599,2399990
11732,25,0,CROWLEY COUNTY,2006,5713,2500000
11733,25,18750,Crowley,2006,174,2518750
11734,25,55705,Olney Springs,2006,342,2555705
11735,25,56145,Ordway,2006,1088,2556145
11736,25,74815,Sugar City,2006,252,2574815
11737,25,99990,Unincorporated Crowley County,2006,3857,2599990
11738,27,0,CUSTER COUNTY,2006,4017,2700000
11739,27,70250,Silver Cliff,2006,606,2770250
11740,27,83450,Westcliffe,2006,439,2783450
11741,27,99990,Unincorporated Custer County,2006,2972,2799990
11742,29,0,DELTA COUNTY,2006,29702,2900000
11743,29,12635,Cedaredge,2006,2118,2912635
11744,29,17925,Crawford,2006,396,2917925
11745,29,19850,Delta,2006,8182,2919850
11746,29,37545,Hotchkiss,2006,943,2937545
11747,29,55980,Orchard City,2006,2963,2955980
11748,29,57300,Paonia,2006,1450,2957300
11749,29,99990,Unincorporated Delta County,2006,13650,2999990
11750,31,0,DENVER COUNTY,2006,562862,3100000
11751,31,20000,Denver,2006,562862,3120000
11752,33,0,DOLORES COUNTY,2006,1990,3300000
11753,33,21265,Dove Creek,2006,724,3321265
11754,33,64090,Rico,2006,254,3364090
11755,33,99990,Unincorporated Dolores County,2006,1012,3399990
11756,35,0,DOUGLAS COUNTY,2006,257833,3500000
11757,35,4000,Aurora (Part),2006,0,3504000
11758,35,12387,Castle Pines,2006,9758,3512390
11759,35,12415,Castle Rock,2006,40444,3512415
11760,35,43550,Larkspur,2006,188,3543550
11761,35,45255,Littleton (Part),2006,45,3545255
11762,35,45955,Lone Tree,2006,9414,3545955
11763,35,57630,Parker,2006,41071,3557630
11764,35,99990,Unincorporated Douglas County,2006,156913,3599990
11765,37,0,EAGLE COUNTY,2006,48214,3700000
11766,37,4110,Avon,2006,6519,3704110
11767,37,4935,Basalt (Part),2006,2537,3704935
11768,37,22200,Eagle,2006,4891,3722200
11769,37,33695,Gypsum,2006,5190,3733695
11770,37,50920,Minturn,2006,1098,3750920
11771,37,63265,Red Cliff,2006,296,3763265
11772,37,80040,Vail,2006,4587,3780040
11773,37,99990,Unincorporated Eagle County,2006,23096,3799990
11774,39,0,ELBERT COUNTY,2006,22527,3900000
11775,39,23740,Elizabeth,2006,1413,3923740
11776,39,40790,Kiowa,2006,677,3940790
11777,39,70635,Simla,2006,653,3970635
11778,39,99990,Unincorporated Elbert County,2006,19784,3999990
11779,41,0,EL PASO COUNTY,2006,582502,4100000
11780,41,11260,Calhan,2006,797,4111260
11781,41,16000,Colorado Springs,2006,393433,4116000
11782,41,27865,Fountain,2006,21786,4127865
11783,41,32650,Green Mountain Falls (Part),2006,616,4132650
11784,41,48445,Manitou Springs,2006,4877,4148445
11785,41,51800,Monument,2006,4671,4151800
11786,41,57025,Palmer Lake,2006,2295,4157025
11787,41,62660,Ramah,2006,121,4162660
11788,41,99990,Unincorporated El Paso County,2006,153906,4199990
11789,43,0,FREMONT COUNTY,2006,46703,4300000
11790,43,9115,Brookside,2006,226,4309115
11791,43,11810,Canon City,2006,16210,4311810
11792,43,15330,Coal Creek,2006,353,4315330
11793,43,27040,Florence,2006,3798,4327040
11794,43,64970,Rockvale,2006,468,4364970
11795,43,85155,Williamsburg,2006,688,4385155
11796,43,99990,Unincorporated Fremont County,2006,24960,4399990
11797,45,0,GARFIELD COUNTY,2006,51106,4500000
11798,45,12030,Carbonate,2006,0,4512030
11799,45,12045,Carbondale,2006,5785,4512045
11800,45,30780,Glenwood Springs,2006,8946,4530780
11801,45,53395,New Castle,2006,3624,4553395
11802,45,57400,Parachute,2006,1065,4557400
11803,45,64255,Rifle,2006,8274,4564255
11804,45,70195,Silt,2006,2463,4570195
11805,45,99990,Unincorporated Garfield County,2006,20949,4599990
11806,47,0,GILPIN COUNTY,2006,4953,4700000
11807,47,7025,Black Hawk,2006,110,4707025
11808,47,12910,Central City (Part),2006,532,4712910
11809,47,99990,Unincorporated Gilpin County,2006,4311,4799990
11810,49,0,GRAND COUNTY,2006,14135,4900000
11811,49,28305,Fraser,2006,1032,4928305
11812,49,31605,Granby,2006,2577,4931605
11813,49,31715,Grand Lake,2006,408,4931715
11814,49,37600,Hot Sulphur Springs,2006,622,4937600
11815,49,41560,Kremmling,2006,1504,4941560
11816,49,85705,Winter Park,2006,817,4985705
11817,49,99990,Unincorporated Grand County,2006,7175,4999990
11818,51,0,GUNNISON COUNTY,2006,14650,5100000
11819,51,18310,Crested Butte,2006,1505,5118310
11820,51,33640,Gunnison,2006,5511,5133640
11821,51,48555,Marble,2006,121,5148555
11822,51,52570,Mount Crested Butte,2006,771,5152570
11823,51,59830,Pitkin,2006,85,5159830
11824,51,99990,Unincorporated Gunnison County,2006,6657,5199990
11825,53,0,HINSDALE COUNTY,2006,830,5300000
11826,53,42330,Lake City,2006,417,5342330
11827,53,99990,Unincorporated Hinsdale County,2006,413,5399990
11828,55,0,HUERFANO COUNTY,2006,7750,5500000
11829,55,44100,La Veta,2006,814,5544100
11830,55,82350,Walsenburg,2006,4132,5582350
11831,55,99990,Unincorporated Huerfano County,2006,2804,5599990
11832,57,0,JACKSON COUNTY,2006,1443,5700000
11833,57,82130,Walden,2006,635,5782130
11834,57,99990,Unincorporated Jackson County,2006,808,5799990
11835,59,0,JEFFERSON COUNTY,2006,524579,5900000
11836,59,3455,Arvada (Part),2006,100694,5903455
11837,59,8070,Bow Mar (Part),2006,254,5908070
11838,59,23135,Edgewater,2006,5173,5923135
11839,59,30835,Golden,2006,17411,5930835
11840,59,42495,Lakeside,2006,12,5942495
11841,59,43000,Lakewood,2006,141378,5943000
11842,59,45255,Littleton (Part),2006,1695,5945255
11843,59,52075,Morrison,2006,429,5952075
11844,59,52350,Mountain View,2006,513,5952350
11845,59,75640,Superior (Part),2006,0,5975640
11846,59,83835,Westminster (Part),2006,43026,5983835
11847,59,84440,Wheat Ridge,2006,30614,5984440
11848,59,99990,Unincorporated Jefferson County,2006,183380,5999990
11849,61,0,KIOWA COUNTY,2006,1514,6100000
11850,61,22145,Eads,2006,675,6122145
11851,61,34740,Haswell,2006,77,6134740
11852,61,69700,Sheridan Lake,2006,82,6169700
11853,61,99990,Unincorporated Kiowa County,2006,680,6199990
11854,63,0,KIT CARSON COUNTY,2006,7946,6300000
11855,63,6530,Bethune,2006,218,6306530
11856,63,10600,Burlington,2006,4031,6310600
11857,63,26765,Flagler,2006,562,6326765
11858,63,69040,Seibert,2006,168,6369040
11859,63,74485,Stratton,2006,629,6374485
11860,63,81690,Vona,2006,95,6381690
11861,63,99990,Unincorporated Kit Carson County,2006,2243,6399990
11862,65,0,LAKE COUNTY,2006,7217,6500000
11863,65,44320,Leadville,2006,2477,6544320
11864,65,99990,Unincorporated Lake County,2006,4740,6599990
11865,67,0,LA PLATA COUNTY,2006,48408,6700000
11866,67,5265,Bayfield,2006,1958,6705265
11867,67,22035,Durango,2006,16290,6722035
11868,67,38535,Ignacio,2006,732,6738535
11869,67,99990,Unincorporated La Plata County,2006,29428,6799990
11870,69,0,LARIMER COUNTY,2006,281027,6900000
11871,69,6255,Berthoud (Part),2006,4874,6906255
11872,69,25115,Estes Park,2006,5754,6925115
11873,69,27425,Fort Collins,2006,135034,6927425
11874,69,39855,Johnstown (Part),2006,314,6939855
11875,69,46465,Loveland,2006,61286,6946465
11876,69,77510,Timnath (Part),2006,268,6977510
11877,69,83230,Wellington,2006,5526,6983230
11878,69,85485,Windsor (Part),2006,2996,6985485
11879,69,99990,Unincorporated Larimer County,2006,64975,6999990
11880,71,0,LAS ANIMAS COUNTY,2006,15552,7100000
11881,71,760,Aguilar,2006,554,7100760
11882,71,8345,Branson,2006,74,7108345
11883,71,15550,Cokedale,2006,133,7115550
11884,71,40570,Kim,2006,70,7140570
11885,71,73715,Starkville,2006,79,7173715
11886,71,78610,Trinidad,2006,9003,7178610
11887,71,99990,Unincorporated Las Animas County,2006,5639,7199990
11888,73,0,LINCOLN COUNTY,2006,5665,7300000
11889,73,3235,Arriba,2006,205,7303235
11890,73,29680,Genoa,2006,160,7329680
11891,73,37875,Hugo,2006,745,7337875
11892,73,44980,Limon,2006,2025,7344980
11893,73,99990,Unincorporated Lincoln County,2006,2530,7399990
11894,75,0,LOGAN COUNTY,2006,22267,7500000
11895,75,18640,Crook,2006,125,7518640
11896,75,26875,Fleming,2006,445,7526875
11897,75,38590,Iliff,2006,263,7538590
11898,75,50040,Merino,2006,299,7550040
11899,75,58235,Peetz,2006,226,7558235
11900,75,73935,Sterling,2006,13770,7573935
11901,75,99990,Unincorporated Logan County,2006,7139,7599990
11902,77,0,MESA COUNTY,2006,133128,7700000
11903,77,15605,Collbran,2006,652,7715605
11904,77,19355,De Beque,2006,487,7719355
11905,77,28745,Fruita,2006,10776,7728745
11906,77,31660,Grand Junction,2006,53248,7731660
11907,77,56970,Palisade,2006,2734,7756970
11908,77,99990,Unincorporated Mesa County,2006,65231,7799990
11909,79,0,MINERAL COUNTY,2006,789,7900000
11910,79,14765,City of Creede,2006,332,7914765
11911,79,99990,Unincorporated Mineral County,2006,457,7999990
11912,81,0,MOFFAT COUNTY,2006,13102,8100000
11913,81,17760,Craig,2006,9017,8117760
11914,81,20495,Dinosaur,2006,323,8120495
11915,81,99990,Unincorporated Moffat County,2006,3762,8199990
11916,83,0,MONTEZUMA COUNTY,2006,25017,8300000
11917,83,17375,Cortez,2006,8416,8317375
11918,83,20770,Dolores,2006,909,8320770
11919,83,48115,Mancos,2006,1226,8348115
11920,83,99990,Unincorporated Montezuma County,2006,14466,8399990
11921,85,0,MONTROSE COUNTY,2006,37968,8500000
11922,85,51745,Montrose,2006,16616,8551745
11923,85,53120,Naturita,2006,579,8553120
11924,85,54935,Nucla,2006,706,8554935
11925,85,55540,Olathe,2006,1780,8555540
11926,85,99990,Unincorporated Montrose County,2006,18287,8599990
11927,87,0,MORGAN COUNTY,2006,27983,8700000
11928,87,9555,Brush,2006,5488,8709555
11929,87,27810,Fort Morgan,2006,11075,8727810
11930,87,36610,Hillrose,2006,265,8736610
11931,87,45695,Log Lane Village,2006,913,8745695
11932,87,84770,Wiggins,2006,903,8784770
11933,87,99990,Unincorporated Morgan County,2006,9339,8799990
11934,89,0,OTERO COUNTY,2006,19193,8900000
11935,89,13460,Cheraw,2006,229,8913460
11936,89,27975,Fowler,2006,1182,8927975
11937,89,42110,La Junta,2006,7157,8942110
11938,89,48500,Manzanola,2006,463,8948500
11939,89,65190,Rocky Ford,2006,4070,8965190
11940,89,75970,Swink,2006,650,8975970
11941,89,99990,Unincorporated Otero County,2006,5442,8999990
11942,91,0,OURAY COUNTY,2006,4137,9100000
11943,91,56420,Ouray,2006,898,9156420
11944,91,64200,Ridgway,2006,877,9164200
11945,91,99990,Unincorporated Ouray County,2006,2362,9199990
11946,93,0,PARK COUNTY,2006,16128,9300000
11947,93,1530,Alma,2006,276,9301530
11948,93,25610,Fairplay,2006,672,9325610
11949,93,99990,Unincorporated Park County,2006,15180,9399990
11950,95,0,PHILLIPS COUNTY,2006,4504,9500000
11951,95,34960,Haxtun,2006,980,9534960
11952,95,37270,Holyoke,2006,2307,9537270
11953,95,57245,Paoli,2006,36,9557245
11954,95,99990,Unincorporated Phillips County,2006,1181,9599990
11955,97,0,PITKIN COUNTY,2006,16087,9700000
11956,97,3620,Aspen,2006,6457,9703620
11957,97,4935,Basalt (Part),2006,895,9704935
11958,97,71755,Snowmass Village,2006,2288,9771755
11959,97,99990,Unincorporated Pitkin County,2006,6447,9799990
11960,99,0,PROWERS COUNTY,2006,13208,9900000
11961,99,31550,Granada,2006,559,9931550
11962,99,34520,Hartman,2006,90,9934520
11963,99,37215,Holly,2006,930,9937215
11964,99,43110,Lamar,2006,8149,9943110
11965,99,85045,Wiley,2006,430,9985045
11966,99,99990,Unincorporated Prowers County,2006,3050,9999990
11967,101,0,PUEBLO COUNTY,2006,152064,10100000
11968,101,7795,Boone,2006,329,10107795
11969,101,62000,Pueblo,2006,103757,10162000
11970,101,66895,Rye,2006,166,10166895
11971,101,99990,Unincorporated Pueblo County,2006,47812,10199990
11972,103,0,RIO BLANCO COUNTY,2006,5981,10300000
11973,103,49875,Meeker,2006,2217,10349875
11974,103,62880,Rangely,2006,2076,10362880
11975,103,99990,Unincorporated Rio Blanco County,2006,1688,10399990
11976,105,0,RIO GRANDE COUNTY,2006,12439,10500000
11977,105,12855,Center (Part),2006,109,10512855
11978,105,19795,Del Norte,2006,1759,10519795
11979,105,51635,Monte Vista,2006,4564,10551635
11980,105,72395,South Fork,2006,482,10572395
11981,105,99990,Unincorporated Rio Grande County,2006,5525,10599990
11982,107,0,ROUTT COUNTY,2006,21886,10700000
11983,107,35070,Hayden,2006,1676,10735070
11984,107,55155,Oak Creek,2006,861,10755155
11985,107,73825,Steamboat Springs,2006,11419,10773825
11986,107,86475,Yampa,2006,426,10786475
11987,107,99990,Unincorporated Routt County,2006,7504,10799990
11988,109,0,SAGUACHE COUNTY,2006,6241,10900000
11989,109,7571,Bonza City,2006,15,10907571
11990,109,12855,Center (Part),2006,2145,10912855
11991,109,18420,Crestone,2006,143,10918420
11992,109,51250,Moffat,2006,113,10951250
11993,109,67005,Saguache,2006,505,10967005
11994,109,99990,Unincorporated Saguache County,2006,3320,10999990
11995,111,0,SAN JUAN COUNTY,2006,672,11100000
11996,111,70580,Silverton,2006,623,11170580
11997,111,99990,Unincorporated San Juan County,2006,49,11199990
11998,113,0,SAN MIGUEL COUNTY,2006,7059,11300000
11999,113,52550,Mountain Village,2006,1188,11352550
12000,113,54880,Norwood,2006,470,11354880
12001,113,55870,Ophir,2006,146,11355870
12002,113,68655,Sawpit,2006,31,11368655
12003,113,76795,Telluride,2006,2183,11376795
12004,113,99990,Unincorporated San Miguel County,2006,3041,11399990
12005,115,0,SEDGWICK COUNTY,2006,2515,11500000
12006,115,39965,Julesburg,2006,1308,11539965
12007,115,56475,Ovid,2006,341,11556475
12008,115,68930,Sedgwick,2006,161,11568930
12009,115,99990,Unincorporated Sedgwick County,2006,705,11599990
12010,117,0,SUMMIT COUNTY,2006,26839,11700000
12011,117,7410,Blue River,2006,755,11707410
12012,117,8400,Breckenridge,2006,3536,11708400
12013,117,20440,Dillon,2006,816,11720440
12014,117,28690,Frisco,2006,2762,11728690
12015,117,40550,Keystone,2006,,11740555
12016,117,51690,Montezuma,2006,52,11751690
12017,117,70525,Silverthorne,2006,3730,11770525
12018,117,99990,Unincorporated Summit County,2006,15188,11799990
12019,119,0,TELLER COUNTY,2006,22791,11900000
12020,119,18530,Cripple Creek,2006,1141,11918530
12021,119,32650,Green Mountain Falls (Part),2006,34,11932650
12022,119,80865,Victor,2006,409,11980865
12023,119,86090,Woodland Park,2006,7210,11986090
12024,119,99990,Unincorporated Teller County,2006,13997,11999990
12025,121,0,WASHINGTON COUNTY,2006,4981,12100000
12026,121,925,Akron,2006,1803,12100925
12027,121,56365,Otis,2006,502,12156365
12028,121,99990,Unincorporated Washington County,2006,2676,12199990
12029,123,0,WELD COUNTY,2006,231283,12300000
12030,123,3950,Ault,2006,1426,12303950
12031,123,6255,Berthoud (Part),2006,54,12306255
12032,123,8675,Brighton (Part),2006,319,12308675
12033,123,19080,Dacono,2006,3786,12319080
12034,123,22860,Eaton,2006,4067,12322860
12035,123,24950,Erie (Part),2006,7502,12324950
12036,123,25280,Evans,2006,17164,12325280
12037,123,26600,Firestone,2006,8066,12326600
12038,123,27700,Fort Lupton,2006,7234,12327700
12039,123,28360,Frederick,2006,7253,12328360
12040,123,29185,Garden City,2006,259,12329185
12041,123,29955,Gilcrest,2006,1044,12329955
12042,123,32155,Greeley,2006,87656,12332155
12043,123,33310,Grover,2006,139,12333310
12044,123,37820,Hudson,2006,1487,12337820
12045,123,39855,Johnstown (Part),2006,7978,12339855
12046,123,40185,Keenesburg,2006,1084,12340185
12047,123,40515,Kersey,2006,1397,12340515
12048,123,43605,La Salle,2006,1859,12343605
12049,123,45530,Lochbuie (Part),2006,3794,12345530
12050,123,45970,Longmont (Part),2006,22,12345970
12051,123,49600,Mead,2006,2786,12349600
12052,123,50480,Milliken,2006,5336,12350480
12053,123,54330,Northglenn (Part),2006,12,12354330
12054,123,55045,Nunn,2006,438,12355045
12055,123,59005,Pierce,2006,826,12359005
12056,123,60160,Platteville,2006,2422,12360160
12057,123,63045,Raymer,2006,95,12363045
12058,123,69150,Severance,2006,2582,12369150
12059,123,77290,Thornton (Part),2006,0,12377290
12060,123,77510,Timnath (Part),2006,,12377510
12061,123,85485,Windsor (Part),2006,12317,12385485
12062,123,99990,Unincorporated Weld County,2006,40879,12399990
12063,125,0,YUMA COUNTY,2006,9917,12500000
12064,125,23025,Eckley,2006,262,12523025
12065,125,86310,Wray,2006,2227,12586310
12066,125,86750,Yuma,2006,3500,12586750
12067,125,99990,Unincorporated Yuma County,2006,3928,12599990
12068,999,3455,Arvada (Total),2006,103448,99903455
12069,999,4000,Aurora (Total),2006,300522,99904000
12070,999,4935,Basalt (Total),2006,3432,99904935
12071,999,6090,Bennett (Total),2006,2256,99906090
12072,999,6255,Berthoud (Total),2006,4928,99906255
12073,999,8070,Bow Mar (Total),2006,829,99908070
12074,999,8675,Brighton (Total),2006,29842,99908675
12075,999,12855,Center (Total),2006,2254,99912855
12076,999,12910,Central City (Total),2006,532,99912910
12077,999,24950,Erie (Total),2006,14811,99924950
12078,999,32650,Green Mountain Falls (Total),2006,650,99932650
12079,999,39855,Johnstown (Total),2006,8292,99939855
12080,999,45255,Littleton (Total),2006,40475,99945255
12081,999,45530,Lochbuie (Total),2006,3794,99945530
12082,999,45970,Longmont (Total),2006,82546,99945970
12083,999,54330,Northglenn (Total),2006,34605,99954330
12084,999,75640,Superior (Total),2006,11407,99975640
12085,999,77290,Thornton (Total),2006,107586,99977290
12086,999,77510,Timnath (Total),2006,268,99977510
12087,999,83835,Westminster (Total),2006,102850,99983835
12088,999,85485,Windsor (Total),2006,15313,99985485
12089,0,0,COLORADO STATE,2007,4821784,0
12090,1,0,ADAMS COUNTY,2007,415915,100000
12091,1,3455,Arvada (Part),2007,2751,103455
12092,1,4000,Aurora (Part),2007,38326,104000
12093,1,6090,Bennett (Part),2007,1908,106090
12094,1,8675,Brighton (Part),2007,30770,108675
12095,1,16495,Commerce City,2007,41587,116495
12096,1,26270,Federal Heights,2007,11099,126270
12097,1,45530,Lochbuie (Part),2007,2,145530
12098,1,54330,Northglenn (Part),2007,34573,154330
12099,1,77290,Thornton (Part),2007,110457,177290
12100,1,83835,Westminster (Part),2007,60231,183835
12101,1,99990,Unincorporated Adams County,2007,84211,199990
12102,3,0,ALAMOSA COUNTY,2007,15293,300000
12103,3,1090,Alamosa,2007,8808,301090
12104,3,37380,Hooper,2007,107,337380
12105,3,99990,Unincorporated Alamosa County,2007,6378,399990
12106,5,0,ARAPAHOE COUNTY,2007,545882,500000
12107,5,4000,Aurora (Part),2007,268603,504000
12108,5,6090,Bennett (Part),2007,339,506090
12109,5,8070,Bow Mar (Part),2007,575,508070
12110,5,12815,Centennial,2007,97387,512815
12111,5,13845,Cherry Hills Village,2007,5924,513845
12112,5,16385,Columbine Valley,2007,1237,516385
12113,5,19630,Deer Trail,2007,550,519630
12114,5,24785,Englewood,2007,30965,524785
12115,5,28105,Foxfield,2007,682,528105
12116,5,30340,Glendale,2007,4297,530340
12117,5,33035,Greenwood Village,2007,13701,533035
12118,5,45255,Littleton (Part),2007,38506,545255
12119,5,69645,Sheridan,2007,5540,569645
12120,5,99990,Unincorporated Arapahoe County,2007,77576,599990
12121,7,0,ARCHULETA COUNTY,2007,12108,700000
12122,7,56860,Pagosa Springs,2007,1671,756860
12123,7,99990,Unincorporated Archuleta County,2007,10437,799990
12124,9,0,BACA COUNTY,2007,3993,900000
12125,9,11645,Campo,2007,120,911645
12126,9,61315,Pritchett,2007,140,961315
12127,9,73330,Springfield,2007,1484,973330
12128,9,79270,Two Buttes,2007,49,979270
12129,9,81030,Vilas,2007,112,981030
12130,9,82460,Walsh,2007,605,982460
12131,9,99990,Unincorporated Baca County,2007,1483,999990
12132,11,0,BENT COUNTY,2007,5773,1100000
12133,11,43660,Las Animas,2007,2361,1143660
12134,11,99990,Unincorporated Bent County,2007,3412,1199990
12135,13,0,BOULDER COUNTY,2007,288757,1300000
12136,13,7850,Boulder,2007,96877,1307850
12137,13,24950,Erie (Part),2007,7628,1324950
12138,13,39195,Jamestown,2007,286,1339195
12139,13,41835,Lafayette,2007,23942,1341835
12140,13,45970,Longmont (Part),2007,83650,1345970
12141,13,46355,Louisville,2007,18055,1346355
12142,13,47070,Lyons,2007,1821,1347070
12143,13,53175,Nederland,2007,1425,1353175
12144,13,75640,Superior (Part),2007,11651,1375640
12145,13,82735,Ward,2007,156,1382735
12146,13,99990,Unincorporated Boulder County,2007,43266,1399990
12147,14,0,BROOMFIELD COUNTY,2007,53328,1400000
12148,14,9280,Broomfield,2007,53328,1409280
12149,15,0,CHAFFEE COUNTY,2007,17238,1500000
12150,15,10105,Buena Vista,2007,2498,1510105
12151,15,60600,Poncha Springs,2007,668,1560600
12152,15,67280,Salida,2007,5131,1567280
12153,15,99990,Unincorporated Chaffee County,2007,8941,1599990
12154,17,0,CHEYENNE COUNTY,2007,1910,1700000
12155,17,14175,Cheyenne Wells,2007,877,1714175
12156,17,41010,Kit Carson,2007,233,1741010
12157,17,99990,Unincorporated Cheyenne County,2007,800,1799990
12158,19,0,CLEAR CREEK COUNTY,2007,9333,1900000
12159,19,12910,Central City (Part),2007,0,1912910
12160,19,24620,Empire,2007,357,1924620
12161,19,29735,Georgetown,2007,1054,1929735
12162,19,38370,Idaho Springs,2007,1793,1938370
12163,19,70360,Silver Plume,2007,182,1970360
12164,19,99990,Unincorporated Clear Creek County,2007,5947,1999990
12165,21,0,CONEJOS COUNTY,2007,8433,2100000
12166,21,2355,Antonito,2007,805,2102355
12167,21,42055,La Jara,2007,835,2142055
12168,21,48060,Massa,2007,1004,2148060
12169,21,65740,Romeo,2007,426,2165740
12170,21,67830,Sanford,2007,861,2167830
12171,21,99990,Unincorporated Conejos County,2007,4502,2199990
12172,23,0,COSTILLA COUNTY,2007,3676,2300000
12173,23,7190,Blanca,2007,401,2307190
12174,23,68105,San Luis,2007,683,2368105
12175,23,99990,Unincorporated Costilla County,2007,2592,2399990
12176,25,0,CROWLEY COUNTY,2007,5907,2500000
12177,25,18750,Crowley,2007,170,2518750
12178,25,55705,Olney Springs,2007,334,2555705
12179,25,56145,Ordway,2007,1057,2556145
12180,25,74815,Sugar City,2007,246,2574815
12181,25,99990,Unincorporated Crowley County,2007,4100,2599990
12182,27,0,CUSTER COUNTY,2007,4130,2700000
12183,27,70250,Silver Cliff,2007,603,2770250
12184,27,83450,Westcliffe,2007,447,2783450
12185,27,99990,Unincorporated Custer County,2007,3080,2799990
12186,29,0,DELTA COUNTY,2007,29877,2900000
12187,29,12635,Cedaredge,2007,2133,2912635
12188,29,17925,Crawford,2007,401,2917925
12189,29,19850,Delta,2007,8400,2919850
12190,29,37545,Hotchkiss,2007,934,2937545
12191,29,55980,Orchard City,2007,3000,2955980
12192,29,57300,Paonia,2007,1439,2957300
12193,29,99990,Unincorporated Delta County,2007,13570,2999990
12194,31,0,DENVER COUNTY,2007,570437,3100000
12195,31,20000,Denver,2007,570437,3120000
12196,33,0,DOLORES COUNTY,2007,2001,3300000
12197,33,21265,Dove Creek,2007,723,3321265
12198,33,64090,Rico,2007,258,3364090
12199,33,99990,Unincorporated Dolores County,2007,1020,3399990
12200,35,0,DOUGLAS COUNTY,2007,268599,3500000
12201,35,4000,Aurora (Part),2007,6,3504000
12202,35,12387,Castle Pines,2007,9829,3512390
12203,35,12415,Castle Rock,2007,43782,3512415
12204,35,43550,Larkspur,2007,185,3543550
12205,35,45255,Littleton (Part),2007,40,3545255
12206,35,45955,Lone Tree,2007,9877,3545955
12207,35,57630,Parker,2007,42910,3557630
12208,35,99990,Unincorporated Douglas County,2007,161970,3599990
12209,37,0,EAGLE COUNTY,2007,49284,3700000
12210,37,4110,Avon,2007,6524,3704110
12211,37,4935,Basalt (Part),2007,2630,3704935
12212,37,22200,Eagle,2007,5371,3722200
12213,37,33695,Gypsum,2007,5528,3733695
12214,37,50920,Minturn,2007,1100,3750920
12215,37,63265,Red Cliff,2007,293,3763265
12216,37,80040,Vail,2007,4592,3780040
12217,37,99990,Unincorporated Eagle County,2007,23246,3799990
12218,39,0,ELBERT COUNTY,2007,22478,3900000
12219,39,23740,Elizabeth,2007,1372,3923740
12220,39,40790,Kiowa,2007,670,3940790
12221,39,70635,Simla,2007,633,3970635
12222,39,99990,Unincorporated Elbert County,2007,19803,3999990
12223,41,0,EL PASO COUNTY,2007,588772,4100000
12224,41,11260,Calhan,2007,786,4111260
12225,41,16000,Colorado Springs,2007,396677,4116000
12226,41,27865,Fountain,2007,23149,4127865
12227,41,32650,Green Mountain Falls (Part),2007,604,4132650
12228,41,48445,Manitou Springs,2007,4865,4148445
12229,41,51800,Monument,2007,5036,4151800
12230,41,57025,Palmer Lake,2007,2312,4157025
12231,41,62660,Ramah,2007,121,4162660
12232,41,99990,Unincorporated El Paso County,2007,155222,4199990
12233,43,0,FREMONT COUNTY,2007,46654,4300000
12234,43,9115,Brookside,2007,225,4309115
12235,43,11810,Canon City,2007,16213,4311810
12236,43,15330,Coal Creek,2007,345,4315330
12237,43,27040,Florence,2007,3790,4327040
12238,43,64970,Rockvale,2007,467,4364970
12239,43,85155,Williamsburg,2007,694,4385155
12240,43,99990,Unincorporated Fremont County,2007,24920,4399990
12241,45,0,GARFIELD COUNTY,2007,52676,4500000
12242,45,12030,Carbonate,2007,0,4512030
12243,45,12045,Carbondale,2007,5933,4512045
12244,45,30780,Glenwood Springs,2007,9055,4530780
12245,45,53395,New Castle,2007,3998,4553395
12246,45,57400,Parachute,2007,1103,4557400
12247,45,64255,Rifle,2007,8576,4564255
12248,45,70195,Silt,2007,2604,4570195
12249,45,99990,Unincorporated Garfield County,2007,21407,4599990
12250,47,0,GILPIN COUNTY,2007,4964,4700000
12251,47,7025,Black Hawk,2007,108,4707025
12252,47,12910,Central City (Part),2007,564,4712910
12253,47,99990,Unincorporated Gilpin County,2007,4292,4799990
12254,49,0,GRAND COUNTY,2007,14339,4900000
12255,49,28305,Fraser,2007,1064,4928305
12256,49,31605,Granby,2007,2881,4931605
12257,49,31715,Grand Lake,2007,396,4931715
12258,49,37600,Hot Sulphur Springs,2007,632,4937600
12259,49,41560,Kremmling,2007,1478,4941560
12260,49,85705,Winter Park,2007,887,4985705
12261,49,99990,Unincorporated Grand County,2007,7001,4999990
12262,51,0,GUNNISON COUNTY,2007,14957,5100000
12263,51,18310,Crested Butte,2007,1506,5118310
12264,51,33640,Gunnison,2007,5609,5133640
12265,51,48555,Marble,2007,123,5148555
12266,51,52570,Mount Crested Butte,2007,805,5152570
12267,51,59830,Pitkin,2007,80,5159830
12268,51,99990,Unincorporated Gunnison County,2007,6834,5199990
12269,53,0,HINSDALE COUNTY,2007,845,5300000
12270,53,42330,Lake City,2007,428,5342330
12271,53,99990,Unincorporated Hinsdale County,2007,417,5399990
12272,55,0,HUERFANO COUNTY,2007,7658,5500000
12273,55,44100,La Veta,2007,798,5544100
12274,55,82350,Walsenburg,2007,4078,5582350
12275,55,99990,Unincorporated Huerfano County,2007,2782,5599990
12276,57,0,JACKSON COUNTY,2007,1422,5700000
12277,57,82130,Walden,2007,623,5782130
12278,57,99990,Unincorporated Jackson County,2007,799,5799990
12279,59,0,JEFFERSON COUNTY,2007,527120,5900000
12280,59,3455,Arvada (Part),2007,101901,5903455
12281,59,8070,Bow Mar (Part),2007,260,5908070
12282,59,23135,Edgewater,2007,5162,5923135
12283,59,30835,Golden,2007,17430,5930835
12284,59,42495,Lakeside,2007,11,5942495
12285,59,43000,Lakewood,2007,141919,5943000
12286,59,45255,Littleton (Part),2007,1733,5945255
12287,59,52075,Morrison,2007,432,5952075
12288,59,52350,Mountain View,2007,511,5952350
12289,59,75640,Superior (Part),2007,0,5975640
12290,59,83835,Westminster (Part),2007,42763,5983835
12291,59,84440,Wheat Ridge,2007,30517,5984440
12292,59,99990,Unincorporated Jefferson County,2007,184481,5999990
12293,61,0,KIOWA COUNTY,2007,1471,6100000
12294,61,22145,Eads,2007,656,6122145
12295,61,34740,Haswell,2007,74,6134740
12296,61,69700,Sheridan Lake,2007,82,6169700
12297,61,99990,Unincorporated Kiowa County,2007,659,6199990
12298,63,0,KIT CARSON COUNTY,2007,7835,6300000
12299,63,6530,Bethune,2007,216,6306530
12300,63,10600,Burlington,2007,3986,6310600
12301,63,26765,Flagler,2007,551,6326765
12302,63,69040,Seibert,2007,165,6369040
12303,63,74485,Stratton,2007,620,6374485
12304,63,81690,Vona,2007,96,6381690
12305,63,99990,Unincorporated Kit Carson County,2007,2201,6399990
12306,65,0,LAKE COUNTY,2007,7271,6500000
12307,65,44320,Leadville,2007,2483,6544320
12308,65,99990,Unincorporated Lake County,2007,4788,6599990
12309,67,0,LA PLATA COUNTY,2007,49146,6700000
12310,67,5265,Bayfield,2007,2184,6705265
12311,67,22035,Durango,2007,16414,6722035
12312,67,38535,Ignacio,2007,714,6738535
12313,67,99990,Unincorporated La Plata County,2007,29834,6799990
12314,69,0,LARIMER COUNTY,2007,286754,6900000
12315,69,6255,Berthoud (Part),2007,4904,6906255
12316,69,25115,Estes Park,2007,5821,6925115
12317,69,27425,Fort Collins,2007,137485,6927425
12318,69,39855,Johnstown (Part),2007,372,6939855
12319,69,46465,Loveland,2007,63222,6946465
12320,69,77510,Timnath (Part),2007,292,6977510
12321,69,83230,Wellington,2007,5924,6983230
12322,69,85485,Windsor (Part),2007,3492,6985485
12323,69,99990,Unincorporated Larimer County,2007,65242,6999990
12324,71,0,LAS ANIMAS COUNTY,2007,15525,7100000
12325,71,760,Aguilar,2007,550,7100760
12326,71,8345,Branson,2007,75,7108345
12327,71,15550,Cokedale,2007,132,7115550
12328,71,40570,Kim,2007,72,7140570
12329,71,73715,Starkville,2007,74,7173715
12330,71,78610,Trinidad,2007,8993,7178610
12331,71,99990,Unincorporated Las Animas County,2007,5629,7199990
12332,73,0,LINCOLN COUNTY,2007,5571,7300000
12333,73,3235,Arriba,2007,198,7303235
12334,73,29680,Genoa,2007,150,7329680
12335,73,37875,Hugo,2007,717,7337875
12336,73,44980,Limon,2007,2001,7344980
12337,73,99990,Unincorporated Lincoln County,2007,2505,7399990
12338,75,0,LOGAN COUNTY,2007,22403,7500000
12339,75,18640,Crook,2007,122,7518640
12340,75,26875,Fleming,2007,440,7526875
12341,75,38590,Iliff,2007,267,7538590
12342,75,50040,Merino,2007,300,7550040
12343,75,58235,Peetz,2007,247,7558235
12344,75,73935,Sterling,2007,13917,7573935
12345,75,99990,Unincorporated Logan County,2007,7110,7599990
12346,77,0,MESA COUNTY,2007,137390,7700000
12347,77,15605,Collbran,2007,662,7715605
12348,77,19355,De Beque,2007,486,7719355
12349,77,28745,Fruita,2007,11386,7728745
12350,77,31660,Grand Junction,2007,55079,7731660
12351,77,56970,Palisade,2007,2761,7756970
12352,77,99990,Unincorporated Mesa County,2007,67016,7799990
12353,79,0,MINERAL COUNTY,2007,803,7900000
12354,79,14765,City of Creede,2007,334,7914765
12355,79,99990,Unincorporated Mineral County,2007,469,7999990
12356,81,0,MOFFAT COUNTY,2007,13270,8100000
12357,81,17760,Craig,2007,9100,8117760
12358,81,20495,Dinosaur,2007,325,8120495
12359,81,99990,Unincorporated Moffat County,2007,3845,8199990
12360,83,0,MONTEZUMA COUNTY,2007,25177,8300000
12361,83,17375,Cortez,2007,8495,8317375
12362,83,20770,Dolores,2007,914,8320770
12363,83,48115,Mancos,2007,1242,8348115
12364,83,99990,Unincorporated Montezuma County,2007,14526,8399990
12365,85,0,MONTROSE COUNTY,2007,39131,8500000
12366,85,51745,Montrose,2007,17539,8551745
12367,85,53120,Naturita,2007,566,8553120
12368,85,54935,Nucla,2007,704,8554935
12369,85,55540,Olathe,2007,1811,8555540
12370,85,99990,Unincorporated Montrose County,2007,18511,8599990
12371,87,0,MORGAN COUNTY,2007,27848,8700000
12372,87,9555,Brush,2007,5447,8709555
12373,87,27810,Fort Morgan,2007,11050,8727810
12374,87,36610,Hillrose,2007,263,8736610
12375,87,45695,Log Lane Village,2007,895,8745695
12376,87,84770,Wiggins,2007,904,8784770
12377,87,99990,Unincorporated Morgan County,2007,9289,8799990
12378,89,0,OTERO COUNTY,2007,18937,8900000
12379,89,13460,Cheraw,2007,230,8913460
12380,89,27975,Fowler,2007,1172,8927975
12381,89,42110,La Junta,2007,7075,8942110
12382,89,48500,Manzanola,2007,453,8948500
12383,89,65190,Rocky Ford,2007,4006,8965190
12384,89,75970,Swink,2007,635,8975970
12385,89,99990,Unincorporated Otero County,2007,5366,8999990
12386,91,0,OURAY COUNTY,2007,4274,9100000
12387,91,56420,Ouray,2007,939,9156420
12388,91,64200,Ridgway,2007,912,9164200
12389,91,99990,Unincorporated Ouray County,2007,2423,9199990
12390,93,0,PARK COUNTY,2007,16336,9300000
12391,93,1530,Alma,2007,282,9301530
12392,93,25610,Fairplay,2007,679,9325610
12393,93,99990,Unincorporated Park County,2007,15375,9399990
12394,95,0,PHILLIPS COUNTY,2007,4484,9500000
12395,95,34960,Haxtun,2007,972,9534960
12396,95,37270,Holyoke,2007,2303,9537270
12397,95,57245,Paoli,2007,35,9557245
12398,95,99990,Unincorporated Phillips County,2007,1174,9599990
12399,97,0,PITKIN COUNTY,2007,16236,9700000
12400,97,3620,Aspen,2007,6523,9703620
12401,97,4935,Basalt (Part),2007,918,9704935
12402,97,71755,Snowmass Village,2007,2312,9771755
12403,97,99990,Unincorporated Pitkin County,2007,6483,9799990
12404,99,0,PROWERS COUNTY,2007,12772,9900000
12405,99,31550,Granada,2007,538,9931550
12406,99,34520,Hartman,2007,87,9934520
12407,99,37215,Holly,2007,830,9937215
12408,99,43110,Lamar,2007,7928,9943110
12409,99,85045,Wiley,2007,416,9985045
12410,99,99990,Unincorporated Prowers County,2007,2973,9999990
12411,101,0,PUEBLO COUNTY,2007,154759,10100000
12412,101,7795,Boone,2007,334,10107795
12413,101,62000,Pueblo,2007,104808,10162000
12414,101,66895,Rye,2007,161,10166895
12415,101,99990,Unincorporated Pueblo County,2007,49456,10199990
12416,103,0,RIO BLANCO COUNTY,2007,6093,10300000
12417,103,49875,Meeker,2007,2258,10349875
12418,103,62880,Rangely,2007,2120,10362880
12419,103,99990,Unincorporated Rio Blanco County,2007,1715,10399990
12420,105,0,RIO GRANDE COUNTY,2007,12167,10500000
12421,105,12855,Center (Part),2007,129,10512855
12422,105,19795,Del Norte,2007,1704,10519795
12423,105,51635,Monte Vista,2007,4467,10551635
12424,105,72395,South Fork,2007,450,10572395
12425,105,99990,Unincorporated Rio Grande County,2007,5417,10599990
12426,107,0,ROUTT COUNTY,2007,22415,10700000
12427,107,35070,Hayden,2007,1687,10735070
12428,107,55155,Oak Creek,2007,866,10755155
12429,107,73825,Steamboat Springs,2007,11756,10773825
12430,107,86475,Yampa,2007,424,10786475
12431,107,99990,Unincorporated Routt County,2007,7682,10799990
12432,109,0,SAGUACHE COUNTY,2007,6159,10900000
12433,109,7571,Bonza City,2007,15,10907571
12434,109,12855,Center (Part),2007,2069,10912855
12435,109,18420,Crestone,2007,143,10918420
12436,109,51250,Moffat,2007,114,10951250
12437,109,67005,Saguache,2007,523,10967005
12438,109,99990,Unincorporated Saguache County,2007,3295,10999990
12439,111,0,SAN JUAN COUNTY,2007,686,11100000
12440,111,70580,Silverton,2007,634,11170580
12441,111,99990,Unincorporated San Juan County,2007,52,11199990
12442,113,0,SAN MIGUEL COUNTY,2007,7276,11300000
12443,113,52550,Mountain Village,2007,1281,11352550
12444,113,54880,Norwood,2007,491,11354880
12445,113,55870,Ophir,2007,140,11355870
12446,113,68655,Sawpit,2007,29,11368655
12447,113,76795,Telluride,2007,2239,11376795
12448,113,99990,Unincorporated San Miguel County,2007,3096,11399990
12449,115,0,SEDGWICK COUNTY,2007,2422,11500000
12450,115,39965,Julesburg,2007,1252,11539965
12451,115,56475,Ovid,2007,339,11556475
12452,115,68930,Sedgwick,2007,152,11568930
12453,115,99990,Unincorporated Sedgwick County,2007,679,11599990
12454,117,0,SUMMIT COUNTY,2007,27163,11700000
12455,117,7410,Blue River,2007,764,11707410
12456,117,8400,Breckenridge,2007,3651,11708400
12457,117,20440,Dillon,2007,820,11720440
12458,117,28690,Frisco,2007,2782,11728690
12459,117,40550,Keystone,2007,,11740555
12460,117,51690,Montezuma,2007,55,11751690
12461,117,70525,Silverthorne,2007,3823,11770525
12462,117,99990,Unincorporated Summit County,2007,15268,11799990
12463,119,0,TELLER COUNTY,2007,23164,11900000
12464,119,18530,Cripple Creek,2007,1161,11918530
12465,119,32650,Green Mountain Falls (Part),2007,32,11932650
12466,119,80865,Victor,2007,412,11980865
12467,119,86090,Woodland Park,2007,7224,11986090
12468,119,99990,Unincorporated Teller County,2007,14335,11999990
12469,121,0,WASHINGTON COUNTY,2007,4927,12100000
12470,121,925,Akron,2007,1778,12100925
12471,121,56365,Otis,2007,494,12156365
12472,121,99990,Unincorporated Washington County,2007,2655,12199990
12473,123,0,WELD COUNTY,2007,238279,12300000
12474,123,3950,Ault,2007,1451,12303950
12475,123,6255,Berthoud (Part),2007,56,12306255
12476,123,8675,Brighton (Part),2007,325,12308675
12477,123,19080,Dacono,2007,3963,12319080
12478,123,22860,Eaton,2007,4168,12322860
12479,123,24950,Erie (Part),2007,8305,12324950
12480,123,25280,Evans,2007,17745,12325280
12481,123,26600,Firestone,2007,8822,12326600
12482,123,27700,Fort Lupton,2007,7315,12327700
12483,123,28360,Frederick,2007,7830,12328360
12484,123,29185,Garden City,2007,252,12329185
12485,123,29955,Gilcrest,2007,1041,12329955
12486,123,32155,Greeley,2007,89050,12332155
12487,123,33310,Grover,2007,138,12333310
12488,123,37820,Hudson,2007,1481,12337820
12489,123,39855,Johnstown (Part),2007,8521,12339855
12490,123,40185,Keenesburg,2007,1095,12340185
12491,123,40515,Kersey,2007,1411,12340515
12492,123,43605,La Salle,2007,1894,12343605
12493,123,45530,Lochbuie (Part),2007,4216,12345530
12494,123,45970,Longmont (Part),2007,20,12345970
12495,123,49600,Mead,2007,3044,12349600
12496,123,50480,Milliken,2007,5479,12350480
12497,123,54330,Northglenn (Part),2007,12,12354330
12498,123,55045,Nunn,2007,429,12355045
12499,123,59005,Pierce,2007,826,12359005
12500,123,60160,Platteville,2007,2442,12360160
12501,123,63045,Raymer,2007,95,12363045
12502,123,69150,Severance,2007,2891,12369150
12503,123,77290,Thornton (Part),2007,0,12377290
12504,123,77510,Timnath (Part),2007,,12377510
12505,123,85485,Windsor (Part),2007,13320,12385485
12506,123,99990,Unincorporated Weld County,2007,40642,12399990
12507,125,0,YUMA COUNTY,2007,9881,12500000
12508,125,23025,Eckley,2007,259,12523025
12509,125,86310,Wray,2007,2220,12586310
12510,125,86750,Yuma,2007,3514,12586750
12511,125,99990,Unincorporated Yuma County,2007,3888,12599990
12512,999,3455,Arvada (Total),2007,104652,99903455
12513,999,4000,Aurora (Total),2007,306935,99904000
12514,999,4935,Basalt (Total),2007,3548,99904935
12515,999,6090,Bennett (Total),2007,2247,99906090
12516,999,6255,Berthoud (Total),2007,4960,99906255
12517,999,8070,Bow Mar (Total),2007,835,99908070
12518,999,8675,Brighton (Total),2007,31095,99908675
12519,999,12855,Center (Total),2007,2198,99912855
12520,999,12910,Central City (Total),2007,564,99912910
12521,999,24950,Erie (Total),2007,15933,99924950
12522,999,32650,Green Mountain Falls (Total),2007,636,99932650
12523,999,39855,Johnstown (Total),2007,8893,99939855
12524,999,45255,Littleton (Total),2007,40279,99945255
12525,999,45530,Lochbuie (Total),2007,4218,99945530
12526,999,45970,Longmont (Total),2007,83670,99945970
12527,999,54330,Northglenn (Total),2007,34585,99954330
12528,999,75640,Superior (Total),2007,11651,99975640
12529,999,77290,Thornton (Total),2007,110457,99977290
12530,999,77510,Timnath (Total),2007,292,99977510
12531,999,83835,Westminster (Total),2007,102994,99983835
12532,999,85485,Windsor (Total),2007,16812,99985485
12533,0,0,COLORADO STATE,2008,4901938,0
12534,1,0,ADAMS COUNTY,2008,425138,100000
12535,1,3455,Arvada (Part),2008,2774,103455
12536,1,4000,Aurora (Part),2008,38661,104000
12537,1,6090,Bennett (Part),2008,1920,106090
12538,1,8675,Brighton (Part),2008,31692,108675
12539,1,16495,Commerce City,2008,43225,116495
12540,1,26270,Federal Heights,2008,11220,126270
12541,1,45530,Lochbuie (Part),2008,2,145530
12542,1,54330,Northglenn (Part),2008,34909,154330
12543,1,77290,Thornton (Part),2008,113992,177290
12544,1,83835,Westminster (Part),2008,61245,183835
12545,1,99990,Unincorporated Adams County,2008,85498,199990
12546,3,0,ALAMOSA COUNTY,2008,15346,300000
12547,3,1090,Alamosa,2008,8828,301090
12548,3,37380,Hooper,2008,104,337380
12549,3,99990,Unincorporated Alamosa County,2008,6414,399990
12550,5,0,ARAPAHOE COUNTY,2008,556246,500000
12551,5,4000,Aurora (Part),2008,274546,504000
12552,5,6090,Bennett (Part),2008,343,506090
12553,5,8070,Bow Mar (Part),2008,577,508070
12554,5,12815,Centennial,2008,98260,512815
12555,5,13845,Cherry Hills Village,2008,5945,513845
12556,5,16385,Columbine Valley,2008,1256,516385
12557,5,19630,Deer Trail,2008,548,519630
12558,5,24785,Englewood,2008,30943,524785
12559,5,28105,Foxfield,2008,692,528105
12560,5,30340,Glendale,2008,4261,530340
12561,5,33035,Greenwood Village,2008,14061,533035
12562,5,45255,Littleton (Part),2008,38516,545255
12563,5,69645,Sheridan,2008,5596,569645
12564,5,99990,Unincorporated Arapahoe County,2008,80702,599990
12565,7,0,ARCHULETA COUNTY,2008,12074,700000
12566,7,56860,Pagosa Springs,2008,1684,756860
12567,7,99990,Unincorporated Archuleta County,2008,10390,799990
12568,9,0,BACA COUNTY,2008,3906,900000
12569,9,11645,Campo,2008,115,911645
12570,9,61315,Pritchett,2008,141,961315
12571,9,73330,Springfield,2008,1466,973330
12572,9,79270,Two Buttes,2008,46,979270
12573,9,81030,Vilas,2008,112,981030
12574,9,82460,Walsh,2008,583,982460
12575,9,99990,Unincorporated Baca County,2008,1443,999990
12576,11,0,BENT COUNTY,2008,6008,1100000
12577,11,43660,Las Animas,2008,2370,1143660
12578,11,99990,Unincorporated Bent County,2008,3638,1199990
12579,13,0,BOULDER COUNTY,2008,291827,1300000
12580,13,7850,Boulder,2008,97740,1307850
12581,13,24950,Erie (Part),2008,7952,1324950
12582,13,39195,Jamestown,2008,290,1339195
12583,13,41835,Lafayette,2008,24003,1341835
12584,13,45970,Longmont (Part),2008,84662,1345970
12585,13,46355,Louisville,2008,18271,1346355
12586,13,47070,Lyons,2008,1972,1347070
12587,13,53175,Nederland,2008,1430,1353175
12588,13,75640,Superior (Part),2008,11930,1375640
12589,13,82735,Ward,2008,153,1382735
12590,13,99990,Unincorporated Boulder County,2008,43424,1399990
12591,14,0,BROOMFIELD COUNTY,2008,54400,1400000
12592,14,9280,Broomfield,2008,54400,1409280
12593,15,0,CHAFFEE COUNTY,2008,17403,1500000
12594,15,10105,Buena Vista,2008,2544,1510105
12595,15,60600,Poncha Springs,2008,731,1560600
12596,15,67280,Salida,2008,5153,1567280
12597,15,99990,Unincorporated Chaffee County,2008,8975,1599990
12598,17,0,CHEYENNE COUNTY,2008,1898,1700000
12599,17,14175,Cheyenne Wells,2008,871,1714175
12600,17,41010,Kit Carson,2008,236,1741010
12601,17,99990,Unincorporated Cheyenne County,2008,791,1799990
12602,19,0,CLEAR CREEK COUNTY,2008,9294,1900000
12603,19,12910,Central City (Part),2008,0,1912910
12604,19,24620,Empire,2008,354,1924620
12605,19,29735,Georgetown,2008,1040,1929735
12606,19,38370,Idaho Springs,2008,1770,1938370
12607,19,70360,Silver Plume,2008,179,1970360
12608,19,99990,Unincorporated Clear Creek County,2008,5951,1999990
12609,21,0,CONEJOS COUNTY,2008,8384,2100000
12610,21,2355,Antonito,2008,794,2102355
12611,21,42055,La Jara,2008,833,2142055
12612,21,48060,Massa,2008,998,2148060
12613,21,65740,Romeo,2008,426,2165740
12614,21,67830,Sanford,2008,867,2167830
12615,21,99990,Unincorporated Conejos County,2008,4466,2199990
12616,23,0,COSTILLA COUNTY,2008,3611,2300000
12617,23,7190,Blanca,2008,395,2307190
12618,23,68105,San Luis,2008,661,2368105
12619,23,99990,Unincorporated Costilla County,2008,2555,2399990
12620,25,0,CROWLEY COUNTY,2008,5893,2500000
12621,25,18750,Crowley,2008,165,2518750
12622,25,55705,Olney Springs,2008,326,2555705
12623,25,56145,Ordway,2008,1036,2556145
12624,25,74815,Sugar City,2008,241,2574815
12625,25,99990,Unincorporated Crowley County,2008,4125,2599990
12626,27,0,CUSTER COUNTY,2008,4119,2700000
12627,27,70250,Silver Cliff,2008,587,2770250
12628,27,83450,Westcliffe,2008,437,2783450
12629,27,99990,Unincorporated Custer County,2008,3095,2799990
12630,29,0,DELTA COUNTY,2008,30342,2900000
12631,29,12635,Cedaredge,2008,2178,2912635
12632,29,17925,Crawford,2008,409,2917925
12633,29,19850,Delta,2008,8674,2919850
12634,29,37545,Hotchkiss,2008,935,2937545
12635,29,55980,Orchard City,2008,3056,2955980
12636,29,57300,Paonia,2008,1439,2957300
12637,29,99990,Unincorporated Delta County,2008,13651,2999990
12638,31,0,DENVER COUNTY,2008,581903,3100000
12639,31,20000,Denver,2008,581903,3120000
12640,33,0,DOLORES COUNTY,2008,2074,3300000
12641,33,21265,Dove Creek,2008,745,3321265
12642,33,64090,Rico,2008,267,3364090
12643,33,99990,Unincorporated Dolores County,2008,1062,3399990
12644,35,0,DOUGLAS COUNTY,2008,276740,3500000
12645,35,4000,Aurora (Part),2008,46,3504000
12646,35,12387,Castle Pines,2008,9898,3512390
12647,35,12415,Castle Rock,2008,46145,3512415
12648,35,43550,Larkspur,2008,185,3543550
12649,35,45255,Littleton (Part),2008,36,3545255
12650,35,45955,Lone Tree,2008,10058,3545955
12651,35,57630,Parker,2008,44147,3557630
12652,35,99990,Unincorporated Douglas County,2008,166225,3599990
12653,37,0,EAGLE COUNTY,2008,50301,3700000
12654,37,4110,Avon,2008,6546,3704110
12655,37,4935,Basalt (Part),2008,2728,3704935
12656,37,22200,Eagle,2008,5762,3722200
12657,37,33695,Gypsum,2008,5697,3733695
12658,37,50920,Minturn,2008,1109,3750920
12659,37,63265,Red Cliff,2008,294,3763265
12660,37,80040,Vail,2008,4637,3780040
12661,37,99990,Unincorporated Eagle County,2008,23528,3799990
12662,39,0,ELBERT COUNTY,2008,22663,3900000
12663,39,23740,Elizabeth,2008,1355,3923740
12664,39,40790,Kiowa,2008,684,3940790
12665,39,70635,Simla,2008,620,3970635
12666,39,99990,Unincorporated Elbert County,2008,20004,3999990
12667,41,0,EL PASO COUNTY,2008,599060,4100000
12668,41,11260,Calhan,2008,780,4111260
12669,41,16000,Colorado Springs,2008,403267,4116000
12670,41,27865,Fountain,2008,24380,4127865
12671,41,32650,Green Mountain Falls (Part),2008,599,4132650
12672,41,48445,Manitou Springs,2008,4898,4148445
12673,41,51800,Monument,2008,5283,4151800
12674,41,57025,Palmer Lake,2008,2351,4157025
12675,41,62660,Ramah,2008,121,4162660
12676,41,99990,Unincorporated El Paso County,2008,157381,4199990
12677,43,0,FREMONT COUNTY,2008,46774,4300000
12678,43,9115,Brookside,2008,223,4309115
12679,43,11810,Canon City,2008,16280,4311810
12680,43,15330,Coal Creek,2008,346,4315330
12681,43,27040,Florence,2008,3783,4327040
12682,43,64970,Rockvale,2008,471,4364970
12683,43,85155,Williamsburg,2008,684,4385155
12684,43,99990,Unincorporated Fremont County,2008,24987,4399990
12685,45,0,GARFIELD COUNTY,2008,54226,4500000
12686,45,12030,Carbonate,2008,0,4512030
12687,45,12045,Carbondale,2008,6113,4512045
12688,45,30780,Glenwood Springs,2008,9186,4530780
12689,45,53395,New Castle,2008,4181,4553395
12690,45,57400,Parachute,2008,1099,4557400
12691,45,64255,Rifle,2008,8899,4564255
12692,45,70195,Silt,2008,2746,4570195
12693,45,99990,Unincorporated Garfield County,2008,22002,4599990
12694,47,0,GILPIN COUNTY,2008,5084,4700000
12695,47,7025,Black Hawk,2008,111,4707025
12696,47,12910,Central City (Part),2008,598,4712910
12697,47,99990,Unincorporated Gilpin County,2008,4375,4799990
12698,49,0,GRAND COUNTY,2008,14535,4900000
12699,49,28305,Fraser,2008,1039,4928305
12700,49,31605,Granby,2008,3096,4931605
12701,49,31715,Grand Lake,2008,405,4931715
12702,49,37600,Hot Sulphur Springs,2008,651,4937600
12703,49,41560,Kremmling,2008,1505,4941560
12704,49,85705,Winter Park,2008,859,4985705
12705,49,99990,Unincorporated Grand County,2008,6980,4999990
12706,51,0,GUNNISON COUNTY,2008,15137,5100000
12707,51,18310,Crested Butte,2008,1484,5118310
12708,51,33640,Gunnison,2008,5719,5133640
12709,51,48555,Marble,2008,126,5148555
12710,51,52570,Mount Crested Butte,2008,814,5152570
12711,51,59830,Pitkin,2008,74,5159830
12712,51,99990,Unincorporated Gunnison County,2008,6920,5199990
12713,53,0,HINSDALE COUNTY,2008,824,5300000
12714,53,42330,Lake City,2008,420,5342330
12715,53,99990,Unincorporated Hinsdale County,2008,404,5399990
12716,55,0,HUERFANO COUNTY,2008,7680,5500000
12717,55,44100,La Veta,2008,804,5544100
12718,55,82350,Walsenburg,2008,4080,5582350
12719,55,99990,Unincorporated Huerfano County,2008,2796,5599990
12720,57,0,JACKSON COUNTY,2008,1381,5700000
12721,57,82130,Walden,2008,602,5782130
12722,57,99990,Unincorporated Jackson County,2008,779,5799990
12723,59,0,JEFFERSON COUNTY,2008,530565,5900000
12724,59,3455,Arvada (Part),2008,103006,5903455
12725,59,8070,Bow Mar (Part),2008,263,5908070
12726,59,23135,Edgewater,2008,5161,5923135
12727,59,30835,Golden,2008,17512,5930835
12728,59,42495,Lakeside,2008,10,5942495
12729,59,43000,Lakewood,2008,143055,5943000
12730,59,45255,Littleton (Part),2008,1744,5945255
12731,59,52075,Morrison,2008,436,5952075
12732,59,52350,Mountain View,2008,510,5952350
12733,59,75640,Superior (Part),2008,0,5975640
12734,59,83835,Westminster (Part),2008,42691,5983835
12735,59,84440,Wheat Ridge,2008,30483,5984440
12736,59,99990,Unincorporated Jefferson County,2008,185694,5999990
12737,61,0,KIOWA COUNTY,2008,1432,6100000
12738,61,22145,Eads,2008,637,6122145
12739,61,34740,Haswell,2008,71,6134740
12740,61,69700,Sheridan Lake,2008,85,6169700
12741,61,99990,Unincorporated Kiowa County,2008,639,6199990
12742,63,0,KIT CARSON COUNTY,2008,8042,6300000
12743,63,6530,Bethune,2008,218,6306530
12744,63,10600,Burlington,2008,4262,6310600
12745,63,26765,Flagler,2008,540,6326765
12746,63,69040,Seibert,2008,160,6369040
12747,63,74485,Stratton,2008,612,6374485
12748,63,81690,Vona,2008,97,6381690
12749,63,99990,Unincorporated Kit Carson County,2008,2153,6399990
12750,65,0,LAKE COUNTY,2008,7269,6500000
12751,65,44320,Leadville,2008,2463,6544320
12752,65,99990,Unincorporated Lake County,2008,4806,6599990
12753,67,0,LA PLATA COUNTY,2008,50073,6700000
12754,67,5265,Bayfield,2008,2288,6705265
12755,67,22035,Durango,2008,16903,6722035
12756,67,38535,Ignacio,2008,702,6738535
12757,67,99990,Unincorporated La Plata County,2008,30180,6799990
12758,69,0,LARIMER COUNTY,2008,292394,6900000
12759,69,6255,Berthoud (Part),2008,4948,6906255
12760,69,25115,Estes Park,2008,5891,6925115
12761,69,27425,Fort Collins,2008,140034,6927425
12762,69,39855,Johnstown (Part),2008,459,6939855
12763,69,46465,Loveland,2008,64898,6946465
12764,69,77510,Timnath (Part),2008,416,6977510
12765,69,83230,Wellington,2008,6064,6983230
12766,69,85485,Windsor (Part),2008,4020,6985485
12767,69,99990,Unincorporated Larimer County,2008,65664,6999990
12768,71,0,LAS ANIMAS COUNTY,2008,15486,7100000
12769,71,760,Aguilar,2008,541,7100760
12770,71,8345,Branson,2008,75,7108345
12771,71,15550,Cokedale,2008,130,7115550
12772,71,40570,Kim,2008,72,7140570
12773,71,73715,Starkville,2008,68,7173715
12774,71,78610,Trinidad,2008,9010,7178610
12775,71,99990,Unincorporated Las Animas County,2008,5590,7199990
12776,73,0,LINCOLN COUNTY,2008,5522,7300000
12777,73,3235,Arriba,2008,194,7303235
12778,73,29680,Genoa,2008,145,7329680
12779,73,37875,Hugo,2008,699,7337875
12780,73,44980,Limon,2008,2009,7344980
12781,73,99990,Unincorporated Lincoln County,2008,2475,7399990
12782,75,0,LOGAN COUNTY,2008,22324,7500000
12783,75,18640,Crook,2008,119,7518640
12784,75,26875,Fleming,2008,439,7526875
12785,75,38590,Iliff,2008,272,7538590
12786,75,50040,Merino,2008,300,7550040
12787,75,58235,Peetz,2008,247,7558235
12788,75,73935,Sterling,2008,13903,7573935
12789,75,99990,Unincorporated Logan County,2008,7044,7599990
12790,77,0,MESA COUNTY,2008,140680,7700000
12791,77,15605,Collbran,2008,669,7715605
12792,77,19355,De Beque,2008,484,7719355
12793,77,28745,Fruita,2008,12019,7728745
12794,77,31660,Grand Junction,2008,56574,7731660
12795,77,56970,Palisade,2008,2784,7756970
12796,77,99990,Unincorporated Mesa County,2008,68150,7799990
12797,79,0,MINERAL COUNTY,2008,767,7900000
12798,79,14765,City of Creede,2008,317,7914765
12799,79,99990,Unincorporated Mineral County,2008,450,7999990
12800,81,0,MOFFAT COUNTY,2008,13446,8100000
12801,81,17760,Craig,2008,9209,8117760
12802,81,20495,Dinosaur,2008,327,8120495
12803,81,99990,Unincorporated Moffat County,2008,3910,8199990
12804,83,0,MONTEZUMA COUNTY,2008,25200,8300000
12805,83,17375,Cortez,2008,8496,8317375
12806,83,20770,Dolores,2008,922,8320770
12807,83,48115,Mancos,2008,1252,8348115
12808,83,99990,Unincorporated Montezuma County,2008,14530,8399990
12809,85,0,MONTROSE COUNTY,2008,39952,8500000
12810,85,51745,Montrose,2008,18152,8551745
12811,85,53120,Naturita,2008,558,8553120
12812,85,54935,Nucla,2008,703,8554935
12813,85,55540,Olathe,2008,1827,8555540
12814,85,99990,Unincorporated Montrose County,2008,18712,8599990
12815,87,0,MORGAN COUNTY,2008,27746,8700000
12816,87,9555,Brush,2008,5474,8709555
12817,87,27810,Fort Morgan,2008,11008,8727810
12818,87,36610,Hillrose,2008,263,8736610
12819,87,45695,Log Lane Village,2008,874,8745695
12820,87,84770,Wiggins,2008,890,8784770
12821,87,99990,Unincorporated Morgan County,2008,9237,8799990
12822,89,0,OTERO COUNTY,2008,18853,8900000
12823,89,13460,Cheraw,2008,231,8913460
12824,89,27975,Fowler,2008,1173,8927975
12825,89,42110,La Junta,2008,7077,8942110
12826,89,48500,Manzanola,2008,445,8948500
12827,89,65190,Rocky Ford,2008,3971,8965190
12828,89,75970,Swink,2008,626,8975970
12829,89,99990,Unincorporated Otero County,2008,5330,8999990
12830,91,0,OURAY COUNTY,2008,4407,9100000
12831,91,56420,Ouray,2008,972,9156420
12832,91,64200,Ridgway,2008,936,9164200
12833,91,99990,Unincorporated Ouray County,2008,2499,9199990
12834,93,0,PARK COUNTY,2008,16278,9300000
12835,93,1530,Alma,2008,287,9301530
12836,93,25610,Fairplay,2008,677,9325610
12837,93,99990,Unincorporated Park County,2008,15314,9399990
12838,95,0,PHILLIPS COUNTY,2008,4451,9500000
12839,95,34960,Haxtun,2008,962,9534960
12840,95,37270,Holyoke,2008,2296,9537270
12841,95,57245,Paoli,2008,35,9557245
12842,95,99990,Unincorporated Phillips County,2008,1158,9599990
12843,97,0,PITKIN COUNTY,2008,16673,9700000
12844,97,3620,Aspen,2008,6806,9703620
12845,97,4935,Basalt (Part),2008,945,9704935
12846,97,71755,Snowmass Village,2008,2370,9771755
12847,97,99990,Unincorporated Pitkin County,2008,6552,9799990
12848,99,0,PROWERS COUNTY,2008,12682,9900000
12849,99,31550,Granada,2008,531,9931550
12850,99,34520,Hartman,2008,85,9934520
12851,99,37215,Holly,2008,815,9937215
12852,99,43110,Lamar,2008,7880,9943110
12853,99,85045,Wiley,2008,412,9985045
12854,99,99990,Unincorporated Prowers County,2008,2959,9999990
12855,101,0,PUEBLO COUNTY,2008,156252,10100000
12856,101,7795,Boone,2008,338,10107795
12857,101,62000,Pueblo,2008,105339,10162000
12858,101,66895,Rye,2008,158,10166895
12859,101,99990,Unincorporated Pueblo County,2008,50417,10199990
12860,103,0,RIO BLANCO COUNTY,2008,6160,10300000
12861,103,49875,Meeker,2008,2309,10349875
12862,103,62880,Rangely,2008,2151,10362880
12863,103,99990,Unincorporated Rio Blanco County,2008,1700,10399990
12864,105,0,RIO GRANDE COUNTY,2008,12105,10500000
12865,105,12855,Center (Part),2008,157,10512855
12866,105,19795,Del Norte,2008,1682,10519795
12867,105,51635,Monte Vista,2008,4458,10551635
12868,105,72395,South Fork,2008,426,10572395
12869,105,99990,Unincorporated Rio Grande County,2008,5382,10599990
12870,107,0,ROUTT COUNTY,2008,22931,10700000
12871,107,35070,Hayden,2008,1672,10735070
12872,107,55155,Oak Creek,2008,844,10755155
12873,107,73825,Steamboat Springs,2008,12280,10773825
12874,107,86475,Yampa,2008,423,10786475
12875,107,99990,Unincorporated Routt County,2008,7712,10799990
12876,109,0,SAGUACHE COUNTY,2008,6176,10900000
12877,109,7571,Bonza City,2008,16,10907571
12878,109,12855,Center (Part),2008,2043,10912855
12879,109,18420,Crestone,2008,144,10918420
12880,109,51250,Moffat,2008,117,10951250
12881,109,67005,Saguache,2008,518,10967005
12882,109,99990,Unincorporated Saguache County,2008,3338,10999990
12883,111,0,SAN JUAN COUNTY,2008,698,11100000
12884,111,70580,Silverton,2008,642,11170580
12885,111,99990,Unincorporated San Juan County,2008,56,11199990
12886,113,0,SAN MIGUEL COUNTY,2008,7304,11300000
12887,113,52550,Mountain Village,2008,1309,11352550
12888,113,54880,Norwood,2008,490,11354880
12889,113,55870,Ophir,2008,145,11355870
12890,113,68655,Sawpit,2008,30,11368655
12891,113,76795,Telluride,2008,2231,11376795
12892,113,99990,Unincorporated San Miguel County,2008,3099,11399990
12893,115,0,SEDGWICK COUNTY,2008,2420,11500000
12894,115,39965,Julesburg,2008,1246,11539965
12895,115,56475,Ovid,2008,343,11556475
12896,115,68930,Sedgwick,2008,148,11568930
12897,115,99990,Unincorporated Sedgwick County,2008,683,11599990
12898,117,0,SUMMIT COUNTY,2008,27464,11700000
12899,117,7410,Blue River,2008,773,11707410
12900,117,8400,Breckenridge,2008,3753,11708400
12901,117,20440,Dillon,2008,824,11720440
12902,117,28690,Frisco,2008,2806,11728690
12903,117,40550,Keystone,2008,,11740555
12904,117,51690,Montezuma,2008,58,11751690
12905,117,70525,Silverthorne,2008,3881,11770525
12906,117,99990,Unincorporated Summit County,2008,15369,11799990
12907,119,0,TELLER COUNTY,2008,23102,11900000
12908,119,18530,Cripple Creek,2008,1155,11918530
12909,119,32650,Green Mountain Falls (Part),2008,31,11932650
12910,119,80865,Victor,2008,405,11980865
12911,119,86090,Woodland Park,2008,7189,11986090
12912,119,99990,Unincorporated Teller County,2008,14322,11999990
12913,121,0,WASHINGTON COUNTY,2008,4802,12100000
12914,121,925,Akron,2008,1730,12100925
12915,121,56365,Otis,2008,478,12156365
12916,121,99990,Unincorporated Washington County,2008,2594,12199990
12917,123,0,WELD COUNTY,2008,244116,12300000
12918,123,3950,Ault,2008,1480,12303950
12919,123,6255,Berthoud (Part),2008,54,12306255
12920,123,8675,Brighton (Part),2008,332,12308675
12921,123,19080,Dacono,2008,4059,12319080
12922,123,22860,Eaton,2008,4257,12322860
12923,123,24950,Erie (Part),2008,8686,12324950
12924,123,25280,Evans,2008,18237,12325280
12925,123,26600,Firestone,2008,9432,12326600
12926,123,27700,Fort Lupton,2008,7400,12327700
12927,123,28360,Frederick,2008,8204,12328360
12928,123,29185,Garden City,2008,246,12329185
12929,123,29955,Gilcrest,2008,1040,12329955
12930,123,32155,Greeley,2008,90389,12332155
12931,123,33310,Grover,2008,138,12333310
12932,123,37820,Hudson,2008,1482,12337820
12933,123,39855,Johnstown (Part),2008,8873,12339855
12934,123,40185,Keenesburg,2008,1110,12340185
12935,123,40515,Kersey,2008,1435,12340515
12936,123,43605,La Salle,2008,1923,12343605
12937,123,45530,Lochbuie (Part),2008,4472,12345530
12938,123,45970,Longmont (Part),2008,16,12345970
12939,123,49600,Mead,2008,3240,12349600
12940,123,50480,Milliken,2008,5569,12350480
12941,123,54330,Northglenn (Part),2008,13,12354330
12942,123,55045,Nunn,2008,425,12355045
12943,123,59005,Pierce,2008,828,12359005
12944,123,60160,Platteville,2008,2462,12360160
12945,123,63045,Raymer,2008,95,12363045
12946,123,69150,Severance,2008,3030,12369150
12947,123,77290,Thornton (Part),2008,0,12377290
12948,123,77510,Timnath (Part),2008,,12377510
12949,123,85485,Windsor (Part),2008,13928,12385485
12950,123,99990,Unincorporated Weld County,2008,41261,12399990
12951,125,0,YUMA COUNTY,2008,9895,12500000
12952,125,23025,Eckley,2008,256,12523025
12953,125,86310,Wray,2008,2226,12586310
12954,125,86750,Yuma,2008,3533,12586750
12955,125,99990,Unincorporated Yuma County,2008,3880,12599990
12956,999,3455,Arvada (Total),2008,105780,99903455
12957,999,4000,Aurora (Total),2008,313253,99904000
12958,999,4935,Basalt (Total),2008,3673,99904935
12959,999,6090,Bennett (Total),2008,2263,99906090
12960,999,6255,Berthoud (Total),2008,5002,99906255
12961,999,8070,Bow Mar (Total),2008,840,99908070
12962,999,8675,Brighton (Total),2008,32024,99908675
12963,999,12855,Center (Total),2008,2200,99912855
12964,999,12910,Central City (Total),2008,598,99912910
12965,999,24950,Erie (Total),2008,16638,99924950
12966,999,32650,Green Mountain Falls (Total),2008,630,99932650
12967,999,39855,Johnstown (Total),2008,9332,99939855
12968,999,45255,Littleton (Total),2008,40296,99945255
12969,999,45530,Lochbuie (Total),2008,4474,99945530
12970,999,45970,Longmont (Total),2008,84678,99945970
12971,999,54330,Northglenn (Total),2008,34922,99954330
12972,999,75640,Superior (Total),2008,11930,99975640
12973,999,77290,Thornton (Total),2008,113992,99977290
12974,999,77510,Timnath (Total),2008,416,99977510
12975,999,83835,Westminster (Total),2008,103936,99983835
12976,999,85485,Windsor (Total),2008,17948,99985485
12977,0,0,COLORADO STATE,2009,4976853,0
12978,1,0,ADAMS COUNTY,2009,436323,100000
12979,1,3455,Arvada (Part),2009,2822,103455
12980,1,4000,Aurora (Part),2009,39803,104000
12981,1,6090,Bennett (Part),2009,1945,106090
12982,1,8675,Brighton (Part),2009,32375,108675
12983,1,16495,Commerce City,2009,44877,116495
12984,1,26270,Federal Heights,2009,11403,126270
12985,1,45530,Lochbuie (Part),2009,2,145530
12986,1,54330,Northglenn (Part),2009,35556,154330
12987,1,77290,Thornton (Part),2009,117257,177290
12988,1,83835,Westminster (Part),2009,62911,183835
12989,1,99990,Unincorporated Adams County,2009,87372,199990
12990,3,0,ALAMOSA COUNTY,2009,15301,300000
12991,3,1090,Alamosa,2009,8823,301090
12992,3,37380,Hooper,2009,102,337380
12993,3,99990,Unincorporated Alamosa County,2009,6376,399990
12994,5,0,ARAPAHOE COUNTY,2009,566480,500000
12995,5,4000,Aurora (Part),2009,280287,504000
12996,5,6090,Bennett (Part),2009,349,506090
12997,5,8070,Bow Mar (Part),2009,585,508070
12998,5,12815,Centennial,2009,98493,512815
12999,5,13845,Cherry Hills Village,2009,5929,513845
13000,5,16385,Columbine Valley,2009,1252,516385
13001,5,19630,Deer Trail,2009,546,519630
13002,5,24785,Englewood,2009,30761,524785
13003,5,28105,Foxfield,2009,683,528105
13004,5,30340,Glendale,2009,4207,530340
13005,5,33035,Greenwood Village,2009,16115,533035
13006,5,45255,Littleton (Part),2009,38885,545255
13007,5,69645,Sheridan,2009,5631,569645
13008,5,99990,Unincorporated Arapahoe County,2009,82757,599990
13009,7,0,ARCHULETA COUNTY,2009,11899,700000
13010,7,56860,Pagosa Springs,2009,1706,756860
13011,7,99990,Unincorporated Archuleta County,2009,10193,799990
13012,9,0,BACA COUNTY,2009,3814,900000
13013,9,11645,Campo,2009,111,911645
13014,9,61315,Pritchett,2009,138,961315
13015,9,73330,Springfield,2009,1449,973330
13016,9,79270,Two Buttes,2009,45,979270
13017,9,81030,Vilas,2009,112,981030
13018,9,82460,Walsh,2009,559,982460
13019,9,99990,Unincorporated Baca County,2009,1400,999990
13020,11,0,BENT COUNTY,2009,6481,1100000
13021,11,43660,Las Animas,2009,2387,1143660
13022,11,99990,Unincorporated Bent County,2009,4094,1199990
13023,13,0,BOULDER COUNTY,2009,293641,1300000
13024,13,7850,Boulder,2009,98505,1307850
13025,13,24950,Erie (Part),2009,8171,1324950
13026,13,39195,Jamestown,2009,290,1339195
13027,13,41835,Lafayette,2009,24147,1341835
13028,13,45970,Longmont (Part),2009,85157,1345970
13029,13,46355,Louisville,2009,18248,1346355
13030,13,47070,Lyons,2009,2005,1347070
13031,13,53175,Nederland,2009,1430,1353175
13032,13,75640,Superior (Part),2009,12208,1375640
13033,13,82735,Ward,2009,151,1382735
13034,13,99990,Unincorporated Boulder County,2009,43329,1399990
13035,14,0,BROOMFIELD COUNTY,2009,55378,1400000
13036,14,9280,Broomfield,2009,55378,1409280
13037,15,0,CHAFFEE COUNTY,2009,17604,1500000
13038,15,10105,Buena Vista,2009,2584,1510105
13039,15,60600,Poncha Springs,2009,738,1560600
13040,15,67280,Salida,2009,5169,1567280
13041,15,99990,Unincorporated Chaffee County,2009,9113,1599990
13042,17,0,CHEYENNE COUNTY,2009,1833,1700000
13043,17,14175,Cheyenne Wells,2009,840,1714175
13044,17,41010,Kit Carson,2009,231,1741010
13045,17,99990,Unincorporated Cheyenne County,2009,762,1799990
13046,19,0,CLEAR CREEK COUNTY,2009,9060,1900000
13047,19,12910,Central City (Part),2009,0,1912910
13048,19,24620,Empire,2009,342,1924620
13049,19,29735,Georgetown,2009,1008,1929735
13050,19,38370,Idaho Springs,2009,1716,1938370
13051,19,70360,Silver Plume,2009,170,1970360
13052,19,99990,Unincorporated Clear Creek County,2009,5824,1999990
13053,21,0,CONEJOS COUNTY,2009,8210,2100000
13054,21,2355,Antonito,2009,773,2102355
13055,21,42055,La Jara,2009,811,2142055
13056,21,48060,Massa,2009,978,2148060
13057,21,65740,Romeo,2009,428,2165740
13058,21,67830,Sanford,2009,860,2167830
13059,21,99990,Unincorporated Conejos County,2009,4360,2199990
13060,23,0,COSTILLA COUNTY,2009,3505,2300000
13061,23,7190,Blanca,2009,381,2307190
13062,23,68105,San Luis,2009,631,2368105
13063,23,99990,Unincorporated Costilla County,2009,2493,2399990
13064,25,0,CROWLEY COUNTY,2009,5803,2500000
13065,25,18750,Crowley,2009,160,2518750
13066,25,55705,Olney Springs,2009,314,2555705
13067,25,56145,Ordway,2009,1002,2556145
13068,25,74815,Sugar City,2009,234,2574815
13069,25,99990,Unincorporated Crowley County,2009,4093,2599990
13070,27,0,CUSTER COUNTY,2009,4166,2700000
13071,27,70250,Silver Cliff,2009,593,2770250
13072,27,83450,Westcliffe,2009,434,2783450
13073,27,99990,Unincorporated Custer County,2009,3139,2799990
13074,29,0,DELTA COUNTY,2009,30625,2900000
13075,29,12635,Cedaredge,2009,2207,2912635
13076,29,17925,Crawford,2009,420,2917925
13077,29,19850,Delta,2009,8770,2919850
13078,29,37545,Hotchkiss,2009,937,2937545
13079,29,55980,Orchard City,2009,3094,2955980
13080,29,57300,Paonia,2009,1446,2957300
13081,29,99990,Unincorporated Delta County,2009,13751,2999990
13082,31,0,DENVER COUNTY,2009,595573,3100000
13083,31,20000,Denver,2009,595573,3120000
13084,33,0,DOLORES COUNTY,2009,2052,3300000
13085,33,21265,Dove Creek,2009,734,3321265
13086,33,64090,Rico,2009,263,3364090
13087,33,99990,Unincorporated Dolores County,2009,1055,3399990
13088,35,0,DOUGLAS COUNTY,2009,282163,3500000
13089,35,4000,Aurora (Part),2009,98,3504000
13090,35,12387,Castle Pines,2009,10089,3512390
13091,35,12415,Castle Rock,2009,47472,3512415
13092,35,43550,Larkspur,2009,184,3543550
13093,35,45255,Littleton (Part),2009,30,3545255
13094,35,45955,Lone Tree,2009,10138,3545955
13095,35,57630,Parker,2009,44828,3557630
13096,35,99990,Unincorporated Douglas County,2009,169324,3599990
13097,37,0,EAGLE COUNTY,2009,51520,3700000
13098,37,4110,Avon,2009,6653,3704110
13099,37,4935,Basalt (Part),2009,2856,3704935
13100,37,22200,Eagle,2009,5912,3722200
13101,37,33695,Gypsum,2009,5985,3733695
13102,37,50920,Minturn,2009,1141,3750920
13103,37,63265,Red Cliff,2009,301,3763265
13104,37,80040,Vail,2009,4718,3780040
13105,37,99990,Unincorporated Eagle County,2009,23954,3799990
13106,39,0,ELBERT COUNTY,2009,22890,3900000
13107,39,23740,Elizabeth,2009,1357,3923740
13108,39,40790,Kiowa,2009,702,3940790
13109,39,70635,Simla,2009,617,3970635
13110,39,99990,Unincorporated Elbert County,2009,20214,3999990
13111,41,0,EL PASO COUNTY,2009,608518,4100000
13112,41,11260,Calhan,2009,777,4111260
13113,41,16000,Colorado Springs,2009,410109,4116000
13114,41,27865,Fountain,2009,25076,4127865
13115,41,32650,Green Mountain Falls (Part),2009,591,4132650
13116,41,48445,Manitou Springs,2009,4917,4148445
13117,41,51800,Monument,2009,5425,4151800
13118,41,57025,Palmer Lake,2009,2381,4157025
13119,41,62660,Ramah,2009,123,4162660
13120,41,99990,Unincorporated El Paso County,2009,159119,4199990
13121,43,0,FREMONT COUNTY,2009,46635,4300000
13122,43,9115,Brookside,2009,223,4309115
13123,43,11810,Canon City,2009,16160,4311810
13124,43,15330,Coal Creek,2009,338,4315330
13125,43,27040,Florence,2009,3760,4327040
13126,43,64970,Rockvale,2009,474,4364970
13127,43,85155,Williamsburg,2009,668,4385155
13128,43,99990,Unincorporated Fremont County,2009,25012,4399990
13129,45,0,GARFIELD COUNTY,2009,55400,4500000
13130,45,12030,Carbonate,2009,0,4512030
13131,45,12045,Carbondale,2009,6411,4512045
13132,45,30780,Glenwood Springs,2009,9366,4530780
13133,45,53395,New Castle,2009,4358,4553395
13134,45,57400,Parachute,2009,1089,4557400
13135,45,64255,Rifle,2009,9009,4564255
13136,45,70195,Silt,2009,2850,4570195
13137,45,99990,Unincorporated Garfield County,2009,22317,4599990
13138,47,0,GILPIN COUNTY,2009,5396,4700000
13139,47,7025,Black Hawk,2009,118,4707025
13140,47,12910,Central City (Part),2009,648,4712910
13141,47,99990,Unincorporated Gilpin County,2009,4630,4799990
13142,49,0,GRAND COUNTY,2009,14664,4900000
13143,49,28305,Fraser,2009,1042,4928305
13144,49,31605,Granby,2009,3216,4931605
13145,49,31715,Grand Lake,2009,404,4931715
13146,49,37600,Hot Sulphur Springs,2009,654,4937600
13147,49,41560,Kremmling,2009,1500,4941560
13148,49,85705,Winter Park,2009,854,4985705
13149,49,99990,Unincorporated Grand County,2009,6994,4999990
13150,51,0,GUNNISON COUNTY,2009,15266,5100000
13151,51,18310,Crested Butte,2009,1469,5118310
13152,51,33640,Gunnison,2009,5828,5133640
13153,51,48555,Marble,2009,130,5148555
13154,51,52570,Mount Crested Butte,2009,808,5152570
13155,51,59830,Pitkin,2009,71,5159830
13156,51,99990,Unincorporated Gunnison County,2009,6960,5199990
13157,53,0,HINSDALE COUNTY,2009,827,5300000
13158,53,42330,Lake City,2009,426,5342330
13159,53,99990,Unincorporated Hinsdale County,2009,401,5399990
13160,55,0,HUERFANO COUNTY,2009,6710,5500000
13161,55,44100,La Veta,2009,773,5544100
13162,55,82350,Walsenburg,2009,3217,5582350
13163,55,99990,Unincorporated Huerfano County,2009,2720,5599990
13164,57,0,JACKSON COUNTY,2009,1386,5700000
13165,57,82130,Walden,2009,604,5782130
13166,57,99990,Unincorporated Jackson County,2009,782,5799990
13167,59,0,JEFFERSON COUNTY,2009,532606,5900000
13168,59,3455,Arvada (Part),2009,103447,5903455
13169,59,8070,Bow Mar (Part),2009,269,5908070
13170,59,23135,Edgewater,2009,5162,5923135
13171,59,30835,Golden,2009,17691,5930835
13172,59,42495,Lakeside,2009,9,5942495
13173,59,43000,Lakewood,2009,144116,5943000
13174,59,45255,Littleton (Part),2009,1765,5945255
13175,59,52075,Morrison,2009,437,5952075
13176,59,52350,Mountain View,2009,509,5952350
13177,59,75640,Superior (Part),2009,0,5975640
13178,59,83835,Westminster (Part),2009,42519,5983835
13179,59,84440,Wheat Ridge,2009,30430,5984440
13180,59,99990,Unincorporated Jefferson County,2009,186252,5999990
13181,61,0,KIOWA COUNTY,2009,1392,6100000
13182,61,22145,Eads,2009,614,6122145
13183,61,34740,Haswell,2009,68,6134740
13184,61,69700,Sheridan Lake,2009,85,6169700
13185,61,99990,Unincorporated Kiowa County,2009,625,6199990
13186,63,0,KIT CARSON COUNTY,2009,8269,6300000
13187,63,6530,Bethune,2009,222,6306530
13188,63,10600,Burlington,2009,4471,6310600
13189,63,26765,Flagler,2009,539,6326765
13190,63,69040,Seibert,2009,160,6369040
13191,63,74485,Stratton,2009,619,6374485
13192,63,81690,Vona,2009,97,6381690
13193,63,99990,Unincorporated Kit Carson County,2009,2161,6399990
13194,65,0,LAKE COUNTY,2009,7174,6500000
13195,65,44320,Leadville,2009,2426,6544320
13196,65,99990,Unincorporated Lake County,2009,4748,6599990
13197,67,0,LA PLATA COUNTY,2009,50759,6700000
13198,67,5265,Bayfield,2009,2409,6705265
13199,67,22035,Durango,2009,17077,6722035
13200,67,38535,Ignacio,2009,698,6738535
13201,67,99990,Unincorporated La Plata County,2009,30575,6799990
13202,69,0,LARIMER COUNTY,2009,297502,6900000
13203,69,6255,Berthoud (Part),2009,4974,6906255
13204,69,25115,Estes Park,2009,5891,6925115
13205,69,27425,Fort Collins,2009,142853,6927425
13206,69,39855,Johnstown (Part),2009,500,6939855
13207,69,46465,Loveland,2009,66362,6946465
13208,69,77510,Timnath (Part),2009,536,6977510
13209,69,83230,Wellington,2009,6204,6983230
13210,69,85485,Windsor (Part),2009,4339,6985485
13211,69,99990,Unincorporated Larimer County,2009,65843,6999990
13212,71,0,LAS ANIMAS COUNTY,2009,15477,7100000
13213,71,760,Aguilar,2009,538,7100760
13214,71,8345,Branson,2009,74,7108345
13215,71,15550,Cokedale,2009,128,7115550
13216,71,40570,Kim,2009,73,7140570
13217,71,73715,Starkville,2009,62,7173715
13218,71,78610,Trinidad,2009,9040,7178610
13219,71,99990,Unincorporated Las Animas County,2009,5562,7199990
13220,73,0,LINCOLN COUNTY,2009,5463,7300000
13221,73,3235,Arriba,2009,188,7303235
13222,73,29680,Genoa,2009,137,7329680
13223,73,37875,Hugo,2009,677,7337875
13224,73,44980,Limon,2009,2003,7344980
13225,73,99990,Unincorporated Lincoln County,2009,2458,7399990
13226,75,0,LOGAN COUNTY,2009,22517,7500000
13227,75,18640,Crook,2009,118,7518640
13228,75,26875,Fleming,2009,437,7526875
13229,75,38590,Iliff,2009,279,7538590
13230,75,50040,Merino,2009,302,7550040
13231,75,58235,Peetz,2009,253,7558235
13232,75,73935,Sterling,2009,14065,7573935
13233,75,99990,Unincorporated Logan County,2009,7063,7599990
13234,77,0,MESA COUNTY,2009,144795,7700000
13235,77,15605,Collbran,2009,677,7715605
13236,77,19355,De Beque,2009,490,7719355
13237,77,28745,Fruita,2009,12467,7728745
13238,77,31660,Grand Junction,2009,58455,7731660
13239,77,56970,Palisade,2009,2810,7756970
13240,77,99990,Unincorporated Mesa County,2009,69896,7799990
13241,79,0,MINERAL COUNTY,2009,714,7900000
13242,79,14765,City of Creede,2009,293,7914765
13243,79,99990,Unincorporated Mineral County,2009,421,7999990
13244,81,0,MOFFAT COUNTY,2009,13544,8100000
13245,81,17760,Craig,2009,9295,8117760
13246,81,20495,Dinosaur,2009,329,8120495
13247,81,99990,Unincorporated Moffat County,2009,3920,8199990
13248,83,0,MONTEZUMA COUNTY,2009,25365,8300000
13249,83,17375,Cortez,2009,8514,8317375
13250,83,20770,Dolores,2009,926,8320770
13251,83,48115,Mancos,2009,1260,8348115
13252,83,99990,Unincorporated Montezuma County,2009,14665,8399990
13253,85,0,MONTROSE COUNTY,2009,40680,8500000
13254,85,51745,Montrose,2009,18640,8551745
13255,85,53120,Naturita,2009,553,8553120
13256,85,54935,Nucla,2009,706,8554935
13257,85,55540,Olathe,2009,1852,8555540
13258,85,99990,Unincorporated Montrose County,2009,18929,8599990
13259,87,0,MORGAN COUNTY,2009,28026,8700000
13260,87,9555,Brush,2009,5568,8709555
13261,87,27810,Fort Morgan,2009,11162,8727810
13262,87,36610,Hillrose,2009,260,8736610
13263,87,45695,Log Lane Village,2009,871,8745695
13264,87,84770,Wiggins,2009,887,8784770
13265,87,99990,Unincorporated Morgan County,2009,9278,8799990
13266,89,0,OTERO COUNTY,2009,18844,8900000
13267,89,13460,Cheraw,2009,258,8913460
13268,89,27975,Fowler,2009,1178,8927975
13269,89,42110,La Junta,2009,7061,8942110
13270,89,48500,Manzanola,2009,441,8948500
13271,89,65190,Rocky Ford,2009,3964,8965190
13272,89,75970,Swink,2009,621,8975970
13273,89,99990,Unincorporated Otero County,2009,5321,8999990
13274,91,0,OURAY COUNTY,2009,4372,9100000
13275,91,56420,Ouray,2009,978,9156420
13276,91,64200,Ridgway,2009,920,9164200
13277,91,99990,Unincorporated Ouray County,2009,2474,9199990
13278,93,0,PARK COUNTY,2009,15971,9300000
13279,93,1530,Alma,2009,297,9301530
13280,93,25610,Fairplay,2009,666,9325610
13281,93,99990,Unincorporated Park County,2009,15008,9399990
13282,95,0,PHILLIPS COUNTY,2009,4454,9500000
13283,95,34960,Haxtun,2009,961,9534960
13284,95,37270,Holyoke,2009,2307,9537270
13285,95,57245,Paoli,2009,34,9557245
13286,95,99990,Unincorporated Phillips County,2009,1152,9599990
13287,97,0,PITKIN COUNTY,2009,17053,9700000
13288,97,3620,Aspen,2009,7035,9703620
13289,97,4935,Basalt (Part),2009,972,9704935
13290,97,71755,Snowmass Village,2009,2419,9771755
13291,97,99990,Unincorporated Pitkin County,2009,6627,9799990
13292,99,0,PROWERS COUNTY,2009,12576,9900000
13293,99,31550,Granada,2009,521,9931550
13294,99,34520,Hartman,2009,82,9934520
13295,99,37215,Holly,2009,809,9937215
13296,99,43110,Lamar,2009,7817,9943110
13297,99,85045,Wiley,2009,408,9985045
13298,99,99990,Unincorporated Prowers County,2009,2939,9999990
13299,101,0,PUEBLO COUNTY,2009,157324,10100000
13300,101,7795,Boone,2009,340,10107795
13301,101,62000,Pueblo,2009,105898,10162000
13302,101,66895,Rye,2009,155,10166895
13303,101,99990,Unincorporated Pueblo County,2009,50931,10199990
13304,103,0,RIO BLANCO COUNTY,2009,6317,10300000
13305,103,49875,Meeker,2009,2350,10349875
13306,103,62880,Rangely,2009,2206,10362880
13307,103,99990,Unincorporated Rio Blanco County,2009,1761,10399990
13308,105,0,RIO GRANDE COUNTY,2009,11995,10500000
13309,105,12855,Center (Part),2009,189,10512855
13310,105,19795,Del Norte,2009,1658,10519795
13311,105,51635,Monte Vista,2009,4432,10551635
13312,105,72395,South Fork,2009,396,10572395
13313,105,99990,Unincorporated Rio Grande County,2009,5320,10599990
13314,107,0,ROUTT COUNTY,2009,23325,10700000
13315,107,35070,Hayden,2009,1650,10735070
13316,107,55155,Oak Creek,2009,838,10755155
13317,107,73825,Steamboat Springs,2009,12516,10773825
13318,107,86475,Yampa,2009,417,10786475
13319,107,99990,Unincorporated Routt County,2009,7904,10799990
13320,109,0,SAGUACHE COUNTY,2009,6126,10900000
13321,109,7571,Bonza City,2009,16,10907571
13322,109,12855,Center (Part),2009,2009,10912855
13323,109,18420,Crestone,2009,144,10918420
13324,109,51250,Moffat,2009,114,10951250
13325,109,67005,Saguache,2009,512,10967005
13326,109,99990,Unincorporated Saguache County,2009,3331,10999990
13327,111,0,SAN JUAN COUNTY,2009,687,11100000
13328,111,70580,Silverton,2009,629,11170580
13329,111,99990,Unincorporated San Juan County,2009,58,11199990
13330,113,0,SAN MIGUEL COUNTY,2009,7267,11300000
13331,113,52550,Mountain Village,2009,1272,11352550
13332,113,54880,Norwood,2009,489,11354880
13333,113,55870,Ophir,2009,153,11355870
13334,113,68655,Sawpit,2009,33,11368655
13335,113,76795,Telluride,2009,2207,11376795
13336,113,99990,Unincorporated San Miguel County,2009,3113,11399990
13337,115,0,SEDGWICK COUNTY,2009,2376,11500000
13338,115,39965,Julesburg,2009,1218,11539965
13339,115,56475,Ovid,2009,345,11556475
13340,115,68930,Sedgwick,2009,144,11568930
13341,115,99990,Unincorporated Sedgwick County,2009,669,11599990
13342,117,0,SUMMIT COUNTY,2009,27783,11700000
13343,117,7410,Blue River,2009,779,11707410
13344,117,8400,Breckenridge,2009,3950,11708400
13345,117,20440,Dillon,2009,852,11720440
13346,117,28690,Frisco,2009,2792,11728690
13347,117,40550,Keystone,2009,,11740555
13348,117,51690,Montezuma,2009,62,11751690
13349,117,70525,Silverthorne,2009,3937,11770525
13350,117,99990,Unincorporated Summit County,2009,15411,11799990
13351,119,0,TELLER COUNTY,2009,23205,11900000
13352,119,18530,Cripple Creek,2009,1173,11918530
13353,119,32650,Green Mountain Falls (Part),2009,29,11932650
13354,119,80865,Victor,2009,401,11980865
13355,119,86090,Woodland Park,2009,7175,11986090
13356,119,99990,Unincorporated Teller County,2009,14427,11999990
13357,121,0,WASHINGTON COUNTY,2009,4777,12100000
13358,121,925,Akron,2009,1718,12100925
13359,121,56365,Otis,2009,470,12156365
13360,121,99990,Unincorporated Washington County,2009,2589,12199990
13361,123,0,WELD COUNTY,2009,248959,12300000
13362,123,3950,Ault,2009,1508,12303950
13363,123,6255,Berthoud (Part),2009,55,12306255
13364,123,8675,Brighton (Part),2009,338,12308675
13365,123,19080,Dacono,2009,4136,12319080
13366,123,22860,Eaton,2009,4354,12322860
13367,123,24950,Erie (Part),2009,8937,12324950
13368,123,25280,Evans,2009,18517,12325280
13369,123,26600,Firestone,2009,9928,12326600
13370,123,27700,Fort Lupton,2009,7498,12327700
13371,123,28360,Frederick,2009,8543,12328360
13372,123,29185,Garden City,2009,242,12329185
13373,123,29955,Gilcrest,2009,1042,12329955
13374,123,32155,Greeley,2009,91936,12332155
13375,123,33310,Grover,2009,138,12333310
13376,123,37820,Hudson,2009,1492,12337820
13377,123,39855,Johnstown (Part),2009,9221,12339855
13378,123,40185,Keenesburg,2009,1125,12340185
13379,123,40515,Kersey,2009,1452,12340515
13380,123,43605,La Salle,2009,1949,12343605
13381,123,45530,Lochbuie (Part),2009,4675,12345530
13382,123,45970,Longmont (Part),2009,16,12345970
13383,123,49600,Mead,2009,3371,12349600
13384,123,50480,Milliken,2009,5619,12350480
13385,123,54330,Northglenn (Part),2009,11,12354330
13386,123,55045,Nunn,2009,423,12355045
13387,123,59005,Pierce,2009,835,12359005
13388,123,60160,Platteville,2009,2490,12360160
13389,123,63045,Raymer,2009,96,12363045
13390,123,69150,Severance,2009,3131,12369150
13391,123,77290,Thornton (Part),2009,0,12377290
13392,123,77510,Timnath (Part),2009,,12377510
13393,123,85485,Windsor (Part),2009,14130,12385485
13394,123,99990,Unincorporated Weld County,2009,41751,12399990
13395,125,0,YUMA COUNTY,2009,10036,12500000
13396,125,23025,Eckley,2009,258,12523025
13397,125,86310,Wray,2009,2261,12586310
13398,125,86750,Yuma,2009,3596,12586750
13399,125,99990,Unincorporated Yuma County,2009,3921,12599990
13400,999,3455,Arvada (Total),2009,106269,99903455
13401,999,4000,Aurora (Total),2009,320188,99904000
13402,999,4935,Basalt (Total),2009,3828,99904935
13403,999,6090,Bennett (Total),2009,2294,99906090
13404,999,6255,Berthoud (Total),2009,5029,99906255
13405,999,8070,Bow Mar (Total),2009,854,99908070
13406,999,8675,Brighton (Total),2009,32713,99908675
13407,999,12855,Center (Total),2009,2198,99912855
13408,999,12910,Central City (Total),2009,648,99912910
13409,999,24950,Erie (Total),2009,17108,99924950
13410,999,32650,Green Mountain Falls (Total),2009,620,99932650
13411,999,39855,Johnstown (Total),2009,9721,99939855
13412,999,45255,Littleton (Total),2009,40680,99945255
13413,999,45530,Lochbuie (Total),2009,4677,99945530
13414,999,45970,Longmont (Total),2009,85173,99945970
13415,999,54330,Northglenn (Total),2009,35567,99954330
13416,999,75640,Superior (Total),2009,12208,99975640
13417,999,77290,Thornton (Total),2009,117257,99977290
13418,999,77510,Timnath (Total),2009,536,99977510
13419,999,83835,Westminster (Total),2009,105430,99983835
13420,999,85485,Windsor (Total),2009,18469,99985485
13421,0,0,COLORADO STATE,2010,5050332,0
13422,1,0,ADAMS COUNTY,2010,443711,100000
13423,1,3455,Arvada (Part),2010,2857,103455
13424,1,4000,Aurora (Part),2010,39978,104000
13425,1,6090,Bennett (Part),2010,1961,106090
13426,1,8675,Brighton (Part),2010,33102,108675
13427,1,16495,Commerce City,2010,46142,116495
13428,1,26270,Federal Heights,2010,11506,126270
13429,1,45530,Lochbuie (Part),2010,2,145530
13430,1,54330,Northglenn (Part),2010,35883,154330
13431,1,77290,Thornton (Part),2010,119753,177290
13432,1,83835,Westminster (Part),2010,63974,183835
13433,1,99990,Unincorporated Adams County,2010,88553,199990
13434,3,0,ALAMOSA COUNTY,2010,15474,300000
13435,3,1090,Alamosa,2010,8796,301090
13436,3,37380,Hooper,2010,103,337380
13437,3,99990,Unincorporated Alamosa County,2010,6575,399990
13438,5,0,ARAPAHOE COUNTY,2010,574819,500000
13439,5,4000,Aurora (Part),2010,286285,504000
13440,5,6090,Bennett (Part),2010,353,506090
13441,5,8070,Bow Mar (Part),2010,590,508070
13442,5,12815,Centennial,2010,100555,512815
13443,5,13845,Cherry Hills Village,2010,6019,513845
13444,5,16385,Columbine Valley,2010,1258,516385
13445,5,19630,Deer Trail,2010,547,519630
13446,5,24785,Englewood,2010,30292,524785
13447,5,28105,Foxfield,2010,689,528105
13448,5,30340,Glendale,2010,4189,530340
13449,5,33035,Greenwood Village,2010,13942,533035
13450,5,45255,Littleton (Part),2010,39510,545255
13451,5,69645,Sheridan,2010,5671,569645
13452,5,99990,Unincorporated Arapahoe County,2010,84919,599990
13453,7,0,ARCHULETA COUNTY,2010,12060,700000
13454,7,56860,Pagosa Springs,2010,1724,756860
13455,7,99990,Unincorporated Archuleta County,2010,10336,799990
13456,9,0,BACA COUNTY,2010,3795,900000
13457,9,11645,Campo,2010,109,911645
13458,9,61315,Pritchett,2010,140,961315
13459,9,73330,Springfield,2010,1454,973330
13460,9,79270,Two Buttes,2010,43,979270
13461,9,81030,Vilas,2010,114,981030
13462,9,82460,Walsh,2010,547,982460
13463,9,99990,Unincorporated Baca County,2010,1388,999990
13464,11,0,BENT COUNTY,2010,6506,1100000
13465,11,43660,Las Animas,2010,2413,1143660
13466,11,99990,Unincorporated Bent County,2010,4093,1199990
13467,13,0,BOULDER COUNTY,2010,295605,1300000
13468,13,7850,Boulder,2010,97901,1307850
13469,13,24950,Erie (Part),2010,8428,1324950
13470,13,39195,Jamestown,2010,274,1339195
13471,13,41835,Lafayette,2010,24545,1341835
13472,13,45970,Longmont (Part),2010,86486,1345970
13473,13,46355,Louisville,2010,18406,1346355
13474,13,47070,Lyons,2010,2037,1347070
13475,13,53175,Nederland,2010,1447,1353175
13476,13,75640,Superior (Part),2010,12497,1375640
13477,13,82735,Ward,2010,150,1382735
13478,13,99990,Unincorporated Boulder County,2010,43434,1399990
13479,14,0,BROOMFIELD COUNTY,2010,56107,1400000
13480,14,9280,Broomfield,2010,56107,1409280
13481,15,0,CHAFFEE COUNTY,2010,17797,1500000
13482,15,10105,Buena Vista,2010,2618,1510105
13483,15,60600,Poncha Springs,2010,736,1560600
13484,15,67280,Salida,2010,5239,1567280
13485,15,99990,Unincorporated Chaffee County,2010,9204,1599990
13486,17,0,CHEYENNE COUNTY,2010,1834,1700000
13487,17,14175,Cheyenne Wells,2010,845,1714175
13488,17,41010,Kit Carson,2010,233,1741010
13489,17,99990,Unincorporated Cheyenne County,2010,756,1799990
13490,19,0,CLEAR CREEK COUNTY,2010,9155,1900000
13491,19,12910,Central City (Part),2010,0,1912910
13492,19,24620,Empire,2010,283,1924620
13493,19,29735,Georgetown,2010,1056,1929735
13494,19,38370,Idaho Springs,2010,1750,1938370
13495,19,70360,Silver Plume,2010,170,1970360
13496,19,99990,Unincorporated Clear Creek County,2010,5896,1999990
13497,21,0,CONEJOS COUNTY,2010,8282,2100000
13498,21,2355,Antonito,2010,783,2102355
13499,21,42055,La Jara,2010,820,2142055
13500,21,48060,Manassa,2010,994,2148060
13501,21,65740,Romeo,2010,405,2165740
13502,21,67830,Sanford,2010,881,2167830
13503,21,99990,Unincorporated Conejos County,2010,4399,2199990
13504,23,0,COSTILLA COUNTY,2010,3532,2300000
13505,23,7190,Blanca,2010,383,2307190
13506,23,68105,San Luis,2010,624,2368105
13507,23,99990,Unincorporated Costilla County,2010,2525,2399990
13508,25,0,CROWLEY COUNTY,2010,5838,2500000
13509,25,18750,Crowley,2010,177,2518750
13510,25,55705,Olney Springs,2010,347,2555705
13511,25,56145,Ordway,2010,1085,2556145
13512,25,74815,Sugar City,2010,259,2574815
13513,25,99990,Unincorporated Crowley County,2010,3970,2599990
13514,27,0,CUSTER COUNTY,2010,4272,2700000
13515,27,70250,Silver Cliff,2010,610,2770250
13516,27,83450,Westcliffe,2010,450,2783450
13517,27,99990,Unincorporated Custer County,2010,3212,2799990
13518,29,0,DELTA COUNTY,2010,30889,2900000
13519,29,12635,Cedaredge,2010,2248,2912635
13520,29,17925,Crawford,2010,430,2917925
13521,29,19850,Delta,2010,8897,2919850
13522,29,37545,Hotchkiss,2010,942,2937545
13523,29,55980,Orchard City,2010,3114,2955980
13524,29,57300,Paonia,2010,1450,2957300
13525,29,99990,Unincorporated Delta County,2010,13808,2999990
13526,31,0,DENVER COUNTY,2010,604879,3100000
13527,31,20000,Denver,2010,604879,3120000
13528,33,0,DOLORES COUNTY,2010,2060,3300000
13529,33,21265,Dove Creek,2010,734,3321265
13530,33,64090,Rico,2010,264,3364090
13531,33,99990,Unincorporated Dolores County,2010,1062,3399990
13532,35,0,DOUGLAS COUNTY,2010,287124,3500000
13533,35,4000,Aurora (Part),2010,156,3504000
13534,35,12387,Castle Pines,2010,10384,3512387
13535,35,12415,Castle Rock,2010,48580,3512415
13536,35,43550,Larkspur,2010,183,3543550
13537,35,45255,Littleton (Part),2010,28,3545255
13538,35,45955,Lone Tree,2010,10270,3545955
13539,35,57630,Parker,2010,45489,3557630
13540,35,99990,Unincorporated Douglas County,2010,172034,3599990
13541,37,0,EAGLE COUNTY,2010,52057,3700000
13542,37,4110,Avon,2010,6422,3704110
13543,37,4935,Basalt (Part),2010,2917,3704935
13544,37,22200,Eagle,2010,6483,3722200
13545,37,33695,Gypsum,2010,6472,3733695
13546,37,50920,Minturn,2010,1027,3750920
13547,37,63265,Red Cliff,2010,266,3763265
13548,37,80040,Vail,2010,5285,3780040
13549,37,99990,Unincorporated Eagle County,2010,23185,3799990
13550,39,0,ELBERT COUNTY,2010,23107,3900000
13551,39,23740,Elizabeth,2010,1358,3923740
13552,39,40790,Kiowa,2010,723,3940790
13553,39,70635,Simla,2010,618,3970635
13554,39,99990,Unincorporated Elbert County,2010,20408,3999990
13555,41,0,EL PASO COUNTY,2010,627232,4100000
13556,41,11260,Calhan,2010,784,4111260
13557,41,16000,Colorado Springs,2010,420691,4116000
13558,41,27865,Fountain,2010,26313,4127865
13559,41,32650,Green Mountain Falls (Part),2010,784,4132650
13560,41,48445,Manitou Springs,2010,5022,4148445
13561,41,51800,Monument,2010,5564,4151800
13562,41,57025,Palmer Lake,2010,2433,4157025
13563,41,62660,Ramah,2010,124,4162660
13564,41,99990,Unincorporated El Paso County,2010,165517,4199990
13565,43,0,FREMONT COUNTY,2010,46854,4300000
13566,43,9115,Brookside,2010,233,4309115
13567,43,11810,Canon City,2010,16391,4311810
13568,43,15330,Coal Creek,2010,343,4315330
13569,43,27040,Florence,2010,3877,4327040
13570,43,64970,Rockvale,2010,487,4364970
13571,43,85155,Williamsburg,2010,661,4385155
13572,43,99990,Unincorporated Fremont County,2010,24862,4399990
13573,45,0,GARFIELD COUNTY,2010,56150,4500000
13574,45,12030,Carbonate,2010,0,4512030
13575,45,12045,Carbondale,2010,6398,4512045
13576,45,30780,Glenwood Springs,2010,9576,4530780
13577,45,53395,New Castle,2010,4497,4553395
13578,45,57400,Parachute,2010,1084,4557400
13579,45,64255,Rifle,2010,9137,4564255
13580,45,70195,Silt,2010,2917,4570195
13581,45,99990,Unincorporated Garfield County,2010,22541,4599990
13582,47,0,GILPIN COUNTY,2010,5463,4700000
13583,47,7025,Black Hawk,2010,118,4707025
13584,47,12910,Central City (Part),2010,668,4712910
13585,47,99990,Unincorporated Gilpin County,2010,4677,4799990
13586,49,0,GRAND COUNTY,2010,14790,4900000
13587,49,28305,Fraser,2010,1217,4928305
13588,49,31605,Granby,2010,1858,4931605
13589,49,31715,Grand Lake,2010,469,4931715
13590,49,37600,Hot Sulphur Springs,2010,661,4937600
13591,49,41560,Kremmling,2010,1440,4941560
13592,49,85705,Winter Park,2010,993,4985705
13593,49,99990,Unincorporated Grand County,2010,8152,4999990
13594,51,0,GUNNISON COUNTY,2010,15309,5100000
13595,51,18310,Crested Butte,2010,1482,5118310
13596,51,33640,Gunnison,2010,5873,5133640
13597,51,48555,Marble,2010,131,5148555
13598,51,52570,Mount Crested Butte/G,2010,798,5152570
13599,51,59830,Pitkin,2010,66,5159830
13600,51,99990,Unincorporated Gunnison County,2010,6959,5199990
13601,53,0,HINSDALE COUNTY,2010,843,5300000
13602,53,42330,Lake City,2010,408,5342330
13603,53,99990,Unincorporated Hinsdale County,2010,435,5399990
13604,55,0,HUERFANO COUNTY,2010,6655,5500000
13605,55,44100,La Veta,2010,793,5544100
13606,55,82350,Walsenburg,2010,3038,5582350
13607,55,99990,Unincorporated Huerfano County,2010,2824,5599990
13608,57,0,JACKSON COUNTY,2010,1387,5700000
13609,57,82130,Walden,2010,604,5782130
13610,57,99990,Unincorporated Jackson County,2010,783,5799990
13611,59,0,JEFFERSON COUNTY,2010,535651,5900000
13612,59,3455,Arvada (Part),2010,103924,5903455
13613,59,8070,Bow Mar (Part),2010,277,5908070
13614,59,23135,Edgewater,2010,5177,5923135
13615,59,30835,Golden,2010,18929,5930835
13616,59,42495,Lakeside,2010,8,5942495
13617,59,43000,Lakewood,2010,143294,5943000
13618,59,45255,Littleton (Part),2010,2393,5945255
13619,59,52075,Morrison,2010,428,5952075
13620,59,52350,Mountain View,2010,508,5952350
13621,59,75640,Superior (Part),2010,0,5975640
13622,59,83835,Westminster (Part),2010,42488,5983835
13623,59,84440,Wheat Ridge,2010,30205,5984440
13624,59,99990,Unincorporated Jefferson County,2010,188020,5999990
13625,61,0,KIOWA COUNTY,2010,1399,6100000
13626,61,22145,Eads,2010,609,6122145
13627,61,34740,Haswell,2010,68,6134740
13628,61,69700,Sheridan Lake,2010,88,6169700
13629,61,99990,Unincorporated Kiowa County,2010,634,6199990
13630,63,0,KIT CARSON COUNTY,2010,8267,6300000
13631,63,6530,Bethune,2010,237,6306530
13632,63,10600,Burlington,2010,4253,6310600
13633,63,26765,Flagler,2010,561,6326765
13634,63,69040,Seibert,2010,181,6369040
13635,63,74485,Stratton,2010,658,6374485
13636,63,81690,Vona,2010,106,6381690
13637,63,99990,Unincorporated Kit Carson County,2010,2271,6399990
13638,65,0,LAKE COUNTY,2010,7282,6500000
13639,65,44320,Leadville,2010,2592,6544320
13640,65,99990,Unincorporated Lake County,2010,4690,6599990
13641,67,0,LA PLATA COUNTY,2010,51441,6700000
13642,67,5265,Bayfield,2010,2357,6705265
13643,67,22035,Durango,2010,16889,6722035
13644,67,38535,Ignacio,2010,699,6738535
13645,67,99990,Unincorporated La Plata County,2010,31496,6799990
13646,69,0,LARIMER COUNTY,2010,300532,6900000
13647,69,6255,Berthoud (Part),2010,5040,6906255
13648,69,25115,Estes Park,2010,5865,6925115
13649,69,27425,Fort Collins,2010,144461,6927425
13650,69,39855,Johnstown (Part),2010,624,6939855
13651,69,46465,Loveland,2010,67000,6946465
13652,69,77510,Timnath (Part),2010,625,6977510
13653,69,83230,Wellington,2010,6295,6983230
13654,69,85485,Windsor (Part),2010,4646,6985485
13655,69,99990,Unincorporated Larimer County,2010,65976,6999990
13656,71,0,LAS ANIMAS COUNTY,2010,15407,7100000
13657,71,760,Aguilar,2010,534,7100760
13658,71,8345,Branson,2010,73,7108345
13659,71,15550,Cokedale,2010,128,7115550
13660,71,40570,Kim,2010,73,7140570
13661,71,73715,Starkville,2010,59,7173715
13662,71,78610,Trinidad,2010,9033,7178610
13663,71,99990,Unincorporated Las Animas County,2010,5507,7199990
13664,73,0,LINCOLN COUNTY,2010,5474,7300000
13665,73,3235,Arriba,2010,193,7303235
13666,73,29680,Genoa,2010,139,7329680
13667,73,37875,Hugo,2010,730,7337875
13668,73,44980,Limon,2010,1883,7344980
13669,73,99990,Unincorporated Lincoln County,2010,2529,7399990
13670,75,0,LOGAN COUNTY,2010,22293,7500000
13671,75,18640,Crook,2010,110,7518640
13672,75,26875,Fleming,2010,408,7526875
13673,75,38590,Iliff,2010,266,7538590
13674,75,50040,Merino,2010,284,7550040
13675,75,58235,Peetz,2010,238,7558235
13676,75,73935,Sterling,2010,14350,7573935
13677,75,99990,Unincorporated Logan County,2010,6637,7599990
13678,77,0,MESA COUNTY,2010,147155,7700000
13679,77,15605,Collbran,2010,704,7715605
13680,77,19355,De Beque,2010,500,7719355
13681,77,28745,Fruita,2010,12680,7728745
13682,77,31660,Grand Junction,2010,59426,7731660
13683,77,56970,Palisade,2010,2721,7756970
13684,77,99990,Unincorporated Mesa County,2010,71124,7799990
13685,79,0,MINERAL COUNTY,2010,705,7900000
13686,79,14765,City of Creede,2010,287,7914765
13687,79,99990,Unincorporated Mineral County,2010,418,7999990
13688,81,0,MOFFAT COUNTY,2010,13806,8100000
13689,81,17760,Craig,2010,9468,8117760
13690,81,20495,Dinosaur,2010,339,8120495
13691,81,99990,Unincorporated Moffat County,2010,3999,8199990
13692,83,0,MONTEZUMA COUNTY,2010,25532,8300000
13693,83,17375,Cortez,2010,8484,8317375
13694,83,20770,Dolores,2010,936,8320770
13695,83,48115,Mancos,2010,1337,8348115
13696,83,99990,Unincorporated Montezuma County,2010,14775,8399990
13697,85,0,MONTROSE COUNTY,2010,41188,8500000
13698,85,51745,Montrose,2010,19179,8551745
13699,85,53120,Naturita,2010,543,8553120
13700,85,54935,Nucla,2010,707,8554935
13701,85,55540,Olathe,2010,1838,8555540
13702,85,99990,Unincorporated Montrose County,2010,18921,8599990
13703,87,0,MORGAN COUNTY,2010,28196,8700000
13704,87,9555,Brush,2010,5468,8709555
13705,87,27810,Fort Morgan,2010,11326,8727810
13706,87,36610,Hillrose,2010,264,8736610
13707,87,45695,Log Lane Village,2010,874,8745695
13708,87,84770,Wiggins,2010,894,8784770
13709,87,99990,Unincorporated Morgan County,2010,9370,8799990
13710,89,0,OTERO COUNTY,2010,18838,8900000
13711,89,13460,Cheraw,2010,252,8913460
13712,89,27975,Fowler,2010,1182,8927975
13713,89,42110,La Junta,2010,7079,8942110
13714,89,48500,Manzanola,2010,434,8948500
13715,89,65190,Rocky Ford,2010,3958,8965190
13716,89,75970,Swink,2010,617,8975970
13717,89,99990,Unincorporated Otero County,2010,5316,8999990
13718,91,0,OURAY COUNTY,2010,4446,9100000
13719,91,56420,Ouray,2010,1003,9156420
13720,91,64200,Ridgway,2010,925,9164200
13721,91,99990,Unincorporated Ouray County,2010,2518,9199990
13722,93,0,PARK COUNTY,2010,16262,9300000
13723,93,1530,Alma,2010,271,9301530
13724,93,25610,Fairplay,2010,683,9325610
13725,93,99990,Unincorporated Park County,2010,15308,9399990
13726,95,0,PHILLIPS COUNTY,2010,4465,9500000
13727,95,34960,Haxtun,2010,950,9534960
13728,95,37270,Holyoke,2010,2325,9537270
13729,95,57245,Paoli,2010,34,9557245
13730,95,99990,Unincorporated Phillips County,2010,1156,9599990
13731,97,0,PITKIN COUNTY,2010,17156,9700000
13732,97,3620,Aspen,2010,6659,9703620
13733,97,4935,Basalt (Part),2010,931,9704935
13734,97,71755,Snowmass Village,2010,2826,9771755
13735,97,99990,Unincorporated Pitkin County,2010,6740,9799990
13736,99,0,PROWERS COUNTY,2010,12531,9900000
13737,99,31550,Granada,2010,516,9931550
13738,99,34520,Hartman,2010,81,9934520
13739,99,37215,Holly,2010,801,9937215
13740,99,43110,Lamar,2010,7792,9943110
13741,99,85045,Wiley,2010,404,9985045
13742,99,99990,Unincorporated Prowers County,2010,2937,9999990
13743,101,0,PUEBLO COUNTY,2010,159496,10100000
13744,101,7795,Boone,2010,340,10107795
13745,101,62000,Pueblo,2010,106881,10162000
13746,101,66895,Rye,2010,153,10166895
13747,101,99990,Unincorporated Pueblo County,2010,52122,10199990
13748,103,0,RIO BLANCO COUNTY,2010,6617,10300000
13749,103,49875,Meeker,2010,2452,10349875
13750,103,62880,Rangely,2010,2349,10362880
13751,103,99990,Unincorporated Rio Blanco County,2010,1816,10399990
13752,105,0,RIO GRANDE COUNTY,2010,12001,10500000
13753,105,12855,Center (Part),2010,218,10512855
13754,105,19795,Del Norte,2010,1688,10519795
13755,105,51635,Monte Vista,2010,4451,10551635
13756,105,72395,South Fork,2010,386,10572395
13757,105,99990,Unincorporated Rio Grande County,2010,5258,10599990
13758,107,0,ROUTT COUNTY,2010,23439,10700000
13759,107,35070,Hayden,2010,1805,10735070
13760,107,55155,Oak Creek,2010,882,10755155
13761,107,73825,Steamboat Springs,2010,12052,10773825
13762,107,86475,Yampa,2010,427,10786475
13763,107,99990,Unincorporated Routt County,2010,8273,10799990
13764,109,0,SAGUACHE COUNTY,2010,6144,10900000
13765,109,7571,Bonanza City,2010,16,10907571
13766,109,12855,Center (Part),2010,2011,10912855
13767,109,18420,Crestone,2010,154,10918420
13768,109,51250,Moffat,2010,116,10951250
13769,109,67005,Saguache,2010,485,10967005
13770,109,99990,Unincorporated Saguache County,2010,3362,10999990
13771,111,0,SAN JUAN COUNTY,2010,709,11100000
13772,111,70580,Silverton,2010,646,11170580
13773,111,99990,Unincorporated San Juan County,2010,63,11199990
13774,113,0,SAN MIGUEL COUNTY,2010,7356,11300000
13775,113,52550,Mountain Village,2010,1313,11352550
13776,113,54880,Norwood,2010,517,11354880
13777,113,55870,Ophir,2010,180,11355870
13778,113,68655,Sawpit,2010,40,11368655
13779,113,76795,Telluride,2010,2319,11376795
13780,113,99990,Unincorporated San Miguel County,2010,2987,11399990
13781,115,0,SEDGWICK COUNTY,2010,2367,11500000
13782,115,39965,Julesburg,2010,1219,11539965
13783,115,56475,Ovid,2010,316,11556475
13784,115,68930,Sedgwick,2010,145,11568930
13785,115,99990,Unincorporated Sedgwick County,2010,687,11599990
13786,117,0,SUMMIT COUNTY,2010,28073,11700000
13787,117,7410,Blue River,2010,851,11707410
13788,117,8400,Breckenridge,2010,4552,11708400
13789,117,20440,Dillon,2010,906,11720440
13790,117,28690,Frisco,2010,2694,11728690
13791,117,40550,Keystone,2010,,11740555
13792,117,51690,Montezuma,2010,65,11751690
13793,117,70525,Silverthorne,2010,3904,11770525
13794,117,99990,Unincorporated Summit County,2010,15101,11799990
13795,119,0,TELLER COUNTY,2010,23441,11900000
13796,119,18530,Cripple Creek,2010,1193,11918530
13797,119,32650,Green Mountain Falls (Part),2010,28,11932650
13798,119,80865,Victor,2010,398,11980865
13799,119,86090,Woodland Park,2010,7229,11986090
13800,119,99990,Unincorporated Teller County,2010,14593,11999990
13801,121,0,WASHINGTON COUNTY,2010,4815,12100000
13802,121,925,Akron,2010,1651,12100925
13803,121,56365,Otis,2010,458,12156365
13804,121,99990,Unincorporated Washington County,2010,2706,12199990
13805,123,0,WELD COUNTY,2010,254230,12300000
13806,123,3950,Ault,2010,1523,12303950
13807,123,6255,Berthoud (Part),2010,63,12306255
13808,123,8675,Brighton (Part),2010,344,12308675
13809,123,19080,Dacono,2010,4176,12319080
13810,123,22860,Eaton,2010,4380,12322860
13811,123,24950,Erie (Part),2010,10004,12324950
13812,123,25280,Evans,2010,18628,12325280
13813,123,26600,Firestone,2010,10174,12326600
13814,123,27700,Fort Lupton,2010,7397,12327700
13815,123,28360,Frederick,2010,8702,12328360
13816,123,29185,Garden City,2010,235,12329185
13817,123,29955,Gilcrest,2010,1037,12329955
13818,123,32155,Greeley,2010,93156,12332155
13819,123,33310,Grover,2010,137,12333310
13820,123,37820,Hudson,2010,2360,12337820
13821,123,39855,Johnstown (Part),2010,9473,12339855
13822,123,40185,Keenesburg,2010,1130,12340185
13823,123,40515,Kersey,2010,1458,12340515
13824,123,43605,La Salle,2010,1960,12343605
13825,123,45530,Lochbuie (Part),2010,4801,12345530
13826,123,45970,Longmont (Part),2010,40,12345970
13827,123,49600,Mead,2010,3434,12349600
13828,123,50480,Milliken,2010,5628,12350480
13829,123,54330,Northglenn (Part),2010,12,12354330
13830,123,55045,Nunn,2010,417,12355045
13831,123,59005,Pierce,2010,836,12359005
13832,123,60160,Platteville,2010,2492,12360160
13833,123,63045,Raymer,2010,96,12363045
13834,123,69150,Severance,2010,3174,12369150
13835,123,77290,Thornton (Part),2010,0,12377290
13836,123,77510,Timnath (Part),2010,7,12377510
13837,123,85485,Windsor (Part),2010,14272,12385485
13838,123,99990,Unincorporated Weld County,2010,42684,12399990
13839,125,0,YUMA COUNTY,2010,10032,12500000
13840,125,23025,Eckley,2010,257,12523025
13841,125,86310,Wray,2010,2340,12586310
13842,125,86750,Yuma,2010,3520,12586750
13843,125,99990,Unincorporated Yuma County,2010,3915,12599990
13844,999,3455,Arvada (Total),2010,106781,99903455
13845,999,4000,Aurora (Total),2010,326419,99904000
13846,999,4935,Basalt (Total),2010,3848,99904935
13847,999,6090,Bennett (Total),2010,2314,99906090
13848,999,6255,Berthoud (Total),2010,5103,99906255
13849,999,8070,Bow Mar (Total),2010,867,99908070
13850,999,8675,Brighton (Total),2010,33446,99908675
13851,999,12855,Center (Total),2010,2229,99912855
13852,999,12910,Central City (Total),2010,668,99912910
13853,999,24950,Erie (Total),2010,18432,99924950
13854,999,32650,Green Mountain Falls (Total),2010,812,99932650
13855,999,39855,Johnstown (Total),2010,10097,99939855
13856,999,45255,Littleton (Total),2010,41931,99945255
13857,999,45530,Lochbuie (Total),2010,4803,99945530
13858,999,45970,Longmont (Total),2010,86526,99945970
13859,999,54330,Northglenn (Total),2010,35895,99954330
13860,999,75640,Superior (Total),2010,12497,99975640
13861,999,77290,Thornton (Total),2010,119753,99977290
13862,999,77510,Timnath (Total),2010,632,99977510
13863,999,83835,Westminster (Total),2010,106462,99983835
13864,999,85485,Windsor (Total),2010,18918,99985485
13865,0,0,COLORADO STATE,2011,5123553,0
13866,1,0,ADAMS COUNTY,2011,452181,100000
13867,1,3455,Arvada (Part),2011,2881,103455
13868,1,4000,Aurora (Part),2011,40638,104000
13869,1,6090,Bennett (Part),2011,1993,106090
13870,1,8675,Brighton (Part),2011,33607,108675
13871,1,16495,Commerce City,2011,47626,116495
13872,1,26270,Federal Heights,2011,11862,126270
13873,1,45530,Lochbuie (Part),2011,2,145530
13874,1,54330,Northglenn (Part),2011,36390,154330
13875,1,77290,Thornton (Part),2011,122002,177290
13876,1,83835,Westminster (Part),2011,65229,183835
13877,1,99990,Unincorporated Adams County,2011,89951,199990
13878,3,0,ALAMOSA COUNTY,2011,15528,300000
13879,3,1090,Alamosa,2011,8866,301090
13880,3,37380,Hooper,2011,102,337380
13881,3,99990,Unincorporated Alamosa County,2011,6560,399990
13882,5,0,ARAPAHOE COUNTY,2011,585817,500000
13883,5,4000,Aurora (Part),2011,292776,504000
13884,5,6090,Bennett (Part),2011,359,506090
13885,5,8070,Bow Mar (Part),2011,591,508070
13886,5,12815,Centennial,2011,101652,512815
13887,5,13845,Cherry Hills Village,2011,6116,513845
13888,5,16385,Columbine Valley,2011,1282,516385
13889,5,19630,Deer Trail,2011,578,519630
13890,5,24785,Englewood,2011,30648,524785
13891,5,28105,Foxfield,2011,699,528105
13892,5,30340,Glendale,2011,4262,530340
13893,5,33035,Greenwood Village,2011,14196,533035
13894,5,45255,Littleton (Part),2011,40458,545255
13895,5,69645,Sheridan,2011,5759,569645
13896,5,99990,Unincorporated Arapahoe County,2011,86439,599990
13897,7,0,ARCHULETA COUNTY,2011,11955,700000
13898,7,56860,Pagosa Springs,2011,1700,756860
13899,7,99990,Unincorporated Archuleta County,2011,10255,799990
13900,9,0,BACA COUNTY,2011,3767,900000
13901,9,11645,Campo,2011,117,911645
13902,9,61315,Pritchett,2011,135,961315
13903,9,73330,Springfield,2011,1418,973330
13904,9,79270,Two Buttes,2011,41,979270
13905,9,81030,Vilas,2011,81,981030
13906,9,82460,Walsh,2011,593,982460
13907,9,99990,Unincorporated Baca County,2011,1383,999990
13908,11,0,BENT COUNTY,2011,6355,1100000
13909,11,43660,Las Animas,2011,2436,1143660
13910,11,99990,Unincorporated Bent County,2011,3919,1199990
13911,13,0,BOULDER COUNTY,2011,300526,1300000
13912,13,7850,Boulder,2011,100233,1307850
13913,13,24950,Erie (Part),2011,8711,1324950
13914,13,39195,Jamestown,2011,276,1339195
13915,13,41835,Lafayette,2011,24722,1341835
13916,13,45970,Longmont (Part),2011,87390,1345970
13917,13,46355,Louisville,2011,18560,1346355
13918,13,47070,Lyons,2011,2080,1347070
13919,13,53175,Nederland,2011,1472,1353175
13920,13,75640,Superior (Part),2011,12572,1375640
13921,13,82735,Ward,2011,155,1382735
13922,13,99990,Unincorporated Boulder County,2011,44355,1399990
13923,14,0,BROOMFIELD COUNTY,2011,57584,1400000
13924,14,9280,Broomfield,2011,57584,1409280
13925,15,0,CHAFFEE COUNTY,2011,17932,1500000
13926,15,10105,Buena Vista,2011,2655,1510105
13927,15,60600,Poncha Springs,2011,723,1560600
13928,15,67280,Salida,2011,5260,1567280
13929,15,99990,Unincorporated Chaffee County,2011,9294,1599990
13930,17,0,CHEYENNE COUNTY,2011,1832,1700000
13931,17,14175,Cheyenne Wells,2011,853,1714175
13932,17,41010,Kit Carson,2011,267,1741010
13933,17,99990,Unincorporated Cheyenne County,2011,713,1799990
13934,19,0,CLEAR CREEK COUNTY,2011,9027,1900000
13935,19,12910,Central City (Part),2011,0,1912910
13936,19,24620,Empire,2011,299,1924620
13937,19,29735,Georgetown,2011,1018,1929735
13938,19,38370,Idaho Springs,2011,1741,1938370
13939,19,70360,Silver Plume,2011,182,1970360
13940,19,99990,Unincorporated Clear Creek County,2011,5787,1999990
13941,21,0,CONEJOS COUNTY,2011,8201,2100000
13942,21,2355,Antonito,2011,758,2102355
13943,21,42055,La Jara,2011,784,2142055
13944,21,48060,Manassa,2011,948,2148060
13945,21,65740,Romeo,2011,320,2165740
13946,21,67830,Sanford,2011,868,2167830
13947,21,99990,Unincorporated Conejos County,2011,4523,2199990
13948,23,0,COSTILLA COUNTY,2011,3518,2300000
13949,23,7190,Blanca,2011,349,2307190
13950,23,68105,San Luis,2011,590,2368105
13951,23,99990,Unincorporated Costilla County,2011,2579,2399990
13952,25,0,CROWLEY COUNTY,2011,5837,2500000
13953,25,18750,Crowley,2011,168,2518750
13954,25,55705,Olney Springs,2011,350,2555705
13955,25,56145,Ordway,2011,1095,2556145
13956,25,74815,Sugar City,2011,272,2574815
13957,25,99990,Unincorporated Crowley County,2011,3953,2599990
13958,27,0,CUSTER COUNTY,2011,4318,2700000
13959,27,70250,Silver Cliff,2011,585,2770250
13960,27,83450,Westcliffe,2011,472,2783450
13961,27,99990,Unincorporated Custer County,2011,3261,2799990
13962,29,0,DELTA COUNTY,2011,30433,2900000
13963,29,12635,Cedaredge,2011,2223,2912635
13964,29,17925,Crawford,2011,422,2917925
13965,29,19850,Delta,2011,8821,2919850
13966,29,37545,Hotchkiss,2011,923,2937545
13967,29,55980,Orchard City,2011,3085,2955980
13968,29,57300,Paonia,2011,1425,2957300
13969,29,99990,Unincorporated Delta County,2011,13534,2999990
13970,31,0,DENVER COUNTY,2011,620229,3100000
13971,31,20000,Denver,2011,620229,3120000
13972,33,0,DOLORES COUNTY,2011,2065,3300000
13973,33,21265,Dove Creek,2011,731,3321265
13974,33,64090,Rico,2011,371,3364090
13975,33,99990,Unincorporated Dolores County,2011,964,3399990
13976,35,0,DOUGLAS COUNTY,2011,292623,3500000
13977,35,4000,Aurora (Part),2011,251,3504000
13978,35,12387,Castle Pines,2011,10487,3512387
13979,35,12415,Castle Rock,2011,50351,3512415
13980,35,43550,Larkspur,2011,190,3543550
13981,35,45255,Littleton (Part),2011,29,3545255
13982,35,45955,Lone Tree,2011,10435,3545955
13983,35,57630,Parker,2011,46201,3557630
13984,35,99990,Unincorporated Douglas County,2011,174678,3599990
13985,37,0,EAGLE COUNTY,2011,52120,3700000
13986,37,4110,Avon,2011,6205,3704110
13987,37,4935,Basalt (Part),2011,2741,3704935
13988,37,22200,Eagle,2011,6653,3722200
13989,37,33695,Gypsum,2011,6533,3733695
13990,37,50920,Minturn,2011,1021,3750920
13991,37,63265,Red Cliff,2011,223,3763265
13992,37,80040,Vail,2011,5248,3780040
13993,37,99990,Unincorporated Eagle County,2011,23496,3799990
13994,39,0,ELBERT COUNTY,2011,23032,3900000
13995,39,23740,Elizabeth,2011,1347,3923740
13996,39,40790,Kiowa,2011,712,3940790
13997,39,70635,Simla,2011,605,3970635
13998,39,99990,Unincorporated Elbert County,2011,20368,3999990
13999,41,0,EL PASO COUNTY,2011,639139,4100000
14000,41,11260,Calhan,2011,794,4111260
14001,41,16000,Colorado Springs,2011,428674,4116000
14002,41,27865,Fountain,2011,26668,4127865
14003,41,32650,Green Mountain Falls (Part),2011,808,4132650
14004,41,48445,Manitou Springs,2011,5074,4148445
14005,41,51800,Monument,2011,6043,4151800
14006,41,57025,Palmer Lake,2011,2467,4157025
14007,41,62660,Ramah,2011,125,4162660
14008,41,99990,Unincorporated El Paso County,2011,168485,4199990
14009,43,0,FREMONT COUNTY,2011,47076,4300000
14010,43,9115,Brookside,2011,209,4309115
14011,43,11810,Canon City,2011,16612,4311810
14012,43,15330,Coal Creek,2011,333,4315330
14013,43,27040,Florence,2011,3753,4327040
14014,43,64970,Rockvale,2011,512,4364970
14015,43,85155,Williamsburg,2011,667,4385155
14016,43,99990,Unincorporated Fremont County,2011,24992,4399990
14017,45,0,GARFIELD COUNTY,2011,56267,4500000
14018,45,12030,Carbonate,2011,0,4512030
14019,45,12045,Carbondale,2011,6331,4512045
14020,45,30780,Glenwood Springs,2011,9663,4530780
14021,45,53395,New Castle,2011,4400,4553395
14022,45,57400,Parachute,2011,1149,4557400
14023,45,64255,Rifle,2011,9503,4564255
14024,45,70195,Silt,2011,3127,4570195
14025,45,99990,Unincorporated Garfield County,2011,22095,4599990
14026,47,0,GILPIN COUNTY,2011,5477,4700000
14027,47,7025,Black Hawk,2011,135,4707025
14028,47,12910,Central City (Part),2011,725,4712910
14029,47,99990,Unincorporated Gilpin County,2011,4616,4799990
14030,49,0,GRAND COUNTY,2011,14836,4900000
14031,49,28305,Fraser,2011,1508,4928305
14032,49,31605,Granby,2011,1789,4931605
14033,49,31715,Grand Lake,2011,395,4931715
14034,49,37600,Hot Sulphur Springs,2011,612,4937600
14035,49,41560,Kremmling,2011,1301,4941560
14036,49,85705,Winter Park,2011,1079,4985705
14037,49,99990,Unincorporated Grand County,2011,8153,4999990
14038,51,0,GUNNISON COUNTY,2011,15348,5100000
14039,51,18310,Crested Butte,2011,1486,5118310
14040,51,33640,Gunnison,2011,5919,5133640
14041,51,48555,Marble,2011,130,5148555
14042,51,52570,Mount Crested Butte/G,2011,800,5152570
14043,51,59830,Pitkin,2011,66,5159830
14044,51,99990,Unincorporated Gunnison County,2011,6947,5199990
14045,53,0,HINSDALE COUNTY,2011,835,5300000
14046,53,42330,Lake City,2011,408,5342330
14047,53,99990,Unincorporated Hinsdale County,2011,427,5399990
14048,55,0,HUERFANO COUNTY,2011,6671,5500000
14049,55,44100,La Veta,2011,858,5544100
14050,55,82350,Walsenburg,2011,2950,5582350
14051,55,99990,Unincorporated Huerfano County,2011,2863,5599990
14052,57,0,JACKSON COUNTY,2011,1387,5700000
14053,57,82130,Walden,2011,584,5782130
14054,57,99990,Unincorporated Jackson County,2011,803,5799990
14055,59,0,JEFFERSON COUNTY,2011,540625,5900000
14056,59,3455,Arvada (Part),2011,105261,5903455
14057,59,8070,Bow Mar (Part),2011,280,5908070
14058,59,23135,Edgewater,2011,5196,5923135
14059,59,30835,Golden,2011,19397,5930835
14060,59,42495,Lakeside,2011,9,5942495
14061,59,43000,Lakewood,2011,144348,5943000
14062,59,45255,Littleton (Part),2011,2391,5945255
14063,59,52075,Morrison,2011,431,5952075
14064,59,52350,Mountain View,2011,515,5952350
14065,59,75640,Superior (Part),2011,0,5975640
14066,59,83835,Westminster (Part),2011,42866,5983835
14067,59,84440,Wheat Ridge,2011,30526,5984440
14068,59,99990,Unincorporated Jefferson County,2011,189404,5999990
14069,61,0,KIOWA COUNTY,2011,1383,6100000
14070,61,22145,Eads,2011,661,6122145
14071,61,34740,Haswell,2011,66,6134740
14072,61,69700,Sheridan Lake,2011,86,6169700
14073,61,99990,Unincorporated Kiowa County,2011,569,6199990
14074,63,0,KIT CARSON COUNTY,2011,8165,6300000
14075,63,6530,Bethune,2011,224,6306530
14076,63,10600,Burlington,2011,4208,6310600
14077,63,26765,Flagler,2011,558,6326765
14078,63,69040,Seibert,2011,127,6369040
14079,63,74485,Stratton,2011,635,6374485
14080,63,81690,Vona,2011,112,6381690
14081,63,99990,Unincorporated Kit Carson County,2011,2301,6399990
14082,65,0,LAKE COUNTY,2011,7242,6500000
14083,65,44320,Leadville,2011,2614,6544320
14084,65,99990,Unincorporated Lake County,2011,4628,6599990
14085,67,0,LA PLATA COUNTY,2011,51803,6700000
14086,67,5265,Bayfield,2011,2394,6705265
14087,67,22035,Durango,2011,16959,6722035
14088,67,38535,Ignacio,2011,715,6738535
14089,67,99990,Unincorporated La Plata County,2011,31735,6799990
14090,69,0,LARIMER COUNTY,2011,305342,6900000
14091,69,6255,Berthoud (Part),2011,5183,6906255
14092,69,25115,Estes Park,2011,6015,6925115
14093,69,27425,Fort Collins,2011,145549,6927425
14094,69,39855,Johnstown (Part),2011,968,6939855
14095,69,46465,Loveland,2011,68752,6946465
14096,69,77510,Timnath (Part),2011,807,6977510
14097,69,83230,Wellington,2011,6416,6983230
14098,69,85485,Windsor (Part),2011,4662,6985485
14099,69,99990,Unincorporated Larimer County,2011,66989,6999990
14100,71,0,LAS ANIMAS COUNTY,2011,15325,7100000
14101,71,760,Aguilar,2011,517,7100760
14102,71,8345,Branson,2011,79,7108345
14103,71,15550,Cokedale,2011,138,7115550
14104,71,40570,Kim,2011,88,7140570
14105,71,73715,Starkville,2011,73,7173715
14106,71,78610,Trinidad,2011,9033,7178610
14107,71,99990,Unincorporated Las Animas County,2011,5397,7199990
14108,73,0,LINCOLN COUNTY,2011,5488,7300000
14109,73,3235,Arriba,2011,196,7303235
14110,73,29680,Genoa,2011,97,7329680
14111,73,37875,Hugo,2011,715,7337875
14112,73,44980,Limon,2011,1917,7344980
14113,73,99990,Unincorporated Lincoln County,2011,2564,7399990
14114,75,0,LOGAN COUNTY,2011,22210,7500000
14115,75,18640,Crook,2011,125,7518640
14116,75,26875,Fleming,2011,445,7526875
14117,75,38590,Iliff,2011,257,7538590
14118,75,50040,Merino,2011,310,7550040
14119,75,58235,Peetz,2011,244,7558235
14120,75,73935,Sterling,2011,14431,7573935
14121,75,99990,Unincorporated Logan County,2011,6398,7599990
14122,77,0,MESA COUNTY,2011,147957,7700000
14123,77,15605,Collbran,2011,689,7715605
14124,77,19355,De Beque,2011,500,7719355
14125,77,28745,Fruita,2011,12835,7728745
14126,77,31660,Grand Junction,2011,59942,7731660
14127,77,56970,Palisade,2011,2715,7756970
14128,77,99990,Unincorporated Mesa County,2011,71275,7799990
14129,79,0,MINERAL COUNTY,2011,712,7900000
14130,79,14765,City of Creede,2011,244,7914765
14131,79,99990,Unincorporated Mineral County,2011,467,7999990
14132,81,0,MOFFAT COUNTY,2011,13452,8100000
14133,81,17760,Craig,2011,9317,8117760
14134,81,20495,Dinosaur,2011,286,8120495
14135,81,99990,Unincorporated Moffat County,2011,3849,8199990
14136,83,0,MONTEZUMA COUNTY,2011,25519,8300000
14137,83,17375,Cortez,2011,8560,8317375
14138,83,20770,Dolores,2011,919,8320770
14139,83,48115,Mancos,2011,1219,8348115
14140,83,99990,Unincorporated Montezuma County,2011,14821,8399990
14141,85,0,MONTROSE COUNTY,2011,41260,8500000
14142,85,51745,Montrose,2011,20280,8551745
14143,85,53120,Naturita,2011,518,8553120
14144,85,54935,Nucla,2011,636,8554935
14145,85,55540,Olathe,2011,1846,8555540
14146,85,99990,Unincorporated Montrose County,2011,17981,8599990
14147,87,0,MORGAN COUNTY,2011,28430,8700000
14148,87,9555,Brush,2011,5327,8709555
14149,87,27810,Fort Morgan,2011,11687,8727810
14150,87,36610,Hillrose,2011,294,8736610
14151,87,45695,Log Lane Village,2011,905,8745695
14152,87,84770,Wiggins,2011,1114,8784770
14153,87,99990,Unincorporated Morgan County,2011,9102,8799990
14154,89,0,OTERO COUNTY,2011,18831,8900000
14155,89,13460,Cheraw,2011,227,8913460
14156,89,27975,Fowler,2011,1248,8927975
14157,89,42110,La Junta,2011,7191,8942110
14158,89,48500,Manzanola,2011,399,8948500
14159,89,65190,Rocky Ford,2011,4033,8965190
14160,89,75970,Swink,2011,630,8975970
14161,89,99990,Unincorporated Otero County,2011,5104,8999990
14162,91,0,OURAY COUNTY,2011,4404,9100000
14163,91,56420,Ouray,2011,970,9156420
14164,91,64200,Ridgway,2011,933,9164200
14165,91,99990,Unincorporated Ouray County,2011,2501,9199990
14166,93,0,PARK COUNTY,2011,15896,9300000
14167,93,1530,Alma,2011,247,9301530
14168,93,25610,Fairplay,2011,688,9325610
14169,93,99990,Unincorporated Park County,2011,14961,9399990
14170,95,0,PHILLIPS COUNTY,2011,4473,9500000
14171,95,34960,Haxtun,2011,1019,9534960
14172,95,37270,Holyoke,2011,2303,9537270
14173,95,57245,Paoli,2011,39,9557245
14174,95,99990,Unincorporated Phillips County,2011,1113,9599990
14175,97,0,PITKIN COUNTY,2011,17128,9700000
14176,97,3620,Aspen,2011,6990,9703620
14177,97,4935,Basalt (Part),2011,953,9704935
14178,97,71755,Snowmass Village,2011,2994,9771755
14179,97,99990,Unincorporated Pitkin County,2011,6190,9799990
14180,99,0,PROWERS COUNTY,2011,12478,9900000
14181,99,31550,Granada,2011,488,9931550
14182,99,34520,Hartman,2011,63,9934520
14183,99,37215,Holly,2011,837,9937215
14184,99,43110,Lamar,2011,7953,9943110
14185,99,85045,Wiley,2011,436,9985045
14186,99,99990,Unincorporated Prowers County,2011,2701,9999990
14187,101,0,PUEBLO COUNTY,2011,159838,10100000
14188,101,7795,Boone,2011,338,10107795
14189,101,62000,Pueblo,2011,106822,10162000
14190,101,66895,Rye,2011,157,10166895
14191,101,99990,Unincorporated Pueblo County,2011,52520,10199990
14192,103,0,RIO BLANCO COUNTY,2011,6736,10300000
14193,103,49875,Meeker,2011,2419,10349875
14194,103,62880,Rangely,2011,2630,10362880
14195,103,99990,Unincorporated Rio Blanco County,2011,1686,10399990
14196,105,0,RIO GRANDE COUNTY,2011,11957,10500000
14197,105,12855,Center (Part),2011,115,10512855
14198,105,19795,Del Norte,2011,1620,10519795
14199,105,51635,Monte Vista,2011,4381,10551635
14200,105,72395,South Fork,2011,469,10572395
14201,105,99990,Unincorporated Rio Grande County,2011,5372,10599990
14202,107,0,ROUTT COUNTY,2011,23485,10700000
14203,107,35070,Hayden,2011,1819,10735070
14204,107,55155,Oak Creek,2011,847,10755155
14205,107,73825,Steamboat Springs,2011,12201,10773825
14206,107,86475,Yampa,2011,394,10786475
14207,107,99990,Unincorporated Routt County,2011,8224,10799990
14208,109,0,SAGUACHE COUNTY,2011,6156,10900000
14209,109,7571,Bonanza City,2011,26,10907571
14210,109,12855,Center (Part),2011,2074,10912855
14211,109,18420,Crestone,2011,131,10918420
14212,109,51250,Moffat,2011,121,10951250
14213,109,67005,Saguache,2011,544,10967005
14214,109,99990,Unincorporated Saguache County,2011,3259,10999990
14215,111,0,SAN JUAN COUNTY,2011,706,11100000
14216,111,70580,Silverton,2011,641,11170580
14217,111,99990,Unincorporated San Juan County,2011,65,11199990
14218,113,0,SAN MIGUEL COUNTY,2011,7486,11300000
14219,113,52550,Mountain Village,2011,1166,11352550
14220,113,54880,Norwood,2011,492,11354880
14221,113,55870,Ophir,2011,207,11355870
14222,113,68655,Sawpit,2011,29,11368655
14223,113,76795,Telluride,2011,2539,11376795
14224,113,99990,Unincorporated San Miguel County,2011,3054,11399990
14225,115,0,SEDGWICK COUNTY,2011,2371,11500000
14226,115,39965,Julesburg,2011,1248,11539965
14227,115,56475,Ovid,2011,305,11556475
14228,115,68930,Sedgwick,2011,165,11568930
14229,115,99990,Unincorporated Sedgwick County,2011,652,11599990
14230,117,0,SUMMIT COUNTY,2011,28087,11700000
14231,117,7410,Blue River,2011,849,11707410
14232,117,8400,Breckenridge,2011,4581,11708400
14233,117,20440,Dillon,2011,911,11720440
14234,117,28690,Frisco,2011,2686,11728690
14235,117,40550,Keystone,2011,,11740555
14236,117,51690,Montezuma,2011,65,11751690
14237,117,70525,Silverthorne,2011,3863,11770525
14238,117,99990,Unincorporated Summit County,2011,15132,11799990
14239,119,0,TELLER COUNTY,2011,23268,11900000
14240,119,18530,Cripple Creek,2011,1172,11918530
14241,119,32650,Green Mountain Falls (Part),2011,27,11932650
14242,119,80865,Victor,2011,390,11980865
14243,119,86090,Woodland Park,2011,7214,11986090
14244,119,99990,Unincorporated Teller County,2011,14465,11999990
14245,121,0,WASHINGTON COUNTY,2011,4608,12100000
14246,121,925,Akron,2011,1688,12100925
14247,121,56365,Otis,2011,477,12156365
14248,121,99990,Unincorporated Washington County,2011,2443,12199990
14249,123,0,WELD COUNTY,2011,258702,12300000
14250,123,3950,Ault,2011,1533,12303950
14251,123,6255,Berthoud (Part),2011,67,12306255
14252,123,8675,Brighton (Part),2011,338,12308675
14253,123,19080,Dacono,2011,4288,12319080
14254,123,22860,Eaton,2011,4437,12322860
14255,123,24950,Erie (Part),2011,10487,12324950
14256,123,25280,Evans,2011,19022,12325280
14257,123,26600,Firestone,2011,10528,12326600
14258,123,27700,Fort Lupton,2011,7433,12327700
14259,123,28360,Frederick,2011,8944,12328360
14260,123,29185,Garden City,2011,240,12329185
14261,123,29955,Gilcrest,2011,1037,12329955
14262,123,32155,Greeley,2011,94323,12332155
14263,123,33310,Grover,2011,142,12333310
14264,123,37820,Hudson,2011,2358,12337820
14265,123,39855,Johnstown (Part),2011,9678,12339855
14266,123,40185,Keenesburg,2011,1142,12340185
14267,123,40515,Kersey,2011,1458,12340515
14268,123,43605,La Salle,2011,1981,12343605
14269,123,45530,Lochbuie (Part),2011,5073,12345530
14270,123,45970,Longmont (Part),2011,65,12345970
14271,123,49600,Mead,2011,3516,12349600
14272,123,50480,Milliken,2011,5710,12350480
14273,123,54330,Northglenn (Part),2011,14,12354330
14274,123,55045,Nunn,2011,429,12355045
14275,123,59005,Pierce,2011,874,12359005
14276,123,60160,Platteville,2011,2521,12360160
14277,123,63045,Raymer,2011,100,12363045
14278,123,69150,Severance,2011,3272,12369150
14279,123,77290,Thornton (Part),2011,0,12377290
14280,123,77510,Timnath (Part),2011,7,12377510
14281,123,85485,Windsor (Part),2011,14679,12385485
14282,123,99990,Unincorporated Weld County,2011,43005,12399990
14283,125,0,YUMA COUNTY,2011,10111,12500000
14284,125,23025,Eckley,2011,230,12523025
14285,125,86310,Wray,2011,2431,12586310
14286,125,86750,Yuma,2011,3526,12586750
14287,125,99990,Unincorporated Yuma County,2011,3923,12599990
14288,999,3455,Arvada (Total),2011,108142,99903455
14289,999,4000,Aurora (Total),2011,333665,99904000
14290,999,4935,Basalt (Total),2011,3695,99904935
14291,999,6090,Bennett (Total),2011,2352,99906090
14292,999,6255,Berthoud (Total),2011,5251,99906255
14293,999,8070,Bow Mar (Total),2011,871,99908070
14294,999,8675,Brighton (Total),2011,33945,99908675
14295,999,12855,Center (Total),2011,2189,99912855
14296,999,12910,Central City (Total),2011,725,99912910
14297,999,24950,Erie (Total),2011,19198,99924950
14298,999,32650,Green Mountain Falls (Total),2011,835,99932650
14299,999,39855,Johnstown (Total),2011,10646,99939855
14300,999,45255,Littleton (Total),2011,42878,99945255
14301,999,45530,Lochbuie (Total),2011,5075,99945530
14302,999,45970,Longmont (Total),2011,87455,99945970
14303,999,54330,Northglenn (Total),2011,36404,99954330
14304,999,75640,Superior (Total),2011,12572,99975640
14305,999,77290,Thornton (Total),2011,122002,99977290
14306,999,77510,Timnath (Total),2011,814,99977510
14307,999,83835,Westminster (Total),2011,108095,99983835
14308,999,85485,Windsor (Total),2011,19341,99985485
14309,0,0,COLORADO STATE,2012,5194662,0
14310,1,0,ADAMS COUNTY,2012,460468,100000
14311,1,3455,Arvada (Part),2012,2898,103455
14312,1,4000,Aurora (Part),2012,41877,104000
14313,1,6090,Bennett (Part),2012,2021,106090
14314,1,8675,Brighton (Part),2012,34037,108675
14315,1,16495,Commerce City,2012,48789,116495
14316,1,26270,Federal Heights,2012,12219,126270
14317,1,45530,Lochbuie (Part),2012,2,145530
14318,1,54330,Northglenn (Part),2012,36837,154330
14319,1,77290,Thornton (Part),2012,124107,177290
14320,1,83835,Westminster (Part),2012,66342,183835
14321,1,99990,Unincorporated Adams County,2012,91338,199990
14322,3,0,ALAMOSA COUNTY,2012,15604,300000
14323,3,1090,Alamosa,2012,8947,301090
14324,3,37380,Hooper,2012,100,337380
14325,3,99990,Unincorporated Alamosa County,2012,6557,399990
14326,5,0,ARAPAHOE COUNTY,2012,596228,500000
14327,5,4000,Aurora (Part),2012,299166,504000
14328,5,6090,Bennett (Part),2012,366,506090
14329,5,8070,Bow Mar (Part),2012,593,508070
14330,5,12815,Centennial,2012,102798,512815
14331,5,13845,Cherry Hills Village,2012,6226,513845
14332,5,16385,Columbine Valley,2012,1310,516385
14333,5,19630,Deer Trail,2012,614,519630
14334,5,24785,Englewood,2012,31027,524785
14335,5,28105,Foxfield,2012,710,528105
14336,5,30340,Glendale,2012,4348,530340
14337,5,33035,Greenwood Village,2012,14504,533035
14338,5,45255,Littleton (Part),2012,40892,545255
14339,5,69645,Sheridan,2012,5885,569645
14340,5,99990,Unincorporated Arapahoe County,2012,87789,599990
14341,7,0,ARCHULETA COUNTY,2012,11990,700000
14342,7,56860,Pagosa Springs,2012,1649,756860
14343,7,99990,Unincorporated Archuleta County,2012,10341,799990
14344,9,0,BACA COUNTY,2012,3704,900000
14345,9,11645,Campo,2012,113,911645
14346,9,61315,Pritchett,2012,131,961315
14347,9,73330,Springfield,2012,1399,973330
14348,9,79270,Two Buttes,2012,39,979270
14349,9,81030,Vilas,2012,83,981030
14350,9,82460,Walsh,2012,582,982460
14351,9,99990,Unincorporated Baca County,2012,1357,999990
14352,11,0,BENT COUNTY,2012,5864,1100000
14353,11,43660,Las Animas,2012,2397,1143660
14354,11,99990,Unincorporated Bent County,2012,3467,1199990
14355,13,0,BOULDER COUNTY,2012,305881,1300000
14356,13,7850,Boulder,2012,101701,1307850
14357,13,24950,Erie (Part),2012,8907,1324950
14358,13,39195,Jamestown,2012,278,1339195
14359,13,41835,Lafayette,2012,25466,1341835
14360,13,45970,Longmont (Part),2012,88451,1345970
14361,13,46355,Louisville,2012,18959,1346355
14362,13,47070,Lyons,2012,2119,1347070
14363,13,53175,Nederland,2012,1503,1353175
14364,13,75640,Superior (Part),2012,12655,1375640
14365,13,82735,Ward,2012,161,1382735
14366,13,99990,Unincorporated Boulder County,2012,45681,1399990
14367,14,0,BROOMFIELD COUNTY,2012,59271,1400000
14368,14,9280,Broomfield,2012,59271,1409280
14369,15,0,CHAFFEE COUNTY,2012,17967,1500000
14370,15,10105,Buena Vista,2012,2645,1510105
14371,15,60600,Poncha Springs,2012,704,1560600
14372,15,67280,Salida,2012,5231,1567280
14373,15,99990,Unincorporated Chaffee County,2012,9387,1599990
14374,17,0,CHEYENNE COUNTY,2012,1832,1700000
14375,17,14175,Cheyenne Wells,2012,845,1714175
14376,17,41010,Kit Carson,2012,272,1741010
14377,17,99990,Unincorporated Cheyenne County,2012,716,1799990
14378,19,0,CLEAR CREEK COUNTY,2012,9016,1900000
14379,19,12910,Central City (Part),2012,0,1912910
14380,19,24620,Empire,2012,303,1924620
14381,19,29735,Georgetown,2012,1030,1929735
14382,19,38370,Idaho Springs,2012,1739,1938370
14383,19,70360,Silver Plume,2012,181,1970360
14384,19,99990,Unincorporated Clear Creek County,2012,5763,1999990
14385,21,0,CONEJOS COUNTY,2012,8134,2100000
14386,21,2355,Antonito,2012,748,2102355
14387,21,42055,La Jara,2012,779,2142055
14388,21,48060,Manassa,2012,947,2148060
14389,21,65740,Romeo,2012,319,2165740
14390,21,67830,Sanford,2012,868,2167830
14391,21,99990,Unincorporated Conejos County,2012,4474,2199990
14392,23,0,COSTILLA COUNTY,2012,3517,2300000
14393,23,7190,Blanca,2012,349,2307190
14394,23,68105,San Luis,2012,595,2368105
14395,23,99990,Unincorporated Costilla County,2012,2573,2399990
14396,25,0,CROWLEY COUNTY,2012,5839,2500000
14397,25,18750,Crowley,2012,167,2518750
14398,25,55705,Olney Springs,2012,347,2555705
14399,25,56145,Ordway,2012,1095,2556145
14400,25,74815,Sugar City,2012,270,2574815
14401,25,99990,Unincorporated Crowley County,2012,3959,2599990
14402,27,0,CUSTER COUNTY,2012,4367,2700000
14403,27,70250,Silver Cliff,2012,583,2770250
14404,27,83450,Westcliffe,2012,472,2783450
14405,27,99990,Unincorporated Custer County,2012,3311,2799990
14406,29,0,DELTA COUNTY,2012,30554,2900000
14407,29,12635,Cedaredge,2012,2216,2912635
14408,29,17925,Crawford,2012,419,2917925
14409,29,19850,Delta,2012,8889,2919850
14410,29,37545,Hotchkiss,2012,914,2937545
14411,29,55980,Orchard City,2012,3085,2955980
14412,29,57300,Paonia,2012,1420,2957300
14413,29,99990,Unincorporated Delta County,2012,13612,2999990
14414,31,0,DENVER COUNTY,2012,632924,3100000
14415,31,20000,Denver,2012,632924,3120000
14416,33,0,DOLORES COUNTY,2012,2078,3300000
14417,33,21265,Dove Creek,2012,715,3321265
14418,33,64090,Rico,2012,351,3364090
14419,33,99990,Unincorporated Dolores County,2012,1012,3399990
14420,35,0,DOUGLAS COUNTY,2012,298733,3500000
14421,35,4000,Aurora (Part),2012,326,3504000
14422,35,12387,Castle Pines,2012,10589,3512387
14423,35,12415,Castle Rock,2012,52087,3512415
14424,35,43550,Larkspur,2012,196,3543550
14425,35,45255,Littleton (Part),2012,30,3545255
14426,35,45955,Lone Tree,2012,10686,3545955
14427,35,57630,Parker,2012,47031,3557630
14428,35,99990,Unincorporated Douglas County,2012,177788,3599990
14429,37,0,EAGLE COUNTY,2012,52160,3700000
14430,37,4110,Avon,2012,6148,3704110
14431,37,4935,Basalt (Part),2012,2726,3704935
14432,37,22200,Eagle,2012,6682,3722200
14433,37,33695,Gypsum,2012,6572,3733695
14434,37,50920,Minturn,2012,1019,3750920
14435,37,63265,Red Cliff,2012,223,3763265
14436,37,80040,Vail,2012,5187,3780040
14437,37,99990,Unincorporated Eagle County,2012,23603,3799990
14438,39,0,ELBERT COUNTY,2012,23034,3900000
14439,39,23740,Elizabeth,2012,1343,3923740
14440,39,40790,Kiowa,2012,708,3940790
14441,39,70635,Simla,2012,598,3970635
14442,39,99990,Unincorporated Elbert County,2012,20385,3999990
14443,41,0,EL PASO COUNTY,2012,648445,4100000
14444,41,11260,Calhan,2012,795,4111260
14445,41,16000,Colorado Springs,2012,433979,4116000
14446,41,27865,Fountain,2012,26901,4127865
14447,41,32650,Green Mountain Falls (Part),2012,808,4132650
14448,41,48445,Manitou Springs,2012,5098,4148445
14449,41,51800,Monument,2012,6452,4151800
14450,41,57025,Palmer Lake,2012,2486,4157025
14451,41,62660,Ramah,2012,126,4162660
14452,41,99990,Unincorporated El Paso County,2012,171799,4199990
14453,43,0,FREMONT COUNTY,2012,47130,4300000
14454,43,9115,Brookside,2012,208,4309115
14455,43,11810,Canon City,2012,16707,4311810
14456,43,15330,Coal Creek,2012,335,4315330
14457,43,27040,Florence,2012,3748,4327040
14458,43,64970,Rockvale,2012,511,4364970
14459,43,85155,Williamsburg,2012,673,4385155
14460,43,99990,Unincorporated Fremont County,2012,24948,4399990
14461,45,0,GARFIELD COUNTY,2012,56415,4500000
14462,45,12030,Carbonate,2012,0,4512030
14463,45,12045,Carbondale,2012,6289,4512045
14464,45,30780,Glenwood Springs,2012,9637,4530780
14465,45,53395,New Castle,2012,4382,4553395
14466,45,57400,Parachute,2012,1165,4557400
14467,45,64255,Rifle,2012,9553,4564255
14468,45,70195,Silt,2012,3158,4570195
14469,45,99990,Unincorporated Garfield County,2012,22231,4599990
14470,47,0,GILPIN COUNTY,2012,5500,4700000
14471,47,7025,Black Hawk,2012,136,4707025
14472,47,12910,Central City (Part),2012,731,4712910
14473,47,99990,Unincorporated Gilpin County,2012,4633,4799990
14474,49,0,GRAND COUNTY,2012,14925,4900000
14475,49,28305,Fraser,2012,1487,4928305
14476,49,31605,Granby,2012,1893,4931605
14477,49,31715,Grand Lake,2012,396,4931715
14478,49,37600,Hot Sulphur Springs,2012,623,4937600
14479,49,41560,Kremmling,2012,1332,4941560
14480,49,85705,Winter Park,2012,1055,4985705
14481,49,99990,Unincorporated Grand County,2012,8139,4999990
14482,51,0,GUNNISON COUNTY,2012,15270,5100000
14483,51,18310,Crested Butte,2012,1491,5118310
14484,51,33640,Gunnison,2012,5880,5133640
14485,51,48555,Marble,2012,129,5148555
14486,51,52570,Mount Crested Butte/G,2012,796,5152570
14487,51,59830,Pitkin,2012,64,5159830
14488,51,99990,Unincorporated Gunnison County,2012,6911,5199990
14489,53,0,HINSDALE COUNTY,2012,831,5300000
14490,53,42330,Lake City,2012,410,5342330
14491,53,99990,Unincorporated Hinsdale County,2012,421,5399990
14492,55,0,HUERFANO COUNTY,2012,6686,5500000
14493,55,44100,La Veta,2012,861,5544100
14494,55,82350,Walsenburg,2012,2957,5582350
14495,55,99990,Unincorporated Huerfano County,2012,2869,5599990
14496,57,0,JACKSON COUNTY,2012,1385,5700000
14497,57,82130,Walden,2012,586,5782130
14498,57,99990,Unincorporated Jackson County,2012,798,5799990
14499,59,0,JEFFERSON COUNTY,2012,546631,5900000
14500,59,3455,Arvada (Part),2012,107545,5903455
14501,59,8070,Bow Mar (Part),2012,265,5908070
14502,59,23135,Edgewater,2012,5222,5923135
14503,59,30835,Golden,2012,19488,5930835
14504,59,42495,Lakeside,2012,10,5942495
14505,59,43000,Lakewood,2012,145387,5943000
14506,59,45255,Littleton (Part),2012,2390,5945255
14507,59,52075,Morrison,2012,414,5952075
14508,59,52350,Mountain View,2012,523,5952350
14509,59,75640,Superior (Part),2012,0,5975640
14510,59,83835,Westminster (Part),2012,43305,5983835
14511,59,84440,Wheat Ridge,2012,31060,5984440
14512,59,99990,Unincorporated Jefferson County,2012,191022,5999990
14513,61,0,KIOWA COUNTY,2012,1392,6100000
14514,61,22145,Eads,2012,666,6122145
14515,61,34740,Haswell,2012,67,6134740
14516,61,69700,Sheridan Lake,2012,84,6169700
14517,61,99990,Unincorporated Kiowa County,2012,576,6199990
14518,63,0,KIT CARSON COUNTY,2012,8085,6300000
14519,63,6530,Bethune,2012,221,6306530
14520,63,10600,Burlington,2012,4113,6310600
14521,63,26765,Flagler,2012,560,6326765
14522,63,69040,Seibert,2012,129,6369040
14523,63,74485,Stratton,2012,641,6374485
14524,63,81690,Vona,2012,111,6381690
14525,63,99990,Unincorporated Kit Carson County,2012,2310,6399990
14526,65,0,LAKE COUNTY,2012,7103,6500000
14527,65,44320,Leadville,2012,2577,6544320
14528,65,99990,Unincorporated Lake County,2012,4526,6599990
14529,67,0,LA PLATA COUNTY,2012,52314,6700000
14530,67,5265,Bayfield,2012,2442,6705265
14531,67,22035,Durango,2012,17188,6722035
14532,67,38535,Ignacio,2012,728,6738535
14533,67,99990,Unincorporated La Plata County,2012,31956,6799990
14534,69,0,LARIMER COUNTY,2012,310952,6900000
14535,69,6255,Berthoud (Part),2012,5350,6906255
14536,69,25115,Estes Park,2012,6219,6925115
14537,69,27425,Fort Collins,2012,148016,6927425
14538,69,39855,Johnstown (Part),2012,1314,6939855
14539,69,46465,Loveland,2012,69333,6946465
14540,69,77510,Timnath (Part),2012,1191,6977510
14541,69,83230,Wellington,2012,6521,6983230
14542,69,85485,Windsor (Part),2012,4785,6985485
14543,69,99990,Unincorporated Larimer County,2012,68222,6999990
14544,71,0,LAS ANIMAS COUNTY,2012,15245,7100000
14545,71,760,Aguilar,2012,509,7100760
14546,71,8345,Branson,2012,76,7108345
14547,71,15550,Cokedale,2012,135,7115550
14548,71,40570,Kim,2012,85,7140570
14549,71,73715,Starkville,2012,72,7173715
14550,71,78610,Trinidad,2012,8975,7178610
14551,71,99990,Unincorporated Las Animas County,2012,5394,7199990
14552,73,0,LINCOLN COUNTY,2012,5503,7300000
14553,73,3235,Arriba,2012,197,7303235
14554,73,29680,Genoa,2012,97,7329680
14555,73,37875,Hugo,2012,718,7337875
14556,73,44980,Limon,2012,1926,7344980
14557,73,99990,Unincorporated Lincoln County,2012,2566,7399990
14558,75,0,LOGAN COUNTY,2012,22131,7500000
14559,75,18640,Crook,2012,125,7518640
14560,75,26875,Fleming,2012,442,7526875
14561,75,38590,Iliff,2012,255,7538590
14562,75,50040,Merino,2012,306,7550040
14563,75,58235,Peetz,2012,241,7558235
14564,75,73935,Sterling,2012,14347,7573935
14565,75,99990,Unincorporated Logan County,2012,6414,7599990
14566,77,0,MESA COUNTY,2012,147939,7700000
14567,77,15605,Collbran,2012,673,7715605
14568,77,19355,De Beque,2012,497,7719355
14569,77,28745,Fruita,2012,12890,7728745
14570,77,31660,Grand Junction,2012,59998,7731660
14571,77,56970,Palisade,2012,2715,7756970
14572,77,99990,Unincorporated Mesa County,2012,71166,7799990
14573,79,0,MINERAL COUNTY,2012,723,7900000
14574,79,14765,City of Creede,2012,243,7914765
14575,79,99990,Unincorporated Mineral County,2012,481,7999990
14576,81,0,MOFFAT COUNTY,2012,13216,8100000
14577,81,17760,Craig,2012,9200,8117760
14578,81,20495,Dinosaur,2012,269,8120495
14579,81,99990,Unincorporated Moffat County,2012,3748,8199990
14580,83,0,MONTEZUMA COUNTY,2012,25501,8300000
14581,83,17375,Cortez,2012,8561,8317375
14582,83,20770,Dolores,2012,913,8320770
14583,83,48115,Mancos,2012,1221,8348115
14584,83,99990,Unincorporated Montezuma County,2012,14806,8399990
14585,85,0,MONTROSE COUNTY,2012,41303,8500000
14586,85,51745,Montrose,2012,20251,8551745
14587,85,53120,Naturita,2012,516,8553120
14588,85,54935,Nucla,2012,635,8554935
14589,85,55540,Olathe,2012,1840,8555540
14590,85,99990,Unincorporated Montrose County,2012,18061,8599990
14591,87,0,MORGAN COUNTY,2012,28247,8700000
14592,87,9555,Brush,2012,5293,8709555
14593,87,27810,Fort Morgan,2012,11607,8727810
14594,87,36610,Hillrose,2012,294,8736610
14595,87,45695,Log Lane Village,2012,900,8745695
14596,87,84770,Wiggins,2012,1095,8784770
14597,87,99990,Unincorporated Morgan County,2012,9058,8799990
14598,89,0,OTERO COUNTY,2012,18815,8900000
14599,89,13460,Cheraw,2012,228,8913460
14600,89,27975,Fowler,2012,1247,8927975
14601,89,42110,La Junta,2012,7208,8942110
14602,89,48500,Manzanola,2012,393,8948500
14603,89,65190,Rocky Ford,2012,4014,8965190
14604,89,75970,Swink,2012,627,8975970
14605,89,99990,Unincorporated Otero County,2012,5100,8999990
14606,91,0,OURAY COUNTY,2012,4478,9100000
14607,91,56420,Ouray,2012,974,9156420
14608,91,64200,Ridgway,2012,950,9164200
14609,91,99990,Unincorporated Ouray County,2012,2554,9199990
14610,93,0,PARK COUNTY,2012,15739,9300000
14611,93,1530,Alma,2012,250,9301530
14612,93,25610,Fairplay,2012,690,9325610
14613,93,99990,Unincorporated Park County,2012,14798,9399990
14614,95,0,PHILLIPS COUNTY,2012,4482,9500000
14615,95,34960,Haxtun,2012,1019,9534960
14616,95,37270,Holyoke,2012,2307,9537270
14617,95,57245,Paoli,2012,39,9557245
14618,95,99990,Unincorporated Phillips County,2012,1116,9599990
14619,97,0,PITKIN COUNTY,2012,17201,9700000
14620,97,3620,Aspen,2012,7020,9703620
14621,97,4935,Basalt (Part),2012,954,9704935
14622,97,71755,Snowmass Village,2012,3021,9771755
14623,97,99990,Unincorporated Pitkin County,2012,6205,9799990
14624,99,0,PROWERS COUNTY,2012,12398,9900000
14625,99,31550,Granada,2012,480,9931550
14626,99,34520,Hartman,2012,61,9934520
14627,99,37215,Holly,2012,834,9937215
14628,99,43110,Lamar,2012,7913,9943110
14629,99,85045,Wiley,2012,436,9985045
14630,99,99990,Unincorporated Prowers County,2012,2674,9999990
14631,101,0,PUEBLO COUNTY,2012,160327,10100000
14632,101,7795,Boone,2012,332,10107795
14633,101,62000,Pueblo,2012,107123,10162000
14634,101,66895,Rye,2012,160,10166895
14635,101,99990,Unincorporated Pueblo County,2012,52713,10199990
14636,103,0,RIO BLANCO COUNTY,2012,6793,10300000
14637,103,49875,Meeker,2012,2403,10349875
14638,103,62880,Rangely,2012,2693,10362880
14639,103,99990,Unincorporated Rio Blanco County,2012,1697,10399990
14640,105,0,RIO GRANDE COUNTY,2012,11912,10500000
14641,105,12855,Center (Part),2012,108,10512855
14642,105,19795,Del Norte,2012,1598,10519795
14643,105,51635,Monte Vista,2012,4365,10551635
14644,105,72395,South Fork,2012,472,10572395
14645,105,99990,Unincorporated Rio Grande County,2012,5370,10599990
14646,107,0,ROUTT COUNTY,2012,23525,10700000
14647,107,35070,Hayden,2012,1821,10735070
14648,107,55155,Oak Creek,2012,849,10755155
14649,107,73825,Steamboat Springs,2012,12233,10773825
14650,107,86475,Yampa,2012,394,10786475
14651,107,99990,Unincorporated Routt County,2012,8228,10799990
14652,109,0,SAGUACHE COUNTY,2012,6158,10900000
14653,109,7571,Bonanza City,2012,26,10907571
14654,109,12855,Center (Part),2012,2055,10912855
14655,109,18420,Crestone,2012,129,10918420
14656,109,51250,Moffat,2012,120,10951250
14657,109,67005,Saguache,2012,546,10967005
14658,109,99990,Unincorporated Saguache County,2012,3281,10999990
14659,111,0,SAN JUAN COUNTY,2012,703,11100000
14660,111,70580,Silverton,2012,635,11170580
14661,111,99990,Unincorporated San Juan County,2012,68,11199990
14662,113,0,SAN MIGUEL COUNTY,2012,7576,11300000
14663,113,52550,Mountain Village,2012,1178,11352550
14664,113,54880,Norwood,2012,493,11354880
14665,113,55870,Ophir,2012,207,11355870
14666,113,68655,Sawpit,2012,29,11368655
14667,113,76795,Telluride,2012,2543,11376795
14668,113,99990,Unincorporated San Miguel County,2012,3126,11399990
14669,115,0,SEDGWICK COUNTY,2012,2375,11500000
14670,115,39965,Julesburg,2012,1254,11539965
14671,115,56475,Ovid,2012,302,11556475
14672,115,68930,Sedgwick,2012,167,11568930
14673,115,99990,Unincorporated Sedgwick County,2012,652,11599990
14674,117,0,SUMMIT COUNTY,2012,28385,11700000
14675,117,7410,Blue River,2012,855,11707410
14676,117,8400,Breckenridge,2012,4695,11708400
14677,117,20440,Dillon,2012,926,11720440
14678,117,28690,Frisco,2012,2704,11728690
14679,117,40550,Keystone,2012,,11740555
14680,117,51690,Montezuma,2012,66,11751690
14681,117,70525,Silverthorne,2012,3835,11770525
14682,117,99990,Unincorporated Summit County,2012,15303,11799990
14683,119,0,TELLER COUNTY,2012,23270,11900000
14684,119,18530,Cripple Creek,2012,1160,11918530
14685,119,32650,Green Mountain Falls (Part),2012,26,11932650
14686,119,80865,Victor,2012,390,11980865
14687,119,86090,Woodland Park,2012,7228,11986090
14688,119,99990,Unincorporated Teller County,2012,14467,11999990
14689,121,0,WASHINGTON COUNTY,2012,4560,12100000
14690,121,925,Akron,2012,1627,12100925
14691,121,56365,Otis,2012,480,12156365
14692,121,99990,Unincorporated Washington County,2012,2453,12199990
14693,123,0,WELD COUNTY,2012,263850,12300000
14694,123,3950,Ault,2012,1545,12303950
14695,123,6255,Berthoud (Part),2012,72,12306255
14696,123,8675,Brighton (Part),2012,335,12308675
14697,123,19080,Dacono,2012,4372,12319080
14698,123,22860,Eaton,2012,4502,12322860
14699,123,24950,Erie (Part),2012,10978,12324950
14700,123,25280,Evans,2012,19558,12325280
14701,123,26600,Firestone,2012,10809,12326600
14702,123,27700,Fort Lupton,2012,7474,12327700
14703,123,28360,Frederick,2012,9349,12328360
14704,123,29185,Garden City,2012,244,12329185
14705,123,29955,Gilcrest,2012,1045,12329955
14706,123,32155,Greeley,2012,95324,12332155
14707,123,33310,Grover,2012,150,12333310
14708,123,37820,Hudson,2012,2522,12337820
14709,123,39855,Johnstown (Part),2012,10035,12339855
14710,123,40185,Keenesburg,2012,1156,12340185
14711,123,40515,Kersey,2012,1469,12340515
14712,123,43605,La Salle,2012,2007,12343605
14713,123,45530,Lochbuie (Part),2012,5203,12345530
14714,123,45970,Longmont (Part),2012,94,12345970
14715,123,49600,Mead,2012,3737,12349600
14716,123,50480,Milliken,2012,5786,12350480
14717,123,54330,Northglenn (Part),2012,15,12354330
14718,123,55045,Nunn,2012,439,12355045
14719,123,59005,Pierce,2012,910,12359005
14720,123,60160,Platteville,2012,2552,12360160
14721,123,63045,Raymer,2012,104,12363045
14722,123,69150,Severance,2012,3373,12369150
14723,123,77290,Thornton (Part),2012,0,12377290
14724,123,77510,Timnath (Part),2012,7,12377510
14725,123,85485,Windsor (Part),2012,15339,12385485
14726,123,99990,Unincorporated Weld County,2012,43343,12399990
14727,125,0,YUMA COUNTY,2012,10078,12500000
14728,125,23025,Eckley,2012,230,12523025
14729,125,86310,Wray,2012,2412,12586310
14730,125,86750,Yuma,2012,3508,12586750
14731,125,99990,Unincorporated Yuma County,2012,3928,12599990
14732,999,3455,Arvada (Total),2012,110443,99903455
14733,999,4000,Aurora (Total),2012,341370,99904000
14734,999,4935,Basalt (Total),2012,3680,99904935
14735,999,6090,Bennett (Total),2012,2387,99906090
14736,999,6255,Berthoud (Total),2012,5422,99906255
14737,999,8070,Bow Mar (Total),2012,858,99908070
14738,999,8675,Brighton (Total),2012,34372,99908675
14739,999,12855,Center (Total),2012,2163,99912855
14740,999,12910,Central City (Total),2012,731,99912910
14741,999,24950,Erie (Total),2012,19885,99924950
14742,999,32650,Green Mountain Falls (Total),2012,834,99932650
14743,999,39855,Johnstown (Total),2012,11350,99939855
14744,999,45255,Littleton (Total),2012,43312,99945255
14745,999,45530,Lochbuie (Total),2012,5205,99945530
14746,999,45970,Longmont (Total),2012,88546,99945970
14747,999,54330,Northglenn (Total),2012,36851,99954330
14748,999,75640,Superior (Total),2012,12655,99975640
14749,999,77290,Thornton (Total),2012,124107,99977290
14750,999,77510,Timnath (Total),2012,1199,99977510
14751,999,83835,Westminster (Total),2012,109647,99983835
14752,999,85485,Windsor (Total),2012,20124,99985485
14753,0,0,COLORADO STATE,2013,5270883,0
14754,1,0,ADAMS COUNTY,2013,469878,100000
14755,1,3455,Arvada (Part),2013,2920,103455
14756,1,4000,Aurora (Part),2013,42567,104000
14757,1,6090,Bennett (Part),2013,2054,106090
14758,1,8675,Brighton (Part),2013,35475,108675
14759,1,16495,Commerce City,2013,50139,116495
14760,1,26270,Federal Heights,2013,12664,126270
14761,1,45530,Lochbuie (Part),2013,2,145530
14762,1,54330,Northglenn (Part),2013,37311,154330
14763,1,77290,Thornton (Part),2013,126563,177290
14764,1,83835,Westminster (Part),2013,67510,183835
14765,1,99990,Unincorporated Adams County,2013,92673,199990
14766,3,0,ALAMOSA COUNTY,2013,15709,300000
14767,3,1090,Alamosa,2013,9049,301090
14768,3,37380,Hooper,2013,97,337380
14769,3,99990,Unincorporated Alamosa County,2013,6563,399990
14770,5,0,ARAPAHOE COUNTY,2013,607861,500000
14771,5,4000,Aurora (Part),2013,305268,504000
14772,5,6090,Bennett (Part),2013,372,506090
14773,5,8070,Bow Mar (Part),2013,595,508070
14774,5,12815,Centennial,2013,104697,512815
14775,5,13845,Cherry Hills Village,2013,6348,513845
14776,5,16385,Columbine Valley,2013,1335,516385
14777,5,19630,Deer Trail,2013,649,519630
14778,5,24785,Englewood,2013,31385,524785
14779,5,28105,Foxfield,2013,748,528105
14780,5,30340,Glendale,2013,4424,530340
14781,5,33035,Greenwood Village,2013,14773,533035
14782,5,45255,Littleton (Part),2013,41326,545255
14783,5,69645,Sheridan,2013,5972,569645
14784,5,99990,Unincorporated Arapahoe County,2013,89971,599990
14785,7,0,ARCHULETA COUNTY,2013,11995,700000
14786,7,56860,Pagosa Springs,2013,1619,756860
14787,7,99990,Unincorporated Archuleta County,2013,10376,799990
14788,9,0,BACA COUNTY,2013,3637,900000
14789,9,11645,Campo,2013,111,911645
14790,9,61315,Pritchett,2013,127,961315
14791,9,73330,Springfield,2013,1371,973330
14792,9,79270,Two Buttes,2013,39,979270
14793,9,81030,Vilas,2013,83,981030
14794,9,82460,Walsh,2013,572,982460
14795,9,99990,Unincorporated Baca County,2013,1335,999990
14796,11,0,BENT COUNTY,2013,5800,1100000
14797,11,43660,Las Animas,2013,2341,1143660
14798,11,99990,Unincorporated Bent County,2013,3459,1199990
14799,13,0,BOULDER COUNTY,2013,310896,1300000
14800,13,7850,Boulder,2013,103443,1307850
14801,13,24950,Erie (Part),2013,9022,1324950
14802,13,39195,Jamestown,2013,275,1339195
14803,13,41835,Lafayette,2013,26211,1341835
14804,13,45970,Longmont (Part),2013,89709,1345970
14805,13,46355,Louisville,2013,19438,1346355
14806,13,47070,Lyons,2013,2146,1347070
14807,13,53175,Nederland,2013,1514,1353175
14808,13,75640,Superior (Part),2013,12689,1375640
14809,13,82735,Ward,2013,160,1382735
14810,13,99990,Unincorporated Boulder County,2013,46287,1399990
14811,14,0,BROOMFIELD COUNTY,2013,60669,1400000
14812,14,9280,Broomfield,2013,60669,1409280
14813,15,0,CHAFFEE COUNTY,2013,18036,1500000
14814,15,10105,Buena Vista,2013,2690,1510105
14815,15,60600,Poncha Springs,2013,697,1560600
14816,15,67280,Salida,2013,5261,1567280
14817,15,99990,Unincorporated Chaffee County,2013,9388,1599990
14818,17,0,CHEYENNE COUNTY,2013,1818,1700000
14819,17,14175,Cheyenne Wells,2013,832,1714175
14820,17,41010,Kit Carson,2013,266,1741010
14821,17,99990,Unincorporated Cheyenne County,2013,720,1799990
14822,19,0,CLEAR CREEK COUNTY,2013,8966,1900000
14823,19,12910,Central City (Part),2013,0,1912910
14824,19,24620,Empire,2013,306,1924620
14825,19,29735,Georgetown,2013,1008,1929735
14826,19,38370,Idaho Springs,2013,1736,1938370
14827,19,70360,Silver Plume,2013,183,1970360
14828,19,99990,Unincorporated Clear Creek County,2013,5733,1999990
14829,21,0,CONEJOS COUNTY,2013,8067,2100000
14830,21,2355,Antonito,2013,737,2102355
14831,21,42055,La Jara,2013,773,2142055
14832,21,48060,Manassa,2013,947,2148060
14833,21,65740,Romeo,2013,317,2165740
14834,21,67830,Sanford,2013,867,2167830
14835,21,99990,Unincorporated Conejos County,2013,4425,2199990
14836,23,0,COSTILLA COUNTY,2013,3516,2300000
14837,23,7190,Blanca,2013,349,2307190
14838,23,68105,San Luis,2013,601,2368105
14839,23,99990,Unincorporated Costilla County,2013,2566,2399990
14840,25,0,CROWLEY COUNTY,2013,5843,2500000
14841,25,18750,Crowley,2013,167,2518750
14842,25,55705,Olney Springs,2013,344,2555705
14843,25,56145,Ordway,2013,1094,2556145
14844,25,74815,Sugar City,2013,270,2574815
14845,25,99990,Unincorporated Crowley County,2013,3968,2599990
14846,27,0,CUSTER COUNTY,2013,4405,2700000
14847,27,70250,Silver Cliff,2013,583,2770250
14848,27,83450,Westcliffe,2013,468,2783450
14849,27,99990,Unincorporated Custer County,2013,3354,2799990
14850,29,0,DELTA COUNTY,2013,30428,2900000
14851,29,12635,Cedaredge,2013,2219,2912635
14852,29,17925,Crawford,2013,419,2917925
14853,29,19850,Delta,2013,8882,2919850
14854,29,37545,Hotchkiss,2013,907,2937545
14855,29,55980,Orchard City,2013,3081,2955980
14856,29,57300,Paonia,2013,1417,2957300
14857,29,99990,Unincorporated Delta County,2013,13503,2999990
14858,31,0,DENVER COUNTY,2013,645302,3100000
14859,31,20000,Denver,2013,645302,3120000
14860,33,0,DOLORES COUNTY,2013,2082,3300000
14861,33,21265,Dove Creek,2013,705,3321265
14862,33,64090,Rico,2013,342,3364090
14863,33,99990,Unincorporated Dolores County,2013,1035,3399990
14864,35,0,DOUGLAS COUNTY,2013,306327,3500000
14865,35,4000,Aurora (Part),2013,400,3504000
14866,35,12387,Castle Pines,2013,10621,3512387
14867,35,12415,Castle Rock,2013,54099,3512415
14868,35,43550,Larkspur,2013,197,3543550
14869,35,45255,Littleton (Part),2013,30,3545255
14870,35,45955,Lone Tree,2013,11951,3545955
14871,35,57630,Parker,2013,48279,3557630
14872,35,99990,Unincorporated Douglas County,2013,180749,3599990
14873,37,0,EAGLE COUNTY,2013,52262,3700000
14874,37,4110,Avon,2013,6080,3704110
14875,37,4935,Basalt (Part),2013,2708,3704935
14876,37,22200,Eagle,2013,6706,3722200
14877,37,33695,Gypsum,2013,6725,3733695
14878,37,50920,Minturn,2013,1014,3750920
14879,37,63265,Red Cliff,2013,223,3763265
14880,37,80040,Vail,2013,5129,3780040
14881,37,99990,Unincorporated Eagle County,2013,23678,3799990
14882,39,0,ELBERT COUNTY,2013,23183,3900000
14883,39,23740,Elizabeth,2013,1345,3923740
14884,39,40790,Kiowa,2013,710,3940790
14885,39,70635,Simla,2013,599,3970635
14886,39,99990,Unincorporated Elbert County,2013,20529,3999990
14887,41,0,EL PASO COUNTY,2013,658303,4100000
14888,41,11260,Calhan,2013,792,4111260
14889,41,16000,Colorado Springs,2013,439614,4116000
14890,41,27865,Fountain,2013,27607,4127865
14891,41,32650,Green Mountain Falls (Part),2013,796,4132650
14892,41,48445,Manitou Springs,2013,5062,4148445
14893,41,51800,Monument,2013,6860,4151800
14894,41,57025,Palmer Lake,2013,2495,4157025
14895,41,62660,Ramah,2013,124,4162660
14896,41,99990,Unincorporated El Paso County,2013,174952,4199990
14897,43,0,FREMONT COUNTY,2013,47183,4300000
14898,43,9115,Brookside,2013,208,4309115
14899,43,11810,Canon City,2013,16788,4311810
14900,43,15330,Coal Creek,2013,337,4315330
14901,43,27040,Florence,2013,3743,4327040
14902,43,64970,Rockvale,2013,512,4364970
14903,43,85155,Williamsburg,2013,674,4385155
14904,43,99990,Unincorporated Fremont County,2013,24922,4399990
14905,45,0,GARFIELD COUNTY,2013,56798,4500000
14906,45,12030,Carbonate,2013,0,4512030
14907,45,12045,Carbondale,2013,6281,4512045
14908,45,30780,Glenwood Springs,2013,9769,4530780
14909,45,53395,New Castle,2013,4371,4553395
14910,45,57400,Parachute,2013,1186,4557400
14911,45,64255,Rifle,2013,9636,4564255
14912,45,70195,Silt,2013,3179,4570195
14913,45,99990,Unincorporated Garfield County,2013,22376,4599990
14914,47,0,GILPIN COUNTY,2013,5512,4700000
14915,47,7025,Black Hawk,2013,136,4707025
14916,47,12910,Central City (Part),2013,731,4712910
14917,47,99990,Unincorporated Gilpin County,2013,4645,4799990
14918,49,0,GRAND COUNTY,2013,14948,4900000
14919,49,28305,Fraser,2013,1470,4928305
14920,49,31605,Granby,2013,1915,4931605
14921,49,31715,Grand Lake,2013,400,4931715
14922,49,37600,Hot Sulphur Springs,2013,637,4937600
14923,49,41560,Kremmling,2013,1335,4941560
14924,49,85705,Winter Park,2013,1042,4985705
14925,49,99990,Unincorporated Grand County,2013,8148,4999990
14926,51,0,GUNNISON COUNTY,2013,15425,5100000
14927,51,18310,Crested Butte,2013,1498,5118310
14928,51,33640,Gunnison,2013,6065,5133640
14929,51,48555,Marble,2013,127,5148555
14930,51,52570,Mount Crested Butte/G,2013,794,5152570
14931,51,59830,Pitkin,2013,62,5159830
14932,51,99990,Unincorporated Gunnison County,2013,6879,5199990
14933,53,0,HINSDALE COUNTY,2013,825,5300000
14934,53,42330,Lake City,2013,412,5342330
14935,53,99990,Unincorporated Hinsdale County,2013,413,5399990
14936,55,0,HUERFANO COUNTY,2013,6697,5500000
14937,55,44100,La Veta,2013,864,5544100
14938,55,82350,Walsenburg,2013,2964,5582350
14939,55,99990,Unincorporated Huerfano County,2013,2869,5599990
14940,57,0,JACKSON COUNTY,2013,1383,5700000
14941,57,82130,Walden,2013,589,5782130
14942,57,99990,Unincorporated Jackson County,2013,794,5799990
14943,59,0,JEFFERSON COUNTY,2013,552236,5900000
14944,59,3455,Arvada (Part),2013,109541,5903455
14945,59,8070,Bow Mar (Part),2013,267,5908070
14946,59,23135,Edgewater,2013,5232,5923135
14947,59,30835,Golden,2013,19638,5930835
14948,59,42495,Lakeside,2013,10,5942495
14949,59,43000,Lakewood,2013,146512,5943000
14950,59,45255,Littleton (Part),2013,2376,5945255
14951,59,52075,Morrison,2013,417,5952075
14952,59,52350,Mountain View,2013,524,5952350
14953,59,75640,Superior (Part),2013,0,5975640
14954,59,83835,Westminster (Part),2013,43815,5983835
14955,59,84440,Wheat Ridge,2013,31365,5984440
14956,59,99990,Unincorporated Jefferson County,2013,192539,5999990
14957,61,0,KIOWA COUNTY,2013,1397,6100000
14958,61,22145,Eads,2013,668,6122145
14959,61,34740,Haswell,2013,67,6134740
14960,61,69700,Sheridan Lake,2013,80,6169700
14961,61,99990,Unincorporated Kiowa County,2013,582,6199990
14962,63,0,KIT CARSON COUNTY,2013,8006,6300000
14963,63,6530,Bethune,2013,218,6306530
14964,63,10600,Burlington,2013,4020,6310600
14965,63,26765,Flagler,2013,562,6326765
14966,63,69040,Seibert,2013,130,6369040
14967,63,74485,Stratton,2013,646,6374485
14968,63,81690,Vona,2013,110,6381690
14969,63,99990,Unincorporated Kit Carson County,2013,2319,6399990
14970,65,0,LAKE COUNTY,2013,7071,6500000
14971,65,44320,Leadville,2013,2570,6544320
14972,65,99990,Unincorporated Lake County,2013,4501,6599990
14973,67,0,LA PLATA COUNTY,2013,53146,6700000
14974,67,5265,Bayfield,2013,2487,6705265
14975,67,22035,Durango,2013,17525,6722035
14976,67,38535,Ignacio,2013,744,6738535
14977,67,99990,Unincorporated La Plata County,2013,32390,6799990
14978,69,0,LARIMER COUNTY,2013,316337,6900000
14979,69,6255,Berthoud (Part),2013,5549,6906255
14980,69,25115,Estes Park,2013,6276,6925115
14981,69,27425,Fort Collins,2013,150727,6927425
14982,69,39855,Johnstown (Part),2013,1770,6939855
14983,69,46465,Loveland,2013,69959,6946465
14984,69,77510,Timnath (Part),2013,1586,6977510
14985,69,83230,Wellington,2013,6756,6983230
14986,69,85485,Windsor (Part),2013,5153,6985485
14987,69,99990,Unincorporated Larimer County,2013,68562,6999990
14988,71,0,LAS ANIMAS COUNTY,2013,15172,7100000
14989,71,760,Aguilar,2013,498,7100760
14990,71,8345,Branson,2013,73,7108345
14991,71,15550,Cokedale,2013,131,7115550
14992,71,40570,Kim,2013,82,7140570
14993,71,73715,Starkville,2013,70,7173715
14994,71,78610,Trinidad,2013,8857,7178610
14995,71,99990,Unincorporated Las Animas County,2013,5460,7199990
14996,73,0,LINCOLN COUNTY,2013,5522,7300000
14997,73,3235,Arriba,2013,199,7303235
14998,73,29680,Genoa,2013,98,7329680
14999,73,37875,Hugo,2013,727,7337875
15000,73,44980,Limon,2013,1936,7344980
15001,73,99990,Unincorporated Lincoln County,2013,2562,7399990
15002,75,0,LOGAN COUNTY,2013,22056,7500000
15003,75,18640,Crook,2013,126,7518640
15004,75,26875,Fleming,2013,442,7526875
15005,75,38590,Iliff,2013,253,7538590
15006,75,50040,Merino,2013,304,7550040
15007,75,58235,Peetz,2013,239,7558235
15008,75,73935,Sterling,2013,14275,7573935
15009,75,99990,Unincorporated Logan County,2013,6419,7599990
15010,77,0,MESA COUNTY,2013,147926,7700000
15011,77,15605,Collbran,2013,651,7715605
15012,77,19355,De Beque,2013,487,7719355
15013,77,28745,Fruita,2013,12925,7728745
15014,77,31660,Grand Junction,2013,60322,7731660
15015,77,56970,Palisade,2013,2694,7756970
15016,77,99990,Unincorporated Mesa County,2013,70848,7799990
15017,79,0,MINERAL COUNTY,2013,734,7900000
15018,79,14765,City of Creede,2013,245,7914765
15019,79,99990,Unincorporated Mineral County,2013,489,7999990
15020,81,0,MOFFAT COUNTY,2013,13187,8100000
15021,81,17760,Craig,2013,9163,8117760
15022,81,20495,Dinosaur,2013,263,8120495
15023,81,99990,Unincorporated Moffat County,2013,3761,8199990
15024,83,0,MONTEZUMA COUNTY,2013,25485,8300000
15025,83,17375,Cortez,2013,8564,8317375
15026,83,20770,Dolores,2013,908,8320770
15027,83,48115,Mancos,2013,1222,8348115
15028,83,99990,Unincorporated Montezuma County,2013,14791,8399990
15029,85,0,MONTROSE COUNTY,2013,41331,8500000
15030,85,51745,Montrose,2013,20186,8551745
15031,85,53120,Naturita,2013,514,8553120
15032,85,54935,Nucla,2013,627,8554935
15033,85,55540,Olathe,2013,1833,8555540
15034,85,99990,Unincorporated Montrose County,2013,18170,8599990
15035,87,0,MORGAN COUNTY,2013,28249,8700000
15036,87,9555,Brush,2013,5287,8709555
15037,87,27810,Fort Morgan,2013,11589,8727810
15038,87,36610,Hillrose,2013,295,8736610
15039,87,45695,Log Lane Village,2013,900,8745695
15040,87,84770,Wiggins,2013,1083,8784770
15041,87,99990,Unincorporated Morgan County,2013,9095,8799990
15042,89,0,OTERO COUNTY,2013,18799,8900000
15043,89,13460,Cheraw,2013,229,8913460
15044,89,27975,Fowler,2013,1246,8927975
15045,89,42110,La Junta,2013,7224,8942110
15046,89,48500,Manzanola,2013,387,8948500
15047,89,65190,Rocky Ford,2013,3993,8965190
15048,89,75970,Swink,2013,624,8975970
15049,89,99990,Unincorporated Otero County,2013,5097,8999990
15050,91,0,OURAY COUNTY,2013,4515,9100000
15051,91,56420,Ouray,2013,966,9156420
15052,91,64200,Ridgway,2013,961,9164200
15053,91,99990,Unincorporated Ouray County,2013,2588,9199990
15054,93,0,PARK COUNTY,2013,15730,9300000
15055,93,1530,Alma,2013,255,9301530
15056,93,25610,Fairplay,2013,695,9325610
15057,93,99990,Unincorporated Park County,2013,14780,9399990
15058,95,0,PHILLIPS COUNTY,2013,4486,9500000
15059,95,34960,Haxtun,2013,1008,9534960
15060,95,37270,Holyoke,2013,2318,9537270
15061,95,57245,Paoli,2013,40,9557245
15062,95,99990,Unincorporated Phillips County,2013,1120,9599990
15063,97,0,PITKIN COUNTY,2013,17321,9700000
15064,97,3620,Aspen,2013,7078,9703620
15065,97,4935,Basalt (Part),2013,957,9704935
15066,97,71755,Snowmass Village,2013,3061,9771755
15067,97,99990,Unincorporated Pitkin County,2013,6226,9799990
15068,99,0,PROWERS COUNTY,2013,12287,9900000
15069,99,31550,Granada,2013,471,9931550
15070,99,34520,Hartman,2013,60,9934520
15071,99,37215,Holly,2013,834,9937215
15072,99,43110,Lamar,2013,7851,9943110
15073,99,85045,Wiley,2013,433,9985045
15074,99,99990,Unincorporated Prowers County,2013,2638,9999990
15075,101,0,PUEBLO COUNTY,2013,160565,10100000
15076,101,7795,Boone,2013,326,10107795
15077,101,62000,Pueblo,2013,107287,10162000
15078,101,66895,Rye,2013,160,10166895
15079,101,99990,Unincorporated Pueblo County,2013,52792,10199990
15080,103,0,RIO BLANCO COUNTY,2013,6764,10300000
15081,103,49875,Meeker,2013,2396,10349875
15082,103,62880,Rangely,2013,2652,10362880
15083,103,99990,Unincorporated Rio Blanco County,2013,1717,10399990
15084,105,0,RIO GRANDE COUNTY,2013,11868,10500000
15085,105,12855,Center (Part),2013,100,10512855
15086,105,19795,Del Norte,2013,1573,10519795
15087,105,51635,Monte Vista,2013,4346,10551635
15088,105,72395,South Fork,2013,472,10572395
15089,105,99990,Unincorporated Rio Grande County,2013,5376,10599990
15090,107,0,ROUTT COUNTY,2013,23578,10700000
15091,107,35070,Hayden,2013,1829,10735070
15092,107,55155,Oak Creek,2013,848,10755155
15093,107,73825,Steamboat Springs,2013,12284,10773825
15094,107,86475,Yampa,2013,395,10786475
15095,107,99990,Unincorporated Routt County,2013,8222,10799990
15096,109,0,SAGUACHE COUNTY,2013,6166,10900000
15097,109,7571,Bonanza City,2013,23,10907571
15098,109,12855,Center (Part),2013,2036,10912855
15099,109,18420,Crestone,2013,133,10918420
15100,109,51250,Moffat,2013,119,10951250
15101,109,67005,Saguache,2013,548,10967005
15102,109,99990,Unincorporated Saguache County,2013,3306,10999990
15103,111,0,SAN JUAN COUNTY,2013,704,11100000
15104,111,70580,Silverton,2013,633,11170580
15105,111,99990,Unincorporated San Juan County,2013,71,11199990
15106,113,0,SAN MIGUEL COUNTY,2013,7615,11300000
15107,113,52550,Mountain Village,2013,1191,11352550
15108,113,54880,Norwood,2013,494,11354880
15109,113,55870,Ophir,2013,207,11355870
15110,113,68655,Sawpit,2013,30,11368655
15111,113,76795,Telluride,2013,2551,11376795
15112,113,99990,Unincorporated San Miguel County,2013,3142,11399990
15113,115,0,SEDGWICK COUNTY,2013,2379,11500000
15114,115,39965,Julesburg,2013,1260,11539965
15115,115,56475,Ovid,2013,300,11556475
15116,115,68930,Sedgwick,2013,168,11568930
15117,115,99990,Unincorporated Sedgwick County,2013,652,11599990
15118,117,0,SUMMIT COUNTY,2013,28860,11700000
15119,117,7410,Blue River,2013,861,11707410
15120,117,8400,Breckenridge,2013,4847,11708400
15121,117,20440,Dillon,2013,947,11720440
15122,117,28690,Frisco,2013,2746,11728690
15123,117,40550,Keystone,2013,,11740555
15124,117,51690,Montezuma,2013,68,11751690
15125,117,70525,Silverthorne,2013,3826,11770525
15126,117,99990,Unincorporated Summit County,2013,15567,11799990
15127,119,0,TELLER COUNTY,2013,23110,11900000
15128,119,18530,Cripple Creek,2013,1134,11918530
15129,119,32650,Green Mountain Falls (Part),2013,24,11932650
15130,119,80865,Victor,2013,381,11980865
15131,119,86090,Woodland Park,2013,7229,11986090
15132,119,99990,Unincorporated Teller County,2013,14342,11999990
15133,121,0,WASHINGTON COUNTY,2013,4614,12100000
15134,121,925,Akron,2013,1670,12100925
15135,121,56365,Otis,2013,484,12156365
15136,121,99990,Unincorporated Washington County,2013,2460,12199990
15137,123,0,WELD COUNTY,2013,269770,12300000
15138,123,3950,Ault,2013,1560,12303950
15139,123,6255,Berthoud (Part),2013,73,12306255
15140,123,8675,Brighton (Part),2013,329,12308675
15141,123,19080,Dacono,2013,4449,12319080
15142,123,22860,Eaton,2013,4591,12322860
15143,123,24950,Erie (Part),2013,11483,12324950
15144,123,25280,Evans,2013,19894,12325280
15145,123,26600,Firestone,2013,11075,12326600
15146,123,27700,Fort Lupton,2013,7506,12327700
15147,123,28360,Frederick,2013,10079,12328360
15148,123,29185,Garden City,2013,246,12329185
15149,123,29955,Gilcrest,2013,1048,12329955
15150,123,32155,Greeley,2013,96566,12332155
15151,123,33310,Grover,2013,155,12333310
15152,123,37820,Hudson,2013,2522,12337820
15153,123,39855,Johnstown (Part),2013,10649,12339855
15154,123,40185,Keenesburg,2013,1175,12340185
15155,123,40515,Kersey,2013,1491,12340515
15156,123,43605,La Salle,2013,2030,12343605
15157,123,45530,Lochbuie (Part),2013,5256,12345530
15158,123,45970,Longmont (Part),2013,126,12345970
15159,123,49600,Mead,2013,3930,12349600
15160,123,50480,Milliken,2013,5901,12350480
15161,123,54330,Northglenn (Part),2013,17,12354330
15162,123,55045,Nunn,2013,454,12355045
15163,123,59005,Pierce,2013,949,12359005
15164,123,60160,Platteville,2013,2602,12360160
15165,123,63045,Raymer,2013,108,12363045
15166,123,69150,Severance,2013,3463,12369150
15167,123,77290,Thornton (Part),2013,0,12377290
15168,123,77510,Timnath (Part),2013,7,12377510
15169,123,85485,Windsor (Part),2013,16227,12385485
15170,123,99990,Unincorporated Weld County,2013,43809,12399990
15171,125,0,YUMA COUNTY,2013,10143,12500000
15172,125,23025,Eckley,2013,230,12523025
15173,125,86310,Wray,2013,2380,12586310
15174,125,86750,Yuma,2013,3596,12586750
15175,125,99990,Unincorporated Yuma County,2013,3937,12599990
15176,999,3455,Arvada (Total),2013,112461,99903455
15177,999,4000,Aurora (Total),2013,348235,99904000
15178,999,4935,Basalt (Total),2013,3664,99904935
15179,999,6090,Bennett (Total),2013,2425,99906090
15180,999,6255,Berthoud (Total),2013,5622,99906255
15181,999,8070,Bow Mar (Total),2013,862,99908070
15182,999,8675,Brighton (Total),2013,35804,99908675
15183,999,12855,Center (Total),2013,2136,99912855
15184,999,12910,Central City (Total),2013,731,99912910
15185,999,24950,Erie (Total),2013,20505,99924950
15186,999,32650,Green Mountain Falls (Total),2013,820,99932650
15187,999,39855,Johnstown (Total),2013,12418,99939855
15188,999,45255,Littleton (Total),2013,43731,99945255
15189,999,45530,Lochbuie (Total),2013,5258,99945530
15190,999,45970,Longmont (Total),2013,89836,99945970
15191,999,54330,Northglenn (Total),2013,37328,99954330
15192,999,75640,Superior (Total),2013,12689,99975640
15193,999,77290,Thornton (Total),2013,126563,99977290
15194,999,77510,Timnath (Total),2013,1593,99977510
15195,999,83835,Westminster (Total),2013,111325,99983835
15196,999,85485,Windsor (Total),2013,21380,99985485
15197,0,0,COLORADO STATE,2014,5347655,0
15198,1,0,ADAMS COUNTY,2014,479901,100000
15199,1,3455,Arvada (Part),2014,2941,103455
15200,1,4000,Aurora (Part),2014,43879,104000
15201,1,6090,Bennett (Part),2014,2081,106090
15202,1,8675,Brighton (Part),2014,36042,108675
15203,1,16495,Commerce City,2014,52026,116495
15204,1,26270,Federal Heights,2014,13057,126270
15205,1,45530,Lochbuie (Part),2014,2,145530
15206,1,54330,Northglenn (Part),2014,38341,154330
15207,1,77290,Thornton (Part),2014,128934,177290
15208,1,83835,Westminster (Part),2014,68697,183835
15209,1,99990,Unincorporated Adams County,2014,93903,199990
15210,3,0,ALAMOSA COUNTY,2014,15788,300000
15211,3,1090,Alamosa,2014,9169,301090
15212,3,37380,Hooper,2014,93,337380
15213,3,99990,Unincorporated Alamosa County,2014,6526,399990
15214,5,0,ARAPAHOE COUNTY,2014,618310,500000
15215,5,4000,Aurora (Part),2014,311253,504000
15216,5,6090,Bennett (Part),2014,375,506090
15217,5,8070,Bow Mar (Part),2014,594,508070
15218,5,12815,Centennial,2014,105372,512815
15219,5,13845,Cherry Hills Village,2014,6424,513845
15220,5,16385,Columbine Valley,2014,1356,516385
15221,5,19630,Deer Trail,2014,673,519630
15222,5,24785,Englewood,2014,32071,524785
15223,5,28105,Foxfield,2014,748,528105
15224,5,30340,Glendale,2014,4977,530340
15225,5,33035,Greenwood Village,2014,15420,533035
15226,5,45255,Littleton (Part),2014,41405,545255
15227,5,69645,Sheridan,2014,5991,569645
15228,5,99990,Unincorporated Arapahoe County,2014,91650,599990
15229,7,0,ARCHULETA COUNTY,2014,11931,700000
15230,7,56860,Pagosa Springs,2014,1601,756860
15231,7,99990,Unincorporated Archuleta County,2014,10330,799990
15232,9,0,BACA COUNTY,2014,3564,900000
15233,9,11645,Campo,2014,109,911645
15234,9,61315,Pritchett,2014,124,961315
15235,9,73330,Springfield,2014,1340,973330
15236,9,79270,Two Buttes,2014,37,979270
15237,9,81030,Vilas,2014,83,981030
15238,9,82460,Walsh,2014,560,982460
15239,9,99990,Unincorporated Baca County,2014,1311,999990
15240,11,0,BENT COUNTY,2014,5851,1100000
15241,11,43660,Las Animas,2014,2281,1143660
15242,11,99990,Unincorporated Bent County,2014,3570,1199990
15243,13,0,BOULDER COUNTY,2014,314213,1300000
15244,13,7850,Boulder,2014,105583,1307850
15245,13,24950,Erie (Part),2014,9348,1324950
15246,13,39195,Jamestown,2014,274,1339195
15247,13,41835,Lafayette,2014,26436,1341835
15248,13,45970,Longmont (Part),2014,90134,1345970
15249,13,46355,Louisville,2014,19988,1346355
15250,13,47070,Lyons,2014,2062,1347070
15251,13,53175,Nederland,2014,1518,1353175
15252,13,75640,Superior (Part),2014,12676,1375640
15253,13,82735,Ward,2014,155,1382735
15254,13,99990,Unincorporated Boulder County,2014,46039,1399990
15255,14,0,BROOMFIELD COUNTY,2014,62504,1400000
15256,14,9280,Broomfield,2014,62504,1409280
15257,15,0,CHAFFEE COUNTY,2014,18066,1500000
15258,15,10105,Buena Vista,2014,2704,1510105
15259,15,60600,Poncha Springs,2014,678,1560600
15260,15,67280,Salida,2014,5248,1567280
15261,15,99990,Unincorporated Chaffee County,2014,9436,1599990
15262,17,0,CHEYENNE COUNTY,2014,1817,1700000
15263,17,14175,Cheyenne Wells,2014,825,1714175
15264,17,41010,Kit Carson,2014,267,1741010
15265,17,99990,Unincorporated Cheyenne County,2014,724,1799990
15266,19,0,CLEAR CREEK COUNTY,2014,9034,1900000
15267,19,12910,Central City (Part),2014,0,1912910
15268,19,24620,Empire,2014,311,1924620
15269,19,29735,Georgetown,2014,1006,1929735
15270,19,38370,Idaho Springs,2014,1739,1938370
15271,19,70360,Silver Plume,2014,185,1970360
15272,19,99990,Unincorporated Clear Creek County,2014,5793,1999990
15273,21,0,CONEJOS COUNTY,2014,7997,2100000
15274,21,2355,Antonito,2014,726,2102355
15275,21,42055,La Jara,2014,770,2142055
15276,21,48060,Manassa,2014,947,2148060
15277,21,65740,Romeo,2014,315,2165740
15278,21,67830,Sanford,2014,867,2167830
15279,21,99990,Unincorporated Conejos County,2014,4372,2199990
15280,23,0,COSTILLA COUNTY,2014,3516,2300000
15281,23,7190,Blanca,2014,346,2307190
15282,23,68105,San Luis,2014,601,2368105
15283,23,99990,Unincorporated Costilla County,2014,2568,2399990
15284,25,0,CROWLEY COUNTY,2014,5843,2500000
15285,25,18750,Crowley,2014,167,2518750
15286,25,55705,Olney Springs,2014,340,2555705
15287,25,56145,Ordway,2014,1083,2556145
15288,25,74815,Sugar City,2014,268,2574815
15289,25,99990,Unincorporated Crowley County,2014,3986,2599990
15290,27,0,CUSTER COUNTY,2014,4437,2700000
15291,27,70250,Silver Cliff,2014,581,2770250
15292,27,83450,Westcliffe,2014,465,2783450
15293,27,99990,Unincorporated Custer County,2014,3391,2799990
15294,29,0,DELTA COUNTY,2014,30066,2900000
15295,29,12635,Cedaredge,2014,2189,2912635
15296,29,17925,Crawford,2014,407,2917925
15297,29,19850,Delta,2014,8791,2919850
15298,29,37545,Hotchkiss,2014,888,2937545
15299,29,55980,Orchard City,2014,3048,2955980
15300,29,57300,Paonia,2014,1391,2957300
15301,29,99990,Unincorporated Delta County,2014,13353,2999990
15302,31,0,DENVER COUNTY,2014,658632,3100000
15303,31,20000,Denver,2014,658632,3120000
15304,33,0,DOLORES COUNTY,2014,2084,3300000
15305,33,21265,Dove Creek,2014,695,3321265
15306,33,64090,Rico,2014,332,3364090
15307,33,99990,Unincorporated Dolores County,2014,1057,3399990
15308,35,0,DOUGLAS COUNTY,2014,314609,3500000
15309,35,4000,Aurora (Part),2014,569,3504000
15310,35,12387,Castle Pines,2014,10648,3512387
15311,35,12415,Castle Rock,2014,56996,3512415
15312,35,43550,Larkspur,2014,199,3543550
15313,35,45255,Littleton (Part),2014,30,3545255
15314,35,45955,Lone Tree,2014,12107,3545955
15315,35,57630,Parker,2014,49327,3557630
15316,35,99990,Unincorporated Douglas County,2014,184732,3599990
15317,37,0,EAGLE COUNTY,2014,52398,3700000
15318,37,4110,Avon,2014,6021,3704110
15319,37,4935,Basalt (Part),2014,2689,3704935
15320,37,22200,Eagle,2014,6765,3722200
15321,37,33695,Gypsum,2014,6845,3733695
15322,37,50920,Minturn,2014,1010,3750920
15323,37,63265,Red Cliff,2014,226,3763265
15324,37,80040,Vail,2014,5061,3780040
15325,37,99990,Unincorporated Eagle County,2014,23782,3799990
15326,39,0,ELBERT COUNTY,2014,23569,3900000
15327,39,23740,Elizabeth,2014,1359,3923740
15328,39,40790,Kiowa,2014,720,3940790
15329,39,70635,Simla,2014,615,3970635
15330,39,99990,Unincorporated Elbert County,2014,20876,3999990
15331,41,0,EL PASO COUNTY,2014,665754,4100000
15332,41,11260,Calhan,2014,782,4111260
15333,41,16000,Colorado Springs,2014,443553,4116000
15334,41,27865,Fountain,2014,27923,4127865
15335,41,32650,Green Mountain Falls (Part),2014,747,4132650
15336,41,48445,Manitou Springs,2014,4965,4148445
15337,41,51800,Monument,2014,7244,4151800
15338,41,57025,Palmer Lake,2014,2490,4157025
15339,41,62660,Ramah,2014,121,4162660
15340,41,99990,Unincorporated El Paso County,2014,177929,4199990
15341,43,0,FREMONT COUNTY,2014,47119,4300000
15342,43,9115,Brookside,2014,207,4309115
15343,43,11810,Canon City,2014,16832,4311810
15344,43,15330,Coal Creek,2014,339,4315330
15345,43,27040,Florence,2014,3735,4327040
15346,43,64970,Rockvale,2014,510,4364970
15347,43,85155,Williamsburg,2014,674,4385155
15348,43,99990,Unincorporated Fremont County,2014,24821,4399990
15349,45,0,GARFIELD COUNTY,2014,57131,4500000
15350,45,12030,Carbonate,2014,0,4512030
15351,45,12045,Carbondale,2014,6275,4512045
15352,45,30780,Glenwood Springs,2014,9742,4530780
15353,45,53395,New Castle,2014,4394,4553395
15354,45,57400,Parachute,2014,1206,4557400
15355,45,64255,Rifle,2014,9716,4564255
15356,45,70195,Silt,2014,3216,4570195
15357,45,99990,Unincorporated Garfield County,2014,22582,4599990
15358,47,0,GILPIN COUNTY,2014,5536,4700000
15359,47,7025,Black Hawk,2014,137,4707025
15360,47,12910,Central City (Part),2014,743,4712910
15361,47,99990,Unincorporated Gilpin County,2014,4656,4799990
15362,49,0,GRAND COUNTY,2014,14934,4900000
15363,49,28305,Fraser,2014,1456,4928305
15364,49,31605,Granby,2014,1906,4931605
15365,49,31715,Grand Lake,2014,408,4931715
15366,49,37600,Hot Sulphur Springs,2014,653,4937600
15367,49,41560,Kremmling,2014,1312,4941560
15368,49,85705,Winter Park,2014,1031,4985705
15369,49,99990,Unincorporated Grand County,2014,8169,4999990
15370,51,0,GUNNISON COUNTY,2014,15552,5100000
15371,51,18310,Crested Butte,2014,1512,5118310
15372,51,33640,Gunnison,2014,6092,5133640
15373,51,48555,Marble,2014,129,5148555
15374,51,52570,Mount Crested Butte/G,2014,819,5152570
15375,51,59830,Pitkin,2014,64,5159830
15376,51,99990,Unincorporated Gunnison County,2014,6936,5199990
15377,53,0,HINSDALE COUNTY,2014,819,5300000
15378,53,42330,Lake City,2014,414,5342330
15379,53,99990,Unincorporated Hinsdale County,2014,405,5399990
15380,55,0,HUERFANO COUNTY,2014,6700,5500000
15381,55,44100,La Veta,2014,871,5544100
15382,55,82350,Walsenburg,2014,2974,5582350
15383,55,99990,Unincorporated Huerfano County,2014,2855,5599990
15384,57,0,JACKSON COUNTY,2014,1381,5700000
15385,57,82130,Walden,2014,591,5782130
15386,57,99990,Unincorporated Jackson County,2014,791,5799990
15387,59,0,JEFFERSON COUNTY,2014,559016,5900000
15388,59,3455,Arvada (Part),2014,111691,5903455
15389,59,8070,Bow Mar (Part),2014,269,5908070
15390,59,23135,Edgewater,2014,5251,5923135
15391,59,30835,Golden,2014,20169,5930835
15392,59,42495,Lakeside,2014,11,5942495
15393,59,43000,Lakewood,2014,148260,5943000
15394,59,45255,Littleton (Part),2014,2374,5945255
15395,59,52075,Morrison,2014,420,5952075
15396,59,52350,Mountain View,2014,531,5952350
15397,59,75640,Superior (Part),2014,0,5975640
15398,59,83835,Westminster (Part),2014,44193,5983835
15399,59,84440,Wheat Ridge,2014,31726,5984440
15400,59,99990,Unincorporated Jefferson County,2014,194119,5999990
15401,61,0,KIOWA COUNTY,2014,1393,6100000
15402,61,22145,Eads,2014,665,6122145
15403,61,34740,Haswell,2014,67,6134740
15404,61,69700,Sheridan Lake,2014,75,6169700
15405,61,99990,Unincorporated Kiowa County,2014,586,6199990
15406,63,0,KIT CARSON COUNTY,2014,7664,6300000
15407,63,6530,Bethune,2014,207,6306530
15408,63,10600,Burlington,2014,3825,6310600
15409,63,26765,Flagler,2014,537,6326765
15410,63,69040,Seibert,2014,159,6369040
15411,63,74485,Stratton,2014,620,6374485
15412,63,81690,Vona,2014,102,6381690
15413,63,99990,Unincorporated Kit Carson County,2014,2214,6399990
15414,65,0,LAKE COUNTY,2014,7085,6500000
15415,65,44320,Leadville,2014,2587,6544320
15416,65,99990,Unincorporated Lake County,2014,4498,6599990
15417,67,0,LA PLATA COUNTY,2014,53557,6700000
15418,67,5265,Bayfield,2014,2528,6705265
15419,67,22035,Durango,2014,17569,6722035
15420,67,38535,Ignacio,2014,766,6738535
15421,67,99990,Unincorporated La Plata County,2014,32693,6799990
15422,69,0,LARIMER COUNTY,2014,324123,6900000
15423,69,6255,Berthoud (Part),2014,5988,6906255
15424,69,25115,Estes Park,2014,6412,6925115
15425,69,27425,Fort Collins,2014,154354,6927425
15426,69,39855,Johnstown (Part),2014,2295,6939855
15427,69,46465,Loveland,2014,70774,6946465
15428,69,77510,Timnath (Part),2014,2068,6977510
15429,69,83230,Wellington,2014,7208,6983230
15430,69,85485,Windsor (Part),2014,5598,6985485
15431,69,99990,Unincorporated Larimer County,2014,69429,6999990
15432,71,0,LAS ANIMAS COUNTY,2014,15086,7100000
15433,71,760,Aguilar,2014,492,7100760
15434,71,8345,Branson,2014,71,7108345
15435,71,15550,Cokedale,2014,131,7115550
15436,71,40570,Kim,2014,79,7140570
15437,71,73715,Starkville,2014,69,7173715
15438,71,78610,Trinidad,2014,8748,7178610
15439,71,99990,Unincorporated Las Animas County,2014,5497,7199990
15440,73,0,LINCOLN COUNTY,2014,5538,7300000
15441,73,3235,Arriba,2014,199,7303235
15442,73,29680,Genoa,2014,98,7329680
15443,73,37875,Hugo,2014,734,7337875
15444,73,44980,Limon,2014,1969,7344980
15445,73,99990,Unincorporated Lincoln County,2014,2539,7399990
15446,75,0,LOGAN COUNTY,2014,21964,7500000
15447,75,18640,Crook,2014,126,7518640
15448,75,26875,Fleming,2014,438,7526875
15449,75,38590,Iliff,2014,253,7538590
15450,75,50040,Merino,2014,300,7550040
15451,75,58235,Peetz,2014,235,7558235
15452,75,73935,Sterling,2014,14191,7573935
15453,75,99990,Unincorporated Logan County,2014,6422,7599990
15454,77,0,MESA COUNTY,2014,147876,7700000
15455,77,15605,Collbran,2014,633,7715605
15456,77,19355,De Beque,2014,481,7719355
15457,77,28745,Fruita,2014,13028,7728745
15458,77,31660,Grand Junction,2014,60198,7731660
15459,77,56970,Palisade,2014,2674,7756970
15460,77,99990,Unincorporated Mesa County,2014,70862,7799990
15461,79,0,MINERAL COUNTY,2014,747,7900000
15462,79,14765,City of Creede,2014,245,7914765
15463,79,99990,Unincorporated Mineral County,2014,502,7999990
15464,81,0,MOFFAT COUNTY,2014,13016,8100000
15465,81,17760,Craig,2014,9064,8117760
15466,81,20495,Dinosaur,2014,249,8120495
15467,81,99990,Unincorporated Moffat County,2014,3703,8199990
15468,83,0,MONTEZUMA COUNTY,2014,25464,8300000
15469,83,17375,Cortez,2014,8554,8317375
15470,83,20770,Dolores,2014,904,8320770
15471,83,48115,Mancos,2014,1229,8348115
15472,83,99990,Unincorporated Montezuma County,2014,14777,8399990
15473,85,0,MONTROSE COUNTY,2014,41388,8500000
15474,85,51745,Montrose,2014,20117,8551745
15475,85,53120,Naturita,2014,512,8553120
15476,85,54935,Nucla,2014,628,8554935
15477,85,55540,Olathe,2014,1826,8555540
15478,85,99990,Unincorporated Montrose County,2014,18305,8599990
15479,87,0,MORGAN COUNTY,2014,28162,8700000
15480,87,9555,Brush,2014,5265,8709555
15481,87,27810,Fort Morgan,2014,11525,8727810
15482,87,36610,Hillrose,2014,295,8736610
15483,87,45695,Log Lane Village,2014,898,8745695
15484,87,84770,Wiggins,2014,1067,8784770
15485,87,99990,Unincorporated Morgan County,2014,9113,8799990
15486,89,0,OTERO COUNTY,2014,18779,8900000
15487,89,13460,Cheraw,2014,230,8913460
15488,89,27975,Fowler,2014,1244,8927975
15489,89,42110,La Junta,2014,7240,8942110
15490,89,48500,Manzanola,2014,380,8948500
15491,89,65190,Rocky Ford,2014,3972,8965190
15492,89,75970,Swink,2014,621,8975970
15493,89,99990,Unincorporated Otero County,2014,5093,8999990
15494,91,0,OURAY COUNTY,2014,4528,9100000
15495,91,56420,Ouray,2014,947,9156420
15496,91,64200,Ridgway,2014,978,9164200
15497,91,99990,Unincorporated Ouray County,2014,2604,9199990
15498,93,0,PARK COUNTY,2014,15778,9300000
15499,93,1530,Alma,2014,261,9301530
15500,93,25610,Fairplay,2014,697,9325610
15501,93,99990,Unincorporated Park County,2014,14820,9399990
15502,95,0,PHILLIPS COUNTY,2014,4494,9500000
15503,95,34960,Haxtun,2014,1003,9534960
15504,95,37270,Holyoke,2014,2320,9537270
15505,95,57245,Paoli,2014,40,9557245
15506,95,99990,Unincorporated Phillips County,2014,1130,9599990
15507,97,0,PITKIN COUNTY,2014,17521,9700000
15508,97,3620,Aspen,2014,7160,9703620
15509,97,4935,Basalt (Part),2014,960,9704935
15510,97,71755,Snowmass Village,2014,3111,9771755
15511,97,99990,Unincorporated Pitkin County,2014,6290,9799990
15512,99,0,PROWERS COUNTY,2014,12023,9900000
15513,99,31550,Granada,2014,457,9931550
15514,99,34520,Hartman,2014,58,9934520
15515,99,37215,Holly,2014,819,9937215
15516,99,43110,Lamar,2014,7689,9943110
15517,99,85045,Wiley,2014,424,9985045
15518,99,99990,Unincorporated Prowers County,2014,2576,9999990
15519,101,0,PUEBLO COUNTY,2014,160867,10100000
15520,101,7795,Boone,2014,317,10107795
15521,101,62000,Pueblo,2014,107441,10162000
15522,101,66895,Rye,2014,161,10166895
15523,101,99990,Unincorporated Pueblo County,2014,52947,10199990
15524,103,0,RIO BLANCO COUNTY,2014,6644,10300000
15525,103,49875,Meeker,2014,2381,10349875
15526,103,62880,Rangely,2014,2530,10362880
15527,103,99990,Unincorporated Rio Blanco County,2014,1732,10399990
15528,105,0,RIO GRANDE COUNTY,2014,11823,10500000
15529,105,12855,Center (Part),2014,93,10512855
15530,105,19795,Del Norte,2014,1552,10519795
15531,105,51635,Monte Vista,2014,4332,10551635
15532,105,72395,South Fork,2014,478,10572395
15533,105,99990,Unincorporated Rio Grande County,2014,5369,10599990
15534,107,0,ROUTT COUNTY,2014,23659,10700000
15535,107,35070,Hayden,2014,1838,10735070
15536,107,55155,Oak Creek,2014,848,10755155
15537,107,73825,Steamboat Springs,2014,12358,10773825
15538,107,86475,Yampa,2014,393,10786475
15539,107,99990,Unincorporated Routt County,2014,8223,10799990
15540,109,0,SAGUACHE COUNTY,2014,6175,10900000
15541,109,7571,Bonanza City,2014,23,10907571
15542,109,12855,Center (Part),2014,2017,10912855
15543,109,18420,Crestone,2014,137,10918420
15544,109,51250,Moffat,2014,118,10951250
15545,109,67005,Saguache,2014,551,10967005
15546,109,99990,Unincorporated Saguache County,2014,3330,10999990
15547,111,0,SAN JUAN COUNTY,2014,700,11100000
15548,111,70580,Silverton,2014,627,11170580
15549,111,99990,Unincorporated San Juan County,2014,73,11199990
15550,113,0,SAN MIGUEL COUNTY,2014,7728,11300000
15551,113,52550,Mountain Village,2014,1214,11352550
15552,113,54880,Norwood,2014,502,11354880
15553,113,55870,Ophir,2014,209,11355870
15554,113,68655,Sawpit,2014,30,11368655
15555,113,76795,Telluride,2014,2554,11376795
15556,113,99990,Unincorporated San Miguel County,2014,3219,11399990
15557,115,0,SEDGWICK COUNTY,2014,2384,11500000
15558,115,39965,Julesburg,2014,1266,11539965
15559,115,56475,Ovid,2014,295,11556475
15560,115,68930,Sedgwick,2014,169,11568930
15561,115,99990,Unincorporated Sedgwick County,2014,653,11599990
15562,117,0,SUMMIT COUNTY,2014,29496,11700000
15563,117,7410,Blue River,2014,866,11707410
15564,117,8400,Breckenridge,2014,5002,11708400
15565,117,20440,Dillon,2014,969,11720440
15566,117,28690,Frisco,2014,2795,11728690
15567,117,40550,Keystone,2014,,11740555
15568,117,51690,Montezuma,2014,69,11751690
15569,117,70525,Silverthorne,2014,3955,11770525
15570,117,99990,Unincorporated Summit County,2014,15840,11799990
15571,119,0,TELLER COUNTY,2014,23121,11900000
15572,119,18530,Cripple Creek,2014,1121,11918530
15573,119,32650,Green Mountain Falls (Part),2014,24,11932650
15574,119,80865,Victor,2014,379,11980865
15575,119,86090,Woodland Park,2014,7229,11986090
15576,119,99990,Unincorporated Teller County,2014,14369,11999990
15577,121,0,WASHINGTON COUNTY,2014,4617,12100000
15578,121,925,Akron,2014,1660,12100925
15579,121,56365,Otis,2014,487,12156365
15580,121,99990,Unincorporated Washington County,2014,2470,12199990
15581,123,0,WELD COUNTY,2014,275994,12300000
15582,123,3950,Ault,2014,1585,12303950
15583,123,6255,Berthoud (Part),2014,139,12306255
15584,123,8675,Brighton (Part),2014,319,12308675
15585,123,19080,Dacono,2014,4616,12319080
15586,123,22860,Eaton,2014,4752,12322860
15587,123,24950,Erie (Part),2014,12022,12324950
15588,123,25280,Evans,2014,19733,12325280
15589,123,26600,Firestone,2014,11416,12326600
15590,123,27700,Fort Lupton,2014,7563,12327700
15591,123,28360,Frederick,2014,10751,12328360
15592,123,29185,Garden City,2014,250,12329185
15593,123,29955,Gilcrest,2014,1053,12329955
15594,123,32155,Greeley,2014,99238,12332155
15595,123,33310,Grover,2014,160,12333310
15596,123,37820,Hudson,2014,1468,12337820
15597,123,39855,Johnstown (Part),2014,11393,12339855
15598,123,40185,Keenesburg,2014,1189,12340185
15599,123,40515,Kersey,2014,1499,12340515
15600,123,43605,La Salle,2014,2052,12343605
15601,123,45530,Lochbuie (Part),2014,5333,12345530
15602,123,45970,Longmont (Part),2014,161,12345970
15603,123,49600,Mead,2014,4050,12349600
15604,123,50480,Milliken,2014,6070,12350480
15605,123,54330,Northglenn (Part),2014,19,12354330
15606,123,55045,Nunn,2014,463,12355045
15607,123,59005,Pierce,2014,990,12359005
15608,123,60160,Platteville,2014,2697,12360160
15609,123,63045,Raymer,2014,111,12363045
15610,123,69150,Severance,2014,3614,12369150
15611,123,77290,Thornton (Part),2014,0,12377290
15612,123,77510,Timnath (Part),2014,7,12377510
15613,123,85485,Windsor (Part),2014,16918,12385485
15614,123,99990,Unincorporated Weld County,2014,44363,12399990
15615,125,0,YUMA COUNTY,2014,10188,12500000
15616,125,23025,Eckley,2014,230,12523025
15617,125,86310,Wray,2014,2410,12586310
15618,125,86750,Yuma,2014,3612,12586750
15619,125,99990,Unincorporated Yuma County,2014,3936,12599990
15620,999,3455,Arvada (Total),2014,114632,99903455
15621,999,4000,Aurora (Total),2014,355700,99904000
15622,999,4935,Basalt (Total),2014,3649,99904935
15623,999,6090,Bennett (Total),2014,2456,99906090
15624,999,6255,Berthoud (Total),2014,6127,99906255
15625,999,8070,Bow Mar (Total),2014,864,99908070
15626,999,8675,Brighton (Total),2014,36361,99908675
15627,999,12855,Center (Total),2014,2110,99912855
15628,999,12910,Central City (Total),2014,743,99912910
15629,999,24950,Erie (Total),2014,21370,99924950
15630,999,32650,Green Mountain Falls (Total),2014,771,99932650
15631,999,39855,Johnstown (Total),2014,13687,99939855
15632,999,45255,Littleton (Total),2014,43810,99945255
15633,999,45530,Lochbuie (Total),2014,5334,99945530
15634,999,45970,Longmont (Total),2014,90294,99945970
15635,999,54330,Northglenn (Total),2014,38361,99954330
15636,999,75640,Superior (Total),2014,12676,99975640
15637,999,77290,Thornton (Total),2014,128934,99977290
15638,999,77510,Timnath (Total),2014,2075,99977510
15639,999,83835,Westminster (Total),2014,112890,99983835
15640,999,85485,Windsor (Total),2014,22515,99985485
15641,0,0,COLORADO STATE,2015,5446594,0
15642,1,0,ADAMS COUNTY,2015,490351,100000
15643,1,3455,Arvada (Part),2015,2962,103455
15644,1,4000,Aurora (Part),2015,45390,104000
15645,1,6090,Bennett (Part),2015,2113,106090
15646,1,8675,Brighton (Part),2015,36972,108675
15647,1,16495,Commerce City,2015,53852,116495
15648,1,26270,Federal Heights,2015,13730,126270
15649,1,45530,Lochbuie (Part),2015,2,145530
15650,1,54330,Northglenn (Part),2015,38651,154330
15651,1,77290,Thornton (Part),2015,131584,177290
15652,1,83835,Westminster (Part),2015,69945,183835
15653,1,99990,Unincorporated Adams County,2015,95152,199990
15654,3,0,ALAMOSA COUNTY,2015,15885,300000
15655,3,1090,Alamosa,2015,9259,301090
15656,3,37380,Hooper,2015,91,337380
15657,3,99990,Unincorporated Alamosa County,2015,6535,399990
15658,5,0,ARAPAHOE COUNTY,2015,629965,500000
15659,5,4000,Aurora (Part),2015,316861,504000
15660,5,6090,Bennett (Part),2015,381,506090
15661,5,8070,Bow Mar (Part),2015,595,508070
15662,5,12815,Centennial,2015,106547,512815
15663,5,13845,Cherry Hills Village,2015,6523,513845
15664,5,16385,Columbine Valley,2015,1424,516385
15665,5,19630,Deer Trail,2015,735,519630
15666,5,24785,Englewood,2015,33024,524785
15667,5,28105,Foxfield,2015,753,528105
15668,5,30340,Glendale,2015,5037,530340
15669,5,33035,Greenwood Village,2015,16106,533035
15670,5,45255,Littleton (Part),2015,42646,545255
15671,5,69645,Sheridan,2015,6068,569645
15672,5,99990,Unincorporated Arapahoe County,2015,93265,599990
15673,7,0,ARCHULETA COUNTY,2015,12009,700000
15674,7,56860,Pagosa Springs,2015,1581,756860
15675,7,99990,Unincorporated Archuleta County,2015,10428,799990
15676,9,0,BACA COUNTY,2015,3530,900000
15677,9,11645,Campo,2015,108,911645
15678,9,61315,Pritchett,2015,121,961315
15679,9,73330,Springfield,2015,1324,973330
15680,9,79270,Two Buttes,2015,37,979270
15681,9,81030,Vilas,2015,84,981030
15682,9,82460,Walsh,2015,555,982460
15683,9,99990,Unincorporated Baca County,2015,1301,999990
15684,11,0,BENT COUNTY,2015,5966,1100000
15685,11,43660,Las Animas,2015,2317,1143660
15686,11,99990,Unincorporated Bent County,2015,3649,1199990
15687,13,0,BOULDER COUNTY,2015,320352,1300000
15688,13,7850,Boulder,2015,108088,1307850
15689,13,24950,Erie (Part),2015,9773,1324950
15690,13,39195,Jamestown,2015,288,1339195
15691,13,41835,Lafayette,2015,26825,1341835
15692,13,45970,Longmont (Part),2015,91658,1345970
15693,13,46355,Louisville,2015,20254,1346355
15694,13,47070,Lyons,2015,2118,1347070
15695,13,53175,Nederland,2015,1550,1353175
15696,13,75640,Superior (Part),2015,12782,1375640
15697,13,82735,Ward,2015,159,1382735
15698,13,99990,Unincorporated Boulder County,2015,46858,1399990
15699,14,0,BROOMFIELD COUNTY,2015,65831,1400000
15700,14,9280,Broomfield,2015,65831,1409280
15701,15,0,CHAFFEE COUNTY,2015,18108,1500000
15702,15,10105,Buena Vista,2015,2723,1510105
15703,15,60600,Poncha Springs,2015,669,1560600
15704,15,67280,Salida,2015,5305,1567280
15705,15,99990,Unincorporated Chaffee County,2015,9410,1599990
15706,17,0,CHEYENNE COUNTY,2015,1806,1700000
15707,17,14175,Cheyenne Wells,2015,814,1714175
15708,17,41010,Kit Carson,2015,265,1741010
15709,17,99990,Unincorporated Cheyenne County,2015,728,1799990
15710,19,0,CLEAR CREEK COUNTY,2015,9158,1900000
15711,19,12910,Central City (Part),2015,0,1912910
15712,19,24620,Empire,2015,317,1924620
15713,19,29735,Georgetown,2015,1056,1929735
15714,19,38370,Idaho Springs,2015,1742,1938370
15715,19,70360,Silver Plume,2015,190,1970360
15716,19,99990,Unincorporated Clear Creek County,2015,5853,1999990
15717,21,0,CONEJOS COUNTY,2015,7930,2100000
15718,21,2355,Antonito,2015,714,2102355
15719,21,42055,La Jara,2015,764,2142055
15720,21,48060,Manassa,2015,947,2148060
15721,21,65740,Romeo,2015,313,2165740
15722,21,67830,Sanford,2015,868,2167830
15723,21,99990,Unincorporated Conejos County,2015,4324,2199990
15724,23,0,COSTILLA COUNTY,2015,3516,2300000
15725,23,7190,Blanca,2015,344,2307190
15726,23,68105,San Luis,2015,601,2368105
15727,23,99990,Unincorporated Costilla County,2015,2571,2399990
15728,25,0,CROWLEY COUNTY,2015,5839,2500000
15729,25,18750,Crowley,2015,166,2518750
15730,25,55705,Olney Springs,2015,334,2555705
15731,25,56145,Ordway,2015,1072,2556145
15732,25,74815,Sugar City,2015,264,2574815
15733,25,99990,Unincorporated Crowley County,2015,4003,2599990
15734,27,0,CUSTER COUNTY,2015,4467,2700000
15735,27,70250,Silver Cliff,2015,581,2770250
15736,27,83450,Westcliffe,2015,458,2783450
15737,27,99990,Unincorporated Custer County,2015,3428,2799990
15738,29,0,DELTA COUNTY,2015,30039,2900000
15739,29,12635,Cedaredge,2015,2187,2912635
15740,29,17925,Crawford,2015,404,2917925
15741,29,19850,Delta,2015,8834,2919850
15742,29,37545,Hotchkiss,2015,877,2937545
15743,29,55980,Orchard City,2015,3032,2955980
15744,29,57300,Paonia,2015,1377,2957300
15745,29,99990,Unincorporated Delta County,2015,13329,2999990
15746,31,0,DENVER COUNTY,2015,675534,3100000
15747,31,20000,Denver,2015,675534,3120000
15748,33,0,DOLORES COUNTY,2015,2087,3300000
15749,33,21265,Dove Creek,2015,684,3321265
15750,33,64090,Rico,2015,322,3364090
15751,33,99990,Unincorporated Dolores County,2015,1081,3399990
15752,35,0,DOUGLAS COUNTY,2015,322079,3500000
15753,35,4000,Aurora (Part),2015,726,3504000
15754,35,12387,Castle Pines,2015,10578,3512387
15755,35,12415,Castle Rock,2015,59228,3512415
15756,35,43550,Larkspur,2015,201,3543550
15757,35,45255,Littleton (Part),2015,166,3545255
15758,35,45955,Lone Tree,2015,12555,3545955
15759,35,57630,Parker,2015,50859,3557630
15760,35,99990,Unincorporated Douglas County,2015,187767,3599990
15761,37,0,EAGLE COUNTY,2015,52780,3700000
15762,37,4110,Avon,2015,5972,3704110
15763,37,4935,Basalt (Part),2015,2674,3704935
15764,37,22200,Eagle,2015,6847,3722200
15765,37,33695,Gypsum,2015,6961,3733695
15766,37,50920,Minturn,2015,1007,3750920
15767,37,63265,Red Cliff,2015,237,3763265
15768,37,80040,Vail,2015,5113,3780040
15769,37,99990,Unincorporated Eagle County,2015,23970,3799990
15770,39,0,ELBERT COUNTY,2015,24061,3900000
15771,39,23740,Elizabeth,2015,1371,3923740
15772,39,40790,Kiowa,2015,729,3940790
15773,39,70635,Simla,2015,632,3970635
15774,39,99990,Unincorporated Elbert County,2015,21328,3999990
15775,41,0,EL PASO COUNTY,2015,677969,4100000
15776,41,11260,Calhan,2015,778,4111260
15777,41,16000,Colorado Springs,2015,451067,4116000
15778,41,27865,Fountain,2015,28270,4127865
15779,41,32650,Green Mountain Falls (Part),2015,736,4132650
15780,41,48445,Manitou Springs,2015,4932,4148445
15781,41,51800,Monument,2015,7658,4151800
15782,41,57025,Palmer Lake,2015,2513,4157025
15783,41,62660,Ramah,2015,119,4162660
15784,41,99990,Unincorporated El Paso County,2015,181896,4199990
15785,43,0,FREMONT COUNTY,2015,47213,4300000
15786,43,9115,Brookside,2015,207,4309115
15787,43,11810,Canon City,2015,16884,4311810
15788,43,15330,Coal Creek,2015,342,4315330
15789,43,27040,Florence,2015,3731,4327040
15790,43,64970,Rockvale,2015,507,4364970
15791,43,85155,Williamsburg,2015,691,4385155
15792,43,99990,Unincorporated Fremont County,2015,24851,4399990
15793,45,0,GARFIELD COUNTY,2015,57495,4500000
15794,45,12030,Carbonate,2015,0,4512030
15795,45,12045,Carbondale,2015,6286,4512045
15796,45,30780,Glenwood Springs,2015,9713,4530780
15797,45,53395,New Castle,2015,4413,4553395
15798,45,57400,Parachute,2015,1228,4557400
15799,45,64255,Rifle,2015,9803,4564255
15800,45,70195,Silt,2015,3249,4570195
15801,45,99990,Unincorporated Garfield County,2015,22803,4599990
15802,47,0,GILPIN COUNTY,2015,5553,4700000
15803,47,7025,Black Hawk,2015,137,4707025
15804,47,12910,Central City (Part),2015,749,4712910
15805,47,99990,Unincorporated Gilpin County,2015,4667,4799990
15806,49,0,GRAND COUNTY,2015,14961,4900000
15807,49,28305,Fraser,2015,1448,4928305
15808,49,31605,Granby,2015,1922,4931605
15809,49,31715,Grand Lake,2015,408,4931715
15810,49,37600,Hot Sulphur Springs,2015,660,4937600
15811,49,41560,Kremmling,2015,1319,4941560
15812,49,85705,Winter Park,2015,1022,4985705
15813,49,99990,Unincorporated Grand County,2015,8182,4999990
15814,51,0,GUNNISON COUNTY,2015,15826,5100000
15815,51,18310,Crested Butte,2015,1533,5118310
15816,51,33640,Gunnison,2015,6125,5133640
15817,51,48555,Marble,2015,128,5148555
15818,51,52570,Mount Crested Butte/G,2015,876,5152570
15819,51,59830,Pitkin,2015,72,5159830
15820,51,99990,Unincorporated Gunnison County,2015,7092,5199990
15821,53,0,HINSDALE COUNTY,2015,813,5300000
15822,53,42330,Lake City,2015,415,5342330
15823,53,99990,Unincorporated Hinsdale County,2015,398,5399990
15824,55,0,HUERFANO COUNTY,2015,6706,5500000
15825,55,44100,La Veta,2015,875,5544100
15826,55,82350,Walsenburg,2015,2983,5582350
15827,55,99990,Unincorporated Huerfano County,2015,2848,5599990
15828,57,0,JACKSON COUNTY,2015,1381,5700000
15829,57,82130,Walden,2015,593,5782130
15830,57,99990,Unincorporated Jackson County,2015,788,5799990
15831,59,0,JEFFERSON COUNTY,2015,565161,5900000
15832,59,3455,Arvada (Part),2015,113754,5903455
15833,59,8070,Bow Mar (Part),2015,269,5908070
15834,59,23135,Edgewater,2015,5219,5923135
15835,59,30835,Golden,2015,20495,5930835
15836,59,42495,Lakeside,2015,13,5942495
15837,59,43000,Lakewood,2015,150527,5943000
15838,59,45255,Littleton (Part),2015,2366,5945255
15839,59,52075,Morrison,2015,422,5952075
15840,59,52350,Mountain View,2015,534,5952350
15841,59,75640,Superior (Part),2015,0,5975640
15842,59,83835,Westminster (Part),2015,44377,5983835
15843,59,84440,Wheat Ridge,2015,31935,5984440
15844,59,99990,Unincorporated Jefferson County,2015,195250,5999990
15845,61,0,KIOWA COUNTY,2015,1406,6100000
15846,61,22145,Eads,2015,672,6122145
15847,61,34740,Haswell,2015,68,6134740
15848,61,69700,Sheridan Lake,2015,72,6169700
15849,61,99990,Unincorporated Kiowa County,2015,595,6199990
15850,63,0,KIT CARSON COUNTY,2015,7561,6300000
15851,63,6530,Bethune,2015,202,6306530
15852,63,10600,Burlington,2015,3718,6310600
15853,63,26765,Flagler,2015,538,6326765
15854,63,69040,Seibert,2015,164,6369040
15855,63,74485,Stratton,2015,622,6374485
15856,63,81690,Vona,2015,101,6381690
15857,63,99990,Unincorporated Kit Carson County,2015,2215,6399990
15858,65,0,LAKE COUNTY,2015,7159,6500000
15859,65,44320,Leadville,2015,2626,6544320
15860,65,99990,Unincorporated Lake County,2015,4533,6599990
15861,67,0,LA PLATA COUNTY,2015,54300,6700000
15862,67,5265,Bayfield,2015,2573,6705265
15863,67,22035,Durango,2015,17889,6722035
15864,67,38535,Ignacio,2015,781,6738535
15865,67,99990,Unincorporated La Plata County,2015,33058,6799990
15866,69,0,LARIMER COUNTY,2015,333445,6900000
15867,69,6255,Berthoud (Part),2015,6262,6906255
15868,69,25115,Estes Park,2015,6658,6925115
15869,69,27425,Fort Collins,2015,158003,6927425
15870,69,39855,Johnstown (Part),2015,2798,6939855
15871,69,46465,Loveland,2015,72727,6946465
15872,69,77510,Timnath (Part),2015,2594,6977510
15873,69,83230,Wellington,2015,7797,6983230
15874,69,85485,Windsor (Part),2015,5850,6985485
15875,69,99990,Unincorporated Larimer County,2015,70755,6999990
15876,71,0,LAS ANIMAS COUNTY,2015,14997,7100000
15877,71,760,Aguilar,2015,487,7100760
15878,71,8345,Branson,2015,69,7108345
15879,71,15550,Cokedale,2015,131,7115550
15880,71,40570,Kim,2015,77,7140570
15881,71,73715,Starkville,2015,68,7173715
15882,71,78610,Trinidad,2015,8692,7178610
15883,71,99990,Unincorporated Las Animas County,2015,5474,7199990
15884,73,0,LINCOLN COUNTY,2015,5553,7300000
15885,73,3235,Arriba,2015,200,7303235
15886,73,29680,Genoa,2015,98,7329680
15887,73,37875,Hugo,2015,744,7337875
15888,73,44980,Limon,2015,1979,7344980
15889,73,99990,Unincorporated Lincoln County,2015,2532,7399990
15890,75,0,LOGAN COUNTY,2015,21873,7500000
15891,75,18640,Crook,2015,126,7518640
15892,75,26875,Fleming,2015,439,7526875
15893,75,38590,Iliff,2015,250,7538590
15894,75,50040,Merino,2015,297,7550040
15895,75,58235,Peetz,2015,232,7558235
15896,75,73935,Sterling,2015,14104,7573935
15897,75,99990,Unincorporated Logan County,2015,6426,7599990
15898,77,0,MESA COUNTY,2015,148774,7700000
15899,77,15605,Collbran,2015,616,7715605
15900,77,19355,De Beque,2015,476,7719355
15901,77,28745,Fruita,2015,13105,7728745
15902,77,31660,Grand Junction,2015,60938,7731660
15903,77,56970,Palisade,2015,2671,7756970
15904,77,99990,Unincorporated Mesa County,2015,70968,7799990
15905,79,0,MINERAL COUNTY,2015,755,7900000
15906,79,14765,City of Creede,2015,246,7914765
15907,79,99990,Unincorporated Mineral County,2015,509,7999990
15908,81,0,MOFFAT COUNTY,2015,13038,8100000
15909,81,17760,Craig,2015,9047,8117760
15910,81,20495,Dinosaur,2015,247,8120495
15911,81,99990,Unincorporated Moffat County,2015,3744,8199990
15912,83,0,MONTEZUMA COUNTY,2015,25522,8300000
15913,83,17375,Cortez,2015,8550,8317375
15914,83,20770,Dolores,2015,902,8320770
15915,83,48115,Mancos,2015,1232,8348115
15916,83,99990,Unincorporated Montezuma County,2015,14836,8399990
15917,85,0,MONTROSE COUNTY,2015,41457,8500000
15918,85,51745,Montrose,2015,20090,8551745
15919,85,53120,Naturita,2015,510,8553120
15920,85,54935,Nucla,2015,621,8554935
15921,85,55540,Olathe,2015,1817,8555540
15922,85,99990,Unincorporated Montrose County,2015,18419,8599990
15923,87,0,MORGAN COUNTY,2015,28335,8700000
15924,87,9555,Brush,2015,5283,8709555
15925,87,27810,Fort Morgan,2015,11564,8727810
15926,87,36610,Hillrose,2015,311,8736610
15927,87,45695,Log Lane Village,2015,903,8745695
15928,87,84770,Wiggins,2015,1060,8784770
15929,87,99990,Unincorporated Morgan County,2015,9213,8799990
15930,89,0,OTERO COUNTY,2015,18817,8900000
15931,89,13460,Cheraw,2015,231,8913460
15932,89,27975,Fowler,2015,1248,8927975
15933,89,42110,La Junta,2015,7268,8942110
15934,89,48500,Manzanola,2015,376,8948500
15935,89,65190,Rocky Ford,2015,3969,8965190
15936,89,75970,Swink,2015,620,8975970
15937,89,99990,Unincorporated Otero County,2015,5105,8999990
15938,91,0,OURAY COUNTY,2015,4550,9100000
15939,91,56420,Ouray,2015,928,9156420
15940,91,64200,Ridgway,2015,1002,9164200
15941,91,99990,Unincorporated Ouray County,2015,2620,9199990
15942,93,0,PARK COUNTY,2015,15975,9300000
15943,93,1530,Alma,2015,267,9301530
15944,93,25610,Fairplay,2015,700,9325610
15945,93,99990,Unincorporated Park County,2015,15008,9399990
15946,95,0,PHILLIPS COUNTY,2015,4499,9500000
15947,95,34960,Haxtun,2015,1006,9534960
15948,95,37270,Holyoke,2015,2319,9537270
15949,95,57245,Paoli,2015,41,9557245
15950,95,99990,Unincorporated Phillips County,2015,1134,9599990
15951,97,0,PITKIN COUNTY,2015,17701,9700000
15952,97,3620,Aspen,2015,7238,9703620
15953,97,4935,Basalt (Part),2015,963,9704935
15954,97,71755,Snowmass Village,2015,3162,9771755
15955,97,99990,Unincorporated Pitkin County,2015,6338,9799990
15956,99,0,PROWERS COUNTY,2015,11891,9900000
15957,99,31550,Granada,2015,448,9931550
15958,99,34520,Hartman,2015,57,9934520
15959,99,37215,Holly,2015,814,9937215
15960,99,43110,Lamar,2015,7612,9943110
15961,99,85045,Wiley,2015,421,9985045
15962,99,99990,Unincorporated Prowers County,2015,2540,9999990
15963,101,0,PUEBLO COUNTY,2015,162449,10100000
15964,101,7795,Boone,2015,321,10107795
15965,101,62000,Pueblo,2015,108466,10162000
15966,101,66895,Rye,2015,173,10166895
15967,101,99990,Unincorporated Pueblo County,2015,53489,10199990
15968,103,0,RIO BLANCO COUNTY,2015,6621,10300000
15969,103,49875,Meeker,2015,2372,10349875
15970,103,62880,Rangely,2015,2495,10362880
15971,103,99990,Unincorporated Rio Blanco County,2015,1755,10399990
15972,105,0,RIO GRANDE COUNTY,2015,11778,10500000
15973,105,12855,Center (Part),2015,85,10512855
15974,105,19795,Del Norte,2015,1532,10519795
15975,105,51635,Monte Vista,2015,4316,10551635
15976,105,72395,South Fork,2015,483,10572395
15977,105,99990,Unincorporated Rio Grande County,2015,5362,10599990
15978,107,0,ROUTT COUNTY,2015,23824,10700000
15979,107,35070,Hayden,2015,1844,10735070
15980,107,55155,Oak Creek,2015,849,10755155
15981,107,73825,Steamboat Springs,2015,12477,10773825
15982,107,86475,Yampa,2015,392,10786475
15983,107,99990,Unincorporated Routt County,2015,8263,10799990
15984,109,0,SAGUACHE COUNTY,2015,6183,10900000
15985,109,7571,Bonanza City,2015,22,10907571
15986,109,12855,Center (Part),2015,1997,10912855
15987,109,18420,Crestone,2015,138,10918420
15988,109,51250,Moffat,2015,117,10951250
15989,109,67005,Saguache,2015,553,10967005
15990,109,99990,Unincorporated Saguache County,2015,3356,10999990
15991,111,0,SAN JUAN COUNTY,2015,696,11100000
15992,111,70580,Silverton,2015,621,11170580
15993,111,99990,Unincorporated San Juan County,2015,75,11199990
15994,113,0,SAN MIGUEL COUNTY,2015,7825,11300000
15995,113,52550,Mountain Village,2015,1213,11352550
15996,113,54880,Norwood,2015,506,11354880
15997,113,55870,Ophir,2015,209,11355870
15998,113,68655,Sawpit,2015,31,11368655
15999,113,76795,Telluride,2015,2559,11376795
16000,113,99990,Unincorporated San Miguel County,2015,3307,11399990
16001,115,0,SEDGWICK COUNTY,2015,2388,11500000
16002,115,39965,Julesburg,2015,1272,11539965
16003,115,56475,Ovid,2015,292,11556475
16004,115,68930,Sedgwick,2015,170,11568930
16005,115,99990,Unincorporated Sedgwick County,2015,653,11599990
16006,117,0,SUMMIT COUNTY,2015,30268,11700000
16007,117,7410,Blue River,2015,879,11707410
16008,117,8400,Breckenridge,2015,5234,11708400
16009,117,20440,Dillon,2015,1001,11720440
16010,117,28690,Frisco,2015,2873,11728690
16011,117,40550,Keystone,2015,,11740555
16012,117,51690,Montezuma,2015,71,11751690
16013,117,70525,Silverthorne,2015,3966,11770525
16014,117,99990,Unincorporated Summit County,2015,16245,11799990
16015,119,0,TELLER COUNTY,2015,23006,11900000
16016,119,18530,Cripple Creek,2015,1090,11918530
16017,119,32650,Green Mountain Falls (Part),2015,21,11932650
16018,119,80865,Victor,2015,366,11980865
16019,119,86090,Woodland Park,2015,7373,11986090
16020,119,99990,Unincorporated Teller County,2015,14157,11999990
16021,121,0,WASHINGTON COUNTY,2015,4682,12100000
16022,121,925,Akron,2015,1711,12100925
16023,121,56365,Otis,2015,490,12156365
16024,121,99990,Unincorporated Washington County,2015,2481,12199990
16025,123,0,WELD COUNTY,2015,284855,12300000
16026,123,3950,Ault,2015,1608,12303950
16027,123,6255,Berthoud (Part),2015,148,12306255
16028,123,8675,Brighton (Part),2015,321,12308675
16029,123,19080,Dacono,2015,4897,12319080
16030,123,22860,Eaton,2015,4880,12322860
16031,123,24950,Erie (Part),2015,12605,12324950
16032,123,25280,Evans,2015,20213,12325280
16033,123,26600,Firestone,2015,11899,12326600
16034,123,27700,Fort Lupton,2015,7600,12327700
16035,123,28360,Frederick,2015,11310,12328360
16036,123,29185,Garden City,2015,253,12329185
16037,123,29955,Gilcrest,2015,1057,12329955
16038,123,32155,Greeley,2015,102431,12332155
16039,123,33310,Grover,2015,165,12333310
16040,123,37820,Hudson,2015,1456,12337820
16041,123,39855,Johnstown (Part),2015,11886,12339855
16042,123,40185,Keenesburg,2015,1201,12340185
16043,123,40515,Kersey,2015,1508,12340515
16044,123,43605,La Salle,2015,2073,12343605
16045,123,45530,Lochbuie (Part),2015,5443,12345530
16046,123,45970,Longmont (Part),2015,196,12345970
16047,123,49600,Mead,2015,4437,12349600
16048,123,50480,Milliken,2015,6377,12350480
16049,123,54330,Northglenn (Part),2015,21,12354330
16050,123,55045,Nunn,2015,474,12355045
16051,123,59005,Pierce,2015,1030,12359005
16052,123,60160,Platteville,2015,2759,12360160
16053,123,63045,Raymer,2015,115,12363045
16054,123,69150,Severance,2015,3845,12369150
16055,123,77290,Thornton (Part),2015,0,12377290
16056,123,77510,Timnath (Part),2015,8,12377510
16057,123,85485,Windsor (Part),2015,17497,12385485
16058,123,99990,Unincorporated Weld County,2015,45141,12399990
16059,125,0,YUMA COUNTY,2015,10039,12500000
16060,125,23025,Eckley,2015,228,12523025
16061,125,86310,Wray,2015,2341,12586310
16062,125,86750,Yuma,2015,3539,12586750
16063,125,99990,Unincorporated Yuma County,2015,3931,12599990
16064,999,3455,Arvada (Total),2015,116716,99903455
16065,999,4000,Aurora (Total),2015,362976,99904000
16066,999,4935,Basalt (Total),2015,3637,99904935
16067,999,6090,Bennett (Total),2015,2493,99906090
16068,999,6255,Berthoud (Total),2015,6410,99906255
16069,999,8070,Bow Mar (Total),2015,865,99908070
16070,999,8675,Brighton (Total),2015,37293,99908675
16071,999,12855,Center (Total),2015,2083,99912855
16072,999,12910,Central City (Total),2015,749,99912910
16073,999,24950,Erie (Total),2015,22378,99924950
16074,999,32650,Green Mountain Falls (Total),2015,757,99932650
16075,999,39855,Johnstown (Total),2015,14684,99939855
16076,999,45255,Littleton (Total),2015,45178,99945255
16077,999,45530,Lochbuie (Total),2015,5444,99945530
16078,999,45970,Longmont (Total),2015,91854,99945970
16079,999,54330,Northglenn (Total),2015,38672,99954330
16080,999,75640,Superior (Total),2015,12782,99975640
16081,999,77290,Thornton (Total),2015,131584,99977290
16082,999,77510,Timnath (Total),2015,2601,99977510
16083,999,83835,Westminster (Total),2015,114322,99983835
16084,999,85485,Windsor (Total),2015,23347,99985485
16085,0,0,COLORADO STATE,2016,5529631,0
16086,1,0,ADAMS COUNTY,2016,497822,100000
16087,1,3455,Arvada (Part),2016,2971,103455
16088,1,4000,Aurora (Part),2016,45696,104000
16089,1,6090,Bennett (Part),2016,2125,106090
16090,1,8675,Brighton (Part),2016,37666,108675
16091,1,16495,Commerce City,2016,55351,116495
16092,1,26270,Federal Heights,2016,14146,126270
16093,1,45530,Lochbuie (Part),2016,1,145530
16094,1,54330,Northglenn (Part),2016,38905,154330
16095,1,77290,Thornton (Part),2016,134302,177290
16096,1,83835,Westminster (Part),2016,70782,183835
16097,1,99990,Unincorporated Adams County,2016,95878,199990
16098,3,0,ALAMOSA COUNTY,2016,15936,300000
16099,3,1090,Alamosa,2016,9302,301090
16100,3,37380,Hooper,2016,89,337380
16101,3,99990,Unincorporated Alamosa County,2016,6545,399990
16102,5,0,ARAPAHOE COUNTY,2016,637656,500000
16103,5,4000,Aurora (Part),2016,319811,504000
16104,5,6090,Bennett (Part),2016,384,506090
16105,5,8070,Bow Mar (Part),2016,600,508070
16106,5,12815,Centennial,2016,107156,512815
16107,5,13845,Cherry Hills Village,2016,6566,513845
16108,5,16385,Columbine Valley,2016,1467,516385
16109,5,19630,Deer Trail,2016,833,519630
16110,5,24785,Englewood,2016,34017,524785
16111,5,28105,Foxfield,2016,753,528105
16112,5,30340,Glendale,2016,5032,530340
16113,5,33035,Greenwood Village,2016,16180,533035
16114,5,45255,Littleton (Part),2016,42669,545255
16115,5,69645,Sheridan,2016,6102,569645
16116,5,99990,Unincorporated Arapahoe County,2016,96085,599990
16117,7,0,ARCHULETA COUNTY,2016,12362,700000
16118,7,56860,Pagosa Springs,2016,1589,756860
16119,7,99990,Unincorporated Archuleta County,2016,10773,799990
16120,9,0,BACA COUNTY,2016,3505,900000
16121,9,11645,Campo,2016,107,911645
16122,9,61315,Pritchett,2016,119,961315
16123,9,73330,Springfield,2016,1311,973330
16124,9,79270,Two Buttes,2016,36,979270
16125,9,81030,Vilas,2016,85,981030
16126,9,82460,Walsh,2016,551,982460
16127,9,99990,Unincorporated Baca County,2016,1295,999990
16128,11,0,BENT COUNTY,2016,5753,1100000
16129,11,43660,Las Animas,2016,2287,1143660
16130,11,99990,Unincorporated Bent County,2016,3466,1199990
16131,13,0,BOULDER COUNTY,2016,323957,1300000
16132,13,7850,Boulder,2016,108816,1307850
16133,13,24950,Erie (Part),2016,10339,1324950
16134,13,39195,Jamestown,2016,290,1339195
16135,13,41835,Lafayette,2016,27364,1341835
16136,13,45970,Longmont (Part),2016,92647,1345970
16137,13,46355,Louisville,2016,20731,1346355
16138,13,47070,Lyons,2016,2145,1347070
16139,13,53175,Nederland,2016,1568,1353175
16140,13,75640,Superior (Part),2016,12964,1375640
16141,13,82735,Ward,2016,159,1382735
16142,13,99990,Unincorporated Boulder County,2016,46933,1399990
16143,14,0,BROOMFIELD COUNTY,2016,67707,1400000
16144,14,9280,Broomfield,2016,67707,1409280
16145,15,0,CHAFFEE COUNTY,2016,18519,1500000
16146,15,10105,Buena Vista,2016,2745,1510105
16147,15,60600,Poncha Springs,2016,697,1560600
16148,15,67280,Salida,2016,5414,1567280
16149,15,99990,Unincorporated Chaffee County,2016,9662,1599990
16150,17,0,CHEYENNE COUNTY,2016,1794,1700000
16151,17,14175,Cheyenne Wells,2016,799,1714175
16152,17,41010,Kit Carson,2016,268,1741010
16153,17,99990,Unincorporated Cheyenne County,2016,727,1799990
16154,19,0,CLEAR CREEK COUNTY,2016,9237,1900000
16155,19,12910,Central City (Part),2016,0,1912910
16156,19,24620,Empire,2016,323,1924620
16157,19,29735,Georgetown,2016,1076,1929735
16158,19,38370,Idaho Springs,2016,1745,1938370
16159,19,70360,Silver Plume,2016,194,1970360
16160,19,99990,Unincorporated Clear Creek County,2016,5898,1999990
16161,21,0,CONEJOS COUNTY,2016,7842,2100000
16162,21,2355,Antonito,2016,701,2102355
16163,21,42055,La Jara,2016,759,2142055
16164,21,48060,Manassa,2016,945,2148060
16165,21,65740,Romeo,2016,311,2165740
16166,21,67830,Sanford,2016,869,2167830
16167,21,99990,Unincorporated Conejos County,2016,4257,2199990
16168,23,0,COSTILLA COUNTY,2016,3516,2300000
16169,23,7190,Blanca,2016,341,2307190
16170,23,68105,San Luis,2016,601,2368105
16171,23,99990,Unincorporated Costilla County,2016,2573,2399990
16172,25,0,CROWLEY COUNTY,2016,5837,2500000
16173,25,18750,Crowley,2016,165,2518750
16174,25,55705,Olney Springs,2016,329,2555705
16175,25,56145,Ordway,2016,1071,2556145
16176,25,74815,Sugar City,2016,260,2574815
16177,25,99990,Unincorporated Crowley County,2016,4012,2599990
16178,27,0,CUSTER COUNTY,2016,4496,2700000
16179,27,70250,Silver Cliff,2016,584,2770250
16180,27,83450,Westcliffe,2016,453,2783450
16181,27,99990,Unincorporated Custer County,2016,3460,2799990
16182,29,0,DELTA COUNTY,2016,30489,2900000
16183,29,12635,Cedaredge,2016,2208,2912635
16184,29,17925,Crawford,2016,410,2917925
16185,29,19850,Delta,2016,8872,2919850
16186,29,37545,Hotchkiss,2016,878,2937545
16187,29,55980,Orchard City,2016,3062,2955980
16188,29,57300,Paonia,2016,1389,2957300
16189,29,99990,Unincorporated Delta County,2016,13670,2999990
16190,31,0,DENVER COUNTY,2016,686468,3100000
16191,31,20000,Denver,2016,686468,3120000
16192,33,0,DOLORES COUNTY,2016,2088,3300000
16193,33,21265,Dove Creek,2016,673,3321265
16194,33,64090,Rico,2016,313,3364090
16195,33,99990,Unincorporated Dolores County,2016,1102,3399990
16196,35,0,DOUGLAS COUNTY,2016,328333,3500000
16197,35,4000,Aurora (Part),2016,868,3504000
16198,35,12387,Castle Pines,2016,10579,3512387
16199,35,12415,Castle Rock,2016,62275,3512415
16200,35,43550,Larkspur,2016,204,3543550
16201,35,45255,Littleton (Part),2016,703,3545255
16202,35,45955,Lone Tree,2016,12671,3545955
16203,35,57630,Parker,2016,52938,3557630
16204,35,99990,Unincorporated Douglas County,2016,188094,3599990
16205,37,0,EAGLE COUNTY,2016,53041,3700000
16206,37,4110,Avon,2016,5911,3704110
16207,37,4935,Basalt (Part),2016,2684,3704935
16208,37,22200,Eagle,2016,6939,3722200
16209,37,33695,Gypsum,2016,7080,3733695
16210,37,50920,Minturn,2016,1008,3750920
16211,37,63265,Red Cliff,2016,237,3763265
16212,37,80040,Vail,2016,5056,3780040
16213,37,99990,Unincorporated Eagle County,2016,24126,3799990
16214,39,0,ELBERT COUNTY,2016,24450,3900000
16215,39,23740,Elizabeth,2016,1375,3923740
16216,39,40790,Kiowa,2016,730,3940790
16217,39,70635,Simla,2016,630,3970635
16218,39,99990,Unincorporated Elbert County,2016,21716,3999990
16219,41,0,EL PASO COUNTY,2016,692295,4100000
16220,41,11260,Calhan,2016,785,4111260
16221,41,16000,Colorado Springs,2016,460505,4116000
16222,41,27865,Fountain,2016,28699,4127865
16223,41,32650,Green Mountain Falls (Part),2016,759,4132650
16224,41,48445,Manitou Springs,2016,4933,4148445
16225,41,51800,Monument,2016,8088,4151800
16226,41,57025,Palmer Lake,2016,2551,4157025
16227,41,62660,Ramah,2016,119,4162660
16228,41,99990,Unincorporated El Paso County,2016,185856,4199990
16229,43,0,FREMONT COUNTY,2016,47284,4300000
16230,43,9115,Brookside,2016,206,4309115
16231,43,11810,Canon City,2016,16880,4311810
16232,43,15330,Coal Creek,2016,344,4315330
16233,43,27040,Florence,2016,3728,4327040
16234,43,64970,Rockvale,2016,504,4364970
16235,43,85155,Williamsburg,2016,691,4385155
16236,43,99990,Unincorporated Fremont County,2016,24930,4399990
16237,45,0,GARFIELD COUNTY,2016,58161,4500000
16238,45,12030,Carbonate,2016,0,4512030
16239,45,12045,Carbondale,2016,6314,4512045
16240,45,30780,Glenwood Springs,2016,9716,4530780
16241,45,53395,New Castle,2016,4451,4553395
16242,45,57400,Parachute,2016,1256,4557400
16243,45,64255,Rifle,2016,9924,4564255
16244,45,70195,Silt,2016,3295,4570195
16245,45,99990,Unincorporated Garfield County,2016,23205,4599990
16246,47,0,GILPIN COUNTY,2016,5578,4700000
16247,47,7025,Black Hawk,2016,138,4707025
16248,47,12910,Central City (Part),2016,748,4712910
16249,47,99990,Unincorporated Gilpin County,2016,4692,4799990
16250,49,0,GRAND COUNTY,2016,15042,4900000
16251,49,28305,Fraser,2016,1440,4928305
16252,49,31605,Granby,2016,1934,4931605
16253,49,31715,Grand Lake,2016,408,4931715
16254,49,37600,Hot Sulphur Springs,2016,668,4937600
16255,49,41560,Kremmling,2016,1326,4941560
16256,49,85705,Winter Park,2016,1021,4985705
16257,49,99990,Unincorporated Grand County,2016,8245,4999990
16258,51,0,GUNNISON COUNTY,2016,16082,5100000
16259,51,18310,Crested Butte,2016,1557,5118310
16260,51,33640,Gunnison,2016,6200,5133640
16261,51,48555,Marble,2016,128,5148555
16262,51,52570,Mount Crested Butte/G,2016,916,5152570
16263,51,59830,Pitkin,2016,77,5159830
16264,51,99990,Unincorporated Gunnison County,2016,7203,5199990
16265,53,0,HINSDALE COUNTY,2016,809,5300000
16266,53,42330,Lake City,2016,419,5342330
16267,53,99990,Unincorporated Hinsdale County,2016,390,5399990
16268,55,0,HUERFANO COUNTY,2016,6721,5500000
16269,55,44100,La Veta,2016,878,5544100
16270,55,82350,Walsenburg,2016,2992,5582350
16271,55,99990,Unincorporated Huerfano County,2016,2850,5599990
16272,57,0,JACKSON COUNTY,2016,1379,5700000
16273,57,82130,Walden,2016,595,5782130
16274,57,99990,Unincorporated Jackson County,2016,785,5799990
16275,59,0,JEFFERSON COUNTY,2016,571744,5900000
16276,59,3455,Arvada (Part),2016,116393,5903455
16277,59,8070,Bow Mar (Part),2016,271,5908070
16278,59,23135,Edgewater,2016,5223,5923135
16279,59,30835,Golden,2016,20655,5930835
16280,59,42495,Lakeside,2016,13,5942495
16281,59,43000,Lakewood,2016,152071,5943000
16282,59,45255,Littleton (Part),2016,2361,5945255
16283,59,52075,Morrison,2016,424,5952075
16284,59,52350,Mountain View,2016,539,5952350
16285,59,75640,Superior (Part),2016,0,5975640
16286,59,83835,Westminster (Part),2016,44657,5983835
16287,59,84440,Wheat Ridge,2016,32298,5984440
16288,59,99990,Unincorporated Jefferson County,2016,196839,5999990
16289,61,0,KIOWA COUNTY,2016,1420,6100000
16290,61,22145,Eads,2016,678,6122145
16291,61,34740,Haswell,2016,69,6134740
16292,61,69700,Sheridan Lake,2016,69,6169700
16293,61,99990,Unincorporated Kiowa County,2016,603,6199990
16294,63,0,KIT CARSON COUNTY,2016,7480,6300000
16295,63,6530,Bethune,2016,199,6306530
16296,63,10600,Burlington,2016,3617,6310600
16297,63,26765,Flagler,2016,540,6326765
16298,63,69040,Seibert,2016,167,6369040
16299,63,74485,Stratton,2016,631,6374485
16300,63,81690,Vona,2016,100,6381690
16301,63,99990,Unincorporated Kit Carson County,2016,2226,6399990
16302,65,0,LAKE COUNTY,2016,7246,6500000
16303,65,44320,Leadville,2016,2651,6544320
16304,65,99990,Unincorporated Lake County,2016,4595,6599990
16305,67,0,LA PLATA COUNTY,2016,54884,6700000
16306,67,5265,Bayfield,2016,2630,6705265
16307,67,22035,Durango,2016,18198,6722035
16308,67,38535,Ignacio,2016,796,6738535
16309,67,99990,Unincorporated La Plata County,2016,33260,6799990
16310,69,0,LARIMER COUNTY,2016,339128,6900000
16311,69,6255,Berthoud (Part),2016,6600,6906255
16312,69,25115,Estes Park,2016,6777,6925115
16313,69,27425,Fort Collins,2016,160021,6927425
16314,69,39855,Johnstown (Part),2016,3219,6939855
16315,69,46465,Loveland,2016,73932,6946465
16316,69,77510,Timnath (Part),2016,3148,6977510
16317,69,83230,Wellington,2016,8473,6983230
16318,69,85485,Windsor (Part),2016,6009,6985485
16319,69,99990,Unincorporated Larimer County,2016,70951,6999990
16320,71,0,LAS ANIMAS COUNTY,2016,14906,7100000
16321,71,760,Aguilar,2016,482,7100760
16322,71,8345,Branson,2016,67,7108345
16323,71,15550,Cokedale,2016,130,7115550
16324,71,40570,Kim,2016,75,7140570
16325,71,73715,Starkville,2016,67,7173715
16326,71,78610,Trinidad,2016,8634,7178610
16327,71,99990,Unincorporated Las Animas County,2016,5452,7199990
16328,73,0,LINCOLN COUNTY,2016,5573,7300000
16329,73,3235,Arriba,2016,201,7303235
16330,73,29680,Genoa,2016,99,7329680
16331,73,37875,Hugo,2016,756,7337875
16332,73,44980,Limon,2016,1995,7344980
16333,73,99990,Unincorporated Lincoln County,2016,2522,7399990
16334,75,0,LOGAN COUNTY,2016,21772,7500000
16335,75,18640,Crook,2016,126,7518640
16336,75,26875,Fleming,2016,435,7526875
16337,75,38590,Iliff,2016,247,7538590
16338,75,50040,Merino,2016,293,7550040
16339,75,58235,Peetz,2016,230,7558235
16340,75,73935,Sterling,2016,14000,7573935
16341,75,99990,Unincorporated Logan County,2016,6442,7599990
16342,77,0,MESA COUNTY,2016,150346,7700000
16343,77,15605,Collbran,2016,608,7715605
16344,77,19355,De Beque,2016,481,7719355
16345,77,28745,Fruita,2016,13231,7728745
16346,77,31660,Grand Junction,2016,61695,7731660
16347,77,56970,Palisade,2016,2672,7756970
16348,77,99990,Unincorporated Mesa County,2016,71660,7799990
16349,79,0,MINERAL COUNTY,2016,770,7900000
16350,79,14765,City of Creede,2016,247,7914765
16351,79,99990,Unincorporated Mineral County,2016,523,7999990
16352,81,0,MOFFAT COUNTY,2016,13266,8100000
16353,81,17760,Craig,2016,9118,8117760
16354,81,20495,Dinosaur,2016,257,8120495
16355,81,99990,Unincorporated Moffat County,2016,3892,8199990
16356,83,0,MONTEZUMA COUNTY,2016,25543,8300000
16357,83,17375,Cortez,2016,8571,8317375
16358,83,20770,Dolores,2016,899,8320770
16359,83,48115,Mancos,2016,1259,8348115
16360,83,99990,Unincorporated Montezuma County,2016,14814,8399990
16361,85,0,MONTROSE COUNTY,2016,41594,8500000
16362,85,51745,Montrose,2016,20064,8551745
16363,85,53120,Naturita,2016,507,8553120
16364,85,54935,Nucla,2016,613,8554935
16365,85,55540,Olathe,2016,1806,8555540
16366,85,99990,Unincorporated Montrose County,2016,18603,8599990
16367,87,0,MORGAN COUNTY,2016,28294,8700000
16368,87,9555,Brush,2016,5276,8709555
16369,87,27810,Fort Morgan,2016,11533,8727810
16370,87,36610,Hillrose,2016,301,8736610
16371,87,45695,Log Lane Village,2016,904,8745695
16372,87,84770,Wiggins,2016,1050,8784770
16373,87,99990,Unincorporated Morgan County,2016,9230,8799990
16374,89,0,OTERO COUNTY,2016,18797,8900000
16375,89,13460,Cheraw,2016,232,8913460
16376,89,27975,Fowler,2016,1240,8927975
16377,89,42110,La Junta,2016,7311,8942110
16378,89,48500,Manzanola,2016,370,8948500
16379,89,65190,Rocky Ford,2016,3934,8965190
16380,89,75970,Swink,2016,617,8975970
16381,89,99990,Unincorporated Otero County,2016,5093,8999990
16382,91,0,OURAY COUNTY,2016,4721,9100000
16383,91,56420,Ouray,2016,958,9156420
16384,91,64200,Ridgway,2016,1039,9164200
16385,91,99990,Unincorporated Ouray County,2016,2725,9199990
16386,93,0,PARK COUNTY,2016,16461,9300000
16387,93,1530,Alma,2016,275,9301530
16388,93,25610,Fairplay,2016,707,9325610
16389,93,99990,Unincorporated Park County,2016,15479,9399990
16390,95,0,PHILLIPS COUNTY,2016,4505,9500000
16391,95,34960,Haxtun,2016,1003,9534960
16392,95,37270,Holyoke,2016,2317,9537270
16393,95,57245,Paoli,2016,44,9557245
16394,95,99990,Unincorporated Phillips County,2016,1142,9599990
16395,97,0,PITKIN COUNTY,2016,17691,9700000
16396,97,3620,Aspen,2016,7215,9703620
16397,97,4935,Basalt (Part),2016,970,9704935
16398,97,71755,Snowmass Village,2016,3162,9771755
16399,97,99990,Unincorporated Pitkin County,2016,6345,9799990
16400,99,0,PROWERS COUNTY,2016,11887,9900000
16401,99,31550,Granada,2016,443,9931550
16402,99,34520,Hartman,2016,56,9934520
16403,99,37215,Holly,2016,818,9937215
16404,99,43110,Lamar,2016,7617,9943110
16405,99,85045,Wiley,2016,423,9985045
16406,99,99990,Unincorporated Prowers County,2016,2531,9999990
16407,101,0,PUEBLO COUNTY,2016,164124,10100000
16408,101,7795,Boone,2016,324,10107795
16409,101,62000,Pueblo,2016,109514,10162000
16410,101,66895,Rye,2016,182,10166895
16411,101,99990,Unincorporated Pueblo County,2016,54104,10199990
16412,103,0,RIO BLANCO COUNTY,2016,6616,10300000
16413,103,49875,Meeker,2016,2367,10349875
16414,103,62880,Rangely,2016,2468,10362880
16415,103,99990,Unincorporated Rio Blanco County,2016,1782,10399990
16416,105,0,RIO GRANDE COUNTY,2016,11734,10500000
16417,105,12855,Center (Part),2016,78,10512855
16418,105,19795,Del Norte,2016,1513,10519795
16419,105,51635,Monte Vista,2016,4301,10551635
16420,105,72395,South Fork,2016,488,10572395
16421,105,99990,Unincorporated Rio Grande County,2016,5354,10599990
16422,107,0,ROUTT COUNTY,2016,23952,10700000
16423,107,35070,Hayden,2016,1848,10735070
16424,107,55155,Oak Creek,2016,846,10755155
16425,107,73825,Steamboat Springs,2016,12582,10773825
16426,107,86475,Yampa,2016,392,10786475
16427,107,99990,Unincorporated Routt County,2016,8284,10799990
16428,109,0,SAGUACHE COUNTY,2016,6188,10900000
16429,109,7571,Bonanza City,2016,20,10907571
16430,109,12855,Center (Part),2016,1978,10912855
16431,109,18420,Crestone,2016,139,10918420
16432,109,51250,Moffat,2016,116,10951250
16433,109,67005,Saguache,2016,556,10967005
16434,109,99990,Unincorporated Saguache County,2016,3378,10999990
16435,111,0,SAN JUAN COUNTY,2016,697,11100000
16436,111,70580,Silverton,2016,619,11170580
16437,111,99990,Unincorporated San Juan County,2016,78,11199990
16438,113,0,SAN MIGUEL COUNTY,2016,8001,11300000
16439,113,52550,Mountain Village,2016,1223,11352550
16440,113,54880,Norwood,2016,509,11354880
16441,113,55870,Ophir,2016,208,11355870
16442,113,68655,Sawpit,2016,33,11368655
16443,113,76795,Telluride,2016,2569,11376795
16444,113,99990,Unincorporated San Miguel County,2016,3459,11399990
16445,115,0,SEDGWICK COUNTY,2016,2392,11500000
16446,115,39965,Julesburg,2016,1280,11539965
16447,115,56475,Ovid,2016,288,11556475
16448,115,68930,Sedgwick,2016,171,11568930
16449,115,99990,Unincorporated Sedgwick County,2016,653,11599990
16450,117,0,SUMMIT COUNTY,2016,30817,11700000
16451,117,7410,Blue River,2016,892,11707410
16452,117,8400,Breckenridge,2016,5382,11708400
16453,117,20440,Dillon,2016,1025,11720440
16454,117,28690,Frisco,2016,2934,11728690
16455,117,40550,Keystone,2016,,11740555
16456,117,51690,Montezuma,2016,72,11751690
16457,117,70525,Silverthorne,2016,4013,11770525
16458,117,99990,Unincorporated Summit County,2016,16500,11799990
16459,119,0,TELLER COUNTY,2016,23607,11900000
16460,119,18530,Cripple Creek,2016,1111,11918530
16461,119,32650,Green Mountain Falls (Part),2016,23,11932650
16462,119,80865,Victor,2016,379,11980865
16463,119,86090,Woodland Park,2016,7466,11986090
16464,119,99990,Unincorporated Teller County,2016,14628,11999990
16465,121,0,WASHINGTON COUNTY,2016,4745,12100000
16466,121,925,Akron,2016,1755,12100925
16467,121,56365,Otis,2016,494,12156365
16468,121,99990,Unincorporated Washington County,2016,2496,12199990
16469,123,0,WELD COUNTY,2016,294513,12300000
16470,123,3950,Ault,2016,1663,12303950
16471,123,6255,Berthoud (Part),2016,203,12306255
16472,123,8675,Brighton (Part),2016,346,12308675
16473,123,19080,Dacono,2016,5302,12319080
16474,123,22860,Eaton,2016,5033,12322860
16475,123,24950,Erie (Part),2016,13490,12324950
16476,123,25280,Evans,2016,20525,12325280
16477,123,26600,Firestone,2016,12801,12326600
16478,123,27700,Fort Lupton,2016,7669,12327700
16479,123,28360,Frederick,2016,12065,12328360
16480,123,29185,Garden City,2016,254,12329185
16481,123,29955,Gilcrest,2016,1058,12329955
16482,123,32155,Greeley,2016,105359,12332155
16483,123,33310,Grover,2016,170,12333310
16484,123,37820,Hudson,2016,1436,12337820
16485,123,39855,Johnstown (Part),2016,12130,12339855
16486,123,40185,Keenesburg,2016,1211,12340185
16487,123,40515,Kersey,2016,1504,12340515
16488,123,43605,La Salle,2016,2145,12343605
16489,123,45530,Lochbuie (Part),2016,5763,12345530
16490,123,45970,Longmont (Part),2016,233,12345970
16491,123,49600,Mead,2016,4520,12349600
16492,123,50480,Milliken,2016,6660,12350480
16493,123,54330,Northglenn (Part),2016,21,12354330
16494,123,55045,Nunn,2016,483,12355045
16495,123,59005,Pierce,2016,1070,12359005
16496,123,60160,Platteville,2016,2902,12360160
16497,123,63045,Raymer,2016,115,12363045
16498,123,69150,Severance,2016,4178,12369150
16499,123,77290,Thornton (Part),2016,0,12377290
16500,123,77510,Timnath (Part),2016,8,12377510
16501,123,85485,Windsor (Part),2016,18319,12385485
16502,123,99990,Unincorporated Weld County,2016,45876,12399990
16503,125,0,YUMA COUNTY,2016,10056,12500000
16504,125,23025,Eckley,2016,228,12523025
16505,125,86310,Wray,2016,2343,12586310
16506,125,86750,Yuma,2016,3548,12586750
16507,125,99990,Unincorporated Yuma County,2016,3937,12599990
16508,999,3455,Arvada (Total),2016,119364,99903455
16509,999,4000,Aurora (Total),2016,366376,99904000
16510,999,4935,Basalt (Total),2016,3654,99904935
16511,999,6090,Bennett (Total),2016,2509,99906090
16512,999,6255,Berthoud (Total),2016,6803,99906255
16513,999,8070,Bow Mar (Total),2016,871,99908070
16514,999,8675,Brighton (Total),2016,38012,99908675
16515,999,12855,Center (Total),2016,2056,99912855
16516,999,12910,Central City (Total),2016,748,99912910
16517,999,24950,Erie (Total),2016,23829,99924950
16518,999,32650,Green Mountain Falls (Total),2016,782,99932650
16519,999,39855,Johnstown (Total),2016,15349,99939855
16520,999,45255,Littleton (Total),2016,45734,99945255
16521,999,45530,Lochbuie (Total),2016,5765,99945530
16522,999,45970,Longmont (Total),2016,92880,99945970
16523,999,54330,Northglenn (Total),2016,38926,99954330
16524,999,75640,Superior (Total),2016,12964,99975640
16525,999,77290,Thornton (Total),2016,134302,99977290
16526,999,77510,Timnath (Total),2016,3155,99977510
16527,999,83835,Westminster (Total),2016,115439,99983835
16528,999,85485,Windsor (Total),2016,24327,99985485
16529,0,0,COLORADO STATE,2017,5599588,0
16530,1,0,ADAMS COUNTY,2017,503706,100000
16531,1,3455,Arvada (Part),2017,2958,103455
16532,1,4000,Aurora (Part),2017,45486,104000
16533,1,6090,Bennett (Part),2017,2104,106090
16534,1,8675,Brighton (Part),2017,38848,108675
16535,1,16495,Commerce City,2017,56833,116495
16536,1,26270,Federal Heights,2017,14409,126270
16537,1,45530,Lochbuie (Part),2017,1,145530
16538,1,54330,Northglenn (Part),2017,38735,154330
16539,1,77290,Thornton (Part),2017,136532,177290
16540,1,83835,Westminster (Part),2017,71083,183835
16541,1,99990,Unincorporated Adams County,2017,96718,199990
16542,3,0,ALAMOSA COUNTY,2017,16053,300000
16543,3,1090,Alamosa,2017,9455,301090
16544,3,37380,Hooper,2017,88,337380
16545,3,99990,Unincorporated Alamosa County,2017,6510,399990
16546,5,0,ARAPAHOE COUNTY,2017,642976,500000
16547,5,4000,Aurora (Part),2017,323544,504000
16548,5,6090,Bennett (Part),2017,384,506090
16549,5,8070,Bow Mar (Part),2017,596,508070
16550,5,12815,Centennial,2017,108585,512815
16551,5,13845,Cherry Hills Village,2017,6516,513845
16552,5,16385,Columbine Valley,2017,1486,516385
16553,5,19630,Deer Trail,2017,838,519630
16554,5,24785,Englewood,2017,33920,524785
16555,5,28105,Foxfield,2017,748,528105
16556,5,30340,Glendale,2017,4896,530340
16557,5,33035,Greenwood Village,2017,15953,533035
16558,5,45255,Littleton (Part),2017,43499,545255
16559,5,69645,Sheridan,2017,6062,569645
16560,5,99990,Unincorporated Arapahoe County,2017,95950,599990
16561,7,0,ARCHULETA COUNTY,2017,12758,700000
16562,7,56860,Pagosa Springs,2017,1593,756860
16563,7,99990,Unincorporated Archuleta County,2017,11165,799990
16564,9,0,BACA COUNTY,2017,3523,900000
16565,9,11645,Campo,2017,107,911645
16566,9,61315,Pritchett,2017,118,961315
16567,9,73330,Springfield,2017,1319,973330
16568,9,79270,Two Buttes,2017,36,979270
16569,9,81030,Vilas,2017,88,981030
16570,9,82460,Walsh,2017,553,982460
16571,9,99990,Unincorporated Baca County,2017,1302,999990
16572,11,0,BENT COUNTY,2017,5968,1100000
16573,11,43660,Las Animas,2017,2289,1143660
16574,11,99990,Unincorporated Bent County,2017,3679,1199990
16575,13,0,BOULDER COUNTY,2017,325414,1300000
16576,13,7850,Boulder,2017,108484,1307850
16577,13,24950,Erie (Part),2017,10772,1324950
16578,13,39195,Jamestown,2017,285,1339195
16579,13,41835,Lafayette,2017,27697,1341835
16580,13,45970,Longmont (Part),2017,94188,1345970
16581,13,46355,Louisville,2017,21220,1346355
16582,13,47070,Lyons,2017,2158,1347070
16583,13,53175,Nederland,2017,1555,1353175
16584,13,75640,Superior (Part),2017,12934,1375640
16585,13,82735,Ward,2017,150,1382735
16586,13,99990,Unincorporated Boulder County,2017,45973,1399990
16587,14,0,BROOMFIELD COUNTY,2017,69655,1400000
16588,14,9280,Broomfield,2017,69655,1409280
16589,15,0,CHAFFEE COUNTY,2017,18967,1500000
16590,15,10105,Buena Vista,2017,2784,1510105
16591,15,60600,Poncha Springs,2017,770,1560600
16592,15,67280,Salida,2017,5575,1567280
16593,15,99990,Unincorporated Chaffee County,2017,9838,1599990
16594,17,0,CHEYENNE COUNTY,2017,1788,1700000
16595,17,14175,Cheyenne Wells,2017,790,1714175
16596,17,41010,Kit Carson,2017,269,1741010
16597,17,99990,Unincorporated Cheyenne County,2017,729,1799990
16598,19,0,CLEAR CREEK COUNTY,2017,9427,1900000
16599,19,12910,Central City (Part),2017,0,1912910
16600,19,24620,Empire,2017,332,1924620
16601,19,29735,Georgetown,2017,1109,1929735
16602,19,38370,Idaho Springs,2017,1758,1938370
16603,19,70360,Silver Plume,2017,201,1970360
16604,19,99990,Unincorporated Clear Creek County,2017,6027,1999990
16605,21,0,CONEJOS COUNTY,2017,7757,2100000
16606,21,2355,Antonito,2017,688,2102355
16607,21,42055,La Jara,2017,754,2142055
16608,21,48060,Manassa,2017,944,2148060
16609,21,65740,Romeo,2017,308,2165740
16610,21,67830,Sanford,2017,871,2167830
16611,21,99990,Unincorporated Conejos County,2017,4192,2199990
16612,23,0,COSTILLA COUNTY,2017,3516,2300000
16613,23,7190,Blanca,2017,339,2307190
16614,23,68105,San Luis,2017,603,2368105
16615,23,99990,Unincorporated Costilla County,2017,2574,2399990
16616,25,0,CROWLEY COUNTY,2017,5837,2500000
16617,25,18750,Crowley,2017,165,2518750
16618,25,55705,Olney Springs,2017,324,2555705
16619,25,56145,Ordway,2017,1055,2556145
16620,25,74815,Sugar City,2017,259,2574815
16621,25,99990,Unincorporated Crowley County,2017,4033,2599990
16622,27,0,CUSTER COUNTY,2017,4539,2700000
16623,27,70250,Silver Cliff,2017,586,2770250
16624,27,83450,Westcliffe,2017,450,2783450
16625,27,99990,Unincorporated Custer County,2017,3503,2799990
16626,29,0,DELTA COUNTY,2017,30703,2900000
16627,29,12635,Cedaredge,2017,2215,2912635
16628,29,17925,Crawford,2017,410,2917925
16629,29,19850,Delta,2017,8891,2919850
16630,29,37545,Hotchkiss,2017,875,2937545
16631,29,55980,Orchard City,2017,3078,2955980
16632,29,57300,Paonia,2017,1394,2957300
16633,29,99990,Unincorporated Delta County,2017,13839,2999990
16634,31,0,DENVER COUNTY,2017,693134,3100000
16635,31,20000,Denver,2017,693134,3120000
16636,33,0,DOLORES COUNTY,2017,2088,3300000
16637,33,21265,Dove Creek,2017,664,3321265
16638,33,64090,Rico,2017,305,3364090
16639,33,99990,Unincorporated Dolores County,2017,1120,3399990
16640,35,0,DOUGLAS COUNTY,2017,335933,3500000
16641,35,4000,Aurora (Part),2017,1241,3504000
16642,35,12387,Castle Pines,2017,10513,3512387
16643,35,12415,Castle Rock,2017,65684,3512415
16644,35,43550,Larkspur,2017,206,3543550
16645,35,45255,Littleton (Part),2017,707,3545255
16646,35,45955,Lone Tree,2017,13088,3545955
16647,35,57630,Parker,2017,54564,3557630
16648,35,99990,Unincorporated Douglas County,2017,189930,3599990
16649,37,0,EAGLE COUNTY,2017,53724,3700000
16650,37,4110,Avon,2017,5825,3704110
16651,37,4935,Basalt (Part),2017,2854,3704935
16652,37,22200,Eagle,2017,7033,3722200
16653,37,33695,Gypsum,2017,7589,3733695
16654,37,50920,Minturn,2017,1009,3750920
16655,37,63265,Red Cliff,2017,232,3763265
16656,37,80040,Vail,2017,4939,3780040
16657,37,99990,Unincorporated Eagle County,2017,24244,3799990
16658,39,0,ELBERT COUNTY,2017,24942,3900000
16659,39,23740,Elizabeth,2017,1387,3923740
16660,39,40790,Kiowa,2017,737,3940790
16661,39,70635,Simla,2017,647,3970635
16662,39,99990,Unincorporated Elbert County,2017,22171,3999990
16663,41,0,EL PASO COUNTY,2017,704797,4100000
16664,41,11260,Calhan,2017,785,4111260
16665,41,16000,Colorado Springs,2017,467285,4116000
16666,41,27865,Fountain,2017,28997,4127865
16667,41,32650,Green Mountain Falls (Part),2017,748,4132650
16668,41,48445,Manitou Springs,2017,4904,4148445
16669,41,51800,Monument,2017,8914,4151800
16670,41,57025,Palmer Lake,2017,2583,4157025
16671,41,62660,Ramah,2017,119,4162660
16672,41,99990,Unincorporated El Paso County,2017,190461,4199990
16673,43,0,FREMONT COUNTY,2017,47564,4300000
16674,43,9115,Brookside,2017,206,4309115
16675,43,11810,Canon City,2017,16935,4311810
16676,43,15330,Coal Creek,2017,347,4315330
16677,43,27040,Florence,2017,3733,4327040
16678,43,64970,Rockvale,2017,509,4364970
16679,43,85155,Williamsburg,2017,698,4385155
16680,43,99990,Unincorporated Fremont County,2017,25137,4399990
16681,45,0,GARFIELD COUNTY,2017,58871,4500000
16682,45,12030,Carbonate,2017,0,4512030
16683,45,12045,Carbondale,2017,6358,4512045
16684,45,30780,Glenwood Springs,2017,9735,4530780
16685,45,53395,New Castle,2017,4523,4553395
16686,45,57400,Parachute,2017,1283,4557400
16687,45,64255,Rifle,2017,10039,4564255
16688,45,70195,Silt,2017,3348,4570195
16689,45,99990,Unincorporated Garfield County,2017,23585,4599990
16690,47,0,GILPIN COUNTY,2017,5635,4700000
16691,47,7025,Black Hawk,2017,125,4707025
16692,47,12910,Central City (Part),2017,747,4712910
16693,47,99990,Unincorporated Gilpin County,2017,4762,4799990
16694,49,0,GRAND COUNTY,2017,15147,4900000
16695,49,28305,Fraser,2017,1435,4928305
16696,49,31605,Granby,2017,1951,4931605
16697,49,31715,Grand Lake,2017,409,4931715
16698,49,37600,Hot Sulphur Springs,2017,675,4937600
16699,49,41560,Kremmling,2017,1334,4941560
16700,49,85705,Winter Park,2017,1021,4985705
16701,49,99990,Unincorporated Grand County,2017,8321,4999990
16702,51,0,GUNNISON COUNTY,2017,16464,5100000
16703,51,18310,Crested Butte,2017,1585,5118310
16704,51,33640,Gunnison,2017,6272,5133640
16705,51,48555,Marble,2017,131,5148555
16706,51,52570,Mount Crested Butte/G,2017,966,5152570
16707,51,59830,Pitkin,2017,84,5159830
16708,51,99990,Unincorporated Gunnison County,2017,7426,5199990
16709,53,0,HINSDALE COUNTY,2017,805,5300000
16710,53,42330,Lake City,2017,422,5342330
16711,53,99990,Unincorporated Hinsdale County,2017,382,5399990
16712,55,0,HUERFANO COUNTY,2017,6737,5500000
16713,55,44100,La Veta,2017,882,5544100
16714,55,82350,Walsenburg,2017,3001,5582350
16715,55,99990,Unincorporated Huerfano County,2017,2854,5599990
16716,57,0,JACKSON COUNTY,2017,1379,5700000
16717,57,82130,Walden,2017,600,5782130
16718,57,99990,Unincorporated Jackson County,2017,779,5799990
16719,59,0,JEFFERSON COUNTY,2017,575923,5900000
16720,59,3455,Arvada (Part),2017,118187,5903455
16721,59,8070,Bow Mar (Part),2017,269,5908070
16722,59,23135,Edgewater,2017,5157,5923135
16723,59,30835,Golden,2017,21222,5930835
16724,59,42495,Lakeside,2017,14,5942495
16725,59,43000,Lakewood,2017,152624,5943000
16726,59,45255,Littleton (Part),2017,2348,5945255
16727,59,52075,Morrison,2017,424,5952075
16728,59,52350,Mountain View,2017,539,5952350
16729,59,75640,Superior (Part),2017,0,5975640
16730,59,83835,Westminster (Part),2017,44817,5983835
16731,59,84440,Wheat Ridge,2017,32282,5984440
16732,59,99990,Unincorporated Jefferson County,2017,198039,5999990
16733,61,0,KIOWA COUNTY,2017,1428,6100000
16734,61,22145,Eads,2017,682,6122145
16735,61,34740,Haswell,2017,69,6134740
16736,61,69700,Sheridan Lake,2017,66,6169700
16737,61,99990,Unincorporated Kiowa County,2017,611,6199990
16738,63,0,KIT CARSON COUNTY,2017,7400,6300000
16739,63,6530,Bethune,2017,195,6306530
16740,63,10600,Burlington,2017,3493,6310600
16741,63,26765,Flagler,2017,543,6326765
16742,63,69040,Seibert,2017,169,6369040
16743,63,74485,Stratton,2017,663,6374485
16744,63,81690,Vona,2017,99,6381690
16745,63,99990,Unincorporated Kit Carson County,2017,2237,6399990
16746,65,0,LAKE COUNTY,2017,7352,6500000
16747,65,44320,Leadville,2017,2672,6544320
16748,65,99990,Unincorporated Lake County,2017,4680,6599990
16749,67,0,LA PLATA COUNTY,2017,55034,6700000
16750,67,5265,Bayfield,2017,2713,6705265
16751,67,22035,Durango,2017,18262,6722035
16752,67,38535,Ignacio,2017,811,6738535
16753,67,99990,Unincorporated La Plata County,2017,33248,6799990
16754,69,0,LARIMER COUNTY,2017,344187,6900000
16755,69,6255,Berthoud (Part),2017,6986,6906255
16756,69,25115,Estes Park,2017,6490,6925115
16757,69,27425,Fort Collins,2017,163579,6927425
16758,69,39855,Johnstown (Part),2017,3604,6939855
16759,69,46465,Loveland,2017,74580,6946465
16760,69,77510,Timnath (Part),2017,3607,6977510
16761,69,83230,Wellington,2017,9649,6983230
16762,69,85485,Windsor (Part),2017,6097,6985485
16763,69,99990,Unincorporated Larimer County,2017,69595,6999990
16764,71,0,LAS ANIMAS COUNTY,2017,14817,7100000
16765,71,760,Aguilar,2017,477,7100760
16766,71,8345,Branson,2017,65,7108345
16767,71,15550,Cokedale,2017,131,7115550
16768,71,40570,Kim,2017,72,7140570
16769,71,73715,Starkville,2017,66,7173715
16770,71,78610,Trinidad,2017,8575,7178610
16771,71,99990,Unincorporated Las Animas County,2017,5431,7199990
16772,73,0,LINCOLN COUNTY,2017,5591,7300000
16773,73,3235,Arriba,2017,203,7303235
16774,73,29680,Genoa,2017,99,7329680
16775,73,37875,Hugo,2017,770,7337875
16776,73,44980,Limon,2017,2003,7344980
16777,73,99990,Unincorporated Lincoln County,2017,2515,7399990
16778,75,0,LOGAN COUNTY,2017,21691,7500000
16779,75,18640,Crook,2017,127,7518640
16780,75,26875,Fleming,2017,435,7526875
16781,75,38590,Iliff,2017,245,7538590
16782,75,50040,Merino,2017,290,7550040
16783,75,58235,Peetz,2017,226,7558235
16784,75,73935,Sterling,2017,13922,7573935
16785,75,99990,Unincorporated Logan County,2017,6447,7599990
16786,77,0,MESA COUNTY,2017,152148,7700000
16787,77,15605,Collbran,2017,602,7715605
16788,77,19355,De Beque,2017,487,7719355
16789,77,28745,Fruita,2017,13399,7728745
16790,77,31660,Grand Junction,2017,62795,7731660
16791,77,56970,Palisade,2017,2659,7756970
16792,77,99990,Unincorporated Mesa County,2017,72206,7799990
16793,79,0,MINERAL COUNTY,2017,788,7900000
16794,79,14765,City of Creede,2017,248,7914765
16795,79,99990,Unincorporated Mineral County,2017,540,7999990
16796,81,0,MOFFAT COUNTY,2017,13223,8100000
16797,81,17760,Craig,2017,9074,8117760
16798,81,20495,Dinosaur,2017,254,8120495
16799,81,99990,Unincorporated Moffat County,2017,3895,8199990
16800,83,0,MONTEZUMA COUNTY,2017,25556,8300000
16801,83,17375,Cortez,2017,8600,8317375
16802,83,20770,Dolores,2017,896,8320770
16803,83,48115,Mancos,2017,1268,8348115
16804,83,99990,Unincorporated Montezuma County,2017,14793,8399990
16805,85,0,MONTROSE COUNTY,2017,41768,8500000
16806,85,51745,Montrose,2017,20065,8551745
16807,85,53120,Naturita,2017,504,8553120
16808,85,54935,Nucla,2017,609,8554935
16809,85,55540,Olathe,2017,1794,8555540
16810,85,99990,Unincorporated Montrose County,2017,18795,8599990
16811,87,0,MORGAN COUNTY,2017,28425,8700000
16812,87,9555,Brush,2017,5295,8709555
16813,87,27810,Fort Morgan,2017,11573,8727810
16814,87,36610,Hillrose,2017,302,8736610
16815,87,45695,Log Lane Village,2017,909,8745695
16816,87,84770,Wiggins,2017,1046,8784770
16817,87,99990,Unincorporated Morgan County,2017,9301,8799990
16818,89,0,OTERO COUNTY,2017,18763,8900000
16819,89,13460,Cheraw,2017,240,8913460
16820,89,27975,Fowler,2017,1238,8927975
16821,89,42110,La Junta,2017,7321,8942110
16822,89,48500,Manzanola,2017,363,8948500
16823,89,65190,Rocky Ford,2017,3906,8965190
16824,89,75970,Swink,2017,613,8975970
16825,89,99990,Unincorporated Otero County,2017,5082,8999990
16826,91,0,OURAY COUNTY,2017,4730,9100000
16827,91,56420,Ouray,2017,937,9156420
16828,91,64200,Ridgway,2017,1067,9164200
16829,91,99990,Unincorporated Ouray County,2017,2727,9199990
16830,93,0,PARK COUNTY,2017,16866,9300000
16831,93,1530,Alma,2017,282,9301530
16832,93,25610,Fairplay,2017,713,9325610
16833,93,99990,Unincorporated Park County,2017,15871,9399990
16834,95,0,PHILLIPS COUNTY,2017,4514,9500000
16835,95,34960,Haxtun,2017,1002,9534960
16836,95,37270,Holyoke,2017,2323,9537270
16837,95,57245,Paoli,2017,45,9557245
16838,95,99990,Unincorporated Phillips County,2017,1144,9599990
16839,97,0,PITKIN COUNTY,2017,17658,9700000
16840,97,3620,Aspen,2017,7167,9703620
16841,97,4935,Basalt (Part),2017,1034,9704935
16842,97,71755,Snowmass Village,2017,3148,9771755
16843,97,99990,Unincorporated Pitkin County,2017,6309,9799990
16844,99,0,PROWERS COUNTY,2017,11930,9900000
16845,99,31550,Granada,2017,443,9931550
16846,99,34520,Hartman,2017,56,9934520
16847,99,37215,Holly,2017,827,9937215
16848,99,43110,Lamar,2017,7635,9943110
16849,99,85045,Wiley,2017,429,9985045
16850,99,99990,Unincorporated Prowers County,2017,2540,9999990
16851,101,0,PUEBLO COUNTY,2017,165549,10100000
16852,101,7795,Boone,2017,324,10107795
16853,101,62000,Pueblo,2017,110361,10162000
16854,101,66895,Rye,2017,191,10166895
16855,101,99990,Unincorporated Pueblo County,2017,54673,10199990
16856,103,0,RIO BLANCO COUNTY,2017,6568,10300000
16857,103,49875,Meeker,2017,2370,10349875
16858,103,62880,Rangely,2017,2402,10362880
16859,103,99990,Unincorporated Rio Blanco County,2017,1796,10399990
16860,105,0,RIO GRANDE COUNTY,2017,11688,10500000
16861,105,12855,Center (Part),2017,70,10512855
16862,105,19795,Del Norte,2017,1495,10519795
16863,105,51635,Monte Vista,2017,4283,10551635
16864,105,72395,South Fork,2017,497,10572395
16865,105,99990,Unincorporated Rio Grande County,2017,5343,10599990
16866,107,0,ROUTT COUNTY,2017,24162,10700000
16867,107,35070,Hayden,2017,1856,10735070
16868,107,55155,Oak Creek,2017,855,10755155
16869,107,73825,Steamboat Springs,2017,12720,10773825
16870,107,86475,Yampa,2017,394,10786475
16871,107,99990,Unincorporated Routt County,2017,8337,10799990
16872,109,0,SAGUACHE COUNTY,2017,6214,10900000
16873,109,7571,Bonanza City,2017,19,10907571
16874,109,12855,Center (Part),2017,1958,10912855
16875,109,18420,Crestone,2017,136,10918420
16876,109,51250,Moffat,2017,115,10951250
16877,109,67005,Saguache,2017,557,10967005
16878,109,99990,Unincorporated Saguache County,2017,3428,10999990
16879,111,0,SAN JUAN COUNTY,2017,700,11100000
16880,111,70580,Silverton,2017,620,11170580
16881,111,99990,Unincorporated San Juan County,2017,80,11199990
16882,113,0,SAN MIGUEL COUNTY,2017,8014,11300000
16883,113,52550,Mountain Village,2017,1233,11352550
16884,113,54880,Norwood,2017,515,11354880
16885,113,55870,Ophir,2017,208,11355870
16886,113,68655,Sawpit,2017,34,11368655
16887,113,76795,Telluride,2017,2575,11376795
16888,113,99990,Unincorporated San Miguel County,2017,3450,11399990
16889,115,0,SEDGWICK COUNTY,2017,2396,11500000
16890,115,39965,Julesburg,2017,1284,11539965
16891,115,56475,Ovid,2017,285,11556475
16892,115,68930,Sedgwick,2017,172,11568930
16893,115,99990,Unincorporated Sedgwick County,2017,655,11599990
16894,117,0,SUMMIT COUNTY,2017,31133,11700000
16895,117,7410,Blue River,2017,896,11707410
16896,117,8400,Breckenridge,2017,5422,11708400
16897,117,20440,Dillon,2017,1037,11720440
16898,117,28690,Frisco,2017,2967,11728690
16899,117,40550,Keystone,2017,,11740555
16900,117,51690,Montezuma,2017,73,11751690
16901,117,70525,Silverthorne,2017,4093,11770525
16902,117,99990,Unincorporated Summit County,2017,16645,11799990
16903,119,0,TELLER COUNTY,2017,24153,11900000
16904,119,18530,Cripple Creek,2017,1122,11918530
16905,119,32650,Green Mountain Falls (Part),2017,25,11932650
16906,119,80865,Victor,2017,386,11980865
16907,119,86090,Woodland Park,2017,7664,11986090
16908,119,99990,Unincorporated Teller County,2017,14956,11999990
16909,121,0,WASHINGTON COUNTY,2017,4845,12100000
16910,121,925,Akron,2017,1836,12100925
16911,121,56365,Otis,2017,499,12156365
16912,121,99990,Unincorporated Washington County,2017,2510,12199990
16913,123,0,WELD COUNTY,2017,304595,12300000
16914,123,3950,Ault,2017,1724,12303950
16915,123,6255,Berthoud (Part),2017,213,12306255
16916,123,8675,Brighton (Part),2017,367,12308675
16917,123,19080,Dacono,2017,5623,12319080
16918,123,22860,Eaton,2017,5198,12322860
16919,123,24950,Erie (Part),2017,14578,12324950
16920,123,25280,Evans,2017,20881,12325280
16921,123,26600,Firestone,2017,13686,12326600
16922,123,27700,Fort Lupton,2017,7902,12327700
16923,123,28360,Frederick,2017,12702,12328360
16924,123,29185,Garden City,2017,255,12329185
16925,123,29955,Gilcrest,2017,1060,12329955
16926,123,32155,Greeley,2017,107365,12332155
16927,123,33310,Grover,2017,171,12333310
16928,123,37820,Hudson,2017,1472,12337820
16929,123,39855,Johnstown (Part),2017,12281,12339855
16930,123,40185,Keenesburg,2017,1229,12340185
16931,123,40515,Kersey,2017,1513,12340515
16932,123,43605,La Salle,2017,2354,12343605
16933,123,45530,Lochbuie (Part),2017,6315,12345530
16934,123,45970,Longmont (Part),2017,273,12345970
16935,123,49600,Mead,2017,4587,12349600
16936,123,50480,Milliken,2017,7073,12350480
16937,123,54330,Northglenn (Part),2017,23,12354330
16938,123,55045,Nunn,2017,491,12355045
16939,123,59005,Pierce,2017,1120,12359005
16940,123,60160,Platteville,2017,2972,12360160
16941,123,63045,Raymer,2017,115,12363045
16942,123,69150,Severance,2017,4440,12369150
16943,123,77290,Thornton (Part),2017,0,12377290
16944,123,77510,Timnath (Part),2017,8,12377510
16945,123,85485,Windsor (Part),2017,20163,12385485
16946,123,99990,Unincorporated Weld County,2017,46446,12399990
16947,125,0,YUMA COUNTY,2017,9973,12500000
16948,125,23025,Eckley,2017,228,12523025
16949,125,86310,Wray,2017,2303,12586310
16950,125,86750,Yuma,2017,3508,12586750
16951,125,99990,Unincorporated Yuma County,2017,3934,12599990
16952,999,3455,Arvada (Total),2017,121145,99903455
16953,999,4000,Aurora (Total),2017,370271,99904000
16954,999,4935,Basalt (Total),2017,3888,99904935
16955,999,6090,Bennett (Total),2017,2488,99906090
16956,999,6255,Berthoud (Total),2017,7199,99906255
16957,999,8070,Bow Mar (Total),2017,865,99908070
16958,999,8675,Brighton (Total),2017,39215,99908675
16959,999,12855,Center (Total),2017,2028,99912855
16960,999,12910,Central City (Total),2017,747,99912910
16961,999,24950,Erie (Total),2017,25349,99924950
16962,999,32650,Green Mountain Falls (Total),2017,772,99932650
16963,999,39855,Johnstown (Total),2017,15885,99939855
16964,999,45255,Littleton (Total),2017,46554,99945255
16965,999,45530,Lochbuie (Total),2017,6316,99945530
16966,999,45970,Longmont (Total),2017,94461,99945970
16967,999,54330,Northglenn (Total),2017,38757,99954330
16968,999,75640,Superior (Total),2017,12934,99975640
16969,999,77290,Thornton (Total),2017,136532,99977290
16970,999,77510,Timnath (Total),2017,3615,99977510
16971,999,83835,Westminster (Total),2017,115900,99983835
16972,999,85485,Windsor (Total),2017,26260,99985485
16973,0,0,COLORADO STATE,2018,5676912,0
16974,1,0,ADAMS COUNTY,2018,511422,100000
16975,1,3455,Arvada (Part),2018,2947,103455
16976,1,4000,Aurora (Part),2018,46281,104000
16977,1,6090,Bennett (Part),2018,2140,106090
16978,1,8675,Brighton (Part),2018,39658,108675
16979,1,16495,Commerce City,2018,59218,116495
16980,1,26270,Federal Heights,2018,14585,126270
16981,1,45530,Lochbuie (Part),2018,1,145530
16982,1,54330,Northglenn (Part),2018,38629,154330
16983,1,77290,Thornton (Part),2018,138819,177290
16984,1,83835,Westminster (Part),2018,71348,183835
16985,1,99990,Unincorporated Adams County,2018,97795,199990
16986,3,0,ALAMOSA COUNTY,2018,16184,300000
16987,3,1090,Alamosa,2018,9583,301090
16988,3,37380,Hooper,2018,85,337380
16989,3,99990,Unincorporated Alamosa County,2018,6516,399990
16990,5,0,ARAPAHOE COUNTY,2018,650167,500000
16991,5,4000,Aurora (Part),2018,329286,504000
16992,5,6090,Bennett (Part),2018,386,506090
16993,5,8070,Bow Mar (Part),2018,594,508070
16994,5,12815,Centennial,2018,108908,512815
16995,5,13845,Cherry Hills Village,2018,6536,513845
16996,5,16385,Columbine Valley,2018,1488,516385
16997,5,19630,Deer Trail,2018,889,519630
16998,5,24785,Englewood,2018,33881,524785
16999,5,28105,Foxfield,2018,746,528105
17000,5,30340,Glendale,2018,4857,530340
17001,5,33035,Greenwood Village,2018,15951,533035
17002,5,45255,Littleton (Part),2018,43510,545255
17003,5,69645,Sheridan,2018,6154,569645
17004,5,99990,Unincorporated Arapahoe County,2018,96981,599990
17005,7,0,ARCHULETA COUNTY,2018,13034,700000
17006,7,56860,Pagosa Springs,2018,1588,756860
17007,7,99990,Unincorporated Archuleta County,2018,11446,799990
17008,9,0,BACA COUNTY,2018,3550,900000
17009,9,11645,Campo,2018,108,911645
17010,9,61315,Pritchett,2018,118,961315
17011,9,73330,Springfield,2018,1325,973330
17012,9,79270,Two Buttes,2018,36,979270
17013,9,81030,Vilas,2018,91,981030
17014,9,82460,Walsh,2018,558,982460
17015,9,99990,Unincorporated Baca County,2018,1315,999990
17016,11,0,BENT COUNTY,2018,5984,1100000
17017,11,43660,Las Animas,2018,2291,1143660
17018,11,99990,Unincorporated Bent County,2018,3693,1199990
17019,13,0,BOULDER COUNTY,2018,328055,1300000
17020,13,7850,Boulder,2018,108380,1307850
17021,13,24950,Erie (Part),2018,11525,1324950
17022,13,39195,Jamestown,2018,278,1339195
17023,13,41835,Lafayette,2018,28192,1341835
17024,13,45970,Longmont (Part),2018,95799,1345970
17025,13,46355,Louisville,2018,21252,1346355
17026,13,47070,Lyons,2018,2193,1347070
17027,13,53175,Nederland,2018,1553,1353175
17028,13,75640,Superior (Part),2018,13071,1375640
17029,13,82735,Ward,2018,153,1382735
17030,13,99990,Unincorporated Boulder County,2018,45660,1399990
17031,14,0,BROOMFIELD COUNTY,2018,71322,1400000
17032,14,9280,Broomfield,2018,71322,1409280
17033,15,0,CHAFFEE COUNTY,2018,19250,1500000
17034,15,10105,Buena Vista,2018,2806,1510105
17035,15,60600,Poncha Springs,2018,835,1560600
17036,15,67280,Salida,2018,5695,1567280
17037,15,99990,Unincorporated Chaffee County,2018,9914,1599990
17038,17,0,CHEYENNE COUNTY,2018,1783,1700000
17039,17,14175,Cheyenne Wells,2018,779,1714175
17040,17,41010,Kit Carson,2018,271,1741010
17041,17,99990,Unincorporated Cheyenne County,2018,733,1799990
17042,19,0,CLEAR CREEK COUNTY,2018,9385,1900000
17043,19,12910,Central City (Part),2018,0,1912910
17044,19,24620,Empire,2018,335,1924620
17045,19,29735,Georgetown,2018,1129,1929735
17046,19,38370,Idaho Springs,2018,1753,1938370
17047,19,70360,Silver Plume,2018,200,1970360
17048,19,99990,Unincorporated Clear Creek County,2018,5969,1999990
17049,21,0,CONEJOS COUNTY,2018,7660,2100000
17050,21,2355,Antonito,2018,674,2102355
17051,21,42055,La Jara,2018,751,2142055
17052,21,48060,Manassa,2018,944,2148060
17053,21,65740,Romeo,2018,306,2165740
17054,21,67830,Sanford,2018,873,2167830
17055,21,99990,Unincorporated Conejos County,2018,4112,2199990
17056,23,0,COSTILLA COUNTY,2018,3515,2300000
17057,23,7190,Blanca,2018,336,2307190
17058,23,68105,San Luis,2018,603,2368105
17059,23,99990,Unincorporated Costilla County,2018,2576,2399990
17060,25,0,CROWLEY COUNTY,2018,5837,2500000
17061,25,18750,Crowley,2018,164,2518750
17062,25,55705,Olney Springs,2018,320,2555705
17063,25,56145,Ordway,2018,1050,2556145
17064,25,74815,Sugar City,2018,257,2574815
17065,25,99990,Unincorporated Crowley County,2018,4046,2599990
17066,27,0,CUSTER COUNTY,2018,4591,2700000
17067,27,70250,Silver Cliff,2018,600,2770250
17068,27,83450,Westcliffe,2018,443,2783450
17069,27,99990,Unincorporated Custer County,2018,3548,2799990
17070,29,0,DELTA COUNTY,2018,31033,2900000
17071,29,12635,Cedaredge,2018,2241,2912635
17072,29,17925,Crawford,2018,414,2917925
17073,29,19850,Delta,2018,8928,2919850
17074,29,37545,Hotchkiss,2018,874,2937545
17075,29,55980,Orchard City,2018,3122,2955980
17076,29,57300,Paonia,2018,1426,2957300
17077,29,99990,Unincorporated Delta County,2018,14027,2999990
17078,31,0,DENVER COUNTY,2018,702679,3100000
17079,31,20000,Denver,2018,702679,3120000
17080,33,0,DOLORES COUNTY,2018,2091,3300000
17081,33,21265,Dove Creek,2018,652,3321265
17082,33,64090,Rico,2018,294,3364090
17083,33,99990,Unincorporated Dolores County,2018,1145,3399990
17084,35,0,DOUGLAS COUNTY,2018,343267,3500000
17085,35,4000,Aurora (Part),2018,1665,3504000
17086,35,12387,Castle Pines,2018,10401,3512387
17087,35,12415,Castle Rock,2018,67767,3512415
17088,35,43550,Larkspur,2018,201,3543550
17089,35,45255,Littleton (Part),2018,651,3545255
17090,35,45955,Lone Tree,2018,13028,3545955
17091,35,57630,Parker,2018,55675,3557630
17092,35,99990,Unincorporated Douglas County,2018,193879,3599990
17093,37,0,EAGLE COUNTY,2018,54205,3700000
17094,37,4110,Avon,2018,5769,3704110
17095,37,4935,Basalt (Part),2018,2878,3704935
17096,37,22200,Eagle,2018,7242,3722200
17097,37,33695,Gypsum,2018,7623,3733695
17098,37,50920,Minturn,2018,1019,3750920
17099,37,63265,Red Cliff,2018,241,3763265
17100,37,80040,Vail,2018,4900,3780040
17101,37,99990,Unincorporated Eagle County,2018,24532,3799990
17102,39,0,ELBERT COUNTY,2018,25366,3900000
17103,39,23740,Elizabeth,2018,1386,3923740
17104,39,40790,Kiowa,2018,734,3940790
17105,39,70635,Simla,2018,647,3970635
17106,39,99990,Unincorporated Elbert County,2018,22599,3999990
17107,41,0,EL PASO COUNTY,2018,717812,4100000
17108,41,11260,Calhan,2018,785,4111260
17109,41,16000,Colorado Springs,2018,474691,4116000
17110,41,27865,Fountain,2018,29480,4127865
17111,41,32650,Green Mountain Falls (Part),2018,759,4132650
17112,41,48445,Manitou Springs,2018,4877,4148445
17113,41,51800,Monument,2018,9770,4151800
17114,41,57025,Palmer Lake,2018,2619,4157025
17115,41,62660,Ramah,2018,118,4162660
17116,41,99990,Unincorporated El Paso County,2018,194713,4199990
17117,43,0,FREMONT COUNTY,2018,47990,4300000
17118,43,9115,Brookside,2018,206,4309115
17119,43,11810,Canon City,2018,17115,4311810
17120,43,15330,Coal Creek,2018,352,4315330
17121,43,27040,Florence,2018,3746,4327040
17122,43,64970,Rockvale,2018,508,4364970
17123,43,85155,Williamsburg,2018,707,4385155
17124,43,99990,Unincorporated Fremont County,2018,25356,4399990
17125,45,0,GARFIELD COUNTY,2018,59769,4500000
17126,45,12030,Carbonate,2018,0,4512030
17127,45,12045,Carbondale,2018,6385,4512045
17128,45,30780,Glenwood Springs,2018,9744,4530780
17129,45,53395,New Castle,2018,4710,4553395
17130,45,57400,Parachute,2018,1316,4557400
17131,45,64255,Rifle,2018,10158,4564255
17132,45,70195,Silt,2018,3415,4570195
17133,45,99990,Unincorporated Garfield County,2018,24041,4599990
17134,47,0,GILPIN COUNTY,2018,5707,4700000
17135,47,7025,Black Hawk,2018,126,4707025
17136,47,12910,Central City (Part),2018,777,4712910
17137,47,99990,Unincorporated Gilpin County,2018,4804,4799990
17138,49,0,GRAND COUNTY,2018,15268,4900000
17139,49,28305,Fraser,2018,1433,4928305
17140,49,31605,Granby,2018,1960,4931605
17141,49,31715,Grand Lake,2018,412,4931715
17142,49,37600,Hot Sulphur Springs,2018,683,4937600
17143,49,41560,Kremmling,2018,1342,4941560
17144,49,85705,Winter Park,2018,1025,4985705
17145,49,99990,Unincorporated Grand County,2018,8413,4999990
17146,51,0,GUNNISON COUNTY,2018,16681,5100000
17147,51,18310,Crested Butte,2018,1603,5118310
17148,51,33640,Gunnison,2018,6370,5133640
17149,51,48555,Marble,2018,132,5148555
17150,51,52570,Mount Crested Butte/G,2018,973,5152570
17151,51,59830,Pitkin,2018,83,5159830
17152,51,99990,Unincorporated Gunnison County,2018,7519,5199990
17153,53,0,HINSDALE COUNTY,2018,801,5300000
17154,53,42330,Lake City,2018,427,5342330
17155,53,99990,Unincorporated Hinsdale County,2018,374,5399990
17156,55,0,HUERFANO COUNTY,2018,6758,5500000
17157,55,44100,La Veta,2018,895,5544100
17158,55,82350,Walsenburg,2018,3008,5582350
17159,55,99990,Unincorporated Huerfano County,2018,2855,5599990
17160,57,0,JACKSON COUNTY,2018,1379,5700000
17161,57,82130,Walden,2018,597,5782130
17162,57,99990,Unincorporated Jackson County,2018,782,5799990
17163,59,0,JEFFERSON COUNTY,2018,579821,5900000
17164,59,3455,Arvada (Part),2018,120026,5903455
17165,59,8070,Bow Mar (Part),2018,269,5908070
17166,59,23135,Edgewater,2018,5136,5923135
17167,59,30835,Golden,2018,20973,5930835
17168,59,42495,Lakeside,2018,15,5942495
17169,59,43000,Lakewood,2018,154058,5943000
17170,59,45255,Littleton (Part),2018,2338,5945255
17171,59,52075,Morrison,2018,426,5952075
17172,59,52350,Mountain View,2018,540,5952350
17173,59,75640,Superior (Part),2018,0,5975640
17174,59,83835,Westminster (Part),2018,45035,5983835
17175,59,84440,Wheat Ridge,2018,32390,5984440
17176,59,99990,Unincorporated Jefferson County,2018,198616,5999990
17177,61,0,KIOWA COUNTY,2018,1442,6100000
17178,61,22145,Eads,2018,688,6122145
17179,61,34740,Haswell,2018,70,6134740
17180,61,69700,Sheridan Lake,2018,63,6169700
17181,61,99990,Unincorporated Kiowa County,2018,620,6199990
17182,63,0,KIT CARSON COUNTY,2018,7285,6300000
17183,63,6530,Bethune,2018,192,6306530
17184,63,10600,Burlington,2018,3389,6310600
17185,63,26765,Flagler,2018,545,6326765
17186,63,69040,Seibert,2018,170,6369040
17187,63,74485,Stratton,2018,658,6374485
17188,63,81690,Vona,2018,98,6381690
17189,63,99990,Unincorporated Kit Carson County,2018,2234,6399990
17190,65,0,LAKE COUNTY,2018,7332,6500000
17191,65,44320,Leadville,2018,2667,6544320
17192,65,99990,Unincorporated Lake County,2018,4665,6599990
17193,67,0,LA PLATA COUNTY,2018,55731,6700000
17194,67,5265,Bayfield,2018,2761,6705265
17195,67,22035,Durango,2018,18860,6722035
17196,67,38535,Ignacio,2018,825,6738535
17197,67,99990,Unincorporated La Plata County,2018,33286,6799990
17198,69,0,LARIMER COUNTY,2018,350661,6900000
17199,69,6255,Berthoud (Part),2018,8101,6906255
17200,69,25115,Estes Park,2018,6412,6925115
17201,69,27425,Fort Collins,2018,166382,6927425
17202,69,39855,Johnstown (Part),2018,4036,6939855
17203,69,46465,Loveland,2018,75322,6946465
17204,69,77510,Timnath (Part),2018,4433,6977510
17205,69,83230,Wellington,2018,10203,6983230
17206,69,85485,Windsor (Part),2018,6259,6985485
17207,69,99990,Unincorporated Larimer County,2018,69515,6999990
17208,71,0,LAS ANIMAS COUNTY,2018,14729,7100000
17209,71,760,Aguilar,2018,471,7100760
17210,71,8345,Branson,2018,63,7108345
17211,71,15550,Cokedale,2018,129,7115550
17212,71,40570,Kim,2018,69,7140570
17213,71,73715,Starkville,2018,65,7173715
17214,71,78610,Trinidad,2018,8528,7178610
17215,71,99990,Unincorporated Las Animas County,2018,5404,7199990
17216,73,0,LINCOLN COUNTY,2018,5621,7300000
17217,73,3235,Arriba,2018,202,7303235
17218,73,29680,Genoa,2018,153,7329680
17219,73,37875,Hugo,2018,773,7337875
17220,73,44980,Limon,2018,1997,7344980
17221,73,99990,Unincorporated Lincoln County,2018,2496,7399990
17222,75,0,LOGAN COUNTY,2018,21611,7500000
17223,75,18640,Crook,2018,129,7518640
17224,75,26875,Fleming,2018,433,7526875
17225,75,38590,Iliff,2018,250,7538590
17226,75,50040,Merino,2018,287,7550040
17227,75,58235,Peetz,2018,222,7558235
17228,75,73935,Sterling,2018,13837,7573935
17229,75,99990,Unincorporated Logan County,2018,6451,7599990
17230,77,0,MESA COUNTY,2018,154047,7700000
17231,77,15605,Collbran,2018,590,7715605
17232,77,19355,De Beque,2018,497,7719355
17233,77,28745,Fruita,2018,13527,7728745
17234,77,31660,Grand Junction,2018,64041,7731660
17235,77,56970,Palisade,2018,2649,7756970
17236,77,99990,Unincorporated Mesa County,2018,72743,7799990
17237,79,0,MINERAL COUNTY,2018,811,7900000
17238,79,14765,City of Creede,2018,251,7914765
17239,79,99990,Unincorporated Mineral County,2018,560,7999990
17240,81,0,MOFFAT COUNTY,2018,13291,8100000
17241,81,17760,Craig,2018,9089,8117760
17242,81,20495,Dinosaur,2018,254,8120495
17243,81,99990,Unincorporated Moffat County,2018,3948,8199990
17244,83,0,MONTEZUMA COUNTY,2018,25612,8300000
17245,83,17375,Cortez,2018,8633,8317375
17246,83,20770,Dolores,2018,893,8320770
17247,83,48115,Mancos,2018,1275,8348115
17248,83,99990,Unincorporated Montezuma County,2018,14811,8399990
17249,85,0,MONTROSE COUNTY,2018,42084,8500000
17250,85,51745,Montrose,2018,20145,8551745
17251,85,53120,Naturita,2018,494,8553120
17252,85,54935,Nucla,2018,601,8554935
17253,85,55540,Olathe,2018,1799,8555540
17254,85,99990,Unincorporated Montrose County,2018,19045,8599990
17255,87,0,MORGAN COUNTY,2018,28933,8700000
17256,87,9555,Brush,2018,5354,8709555
17257,87,27810,Fort Morgan,2018,11708,8727810
17258,87,36610,Hillrose,2018,310,8736610
17259,87,45695,Log Lane Village,2018,921,8745695
17260,87,84770,Wiggins,2018,1148,8784770
17261,87,99990,Unincorporated Morgan County,2018,9491,8799990
17262,89,0,OTERO COUNTY,2018,18756,8900000
17263,89,13460,Cheraw,2018,235,8913460
17264,89,27975,Fowler,2018,1239,8927975
17265,89,42110,La Junta,2018,7337,8942110
17266,89,48500,Manzanola,2018,357,8948500
17267,89,65190,Rocky Ford,2018,3890,8965190
17268,89,75970,Swink,2018,611,8975970
17269,89,99990,Unincorporated Otero County,2018,5088,8999990
17270,91,0,OURAY COUNTY,2018,4736,9100000
17271,91,56420,Ouray,2018,902,9156420
17272,91,64200,Ridgway,2018,1128,9164200
17273,91,99990,Unincorporated Ouray County,2018,2706,9199990
17274,93,0,PARK COUNTY,2018,17366,9300000
17275,93,1530,Alma,2018,290,9301530
17276,93,25610,Fairplay,2018,728,9325610
17277,93,99990,Unincorporated Park County,2018,16348,9399990
17278,95,0,PHILLIPS COUNTY,2018,4515,9500000
17279,95,34960,Haxtun,2018,988,9534960
17280,95,37270,Holyoke,2018,2336,9537270
17281,95,57245,Paoli,2018,48,9557245
17282,95,99990,Unincorporated Phillips County,2018,1143,9599990
17283,97,0,PITKIN COUNTY,2018,17643,9700000
17284,97,3620,Aspen,2018,7158,9703620
17285,97,4935,Basalt (Part),2018,1042,9704935
17286,97,71755,Snowmass Village,2018,3153,9771755
17287,97,99990,Unincorporated Pitkin County,2018,6290,9799990
17288,99,0,PROWERS COUNTY,2018,11971,9900000
17289,99,31550,Granada,2018,449,9931550
17290,99,34520,Hartman,2018,57,9934520
17291,99,37215,Holly,2018,839,9937215
17292,99,43110,Lamar,2018,7645,9943110
17293,99,85045,Wiley,2018,431,9985045
17294,99,99990,Unincorporated Prowers County,2018,2550,9999990
17295,101,0,PUEBLO COUNTY,2018,166686,10100000
17296,101,7795,Boone,2018,323,10107795
17297,101,62000,Pueblo,2018,110994,10162000
17298,101,66895,Rye,2018,198,10166895
17299,101,99990,Unincorporated Pueblo County,2018,55171,10199990
17300,103,0,RIO BLANCO COUNTY,2018,6588,10300000
17301,103,49875,Meeker,2018,2374,10349875
17302,103,62880,Rangely,2018,2397,10362880
17303,103,99990,Unincorporated Rio Blanco County,2018,1816,10399990
17304,105,0,RIO GRANDE COUNTY,2018,11644,10500000
17305,105,12855,Center (Part),2018,61,10512855
17306,105,19795,Del Norte,2018,1475,10519795
17307,105,51635,Monte Vista,2018,4270,10551635
17308,105,72395,South Fork,2018,499,10572395
17309,105,99990,Unincorporated Rio Grande County,2018,5339,10599990
17310,107,0,ROUTT COUNTY,2018,24314,10700000
17311,107,35070,Hayden,2018,1865,10735070
17312,107,55155,Oak Creek,2018,863,10755155
17313,107,73825,Steamboat Springs,2018,12831,10773825
17314,107,86475,Yampa,2018,393,10786475
17315,107,99990,Unincorporated Routt County,2018,8362,10799990
17316,109,0,SAGUACHE COUNTY,2018,6276,10900000
17317,109,7571,Bonanza City,2018,18,10907571
17318,109,12855,Center (Part),2018,1934,10912855
17319,109,18420,Crestone,2018,138,10918420
17320,109,51250,Moffat,2018,113,10951250
17321,109,67005,Saguache,2018,556,10967005
17322,109,99990,Unincorporated Saguache County,2018,3517,10999990
17323,111,0,SAN JUAN COUNTY,2018,703,11100000
17324,111,70580,Silverton,2018,622,11170580
17325,111,99990,Unincorporated San Juan County,2018,81,11199990
17326,113,0,SAN MIGUEL COUNTY,2018,8154,11300000
17327,113,52550,Mountain Village,2018,1239,11352550
17328,113,54880,Norwood,2018,521,11354880
17329,113,55870,Ophir,2018,207,11355870
17330,113,68655,Sawpit,2018,37,11368655
17331,113,76795,Telluride,2018,2589,11376795
17332,113,99990,Unincorporated San Miguel County,2018,3561,11399990
17333,115,0,SEDGWICK COUNTY,2018,2401,11500000
17334,115,39965,Julesburg,2018,1293,11539965
17335,115,56475,Ovid,2018,280,11556475
17336,115,68930,Sedgwick,2018,172,11568930
17337,115,99990,Unincorporated Sedgwick County,2018,656,11599990
17338,117,0,SUMMIT COUNTY,2018,31095,11700000
17339,117,7410,Blue River,2018,891,11707410
17340,117,8400,Breckenridge,2018,5437,11708400
17341,117,20440,Dillon,2018,1034,11720440
17342,117,28690,Frisco,2018,2922,11728690
17343,117,40550,Keystone,2018,,11740555
17344,117,51690,Montezuma,2018,74,11751690
17345,117,70525,Silverthorne,2018,4152,11770525
17346,117,99990,Unincorporated Summit County,2018,16585,11799990
17347,119,0,TELLER COUNTY,2018,24523,11900000
17348,119,18530,Cripple Creek,2018,1123,11918530
17349,119,32650,Green Mountain Falls (Part),2018,26,11932650
17350,119,80865,Victor,2018,389,11980865
17351,119,86090,Woodland Park,2018,7758,11986090
17352,119,99990,Unincorporated Teller County,2018,15227,11999990
17353,121,0,WASHINGTON COUNTY,2018,4812,12100000
17354,121,925,Akron,2018,1788,12100925
17355,121,56365,Otis,2018,503,12156365
17356,121,99990,Unincorporated Washington County,2018,2521,12199990
17357,123,0,WELD COUNTY,2018,313219,12300000
17358,123,3950,Ault,2018,1777,12303950
17359,123,6255,Berthoud (Part),2018,251,12306255
17360,123,8675,Brighton (Part),2018,375,12308675
17361,123,19080,Dacono,2018,5877,12319080
17362,123,22860,Eaton,2018,5458,12322860
17363,123,24950,Erie (Part),2018,15379,12324950
17364,123,25280,Evans,2018,21481,12325280
17365,123,26600,Firestone,2018,14317,12326600
17366,123,27700,Fort Lupton,2018,7907,12327700
17367,123,28360,Frederick,2018,13391,12328360
17368,123,29185,Garden City,2018,253,12329185
17369,123,29955,Gilcrest,2018,1054,12329955
17370,123,32155,Greeley,2018,107726,12332155
17371,123,33310,Grover,2018,166,12333310
17372,123,37820,Hudson,2018,1625,12337820
17373,123,39855,Johnstown (Part),2018,12400,12339855
17374,123,40185,Keenesburg,2018,1236,12340185
17375,123,40515,Kersey,2018,1509,12340515
17376,123,43605,La Salle,2018,2355,12343605
17377,123,45530,Lochbuie (Part),2018,6851,12345530
17378,123,45970,Longmont (Part),2018,599,12345970
17379,123,49600,Mead,2018,4709,12349600
17380,123,50480,Milliken,2018,7668,12350480
17381,123,54330,Northglenn (Part),2018,24,12354330
17382,123,55045,Nunn,2018,494,12355045
17383,123,59005,Pierce,2018,1123,12359005
17384,123,60160,Platteville,2018,2974,12360160
17385,123,63045,Raymer,2018,112,12363045
17386,123,69150,Severance,2018,5217,12369150
17387,123,77290,Thornton (Part),2018,0,12377290
17388,123,77510,Timnath (Part),2018,8,12377510
17389,123,85485,Windsor (Part),2018,22215,12385485
17390,123,99990,Unincorporated Weld County,2018,46688,12399990
17391,125,0,YUMA COUNTY,2018,9955,12500000
17392,125,23025,Eckley,2018,231,12523025
17393,125,86310,Wray,2018,2289,12586310
17394,125,86750,Yuma,2018,3490,12586750
17395,125,99990,Unincorporated Yuma County,2018,3946,12599990
17396,999,3455,Arvada (Total),2018,122973,99903455
17397,999,4000,Aurora (Total),2018,377232,99904000
17398,999,4935,Basalt (Total),2018,3920,99904935
17399,999,6090,Bennett (Total),2018,2526,99906090
17400,999,6255,Berthoud (Total),2018,8352,99906255
17401,999,8070,Bow Mar (Total),2018,863,99908070
17402,999,8675,Brighton (Total),2018,40033,99908675
17403,999,12855,Center (Total),2018,1995,99912855
17404,999,12910,Central City (Total),2018,777,99912910
17405,999,24950,Erie (Total),2018,26904,99924950
17406,999,32650,Green Mountain Falls (Total),2018,784,99932650
17407,999,39855,Johnstown (Total),2018,16436,99939855
17408,999,45255,Littleton (Total),2018,46499,99945255
17409,999,45530,Lochbuie (Total),2018,6852,99945530
17410,999,45970,Longmont (Total),2018,96398,99945970
17411,999,54330,Northglenn (Total),2018,38653,99954330
17412,999,75640,Superior (Total),2018,13071,99975640
17413,999,77290,Thornton (Total),2018,138819,99977290
17414,999,77510,Timnath (Total),2018,4441,99977510
17415,999,83835,Westminster (Total),2018,116384,99983835
17416,999,85485,Windsor (Total),2018,28474,99985485
17417,0,0,COLORADO STATE,2019,5734909,0
17418,1,0,ADAMS COUNTY,2019,516481,100000
17419,1,3455,Arvada (Part),2019,2921,103455
17420,1,4000,Aurora (Part),2019,47399,104000
17421,1,6090,Bennett (Part),2019,2381,106090
17422,1,8675,Brighton (Part),2019,39919,108675
17423,1,16495,Commerce City,2019,61229,116495
17424,1,26270,Federal Heights,2019,14496,126270
17425,1,45530,Lochbuie (Part),2019,1,145530
17426,1,54330,Northglenn (Part),2019,38286,154330
17427,1,77290,Thornton (Part),2019,140333,177290
17428,1,83835,Westminster (Part),2019,71158,183835
17429,1,99990,Unincorporated Adams County,2019,98358,199990
17430,3,0,ALAMOSA COUNTY,2019,16247,300000
17431,3,1090,Alamosa,2019,9677,301090
17432,3,37380,Hooper,2019,82,337380
17433,3,99990,Unincorporated Alamosa County,2019,6488,399990
17434,5,0,ARAPAHOE COUNTY,2019,653807,500000
17435,5,4000,Aurora (Part),2019,333058,504000
17436,5,6090,Bennett (Part),2019,403,506090
17437,5,8070,Bow Mar (Part),2019,590,508070
17438,5,12815,Centennial,2019,109180,512815
17439,5,13845,Cherry Hills Village,2019,6502,513845
17440,5,16385,Columbine Valley,2019,1476,516385
17441,5,19630,Deer Trail,2019,977,519630
17442,5,24785,Englewood,2019,33840,524785
17443,5,28105,Foxfield,2019,740,528105
17444,5,30340,Glendale,2019,4754,530340
17445,5,33035,Greenwood Village,2019,15806,533035
17446,5,45255,Littleton (Part),2019,43280,545255
17447,5,69645,Sheridan,2019,6136,569645
17448,5,99990,Unincorporated Arapahoe County,2019,97065,599990
17449,7,0,ARCHULETA COUNTY,2019,13194,700000
17450,7,56860,Pagosa Springs,2019,1584,756860
17451,7,99990,Unincorporated Archuleta County,2019,11610,799990
17452,9,0,BACA COUNTY,2019,3565,900000
17453,9,11645,Campo,2019,108,911645
17454,9,61315,Pritchett,2019,117,961315
17455,9,73330,Springfield,2019,1327,973330
17456,9,79270,Two Buttes,2019,36,979270
17457,9,81030,Vilas,2019,94,981030
17458,9,82460,Walsh,2019,560,982460
17459,9,99990,Unincorporated Baca County,2019,1323,999990
17460,11,0,BENT COUNTY,2019,5980,1100000
17461,11,43660,Las Animas,2019,2280,1143660
17462,11,99990,Unincorporated Bent County,2019,3700,1199990
17463,13,0,BOULDER COUNTY,2019,328827,1300000
17464,13,7850,Boulder,2019,108496,1307850
17465,13,24950,Erie (Part),2019,12081,1324950
17466,13,39195,Jamestown,2019,263,1339195
17467,13,41835,Lafayette,2019,30059,1341835
17468,13,45970,Longmont (Part),2019,96389,1345970
17469,13,46355,Louisville,2019,21021,1346355
17470,13,47070,Lyons,2019,2197,1347070
17471,13,53175,Nederland,2019,1496,1353175
17472,13,75640,Superior (Part),2019,13006,1375640
17473,13,82735,Ward,2019,134,1382735
17474,13,99990,Unincorporated Boulder County,2019,43685,1399990
17475,14,0,BROOMFIELD COUNTY,2019,72669,1400000
17476,14,9280,Broomfield,2019,72669,1409280
17477,15,0,CHAFFEE COUNTY,2019,19390,1500000
17478,15,10105,Buena Vista,2019,2824,1510105
17479,15,60600,Poncha Springs,2019,861,1560600
17480,15,67280,Salida,2019,5719,1567280
17481,15,99990,Unincorporated Chaffee County,2019,9986,1599990
17482,17,0,CHEYENNE COUNTY,2019,1777,1700000
17483,17,14175,Cheyenne Wells,2019,768,1714175
17484,17,41010,Kit Carson,2019,272,1741010
17485,17,99990,Unincorporated Cheyenne County,2019,737,1799990
17486,19,0,CLEAR CREEK COUNTY,2019,9415,1900000
17487,19,12910,Central City (Part),2019,0,1912910
17488,19,24620,Empire,2019,340,1924620
17489,19,29735,Georgetown,2019,1147,1929735
17490,19,38370,Idaho Springs,2019,1749,1938370
17491,19,70360,Silver Plume,2019,201,1970360
17492,19,99990,Unincorporated Clear Creek County,2019,5978,1999990
17493,21,0,CONEJOS COUNTY,2019,7550,2100000
17494,21,2355,Antonito,2019,658,2102355
17495,21,42055,La Jara,2019,743,2142055
17496,21,48060,Manassa,2019,944,2148060
17497,21,65740,Romeo,2019,303,2165740
17498,21,67830,Sanford,2019,874,2167830
17499,21,99990,Unincorporated Conejos County,2019,4028,2199990
17500,23,0,COSTILLA COUNTY,2019,3500,2300000
17501,23,7190,Blanca,2019,328,2307190
17502,23,68105,San Luis,2019,595,2368105
17503,23,99990,Unincorporated Costilla County,2019,2577,2399990
17504,25,0,CROWLEY COUNTY,2019,5841,2500000
17505,25,18750,Crowley,2019,164,2518750
17506,25,55705,Olney Springs,2019,317,2555705
17507,25,56145,Ordway,2019,1047,2556145
17508,25,74815,Sugar City,2019,256,2574815
17509,25,99990,Unincorporated Crowley County,2019,4057,2599990
17510,27,0,CUSTER COUNTY,2019,4645,2700000
17511,27,70250,Silver Cliff,2019,602,2770250
17512,27,83450,Westcliffe,2019,435,2783450
17513,27,99990,Unincorporated Custer County,2019,3608,2799990
17514,29,0,DELTA COUNTY,2019,31238,2900000
17515,29,12635,Cedaredge,2019,2263,2912635
17516,29,17925,Crawford,2019,405,2917925
17517,29,19850,Delta,2019,8981,2919850
17518,29,37545,Hotchkiss,2019,874,2937545
17519,29,55980,Orchard City,2019,3142,2955980
17520,29,57300,Paonia,2019,1431,2957300
17521,29,99990,Unincorporated Delta County,2019,14142,2999990
17522,31,0,DENVER COUNTY,2019,710143,3100000
17523,31,20000,Denver,2019,710143,3120000
17524,33,0,DOLORES COUNTY,2019,2085,3300000
17525,33,21265,Dove Creek,2019,644,3321265
17526,33,64090,Rico,2019,291,3364090
17527,33,99990,Unincorporated Dolores County,2019,1150,3399990
17528,35,0,DOUGLAS COUNTY,2019,351212,3500000
17529,35,4000,Aurora (Part),2019,2106,3504000
17530,35,12387,Castle Pines,2019,10561,3512387
17531,35,12415,Castle Rock,2019,71369,3512415
17532,35,43550,Larkspur,2019,203,3543550
17533,35,45255,Littleton (Part),2019,626,3545255
17534,35,45955,Lone Tree,2019,13253,3545955
17535,35,57630,Parker,2019,57504,3557630
17536,35,99990,Unincorporated Douglas County,2019,195590,3599990
17537,37,0,EAGLE COUNTY,2019,54818,3700000
17538,37,4110,Avon,2019,5758,3704110
17539,37,4935,Basalt (Part),2019,2889,3704935
17540,37,22200,Eagle,2019,7371,3722200
17541,37,33695,Gypsum,2019,7987,3733695
17542,37,50920,Minturn,2019,1028,3750920
17543,37,63265,Red Cliff,2019,242,3763265
17544,37,80040,Vail,2019,4835,3780040
17545,37,99990,Unincorporated Eagle County,2019,24708,3799990
17546,39,0,ELBERT COUNTY,2019,25668,3900000
17547,39,23740,Elizabeth,2019,1522,3923740
17548,39,40790,Kiowa,2019,729,3940790
17549,39,70635,Simla,2019,614,3970635
17550,39,99990,Unincorporated Elbert County,2019,22803,3999990
17551,41,0,EL PASO COUNTY,2019,725498,4100000
17552,41,11260,Calhan,2019,772,4111260
17553,41,16000,Colorado Springs,2019,478507,4116000
17554,41,27865,Fountain,2019,29667,4127865
17555,41,32650,Green Mountain Falls (Part),2019,708,4132650
17556,41,48445,Manitou Springs,2019,4883,4148445
17557,41,51800,Monument,2019,10142,4151800
17558,41,57025,Palmer Lake,2019,2632,4157025
17559,41,62660,Ramah,2019,117,4162660
17560,41,99990,Unincorporated El Paso County,2019,198070,4199990
17561,43,0,FREMONT COUNTY,2019,48380,4300000
17562,43,9115,Brookside,2019,211,4309115
17563,43,11810,Canon City,2019,17206,4311810
17564,43,15330,Coal Creek,2019,357,4315330
17565,43,27040,Florence,2019,3758,4327040
17566,43,64970,Rockvale,2019,506,4364970
17567,43,85155,Williamsburg,2019,728,4385155
17568,43,99990,Unincorporated Fremont County,2019,25614,4399990
17569,45,0,GARFIELD COUNTY,2019,60556,4500000
17570,45,12030,Carbonate,2019,0,4512030
17571,45,12045,Carbondale,2019,6401,4512045
17572,45,30780,Glenwood Springs,2019,9734,4530780
17573,45,53395,New Castle,2019,4896,4553395
17574,45,57400,Parachute,2019,1350,4557400
17575,45,64255,Rifle,2019,10266,4564255
17576,45,70195,Silt,2019,3478,4570195
17577,45,99990,Unincorporated Garfield County,2019,24431,4599990
17578,47,0,GILPIN COUNTY,2019,5751,4700000
17579,47,7025,Black Hawk,2019,126,4707025
17580,47,12910,Central City (Part),2019,777,4712910
17581,47,99990,Unincorporated Gilpin County,2019,4848,4799990
17582,49,0,GRAND COUNTY,2019,15409,4900000
17583,49,28305,Fraser,2019,1431,4928305
17584,49,31605,Granby,2019,1983,4931605
17585,49,31715,Grand Lake,2019,413,4931715
17586,49,37600,Hot Sulphur Springs,2019,693,4937600
17587,49,41560,Kremmling,2019,1350,4941560
17588,49,85705,Winter Park,2019,1028,4985705
17589,49,99990,Unincorporated Grand County,2019,8511,4999990
17590,51,0,GUNNISON COUNTY,2019,16941,5100000
17591,51,18310,Crested Butte,2019,1628,5118310
17592,51,33640,Gunnison,2019,6453,5133640
17593,51,48555,Marble,2019,134,5148555
17594,51,52570,Mount Crested Butte/G,2019,996,5152570
17595,51,59830,Pitkin,2019,85,5159830
17596,51,99990,Unincorporated Gunnison County,2019,7645,5199990
17597,53,0,HINSDALE COUNTY,2019,798,5300000
17598,53,42330,Lake City,2019,431,5342330
17599,53,99990,Unincorporated Hinsdale County,2019,367,5399990
17600,55,0,HUERFANO COUNTY,2019,6778,5500000
17601,55,44100,La Veta,2019,899,5544100
17602,55,82350,Walsenburg,2019,3016,5582350
17603,55,99990,Unincorporated Huerfano County,2019,2863,5599990
17604,57,0,JACKSON COUNTY,2019,1379,5700000
17605,57,82130,Walden,2019,601,5782130
17606,57,99990,Unincorporated Jackson County,2019,778,5799990
17607,59,0,JEFFERSON COUNTY,2019,582568,5900000
17608,59,3455,Arvada (Part),2019,120949,5903455
17609,59,8070,Bow Mar (Part),2019,267,5908070
17610,59,23135,Edgewater,2019,5065,5923135
17611,59,30835,Golden,2019,21166,5930835
17612,59,42495,Lakeside,2019,15,5942495
17613,59,43000,Lakewood,2019,155358,5943000
17614,59,45255,Littleton (Part),2019,2324,5945255
17615,59,52075,Morrison,2019,425,5952075
17616,59,52350,Mountain View,2019,540,5952350
17617,59,75640,Superior (Part),2019,0,5975640
17618,59,83835,Westminster (Part),2019,45065,5983835
17619,59,84440,Wheat Ridge,2019,32303,5984440
17620,59,99990,Unincorporated Jefferson County,2019,199091,5999990
17621,61,0,KIOWA COUNTY,2019,1454,6100000
17622,61,22145,Eads,2019,694,6122145
17623,61,34740,Haswell,2019,71,6134740
17624,61,69700,Sheridan Lake,2019,60,6169700
17625,61,99990,Unincorporated Kiowa County,2019,629,6199990
17626,63,0,KIT CARSON COUNTY,2019,7182,6300000
17627,63,6530,Bethune,2019,188,6306530
17628,63,10600,Burlington,2019,3286,6310600
17629,63,26765,Flagler,2019,551,6326765
17630,63,69040,Seibert,2019,172,6369040
17631,63,74485,Stratton,2019,653,6374485
17632,63,81690,Vona,2019,96,6381690
17633,63,99990,Unincorporated Kit Carson County,2019,2236,6399990
17634,65,0,LAKE COUNTY,2019,7555,6500000
17635,65,44320,Leadville,2019,2748,6544320
17636,65,99990,Unincorporated Lake County,2019,4807,6599990
17637,67,0,LA PLATA COUNTY,2019,55509,6700000
17638,67,5265,Bayfield,2019,2782,6705265
17639,67,22035,Durango,2019,18934,6722035
17640,67,38535,Ignacio,2019,835,6738535
17641,67,99990,Unincorporated La Plata County,2019,32958,6799990
17642,69,0,LARIMER COUNTY,2019,356800,6900000
17643,69,6255,Berthoud (Part),2019,9409,6906255
17644,69,25115,Estes Park,2019,6208,6925115
17645,69,27425,Fort Collins,2019,168276,6927425
17646,69,39855,Johnstown (Part),2019,4426,6939855
17647,69,46465,Loveland,2019,76054,6946465
17648,69,77510,Timnath (Part),2019,5637,6977510
17649,69,83230,Wellington,2019,10639,6983230
17650,69,85485,Windsor (Part),2019,7488,6985485
17651,69,99990,Unincorporated Larimer County,2019,68663,6999990
17652,71,0,LAS ANIMAS COUNTY,2019,14644,7100000
17653,71,760,Aguilar,2019,465,7100760
17654,71,8345,Branson,2019,60,7108345
17655,71,15550,Cokedale,2019,128,7115550
17656,71,40570,Kim,2019,67,7140570
17657,71,73715,Starkville,2019,64,7173715
17658,71,78610,Trinidad,2019,8442,7178610
17659,71,99990,Unincorporated Las Animas County,2019,5418,7199990
17660,73,0,LINCOLN COUNTY,2019,5642,7300000
17661,73,3235,Arriba,2019,201,7303235
17662,73,29680,Genoa,2019,153,7329680
17663,73,37875,Hugo,2019,807,7337875
17664,73,44980,Limon,2019,2007,7344980
17665,73,99990,Unincorporated Lincoln County,2019,2474,7399990
17666,75,0,LOGAN COUNTY,2019,21504,7500000
17667,75,18640,Crook,2019,132,7518640
17668,75,26875,Fleming,2019,429,7526875
17669,75,38590,Iliff,2019,247,7538590
17670,75,50040,Merino,2019,283,7550040
17671,75,58235,Peetz,2019,218,7558235
17672,75,73935,Sterling,2019,13734,7573935
17673,75,99990,Unincorporated Logan County,2019,6461,7599990
17674,77,0,MESA COUNTY,2019,155108,7700000
17675,77,15605,Collbran,2019,577,7715605
17676,77,19355,De Beque,2019,497,7719355
17677,77,28745,Fruita,2019,13654,7728745
17678,77,31660,Grand Junction,2019,64640,7731660
17679,77,56970,Palisade,2019,2626,7756970
17680,77,99990,Unincorporated Mesa County,2019,73114,7799990
17681,79,0,MINERAL COUNTY,2019,834,7900000
17682,79,14765,City of Creede,2019,254,7914765
17683,79,99990,Unincorporated Mineral County,2019,580,7999990
17684,81,0,MOFFAT COUNTY,2019,13364,8100000
17685,81,17760,Craig,2019,9105,8117760
17686,81,20495,Dinosaur,2019,253,8120495
17687,81,99990,Unincorporated Moffat County,2019,4006,8199990
17688,83,0,MONTEZUMA COUNTY,2019,25732,8300000
17689,83,17375,Cortez,2019,8652,8317375
17690,83,20770,Dolores,2019,894,8320770
17691,83,48115,Mancos,2019,1282,8348115
17692,83,99990,Unincorporated Montezuma County,2019,14904,8399990
17693,85,0,MONTROSE COUNTY,2019,42500,8500000
17694,85,51745,Montrose,2019,20450,8551745
17695,85,53120,Naturita,2019,488,8553120
17696,85,54935,Nucla,2019,592,8554935
17697,85,55540,Olathe,2019,1778,8555540
17698,85,99990,Unincorporated Montrose County,2019,19192,8599990
17699,87,0,MORGAN COUNTY,2019,29131,8700000
17700,87,9555,Brush,2019,5347,8709555
17701,87,27810,Fort Morgan,2019,11705,8727810
17702,87,36610,Hillrose,2019,312,8736610
17703,87,45695,Log Lane Village,2019,919,8745695
17704,87,84770,Wiggins,2019,1304,8784770
17705,87,99990,Unincorporated Morgan County,2019,9544,8799990
17706,89,0,OTERO COUNTY,2019,18734,8900000
17707,89,13460,Cheraw,2019,236,8913460
17708,89,27975,Fowler,2019,1236,8927975
17709,89,42110,La Junta,2019,7349,8942110
17710,89,48500,Manzanola,2019,348,8948500
17711,89,65190,Rocky Ford,2019,3863,8965190
17712,89,75970,Swink,2019,607,8975970
17713,89,99990,Unincorporated Otero County,2019,5095,8999990
17714,91,0,OURAY COUNTY,2019,4886,9100000
17715,91,56420,Ouray,2019,923,9156420
17716,91,64200,Ridgway,2019,1170,9164200
17717,91,99990,Unincorporated Ouray County,2019,2793,9199990
17718,93,0,PARK COUNTY,2019,17512,9300000
17719,93,1530,Alma,2019,293,9301530
17720,93,25610,Fairplay,2019,728,9325610
17721,93,99990,Unincorporated Park County,2019,16491,9399990
17722,95,0,PHILLIPS COUNTY,2019,4520,9500000
17723,95,34960,Haxtun,2019,985,9534960
17724,95,37270,Holyoke,2019,2337,9537270
17725,95,57245,Paoli,2019,49,9557245
17726,95,99990,Unincorporated Phillips County,2019,1149,9599990
17727,97,0,PITKIN COUNTY,2019,17413,9700000
17728,97,3620,Aspen,2019,7040,9703620
17729,97,4935,Basalt (Part),2019,1045,9704935
17730,97,71755,Snowmass Village,2019,3102,9771755
17731,97,99990,Unincorporated Pitkin County,2019,6226,9799990
17732,99,0,PROWERS COUNTY,2019,12011,9900000
17733,99,31550,Granada,2019,450,9931550
17734,99,34520,Hartman,2019,57,9934520
17735,99,37215,Holly,2019,849,9937215
17736,99,43110,Lamar,2019,7669,9943110
17737,99,85045,Wiley,2019,434,9985045
17738,99,99990,Unincorporated Prowers County,2019,2552,9999990
17739,101,0,PUEBLO COUNTY,2019,167486,10100000
17740,101,7795,Boone,2019,315,10107795
17741,101,62000,Pueblo,2019,111508,10162000
17742,101,66895,Rye,2019,200,10166895
17743,101,99990,Unincorporated Pueblo County,2019,55463,10199990
17744,103,0,RIO BLANCO COUNTY,2019,6528,10300000
17745,103,49875,Meeker,2019,2375,10349875
17746,103,62880,Rangely,2019,2313,10362880
17747,103,99990,Unincorporated Rio Blanco County,2019,1840,10399990
17748,105,0,RIO GRANDE COUNTY,2019,11600,10500000
17749,105,12855,Center (Part),2019,53,10512855
17750,105,19795,Del Norte,2019,1458,10519795
17751,105,51635,Monte Vista,2019,4259,10551635
17752,105,72395,South Fork,2019,507,10572395
17753,105,99990,Unincorporated Rio Grande County,2019,5323,10599990
17754,107,0,ROUTT COUNTY,2019,24520,10700000
17755,107,35070,Hayden,2019,1882,10735070
17756,107,55155,Oak Creek,2019,873,10755155
17757,107,73825,Steamboat Springs,2019,12974,10773825
17758,107,86475,Yampa,2019,395,10786475
17759,107,99990,Unincorporated Routt County,2019,8396,10799990
17760,109,0,SAGUACHE COUNTY,2019,6360,10900000
17761,109,7571,Bonanza City,2019,18,10907571
17762,109,12855,Center (Part),2019,1909,10912855
17763,109,18420,Crestone,2019,140,10918420
17764,109,51250,Moffat,2019,110,10951250
17765,109,67005,Saguache,2019,555,10967005
17766,109,99990,Unincorporated Saguache County,2019,3628,10999990
17767,111,0,SAN JUAN COUNTY,2019,705,11100000
17768,111,70580,Silverton,2019,623,11170580
17769,111,99990,Unincorporated San Juan County,2019,82,11199990
17770,113,0,SAN MIGUEL COUNTY,2019,8123,11300000
17771,113,52550,Mountain Village,2019,1249,11352550
17772,113,54880,Norwood,2019,529,11354880
17773,113,55870,Ophir,2019,195,11355870
17774,113,68655,Sawpit,2019,37,11368655
17775,113,76795,Telluride,2019,2600,11376795
17776,113,99990,Unincorporated San Miguel County,2019,3513,11399990
17777,115,0,SEDGWICK COUNTY,2019,2405,11500000
17778,115,39965,Julesburg,2019,1303,11539965
17779,115,56475,Ovid,2019,276,11556475
17780,115,68930,Sedgwick,2019,172,11568930
17781,115,99990,Unincorporated Sedgwick County,2019,654,11599990
17782,117,0,SUMMIT COUNTY,2019,31190,11700000
17783,117,7410,Blue River,2019,887,11707410
17784,117,8400,Breckenridge,2019,5373,11708400
17785,117,20440,Dillon,2019,1058,11720440
17786,117,28690,Frisco,2019,2912,11728690
17787,117,40550,Keystone,2019,,11740555
17788,117,51690,Montezuma,2019,75,11751690
17789,117,70525,Silverthorne,2019,4215,11770525
17790,117,99990,Unincorporated Summit County,2019,16670,11799990
17791,119,0,TELLER COUNTY,2019,24679,11900000
17792,119,18530,Cripple Creek,2019,1111,11918530
17793,119,32650,Green Mountain Falls (Part),2019,25,11932650
17794,119,80865,Victor,2019,385,11980865
17795,119,86090,Woodland Park,2019,7867,11986090
17796,119,99990,Unincorporated Teller County,2019,15291,11999990
17797,121,0,WASHINGTON COUNTY,2019,4826,12100000
17798,121,925,Akron,2019,1776,12100925
17799,121,56365,Otis,2019,506,12156365
17800,121,99990,Unincorporated Washington County,2019,2544,12199990
17801,123,0,WELD COUNTY,2019,322333,12300000
17802,123,3950,Ault,2019,1795,12303950
17803,123,6255,Berthoud (Part),2019,258,12306255
17804,123,8675,Brighton (Part),2019,369,12308675
17805,123,19080,Dacono,2019,6108,12319080
17806,123,22860,Eaton,2019,5669,12322860
17807,123,24950,Erie (Part),2019,16484,12324950
17808,123,25280,Evans,2019,21691,12325280
17809,123,26600,Firestone,2019,15508,12326600
17810,123,27700,Fort Lupton,2019,7879,12327700
17811,123,28360,Frederick,2019,13897,12328360
17812,123,29185,Garden City,2019,253,12329185
17813,123,29955,Gilcrest,2019,1041,12329955
17814,123,32155,Greeley,2019,108543,12332155
17815,123,33310,Grover,2019,162,12333310
17816,123,37820,Hudson,2019,1672,12337820
17817,123,39855,Johnstown (Part),2019,12503,12339855
17818,123,40185,Keenesburg,2019,1237,12340185
17819,123,40515,Kersey,2019,1500,12340515
17820,123,43605,La Salle,2019,2356,12343605
17821,123,45530,Lochbuie (Part),2019,7728,12345530
17822,123,45970,Longmont (Part),2019,1230,12345970
17823,123,49600,Mead,2019,4742,12349600
17824,123,50480,Milliken,2019,8174,12350480
17825,123,54330,Northglenn (Part),2019,23,12354330
17826,123,55045,Nunn,2019,502,12355045
17827,123,59005,Pierce,2019,1107,12359005
17828,123,60160,Platteville,2019,2966,12360160
17829,123,63045,Raymer,2019,111,12363045
17830,123,69150,Severance,2019,6572,12369150
17831,123,77290,Thornton (Part),2019,0,12377290
17832,123,77510,Timnath (Part),2019,8,12377510
17833,123,85485,Windsor (Part),2019,23436,12385485
17834,123,99990,Unincorporated Weld County,2019,46809,12399990
17835,125,0,YUMA COUNTY,2019,10009,12500000
17836,125,23025,Eckley,2019,231,12523025
17837,125,86310,Wray,2019,2310,12586310
17838,125,86750,Yuma,2019,3513,12586750
17839,125,99990,Unincorporated Yuma County,2019,3955,12599990
17840,999,3455,Arvada (Total),2019,123870,99903455
17841,999,4000,Aurora (Total),2019,382563,99904000
17842,999,4935,Basalt (Total),2019,3934,99904935
17843,999,6090,Bennett (Total),2019,2784,99906090
17844,999,6255,Berthoud (Total),2019,9667,99906255
17845,999,8070,Bow Mar (Total),2019,857,99908070
17846,999,8675,Brighton (Total),2019,40288,99908675
17847,999,12855,Center (Total),2019,1962,99912855
17848,999,12910,Central City (Total),2019,777,99912910
17849,999,24950,Erie (Total),2019,28565,99924950
17850,999,32650,Green Mountain Falls (Total),2019,733,99932650
17851,999,39855,Johnstown (Total),2019,16929,99939855
17852,999,45255,Littleton (Total),2019,46230,99945255
17853,999,45530,Lochbuie (Total),2019,7729,99945530
17854,999,45970,Longmont (Total),2019,97619,99945970
17855,999,54330,Northglenn (Total),2019,38309,99954330
17856,999,75640,Superior (Total),2019,13006,99975640
17857,999,77290,Thornton (Total),2019,140333,99977290
17858,999,77510,Timnath (Total),2019,5645,99977510
17859,999,83835,Westminster (Total),2019,116223,99983835
17860,999,85485,Windsor (Total),2019,30924,99985485
17861,0,0,COLORADO STATE,2020,5786877,0
17862,1,0,ADAMS COUNTY,2020,520489,100000
17863,1,3455,Arvada (Part),2020,2882,103455
17864,1,4000,Aurora (Part),2020,48032,104000
17865,1,6090,Bennett (Part),2020,2509,106090
17866,1,8675,Brighton (Part),2020,39931,108675
17867,1,16495,Commerce City,2020,62771,116495
17868,1,26270,Federal Heights,2020,14335,126270
17869,1,45530,Lochbuie (Part),2020,1,145530
17870,1,54330,Northglenn (Part),2020,37980,154330
17871,1,77290,Thornton (Part),2020,141844,177290
17872,1,83835,Westminster (Part),2020,71027,183835
17873,1,99990,Unincorporated Adams County,2020,99177,199990
17874,3,0,ALAMOSA COUNTY,2020,16373,300000
17875,3,1090,Alamosa,2020,9824,301090
17876,3,37380,Hooper,2020,81,337380
17877,3,99990,Unincorporated Alamosa County,2020,6468,399990
17878,5,0,ARAPAHOE COUNTY,2020,655288,500000
17879,5,4000,Aurora (Part),2020,336059,504000
17880,5,6090,Bennett (Part),2020,421,506090
17881,5,8070,Bow Mar (Part),2020,585,508070
17882,5,12815,Centennial,2020,108087,512815
17883,5,13845,Cherry Hills Village,2020,6430,513845
17884,5,16385,Columbine Valley,2020,1497,516385
17885,5,19630,Deer Trail,2020,1103,519630
17886,5,24785,Englewood,2020,33649,524785
17887,5,28105,Foxfield,2020,752,528105
17888,5,30340,Glendale,2020,4598,530340
17889,5,33035,Greenwood Village,2020,15645,533035
17890,5,45255,Littleton (Part),2020,43289,545255
17891,5,69645,Sheridan,2020,6085,569645
17892,5,99990,Unincorporated Arapahoe County,2020,97088,599990
17893,7,0,ARCHULETA COUNTY,2020,13429,700000
17894,7,56860,Pagosa Springs,2020,1577,756860
17895,7,99990,Unincorporated Archuleta County,2020,11852,799990
17896,9,0,BACA COUNTY,2020,3478,900000
17897,9,11645,Campo,2020,102,911645
17898,9,61315,Pritchett,2020,111,961315
17899,9,73330,Springfield,2020,1325,973330
17900,9,79270,Two Buttes,2020,34,979270
17901,9,81030,Vilas,2020,97,981030
17902,9,82460,Walsh,2020,536,982460
17903,9,99990,Unincorporated Baca County,2020,1273,999990
17904,11,0,BENT COUNTY,2020,5479,1100000
17905,11,43660,Las Animas,2020,2281,1143660
17906,11,99990,Unincorporated Bent County,2020,3198,1199990
17907,13,0,BOULDER COUNTY,2020,330951,1300000
17908,13,7850,Boulder,2020,108959,1307850
17909,13,24950,Erie (Part),2020,12742,1324950
17910,13,39195,Jamestown,2020,254,1339195
17911,13,41835,Lafayette,2020,30275,1341835
17912,13,45970,Longmont (Part),2020,97489,1345970
17913,13,46355,Louisville,2020,21115,1346355
17914,13,47070,Lyons,2020,2196,1347070
17915,13,53175,Nederland,2020,1477,1353175
17916,13,75640,Superior (Part),2020,13080,1375640
17917,13,82735,Ward,2020,127,1382735
17918,13,99990,Unincorporated Boulder County,2020,43237,1399990
17919,14,0,BROOMFIELD COUNTY,2020,74502,1400000
17920,14,9280,Broomfield,2020,74502,1409280
17921,15,0,CHAFFEE COUNTY,2020,19485,1500000
17922,15,10105,Buena Vista,2020,2850,1510105
17923,15,60600,Poncha Springs,2020,953,1560600
17924,15,67280,Salida,2020,5692,1567280
17925,15,99990,Unincorporated Chaffee County,2020,9990,1599990
17926,17,0,CHEYENNE COUNTY,2020,1745,1700000
17927,17,14175,Cheyenne Wells,2020,750,1714175
17928,17,41010,Kit Carson,2020,254,1741010
17929,17,99990,Unincorporated Cheyenne County,2020,741,1799990
17930,19,0,CLEAR CREEK COUNTY,2020,9398,1900000
17931,19,12910,Central City (Part),2020,0,1912910
17932,19,24620,Empire,2020,343,1924620
17933,19,29735,Georgetown,2020,1120,1929735
17934,19,38370,Idaho Springs,2020,1815,1938370
17935,19,70360,Silver Plume,2020,206,1970360
17936,19,99990,Unincorporated Clear Creek County,2020,5914,1999990
17937,21,0,CONEJOS COUNTY,2020,7455,2100000
17938,21,2355,Antonito,2020,645,2102355
17939,21,42055,La Jara,2020,728,2142055
17940,21,48060,Manassa,2020,944,2148060
17941,21,65740,Romeo,2020,301,2165740
17942,21,67830,Sanford,2020,880,2167830
17943,21,99990,Unincorporated Conejos County,2020,3957,2199990
17944,23,0,COSTILLA COUNTY,2020,3503,2300000
17945,23,7190,Blanca,2020,321,2307190
17946,23,68105,San Luis,2020,600,2368105
17947,23,99990,Unincorporated Costilla County,2020,2582,2399990
17948,25,0,CROWLEY COUNTY,2020,5689,2500000
17949,25,18750,Crowley,2020,165,2518750
17950,25,55705,Olney Springs,2020,313,2555705
17951,25,56145,Ordway,2020,1058,2556145
17952,25,74815,Sugar City,2020,257,2574815
17953,25,99990,Unincorporated Crowley County,2020,3896,2599990
17954,27,0,CUSTER COUNTY,2020,4721,2700000
17955,27,70250,Silver Cliff,2020,609,2770250
17956,27,83450,Westcliffe,2020,430,2783450
17957,27,99990,Unincorporated Custer County,2020,3682,2799990
17958,29,0,DELTA COUNTY,2020,31058,2900000
17959,29,12635,Cedaredge,2020,2281,2912635
17960,29,17925,Crawford,2020,403,2917925
17961,29,19850,Delta,2020,9072,2919850
17962,29,37545,Hotchkiss,2020,880,2937545
17963,29,55980,Orchard City,2020,3153,2955980
17964,29,57300,Paonia,2020,1448,2957300
17965,29,99990,Unincorporated Delta County,2020,13821,2999990
17966,31,0,DENVER COUNTY,2020,717626,3100000
17967,31,20000,Denver,2020,717626,3120000
17968,33,0,DOLORES COUNTY,2020,2078,3300000
17969,33,21265,Dove Creek,2020,635,3321265
17970,33,64090,Rico,2020,291,3364090
17971,33,99990,Unincorporated Dolores County,2020,1152,3399990
17972,35,0,DOUGLAS COUNTY,2020,360315,3500000
17973,35,4000,Aurora (Part),2020,2662,3504000
17974,35,12387,Castle Pines,2020,11258,3512387
17975,35,12415,Castle Rock,2020,73775,3512415
17976,35,43550,Larkspur,2020,206,3543550
17977,35,45255,Littleton (Part),2020,640,3545255
17978,35,45955,Lone Tree,2020,14274,3545955
17979,35,57630,Parker,2020,58918,3557630
17980,35,99990,Unincorporated Douglas County,2020,198582,3599990
17981,37,0,EAGLE COUNTY,2020,55673,3700000
17982,37,4110,Avon,2020,6071,3704110
17983,37,4935,Basalt (Part),2020,2905,3704935
17984,37,22200,Eagle,2020,7526,3722200
17985,37,33695,Gypsum,2020,8172,3733695
17986,37,50920,Minturn,2020,1025,3750920
17987,37,63265,Red Cliff,2020,255,3763265
17988,37,80040,Vail,2020,4819,3780040
17989,37,99990,Unincorporated Eagle County,2020,24900,3799990
17990,39,0,ELBERT COUNTY,2020,26223,3900000
17991,39,23740,Elizabeth,2020,1713,3923740
17992,39,40790,Kiowa,2020,717,3940790
17993,39,70635,Simla,2020,602,3970635
17994,39,99990,Unincorporated Elbert County,2020,23191,3999990
17995,41,0,EL PASO COUNTY,2020,733831,4100000
17996,41,11260,Calhan,2020,760,4111260
17997,41,16000,Colorado Springs,2020,482266,4116000
17998,41,27865,Fountain,2020,29753,4127865
17999,41,32650,Green Mountain Falls (Part),2020,619,4132650
18000,41,48445,Manitou Springs,2020,4837,4148445
18001,41,51800,Monument,2020,10479,4151800
18002,41,57025,Palmer Lake,2020,2629,4157025
18003,41,62660,Ramah,2020,110,4162660
18004,41,99990,Unincorporated El Paso County,2020,202378,4199990
18005,43,0,FREMONT COUNTY,2020,48891,4300000
18006,43,9115,Brookside,2020,236,4309115
18007,43,11810,Canon City,2020,17161,4311810
18008,43,15330,Coal Creek,2020,364,4315330
18009,43,27040,Florence,2020,3829,4327040
18010,43,64970,Rockvale,2020,513,4364970
18011,43,85155,Williamsburg,2020,736,4385155
18012,43,99990,Unincorporated Fremont County,2020,26052,4399990
18013,45,0,GARFIELD COUNTY,2020,61799,4500000
18014,45,12030,Carbonate,2020,0,4512030
18015,45,12045,Carbondale,2020,6462,4512045
18016,45,30780,Glenwood Springs,2020,10053,4530780
18017,45,53395,New Castle,2020,4929,4553395
18018,45,57400,Parachute,2020,1390,4557400
18019,45,64255,Rifle,2020,10446,4564255
18020,45,70195,Silt,2020,3542,4570195
18021,45,99990,Unincorporated Garfield County,2020,24977,4599990
18022,47,0,GILPIN COUNTY,2020,5824,4700000
18023,47,7025,Black Hawk,2020,125,4707025
18024,47,12910,Central City (Part),2020,779,4712910
18025,47,99990,Unincorporated Gilpin County,2020,4920,4799990
18026,49,0,GRAND COUNTY,2020,15750,4900000
18027,49,28305,Fraser,2020,1391,4928305
18028,49,31605,Granby,2020,2157,4931605
18029,49,31715,Grand Lake,2020,408,4931715
18030,49,37600,Hot Sulphur Springs,2020,684,4937600
18031,49,41560,Kremmling,2020,1503,4941560
18032,49,85705,Winter Park,2020,1038,4985705
18033,49,99990,Unincorporated Grand County,2020,8569,4999990
18034,51,0,GUNNISON COUNTY,2020,16945,5100000
18035,51,18310,Crested Butte,2020,1642,5118310
18036,51,33640,Gunnison,2020,6564,5133640
18037,51,48555,Marble,2020,133,5148555
18038,51,52570,Mount Crested Butte/G,2020,941,5152570
18039,51,59830,Pitkin,2020,72,5159830
18040,51,99990,Unincorporated Gunnison County,2020,7593,5199990
18041,53,0,HINSDALE COUNTY,2020,792,5300000
18042,53,42330,Lake City,2020,435,5342330
18043,53,99990,Unincorporated Hinsdale County,2020,357,5399990
18044,55,0,HUERFANO COUNTY,2020,6834,5500000
18045,55,44100,La Veta,2020,903,5544100
18046,55,82350,Walsenburg,2020,3025,5582350
18047,55,99990,Unincorporated Huerfano County,2020,2906,5599990
18048,57,0,JACKSON COUNTY,2020,1377,5700000
18049,57,82130,Walden,2020,605,5782130
18050,57,99990,Unincorporated Jackson County,2020,772,5799990
18051,59,0,JEFFERSON COUNTY,2020,583138,5900000
18052,59,3455,Arvada (Part),2020,121617,5903455
18053,59,8070,Bow Mar (Part),2020,266,5908070
18054,59,23135,Edgewater,2020,4999,5923135
18055,59,30835,Golden,2020,20257,5930835
18056,59,42495,Lakeside,2020,16,5942495
18057,59,43000,Lakewood,2020,156166,5943000
18058,59,45255,Littleton (Part),2020,2307,5945255
18059,59,52075,Morrison,2020,396,5952075
18060,59,52350,Mountain View,2020,540,5952350
18061,59,75640,Superior (Part),2020,0,5975640
18062,59,83835,Westminster (Part),2020,45074,5983835
18063,59,84440,Wheat Ridge,2020,32400,5984440
18064,59,99990,Unincorporated Jefferson County,2020,199100,5999990
18065,61,0,KIOWA COUNTY,2020,1454,6100000
18066,61,22145,Eads,2020,675,6122145
18067,61,34740,Haswell,2020,72,6134740
18068,61,69700,Sheridan Lake,2020,55,6169700
18069,61,99990,Unincorporated Kiowa County,2020,652,6199990
18070,63,0,KIT CARSON COUNTY,2020,7069,6300000
18071,63,6530,Bethune,2020,183,6306530
18072,63,10600,Burlington,2020,3165,6310600
18073,63,26765,Flagler,2020,565,6326765
18074,63,69040,Seibert,2020,172,6369040
18075,63,74485,Stratton,2020,654,6374485
18076,63,81690,Vona,2020,95,6381690
18077,63,99990,Unincorporated Kit Carson County,2020,2235,6399990
18078,65,0,LAKE COUNTY,2020,7413,6500000
18079,65,44320,Leadville,2020,2630,6544320
18080,65,99990,Unincorporated Lake County,2020,4783,6599990
18081,67,0,LA PLATA COUNTY,2020,55673,6700000
18082,67,5265,Bayfield,2020,2847,6705265
18083,67,22035,Durango,2020,19062,6722035
18084,67,38535,Ignacio,2020,850,6738535
18085,67,99990,Unincorporated La Plata County,2020,32914,6799990
18086,69,0,LARIMER COUNTY,2020,359957,6900000
18087,69,6255,Berthoud (Part),2020,10328,6906255
18088,69,25115,Estes Park,2020,5877,6925115
18089,69,27425,Fort Collins,2020,169262,6927425
18090,69,39855,Johnstown (Part),2020,5321,6939855
18091,69,46465,Loveland,2020,76918,6946465
18092,69,77510,Timnath (Part),2020,6769,6977510
18093,69,83230,Wellington,2020,11127,6983230
18094,69,85485,Windsor (Part),2020,7773,6985485
18095,69,99990,Unincorporated Larimer County,2020,66582,6999990
18096,71,0,LAS ANIMAS COUNTY,2020,14491,7100000
18097,71,760,Aguilar,2020,457,7100760
18098,71,8345,Branson,2020,57,7108345
18099,71,15550,Cokedale,2020,127,7115550
18100,71,40570,Kim,2020,63,7140570
18101,71,73715,Starkville,2020,62,7173715
18102,71,78610,Trinidad,2020,8345,7178610
18103,71,99990,Unincorporated Las Animas County,2020,5380,7199990
18104,73,0,LINCOLN COUNTY,2020,5662,7300000
18105,73,3235,Arriba,2020,201,7303235
18106,73,29680,Genoa,2020,152,7329680
18107,73,37875,Hugo,2020,784,7337875
18108,73,44980,Limon,2020,2036,7344980
18109,73,99990,Unincorporated Lincoln County,2020,2489,7399990
18110,75,0,LOGAN COUNTY,2020,21205,7500000
18111,75,18640,Crook,2020,133,7518640
18112,75,26875,Fleming,2020,428,7526875
18113,75,38590,Iliff,2020,246,7538590
18114,75,50040,Merino,2020,281,7550040
18115,75,58235,Peetz,2020,213,7558235
18116,75,73935,Sterling,2020,13411,7573935
18117,75,99990,Unincorporated Logan County,2020,6493,7599990
18118,77,0,MESA COUNTY,2020,156010,7700000
18119,77,15605,Collbran,2020,368,7715605
18120,77,19355,De Beque,2020,492,7719355
18121,77,28745,Fruita,2020,13392,7728745
18122,77,31660,Grand Junction,2020,65892,7731660
18123,77,56970,Palisade,2020,2563,7756970
18124,77,99990,Unincorporated Mesa County,2020,73303,7799990
18125,79,0,MINERAL COUNTY,2020,871,7900000
18126,79,14765,City of Creede,2020,257,7914765
18127,79,99990,Unincorporated Mineral County,2020,614,7999990
18128,81,0,MOFFAT COUNTY,2020,13267,8100000
18129,81,17760,Craig,2020,9027,8117760
18130,81,20495,Dinosaur,2020,242,8120495
18131,81,99990,Unincorporated Moffat County,2020,3998,8199990
18132,83,0,MONTEZUMA COUNTY,2020,25891,8300000
18133,83,17375,Cortez,2020,8757,8317375
18134,83,20770,Dolores,2020,888,8320770
18135,83,48115,Mancos,2020,1199,8348115
18136,83,99990,Unincorporated Montezuma County,2020,15047,8399990
18137,85,0,MONTROSE COUNTY,2020,42814,8500000
18138,85,51745,Montrose,2020,20392,8551745
18139,85,53120,Naturita,2020,484,8553120
18140,85,54935,Nucla,2020,583,8554935
18141,85,55540,Olathe,2020,2015,8555540
18142,85,99990,Unincorporated Montrose County,2020,19340,8599990
18143,87,0,MORGAN COUNTY,2020,29082,8700000
18144,87,9555,Brush,2020,5332,8709555
18145,87,27810,Fort Morgan,2020,11548,8727810
18146,87,36610,Hillrose,2020,311,8736610
18147,87,45695,Log Lane Village,2020,909,8745695
18148,87,84770,Wiggins,2020,1439,8784770
18149,87,99990,Unincorporated Morgan County,2020,9543,8799990
18150,89,0,OTERO COUNTY,2020,18670,8900000
18151,89,13460,Cheraw,2020,237,8913460
18152,89,27975,Fowler,2020,1252,8927975
18153,89,42110,La Junta,2020,7300,8942110
18154,89,48500,Manzanola,2020,341,8948500
18155,89,65190,Rocky Ford,2020,3874,8965190
18156,89,75970,Swink,2020,604,8975970
18157,89,99990,Unincorporated Otero County,2020,5062,8999990
18158,91,0,OURAY COUNTY,2020,4877,9100000
18159,91,56420,Ouray,2020,898,9156420
18160,91,64200,Ridgway,2020,1185,9164200
18161,91,99990,Unincorporated Ouray County,2020,2794,9199990
18162,93,0,PARK COUNTY,2020,17419,9300000
18163,93,1530,Alma,2020,296,9301530
18164,93,25610,Fairplay,2020,728,9325610
18165,93,99990,Unincorporated Park County,2020,16395,9399990
18166,95,0,PHILLIPS COUNTY,2020,4523,9500000
18167,95,34960,Haxtun,2020,979,9534960
18168,95,37270,Holyoke,2020,2343,9537270
18169,95,57245,Paoli,2020,51,9557245
18170,95,99990,Unincorporated Phillips County,2020,1150,9599990
18171,97,0,PITKIN COUNTY,2020,17358,9700000
18172,97,3620,Aspen,2020,6987,9703620
18173,97,4935,Basalt (Part),2020,1072,9704935
18174,97,71755,Snowmass Village,2020,3101,9771755
18175,97,99990,Unincorporated Pitkin County,2020,6198,9799990
18176,99,0,PROWERS COUNTY,2020,12013,9900000
18177,99,31550,Granada,2020,446,9931550
18178,99,34520,Hartman,2020,56,9934520
18179,99,37215,Holly,2020,839,9937215
18180,99,43110,Lamar,2020,7693,9943110
18181,99,85045,Wiley,2020,438,9985045
18182,99,99990,Unincorporated Prowers County,2020,2541,9999990
18183,101,0,PUEBLO COUNTY,2020,168339,10100000
18184,101,7795,Boone,2020,305,10107795
18185,101,62000,Pueblo,2020,111778,10162000
18186,101,66895,Rye,2020,206,10166895
18187,101,99990,Unincorporated Pueblo County,2020,56050,10199990
18188,103,0,RIO BLANCO COUNTY,2020,6522,10300000
18189,103,49875,Meeker,2020,2372,10349875
18190,103,62880,Rangely,2020,2290,10362880
18191,103,99990,Unincorporated Rio Blanco County,2020,1860,10399990
18192,105,0,RIO GRANDE COUNTY,2020,11537,10500000
18193,105,12855,Center (Part),2020,44,10512855
18194,105,19795,Del Norte,2020,1458,10519795
18195,105,51635,Monte Vista,2020,4245,10551635
18196,105,72395,South Fork,2020,509,10572395
18197,105,99990,Unincorporated Rio Grande County,2020,5281,10599990
18198,107,0,ROUTT COUNTY,2020,24837,10700000
18199,107,35070,Hayden,2020,1934,10735070
18200,107,55155,Oak Creek,2020,886,10755155
18201,107,73825,Steamboat Springs,2020,13168,10773825
18202,107,86475,Yampa,2020,398,10786475
18203,107,99990,Unincorporated Routt County,2020,8451,10799990
18204,109,0,SAGUACHE COUNTY,2020,6391,10900000
18205,109,7571,Bonanza City,2020,17,10907571
18206,109,12855,Center (Part),2020,1886,10912855
18207,109,18420,Crestone,2020,144,10918420
18208,109,51250,Moffat,2020,108,10951250
18209,109,67005,Saguache,2020,530,10967005
18210,109,99990,Unincorporated Saguache County,2020,3706,10999990
18211,111,0,SAN JUAN COUNTY,2020,711,11100000
18212,111,70580,Silverton,2020,628,11170580
18213,111,99990,Unincorporated San Juan County,2020,83,11199990
18214,113,0,SAN MIGUEL COUNTY,2020,8056,11300000
18215,113,52550,Mountain Village,2020,1261,11352550
18216,113,54880,Norwood,2020,536,11354880
18217,113,55870,Ophir,2020,196,11355870
18218,113,68655,Sawpit,2020,38,11368655
18219,113,76795,Telluride,2020,2599,11376795
18220,113,99990,Unincorporated San Miguel County,2020,3426,11399990
18221,115,0,SEDGWICK COUNTY,2020,2391,11500000
18222,115,39965,Julesburg,2020,1298,11539965
18223,115,56475,Ovid,2020,270,11556475
18224,115,68930,Sedgwick,2020,171,11568930
18225,115,99990,Unincorporated Sedgwick County,2020,652,11599990
18226,117,0,SUMMIT COUNTY,2020,31238,11700000
18227,117,7410,Blue River,2020,871,11707410
18228,117,8400,Breckenridge,2020,5047,11708400
18229,117,20440,Dillon,2020,1066,11720440
18230,117,28690,Frisco,2020,2899,11728690
18231,117,40550,Keystone,2020,,11740555
18232,117,51690,Montezuma,2020,74,11751690
18233,117,70525,Silverthorne,2020,4428,11770525
18234,117,99990,Unincorporated Summit County,2020,16853,11799990
18235,119,0,TELLER COUNTY,2020,24747,11900000
18236,119,18530,Cripple Creek,2020,1155,11918530
18237,119,32650,Green Mountain Falls (Part),2020,24,11932650
18238,119,80865,Victor,2020,379,11980865
18239,119,86090,Woodland Park,2020,7935,11986090
18240,119,99990,Unincorporated Teller County,2020,15254,11999990
18241,121,0,WASHINGTON COUNTY,2020,4813,12100000
18242,121,925,Akron,2020,1752,12100925
18243,121,56365,Otis,2020,511,12156365
18244,121,99990,Unincorporated Washington County,2020,2550,12199990
18245,123,0,WELD COUNTY,2020,331459,12300000
18246,123,3950,Ault,2020,1937,12303950
18247,123,6255,Berthoud (Part),2020,261,12306255
18248,123,8675,Brighton (Part),2020,362,12308675
18249,123,19080,Dacono,2020,6293,12319080
18250,123,22860,Eaton,2020,5801,12322860
18251,123,24950,Erie (Part),2020,17640,12324950
18252,123,25280,Evans,2020,22223,12325280
18253,123,26600,Firestone,2020,16669,12326600
18254,123,27700,Fort Lupton,2020,7982,12327700
18255,123,28360,Frederick,2020,14707,12328360
18256,123,29185,Garden City,2020,254,12329185
18257,123,29955,Gilcrest,2020,1028,12329955
18258,123,32155,Greeley,2020,109410,12332155
18259,123,33310,Grover,2020,157,12333310
18260,123,37820,Hudson,2020,1653,12337820
18261,123,39855,Johnstown (Part),2020,12545,12339855
18262,123,40185,Keenesburg,2020,1251,12340185
18263,123,40515,Kersey,2020,1494,12340515
18264,123,43605,La Salle,2020,2358,12343605
18265,123,45530,Lochbuie (Part),2020,8192,12345530
18266,123,45970,Longmont (Part),2020,1297,12345970
18267,123,49600,Mead,2020,4781,12349600
18268,123,50480,Milliken,2020,8499,12350480
18269,123,54330,Northglenn (Part),2020,25,12354330
18270,123,55045,Nunn,2020,504,12355045
18271,123,59005,Pierce,2020,1096,12359005
18272,123,60160,Platteville,2020,2953,12360160
18273,123,63045,Raymer,2020,110,12363045
18274,123,69150,Severance,2020,8055,12369150
18275,123,77290,Thornton (Part),2020,0,12377290
18276,123,77510,Timnath (Part),2020,5,12377510
18277,123,85485,Windsor (Part),2020,25343,12385485
18278,123,99990,Unincorporated Weld County,2020,46574,12399990
18279,125,0,YUMA COUNTY,2020,9978,12500000
18280,125,23025,Eckley,2020,231,12523025
18281,125,86310,Wray,2020,2366,12586310
18282,125,86750,Yuma,2020,3442,12586750
18283,125,99990,Unincorporated Yuma County,2020,3939,12599990
18284,999,3455,Arvada (Total),2020,124499,99903455
18285,999,4000,Aurora (Total),2020,386753,99904000
18286,999,4935,Basalt (Total),2020,3977,99904935
18287,999,6090,Bennett (Total),2020,2930,99906090
18288,999,6255,Berthoud (Total),2020,10589,99906255
18289,999,8070,Bow Mar (Total),2020,851,99908070
18290,999,8675,Brighton (Total),2020,40293,99908675
18291,999,12855,Center (Total),2020,1930,99912855
18292,999,12910,Central City (Total),2020,779,99912910
18293,999,24950,Erie (Total),2020,30382,99924950
18294,999,32650,Green Mountain Falls (Total),2020,643,99932650
18295,999,39855,Johnstown (Total),2020,17866,99939855
18296,999,45255,Littleton (Total),2020,46236,99945255
18297,999,45530,Lochbuie (Total),2020,8193,99945530
18298,999,45970,Longmont (Total),2020,98786,99945970
18299,999,54330,Northglenn (Total),2020,38005,99954330
18300,999,75640,Superior (Total),2020,13080,99975640
18301,999,77290,Thornton (Total),2020,141844,99977290
18302,999,77510,Timnath (Total),2020,6774,99977510
18303,999,83835,Westminster (Total),2020,116101,99983835
18304,999,85485,Windsor (Total),2020,33116,99985485
18305,0,0,COLORADO STATE,2021,5813551,0
18306,1,0,ADAMS COUNTY,2021,523505,100000
18307,1,3455,Arvada (Part),2021,2836,103455
18308,1,4000,Aurora (Part),2021,49482,104000
18309,1,6090,Bennett (Part),2021,2893,106090
18310,1,8675,Brighton (Part),2021,40396,108675
18311,1,16495,Commerce City,2021,63966,116495
18312,1,26270,Federal Heights,2021,14253,126270
18313,1,45530,Lochbuie (Part),2021,1,145530
18314,1,54330,Northglenn (Part),2021,37693,154330
18315,1,77290,Thornton (Part),2021,142614,177290
18316,1,83835,Westminster (Part),2021,70580,183835
18317,1,99990,Unincorporated Adams County,2021,98791,199990
18318,3,0,ALAMOSA COUNTY,2021,16577,300000
18319,3,1090,Alamosa,2021,9911,301090
18320,3,37380,Hooper,2021,81,337380
18321,3,99990,Unincorporated Alamosa County,2021,6585,399990
18322,5,0,ARAPAHOE COUNTY,2021,656858,500000
18323,5,4000,Aurora (Part),2021,336942,504000
18324,5,6090,Bennett (Part),2021,426,506090
18325,5,8070,Bow Mar (Part),2021,585,508070
18326,5,12815,Centennial,2021,108093,512815
18327,5,13845,Cherry Hills Village,2021,6433,513845
18328,5,16385,Columbine Valley,2021,1511,516385
18329,5,19630,Deer Trail,2021,1140,519630
18330,5,24785,Englewood,2021,33719,524785
18331,5,28105,Foxfield,2021,753,528105
18332,5,30340,Glendale,2021,4598,530340
18333,5,33035,Greenwood Village,2021,15645,533035
18334,5,45255,Littleton (Part),2021,43313,545255
18335,5,69645,Sheridan,2021,6083,569645
18336,5,99990,Unincorporated Arapahoe County,2021,97617,599990
18337,7,0,ARCHULETA COUNTY,2021,13815,700000
18338,7,56860,Pagosa Springs,2021,1633,756860
18339,7,99990,Unincorporated Archuleta County,2021,12182,799990
18340,9,0,BACA COUNTY,2021,3490,900000
18341,9,11645,Campo,2021,102,911645
18342,9,61315,Pritchett,2021,111,961315
18343,9,73330,Springfield,2021,1325,973330
18344,9,79270,Two Buttes,2021,34,979270
18345,9,81030,Vilas,2021,97,981030
18346,9,82460,Walsh,2021,539,982460
18347,9,99990,Unincorporated Baca County,2021,1282,999990
18348,11,0,BENT COUNTY,2021,5343,1100000
18349,11,43660,Las Animas,2021,2326,1143660
18350,11,99990,Unincorporated Bent County,2021,3017,1199990
18351,13,0,BOULDER COUNTY,2021,327135,1300000
18352,13,7850,Boulder,2021,104715,1307850
18353,13,24950,Erie (Part),2021,13126,1324950
18354,13,39195,Jamestown,2021,250,1339195
18355,13,41835,Lafayette,2021,30563,1341835
18356,13,45970,Longmont (Part),2021,98399,1345970
18357,13,46355,Louisville,2021,20879,1346355
18358,13,47070,Lyons,2021,2161,1347070
18359,13,53175,Nederland,2021,1454,1353175
18360,13,75640,Superior (Part),2021,12903,1375640
18361,13,82735,Ward,2021,126,1382735
18362,13,99990,Unincorporated Boulder County,2021,42559,1399990
18363,14,0,BROOMFIELD COUNTY,2021,75433,1400000
18364,14,9280,Broomfield,2021,75433,1409280
18365,15,0,CHAFFEE COUNTY,2021,19737,1500000
18366,15,10105,Buena Vista,2021,2978,1510105
18367,15,60600,Poncha Springs,2021,1101,1560600
18368,15,67280,Salida,2021,5797,1567280
18369,15,99990,Unincorporated Chaffee County,2021,9861,1599990
18370,17,0,CHEYENNE COUNTY,2021,1717,1700000
18371,17,14175,Cheyenne Wells,2021,735,1714175
18372,17,41010,Kit Carson,2021,248,1741010
18373,17,99990,Unincorporated Cheyenne County,2021,734,1799990
18374,19,0,CLEAR CREEK COUNTY,2021,9461,1900000
18375,19,12910,Central City (Part),2021,0,1912910
18376,19,24620,Empire,2021,346,1924620
18377,19,29735,Georgetown,2021,1125,1929735
18378,19,38370,Idaho Springs,2021,1822,1938370
18379,19,70360,Silver Plume,2021,207,1970360
18380,19,99990,Unincorporated Clear Creek County,2021,5961,1999990
18381,21,0,CONEJOS COUNTY,2021,7586,2100000
18382,21,2355,Antonito,2021,649,2102355
18383,21,42055,La Jara,2021,736,2142055
18384,21,48060,Manassa,2021,959,2148060
18385,21,65740,Romeo,2021,305,2165740
18386,21,67830,Sanford,2021,900,2167830
18387,21,99990,Unincorporated Conejos County,2021,4037,2199990
18388,23,0,COSTILLA COUNTY,2021,3618,2300000
18389,23,7190,Blanca,2021,332,2307190
18390,23,68105,San Luis,2021,619,2368105
18391,23,99990,Unincorporated Costilla County,2021,2667,2399990
18392,25,0,CROWLEY COUNTY,2021,5736,2500000
18393,25,18750,Crowley,2021,170,2518750
18394,25,55705,Olney Springs,2021,322,2555705
18395,25,56145,Ordway,2021,1101,2556145
18396,25,74815,Sugar City,2021,267,2574815
18397,25,99990,Unincorporated Crowley County,2021,3876,2599990
18398,27,0,CUSTER COUNTY,2021,5062,2700000
18399,27,70250,Silver Cliff,2021,647,2770250
18400,27,83450,Westcliffe,2021,466,2783450
18401,27,99990,Unincorporated Custer County,2021,3949,2799990
18402,29,0,DELTA COUNTY,2021,31390,2900000
18403,29,12635,Cedaredge,2021,2333,2912635
18404,29,17925,Crawford,2021,407,2917925
18405,29,19850,Delta,2021,9208,2919850
18406,29,37545,Hotchkiss,2021,897,2937545
18407,29,55980,Orchard City,2021,3204,2955980
18408,29,57300,Paonia,2021,1467,2957300
18409,29,99990,Unincorporated Delta County,2021,13874,2999990
18410,31,0,DENVER COUNTY,2021,711487,3100000
18411,31,20000,Denver,2021,711487,3120000
18412,33,0,DOLORES COUNTY,2021,2122,3300000
18413,33,21265,Dove Creek,2021,642,3321265
18414,33,64090,Rico,2021,301,3364090
18415,33,99990,Unincorporated Dolores County,2021,1179,3399990
18416,35,0,DOUGLAS COUNTY,2021,369842,3500000
18417,35,4000,Aurora (Part),2021,3189,3504000
18418,35,12387,Castle Pines,2021,12327,3512387
18419,35,12415,Castle Rock,2021,77168,3512415
18420,35,43550,Larkspur,2021,209,3543550
18421,35,45255,Littleton (Part),2021,638,3545255
18422,35,45955,Lone Tree,2021,14272,3545955
18423,35,57630,Parker,2021,60387,3557630
18424,35,99990,Unincorporated Douglas County,2021,201652,3599990
18425,37,0,EAGLE COUNTY,2021,55799,3700000
18426,37,4110,Avon,2021,6322,3704110
18427,37,4935,Basalt (Part),2021,2933,3704935
18428,37,22200,Eagle,2021,7502,3722200
18429,37,33695,Gypsum,2021,8819,3733695
18430,37,50920,Minturn,2021,998,3750920
18431,37,63265,Red Cliff,2021,247,3763265
18432,37,80040,Vail,2021,4703,3780040
18433,37,99990,Unincorporated Eagle County,2021,24275,3799990
18434,39,0,ELBERT COUNTY,2021,27153,3900000
18435,39,23740,Elizabeth,2021,2013,3923740
18436,39,40790,Kiowa,2021,724,3940790
18437,39,70635,Simla,2021,612,3970635
18438,39,99990,Unincorporated Elbert County,2021,23804,3999990
18439,41,0,EL PASO COUNTY,2021,738767,4100000
18440,41,11260,Calhan,2021,763,4111260
18441,41,16000,Colorado Springs,2021,484866,4116000
18442,41,27865,Fountain,2021,29830,4127865
18443,41,32650,Green Mountain Falls (Part),2021,619,4132650
18444,41,48445,Manitou Springs,2021,4844,4148445
18445,41,51800,Monument,2021,10700,4151800
18446,41,57025,Palmer Lake,2021,2645,4157025
18447,41,62660,Ramah,2021,110,4162660
18448,41,99990,Unincorporated El Paso County,2021,204390,4199990
18449,43,0,FREMONT COUNTY,2021,49251,4300000
18450,43,9115,Brookside,2021,239,4309115
18451,43,11810,Canon City,2021,17350,4311810
18452,43,15330,Coal Creek,2021,375,4315330
18453,43,27040,Florence,2021,3879,4327040
18454,43,64970,Rockvale,2021,531,4364970
18455,43,85155,Williamsburg,2021,751,4385155
18456,43,99990,Unincorporated Fremont County,2021,26126,4399990
18457,45,0,GARFIELD COUNTY,2021,62103,4500000
18458,45,12030,Carbonate,2021,0,4512030
18459,45,12045,Carbondale,2021,6530,4512045
18460,45,30780,Glenwood Springs,2021,10129,4530780
18461,45,53395,New Castle,2021,4929,4553395
18462,45,57400,Parachute,2021,1387,4557400
18463,45,64255,Rifle,2021,10577,4564255
18464,45,70195,Silt,2021,3589,4570195
18465,45,99990,Unincorporated Garfield County,2021,24962,4599990
18466,47,0,GILPIN COUNTY,2021,5896,4700000
18467,47,7025,Black Hawk,2021,126,4707025
18468,47,12910,Central City (Part),2021,786,4712910
18469,47,99990,Unincorporated Gilpin County,2021,4984,4799990
18470,49,0,GRAND COUNTY,2021,15863,4900000
18471,49,28305,Fraser,2021,1397,4928305
18472,49,31605,Granby,2021,2132,4931605
18473,49,31715,Grand Lake,2021,407,4931715
18474,49,37600,Hot Sulphur Springs,2021,683,4937600
18475,49,41560,Kremmling,2021,1503,4941560
18476,49,85705,Winter Park,2021,1036,4985705
18477,49,99990,Unincorporated Grand County,2021,8705,4999990
18478,51,0,GUNNISON COUNTY,2021,17294,5100000
18479,51,18310,Crested Butte,2021,1675,5118310
18480,51,33640,Gunnison,2021,6676,5133640
18481,51,48555,Marble,2021,138,5148555
18482,51,52570,Mount Crested Butte/G,2021,966,5152570
18483,51,59830,Pitkin,2021,73,5159830
18484,51,99990,Unincorporated Gunnison County,2021,7766,5199990
18485,53,0,HINSDALE COUNTY,2021,778,5300000
18486,53,42330,Lake City,2021,429,5342330
18487,53,99990,Unincorporated Hinsdale County,2021,349,5399990
18488,55,0,HUERFANO COUNTY,2021,6950,5500000
18489,55,44100,La Veta,2021,921,5544100
18490,55,82350,Walsenburg,2021,3061,5582350
18491,55,99990,Unincorporated Huerfano County,2021,2968,5599990
18492,57,0,JACKSON COUNTY,2021,1358,5700000
18493,57,82130,Walden,2021,593,5782130
18494,57,99990,Unincorporated Jackson County,2021,765,5799990
18495,59,0,JEFFERSON COUNTY,2021,580840,5900000
18496,59,3455,Arvada (Part),2021,121030,5903455
18497,59,8070,Bow Mar (Part),2021,263,5908070
18498,59,23135,Edgewater,2021,4953,5923135
18499,59,30835,Golden,2021,20577,5930835
18500,59,42495,Lakeside,2021,16,5942495
18501,59,43000,Lakewood,2021,156585,5943000
18502,59,45255,Littleton (Part),2021,2282,5945255
18503,59,52075,Morrison,2021,399,5952075
18504,59,52350,Mountain View,2021,535,5952350
18505,59,75640,Superior (Part),2021,0,5975640
18506,59,83835,Westminster (Part),2021,44585,5983835
18507,59,84440,Wheat Ridge,2021,32259,5984440
18508,59,99990,Unincorporated Jefferson County,2021,197356,5999990
18509,61,0,KIOWA COUNTY,2021,1453,6100000
18510,61,22145,Eads,2021,670,6122145
18511,61,34740,Haswell,2021,71,6134740
18512,61,69700,Sheridan Lake,2021,55,6169700
18513,61,99990,Unincorporated Kiowa County,2021,657,6199990
18514,63,0,KIT CARSON COUNTY,2021,6930,6300000
18515,63,6530,Bethune,2021,179,6306530
18516,63,10600,Burlington,2021,3098,6310600
18517,63,26765,Flagler,2021,565,6326765
18518,63,69040,Seibert,2021,168,6369040
18519,63,74485,Stratton,2021,640,6374485
18520,63,81690,Vona,2021,93,6381690
18521,63,99990,Unincorporated Kit Carson County,2021,2187,6399990
18522,65,0,LAKE COUNTY,2021,7400,6500000
18523,65,44320,Leadville,2021,2614,6544320
18524,65,99990,Unincorporated Lake County,2021,4786,6599990
18525,67,0,LA PLATA COUNTY,2021,56179,6700000
18526,67,5265,Bayfield,2021,2890,6705265
18527,67,22035,Durango,2021,19106,6722035
18528,67,38535,Ignacio,2021,858,6738535
18529,67,99990,Unincorporated La Plata County,2021,33325,6799990
18530,69,0,LARIMER COUNTY,2021,362836,6900000
18531,69,6255,Berthoud (Part),2021,11053,6906255
18532,69,25115,Estes Park,2021,5888,6925115
18533,69,27425,Fort Collins,2021,169441,6927425
18534,69,39855,Johnstown (Part),2021,5463,6939855
18535,69,46465,Loveland,2021,77644,6946465
18536,69,77510,Timnath (Part),2021,7510,6977510
18537,69,83230,Wellington,2021,11513,6983230
18538,69,85485,Windsor (Part),2021,7975,6985485
18539,69,99990,Unincorporated Larimer County,2021,66349,6999990
18540,71,0,LAS ANIMAS COUNTY,2021,14333,7100000
18541,71,760,Aguilar,2021,458,7100760
18542,71,8345,Branson,2021,57,7108345
18543,71,15550,Cokedale,2021,128,7115550
18544,71,40570,Kim,2021,63,7140570
18545,71,73715,Starkville,2021,62,7173715
18546,71,78610,Trinidad,2021,8351,7178610
18547,71,99990,Unincorporated Las Animas County,2021,5214,7199990
18548,73,0,LINCOLN COUNTY,2021,5476,7300000
18549,73,3235,Arriba,2021,203,7303235
18550,73,29680,Genoa,2021,152,7329680
18551,73,37875,Hugo,2021,791,7337875
18552,73,44980,Limon,2021,2043,7344980
18553,73,99990,Unincorporated Lincoln County,2021,2287,7399990
18554,75,0,LOGAN COUNTY,2021,20997,7500000
18555,75,18640,Crook,2021,132,7518640
18556,75,26875,Fleming,2021,426,7526875
18557,75,38590,Iliff,2021,245,7538590
18558,75,50040,Merino,2021,282,7550040
18559,75,58235,Peetz,2021,212,7558235
18560,75,73935,Sterling,2021,13197,7573935
18561,75,99990,Unincorporated Logan County,2021,6503,7599990
18562,77,0,MESA COUNTY,2021,157465,7700000
18563,77,15605,Collbran,2021,368,7715605
18564,77,19355,De Beque,2021,492,7719355
18565,77,28745,Fruita,2021,13563,7728745
18566,77,31660,Grand Junction,2021,66918,7731660
18567,77,56970,Palisade,2021,2568,7756970
18568,77,99990,Unincorporated Mesa County,2021,73556,7799990
18569,79,0,MINERAL COUNTY,2021,926,7900000
18570,79,14765,City of Creede,2021,262,7914765
18571,79,99990,Unincorporated Mineral County,2021,664,7999990
18572,81,0,MOFFAT COUNTY,2021,13163,8100000
18573,81,17760,Craig,2021,8944,8117760
18574,81,20495,Dinosaur,2021,240,8120495
18575,81,99990,Unincorporated Moffat County,2021,3979,8199990
18576,83,0,MONTEZUMA COUNTY,2021,26256,8300000
18577,83,17375,Cortez,2021,8900,8317375
18578,83,20770,Dolores,2021,906,8320770
18579,83,48115,Mancos,2021,1213,8348115
18580,83,99990,Unincorporated Montezuma County,2021,15237,8399990
18581,85,0,MONTROSE COUNTY,2021,43242,8500000
18582,85,51745,Montrose,2021,20757,8551745
18583,85,53120,Naturita,2021,483,8553120
18584,85,54935,Nucla,2021,582,8554935
18585,85,55540,Olathe,2021,1989,8555540
18586,85,99990,Unincorporated Montrose County,2021,19431,8599990
18587,87,0,MORGAN COUNTY,2021,29017,8700000
18588,87,9555,Brush,2021,5280,8709555
18589,87,27810,Fort Morgan,2021,11423,8727810
18590,87,36610,Hillrose,2021,307,8736610
18591,87,45695,Log Lane Village,2021,899,8745695
18592,87,84770,Wiggins,2021,1569,8784770
18593,87,99990,Unincorporated Morgan County,2021,9539,8799990
18594,89,0,OTERO COUNTY,2021,18527,8900000
18595,89,13460,Cheraw,2021,236,8913460
18596,89,27975,Fowler,2021,1239,8927975
18597,89,42110,La Junta,2021,7207,8942110
18598,89,48500,Manzanola,2021,339,8948500
18599,89,65190,Rocky Ford,2021,3853,8965190
18600,89,75970,Swink,2021,605,8975970
18601,89,99990,Unincorporated Otero County,2021,5048,8999990
18602,91,0,OURAY COUNTY,2021,5052,9100000
18603,91,56420,Ouray,2021,923,9156420
18604,91,64200,Ridgway,2021,1219,9164200
18605,91,99990,Unincorporated Ouray County,2021,2910,9199990
18606,93,0,PARK COUNTY,2021,17740,9300000
18607,93,1530,Alma,2021,299,9301530
18608,93,25610,Fairplay,2021,732,9325610
18609,93,99990,Unincorporated Park County,2021,16709,9399990
18610,95,0,PHILLIPS COUNTY,2021,4499,9500000
18611,95,34960,Haxtun,2021,975,9534960
18612,95,37270,Holyoke,2021,2322,9537270
18613,95,57245,Paoli,2021,51,9557245
18614,95,99990,Unincorporated Phillips County,2021,1151,9599990
18615,97,0,PITKIN COUNTY,2021,17341,9700000
18616,97,3620,Aspen,2021,6943,9703620
18617,97,4935,Basalt (Part),2021,1089,9704935
18618,97,71755,Snowmass Village,2021,3099,9771755
18619,97,99990,Unincorporated Pitkin County,2021,6210,9799990
18620,99,0,PROWERS COUNTY,2021,11937,9900000
18621,99,31550,Granada,2021,443,9931550
18622,99,34520,Hartman,2021,56,9934520
18623,99,37215,Holly,2021,835,9937215
18624,99,43110,Lamar,2021,7630,9943110
18625,99,85045,Wiley,2021,435,9985045
18626,99,99990,Unincorporated Prowers County,2021,2538,9999990
18627,101,0,PUEBLO COUNTY,2021,169307,10100000
18628,101,7795,Boone,2021,306,10107795
18629,101,62000,Pueblo,2021,112119,10162000
18630,101,66895,Rye,2021,206,10166895
18631,101,99990,Unincorporated Pueblo County,2021,56676,10199990
18632,103,0,RIO BLANCO COUNTY,2021,6445,10300000
18633,103,49875,Meeker,2021,2342,10349875
18634,103,62880,Rangely,2021,2245,10362880
18635,103,99990,Unincorporated Rio Blanco County,2021,1858,10399990
18636,105,0,RIO GRANDE COUNTY,2021,11408,10500000
18637,105,12855,Center (Part),2021,43,10512855
18638,105,19795,Del Norte,2021,1438,10519795
18639,105,51635,Monte Vista,2021,4180,10551635
18640,105,72395,South Fork,2021,507,10572395
18641,105,99990,Unincorporated Rio Grande County,2021,5240,10599990
18642,107,0,ROUTT COUNTY,2021,25068,10700000
18643,107,35070,Hayden,2021,1973,10735070
18644,107,55155,Oak Creek,2021,868,10755155
18645,107,73825,Steamboat Springs,2021,13272,10773825
18646,107,86475,Yampa,2021,405,10786475
18647,107,99990,Unincorporated Routt County,2021,8550,10799990
18648,109,0,SAGUACHE COUNTY,2021,6509,10900000
18649,109,7571,Bonanza City,2021,17,10907571
18650,109,12855,Center (Part),2021,1897,10912855
18651,109,18420,Crestone,2021,149,10918420
18652,109,51250,Moffat,2021,109,10951250
18653,109,67005,Saguache,2021,533,10967005
18654,109,99990,Unincorporated Saguache County,2021,3804,10999990
18655,111,0,SAN JUAN COUNTY,2021,741,11100000
18656,111,70580,Silverton,2021,654,11170580
18657,111,99990,Unincorporated San Juan County,2021,87,11199990
18658,113,0,SAN MIGUEL COUNTY,2021,8080,11300000
18659,113,52550,Mountain Village,2021,1268,11352550
18660,113,54880,Norwood,2021,537,11354880
18661,113,55870,Ophir,2021,198,11355870
18662,113,68655,Sawpit,2021,38,11368655
18663,113,76795,Telluride,2021,2599,11376795
18664,113,99990,Unincorporated San Miguel County,2021,3440,11399990
18665,115,0,SEDGWICK COUNTY,2021,2332,11500000
18666,115,39965,Julesburg,2021,1266,11539965
18667,115,56475,Ovid,2021,263,11556475
18668,115,68930,Sedgwick,2021,167,11568930
18669,115,99990,Unincorporated Sedgwick County,2021,636,11599990
18670,117,0,SUMMIT COUNTY,2021,31235,11700000
18671,117,7410,Blue River,2021,860,11707410
18672,117,8400,Breckenridge,2021,4985,11708400
18673,117,20440,Dillon,2021,1056,11720440
18674,117,28690,Frisco,2021,2857,11728690
18675,117,40550,Keystone,2021,,11740555
18676,117,51690,Montezuma,2021,72,11751690
18677,117,70525,Silverthorne,2021,4623,11770525
18678,117,99990,Unincorporated Summit County,2021,16782,11799990
18679,119,0,TELLER COUNTY,2021,24954,11900000
18680,119,18530,Cripple Creek,2021,1155,11918530
18681,119,32650,Green Mountain Falls (Part),2021,24,11932650
18682,119,80865,Victor,2021,378,11980865
18683,119,86090,Woodland Park,2021,7976,11986090
18684,119,99990,Unincorporated Teller County,2021,15421,11999990
18685,121,0,WASHINGTON COUNTY,2021,4871,12100000
18686,121,925,Akron,2021,1766,12100925
18687,121,56365,Otis,2021,517,12156365
18688,121,99990,Unincorporated Washington County,2021,2588,12199990
18689,123,0,WELD COUNTY,2021,339934,12300000
18690,123,3950,Ault,2021,2379,12303950
18691,123,6255,Berthoud (Part),2021,259,12306255
18692,123,8675,Brighton (Part),2021,359,12308675
18693,123,19080,Dacono,2021,6428,12319080
18694,123,22860,Eaton,2021,5774,12322860
18695,123,24950,Erie (Part),2021,18191,12324950
18696,123,25280,Evans,2021,22718,12325280
18697,123,26600,Firestone,2021,17241,12326600
18698,123,27700,Fort Lupton,2021,8244,12327700
18699,123,28360,Frederick,2021,15614,12328360
18700,123,29185,Garden City,2021,256,12329185
18701,123,29955,Gilcrest,2021,1020,12329955
18702,123,32155,Greeley,2021,109670,12332155
18703,123,33310,Grover,2021,156,12333310
18704,123,37820,Hudson,2021,1642,12337820
18705,123,39855,Johnstown (Part),2021,12474,12339855
18706,123,40185,Keenesburg,2021,1724,12340185
18707,123,40515,Kersey,2021,1479,12340515
18708,123,43605,La Salle,2021,2339,12343605
18709,123,45530,Lochbuie (Part),2021,8131,12345530
18710,123,45970,Longmont (Part),2021,1287,12345970
18711,123,49600,Mead,2021,5338,12349600
18712,123,50480,Milliken,2021,8748,12350480
18713,123,54330,Northglenn (Part),2021,25,12354330
18714,123,55045,Nunn,2021,512,12355045
18715,123,59005,Pierce,2021,1098,12359005
18716,123,60160,Platteville,2021,2930,12360160
18717,123,63045,Raymer,2021,109,12363045
18718,123,69150,Severance,2021,9678,12369150
18719,123,77290,Thornton (Part),2021,0,12377290
18720,123,77510,Timnath (Part),2021,5,12377510
18721,123,85485,Windsor (Part),2021,27315,12385485
18722,123,99990,Unincorporated Weld County,2021,46791,12399990
18723,125,0,YUMA COUNTY,2021,9932,12500000
18724,125,23025,Eckley,2021,233,12523025
18725,125,86310,Wray,2021,2336,12586310
18726,125,86750,Yuma,2021,3433,12586750
18727,125,99990,Unincorporated Yuma County,2021,3930,12599990
18728,999,3455,Arvada (Total),2021,123866,99903455
18729,999,4000,Aurora (Total),2021,389613,99904000
18730,999,4935,Basalt (Total),2021,4022,99904935
18731,999,6090,Bennett (Total),2021,3319,99906090
18732,999,6255,Berthoud (Total),2021,11312,99906255
18733,999,8070,Bow Mar (Total),2021,848,99908070
18734,999,8675,Brighton (Total),2021,40755,99908675
18735,999,12855,Center (Total),2021,1940,99912855
18736,999,12910,Central City (Total),2021,786,99912910
18737,999,24950,Erie (Total),2021,31317,99924950
18738,999,32650,Green Mountain Falls (Total),2021,643,99932650
18739,999,39855,Johnstown (Total),2021,17937,99939855
18740,999,45255,Littleton (Total),2021,46233,99945255
18741,999,45530,Lochbuie (Total),2021,8132,99945530
18742,999,45970,Longmont (Total),2021,99686,99945970
18743,999,54330,Northglenn (Total),2021,37718,99954330
18744,999,75640,Superior (Total),2021,12903,99975640
18745,999,77290,Thornton (Total),2021,142614,99977290
18746,999,77510,Timnath (Total),2021,7515,99977510
18747,999,83835,Westminster (Total),2021,115165,99983835
18748,999,85485,Windsor (Total),2021,35290,99985485
18749,0,0,COLORADO STATE,2022,5850121,0
18750,1,0,ADAMS COUNTY,2022,528201,100000
18751,1,3455,Arvada (Part),2022,2800,103455
18752,1,4000,Aurora (Part),2022,50971,104000
18753,1,6090,Bennett (Part),2022,3138,106090
18754,1,8675,Brighton (Part),2022,41395,108675
18755,1,16495,Commerce City,2022,65663,116495
18756,1,26270,Federal Heights,2022,14148,126270
18757,1,45530,Lochbuie (Part),2022,34,145530
18758,1,54330,Northglenn (Part),2022,37542,154330
18759,1,77290,Thornton (Part),2022,143043,177290
18760,1,83835,Westminster (Part),2022,70677,183835
18761,1,99990,Unincorporated Adams County,2022,98790,199990
18762,3,0,ALAMOSA COUNTY,2022,16593,300000
18763,3,1090,Alamosa,2022,9872,301090
18764,3,37380,Hooper,2022,80,337380
18765,3,99990,Unincorporated Alamosa County,2022,6641,399990
18766,5,0,ARAPAHOE COUNTY,2022,658069,500000
18767,5,4000,Aurora (Part),2022,337759,504000
18768,5,6090,Bennett (Part),2022,426,506090
18769,5,8070,Bow Mar (Part),2022,585,508070
18770,5,12815,Centennial,2022,108105,512815
18771,5,13845,Cherry Hills Village,2022,6434,513845
18772,5,16385,Columbine Valley,2022,1527,516385
18773,5,19630,Deer Trail,2022,1165,519630
18774,5,24785,Englewood,2022,33737,524785
18775,5,28105,Foxfield,2022,753,528105
18776,5,30340,Glendale,2022,4598,530340
18777,5,33035,Greenwood Village,2022,15663,533035
18778,5,45255,Littleton (Part),2022,43343,545255
18779,5,69645,Sheridan,2022,6083,569645
18780,5,99990,Unincorporated Arapahoe County,2022,97891,599990
18781,7,0,ARCHULETA COUNTY,2022,13993,700000
18782,7,56860,Pagosa Springs,2022,1670,756860
18783,7,99990,Unincorporated Archuleta County,2022,12323,799990
18784,9,0,BACA COUNTY,2022,3434,900000
18785,9,11645,Campo,2022,100,911645
18786,9,61315,Pritchett,2022,109,961315
18787,9,73330,Springfield,2022,1305,973330
18788,9,79270,Two Buttes,2022,33,979270
18789,9,81030,Vilas,2022,95,981030
18790,9,82460,Walsh,2022,532,982460
18791,9,99990,Unincorporated Baca County,2022,1260,999990
18792,11,0,BENT COUNTY,2022,5425,1100000
18793,11,43660,Las Animas,2022,2315,1143660
18794,11,99990,Unincorporated Bent County,2022,3110,1199990
18795,13,0,BOULDER COUNTY,2022,328029,1300000
18796,13,7850,Boulder,2022,107148,1307850
18797,13,24950,Erie (Part),2022,14382,1324950
18798,13,39195,Jamestown,2022,249,1339195
18799,13,41835,Lafayette,2022,30798,1341835
18800,13,45970,Longmont (Part),2022,98248,1345970
18801,13,46355,Louisville,2022,19520,1346355
18802,13,47070,Lyons,2022,2145,1347070
18803,13,53175,Nederland,2022,1451,1353175
18804,13,75640,Superior (Part),2022,11998,1375640
18805,13,82735,Ward,2022,127,1382735
18806,13,99990,Unincorporated Boulder County,2022,41963,1399990
18807,14,0,BROOMFIELD COUNTY,2022,76269,1400000
18808,14,9280,Broomfield,2022,76269,1409280
18809,15,0,CHAFFEE COUNTY,2022,20255,1500000
18810,15,10105,Buena Vista,2022,3002,1510105
18811,15,60600,Poncha Springs,2022,1270,1560600
18812,15,67280,Salida,2022,5925,1567280
18813,15,99990,Unincorporated Chaffee County,2022,10058,1599990
18814,17,0,CHEYENNE COUNTY,2022,1733,1700000
18815,17,14175,Cheyenne Wells,2022,733,1714175
18816,17,41010,Kit Carson,2022,247,1741010
18817,17,99990,Unincorporated Cheyenne County,2022,753,1799990
18818,19,0,CLEAR CREEK COUNTY,2022,9360,1900000
18819,19,12910,Central City (Part),2022,0,1912910
18820,19,24620,Empire,2022,339,1924620
18821,19,29735,Georgetown,2022,1201,1929735
18822,19,38370,Idaho Springs,2022,1778,1938370
18823,19,70360,Silver Plume,2022,202,1970360
18824,19,99990,Unincorporated Clear Creek County,2022,5840,1999990
18825,21,0,CONEJOS COUNTY,2022,7567,2100000
18826,21,2355,Antonito,2022,639,2102355
18827,21,42055,La Jara,2022,725,2142055
18828,21,48060,Manassa,2022,958,2148060
18829,21,65740,Romeo,2022,305,2165740
18830,21,67830,Sanford,2022,899,2167830
18831,21,99990,Unincorporated Conejos County,2022,4041,2199990
18832,23,0,COSTILLA COUNTY,2022,3615,2300000
18833,23,7190,Blanca,2022,332,2307190
18834,23,68105,San Luis,2022,619,2368105
18835,23,99990,Unincorporated Costilla County,2022,2664,2399990
18836,25,0,CROWLEY COUNTY,2022,5605,2500000
18837,25,18750,Crowley,2022,166,2518750
18838,25,55705,Olney Springs,2022,316,2555705
18839,25,56145,Ordway,2022,1102,2556145
18840,25,74815,Sugar City,2022,263,2574815
18841,25,99990,Unincorporated Crowley County,2022,3758,2599990
18842,27,0,CUSTER COUNTY,2022,5339,2700000
18843,27,70250,Silver Cliff,2022,678,2770250
18844,27,83450,Westcliffe,2022,489,2783450
18845,27,99990,Unincorporated Custer County,2022,4172,2799990
18846,29,0,DELTA COUNTY,2022,31576,2900000
18847,29,12635,Cedaredge,2022,2377,2912635
18848,29,17925,Crawford,2022,411,2917925
18849,29,19850,Delta,2022,9282,2919850
18850,29,37545,Hotchkiss,2022,910,2937545
18851,29,55980,Orchard City,2022,3241,2955980
18852,29,57300,Paonia,2022,1466,2957300
18853,29,99990,Unincorporated Delta County,2022,13889,2999990
18854,31,0,DENVER COUNTY,2022,714747,3100000
18855,31,20000,Denver,2022,714747,3120000
18856,33,0,DOLORES COUNTY,2022,2205,3300000
18857,33,21265,Dove Creek,2022,659,3321265
18858,33,64090,Rico,2022,317,3364090
18859,33,99990,Unincorporated Dolores County,2022,1229,3399990
18860,35,0,DOUGLAS COUNTY,2022,376444,3500000
18861,35,4000,Aurora (Part),2022,3844,3504000
18862,35,12387,Castle Pines,2022,13555,3512387
18863,35,12415,Castle Rock,2022,79907,3512415
18864,35,43550,Larkspur,2022,208,3543550
18865,35,45255,Littleton (Part),2022,632,3545255
18866,35,45955,Lone Tree,2022,14203,3545955
18867,35,57630,Parker,2022,61373,3557630
18868,35,99990,Unincorporated Douglas County,2022,202722,3599990
18869,37,0,EAGLE COUNTY,2022,55318,3700000
18870,37,4110,Avon,2022,6211,3704110
18871,37,4935,Basalt (Part),2022,2956,3704935
18872,37,22200,Eagle,2022,7504,3722200
18873,37,33695,Gypsum,2022,8982,3733695
18874,37,50920,Minturn,2022,982,3750920
18875,37,63265,Red Cliff,2022,246,3763265
18876,37,80040,Vail,2022,4607,3780040
18877,37,99990,Unincorporated Eagle County,2022,23830,3799990
18878,39,0,ELBERT COUNTY,2022,27825,3900000
18879,39,23740,Elizabeth,2022,2282,3923740
18880,39,40790,Kiowa,2022,716,3940790
18881,39,70635,Simla,2022,602,3970635
18882,39,99990,Unincorporated Elbert County,2022,24225,3999990
18883,41,0,EL PASO COUNTY,2022,742583,4100000
18884,41,11260,Calhan,2022,763,4111260
18885,41,16000,Colorado Springs,2022,487774,4116000
18886,41,27865,Fountain,2022,29856,4127865
18887,41,32650,Green Mountain Falls (Part),2022,619,4132650
18888,41,48445,Manitou Springs,2022,4845,4148445
18889,41,51800,Monument,2022,10809,4151800
18890,41,57025,Palmer Lake,2022,2651,4157025
18891,41,62660,Ramah,2022,110,4162660
18892,41,99990,Unincorporated El Paso County,2022,205156,4199990
18893,43,0,FREMONT COUNTY,2022,49588,4300000
18894,43,9115,Brookside,2022,241,4309115
18895,43,11810,Canon City,2022,17404,4311810
18896,43,15330,Coal Creek,2022,375,4315330
18897,43,27040,Florence,2022,3833,4327040
18898,43,64970,Rockvale,2022,550,4364970
18899,43,85155,Williamsburg,2022,757,4385155
18900,43,99990,Unincorporated Fremont County,2022,26428,4399990
18901,45,0,GARFIELD COUNTY,2022,62371,4500000
18902,45,12030,Carbonate,2022,0,4512030
18903,45,12045,Carbondale,2022,6435,4512045
18904,45,30780,Glenwood Springs,2022,10194,4530780
18905,45,53395,New Castle,2022,4928,4553395
18906,45,57400,Parachute,2022,1378,4557400
18907,45,64255,Rifle,2022,10583,4564255
18908,45,70195,Silt,2022,3707,4570195
18909,45,99990,Unincorporated Garfield County,2022,25146,4599990
18910,47,0,GILPIN COUNTY,2022,5913,4700000
18911,47,7025,Black Hawk,2022,126,4707025
18912,47,12910,Central City (Part),2022,784,4712910
18913,47,99990,Unincorporated Gilpin County,2022,5003,4799990
18914,49,0,GRAND COUNTY,2022,15759,4900000
18915,49,28305,Fraser,2022,1391,4928305
18916,49,31605,Granby,2022,2088,4931605
18917,49,31715,Grand Lake,2022,406,4931715
18918,49,37600,Hot Sulphur Springs,2022,681,4937600
18919,49,41560,Kremmling,2022,1501,4941560
18920,49,85705,Winter Park,2022,1014,4985705
18921,49,99990,Unincorporated Grand County,2022,8678,4999990
18922,51,0,GUNNISON COUNTY,2022,17318,5100000
18923,51,18310,Crested Butte,2022,1656,5118310
18924,51,33640,Gunnison,2022,6802,5133640
18925,51,48555,Marble,2022,136,5148555
18926,51,52570,Mount Crested Butte/G,2022,953,5152570
18927,51,59830,Pitkin,2022,72,5159830
18928,51,99990,Unincorporated Gunnison County,2022,7699,5199990
18929,53,0,HINSDALE COUNTY,2022,779,5300000
18930,53,42330,Lake City,2022,430,5342330
18931,53,99990,Unincorporated Hinsdale County,2022,349,5399990
18932,55,0,HUERFANO COUNTY,2022,7101,5500000
18933,55,44100,La Veta,2022,941,5544100
18934,55,82350,Walsenburg,2022,3102,5582350
18935,55,99990,Unincorporated Huerfano County,2022,3058,5599990
18936,57,0,JACKSON COUNTY,2022,1314,5700000
18937,57,82130,Walden,2022,575,5782130
18938,57,99990,Unincorporated Jackson County,2022,739,5799990
18939,59,0,JEFFERSON COUNTY,2022,576580,5900000
18940,59,3455,Arvada (Part),2022,118979,5903455
18941,59,8070,Bow Mar (Part),2022,257,5908070
18942,59,23135,Edgewater,2022,4950,5923135
18943,59,30835,Golden,2022,20435,5930835
18944,59,42495,Lakeside,2022,15,5942495
18945,59,43000,Lakewood,2022,155474,5943000
18946,59,45255,Littleton (Part),2022,2232,5945255
18947,59,52075,Morrison,2022,373,5952075
18948,59,52350,Mountain View,2022,523,5952350
18949,59,75640,Superior (Part),2022,0,5975640
18950,59,83835,Westminster (Part),2022,44860,5983835
18951,59,84440,Wheat Ridge,2022,32571,5984440
18952,59,99990,Unincorporated Jefferson County,2022,195911,5999990
18953,61,0,KIOWA COUNTY,2022,1430,6100000
18954,61,22145,Eads,2022,654,6122145
18955,61,34740,Haswell,2022,71,6134740
18956,61,69700,Sheridan Lake,2022,55,6169700
18957,61,99990,Unincorporated Kiowa County,2022,650,6199990
18958,63,0,KIT CARSON COUNTY,2022,7011,6300000
18959,63,6530,Bethune,2022,180,6306530
18960,63,10600,Burlington,2022,3130,6310600
18961,63,26765,Flagler,2022,579,6326765
18962,63,69040,Seibert,2022,172,6369040
18963,63,74485,Stratton,2022,646,6374485
18964,63,81690,Vona,2022,94,6381690
18965,63,99990,Unincorporated Kit Carson County,2022,2210,6399990
18966,65,0,LAKE COUNTY,2022,7353,6500000
18967,65,44320,Leadville,2022,2626,6544320
18968,65,99990,Unincorporated Lake County,2022,4727,6599990
18969,67,0,LA PLATA COUNTY,2022,56571,6700000
18970,67,5265,Bayfield,2022,2900,6705265
18971,67,22035,Durango,2022,19482,6722035
18972,67,38535,Ignacio,2022,850,6738535
18973,67,99990,Unincorporated La Plata County,2022,33339,6799990
18974,69,0,LARIMER COUNTY,2022,368062,6900000
18975,69,6255,Berthoud (Part),2022,11827,6906255
18976,69,25115,Estes Park,2022,5905,6925115
18977,69,27425,Fort Collins,2022,170945,6927425
18978,69,39855,Johnstown (Part),2022,5990,6939855
18979,69,46465,Loveland,2022,78654,6946465
18980,69,77510,Timnath (Part),2022,8302,6977510
18981,69,83230,Wellington,2022,11773,6983230
18982,69,85485,Windsor (Part),2022,8160,6985485
18983,69,99990,Unincorporated Larimer County,2022,66506,6999990
18984,71,0,LAS ANIMAS COUNTY,2022,14308,7100000
18985,71,760,Aguilar,2022,455,7100760
18986,71,8345,Branson,2022,57,7108345
18987,71,15550,Cokedale,2022,127,7115550
18988,71,40570,Kim,2022,64,7140570
18989,71,73715,Starkville,2022,62,7173715
18990,71,78610,Trinidad,2022,8304,7178610
18991,71,99990,Unincorporated Las Animas County,2022,5239,7199990
18992,73,0,LINCOLN COUNTY,2022,5522,7300000
18993,73,3235,Arriba,2022,202,7303235
18994,73,29680,Genoa,2022,151,7329680
18995,73,37875,Hugo,2022,786,7337875
18996,73,44980,Limon,2022,2032,7344980
18997,73,99990,Unincorporated Lincoln County,2022,2351,7399990
18998,75,0,LOGAN COUNTY,2022,20816,7500000
18999,75,18640,Crook,2022,131,7518640
19000,75,26875,Fleming,2022,422,7526875
19001,75,38590,Iliff,2022,245,7538590
19002,75,50040,Merino,2022,280,7550040
19003,75,58235,Peetz,2022,209,7558235
19004,75,73935,Sterling,2022,13070,7573935
19005,75,99990,Unincorporated Logan County,2022,6459,7599990
19006,77,0,MESA COUNTY,2022,158596,7700000
19007,77,15605,Collbran,2022,368,7715605
19008,77,19355,De Beque,2022,492,7719355
19009,77,28745,Fruita,2022,13619,7728745
19010,77,31660,Grand Junction,2022,67824,7731660
19011,77,56970,Palisade,2022,2588,7756970
19012,77,99990,Unincorporated Mesa County,2022,73705,7799990
19013,79,0,MINERAL COUNTY,2022,924,7900000
19014,79,14765,City of Creede,2022,260,7914765
19015,79,99990,Unincorporated Mineral County,2022,664,7999990
19016,81,0,MOFFAT COUNTY,2022,13169,8100000
19017,81,17760,Craig,2022,8948,8117760
19018,81,20495,Dinosaur,2022,240,8120495
19019,81,99990,Unincorporated Moffat County,2022,3981,8199990
19020,83,0,MONTEZUMA COUNTY,2022,26511,8300000
19021,83,17375,Cortez,2022,9000,8317375
19022,83,20770,Dolores,2022,919,8320770
19023,83,48115,Mancos,2022,1231,8348115
19024,83,99990,Unincorporated Montezuma County,2022,15361,8399990
19025,85,0,MONTROSE COUNTY,2022,43847,8500000
19026,85,51745,Montrose,2022,21105,8551745
19027,85,53120,Naturita,2022,484,8553120
19028,85,54935,Nucla,2022,581,8554935
19029,85,55540,Olathe,2022,1983,8555540
19030,85,99990,Unincorporated Montrose County,2022,19694,8599990
19031,87,0,MORGAN COUNTY,2022,29396,8700000
19032,87,9555,Brush,2022,5281,8709555
19033,87,27810,Fort Morgan,2022,11577,8727810
19034,87,36610,Hillrose,2022,306,8736610
19035,87,45695,Log Lane Village,2022,897,8745695
19036,87,84770,Wiggins,2022,1740,8784770
19037,87,99990,Unincorporated Morgan County,2022,9595,8799990
19038,89,0,OTERO COUNTY,2022,18277,8900000
19039,89,13460,Cheraw,2022,232,8913460
19040,89,27975,Fowler,2022,1219,8927975
19041,89,42110,La Junta,2022,7097,8942110
19042,89,48500,Manzanola,2022,334,8948500
19043,89,65190,Rocky Ford,2022,3798,8965190
19044,89,75970,Swink,2022,600,8975970
19045,89,99990,Unincorporated Otero County,2022,4997,8999990
19046,91,0,OURAY COUNTY,2022,5096,9100000
19047,91,56420,Ouray,2022,928,9156420
19048,91,64200,Ridgway,2022,1217,9164200
19049,91,99990,Unincorporated Ouray County,2022,2951,9199990
19050,93,0,PARK COUNTY,2022,17914,9300000
19051,93,1530,Alma,2022,309,9301530
19052,93,25610,Fairplay,2022,731,9325610
19053,93,99990,Unincorporated Park County,2022,16874,9399990
19054,95,0,PHILLIPS COUNTY,2022,4450,9500000
19055,95,34960,Haxtun,2022,962,9534960
19056,95,37270,Holyoke,2022,2289,9537270
19057,95,57245,Paoli,2022,50,9557245
19058,95,99990,Unincorporated Phillips County,2022,1149,9599990
19059,97,0,PITKIN COUNTY,2022,16868,9700000
19060,97,3620,Aspen,2022,6721,9703620
19061,97,4935,Basalt (Part),2022,1075,9704935
19062,97,71755,Snowmass Village,2022,3014,9771755
19063,97,99990,Unincorporated Pitkin County,2022,6058,9799990
19064,99,0,PROWERS COUNTY,2022,11825,9900000
19065,99,31550,Granada,2022,439,9931550
19066,99,34520,Hartman,2022,55,9934520
19067,99,37215,Holly,2022,821,9937215
19068,99,43110,Lamar,2022,7559,9943110
19069,99,85045,Wiley,2022,431,9985045
19070,99,99990,Unincorporated Prowers County,2022,2520,9999990
19071,101,0,PUEBLO COUNTY,2022,169404,10100000
19072,101,7795,Boone,2022,306,10107795
19073,101,62000,Pueblo,2022,112301,10162000
19074,101,66895,Rye,2022,206,10166895
19075,101,99990,Unincorporated Pueblo County,2022,56591,10199990
19076,103,0,RIO BLANCO COUNTY,2022,6557,10300000
19077,103,49875,Meeker,2022,2373,10349875
19078,103,62880,Rangely,2022,2286,10362880
19079,103,99990,Unincorporated Rio Blanco County,2022,1898,10399990
19080,105,0,RIO GRANDE COUNTY,2022,11330,10500000
19081,105,12855,Center (Part),2022,43,10512855
19082,105,19795,Del Norte,2022,1416,10519795
19083,105,51635,Monte Vista,2022,4130,10551635
19084,105,72395,South Fork,2022,510,10572395
19085,105,99990,Unincorporated Rio Grande County,2022,5231,10599990
19086,107,0,ROUTT COUNTY,2022,25105,10700000
19087,107,35070,Hayden,2022,1964,10735070
19088,107,55155,Oak Creek,2022,865,10755155
19089,107,73825,Steamboat Springs,2022,13325,10773825
19090,107,86475,Yampa,2022,400,10786475
19091,107,99990,Unincorporated Routt County,2022,8551,10799990
19092,109,0,SAGUACHE COUNTY,2022,6623,10900000
19093,109,7571,Bonanza City,2022,17,10907571
19094,109,12855,Center (Part),2022,1887,10912855
19095,109,18420,Crestone,2022,149,10918420
19096,109,51250,Moffat,2022,108,10951250
19097,109,67005,Saguache,2022,530,10967005
19098,109,99990,Unincorporated Saguache County,2022,3932,10999990
19099,111,0,SAN JUAN COUNTY,2022,800,11100000
19100,111,70580,Silverton,2022,707,11170580
19101,111,99990,Unincorporated San Juan County,2022,93,11199990
19102,113,0,SAN MIGUEL COUNTY,2022,8006,11300000
19103,113,52550,Mountain Village,2022,1248,11352550
19104,113,54880,Norwood,2022,575,11354880
19105,113,55870,Ophir,2022,197,11355870
19106,113,68655,Sawpit,2022,37,11368655
19107,113,76795,Telluride,2022,2554,11376795
19108,113,99990,Unincorporated San Miguel County,2022,3395,11399990
19109,115,0,SEDGWICK COUNTY,2022,2297,11500000
19110,115,39965,Julesburg,2022,1244,11539965
19111,115,56475,Ovid,2022,260,11556475
19112,115,68930,Sedgwick,2022,165,11568930
19113,115,99990,Unincorporated Sedgwick County,2022,628,11599990
19114,117,0,SUMMIT COUNTY,2022,30907,11700000
19115,117,7410,Blue River,2022,846,11707410
19116,117,8400,Breckenridge,2022,4943,11708400
19117,117,20440,Dillon,2022,1032,11720440
19118,117,28690,Frisco,2022,2783,11728690
19119,117,40550,Keystone,2022,,11740555
19120,117,51690,Montezuma,2022,70,11751690
19121,117,70525,Silverthorne,2022,4823,11770525
19122,117,99990,Unincorporated Summit County,2022,16410,11799990
19123,119,0,TELLER COUNTY,2022,24859,11900000
19124,119,18530,Cripple Creek,2022,1138,11918530
19125,119,32650,Green Mountain Falls (Part),2022,24,11932650
19126,119,80865,Victor,2022,371,11980865
19127,119,86090,Woodland Park,2022,7940,11986090
19128,119,99990,Unincorporated Teller County,2022,15386,11999990
19129,121,0,WASHINGTON COUNTY,2022,4840,12100000
19130,121,925,Akron,2022,1755,12100925
19131,121,56365,Otis,2022,514,12156365
19132,121,99990,Unincorporated Washington County,2022,2571,12199990
19133,123,0,WELD COUNTY,2022,350563,12300000
19134,123,3950,Ault,2022,2559,12303950
19135,123,6255,Berthoud (Part),2022,258,12306255
19136,123,8675,Brighton (Part),2022,358,12308675
19137,123,19080,Dacono,2022,6431,12319080
19138,123,22860,Eaton,2022,5811,12322860
19139,123,24950,Erie (Part),2022,19037,12324950
19140,123,25280,Evans,2022,22983,12325280
19141,123,26600,Firestone,2022,18074,12326600
19142,123,27700,Fort Lupton,2022,8752,12327700
19143,123,28360,Frederick,2022,16555,12328360
19144,123,29185,Garden City,2022,255,12329185
19145,123,29955,Gilcrest,2022,1022,12329955
19146,123,32155,Greeley,2022,110732,12332155
19147,123,33310,Grover,2022,155,12333310
19148,123,37820,Hudson,2022,1639,12337820
19149,123,39855,Johnstown (Part),2022,12721,12339855
19150,123,40185,Keenesburg,2022,2066,12340185
19151,123,40515,Kersey,2022,1480,12340515
19152,123,43605,La Salle,2022,2335,12343605
19153,123,45530,Lochbuie (Part),2022,8131,12345530
19154,123,45970,Longmont (Part),2022,1285,12345970
19155,123,49600,Mead,2022,6257,12349600
19156,123,50480,Milliken,2022,9113,12350480
19157,123,54330,Northglenn (Part),2022,25,12354330
19158,123,55045,Nunn,2022,524,12355045
19159,123,59005,Pierce,2022,1096,12359005
19160,123,60160,Platteville,2022,2925,12360160
19161,123,63045,Raymer,2022,109,12363045
19162,123,69150,Severance,2022,10639,12369150
19163,123,77290,Thornton (Part),2022,0,12377290
19164,123,77510,Timnath (Part),2022,5,12377510
19165,123,85485,Windsor (Part),2022,29813,12385485
19166,123,99990,Unincorporated Weld County,2022,47418,12399990
19167,125,0,YUMA COUNTY,2022,9976,12500000
19168,125,23025,Eckley,2022,240,12523025
19169,125,86310,Wray,2022,2346,12586310
19170,125,86750,Yuma,2022,3440,12586750
19171,125,99990,Unincorporated Yuma County,2022,3950,12599990
19172,999,3455,Arvada (Total),2022,121779,99903455
19173,999,4000,Aurora (Total),2022,392574,99904000
19174,999,4935,Basalt (Total),2022,4031,99904935
19175,999,6090,Bennett (Total),2022,3564,99906090
19176,999,6255,Berthoud (Total),2022,12085,99906255
19177,999,8070,Bow Mar (Total),2022,842,99908070
19178,999,8675,Brighton (Total),2022,41753,99908675
19179,999,12855,Center (Total),2022,1930,99912855
19180,999,12910,Central City (Total),2022,784,99912910
19181,999,24950,Erie (Total),2022,33419,99924950
19182,999,32650,Green Mountain Falls (Total),2022,643,99932650
19183,999,39855,Johnstown (Total),2022,18711,99939855
19184,999,45255,Littleton (Total),2022,46207,99945255
19185,999,45530,Lochbuie (Total),2022,8165,99945530
19186,999,45970,Longmont (Total),2022,99533,99945970
19187,999,54330,Northglenn (Total),2022,37567,99954330
19188,999,75640,Superior (Total),2022,11998,99975640
19189,999,77290,Thornton (Total),2022,143043,99977290
19190,999,77510,Timnath (Total),2022,8307,99977510
19191,999,83835,Westminster (Total),2022,115537,99983835
19192,999,85485,Windsor (Total),2022,37973,99985485
19193,0,0,COLORADO STATE,2023,5900420,0
19194,1,0,ADAMS COUNTY,2023,535901,100000
19195,1,3455,Arvada (Part),2023,2785,103455
19196,1,4000,Aurora (Part),2023,52975,104000
19197,1,6090,Bennett (Part),2023,3254,106090
19198,1,8675,Brighton (Part),2023,42012,108675
19199,1,16495,Commerce City,2023,67923,116495
19200,1,26270,Federal Heights,2023,14140,126270
19201,1,45530,Lochbuie (Part),2023,114,145530
19202,1,54330,Northglenn (Part),2023,37783,154330
19203,1,77290,Thornton (Part),2023,144963,177290
19204,1,83835,Westminster (Part),2023,70616,183835
19205,1,99990,Unincorporated Adams County,2023,99336,199990
19206,3,0,ALAMOSA COUNTY,2023,16650,300000
19207,3,1090,Alamosa,2023,9885,301090
19208,3,37380,Hooper,2023,80,337380
19209,3,99990,Unincorporated Alamosa County,2023,6685,399990
19210,5,0,ARAPAHOE COUNTY,2023,661564,500000
19211,5,4000,Aurora (Part),2023,339299,504000
19212,5,6090,Bennett (Part),2023,428,506090
19213,5,8070,Bow Mar (Part),2023,585,508070
19214,5,12815,Centennial,2023,108956,512815
19215,5,13845,Cherry Hills Village,2023,6447,513845
19216,5,16385,Columbine Valley,2023,1547,516385
19217,5,19630,Deer Trail,2023,1245,519630
19218,5,24785,Englewood,2023,33948,524785
19219,5,28105,Foxfield,2023,753,528105
19220,5,30340,Glendale,2023,4598,530340
19221,5,33035,Greenwood Village,2023,15672,533035
19222,5,45255,Littleton (Part),2023,43553,545255
19223,5,69645,Sheridan,2023,6083,569645
19224,5,99990,Unincorporated Arapahoe County,2023,98450,599990
19225,7,0,ARCHULETA COUNTY,2023,14182,700000
19226,7,56860,Pagosa Springs,2023,1729,756860
19227,7,99990,Unincorporated Archuleta County,2023,12453,799990
19228,9,0,BACA COUNTY,2023,3389,900000
19229,9,11645,Campo,2023,99,911645
19230,9,61315,Pritchett,2023,107,961315
19231,9,73330,Springfield,2023,1292,973330
19232,9,79270,Two Buttes,2023,33,979270
19233,9,81030,Vilas,2023,94,981030
19234,9,82460,Walsh,2023,522,982460
19235,9,99990,Unincorporated Baca County,2023,1242,999990
19236,11,0,BENT COUNTY,2023,5700,1100000
19237,11,43660,Las Animas,2023,2363,1143660
19238,11,99990,Unincorporated Bent County,2023,3337,1199990
19239,13,0,BOULDER COUNTY,2023,328337,1300000
19240,13,7850,Boulder,2023,107302,1307850
19241,13,24950,Erie (Part),2023,15166,1324950
19242,13,39195,Jamestown,2023,246,1339195
19243,13,41835,Lafayette,2023,30621,1341835
19244,13,45970,Longmont (Part),2023,97484,1345970
19245,13,46355,Louisville,2023,19664,1346355
19246,13,47070,Lyons,2023,2170,1347070
19247,13,53175,Nederland,2023,1435,1353175
19248,13,75640,Superior (Part),2023,12593,1375640
19249,13,82735,Ward,2023,126,1382735
19250,13,99990,Unincorporated Boulder County,2023,41530,1399990
19251,14,0,BROOMFIELD COUNTY,2023,77133,1400000
19252,14,9280,Broomfield,2023,77133,1409280
19253,15,0,CHAFFEE COUNTY,2023,20602,1500000
19254,15,10105,Buena Vista,2023,3022,1510105
19255,15,60600,Poncha Springs,2023,1395,1560600
19256,15,67280,Salida,2023,6016,1567280
19257,15,99990,Unincorporated Chaffee County,2023,10169,1599990
19258,17,0,CHEYENNE COUNTY,2023,1741,1700000
19259,17,14175,Cheyenne Wells,2023,724,1714175
19260,17,41010,Kit Carson,2023,246,1741010
19261,17,99990,Unincorporated Cheyenne County,2023,771,1799990
19262,19,0,CLEAR CREEK COUNTY,2023,9164,1900000
19263,19,12910,Central City (Part),2023,0,1912910
19264,19,24620,Empire,2023,332,1924620
19265,19,29735,Georgetown,2023,1183,1929735
19266,19,38370,Idaho Springs,2023,1740,1938370
19267,19,70360,Silver Plume,2023,197,1970360
19268,19,99990,Unincorporated Clear Creek County,2023,5712,1999990
19269,21,0,CONEJOS COUNTY,2023,7492,2100000
19270,21,2355,Antonito,2023,625,2102355
19271,21,42055,La Jara,2023,708,2142055
19272,21,48060,Manassa,2023,948,2148060
19273,21,65740,Romeo,2023,303,2165740
19274,21,67830,Sanford,2023,888,2167830
19275,21,99990,Unincorporated Conejos County,2023,4020,2199990
19276,23,0,COSTILLA COUNTY,2023,3632,2300000
19277,23,7190,Blanca,2023,333,2307190
19278,23,68105,San Luis,2023,622,2368105
19279,23,99990,Unincorporated Costilla County,2023,2677,2399990
19280,25,0,CROWLEY COUNTY,2023,5639,2500000
19281,25,18750,Crowley,2023,159,2518750
19282,25,55705,Olney Springs,2023,302,2555705
19283,25,56145,Ordway,2023,1092,2556145
19284,25,74815,Sugar City,2023,251,2574815
19285,25,99990,Unincorporated Crowley County,2023,3835,2599990
19286,27,0,CUSTER COUNTY,2023,5551,2700000
19287,27,70250,Silver Cliff,2023,698,2770250
19288,27,83450,Westcliffe,2023,510,2783450
19289,27,99990,Unincorporated Custer County,2023,4343,2799990
19290,29,0,DELTA COUNTY,2023,31783,2900000
19291,29,12635,Cedaredge,2023,2429,2912635
19292,29,17925,Crawford,2023,416,2917925
19293,29,19850,Delta,2023,9454,2919850
19294,29,37545,Hotchkiss,2023,936,2937545
19295,29,55980,Orchard City,2023,3293,2955980
19296,29,57300,Paonia,2023,1469,2957300
19297,29,99990,Unincorporated Delta County,2023,13786,2999990
19298,31,0,DENVER COUNTY,2023,720885,3100000
19299,31,20000,Denver,2023,720885,3120000
19300,33,0,DOLORES COUNTY,2023,2271,3300000
19301,33,21265,Dove Creek,2023,674,3321265
19302,33,64090,Rico,2023,328,3364090
19303,33,99990,Unincorporated Dolores County,2023,1269,3399990
19304,35,0,DOUGLAS COUNTY,2023,385141,3500000
19305,35,4000,Aurora (Part),2023,4135,3504000
19306,35,12387,Castle Pines,2023,14435,3512387
19307,35,12415,Castle Rock,2023,82000,3512415
19308,35,43550,Larkspur,2023,205,3543550
19309,35,45255,Littleton (Part),2023,625,3545255
19310,35,45955,Lone Tree,2023,14680,3545955
19311,35,57630,Parker,2023,64202,3557630
19312,35,99990,Unincorporated Douglas County,2023,204859,3599990
19313,37,0,EAGLE COUNTY,2023,54577,3700000
19314,37,4110,Avon,2023,6052,3704110
19315,37,4935,Basalt (Part),2023,2932,3704935
19316,37,22200,Eagle,2023,7345,3722200
19317,37,33695,Gypsum,2023,9287,3733695
19318,37,50920,Minturn,2023,955,3750920
19319,37,63265,Red Cliff,2023,246,3763265
19320,37,80040,Vail,2023,4486,3780040
19321,37,99990,Unincorporated Eagle County,2023,23274,3799990
19322,39,0,ELBERT COUNTY,2023,28795,3900000
19323,39,23740,Elizabeth,2023,2369,3923740
19324,39,40790,Kiowa,2023,724,3940790
19325,39,70635,Simla,2023,613,3970635
19326,39,99990,Unincorporated Elbert County,2023,25089,3999990
19327,41,0,EL PASO COUNTY,2023,746917,4100000
19328,41,11260,Calhan,2023,762,4111260
19329,41,16000,Colorado Springs,2023,490670,4116000
19330,41,27865,Fountain,2023,29896,4127865
19331,41,32650,Green Mountain Falls (Part),2023,619,4132650
19332,41,48445,Manitou Springs,2023,4849,4148445
19333,41,51800,Monument,2023,11090,4151800
19334,41,57025,Palmer Lake,2023,2655,4157025
19335,41,62660,Ramah,2023,110,4162660
19336,41,99990,Unincorporated El Paso County,2023,206266,4199990
19337,43,0,FREMONT COUNTY,2023,50372,4300000
19338,43,9115,Brookside,2023,241,4309115
19339,43,11810,Canon City,2023,17425,4311810
19340,43,15330,Coal Creek,2023,377,4315330
19341,43,27040,Florence,2023,3846,4327040
19342,43,64970,Rockvale,2023,562,4364970
19343,43,85155,Williamsburg,2023,766,4385155
19344,43,99990,Unincorporated Fremont County,2023,27155,4399990
19345,45,0,GARFIELD COUNTY,2023,62864,4500000
19346,45,12030,Carbonate,2023,0,4512030
19347,45,12045,Carbondale,2023,6514,4512045
19348,45,30780,Glenwood Springs,2023,10189,4530780
19349,45,53395,New Castle,2023,4954,4553395
19350,45,57400,Parachute,2023,1376,4557400
19351,45,64255,Rifle,2023,10613,4564255
19352,45,70195,Silt,2023,3800,4570195
19353,45,99990,Unincorporated Garfield County,2023,25418,4599990
19354,47,0,GILPIN COUNTY,2023,5919,4700000
19355,47,7025,Black Hawk,2023,125,4707025
19356,47,12910,Central City (Part),2023,779,4712910
19357,47,99990,Unincorporated Gilpin County,2023,5015,4799990
19358,49,0,GRAND COUNTY,2023,16000,4900000
19359,49,28305,Fraser,2023,1413,4928305
19360,49,31605,Granby,2023,2159,4931605
19361,49,31715,Grand Lake,2023,407,4931715
19362,49,37600,Hot Sulphur Springs,2023,687,4937600
19363,49,41560,Kremmling,2023,1504,4941560
19364,49,85705,Winter Park,2023,1083,4985705
19365,49,99990,Unincorporated Grand County,2023,8747,4999990
19366,51,0,GUNNISON COUNTY,2023,17342,5100000
19367,51,18310,Crested Butte,2023,1629,5118310
19368,51,33640,Gunnison,2023,6914,5133640
19369,51,48555,Marble,2023,133,5148555
19370,51,52570,Mount Crested Butte/G,2023,952,5152570
19371,51,59830,Pitkin,2023,70,5159830
19372,51,99990,Unincorporated Gunnison County,2023,7644,5199990
19373,53,0,HINSDALE COUNTY,2023,771,5300000
19374,53,42330,Lake City,2023,426,5342330
19375,53,99990,Unincorporated Hinsdale County,2023,345,5399990
19376,55,0,HUERFANO COUNTY,2023,7059,5500000
19377,55,44100,La Veta,2023,933,5544100
19378,55,82350,Walsenburg,2023,3075,5582350
19379,55,99990,Unincorporated Huerfano County,2023,3051,5599990
19380,57,0,JACKSON COUNTY,2023,1310,5700000
19381,57,82130,Walden,2023,572,5782130
19382,57,99990,Unincorporated Jackson County,2023,738,5799990
19383,59,0,JEFFERSON COUNTY,2023,577599,5900000
19384,59,3455,Arvada (Part),2023,118989,5903455
19385,59,8070,Bow Mar (Part),2023,255,5908070
19386,59,23135,Edgewater,2023,4939,5923135
19387,59,30835,Golden,2023,20410,5930835
19388,59,42495,Lakeside,2023,15,5942495
19389,59,43000,Lakewood,2023,155011,5943000
19390,59,45255,Littleton (Part),2023,2215,5945255
19391,59,52075,Morrison,2023,387,5952075
19392,59,52350,Mountain View,2023,517,5952350
19393,59,75640,Superior (Part),2023,0,5975640
19394,59,83835,Westminster (Part),2023,45317,5983835
19395,59,84440,Wheat Ridge,2023,33007,5984440
19396,59,99990,Unincorporated Jefferson County,2023,196537,5999990
19397,61,0,KIOWA COUNTY,2023,1380,6100000
19398,61,22145,Eads,2023,628,6122145
19399,61,34740,Haswell,2023,70,6134740
19400,61,69700,Sheridan Lake,2023,54,6169700
19401,61,99990,Unincorporated Kiowa County,2023,628,6199990
19402,63,0,KIT CARSON COUNTY,2023,7021,6300000
19403,63,6530,Bethune,2023,182,6306530
19404,63,10600,Burlington,2023,3133,6310600
19405,63,26765,Flagler,2023,580,6326765
19406,63,69040,Seibert,2023,175,6369040
19407,63,74485,Stratton,2023,647,6374485
19408,63,81690,Vona,2023,94,6381690
19409,63,99990,Unincorporated Kit Carson County,2023,2210,6399990
19410,65,0,LAKE COUNTY,2023,7366,6500000
19411,65,44320,Leadville,2023,2635,6544320
19412,65,99990,Unincorporated Lake County,2023,4731,6599990
19413,67,0,LA PLATA COUNTY,2023,56421,6700000
19414,67,5265,Bayfield,2023,2890,6705265
19415,67,22035,Durango,2023,19465,6722035
19416,67,38535,Ignacio,2023,842,6738535
19417,67,99990,Unincorporated La Plata County,2023,33224,6799990
19418,69,0,LARIMER COUNTY,2023,371450,6900000
19419,69,6255,Berthoud (Part),2023,12206,6906255
19420,69,25115,Estes Park,2023,5940,6925115
19421,69,27425,Fort Collins,2023,171457,6927425
19422,69,39855,Johnstown (Part),2023,6218,6939855
19423,69,46465,Loveland,2023,79835,6946465
19424,69,77510,Timnath (Part),2023,8827,6977510
19425,69,83230,Wellington,2023,11926,6983230
19426,69,85485,Windsor (Part),2023,8397,6985485
19427,69,99990,Unincorporated Larimer County,2023,66644,6999990
19428,71,0,LAS ANIMAS COUNTY,2023,14419,7100000
19429,71,760,Aguilar,2023,454,7100760
19430,71,8345,Branson,2023,57,7108345
19431,71,15550,Cokedale,2023,126,7115550
19432,71,40570,Kim,2023,65,7140570
19433,71,73715,Starkville,2023,62,7173715
19434,71,78610,Trinidad,2023,8278,7178610
19435,71,99990,Unincorporated Las Animas County,2023,5377,7199990
19436,73,0,LINCOLN COUNTY,2023,5501,7300000
19437,73,3235,Arriba,2023,202,7303235
19438,73,29680,Genoa,2023,149,7329680
19439,73,37875,Hugo,2023,781,7337875
19440,73,44980,Limon,2023,2019,7344980
19441,73,99990,Unincorporated Lincoln County,2023,2350,7399990
19442,75,0,LOGAN COUNTY,2023,20624,7500000
19443,75,18640,Crook,2023,129,7518640
19444,75,26875,Fleming,2023,422,7526875
19445,75,38590,Iliff,2023,243,7538590
19446,75,50040,Merino,2023,277,7550040
19447,75,58235,Peetz,2023,207,7558235
19448,75,73935,Sterling,2023,12931,7573935
19449,75,99990,Unincorporated Logan County,2023,6415,7599990
19450,77,0,MESA COUNTY,2023,159701,7700000
19451,77,15605,Collbran,2023,370,7715605
19452,77,19355,De Beque,2023,492,7719355
19453,77,28745,Fruita,2023,13674,7728745
19454,77,31660,Grand Junction,2023,68664,7731660
19455,77,56970,Palisade,2023,2601,7756970
19456,77,99990,Unincorporated Mesa County,2023,73900,7799990
19457,79,0,MINERAL COUNTY,2023,934,7900000
19458,79,14765,City of Creede,2023,262,7914765
19459,79,99990,Unincorporated Mineral County,2023,672,7999990
19460,81,0,MOFFAT COUNTY,2023,13319,8100000
19461,81,17760,Craig,2023,9036,8117760
19462,81,20495,Dinosaur,2023,244,8120495
19463,81,99990,Unincorporated Moffat County,2023,4039,8199990
19464,83,0,MONTEZUMA COUNTY,2023,26641,8300000
19465,83,17375,Cortez,2023,9058,8317375
19466,83,20770,Dolores,2023,923,8320770
19467,83,48115,Mancos,2023,1258,8348115
19468,83,99990,Unincorporated Montezuma County,2023,15402,8399990
19469,85,0,MONTROSE COUNTY,2023,44287,8500000
19470,85,51745,Montrose,2023,21391,8551745
19471,85,53120,Naturita,2023,482,8553120
19472,85,54935,Nucla,2023,579,8554935
19473,85,55540,Olathe,2023,1977,8555540
19474,85,99990,Unincorporated Montrose County,2023,19858,8599990
19475,87,0,MORGAN COUNTY,2023,29795,8700000
19476,87,9555,Brush,2023,5311,8709555
19477,87,27810,Fort Morgan,2023,11752,8727810
19478,87,36610,Hillrose,2023,308,8736610
19479,87,45695,Log Lane Village,2023,901,8745695
19480,87,84770,Wiggins,2023,1828,8784770
19481,87,99990,Unincorporated Morgan County,2023,9695,8799990
19482,89,0,OTERO COUNTY,2023,18142,8900000
19483,89,13460,Cheraw,2023,230,8913460
19484,89,27975,Fowler,2023,1216,8927975
19485,89,42110,La Junta,2023,7022,8942110
19486,89,48500,Manzanola,2023,332,8948500
19487,89,65190,Rocky Ford,2023,3773,8965190
19488,89,75970,Swink,2023,595,8975970
19489,89,99990,Unincorporated Otero County,2023,4974,8999990
19490,91,0,OURAY COUNTY,2023,5177,9100000
19491,91,56420,Ouray,2023,918,9156420
19492,91,64200,Ridgway,2023,1286,9164200
19493,91,99990,Unincorporated Ouray County,2023,2973,9199990
19494,93,0,PARK COUNTY,2023,18124,9300000
19495,93,1530,Alma,2023,314,9301530
19496,93,25610,Fairplay,2023,740,9325610
19497,93,99990,Unincorporated Park County,2023,17070,9399990
19498,95,0,PHILLIPS COUNTY,2023,4471,9500000
19499,95,34960,Haxtun,2023,965,9534960
19500,95,37270,Holyoke,2023,2290,9537270
19501,95,57245,Paoli,2023,50,9557245
19502,95,99990,Unincorporated Phillips County,2023,1166,9599990
19503,97,0,PITKIN COUNTY,2023,16679,9700000
19504,97,3620,Aspen,2023,6632,9703620
19505,97,4935,Basalt (Part),2023,1105,9704935
19506,97,71755,Snowmass Village,2023,3000,9771755
19507,97,99990,Unincorporated Pitkin County,2023,5942,9799990
19508,99,0,PROWERS COUNTY,2023,11779,9900000
19509,99,31550,Granada,2023,436,9931550
19510,99,34520,Hartman,2023,55,9934520
19511,99,37215,Holly,2023,821,9937215
19512,99,43110,Lamar,2023,7527,9943110
19513,99,85045,Wiley,2023,429,9985045
19514,99,99990,Unincorporated Prowers County,2023,2511,9999990
19515,101,0,PUEBLO COUNTY,2023,169681,10100000
19516,101,7795,Boone,2023,306,10107795
19517,101,62000,Pueblo,2023,112479,10162000
19518,101,66895,Rye,2023,206,10166895
19519,101,99990,Unincorporated Pueblo County,2023,56690,10199990
19520,103,0,RIO BLANCO COUNTY,2023,6581,10300000
19521,103,49875,Meeker,2023,2371,10349875
19522,103,62880,Rangely,2023,2274,10362880
19523,103,99990,Unincorporated Rio Blanco County,2023,1936,10399990
19524,105,0,RIO GRANDE COUNTY,2023,11208,10500000
19525,105,12855,Center (Part),2023,42,10512855
19526,105,19795,Del Norte,2023,1401,10519795
19527,105,51635,Monte Vista,2023,4062,10551635
19528,105,72395,South Fork,2023,512,10572395
19529,105,99990,Unincorporated Rio Grande County,2023,5191,10599990
19530,107,0,ROUTT COUNTY,2023,25137,10700000
19531,107,35070,Hayden,2023,1960,10735070
19532,107,55155,Oak Creek,2023,862,10755155
19533,107,73825,Steamboat Springs,2023,13305,10773825
19534,107,86475,Yampa,2023,401,10786475
19535,107,99990,Unincorporated Routt County,2023,8609,10799990
19536,109,0,SAGUACHE COUNTY,2023,6683,10900000
19537,109,7571,Bonanza City,2023,17,10907571
19538,109,12855,Center (Part),2023,1876,10912855
19539,109,18420,Crestone,2023,148,10918420
19540,109,51250,Moffat,2023,107,10951250
19541,109,67005,Saguache,2023,527,10967005
19542,109,99990,Unincorporated Saguache County,2023,4008,10999990
19543,111,0,SAN JUAN COUNTY,2023,803,11100000
19544,111,70580,Silverton,2023,711,11170580
19545,111,99990,Unincorporated San Juan County,2023,92,11199990
19546,113,0,SAN MIGUEL COUNTY,2023,7870,11300000
19547,113,52550,Mountain Village,2023,1221,11352550
19548,113,54880,Norwood,2023,567,11354880
19549,113,55870,Ophir,2023,191,11355870
19550,113,68655,Sawpit,2023,36,11368655
19551,113,76795,Telluride,2023,2499,11376795
19552,113,99990,Unincorporated San Miguel County,2023,3356,11399990
19553,115,0,SEDGWICK COUNTY,2023,2320,11500000
19554,115,39965,Julesburg,2023,1252,11539965
19555,115,56475,Ovid,2023,267,11556475
19556,115,68930,Sedgwick,2023,166,11568930
19557,115,99990,Unincorporated Sedgwick County,2023,635,11599990
19558,117,0,SUMMIT COUNTY,2023,30812,11700000
19559,117,7410,Blue River,2023,837,11707410
19560,117,8400,Breckenridge,2023,4964,11708400
19561,117,20440,Dillon,2023,1019,11720440
19562,117,28690,Frisco,2023,2734,11728690
19563,117,40550,Keystone,2023,,11740555
19564,117,51690,Montezuma,2023,69,11751690
19565,117,70525,Silverthorne,2023,5011,11770525
19566,117,99990,Unincorporated Summit County,2023,16178,11799990
19567,119,0,TELLER COUNTY,2023,24704,11900000
19568,119,18530,Cripple Creek,2023,1118,11918530
19569,119,32650,Green Mountain Falls (Part),2023,23,11932650
19570,119,80865,Victor,2023,364,11980865
19571,119,86090,Woodland Park,2023,7896,11986090
19572,119,99990,Unincorporated Teller County,2023,15303,11999990
19573,121,0,WASHINGTON COUNTY,2023,4851,12100000
19574,121,925,Akron,2023,1759,12100925
19575,121,56365,Otis,2023,514,12156365
19576,121,99990,Unincorporated Washington County,2023,2578,12199990
19577,123,0,WELD COUNTY,2023,360272,12300000
19578,123,3950,Ault,2023,2797,12303950
19579,123,6255,Berthoud (Part),2023,258,12306255
19580,123,8675,Brighton (Part),2023,419,12308675
19581,123,19080,Dacono,2023,6621,12319080
19582,123,22860,Eaton,2023,5803,12322860
19583,123,24950,Erie (Part),2023,20604,12324950
19584,123,25280,Evans,2023,22973,12325280
19585,123,26600,Firestone,2023,18592,12326600
19586,123,27700,Fort Lupton,2023,9219,12327700
19587,123,28360,Frederick,2023,17280,12328360
19588,123,29185,Garden City,2023,255,12329185
19589,123,29955,Gilcrest,2023,1019,12329955
19590,123,32155,Greeley,2023,112691,12332155
19591,123,33310,Grover,2023,155,12333310
19592,123,37820,Hudson,2023,1636,12337820
19593,123,39855,Johnstown (Part),2023,13210,12339855
19594,123,40185,Keenesburg,2023,2069,12340185
19595,123,40515,Kersey,2023,1482,12340515
19596,123,43605,La Salle,2023,2330,12343605
19597,123,45530,Lochbuie (Part),2023,8339,12345530
19598,123,45970,Longmont (Part),2023,1282,12345970
19599,123,49600,Mead,2023,6668,12349600
19600,123,50480,Milliken,2023,9232,12350480
19601,123,54330,Northglenn (Part),2023,25,12354330
19602,123,55045,Nunn,2023,531,12355045
19603,123,59005,Pierce,2023,1093,12359005
19604,123,60160,Platteville,2023,2919,12360160
19605,123,63045,Raymer,2023,109,12363045
19606,123,69150,Severance,2023,11096,12369150
19607,123,77290,Thornton (Part),2023,0,12377290
19608,123,77510,Timnath (Part),2023,5,12377510
19609,123,85485,Windsor (Part),2023,31743,12385485
19610,123,99990,Unincorporated Weld County,2023,47817,12399990
19611,125,0,YUMA COUNTY,2023,9985,12500000
19612,125,23025,Eckley,2023,239,12523025
19613,125,86310,Wray,2023,2379,12586310
19614,125,86750,Yuma,2023,3429,12586750
19615,125,99990,Unincorporated Yuma County,2023,3938,12599990
19616,999,3455,Arvada (Total),2023,121774,99903455
19617,999,4000,Aurora (Total),2023,396409,99904000
19618,999,4935,Basalt (Total),2023,4037,99904935
19619,999,6090,Bennett (Total),2023,3682,99906090
19620,999,6255,Berthoud (Total),2023,12464,99906255
19621,999,8070,Bow Mar (Total),2023,840,99908070
19622,999,8675,Brighton (Total),2023,42431,99908675
19623,999,12855,Center (Total),2023,1918,99912855
19624,999,12910,Central City (Total),2023,779,99912910
19625,999,24950,Erie (Total),2023,35770,99924950
19626,999,32650,Green Mountain Falls (Total),2023,642,99932650
19627,999,39855,Johnstown (Total),2023,19428,99939855
19628,999,45255,Littleton (Total),2023,46393,99945255
19629,999,45530,Lochbuie (Total),2023,8453,99945530
19630,999,45970,Longmont (Total),2023,98766,99945970
19631,999,54330,Northglenn (Total),2023,37808,99954330
19632,999,75640,Superior (Total),2023,12593,99975640
19633,999,77290,Thornton (Total),2023,144963,99977290
19634,999,77510,Timnath (Total),2023,8832,99977510
19635,999,83835,Westminster (Total),2023,115933,99983835
19636,999,85485,Windsor (Total),2023,40140,99985485
19637,0,0,COLORADO STATE,2024,5956729,0
19638,1,0,ADAMS COUNTY,2024,543760,100000
19639,1,3455,Arvada (Part),2024,2767,103455
19640,1,4000,Aurora (Part),2024,56189,104000
19641,1,6090,Bennett (Part),2024,3594,106090
19642,1,8675,Brighton (Part),2024,42724,108675
19643,1,16495,Commerce City,2024,69449,116495
19644,1,26270,Federal Heights,2024,14130,126270
19645,1,45530,Lochbuie (Part),2024,242,145530
19646,1,54330,Northglenn (Part),2024,37804,154330
19647,1,77290,Thornton (Part),2024,146866,177290
19648,1,83835,Westminster (Part),2024,70445,183835
19649,1,99990,Unincorporated Adams County,2024,99550,199990
19650,3,0,ALAMOSA COUNTY,2024,16632,300000
19651,3,1090,Alamosa,2024,9888,301090
19652,3,37380,Hooper,2024,79,337380
19653,3,99990,Unincorporated Alamosa County,2024,6665,399990
19654,5,0,ARAPAHOE COUNTY,2024,666557,500000
19655,5,4000,Aurora (Part),2024,341088,504000
19656,5,6090,Bennett (Part),2024,430,506090
19657,5,8070,Bow Mar (Part),2024,589,508070
19658,5,12815,Centennial,2024,110749,512815
19659,5,13845,Cherry Hills Village,2024,6486,513845
19660,5,16385,Columbine Valley,2024,1547,516385
19661,5,19630,Deer Trail,2024,1333,519630
19662,5,24785,Englewood,2024,34604,524785
19663,5,28105,Foxfield,2024,757,528105
19664,5,30340,Glendale,2024,4598,530340
19665,5,33035,Greenwood Village,2024,15686,533035
19666,5,45255,Littleton (Part),2024,43589,545255
19667,5,69645,Sheridan,2024,6076,569645
19668,5,99990,Unincorporated Arapahoe County,2024,99025,599990
19669,7,0,ARCHULETA COUNTY,2024,14137,700000
19670,7,56860,Pagosa Springs,2024,1748,756860
19671,7,99990,Unincorporated Archuleta County,2024,12389,799990
19672,9,0,BACA COUNTY,2024,3398,900000
19673,9,11645,Campo,2024,98,911645
19674,9,61315,Pritchett,2024,106,961315
19675,9,73330,Springfield,2024,1319,973330
19676,9,79270,Two Buttes,2024,32,979270
19677,9,81030,Vilas,2024,93,981030
19678,9,82460,Walsh,2024,518,982460
19679,9,99990,Unincorporated Baca County,2024,1232,999990
19680,11,0,BENT COUNTY,2024,5744,1100000
19681,11,43660,Las Animas,2024,2331,1143660
19682,11,99990,Unincorporated Bent County,2024,3413,1199990
19683,13,0,BOULDER COUNTY,2024,329996,1300000
19684,13,7850,Boulder,2024,107632,1307850
19685,13,24950,Erie (Part),2024,15916,1324950
19686,13,39195,Jamestown,2024,244,1339195
19687,13,41835,Lafayette,2024,30548,1341835
19688,13,45970,Longmont (Part),2024,98220,1345970
19689,13,46355,Louisville,2024,19889,1346355
19690,13,47070,Lyons,2024,2156,1347070
19691,13,53175,Nederland,2024,1417,1353175
19692,13,75640,Superior (Part),2024,12801,1375640
19693,13,82735,Ward,2024,124,1382735
19694,13,99990,Unincorporated Boulder County,2024,41049,1399990
19695,14,0,BROOMFIELD COUNTY,2024,78453,1400000
19696,14,9280,Broomfield,2024,78453,1409280
19697,15,0,CHAFFEE COUNTY,2024,20802,1500000
19698,15,10105,Buena Vista,2024,3073,1510105
19699,15,60600,Poncha Springs,2024,1409,1560600
19700,15,67280,Salida,2024,6119,1567280
19701,15,99990,Unincorporated Chaffee County,2024,10201,1599990
19702,17,0,CHEYENNE COUNTY,2024,1737,1700000
19703,17,14175,Cheyenne Wells,2024,723,1714175
19704,17,41010,Kit Carson,2024,245,1741010
19705,17,99990,Unincorporated Cheyenne County,2024,769,1799990
19706,19,0,CLEAR CREEK COUNTY,2024,9125,1900000
19707,19,12910,Central City (Part),2024,0,1912910
19708,19,24620,Empire,2024,331,1924620
19709,19,29735,Georgetown,2024,1179,1929735
19710,19,38370,Idaho Springs,2024,1732,1938370
19711,19,70360,Silver Plume,2024,195,1970360
19712,19,99990,Unincorporated Clear Creek County,2024,5688,1999990
19713,21,0,CONEJOS COUNTY,2024,7525,2100000
19714,21,2355,Antonito,2024,621,2102355
19715,21,42055,La Jara,2024,704,2142055
19716,21,48060,Manassa,2024,953,2148060
19717,21,65740,Romeo,2024,303,2165740
19718,21,67830,Sanford,2024,892,2167830
19719,21,99990,Unincorporated Conejos County,2024,4052,2199990
19720,23,0,COSTILLA COUNTY,2024,3692,2300000
19721,23,7190,Blanca,2024,339,2307190
19722,23,68105,San Luis,2024,632,2368105
19723,23,99990,Unincorporated Costilla County,2024,2721,2399990
19724,25,0,CROWLEY COUNTY,2024,5632,2500000
19725,25,18750,Crowley,2024,160,2518750
19726,25,55705,Olney Springs,2024,303,2555705
19727,25,56145,Ordway,2024,1096,2556145
19728,25,74815,Sugar City,2024,252,2574815
19729,25,99990,Unincorporated Crowley County,2024,3821,2599990
19730,27,0,CUSTER COUNTY,2024,5558,2700000
19731,27,70250,Silver Cliff,2024,697,2770250
19732,27,83450,Westcliffe,2024,504,2783450
19733,27,99990,Unincorporated Custer County,2024,4357,2799990
19734,29,0,DELTA COUNTY,2024,32295,2900000
19735,29,12635,Cedaredge,2024,2456,2912635
19736,29,17925,Crawford,2024,417,2917925
19737,29,19850,Delta,2024,9534,2919850
19738,29,37545,Hotchkiss,2024,951,2937545
19739,29,55980,Orchard City,2024,3304,2955980
19740,29,57300,Paonia,2024,1475,2957300
19741,29,99990,Unincorporated Delta County,2024,14158,2999990
19742,31,0,DENVER COUNTY,2024,728309,3100000
19743,31,20000,Denver,2024,728309,3120000
19744,33,0,DOLORES COUNTY,2024,2209,3300000
19745,33,21265,Dove Creek,2024,646,3321265
19746,33,64090,Rico,2024,330,3364090
19747,33,99990,Unincorporated Dolores County,2024,1233,3399990
19748,35,0,DOUGLAS COUNTY,2024,394030,3500000
19749,35,4000,Aurora (Part),2024,4287,3504000
19750,35,12387,Castle Pines,2024,15121,3512387
19751,35,12415,Castle Rock,2024,83497,3512415
19752,35,43550,Larkspur,2024,204,3543550
19753,35,45255,Littleton (Part),2024,623,3545255
19754,35,45955,Lone Tree,2024,14682,3545955
19755,35,57630,Parker,2024,66704,3557630
19756,35,99990,Unincorporated Douglas County,2024,208912,3599990
19757,37,0,EAGLE COUNTY,2024,54196,3700000
19758,37,4110,Avon,2024,6127,3704110
19759,37,4935,Basalt (Part),2024,2894,3704935
19760,37,22200,Eagle,2024,7364,3722200
19761,37,33695,Gypsum,2024,9246,3733695
19762,37,50920,Minturn,2024,939,3750920
19763,37,63265,Red Cliff,2024,242,3763265
19764,37,80040,Vail,2024,4414,3780040
19765,37,99990,Unincorporated Eagle County,2024,22970,3799990
19766,39,0,ELBERT COUNTY,2024,29337,3900000
19767,39,23740,Elizabeth,2024,2672,3923740
19768,39,40790,Kiowa,2024,715,3940790
19769,39,70635,Simla,2024,580,3970635
19770,39,99990,Unincorporated Elbert County,2024,25370,3999990
19771,41,0,EL PASO COUNTY,2024,752892,4100000
19772,41,11260,Calhan,2024,763,4111260
19773,41,16000,Colorado Springs,2024,494804,4116000
19774,41,27865,Fountain,2024,29954,4127865
19775,41,32650,Green Mountain Falls (Part),2024,619,4132650
19776,41,48445,Manitou Springs,2024,4851,4148445
19777,41,51800,Monument,2024,11333,4151800
19778,41,57025,Palmer Lake,2024,2656,4157025
19779,41,62660,Ramah,2024,110,4162660
19780,41,99990,Unincorporated El Paso County,2024,207802,4199990
19781,43,0,FREMONT COUNTY,2024,50071,4300000
19782,43,9115,Brookside,2024,240,4309115
19783,43,11810,Canon City,2024,17361,4311810
19784,43,15330,Coal Creek,2024,375,4315330
19785,43,27040,Florence,2024,3860,4327040
19786,43,64970,Rockvale,2024,562,4364970
19787,43,85155,Williamsburg,2024,780,4385155
19788,43,99990,Unincorporated Fremont County,2024,26893,4399990
19789,45,0,GARFIELD COUNTY,2024,63174,4500000
19790,45,12045,Carbondale,2024,6527,4512045
19791,45,30780,Glenwood Springs,2024,10230,4530780
19792,45,53395,New Castle,2024,4981,4553395
19793,45,57400,Parachute,2024,1375,4557400
19794,45,64255,Rifle,2024,10674,4564255
19795,45,70195,Silt,2024,3816,4570195
19796,45,99990,Unincorporated Garfield County,2024,25571,4599990
19797,47,0,GILPIN COUNTY,2024,5969,4700000
19798,47,7025,Black Hawk,2024,125,4707025
19799,47,12910,Central City (Part),2024,786,4712910
19800,47,99990,Unincorporated Gilpin County,2024,5058,4799990
19801,49,0,GRAND COUNTY,2024,16202,4900000
19802,49,28305,Fraser,2024,1453,4928305
19803,49,31605,Granby,2024,2190,4931605
19804,49,31715,Grand Lake,2024,409,4931715
19805,49,37600,Hot Sulphur Springs,2024,688,4937600
19806,49,41560,Kremmling,2024,1507,4941560
19807,49,85705,Winter Park,2024,1094,4985705
19808,49,99990,Unincorporated Grand County,2024,8861,4999990
19809,51,0,GUNNISON COUNTY,2024,17304,5100000
19810,51,18310,Crested Butte,2024,1610,5118310
19811,51,33640,Gunnison,2024,6910,5133640
19812,51,48555,Marble,2024,131,5148555
19813,51,52570,Mount Crested Butte/G,2024,942,5152570
19814,51,59830,Pitkin,2024,69,5159830
19815,51,99990,Unincorporated Gunnison County,2024,7642,5199990
19816,53,0,HINSDALE COUNTY,2024,754,5300000
19817,53,42330,Lake City,2024,416,5342330
19818,53,99990,Unincorporated Hinsdale County,2024,338,5399990
19819,55,0,HUERFANO COUNTY,2024,7025,5500000
19820,55,44100,La Veta,2024,925,5544100
19821,55,82350,Walsenburg,2024,3038,5582350
19822,55,99990,Unincorporated Huerfano County,2024,3062,5599990
19823,57,0,JACKSON COUNTY,2024,1270,5700000
19824,57,82130,Walden,2024,553,5782130
19825,57,99990,Unincorporated Jackson County,2024,717,5799990
19826,59,0,JEFFERSON COUNTY,2024,578437,5900000
19827,59,3455,Arvada (Part),2024,119152,5903455
19828,59,8070,Bow Mar (Part),2024,257,5908070
19829,59,23135,Edgewater,2024,4924,5923135
19830,59,30835,Golden,2024,20257,5930835
19831,59,42495,Lakeside,2024,15,5942495
19832,59,43000,Lakewood,2024,155485,5943000
19833,59,45255,Littleton (Part),2024,2204,5945255
19834,59,52075,Morrison,2024,393,5952075
19835,59,52350,Mountain View,2024,516,5952350
19836,59,75640,Superior (Part),2024,0,5975640
19837,59,83835,Westminster (Part),2024,45586,5983835
19838,59,84440,Wheat Ridge,2024,33174,5984440
19839,59,99990,Unincorporated Jefferson County,2024,196474,5999990
19840,61,0,KIOWA COUNTY,2024,1417,6100000
19841,61,22145,Eads,2024,642,6122145
19842,61,34740,Haswell,2024,72,6134740
19843,61,69700,Sheridan Lake,2024,56,6169700
19844,61,99990,Unincorporated Kiowa County,2024,647,6199990
19845,63,0,KIT CARSON COUNTY,2024,7063,6300000
19846,63,6530,Bethune,2024,183,6306530
19847,63,10600,Burlington,2024,3147,6310600
19848,63,26765,Flagler,2024,587,6326765
19849,63,69040,Seibert,2024,175,6369040
19850,63,74485,Stratton,2024,650,6374485
19851,63,81690,Vona,2024,94,6381690
19852,63,99990,Unincorporated Kit Carson County,2024,2227,6399990
19853,65,0,LAKE COUNTY,2024,7353,6500000
19854,65,44320,Leadville,2024,2628,6544320
19855,65,99990,Unincorporated Lake County,2024,4725,6599990
19856,67,0,LA PLATA COUNTY,2024,56841,6700000
19857,67,5265,Bayfield,2024,2918,6705265
19858,67,22035,Durango,2024,19756,6722035
19859,67,38535,Ignacio,2024,843,6738535
19860,67,99990,Unincorporated La Plata County,2024,33324,6799990
19861,69,0,LARIMER COUNTY,2024,374387,6900000
19862,69,6255,Berthoud (Part),2024,12529,6906255
19863,69,25115,Estes Park,2024,5946,6925115
19864,69,27425,Fort Collins,2024,172442,6927425
19865,69,39855,Johnstown (Part),2024,6385,6939855
19866,69,46465,Loveland,2024,80146,6946465
19867,69,77510,Timnath (Part),2024,9429,6977510
19868,69,83230,Wellington,2024,11997,6983230
19869,69,85485,Windsor (Part),2024,8640,6985485
19870,69,99990,Unincorporated Larimer County,2024,66873,6999990
19871,71,0,LAS ANIMAS COUNTY,2024,14565,7100000
19872,71,760,Aguilar,2024,450,7100760
19873,71,8345,Branson,2024,56,7108345
19874,71,15550,Cokedale,2024,125,7115550
19875,71,40570,Kim,2024,64,7140570
19876,71,73715,Starkville,2024,61,7173715
19877,71,78610,Trinidad,2024,8235,7178610
19878,71,99990,Unincorporated Las Animas County,2024,5574,7199990
19879,73,0,LINCOLN COUNTY,2024,5575,7300000
19880,73,3235,Arriba,2024,201,7303235
19881,73,29680,Genoa,2024,147,7329680
19882,73,37875,Hugo,2024,774,7337875
19883,73,44980,Limon,2024,1986,7344980
19884,73,99990,Unincorporated Lincoln County,2024,2467,7399990
19885,75,0,LOGAN COUNTY,2024,20756,7500000
19886,75,18640,Crook,2024,129,7518640
19887,75,26875,Fleming,2024,422,7526875
19888,75,38590,Iliff,2024,245,7538590
19889,75,50040,Merino,2024,277,7550040
19890,75,58235,Peetz,2024,207,7558235
19891,75,73935,Sterling,2024,13037,7573935
19892,75,99990,Unincorporated Logan County,2024,6439,7599990
19893,77,0,MESA COUNTY,2024,161196,7700000
19894,77,15605,Collbran,2024,370,7715605
19895,77,19355,De Beque,2024,492,7719355
19896,77,28745,Fruita,2024,13773,7728745
19897,77,31660,Grand Junction,2024,69695,7731660
19898,77,56970,Palisade,2024,2611,7756970
19899,77,99990,Unincorporated Mesa County,2024,74255,7799990
19900,79,0,MINERAL COUNTY,2024,934,7900000
19901,79,14765,City of Creede,2024,263,7914765
19902,79,99990,Unincorporated Mineral County,2024,671,7999990
19903,81,0,MOFFAT COUNTY,2024,13186,8100000
19904,81,17760,Craig,2024,8921,8117760
19905,81,20495,Dinosaur,2024,241,8120495
19906,81,99990,Unincorporated Moffat County,2024,4024,8199990
19907,83,0,MONTEZUMA COUNTY,2024,26861,8300000
19908,83,17375,Cortez,2024,9146,8317375
19909,83,20770,Dolores,2024,936,8320770
19910,83,48115,Mancos,2024,1285,8348115
19911,83,99990,Unincorporated Montezuma County,2024,15494,8399990
19912,85,0,MONTROSE COUNTY,2024,44748,8500000
19913,85,51745,Montrose,2024,21647,8551745
19914,85,53120,Naturita,2024,484,8553120
19915,85,54935,Nucla,2024,581,8554935
19916,85,55540,Olathe,2024,1976,8555540
19917,85,99990,Unincorporated Montrose County,2024,20060,8599990
19918,87,0,MORGAN COUNTY,2024,30302,8700000
19919,87,9555,Brush,2024,5355,8709555
19920,87,27810,Fort Morgan,2024,11999,8727810
19921,87,36610,Hillrose,2024,310,8736610
19922,87,45695,Log Lane Village,2024,926,8745695
19923,87,84770,Wiggins,2024,1881,8784770
19924,87,99990,Unincorporated Morgan County,2024,9831,8799990
19925,89,0,OTERO COUNTY,2024,17916,8900000
19926,89,13460,Cheraw,2024,227,8913460
19927,89,27975,Fowler,2024,1201,8927975
19928,89,42110,La Junta,2024,6910,8942110
19929,89,48500,Manzanola,2024,326,8948500
19930,89,65190,Rocky Ford,2024,3749,8965190
19931,89,75970,Swink,2024,588,8975970
19932,89,99990,Unincorporated Otero County,2024,4915,8999990
19933,91,0,OURAY COUNTY,2024,5191,9100000
19934,91,56420,Ouray,2024,910,9156420
19935,91,64200,Ridgway,2024,1317,9164200
19936,91,99990,Unincorporated Ouray County,2024,2964,9199990
19937,93,0,PARK COUNTY,2024,18327,9300000
19938,93,1530,Alma,2024,319,9301530
19939,93,25610,Fairplay,2024,753,9325610
19940,93,99990,Unincorporated Park County,2024,17255,9399990
19941,95,0,PHILLIPS COUNTY,2024,4484,9500000
19942,95,34960,Haxtun,2024,965,9534960
19943,95,37270,Holyoke,2024,2295,9537270
19944,95,57245,Paoli,2024,50,9557245
19945,95,99990,Unincorporated Phillips County,2024,1174,9599990
19946,97,0,PITKIN COUNTY,2024,16593,9700000
19947,97,3620,Aspen,2024,6556,9703620
19948,97,4935,Basalt (Part),2024,1123,9704935
19949,97,71755,Snowmass Village,2024,2971,9771755
19950,97,99990,Unincorporated Pitkin County,2024,5943,9799990
19951,99,0,PROWERS COUNTY,2024,11944,9900000
19952,99,31550,Granada,2024,443,9931550
19953,99,34520,Hartman,2024,56,9934520
19954,99,37215,Holly,2024,836,9937215
19955,99,43110,Lamar,2024,7619,9943110
19956,99,85045,Wiley,2024,435,9985045
19957,99,99990,Unincorporated Prowers County,2024,2555,9999990
19958,101,0,PUEBLO COUNTY,2024,169916,10100000
19959,101,7795,Boone,2024,306,10107795
19960,101,62000,Pueblo,2024,112659,10162000
19961,101,66895,Rye,2024,206,10166895
19962,101,99990,Unincorporated Pueblo County,2024,56745,10199990
19963,103,0,RIO BLANCO COUNTY,2024,6601,10300000
19964,103,49875,Meeker,2024,2378,10349875
19965,103,62880,Rangely,2024,2275,10362880
19966,103,99990,Unincorporated Rio Blanco County,2024,1948,10399990
19967,105,0,RIO GRANDE COUNTY,2024,11139,10500000
19968,105,12855,Center (Part),2024,41,10512855
19969,105,19795,Del Norte,2024,1393,10519795
19970,105,51635,Monte Vista,2024,4019,10551635
19971,105,72395,South Fork,2024,508,10572395
19972,105,99990,Unincorporated Rio Grande County,2024,5178,10599990
19973,107,0,ROUTT COUNTY,2024,25241,10700000
19974,107,35070,Hayden,2024,2047,10735070
19975,107,55155,Oak Creek,2024,841,10755155
19976,107,73825,Steamboat Springs,2024,13464,10773825
19977,107,86475,Yampa,2024,391,10786475
19978,107,99990,Unincorporated Routt County,2024,8498,10799990
19979,109,0,SAGUACHE COUNTY,2024,6682,10900000
19980,109,7571,Bonanza City,2024,17,10907571
19981,109,12855,Center (Part),2024,1854,10912855
19982,109,18420,Crestone,2024,150,10918420
19983,109,51250,Moffat,2024,106,10951250
19984,109,67005,Saguache,2024,522,10967005
19985,109,99990,Unincorporated Saguache County,2024,4033,10999990
19986,111,0,SAN JUAN COUNTY,2024,818,11100000
19987,111,70580,Silverton,2024,724,11170580
19988,111,99990,Unincorporated San Juan County,2024,94,11199990
19989,113,0,SAN MIGUEL COUNTY,2024,7802,11300000
19990,113,52550,Mountain Village,2024,1231,11352550
19991,113,54880,Norwood,2024,560,11354880
19992,113,55870,Ophir,2024,188,11355870
19993,113,68655,Sawpit,2024,39,11368655
19994,113,76795,Telluride,2024,2460,11376795
19995,113,99990,Unincorporated San Miguel County,2024,3324,11399990
19996,115,0,SEDGWICK COUNTY,2024,2278,11500000
19997,115,39965,Julesburg,2024,1233,11539965
19998,115,56475,Ovid,2024,261,11556475
19999,115,68930,Sedgwick,2024,163,11568930
20000,115,99990,Unincorporated Sedgwick County,2024,621,11599990
20001,117,0,SUMMIT COUNTY,2024,30889,11700000
20002,117,7410,Blue River,2024,854,11707410
20003,117,8400,Breckenridge,2024,5073,11708400
20004,117,20440,Dillon,2024,1048,11720440
20005,117,28690,Frisco,2024,2791,11728690
20006,117,40550,Keystone,2024,1400,11740555
20007,117,51690,Montezuma,2024,71,11751690
20008,117,70525,Silverthorne,2024,5454,11770525
20009,117,99990,Unincorporated Summit County,2024,14198,11799990
20010,119,0,TELLER COUNTY,2024,24823,11900000
20011,119,18530,Cripple Creek,2024,1117,11918530
20012,119,32650,Green Mountain Falls (Part),2024,23,11932650
20013,119,80865,Victor,2024,360,11980865
20014,119,86090,Woodland Park,2024,8035,11986090
20015,119,99990,Unincorporated Teller County,2024,15288,11999990
20016,121,0,WASHINGTON COUNTY,2024,4773,12100000
20017,121,925,Akron,2024,1731,12100925
20018,121,56365,Otis,2024,502,12156365
20019,121,99990,Unincorporated Washington County,2024,2540,12199990
20020,123,0,WELD COUNTY,2024,369880,12300000
20021,123,3950,Ault,2024,2780,12303950
20022,123,6255,Berthoud (Part),2024,256,12306255
20023,123,8675,Brighton (Part),2024,461,12308675
20024,123,19080,Dacono,2024,6691,12319080
20025,123,22860,Eaton,2024,5769,12322860
20026,123,24950,Erie (Part),2024,22931,12324950
20027,123,25280,Evans,2024,22869,12325280
20028,123,26600,Firestone,2024,19270,12326600
20029,123,27700,Fort Lupton,2024,9666,12327700
20030,123,28360,Frederick,2024,17437,12328360
20031,123,29185,Garden City,2024,253,12329185
20032,123,29955,Gilcrest,2024,1024,12329955
20033,123,32155,Greeley,2024,116732,12332155
20034,123,33310,Grover,2024,154,12333310
20035,123,37820,Hudson,2024,1625,12337820
20036,123,39855,Johnstown (Part),2024,13501,12339855
20037,123,40185,Keenesburg,2024,2055,12340185
20038,123,40515,Kersey,2024,1475,12340515
20039,123,43605,La Salle,2024,2314,12343605
20040,123,45530,Lochbuie (Part),2024,8537,12345530
20041,123,45970,Longmont (Part),2024,1274,12345970
20042,123,49600,Mead,2024,6915,12349600
20043,123,50480,Milliken,2024,9205,12350480
20044,123,54330,Northglenn (Part),2024,25,12354330
20045,123,55045,Nunn,2024,531,12355045
20046,123,59005,Pierce,2024,1086,12359005
20047,123,60160,Platteville,2024,2899,12360160
20048,123,63045,Raymer,2024,108,12363045
20049,123,69150,Severance,2024,11570,12369150
20050,123,77290,Thornton (Part),2024,0,12377290
20051,123,77510,Timnath (Part),2024,5,12377510
20052,123,85485,Windsor (Part),2024,32588,12385485
20053,123,99990,Unincorporated Weld County,2024,47874,12399990
20054,125,0,YUMA COUNTY,2024,10026,12500000
20055,125,23025,Eckley,2024,239,12523025
20056,125,86310,Wray,2024,2410,12586310
20057,125,86750,Yuma,2024,3433,12586750
20058,125,99990,Unincorporated Yuma County,2024,3944,12599990
20059,999,3455,Arvada (Total),2024,121919,99903455
20060,999,4000,Aurora (Total),2024,401564,99904000
20061,999,4935,Basalt (Total),2024,4017,99904935
20062,999,6090,Bennett (Total),2024,4024,99906090
20063,999,6255,Berthoud (Total),2024,12785,99906255
20064,999,8070,Bow Mar (Total),2024,846,99908070
20065,999,8675,Brighton (Total),2024,43185,99908675
20066,999,12855,Center (Total),2024,1895,99912855
20067,999,12910,Central City (Total),2024,786,99912910
20068,999,24950,Erie (Total),2024,38847,99924950
20069,999,32650,Green Mountain Falls (Total),2024,642,99932650
20070,999,39855,Johnstown (Total),2024,19886,99939855
20071,999,45255,Littleton (Total),2024,46416,99945255
20072,999,45530,Lochbuie (Total),2024,8779,99945530
20073,999,45970,Longmont (Total),2024,99494,99945970
20074,999,54330,Northglenn (Total),2024,37829,99954330
20075,999,75640,Superior (Total),2024,12801,99975640
20076,999,77290,Thornton (Total),2024,146866,99977290
20077,999,77510,Timnath (Total),2024,9434,99977510
20078,999,83835,Westminster (Total),2024,116031,99983835
20079,999,85485,Windsor (Total),2024,41228,99985485
