birth_year,area,normalized_area,births,is_total,row_ok,source_file,meeting_date,table_date,k_year
1994,Aspen Crk,Aspen Creek,70,False,True,enrollment_update_births_by_elementary_attendance_area_2016-02-09.txt,2016-02-09,11/17/2015,
1994,BC-Creekside,BC-Creekside,5,False,True,enrollment_update_births_by_elementary_attendance_area_2016-02-09.txt,2016-02-09,11/17/2015,
1994,BC-Mesa,BC-Mesa,21,False,True,enrollment_update_births_by_elementary_attendance_area_2016-02-09.txt,2016-02-09,11/17/2015,
1994,Bear Creek,Bear Creek,28,False,True,enrollment_update_births_by_elementary_attendance_area_2016-02-09.txt,2016-02-09,11/17/2015,
1994,Birch,Birch,68,False,True,enrollment_update_births_by_elementary_attendance_area_2016-02-09.txt,2016-02-09,11/17/2015,
1994,Coal Creek,Coal Creek,86,False,True,enrollment_update_births_by_elementary_attendance_area_2016-02-09.txt,2016-02-09,11/17/2015,
1994,Columbine,Columbine,144,False,True,enrollment_update_births_by_elementary_attendance_area_2016-02-09.txt,2016-02-09,11/17/2015,
1994,Creekside,Creekside,165,False,True,enrollment_update_births_by_elementary_attendance_area_2016-02-09.txt,2016-02-09,11/17/2015,
1994,Crest View,Crest View,125,False,True,enrollment_update_births_by_elementary_attendance_area_2016-02-09.txt,2016-02-09,11/17/2015,
1994,Douglass,Douglass,34,False,True,enrollment_update_births_by_elementary_attendance_area_2016-02-09.txt,2016-02-09,11/17/2015,
1994,Eisenhower,Eisenhower,91,False,True,enrollment_update_births_by_elementary_attendance_area_2016-02-09.txt,2016-02-09,11/17/2015,
1994,Eldorado (K-5),Eldorado,1,False,True,enrollment_update_births_by_elementary_attendance_area_2016-02-09.txt,2016-02-09,11/17/2015,
1994,Emerald,Emerald,75,False,True,enrollment_update_births_by_elementary_attendance_area_2016-02-09.txt,2016-02-09,11/17/2015,
1994,Fireside,Fireside,85,False,True,enrollment_update_births_by_elementary_attendance_area_2016-02-09.txt,2016-02-09,11/17/2015,
1994,Flatirons,Flatirons,83,False,True,enrollment_update_births_by_elementary_attendance_area_2016-02-09.txt,2016-02-09,11/17/2015,
1994,Foothill,Foothill,104,False,True,enrollment_update_births_by_elementary_attendance_area_2016-02-09.txt,2016-02-09,11/17/2015,
1994,Gold Hill,Gold Hill,5,False,True,enrollment_update_births_by_elementary_attendance_area_2016-02-09.txt,2016-02-09,11/17/2015,
1994,Heatherwood,Heatherwood,97,False,True,enrollment_update_births_by_elementary_attendance_area_2016-02-09.txt,2016-02-09,11/17/2015,
1994,Jamestown,Jamestown,7,False,True,enrollment_update_births_by_elementary_attendance_area_2016-02-09.txt,2016-02-09,11/17/2015,
1994,Kohl,Kohl,48,False,True,enrollment_update_births_by_elementary_attendance_area_2016-02-09.txt,2016-02-09,11/17/2015,
1994,Lafayette,Lafayette,68,False,True,enrollment_update_births_by_elementary_attendance_area_2016-02-09.txt,2016-02-09,11/17/2015,
1994,Louisville,Louisville,92,False,True,enrollment_update_births_by_elementary_attendance_area_2016-02-09.txt,2016-02-09,11/17/2015,
1994,Mesa,Mesa,46,False,True,enrollment_update_births_by_elementary_attendance_area_2016-02-09.txt,2016-02-09,11/17/2015,
1994,Monarch (K-5),Monarch,34,False,True,enrollment_update_births_by_elementary_attendance_area_2016-02-09.txt,2016-02-09,11/17/2015,
1994,Nederland,Nederland,64,False,True,enrollment_update_births_by_elementary_attendance_area_2016-02-09.txt,2016-02-09,11/17/2015,
1994,Ryan,Ryan,122,False,True,enrollment_update_births_by_elementary_attendance_area_2016-02-09.txt,2016-02-09,11/17/2015,
1994,Sanchez,Sanchez,90,False,True,enrollment_update_births_by_elementary_attendance_area_2016-02-09.txt,2016-02-09,11/17/2015,
1994,Superior,Superior,35,False,True,enrollment_update_births_by_elementary_attendance_area_2016-02-09.txt,2016-02-09,11/17/2015,
1994,Unlocated,Unlocated,0,False,True,enrollment_update_births_by_elementary_attendance_area_2016-02-09.txt,2016-02-09,11/17/2015,
1994,Whittier,Whittier,141,False,True,enrollment_update_births_by_elementary_attendance_area_2016-02-09.txt,2016-02-09,11/17/2015,
1994,BVSD,BVSD,2034,True,True,enrollment_update_births_by_elementary_attendance_area_2016-02-09.txt,2016-02-09,11/17/2015,
1994,Boulder Total,Boulder Total,1050,True,True,enrollment_update_births_by_elementary_attendance_area_2016-02-09.txt,2016-02-09,11/17/2015,
1994,E County Total,E County Total,907,True,True,enrollment_update_births_by_elementary_attendance_area_2016-02-09.txt,2016-02-09,11/17/2015,
1995,Aspen Crk,Aspen Creek,61,False,True,enrollment_update_births_by_elementary_attendance_area_2016-02-09.txt,2016-02-09,11/17/2015,
1995,BC-Creekside,BC-Creekside,6,False,True,enrollment_update_births_by_elementary_attendance_area_2016-02-09.txt,2016-02-09,11/17/2015,
1995,BC-Mesa,BC-Mesa,28,False,True,enrollment_update_births_by_elementary_attendance_area_2016-02-09.txt,2016-02-09,11/17/2015,
1995,Bear Creek,Bear Creek,25,False,True,enrollment_update_births_by_elementary_attendance_area_2016-02-09.txt,2016-02-09,11/17/2015,
1995,Birch,Birch,75,False,True,enrollment_update_births_by_elementary_attendance_area_2016-02-09.txt,2016-02-09,11/17/2015,
1995,Coal Creek,Coal Creek,86,False,True,enrollment_update_births_by_elementary_attendance_area_2016-02-09.txt,2016-02-09,11/17/2015,
1995,Columbine,Columbine,149,False,True,enrollment_update_births_by_elementary_attendance_area_2016-02-09.txt,2016-02-09,11/17/2015,
1995,Creekside,Creekside,191,False,True,enrollment_update_births_by_elementary_attendance_area_2016-02-09.txt,2016-02-09,11/17/2015,
1995,Crest View,Crest View,121,False,True,enrollment_update_births_by_elementary_attendance_area_2016-02-09.txt,2016-02-09,11/17/2015,
1995,Douglass,Douglass,42,False,True,enrollment_update_births_by_elementary_attendance_area_2016-02-09.txt,2016-02-09,11/17/2015,
1995,Eisenhower,Eisenhower,87,False,True,enrollment_update_births_by_elementary_attendance_area_2016-02-09.txt,2016-02-09,11/17/2015,
1995,Eldorado (K-5),Eldorado,1,False,True,enrollment_update_births_by_elementary_attendance_area_2016-02-09.txt,2016-02-09,11/17/2015,
1995,Emerald,Emerald,72,False,True,enrollment_update_births_by_elementary_attendance_area_2016-02-09.txt,2016-02-09,11/17/2015,
1995,Fireside,Fireside,80,False,True,enrollment_update_births_by_elementary_attendance_area_2016-02-09.txt,2016-02-09,11/17/2015,
1995,Flatirons,Flatirons,68,False,True,enrollment_update_births_by_elementary_attendance_area_2016-02-09.txt,2016-02-09,11/17/2015,
1995,Foothill,Foothill,93,False,True,enrollment_update_births_by_elementary_attendance_area_2016-02-09.txt,2016-02-09,11/17/2015,
1995,Gold Hill,Gold Hill,1,False,True,enrollment_update_births_by_elementary_attendance_area_2016-02-09.txt,2016-02-09,11/17/2015,
1995,Heatherwood,Heatherwood,77,False,True,enrollment_update_births_by_elementary_attendance_area_2016-02-09.txt,2016-02-09,11/17/2015,
1995,Jamestown,Jamestown,3,False,True,enrollment_update_births_by_elementary_attendance_area_2016-02-09.txt,2016-02-09,11/17/2015,
1995,Kohl,Kohl,41,False,True,enrollment_update_births_by_elementary_attendance_area_2016-02-09.txt,2016-02-09,11/17/2015,
1995,Lafayette,Lafayette,92,False,True,enrollment_update_births_by_elementary_attendance_area_2016-02-09.txt,2016-02-09,11/17/2015,
1995,Louisville,Louisville,89,False,True,enrollment_update_births_by_elementary_attendance_area_2016-02-09.txt,2016-02-09,11/17/2015,
1995,Mesa,Mesa,26,False,True,enrollment_update_births_by_elementary_attendance_area_2016-02-09.txt,2016-02-09,11/17/2015,
1995,Monarch (K-5),Monarch,42,False,True,enrollment_update_births_by_elementary_attendance_area_2016-02-09.txt,2016-02-09,11/17/2015,
1995,Nederland,Nederland,56,False,True,enrollment_update_births_by_elementary_attendance_area_2016-02-09.txt,2016-02-09,11/17/2015,
1995,Ryan,Ryan,119,False,True,enrollment_update_births_by_elementary_attendance_area_2016-02-09.txt,2016-02-09,11/17/2015,
1995,Sanchez,Sanchez,102,False,True,enrollment_update_births_by_elementary_attendance_area_2016-02-09.txt,2016-02-09,11/17/2015,
1995,Superior,Superior,77,False,True,enrollment_update_births_by_elementary_attendance_area_2016-02-09.txt,2016-02-09,11/17/2015,
1995,Unlocated,Unlocated,1,False,True,enrollment_update_births_by_elementary_attendance_area_2016-02-09.txt,2016-02-09,11/17/2015,
1995,Whittier,Whittier,125,False,True,enrollment_update_births_by_elementary_attendance_area_2016-02-09.txt,2016-02-09,11/17/2015,
1995,BVSD,BVSD,2036,True,True,enrollment_update_births_by_elementary_attendance_area_2016-02-09.txt,2016-02-09,11/17/2015,
1995,Boulder Total,Boulder Total,996,True,True,enrollment_update_births_by_elementary_attendance_area_2016-02-09.txt,2016-02-09,11/17/2015,
1995,E County Total,E County Total,978,True,True,enrollment_update_births_by_elementary_attendance_area_2016-02-09.txt,2016-02-09,11/17/2015,
1996,Aspen Crk,Aspen Creek,63,False,True,enrollment_update_births_by_elementary_attendance_area_2016-02-09.txt,2016-02-09,11/17/2015,
1996,BC-Creekside,BC-Creekside,3,False,True,enrollment_update_births_by_elementary_attendance_area_2016-02-09.txt,2016-02-09,11/17/2015,
1996,BC-Mesa,BC-Mesa,24,False,True,enrollment_update_births_by_elementary_attendance_area_2016-02-09.txt,2016-02-09,11/17/2015,
1996,Bear Creek,Bear Creek,19,False,True,enrollment_update_births_by_elementary_attendance_area_2016-02-09.txt,2016-02-09,11/17/2015,
1996,Birch,Birch,79,False,True,enrollment_update_births_by_elementary_attendance_area_2016-02-09.txt,2016-02-09,11/17/2015,
1996,Coal Creek,Coal Creek,72,False,True,enrollment_update_births_by_elementary_attendance_area_2016-02-09.txt,2016-02-09,11/17/2015,
1996,Columbine,Columbine,141,False,True,enrollment_update_births_by_elementary_attendance_area_2016-02-09.txt,2016-02-09,11/17/2015,
1996,Creekside,Creekside,167,False,True,enrollment_update_births_by_elementary_attendance_area_2016-02-09.txt,2016-02-09,11/17/2015,
1996,Crest View,Crest View,136,False,True,enrollment_update_births_by_elementary_attendance_area_2016-02-09.txt,2016-02-09,11/17/2015,
1996,Douglass,Douglass,40,False,True,enrollment_update_births_by_elementary_attendance_area_2016-02-09.txt,2016-02-09,11/17/2015,
1996,Eisenhower,Eisenhower,51,False,True,enrollment_update_births_by_elementary_attendance_area_2016-02-09.txt,2016-02-09,11/17/2015,
1996,Eldorado (K-5),Eldorado,0,False,True,enrollment_update_births_by_elementary_attendance_area_2016-02-09.txt,2016-02-09,11/17/2015,
1996,Emerald,Emerald,61,False,True,enrollment_update_births_by_elementary_attendance_area_2016-02-09.txt,2016-02-09,11/17/2015,
1996,Fireside,Fireside,83,False,True,enrollment_update_births_by_elementary_attendance_area_2016-02-09.txt,2016-02-09,11/17/2015,
1996,Flatirons,Flatirons,70,False,True,enrollment_update_births_by_elementary_attendance_area_2016-02-09.txt,2016-02-09,11/17/2015,
1996,Foothill,Foothill,123,False,True,enrollment_update_births_by_elementary_attendance_area_2016-02-09.txt,2016-02-09,11/17/2015,
1996,Gold Hill,Gold Hill,2,False,True,enrollment_update_births_by_elementary_attendance_area_2016-02-09.txt,2016-02-09,11/17/2015,
1996,Heatherwood,Heatherwood,70,False,True,enrollment_update_births_by_elementary_attendance_area_2016-02-09.txt,2016-02-09,11/17/2015,
1996,Jamestown,Jamestown,3,False,True,enrollment_update_births_by_elementary_attendance_area_2016-02-09.txt,2016-02-09,11/17/2015,
1996,Kohl,Kohl,44,False,True,enrollment_update_births_by_elementary_attendance_area_2016-02-09.txt,2016-02-09,11/17/2015,
1996,Lafayette,Lafayette,137,False,True,enrollment_update_births_by_elementary_attendance_area_2016-02-09.txt,2016-02-09,11/17/2015,
1996,Louisville,Louisville,66,False,True,enrollment_update_births_by_elementary_attendance_area_2016-02-09.txt,2016-02-09,11/17/2015,
1996,Mesa,Mesa,30,False,True,enrollment_update_births_by_elementary_attendance_area_2016-02-09.txt,2016-02-09,11/17/2015,
1996,Monarch (K-5),Monarch,35,False,True,enrollment_update_births_by_elementary_attendance_area_2016-02-09.txt,2016-02-09,11/17/2015,
1996,Nederland,Nederland,88,False,True,enrollment_update_births_by_elementary_attendance_area_2016-02-09.txt,2016-02-09,11/17/2015,
1996,Ryan,Ryan,135,False,True,enrollment_update_births_by_elementary_attendance_area_2016-02-09.txt,2016-02-09,11/17/2015,
1996,Sanchez,Sanchez,102,False,True,enrollment_update_births_by_elementary_attendance_area_2016-02-09.txt,2016-02-09,11/17/2015,
1996,Superior,Superior,91,False,True,enrollment_update_births_by_elementary_attendance_area_2016-02-09.txt,2016-02-09,11/17/2015,
1996,Unlocated,Unlocated,4,False,True,enrollment_update_births_by_elementary_attendance_area_2016-02-09.txt,2016-02-09,11/17/2015,
1996,Whittier,Whittier,137,False,True,enrollment_update_births_by_elementary_attendance_area_2016-02-09.txt,2016-02-09,11/17/2015,
1996,BVSD,BVSD,2076,True,True,enrollment_update_births_by_elementary_attendance_area_2016-02-09.txt,2016-02-09,11/17/2015,
1996,Boulder Total,Boulder Total,971,True,True,enrollment_update_births_by_elementary_attendance_area_2016-02-09.txt,2016-02-09,11/17/2015,
1996,E County Total,E County Total,1008,True,True,enrollment_update_births_by_elementary_attendance_area_2016-02-09.txt,2016-02-09,11/17/2015,
1997,Aspen Crk,Aspen Creek,64,False,True,enrollment_update_births_by_elementary_attendance_area_2016-02-09.txt,2016-02-09,11/17/2015,
1997,BC-Creekside,BC-Creekside,11,False,True,enrollment_update_births_by_elementary_attendance_area_2016-02-09.txt,2016-02-09,11/17/2015,
1997,BC-Mesa,BC-Mesa,26,False,True,enrollment_update_births_by_elementary_attendance_area_2016-02-09.txt,2016-02-09,11/17/2015,
1997,Bear Creek,Bear Creek,22,False,True,enrollment_update_births_by_elementary_attendance_area_2016-02-09.txt,2016-02-09,11/17/2015,
1997,Birch,Birch,59,False,True,enrollment_update_births_by_elementary_attendance_area_2016-02-09.txt,2016-02-09,11/17/2015,
1997,Coal Creek,Coal Creek,61,False,True,enrollment_update_births_by_elementary_attendance_area_2016-02-09.txt,2016-02-09,11/17/2015,
1997,Columbine,Columbine,148,False,True,enrollment_update_births_by_elementary_attendance_area_2016-02-09.txt,2016-02-09,11/17/2015,
1997,Creekside,Creekside,199,False,True,enrollment_update_births_by_elementary_attendance_area_2016-02-09.txt,2016-02-09,11/17/2015,
1997,Crest View,Crest View,131,False,True,enrollment_update_births_by_elementary_attendance_area_2016-02-09.txt,2016-02-09,11/17/2015,
1997,Douglass,Douglass,45,False,True,enrollment_update_births_by_elementary_attendance_area_2016-02-09.txt,2016-02-09,11/17/2015,
1997,Eisenhower,Eisenhower,88,False,True,enrollment_update_births_by_elementary_attendance_area_2016-02-09.txt,2016-02-09,11/17/2015,
1997,Eldorado (K-5),Eldorado,0,False,True,enrollment_update_births_by_elementary_attendance_area_2016-02-09.txt,2016-02-09,11/17/2015,
1997,Emerald,Emerald,68,False,True,enrollment_update_births_by_elementary_attendance_area_2016-02-09.txt,2016-02-09,11/17/2015,
1997,Fireside,Fireside,66,False,True,enrollment_update_births_by_elementary_attendance_area_2016-02-09.txt,2016-02-09,11/17/2015,
1997,Flatirons,Flatirons,67,False,True,enrollment_update_births_by_elementary_attendance_area_2016-02-09.txt,2016-02-09,11/17/2015,
1997,Foothill,Foothill,92,False,True,enrollment_update_births_by_elementary_attendance_area_2016-02-09.txt,2016-02-09,11/17/2015,
1997,Gold Hill,Gold Hill,1,False,True,enrollment_update_births_by_elementary_attendance_area_2016-02-09.txt,2016-02-09,11/17/2015,
1997,Heatherwood,Heatherwood,77,False,True,enrollment_update_births_by_elementary_attendance_area_2016-02-09.txt,2016-02-09,11/17/2015,
1997,Jamestown,Jamestown,5,False,True,enrollment_update_births_by_elementary_attendance_area_2016-02-09.txt,2016-02-09,11/17/2015,
1997,Kohl,Kohl,51,False,True,enrollment_update_births_by_elementary_attendance_area_2016-02-09.txt,2016-02-09,11/17/2015,
1997,Lafayette,Lafayette,132,False,True,enrollment_update_births_by_elementary_attendance_area_2016-02-09.txt,2016-02-09,11/17/2015,
1997,Louisville,Louisville,75,False,True,enrollment_update_births_by_elementary_attendance_area_2016-02-09.txt,2016-02-09,11/17/2015,
1997,Mesa,Mesa,32,False,True,enrollment_update_births_by_elementary_attendance_area_2016-02-09.txt,2016-02-09,11/17/2015,
1997,Monarch (K-5),Monarch,38,False,True,enrollment_update_births_by_elementary_attendance_area_2016-02-09.txt,2016-02-09,11/17/2015,
1997,Nederland,Nederland,79,False,True,enrollment_update_births_by_elementary_attendance_area_2016-02-09.txt,2016-02-09,11/17/2015,
1997,Ryan,Ryan,121,False,True,enrollment_update_births_by_elementary_attendance_area_2016-02-09.txt,2016-02-09,11/17/2015,
1997,Sanchez,Sanchez,86,False,True,enrollment_update_births_by_elementary_attendance_area_2016-02-09.txt,2016-02-09,11/17/2015,
1997,Superior,Superior,81,False,True,enrollment_update_births_by_elementary_attendance_area_2016-02-09.txt,2016-02-09,11/17/2015,
1997,Unlocated,Unlocated,4,False,True,enrollment_update_births_by_elementary_attendance_area_2016-02-09.txt,2016-02-09,11/17/2015,
1997,Whittier,Whittier,136,False,True,enrollment_update_births_by_elementary_attendance_area_2016-02-09.txt,2016-02-09,11/17/2015,
1997,BVSD,BVSD,2065,True,True,enrollment_update_births_by_elementary_attendance_area_2016-02-09.txt,2016-02-09,11/17/2015,
1997,Boulder Total,Boulder Total,1029,True,True,enrollment_update_births_by_elementary_attendance_area_2016-02-09.txt,2016-02-09,11/17/2015,
1997,E County Total,E County Total,947,True,True,enrollment_update_births_by_elementary_attendance_area_2016-02-09.txt,2016-02-09,11/17/2015,
1998,Aspen Crk,Aspen Creek,68,False,True,enrollment_update_births_by_elementary_attendance_area_2016-02-09.txt,2016-02-09,11/17/2015,
1998,BC-Creekside,BC-Creekside,6,False,True,enrollment_update_births_by_elementary_attendance_area_2016-02-09.txt,2016-02-09,11/17/2015,
1998,BC-Mesa,BC-Mesa,22,False,True,enrollment_update_births_by_elementary_attendance_area_2016-02-09.txt,2016-02-09,11/17/2015,
1998,Bear Creek,Bear Creek,16,False,True,enrollment_update_births_by_elementary_attendance_area_2016-02-09.txt,2016-02-09,11/17/2015,
1998,Birch,Birch,67,False,True,enrollment_update_births_by_elementary_attendance_area_2016-02-09.txt,2016-02-09,11/17/2015,
1998,Coal Creek,Coal Creek,58,False,True,enrollment_update_births_by_elementary_attendance_area_2016-02-09.txt,2016-02-09,11/17/2015,
1998,Columbine,Columbine,143,False,True,enrollment_update_births_by_elementary_attendance_area_2016-02-09.txt,2016-02-09,11/17/2015,
1998,Creekside,Creekside,183,False,True,enrollment_update_births_by_elementary_attendance_area_2016-02-09.txt,2016-02-09,11/17/2015,
1998,Crest View,Crest View,132,False,True,enrollment_update_births_by_elementary_attendance_area_2016-02-09.txt,2016-02-09,11/17/2015,
1998,Douglass,Douglass,42,False,True,enrollment_update_births_by_elementary_attendance_area_2016-02-09.txt,2016-02-09,11/17/2015,
1998,Eisenhower,Eisenhower,92,False,True,enrollment_update_births_by_elementary_attendance_area_2016-02-09.txt,2016-02-09,11/17/2015,
1998,Eldorado (K-5),Eldorado,6,False,True,enrollment_update_births_by_elementary_attendance_area_2016-02-09.txt,2016-02-09,11/17/2015,
1998,Emerald,Emerald,56,False,True,enrollment_update_births_by_elementary_attendance_area_2016-02-09.txt,2016-02-09,11/17/2015,
1998,Fireside,Fireside,60,False,True,enrollment_update_births_by_elementary_attendance_area_2016-02-09.txt,2016-02-09,11/17/2015,
1998,Flatirons,Flatirons,66,False,True,enrollment_update_births_by_elementary_attendance_area_2016-02-09.txt,2016-02-09,11/17/2015,
1998,Foothill,Foothill,85,False,True,enrollment_update_births_by_elementary_attendance_area_2016-02-09.txt,2016-02-09,11/17/2015,
1998,Gold Hill,Gold Hill,4,False,True,enrollment_update_births_by_elementary_attendance_area_2016-02-09.txt,2016-02-09,11/17/2015,
1998,Heatherwood,Heatherwood,82,False,True,enrollment_update_births_by_elementary_attendance_area_2016-02-09.txt,2016-02-09,11/17/2015,
1998,Jamestown,Jamestown,5,False,True,enrollment_update_births_by_elementary_attendance_area_2016-02-09.txt,2016-02-09,11/17/2015,
1998,Kohl,Kohl,47,False,True,enrollment_update_births_by_elementary_attendance_area_2016-02-09.txt,2016-02-09,11/17/2015,
1998,Lafayette,Lafayette,163,False,True,enrollment_update_births_by_elementary_attendance_area_2016-02-09.txt,2016-02-09,11/17/2015,
1998,Louisville,Louisville,78,False,True,enrollment_update_births_by_elementary_attendance_area_2016-02-09.txt,2016-02-09,11/17/2015,
1998,Mesa,Mesa,43,False,True,enrollment_update_births_by_elementary_attendance_area_2016-02-09.txt,2016-02-09,11/17/2015,
1998,Monarch (K-5),Monarch,73,False,True,enrollment_update_births_by_elementary_attendance_area_2016-02-09.txt,2016-02-09,11/17/2015,
1998,Nederland,Nederland,83,False,True,enrollment_update_births_by_elementary_attendance_area_2016-02-09.txt,2016-02-09,11/17/2015,
1998,Ryan,Ryan,154,False,True,enrollment_update_births_by_elementary_attendance_area_2016-02-09.txt,2016-02-09,11/17/2015,
1998,Sanchez,Sanchez,95,False,True,enrollment_update_births_by_elementary_attendance_area_2016-02-09.txt,2016-02-09,11/17/2015,
1998,Superior,Superior,104,False,True,enrollment_update_births_by_elementary_attendance_area_2016-02-09.txt,2016-02-09,11/17/2015,
1998,Unlocated,Unlocated,4,False,True,enrollment_update_births_by_elementary_attendance_area_2016-02-09.txt,2016-02-09,11/17/2015,
1998,Whittier,Whittier,125,False,True,enrollment_update_births_by_elementary_attendance_area_2016-02-09.txt,2016-02-09,11/17/2015,
1998,BVSD,BVSD,2162,True,True,enrollment_update_births_by_elementary_attendance_area_2016-02-09.txt,2016-02-09,11/17/2015,
1998,Boulder Total,Boulder Total,995,True,True,enrollment_update_births_by_elementary_attendance_area_2016-02-09.txt,2016-02-09,11/17/2015,
1998,E County Total,E County Total,1065,True,True,enrollment_update_births_by_elementary_attendance_area_2016-02-09.txt,2016-02-09,11/17/2015,
1999,Aspen Crk,Aspen Creek,62,False,True,enrollment_update_births_by_elementary_attendance_area_2016-02-09.txt,2016-02-09,11/17/2015,
1999,BC-Creekside,BC-Creekside,3,False,True,enrollment_update_births_by_elementary_attendance_area_2016-02-09.txt,2016-02-09,11/17/2015,
1999,BC-Mesa,BC-Mesa,13,False,True,enrollment_update_births_by_elementary_attendance_area_2016-02-09.txt,2016-02-09,11/17/2015,
1999,Bear Creek,Bear Creek,21,False,True,enrollment_update_births_by_elementary_attendance_area_2016-02-09.txt,2016-02-09,11/17/2015,
1999,Birch,Birch,50,False,True,enrollment_update_births_by_elementary_attendance_area_2016-02-09.txt,2016-02-09,11/17/2015,
1999,Coal Creek,Coal Creek,69,False,True,enrollment_update_births_by_elementary_attendance_area_2016-02-09.txt,2016-02-09,11/17/2015,
1999,Columbine,Columbine,156,False,True,enrollment_update_births_by_elementary_attendance_area_2016-02-09.txt,2016-02-09,11/17/2015,
1999,Creekside,Creekside,175,False,True,enrollment_update_births_by_elementary_attendance_area_2016-02-09.txt,2016-02-09,11/17/2015,
1999,Crest View,Crest View,130,False,True,enrollment_update_births_by_elementary_attendance_area_2016-02-09.txt,2016-02-09,11/17/2015,
1999,Douglass,Douglass,43,False,True,enrollment_update_births_by_elementary_attendance_area_2016-02-09.txt,2016-02-09,11/17/2015,
1999,Eisenhower,Eisenhower,84,False,True,enrollment_update_births_by_elementary_attendance_area_2016-02-09.txt,2016-02-09,11/17/2015,
1999,Eldorado (K-5),Eldorado,21,False,True,enrollment_update_births_by_elementary_attendance_area_2016-02-09.txt,2016-02-09,11/17/2015,
1999,Emerald,Emerald,79,False,True,enrollment_update_births_by_elementary_attendance_area_2016-02-09.txt,2016-02-09,11/17/2015,
1999,Fireside,Fireside,79,False,True,enrollment_update_births_by_elementary_attendance_area_2016-02-09.txt,2016-02-09,11/17/2015,
1999,Flatirons,Flatirons,73,False,True,enrollment_update_births_by_elementary_attendance_area_2016-02-09.txt,2016-02-09,11/17/2015,
1999,Foothill,Foothill,98,False,True,enrollment_update_births_by_elementary_attendance_area_2016-02-09.txt,2016-02-09,11/17/2015,
1999,Gold Hill,Gold Hill,3,False,True,enrollment_update_births_by_elementary_attendance_area_2016-02-09.txt,2016-02-09,11/17/2015,
1999,Heatherwood,Heatherwood,66,False,True,enrollment_update_births_by_elementary_attendance_area_2016-02-09.txt,2016-02-09,11/17/2015,
1999,Jamestown,Jamestown,1,False,True,enrollment_update_births_by_elementary_attendance_area_2016-02-09.txt,2016-02-09,11/17/2015,
1999,Kohl,Kohl,42,False,True,enrollment_update_births_by_elementary_attendance_area_2016-02-09.txt,2016-02-09,11/17/2015,
1999,Lafayette,Lafayette,189,False,True,enrollment_update_births_by_elementary_attendance_area_2016-02-09.txt,2016-02-09,11/17/2015,
1999,Louisville,Louisville,70,False,True,enrollment_update_births_by_elementary_attendance_area_2016-02-09.txt,2016-02-09,11/17/2015,
1999,Mesa,Mesa,32,False,True,enrollment_update_births_by_elementary_attendance_area_2016-02-09.txt,2016-02-09,11/17/2015,
1999,Monarch (K-5),Monarch,61,False,True,enrollment_update_births_by_elementary_attendance_area_2016-02-09.txt,2016-02-09,11/17/2015,
1999,Nederland,Nederland,82,False,True,enrollment_update_births_by_elementary_attendance_area_2016-02-09.txt,2016-02-09,11/17/2015,
1999,Ryan,Ryan,145,False,True,enrollment_update_births_by_elementary_attendance_area_2016-02-09.txt,2016-02-09,11/17/2015,
1999,Sanchez,Sanchez,108,False,True,enrollment_update_births_by_elementary_attendance_area_2016-02-09.txt,2016-02-09,11/17/2015,
1999,Superior,Superior,86,False,True,enrollment_update_births_by_elementary_attendance_area_2016-02-09.txt,2016-02-09,11/17/2015,
1999,Unlocated,Unlocated,2,False,True,enrollment_update_births_by_elementary_attendance_area_2016-02-09.txt,2016-02-09,11/17/2015,
1999,Whittier,Whittier,139,False,True,enrollment_update_births_by_elementary_attendance_area_2016-02-09.txt,2016-02-09,11/17/2015,
1999,BVSD,BVSD,2182,True,True,enrollment_update_births_by_elementary_attendance_area_2016-02-09.txt,2016-02-09,11/17/2015,
1999,Boulder Total,Boulder Total,990,True,True,enrollment_update_births_by_elementary_attendance_area_2016-02-09.txt,2016-02-09,11/17/2015,
1999,E County Total,E County Total,1083,True,True,enrollment_update_births_by_elementary_attendance_area_2016-02-09.txt,2016-02-09,11/17/2015,
2000,Aspen Crk,Aspen Creek,55,False,True,enrollment_update_births_by_elementary_attendance_area_2016-02-09.txt,2016-02-09,11/17/2015,
2000,BC-Creekside,BC-Creekside,7,False,True,enrollment_update_births_by_elementary_attendance_area_2016-02-09.txt,2016-02-09,11/17/2015,
2000,BC-Mesa,BC-Mesa,18,False,True,enrollment_update_births_by_elementary_attendance_area_2016-02-09.txt,2016-02-09,11/17/2015,
2000,Bear Creek,Bear Creek,21,False,True,enrollment_update_births_by_elementary_attendance_area_2016-02-09.txt,2016-02-09,11/17/2015,
2000,Birch,Birch,67,False,True,enrollment_update_births_by_elementary_attendance_area_2016-02-09.txt,2016-02-09,11/17/2015,
2000,Coal Creek,Coal Creek,65,False,True,enrollment_update_births_by_elementary_attendance_area_2016-02-09.txt,2016-02-09,11/17/2015,
2000,Columbine,Columbine,173,False,True,enrollment_update_births_by_elementary_attendance_area_2016-02-09.txt,2016-02-09,11/17/2015,
2000,Creekside,Creekside,207,False,True,enrollment_update_births_by_elementary_attendance_area_2016-02-09.txt,2016-02-09,11/17/2015,
2000,Crest View,Crest View,143,False,True,enrollment_update_births_by_elementary_attendance_area_2016-02-09.txt,2016-02-09,11/17/2015,
2000,Douglass,Douglass,46,False,True,enrollment_update_births_by_elementary_attendance_area_2016-02-09.txt,2016-02-09,11/17/2015,
2000,Eisenhower,Eisenhower,92,False,True,enrollment_update_births_by_elementary_attendance_area_2016-02-09.txt,2016-02-09,11/17/2015,
2000,Eldorado (K-5),Eldorado,61,False,True,enrollment_update_births_by_elementary_attendance_area_2016-02-09.txt,2016-02-09,11/17/2015,
2000,Emerald,Emerald,82,False,True,enrollment_update_births_by_elementary_attendance_area_2016-02-09.txt,2016-02-09,11/17/2015,
2000,Fireside,Fireside,54,False,True,enrollment_update_births_by_elementary_attendance_area_2016-02-09.txt,2016-02-09,11/17/2015,
2000,Flatirons,Flatirons,74,False,True,enrollment_update_births_by_elementary_attendance_area_2016-02-09.txt,2016-02-09,11/17/2015,
2000,Foothill,Foothill,85,False,True,enrollment_update_births_by_elementary_attendance_area_2016-02-09.txt,2016-02-09,11/17/2015,
2000,Gold Hill,Gold Hill,1,False,True,enrollment_update_births_by_elementary_attendance_area_2016-02-09.txt,2016-02-09,11/17/2015,
2000,Heatherwood,Heatherwood,47,False,True,enrollment_update_births_by_elementary_attendance_area_2016-02-09.txt,2016-02-09,11/17/2015,
2000,Jamestown,Jamestown,6,False,True,enrollment_update_births_by_elementary_attendance_area_2016-02-09.txt,2016-02-09,11/17/2015,
2000,Kohl,Kohl,58,False,True,enrollment_update_births_by_elementary_attendance_area_2016-02-09.txt,2016-02-09,11/17/2015,
2000,Lafayette,Lafayette,200,False,True,enrollment_update_births_by_elementary_attendance_area_2016-02-09.txt,2016-02-09,11/17/2015,
2000,Louisville,Louisville,76,False,True,enrollment_update_births_by_elementary_attendance_area_2016-02-09.txt,2016-02-09,11/17/2015,
2000,Mesa,Mesa,39,False,True,enrollment_update_births_by_elementary_attendance_area_2016-02-09.txt,2016-02-09,11/17/2015,
2000,Monarch (K-5),Monarch,69,False,True,enrollment_update_births_by_elementary_attendance_area_2016-02-09.txt,2016-02-09,11/17/2015,
2000,Nederland,Nederland,74,False,True,enrollment_update_births_by_elementary_attendance_area_2016-02-09.txt,2016-02-09,11/17/2015,
2000,Ryan,Ryan,124,False,True,enrollment_update_births_by_elementary_attendance_area_2016-02-09.txt,2016-02-09,11/17/2015,
2000,Sanchez,Sanchez,114,False,True,enrollment_update_births_by_elementary_attendance_area_2016-02-09.txt,2016-02-09,11/17/2015,
2000,Superior,Superior,117,False,True,enrollment_update_births_by_elementary_attendance_area_2016-02-09.txt,2016-02-09,11/17/2015,
2000,Unlocated,Unlocated,1,False,True,enrollment_update_births_by_elementary_attendance_area_2016-02-09.txt,2016-02-09,11/17/2015,
2000,Whittier,Whittier,141,False,True,enrollment_update_births_by_elementary_attendance_area_2016-02-09.txt,2016-02-09,11/17/2015,
2000,BVSD,BVSD,2317,True,True,enrollment_update_births_by_elementary_attendance_area_2016-02-09.txt,2016-02-09,11/17/2015,
2000,Boulder Total,Boulder Total,1047,True,True,enrollment_update_births_by_elementary_attendance_area_2016-02-09.txt,2016-02-09,11/17/2015,
2000,E County Total,E County Total,1127,True,True,enrollment_update_births_by_elementary_attendance_area_2016-02-09.txt,2016-02-09,11/17/2015,
2001,Aspen Crk,Aspen Creek,62,False,True,enrollment_update_births_by_elementary_attendance_area_2016-02-09.txt,2016-02-09,11/17/2015,
2001,BC-Creekside,BC-Creekside,9,False,True,enrollment_update_births_by_elementary_attendance_area_2016-02-09.txt,2016-02-09,11/17/2015,
2001,BC-Mesa,BC-Mesa,17,False,True,enrollment_update_births_by_elementary_attendance_area_2016-02-09.txt,2016-02-09,11/17/2015,
2001,Bear Creek,Bear Creek,24,False,True,enrollment_update_births_by_elementary_attendance_area_2016-02-09.txt,2016-02-09,11/17/2015,
2001,Birch,Birch,86,False,True,enrollment_update_births_by_elementary_attendance_area_2016-02-09.txt,2016-02-09,11/17/2015,
2001,Coal Creek,Coal Creek,53,False,True,enrollment_update_births_by_elementary_attendance_area_2016-02-09.txt,2016-02-09,11/17/2015,
2001,Columbine,Columbine,171,False,True,enrollment_update_births_by_elementary_attendance_area_2016-02-09.txt,2016-02-09,11/17/2015,
2001,Creekside,Creekside,175,False,True,enrollment_update_births_by_elementary_attendance_area_2016-02-09.txt,2016-02-09,11/17/2015,
2001,Crest View,Crest View,128,False,True,enrollment_update_births_by_elementary_attendance_area_2016-02-09.txt,2016-02-09,11/17/2015,
2001,Douglass,Douglass,30,False,True,enrollment_update_births_by_elementary_attendance_area_2016-02-09.txt,2016-02-09,11/17/2015,
2001,Eisenhower,Eisenhower,73,False,True,enrollment_update_births_by_elementary_attendance_area_2016-02-09.txt,2016-02-09,11/17/2015,
2001,Eldorado (K-5),Eldorado,79,False,True,enrollment_update_births_by_elementary_attendance_area_2016-02-09.txt,2016-02-09,11/17/2015,
2001,Emerald,Emerald,73,False,True,enrollment_update_births_by_elementary_attendance_area_2016-02-09.txt,2016-02-09,11/17/2015,
2001,Fireside,Fireside,51,False,True,enrollment_update_births_by_elementary_attendance_area_2016-02-09.txt,2016-02-09,11/17/2015,
2001,Flatirons,Flatirons,80,False,True,enrollment_update_births_by_elementary_attendance_area_2016-02-09.txt,2016-02-09,11/17/2015,
2001,Foothill,Foothill,95,False,True,enrollment_update_births_by_elementary_attendance_area_2016-02-09.txt,2016-02-09,11/17/2015,
2001,Gold Hill,Gold Hill,1,False,True,enrollment_update_births_by_elementary_attendance_area_2016-02-09.txt,2016-02-09,11/17/2015,
2001,Heatherwood,Heatherwood,91,False,True,enrollment_update_births_by_elementary_attendance_area_2016-02-09.txt,2016-02-09,11/17/2015,
2001,Jamestown,Jamestown,7,False,True,enrollment_update_births_by_elementary_attendance_area_2016-02-09.txt,2016-02-09,11/17/2015,
2001,Kohl,Kohl,47,False,True,enrollment_update_births_by_elementary_attendance_area_2016-02-09.txt,2016-02-09,11/17/2015,
2001,Lafayette,Lafayette,235,False,True,enrollment_update_births_by_elementary_attendance_area_2016-02-09.txt,2016-02-09,11/17/2015,
2001,Louisville,Louisville,70,False,True,enrollment_update_births_by_elementary_attendance_area_2016-02-09.txt,2016-02-09,11/17/2015,
2001,Mesa,Mesa,19,False,True,enrollment_update_births_by_elementary_attendance_area_2016-02-09.txt,2016-02-09,11/17/2015,
2001,Monarch (K-5),Monarch,80,False,True,enrollment_update_births_by_elementary_attendance_area_2016-02-09.txt,2016-02-09,11/17/2015,
2001,Nederland,Nederland,83,False,True,enrollment_update_births_by_elementary_attendance_area_2016-02-09.txt,2016-02-09,11/17/2015,
2001,Ryan,Ryan,147,False,True,enrollment_update_births_by_elementary_attendance_area_2016-02-09.txt,2016-02-09,11/17/2015,
2001,Sanchez,Sanchez,104,False,True,enrollment_update_births_by_elementary_attendance_area_2016-02-09.txt,2016-02-09,11/17/2015,
2001,Superior,Superior,91,False,True,enrollment_update_births_by_elementary_attendance_area_2016-02-09.txt,2016-02-09,11/17/2015,
2001,Unlocated,Unlocated,3,False,True,enrollment_update_births_by_elementary_attendance_area_2016-02-09.txt,2016-02-09,11/17/2015,
2001,Whittier,Whittier,145,False,True,enrollment_update_births_by_elementary_attendance_area_2016-02-09.txt,2016-02-09,11/17/2015,
2001,BVSD,BVSD,2329,True,True,enrollment_update_births_by_elementary_attendance_area_2016-02-09.txt,2016-02-09,11/17/2015,
2001,Boulder Total,Boulder Total,1027,True,True,enrollment_update_births_by_elementary_attendance_area_2016-02-09.txt,2016-02-09,11/17/2015,
2001,E County Total,E County Total,1129,True,True,enrollment_update_births_by_elementary_attendance_area_2016-02-09.txt,2016-02-09,11/17/2015,
2002,Aspen Crk,Aspen Creek,58,False,True,enrollment_update_births_by_elementary_attendance_area_2016-02-09.txt,2016-02-09,11/17/2015,
2002,BC-Creekside,BC-Creekside,7,False,True,enrollment_update_births_by_elementary_attendance_area_2016-02-09.txt,2016-02-09,11/17/2015,
2002,BC-Mesa,BC-Mesa,18,False,True,enrollment_update_births_by_elementary_attendance_area_2016-02-09.txt,2016-02-09,11/17/2015,
2002,Bear Creek,Bear Creek,13,False,True,enrollment_update_births_by_elementary_attendance_area_2016-02-09.txt,2016-02-09,11/17/2015,
2002,Birch,Birch,71,False,True,enrollment_update_births_by_elementary_attendance_area_2016-02-09.txt,2016-02-09,11/17/2015,
2002,Coal Creek,Coal Creek,54,False,True,enrollment_update_births_by_elementary_attendance_area_2016-02-09.txt,2016-02-09,11/17/2015,
2002,Columbine,Columbine,180,False,True,enrollment_update_births_by_elementary_attendance_area_2016-02-09.txt,2016-02-09,11/17/2015,
2002,Creekside,Creekside,179,False,True,enrollment_update_births_by_elementary_attendance_area_2016-02-09.txt,2016-02-09,11/17/2015,
2002,Crest View,Crest View,152,False,True,enrollment_update_births_by_elementary_attendance_area_2016-02-09.txt,2016-02-09,11/17/2015,
2002,Douglass,Douglass,29,False,True,enrollment_update_births_by_elementary_attendance_area_2016-02-09.txt,2016-02-09,11/17/2015,
2002,Eisenhower,Eisenhower,71,False,True,enrollment_update_births_by_elementary_attendance_area_2016-02-09.txt,2016-02-09,11/17/2015,
2002,Eldorado (K-5),Eldorado,82,False,True,enrollment_update_births_by_elementary_attendance_area_2016-02-09.txt,2016-02-09,11/17/2015,
2002,Emerald,Emerald,89,False,True,enrollment_update_births_by_elementary_attendance_area_2016-02-09.txt,2016-02-09,11/17/2015,
2002,Fireside,Fireside,59,False,True,enrollment_update_births_by_elementary_attendance_area_2016-02-09.txt,2016-02-09,11/17/2015,
2002,Flatirons,Flatirons,59,False,True,enrollment_update_births_by_elementary_attendance_area_2016-02-09.txt,2016-02-09,11/17/2015,
2002,Foothill,Foothill,90,False,True,enrollment_update_births_by_elementary_attendance_area_2016-02-09.txt,2016-02-09,11/17/2015,
2002,Gold Hill,Gold Hill,4,False,True,enrollment_update_births_by_elementary_attendance_area_2016-02-09.txt,2016-02-09,11/17/2015,
2002,Heatherwood,Heatherwood,57,False,True,enrollment_update_births_by_elementary_attendance_area_2016-02-09.txt,2016-02-09,11/17/2015,
2002,Jamestown,Jamestown,5,False,True,enrollment_update_births_by_elementary_attendance_area_2016-02-09.txt,2016-02-09,11/17/2015,
2002,Kohl,Kohl,63,False,True,enrollment_update_births_by_elementary_attendance_area_2016-02-09.txt,2016-02-09,11/17/2015,
2002,Lafayette,Lafayette,206,False,True,enrollment_update_births_by_elementary_attendance_area_2016-02-09.txt,2016-02-09,11/17/2015,
2002,Louisville,Louisville,80,False,True,enrollment_update_births_by_elementary_attendance_area_2016-02-09.txt,2016-02-09,11/17/2015,
2002,Mesa,Mesa,26,False,True,enrollment_update_births_by_elementary_attendance_area_2016-02-09.txt,2016-02-09,11/17/2015,
2002,Monarch (K-5),Monarch,66,False,True,enrollment_update_births_by_elementary_attendance_area_2016-02-09.txt,2016-02-09,11/17/2015,
2002,Nederland,Nederland,77,False,True,enrollment_update_births_by_elementary_attendance_area_2016-02-09.txt,2016-02-09,11/17/2015,
2002,Ryan,Ryan,145,False,True,enrollment_update_births_by_elementary_attendance_area_2016-02-09.txt,2016-02-09,11/17/2015,
2002,Sanchez,Sanchez,111,False,True,enrollment_update_births_by_elementary_attendance_area_2016-02-09.txt,2016-02-09,11/17/2015,
2002,Superior,Superior,74,False,True,enrollment_update_births_by_elementary_attendance_area_2016-02-09.txt,2016-02-09,11/17/2015,
2002,Unlocated,Unlocated,2,False,True,enrollment_update_births_by_elementary_attendance_area_2016-02-09.txt,2016-02-09,11/17/2015,
2002,Whittier,Whittier,133,False,True,enrollment_update_births_by_elementary_attendance_area_2016-02-09.txt,2016-02-09,11/17/2015,
2002,BVSD,BVSD,2260,True,True,enrollment_update_births_by_elementary_attendance_area_2016-02-09.txt,2016-02-09,11/17/2015,
2002,Boulder Total,Boulder Total,985,True,True,enrollment_update_births_by_elementary_attendance_area_2016-02-09.txt,2016-02-09,11/17/2015,
2002,E County Total,E County Total,1105,True,True,enrollment_update_births_by_elementary_attendance_area_2016-02-09.txt,2016-02-09,11/17/2015,
2003,Aspen Crk,Aspen Creek,52,False,True,enrollment_update_births_by_elementary_attendance_area_2016-02-09.txt,2016-02-09,11/17/2015,
2003,BC-Creekside,BC-Creekside,9,False,True,enrollment_update_births_by_elementary_attendance_area_2016-02-09.txt,2016-02-09,11/17/2015,
2003,BC-Mesa,BC-Mesa,17,False,True,enrollment_update_births_by_elementary_attendance_area_2016-02-09.txt,2016-02-09,11/17/2015,
2003,Bear Creek,Bear Creek,19,False,True,enrollment_update_births_by_elementary_attendance_area_2016-02-09.txt,2016-02-09,11/17/2015,
2003,Birch,Birch,53,False,True,enrollment_update_births_by_elementary_attendance_area_2016-02-09.txt,2016-02-09,11/17/2015,
2003,Coal Creek,Coal Creek,74,False,True,enrollment_update_births_by_elementary_attendance_area_2016-02-09.txt,2016-02-09,11/17/2015,
2003,Columbine,Columbine,168,False,True,enrollment_update_births_by_elementary_attendance_area_2016-02-09.txt,2016-02-09,11/17/2015,
2003,Creekside,Creekside,160,False,True,enrollment_update_births_by_elementary_attendance_area_2016-02-09.txt,2016-02-09,11/17/2015,
2003,Crest View,Crest View,117,False,True,enrollment_update_births_by_elementary_attendance_area_2016-02-09.txt,2016-02-09,11/17/2015,
2003,Douglass,Douglass,51,False,True,enrollment_update_births_by_elementary_attendance_area_2016-02-09.txt,2016-02-09,11/17/2015,
2003,Eisenhower,Eisenhower,92,False,True,enrollment_update_births_by_elementary_attendance_area_2016-02-09.txt,2016-02-09,11/17/2015,
2003,Eldorado (K-5),Eldorado,82,False,True,enrollment_update_births_by_elementary_attendance_area_2016-02-09.txt,2016-02-09,11/17/2015,
2003,Emerald,Emerald,72,False,True,enrollment_update_births_by_elementary_attendance_area_2016-02-09.txt,2016-02-09,11/17/2015,
2003,Fireside,Fireside,44,False,True,enrollment_update_births_by_elementary_attendance_area_2016-02-09.txt,2016-02-09,11/17/2015,
2003,Flatirons,Flatirons,80,False,True,enrollment_update_births_by_elementary_attendance_area_2016-02-09.txt,2016-02-09,11/17/2015,
2003,Foothill,Foothill,120,False,True,enrollment_update_births_by_elementary_attendance_area_2016-02-09.txt,2016-02-09,11/17/2015,
2003,Gold Hill,Gold Hill,1,False,True,enrollment_update_births_by_elementary_attendance_area_2016-02-09.txt,2016-02-09,11/17/2015,
2003,Heatherwood,Heatherwood,70,False,True,enrollment_update_births_by_elementary_attendance_area_2016-02-09.txt,2016-02-09,11/17/2015,
2003,Jamestown,Jamestown,5,False,True,enrollment_update_births_by_elementary_attendance_area_2016-02-09.txt,2016-02-09,11/17/2015,
2003,Kohl,Kohl,59,False,True,enrollment_update_births_by_elementary_attendance_area_2016-02-09.txt,2016-02-09,11/17/2015,
2003,Lafayette,Lafayette,191,False,True,enrollment_update_births_by_elementary_attendance_area_2016-02-09.txt,2016-02-09,11/17/2015,
2003,Louisville,Louisville,69,False,True,enrollment_update_births_by_elementary_attendance_area_2016-02-09.txt,2016-02-09,11/17/2015,
2003,Mesa,Mesa,26,False,True,enrollment_update_births_by_elementary_attendance_area_2016-02-09.txt,2016-02-09,11/17/2015,
2003,Monarch (K-5),Monarch,45,False,True,enrollment_update_births_by_elementary_attendance_area_2016-02-09.txt,2016-02-09,11/17/2015,
2003,Nederland,Nederland,94,False,True,enrollment_update_births_by_elementary_attendance_area_2016-02-09.txt,2016-02-09,11/17/2015,
2003,Ryan,Ryan,117,False,True,enrollment_update_births_by_elementary_attendance_area_2016-02-09.txt,2016-02-09,11/17/2015,
2003,Sanchez,Sanchez,93,False,True,enrollment_update_births_by_elementary_attendance_area_2016-02-09.txt,2016-02-09,11/17/2015,
2003,Superior,Superior,96,False,True,enrollment_update_births_by_elementary_attendance_area_2016-02-09.txt,2016-02-09,11/17/2015,
2003,Unlocated,Unlocated,3,False,True,enrollment_update_births_by_elementary_attendance_area_2016-02-09.txt,2016-02-09,11/17/2015,
2003,Whittier,Whittier,142,False,True,enrollment_update_births_by_elementary_attendance_area_2016-02-09.txt,2016-02-09,11/17/2015,
2003,BVSD,BVSD,2221,True,True,enrollment_update_births_by_elementary_attendance_area_2016-02-09.txt,2016-02-09,11/17/2015,
2003,Boulder Total,Boulder Total,1020,True,True,enrollment_update_births_by_elementary_attendance_area_2016-02-09.txt,2016-02-09,11/17/2015,
2003,E County Total,E County Total,1016,True,True,enrollment_update_births_by_elementary_attendance_area_2016-02-09.txt,2016-02-09,11/17/2015,
2004,Aspen Crk,Aspen Creek,57,False,True,enrollment_update_births_by_elementary_attendance_area_2016-02-09.txt,2016-02-09,11/17/2015,
2004,BC-Creekside,BC-Creekside,7,False,True,enrollment_update_births_by_elementary_attendance_area_2016-02-09.txt,2016-02-09,11/17/2015,
2004,BC-Mesa,BC-Mesa,26,False,True,enrollment_update_births_by_elementary_attendance_area_2016-02-09.txt,2016-02-09,11/17/2015,
2004,Bear Creek,Bear Creek,14,False,True,enrollment_update_births_by_elementary_attendance_area_2016-02-09.txt,2016-02-09,11/17/2015,
2004,Birch,Birch,58,False,True,enrollment_update_births_by_elementary_attendance_area_2016-02-09.txt,2016-02-09,11/17/2015,
2004,Coal Creek,Coal Creek,49,False,True,enrollment_update_births_by_elementary_attendance_area_2016-02-09.txt,2016-02-09,11/17/2015,
2004,Columbine,Columbine,175,False,True,enrollment_update_births_by_elementary_attendance_area_2016-02-09.txt,2016-02-09,11/17/2015,
2004,Creekside,Creekside,145,False,True,enrollment_update_births_by_elementary_attendance_area_2016-02-09.txt,2016-02-09,11/17/2015,
2004,Crest View,Crest View,150,False,True,enrollment_update_births_by_elementary_attendance_area_2016-02-09.txt,2016-02-09,11/17/2015,
2004,Douglass,Douglass,43,False,True,enrollment_update_births_by_elementary_attendance_area_2016-02-09.txt,2016-02-09,11/17/2015,
2004,Eisenhower,Eisenhower,74,False,True,enrollment_update_births_by_elementary_attendance_area_2016-02-09.txt,2016-02-09,11/17/2015,
2004,Eldorado (K-5),Eldorado,79,False,True,enrollment_update_births_by_elementary_attendance_area_2016-02-09.txt,2016-02-09,11/17/2015,
2004,Emerald,Emerald,78,False,True,enrollment_update_births_by_elementary_attendance_area_2016-02-09.txt,2016-02-09,11/17/2015,
2004,Fireside,Fireside,63,False,True,enrollment_update_births_by_elementary_attendance_area_2016-02-09.txt,2016-02-09,11/17/2015,
2004,Flatirons,Flatirons,63,False,True,enrollment_update_births_by_elementary_attendance_area_2016-02-09.txt,2016-02-09,11/17/2015,
2004,Foothill,Foothill,100,False,True,enrollment_update_births_by_elementary_attendance_area_2016-02-09.txt,2016-02-09,11/17/2015,
2004,Gold Hill,Gold Hill,3,False,True,enrollment_update_births_by_elementary_attendance_area_2016-02-09.txt,2016-02-09,11/17/2015,
2004,Heatherwood,Heatherwood,58,False,True,enrollment_update_births_by_elementary_attendance_area_2016-02-09.txt,2016-02-09,11/17/2015,
2004,Jamestown,Jamestown,7,False,True,enrollment_update_births_by_elementary_attendance_area_2016-02-09.txt,2016-02-09,11/17/2015,
2004,Kohl,Kohl,54,False,True,enrollment_update_births_by_elementary_attendance_area_2016-02-09.txt,2016-02-09,11/17/2015,
2004,Lafayette,Lafayette,162,False,True,enrollment_update_births_by_elementary_attendance_area_2016-02-09.txt,2016-02-09,11/17/2015,
2004,Louisville,Louisville,74,False,True,enrollment_update_births_by_elementary_attendance_area_2016-02-09.txt,2016-02-09,11/17/2015,
2004,Mesa,Mesa,33,False,True,enrollment_update_births_by_elementary_attendance_area_2016-02-09.txt,2016-02-09,11/17/2015,
2004,Monarch (K-5),Monarch,47,False,True,enrollment_update_births_by_elementary_attendance_area_2016-02-09.txt,2016-02-09,11/17/2015,
2004,Nederland,Nederland,73,False,True,enrollment_update_births_by_elementary_attendance_area_2016-02-09.txt,2016-02-09,11/17/2015,
2004,Ryan,Ryan,115,False,True,enrollment_update_births_by_elementary_attendance_area_2016-02-09.txt,2016-02-09,11/17/2015,
2004,Sanchez,Sanchez,93,False,True,enrollment_update_births_by_elementary_attendance_area_2016-02-09.txt,2016-02-09,11/17/2015,
2004,Superior,Superior,76,False,True,enrollment_update_births_by_elementary_attendance_area_2016-02-09.txt,2016-02-09,11/17/2015,
2004,Unlocated,Unlocated,1,False,True,enrollment_update_births_by_elementary_attendance_area_2016-02-09.txt,2016-02-09,11/17/2015,
2004,Whittier,Whittier,136,False,True,enrollment_update_births_by_elementary_attendance_area_2016-02-09.txt,2016-02-09,11/17/2015,
2004,BVSD,BVSD,2113,True,True,enrollment_update_births_by_elementary_attendance_area_2016-02-09.txt,2016-02-09,11/17/2015,
2004,Boulder Total,Boulder Total,981,True,True,enrollment_update_births_by_elementary_attendance_area_2016-02-09.txt,2016-02-09,11/17/2015,
2004,E County Total,E County Total,969,True,True,enrollment_update_births_by_elementary_attendance_area_2016-02-09.txt,2016-02-09,11/17/2015,
2005,Aspen Crk,Aspen Creek,53,False,True,enrollment_update_births_by_elementary_attendance_area_2016-02-09.txt,2016-02-09,11/17/2015,
2005,BC-Creekside,BC-Creekside,6,False,True,enrollment_update_births_by_elementary_attendance_area_2016-02-09.txt,2016-02-09,11/17/2015,
2005,BC-Mesa,BC-Mesa,26,False,True,enrollment_update_births_by_elementary_attendance_area_2016-02-09.txt,2016-02-09,11/17/2015,
2005,Bear Creek,Bear Creek,26,False,True,enrollment_update_births_by_elementary_attendance_area_2016-02-09.txt,2016-02-09,11/17/2015,
2005,Birch,Birch,60,False,True,enrollment_update_births_by_elementary_attendance_area_2016-02-09.txt,2016-02-09,11/17/2015,
2005,Coal Creek,Coal Creek,51,False,True,enrollment_update_births_by_elementary_attendance_area_2016-02-09.txt,2016-02-09,11/17/2015,
2005,Columbine,Columbine,163,False,True,enrollment_update_births_by_elementary_attendance_area_2016-02-09.txt,2016-02-09,11/17/2015,
2005,Creekside,Creekside,166,False,True,enrollment_update_births_by_elementary_attendance_area_2016-02-09.txt,2016-02-09,11/17/2015,
2005,Crest View,Crest View,134,False,True,enrollment_update_births_by_elementary_attendance_area_2016-02-09.txt,2016-02-09,11/17/2015,
2005,Douglass,Douglass,44,False,True,enrollment_update_births_by_elementary_attendance_area_2016-02-09.txt,2016-02-09,11/17/2015,
2005,Eisenhower,Eisenhower,84,False,True,enrollment_update_births_by_elementary_attendance_area_2016-02-09.txt,2016-02-09,11/17/2015,
2005,Eldorado (K-5),Eldorado,76,False,True,enrollment_update_births_by_elementary_attendance_area_2016-02-09.txt,2016-02-09,11/17/2015,
2005,Emerald,Emerald,77,False,True,enrollment_update_births_by_elementary_attendance_area_2016-02-09.txt,2016-02-09,11/17/2015,
2005,Fireside,Fireside,66,False,True,enrollment_update_births_by_elementary_attendance_area_2016-02-09.txt,2016-02-09,11/17/2015,
2005,Flatirons,Flatirons,61,False,True,enrollment_update_births_by_elementary_attendance_area_2016-02-09.txt,2016-02-09,11/17/2015,
2005,Foothill,Foothill,95,False,True,enrollment_update_births_by_elementary_attendance_area_2016-02-09.txt,2016-02-09,11/17/2015,
2005,Gold Hill,Gold Hill,3,False,True,enrollment_update_births_by_elementary_attendance_area_2016-02-09.txt,2016-02-09,11/17/2015,
2005,Heatherwood,Heatherwood,70,False,True,enrollment_update_births_by_elementary_attendance_area_2016-02-09.txt,2016-02-09,11/17/2015,
2005,Jamestown,Jamestown,4,False,True,enrollment_update_births_by_elementary_attendance_area_2016-02-09.txt,2016-02-09,11/17/2015,
2005,Kohl,Kohl,50,False,True,enrollment_update_births_by_elementary_attendance_area_2016-02-09.txt,2016-02-09,11/17/2015,
2005,Lafayette,Lafayette,158,False,True,enrollment_update_births_by_elementary_attendance_area_2016-02-09.txt,2016-02-09,11/17/2015,
2005,Louisville,Louisville,65,False,True,enrollment_update_births_by_elementary_attendance_area_2016-02-09.txt,2016-02-09,11/17/2015,
2005,Mesa,Mesa,30,False,True,enrollment_update_births_by_elementary_attendance_area_2016-02-09.txt,2016-02-09,11/17/2015,
2005,Monarch (K-5),Monarch,41,False,True,enrollment_update_births_by_elementary_attendance_area_2016-02-09.txt,2016-02-09,11/17/2015,
2005,Nederland,Nederland,101,False,True,enrollment_update_births_by_elementary_attendance_area_2016-02-09.txt,2016-02-09,11/17/2015,
2005,Ryan,Ryan,122,False,True,enrollment_update_births_by_elementary_attendance_area_2016-02-09.txt,2016-02-09,11/17/2015,
2005,Sanchez,Sanchez,93,False,True,enrollment_update_births_by_elementary_attendance_area_2016-02-09.txt,2016-02-09,11/17/2015,
2005,Superior,Superior,70,False,True,enrollment_update_births_by_elementary_attendance_area_2016-02-09.txt,2016-02-09,11/17/2015,
2005,Unlocated,Unlocated,0,False,True,enrollment_update_births_by_elementary_attendance_area_2016-02-09.txt,2016-02-09,11/17/2015,
2005,Whittier,Whittier,114,False,True,enrollment_update_births_by_elementary_attendance_area_2016-02-09.txt,2016-02-09,11/17/2015,
2005,BVSD,BVSD,2109,True,True,enrollment_update_births_by_elementary_attendance_area_2016-02-09.txt,2016-02-09,11/17/2015,
2005,Boulder Total,Boulder Total,975,True,True,enrollment_update_births_by_elementary_attendance_area_2016-02-09.txt,2016-02-09,11/17/2015,
2005,E County Total,E County Total,950,True,True,enrollment_update_births_by_elementary_attendance_area_2016-02-09.txt,2016-02-09,11/17/2015,
2006,Aspen Crk,Aspen Creek,62,False,True,enrollment_update_births_by_elementary_attendance_area_2016-02-09.txt,2016-02-09,11/17/2015,
2006,BC-Creekside,BC-Creekside,3,False,True,enrollment_update_births_by_elementary_attendance_area_2016-02-09.txt,2016-02-09,11/17/2015,
2006,BC-Mesa,BC-Mesa,21,False,True,enrollment_update_births_by_elementary_attendance_area_2016-02-09.txt,2016-02-09,11/17/2015,
2006,Bear Creek,Bear Creek,17,False,True,enrollment_update_births_by_elementary_attendance_area_2016-02-09.txt,2016-02-09,11/17/2015,
2006,Birch,Birch,64,False,True,enrollment_update_births_by_elementary_attendance_area_2016-02-09.txt,2016-02-09,11/17/2015,
2006,Coal Creek,Coal Creek,72,False,True,enrollment_update_births_by_elementary_attendance_area_2016-02-09.txt,2016-02-09,11/17/2015,
2006,Columbine,Columbine,168,False,True,enrollment_update_births_by_elementary_attendance_area_2016-02-09.txt,2016-02-09,11/17/2015,
2006,Creekside,Creekside,145,False,True,enrollment_update_births_by_elementary_attendance_area_2016-02-09.txt,2016-02-09,11/17/2015,
2006,Crest View,Crest View,115,False,True,enrollment_update_births_by_elementary_attendance_area_2016-02-09.txt,2016-02-09,11/17/2015,
2006,Douglass,Douglass,47,False,True,enrollment_update_births_by_elementary_attendance_area_2016-02-09.txt,2016-02-09,11/17/2015,
2006,Eisenhower,Eisenhower,81,False,True,enrollment_update_births_by_elementary_attendance_area_2016-02-09.txt,2016-02-09,11/17/2015,
2006,Eldorado (K-5),Eldorado,78,False,True,enrollment_update_births_by_elementary_attendance_area_2016-02-09.txt,2016-02-09,11/17/2015,
2006,Emerald,Emerald,96,False,True,enrollment_update_births_by_elementary_attendance_area_2016-02-09.txt,2016-02-09,11/17/2015,
2006,Fireside,Fireside,57,False,True,enrollment_update_births_by_elementary_attendance_area_2016-02-09.txt,2016-02-09,11/17/2015,
2006,Flatirons,Flatirons,58,False,True,enrollment_update_births_by_elementary_attendance_area_2016-02-09.txt,2016-02-09,11/17/2015,
2006,Foothill,Foothill,115,False,True,enrollment_update_births_by_elementary_attendance_area_2016-02-09.txt,2016-02-09,11/17/2015,
2006,Gold Hill,Gold Hill,1,False,True,enrollment_update_births_by_elementary_attendance_area_2016-02-09.txt,2016-02-09,11/17/2015,
2006,Heatherwood,Heatherwood,64,False,True,enrollment_update_births_by_elementary_attendance_area_2016-02-09.txt,2016-02-09,11/17/2015,
2006,Jamestown,Jamestown,6,False,True,enrollment_update_births_by_elementary_attendance_area_2016-02-09.txt,2016-02-09,11/17/2015,
2006,Kohl,Kohl,50,False,True,enrollment_update_births_by_elementary_attendance_area_2016-02-09.txt,2016-02-09,11/17/2015,
2006,Lafayette,Lafayette,165,False,True,enrollment_update_births_by_elementary_attendance_area_2016-02-09.txt,2016-02-09,11/17/2015,
2006,Louisville,Louisville,68,False,True,enrollment_update_births_by_elementary_attendance_area_2016-02-09.txt,2016-02-09,11/17/2015,
2006,Mesa,Mesa,19,False,True,enrollment_update_births_by_elementary_attendance_area_2016-02-09.txt,2016-02-09,11/17/2015,
2006,Monarch (K-5),Monarch,45,False,True,enrollment_update_births_by_elementary_attendance_area_2016-02-09.txt,2016-02-09,11/17/2015,
2006,Nederland,Nederland,84,False,True,enrollment_update_births_by_elementary_attendance_area_2016-02-09.txt,2016-02-09,11/17/2015,
2006,Ryan,Ryan,117,False,True,enrollment_update_births_by_elementary_attendance_area_2016-02-09.txt,2016-02-09,11/17/2015,
2006,Sanchez,Sanchez,111,False,True,enrollment_update_births_by_elementary_attendance_area_2016-02-09.txt,2016-02-09,11/17/2015,
2006,Superior,Superior,59,False,True,enrollment_update_births_by_elementary_attendance_area_2016-02-09.txt,2016-02-09,11/17/2015,
2006,Unlocated,Unlocated,3,False,True,enrollment_update_births_by_elementary_attendance_area_2016-02-09.txt,2016-02-09,11/17/2015,
2006,Whittier,Whittier,114,False,True,enrollment_update_births_by_elementary_attendance_area_2016-02-09.txt,2016-02-09,11/17/2015,
2006,BVSD,BVSD,2105,True,True,enrollment_update_births_by_elementary_attendance_area_2016-02-09.txt,2016-02-09,11/17/2015,
2006,Boulder Total,Boulder Total,920,True,True,enrollment_update_births_by_elementary_attendance_area_2016-02-09.txt,2016-02-09,11/17/2015,
2006,E County Total,E County Total,1013,True,True,enrollment_update_births_by_elementary_attendance_area_2016-02-09.txt,2016-02-09,11/17/2015,
2007,Aspen Crk,Aspen Creek,52,False,True,enrollment_update_births_by_elementary_attendance_area_2016-02-09.txt,2016-02-09,11/17/2015,
2007,BC-Creekside,BC-Creekside,5,False,True,enrollment_update_births_by_elementary_attendance_area_2016-02-09.txt,2016-02-09,11/17/2015,
2007,BC-Mesa,BC-Mesa,22,False,True,enrollment_update_births_by_elementary_attendance_area_2016-02-09.txt,2016-02-09,11/17/2015,
2007,Bear Creek,Bear Creek,23,False,True,enrollment_update_births_by_elementary_attendance_area_2016-02-09.txt,2016-02-09,11/17/2015,
2007,Birch,Birch,52,False,True,enrollment_update_births_by_elementary_attendance_area_2016-02-09.txt,2016-02-09,11/17/2015,
2007,Coal Creek,Coal Creek,55,False,True,enrollment_update_births_by_elementary_attendance_area_2016-02-09.txt,2016-02-09,11/17/2015,
2007,Columbine,Columbine,157,False,True,enrollment_update_births_by_elementary_attendance_area_2016-02-09.txt,2016-02-09,11/17/2015,
2007,Creekside,Creekside,156,False,True,enrollment_update_births_by_elementary_attendance_area_2016-02-09.txt,2016-02-09,11/17/2015,
2007,Crest View,Crest View,144,False,True,enrollment_update_births_by_elementary_attendance_area_2016-02-09.txt,2016-02-09,11/17/2015,
2007,Douglass,Douglass,54,False,True,enrollment_update_births_by_elementary_attendance_area_2016-02-09.txt,2016-02-09,11/17/2015,
2007,Eisenhower,Eisenhower,100,False,True,enrollment_update_births_by_elementary_attendance_area_2016-02-09.txt,2016-02-09,11/17/2015,
2007,Eldorado (K-5),Eldorado,65,False,True,enrollment_update_births_by_elementary_attendance_area_2016-02-09.txt,2016-02-09,11/17/2015,
2007,Emerald,Emerald,89,False,True,enrollment_update_births_by_elementary_attendance_area_2016-02-09.txt,2016-02-09,11/17/2015,
2007,Fireside,Fireside,47,False,True,enrollment_update_births_by_elementary_attendance_area_2016-02-09.txt,2016-02-09,11/17/2015,
2007,Flatirons,Flatirons,56,False,True,enrollment_update_births_by_elementary_attendance_area_2016-02-09.txt,2016-02-09,11/17/2015,
2007,Foothill,Foothill,84,False,True,enrollment_update_births_by_elementary_attendance_area_2016-02-09.txt,2016-02-09,11/17/2015,
2007,Gold Hill,Gold Hill,1,False,True,enrollment_update_births_by_elementary_attendance_area_2016-02-09.txt,2016-02-09,11/17/2015,
2007,Heatherwood,Heatherwood,69,False,True,enrollment_update_births_by_elementary_attendance_area_2016-02-09.txt,2016-02-09,11/17/2015,
2007,Jamestown,Jamestown,2,False,True,enrollment_update_births_by_elementary_attendance_area_2016-02-09.txt,2016-02-09,11/17/2015,
2007,Kohl,Kohl,45,False,True,enrollment_update_births_by_elementary_attendance_area_2016-02-09.txt,2016-02-09,11/17/2015,
2007,Lafayette,Lafayette,147,False,True,enrollment_update_births_by_elementary_attendance_area_2016-02-09.txt,2016-02-09,11/17/2015,
2007,Louisville,Louisville,90,False,True,enrollment_update_births_by_elementary_attendance_area_2016-02-09.txt,2016-02-09,11/17/2015,
2007,Mesa,Mesa,31,False,True,enrollment_update_births_by_elementary_attendance_area_2016-02-09.txt,2016-02-09,11/17/2015,
2007,Monarch (K-5),Monarch,57,False,True,enrollment_update_births_by_elementary_attendance_area_2016-02-09.txt,2016-02-09,11/17/2015,
2007,Nederland,Nederland,65,False,True,enrollment_update_births_by_elementary_attendance_area_2016-02-09.txt,2016-02-09,11/17/2015,
2007,Ryan,Ryan,124,False,True,enrollment_update_births_by_elementary_attendance_area_2016-02-09.txt,2016-02-09,11/17/2015,
2007,Sanchez,Sanchez,96,False,True,enrollment_update_births_by_elementary_attendance_area_2016-02-09.txt,2016-02-09,11/17/2015,
2007,Superior,Superior,55,False,True,enrollment_update_births_by_elementary_attendance_area_2016-02-09.txt,2016-02-09,11/17/2015,
2007,Unlocated,Unlocated,0,False,True,enrollment_update_births_by_elementary_attendance_area_2016-02-09.txt,2016-02-09,11/17/2015,
2007,Whittier,Whittier,115,False,True,enrollment_update_births_by_elementary_attendance_area_2016-02-09.txt,2016-02-09,11/17/2015,
2007,BVSD,BVSD,2058,True,True,enrollment_update_births_by_elementary_attendance_area_2016-02-09.txt,2016-02-09,11/17/2015,
2007,Boulder Total,Boulder Total,962,True,True,enrollment_update_births_by_elementary_attendance_area_2016-02-09.txt,2016-02-09,11/17/2015,
2007,E County Total,E County Total,963,True,True,enrollment_update_births_by_elementary_attendance_area_2016-02-09.txt,2016-02-09,11/17/2015,
2008,Aspen Crk,Aspen Creek,56,False,True,enrollment_update_births_by_elementary_attendance_area_2016-02-09.txt,2016-02-09,11/17/2015,
2008,BC-Creekside,BC-Creekside,6,False,True,enrollment_update_births_by_elementary_attendance_area_2016-02-09.txt,2016-02-09,11/17/2015,
2008,BC-Mesa,BC-Mesa,27,False,True,enrollment_update_births_by_elementary_attendance_area_2016-02-09.txt,2016-02-09,11/17/2015,
2008,Bear Creek,Bear Creek,18,False,True,enrollment_update_births_by_elementary_attendance_area_2016-02-09.txt,2016-02-09,11/17/2015,
2008,Birch,Birch,60,False,True,enrollment_update_births_by_elementary_attendance_area_2016-02-09.txt,2016-02-09,11/17/2015,
2008,Coal Creek,Coal Creek,54,False,True,enrollment_update_births_by_elementary_attendance_area_2016-02-09.txt,2016-02-09,11/17/2015,
2008,Columbine,Columbine,155,False,True,enrollment_update_births_by_elementary_attendance_area_2016-02-09.txt,2016-02-09,11/17/2015,
2008,Creekside,Creekside,176,False,True,enrollment_update_births_by_elementary_attendance_area_2016-02-09.txt,2016-02-09,11/17/2015,
2008,Crest View,Crest View,114,False,True,enrollment_update_births_by_elementary_attendance_area_2016-02-09.txt,2016-02-09,11/17/2015,
2008,Douglass,Douglass,57,False,True,enrollment_update_births_by_elementary_attendance_area_2016-02-09.txt,2016-02-09,11/17/2015,
2008,Eisenhower,Eisenhower,82,False,True,enrollment_update_births_by_elementary_attendance_area_2016-02-09.txt,2016-02-09,11/17/2015,
2008,Eldorado (K-5),Eldorado,61,False,True,enrollment_update_births_by_elementary_attendance_area_2016-02-09.txt,2016-02-09,11/17/2015,
2008,Emerald,Emerald,95,False,True,enrollment_update_births_by_elementary_attendance_area_2016-02-09.txt,2016-02-09,11/17/2015,
2008,Fireside,Fireside,53,False,True,enrollment_update_births_by_elementary_attendance_area_2016-02-09.txt,2016-02-09,11/17/2015,
2008,Flatirons,Flatirons,53,False,True,enrollment_update_births_by_elementary_attendance_area_2016-02-09.txt,2016-02-09,11/17/2015,
2008,Foothill,Foothill,119,False,True,enrollment_update_births_by_elementary_attendance_area_2016-02-09.txt,2016-02-09,11/17/2015,
2008,Gold Hill,Gold Hill,1,False,True,enrollment_update_births_by_elementary_attendance_area_2016-02-09.txt,2016-02-09,11/17/2015,
2008,Heatherwood,Heatherwood,54,False,True,enrollment_update_births_by_elementary_attendance_area_2016-02-09.txt,2016-02-09,11/17/2015,
2008,Jamestown,Jamestown,5,False,True,enrollment_update_births_by_elementary_attendance_area_2016-02-09.txt,2016-02-09,11/17/2015,
2008,Kohl,Kohl,57,False,True,enrollment_update_births_by_elementary_attendance_area_2016-02-09.txt,2016-02-09,11/17/2015,
2008,Lafayette,Lafayette,152,False,True,enrollment_update_births_by_elementary_attendance_area_2016-02-09.txt,2016-02-09,11/17/2015,
2008,Louisville,Louisville,77,False,True,enrollment_update_births_by_elementary_attendance_area_2016-02-09.txt,2016-02-09,11/17/2015,
2008,Mesa,Mesa,25,False,True,enrollment_update_births_by_elementary_attendance_area_2016-02-09.txt,2016-02-09,11/17/2015,
2008,Monarch (K-5),Monarch,45,False,True,enrollment_update_births_by_elementary_attendance_area_2016-02-09.txt,2016-02-09,11/17/2015,
2008,Nederland,Nederland,63,False,True,enrollment_update_births_by_elementary_attendance_area_2016-02-09.txt,2016-02-09,11/17/2015,
2008,Ryan,Ryan,114,False,True,enrollment_update_births_by_elementary_attendance_area_2016-02-09.txt,2016-02-09,11/17/2015,
2008,Sanchez,Sanchez,89,False,True,enrollment_update_births_by_elementary_attendance_area_2016-02-09.txt,2016-02-09,11/17/2015,
2008,Superior,Superior,58,False,True,enrollment_update_births_by_elementary_attendance_area_2016-02-09.txt,2016-02-09,11/17/2015,
2008,Unlocated,Unlocated,0,False,True,enrollment_update_births_by_elementary_attendance_area_2016-02-09.txt,2016-02-09,11/17/2015,
2008,Whittier,Whittier,110,False,True,enrollment_update_births_by_elementary_attendance_area_2016-02-09.txt,2016-02-09,11/17/2015,
2008,BVSD,BVSD,2036,True,True,enrollment_update_births_by_elementary_attendance_area_2016-02-09.txt,2016-02-09,11/17/2015,
2008,Boulder Total,Boulder Total,939,True,True,enrollment_update_births_by_elementary_attendance_area_2016-02-09.txt,2016-02-09,11/17/2015,
2008,E County Total,E County Total,967,True,True,enrollment_update_births_by_elementary_attendance_area_2016-02-09.txt,2016-02-09,11/17/2015,
2009,Aspen Crk,Aspen Creek,65,False,True,enrollment_update_births_by_elementary_attendance_area_2016-02-09.txt,2016-02-09,11/17/2015,
2009,BC-Creekside,BC-Creekside,2,False,True,enrollment_update_births_by_elementary_attendance_area_2016-02-09.txt,2016-02-09,11/17/2015,
2009,BC-Mesa,BC-Mesa,25,False,True,enrollment_update_births_by_elementary_attendance_area_2016-02-09.txt,2016-02-09,11/17/2015,
2009,Bear Creek,Bear Creek,25,False,True,enrollment_update_births_by_elementary_attendance_area_2016-02-09.txt,2016-02-09,11/17/2015,
2009,Birch,Birch,46,False,True,enrollment_update_births_by_elementary_attendance_area_2016-02-09.txt,2016-02-09,11/17/2015,
2009,Coal Creek,Coal Creek,68,False,True,enrollment_update_births_by_elementary_attendance_area_2016-02-09.txt,2016-02-09,11/17/2015,
2009,Columbine,Columbine,153,False,True,enrollment_update_births_by_elementary_attendance_area_2016-02-09.txt,2016-02-09,11/17/2015,
2009,Creekside,Creekside,159,False,True,enrollment_update_births_by_elementary_attendance_area_2016-02-09.txt,2016-02-09,11/17/2015,
2009,Crest View,Crest View,165,False,True,enrollment_update_births_by_elementary_attendance_area_2016-02-09.txt,2016-02-09,11/17/2015,
2009,Douglass,Douglass,47,False,True,enrollment_update_births_by_elementary_attendance_area_2016-02-09.txt,2016-02-09,11/17/2015,
2009,Eisenhower,Eisenhower,75,False,True,enrollment_update_births_by_elementary_attendance_area_2016-02-09.txt,2016-02-09,11/17/2015,
2009,Eldorado (K-5),Eldorado,58,False,True,enrollment_update_births_by_elementary_attendance_area_2016-02-09.txt,2016-02-09,11/17/2015,
2009,Emerald,Emerald,77,False,True,enrollment_update_births_by_elementary_attendance_area_2016-02-09.txt,2016-02-09,11/17/2015,
2009,Fireside,Fireside,39,False,True,enrollment_update_births_by_elementary_attendance_area_2016-02-09.txt,2016-02-09,11/17/2015,
2009,Flatirons,Flatirons,47,False,True,enrollment_update_births_by_elementary_attendance_area_2016-02-09.txt,2016-02-09,11/17/2015,
2009,Foothill,Foothill,92,False,True,enrollment_update_births_by_elementary_attendance_area_2016-02-09.txt,2016-02-09,11/17/2015,
2009,Gold Hill,Gold Hill,0,False,True,enrollment_update_births_by_elementary_attendance_area_2016-02-09.txt,2016-02-09,11/17/2015,
2009,Heatherwood,Heatherwood,77,False,True,enrollment_update_births_by_elementary_attendance_area_2016-02-09.txt,2016-02-09,11/17/2015,
2009,Jamestown,Jamestown,4,False,True,enrollment_update_births_by_elementary_attendance_area_2016-02-09.txt,2016-02-09,11/17/2015,
2009,Kohl,Kohl,48,False,True,enrollment_update_births_by_elementary_attendance_area_2016-02-09.txt,2016-02-09,11/17/2015,
2009,Lafayette,Lafayette,142,False,True,enrollment_update_births_by_elementary_attendance_area_2016-02-09.txt,2016-02-09,11/17/2015,
2009,Louisville,Louisville,72,False,True,enrollment_update_births_by_elementary_attendance_area_2016-02-09.txt,2016-02-09,11/17/2015,
2009,Mesa,Mesa,31,False,True,enrollment_update_births_by_elementary_attendance_area_2016-02-09.txt,2016-02-09,11/17/2015,
2009,Monarch (K-5),Monarch,55,False,True,enrollment_update_births_by_elementary_attendance_area_2016-02-09.txt,2016-02-09,11/17/2015,
2009,Nederland,Nederland,63,False,True,enrollment_update_births_by_elementary_attendance_area_2016-02-09.txt,2016-02-09,11/17/2015,
2009,Ryan,Ryan,121,False,True,enrollment_update_births_by_elementary_attendance_area_2016-02-09.txt,2016-02-09,11/17/2015,
2009,Sanchez,Sanchez,92,False,True,enrollment_update_births_by_elementary_attendance_area_2016-02-09.txt,2016-02-09,11/17/2015,
2009,Superior,Superior,48,False,True,enrollment_update_births_by_elementary_attendance_area_2016-02-09.txt,2016-02-09,11/17/2015,
2009,Unlocated,Unlocated,1,False,True,enrollment_update_births_by_elementary_attendance_area_2016-02-09.txt,2016-02-09,11/17/2015,
2009,Whittier,Whittier,115,False,True,enrollment_update_births_by_elementary_attendance_area_2016-02-09.txt,2016-02-09,11/17/2015,
2009,BVSD,BVSD,2012,True,True,enrollment_update_births_by_elementary_attendance_area_2016-02-09.txt,2016-02-09,11/17/2015,
2009,Boulder Total,Boulder Total,966,True,True,enrollment_update_births_by_elementary_attendance_area_2016-02-09.txt,2016-02-09,11/17/2015,
2009,E County Total,E County Total,920,True,True,enrollment_update_births_by_elementary_attendance_area_2016-02-09.txt,2016-02-09,11/17/2015,
2010,Aspen Crk,Aspen Creek,56,False,True,enrollment_update_births_by_elementary_attendance_area_2016-02-09.txt,2016-02-09,11/17/2015,
2010,BC-Creekside,BC-Creekside,2,False,True,enrollment_update_births_by_elementary_attendance_area_2016-02-09.txt,2016-02-09,11/17/2015,
2010,BC-Mesa,BC-Mesa,31,False,True,enrollment_update_births_by_elementary_attendance_area_2016-02-09.txt,2016-02-09,11/17/2015,
2010,Bear Creek,Bear Creek,31,False,True,enrollment_update_births_by_elementary_attendance_area_2016-02-09.txt,2016-02-09,11/17/2015,
2010,Birch,Birch,56,False,True,enrollment_update_births_by_elementary_attendance_area_2016-02-09.txt,2016-02-09,11/17/2015,
2010,Coal Creek,Coal Creek,68,False,True,enrollment_update_births_by_elementary_attendance_area_2016-02-09.txt,2016-02-09,11/17/2015,
2010,Columbine,Columbine,135,False,True,enrollment_update_births_by_elementary_attendance_area_2016-02-09.txt,2016-02-09,11/17/2015,
2010,Creekside,Creekside,150,False,True,enrollment_update_births_by_elementary_attendance_area_2016-02-09.txt,2016-02-09,11/17/2015,
2010,Crest View,Crest View,135,False,True,enrollment_update_births_by_elementary_attendance_area_2016-02-09.txt,2016-02-09,11/17/2015,
2010,Douglass,Douglass,47,False,True,enrollment_update_births_by_elementary_attendance_area_2016-02-09.txt,2016-02-09,11/17/2015,
2010,Eisenhower,Eisenhower,76,False,True,enrollment_update_births_by_elementary_attendance_area_2016-02-09.txt,2016-02-09,11/17/2015,
2010,Eldorado (K-5),Eldorado,46,False,True,enrollment_update_births_by_elementary_attendance_area_2016-02-09.txt,2016-02-09,11/17/2015,
2010,Emerald,Emerald,79,False,True,enrollment_update_births_by_elementary_attendance_area_2016-02-09.txt,2016-02-09,11/17/2015,
2010,Fireside,Fireside,48,False,True,enrollment_update_births_by_elementary_attendance_area_2016-02-09.txt,2016-02-09,11/17/2015,
2010,Flatirons,Flatirons,48,False,True,enrollment_update_births_by_elementary_attendance_area_2016-02-09.txt,2016-02-09,11/17/2015,
2010,Foothill,Foothill,80,False,True,enrollment_update_births_by_elementary_attendance_area_2016-02-09.txt,2016-02-09,11/17/2015,
2010,Gold Hill,Gold Hill,2,False,True,enrollment_update_births_by_elementary_attendance_area_2016-02-09.txt,2016-02-09,11/17/2015,
2010,Heatherwood,Heatherwood,64,False,True,enrollment_update_births_by_elementary_attendance_area_2016-02-09.txt,2016-02-09,11/17/2015,
2010,Jamestown,Jamestown,3,False,True,enrollment_update_births_by_elementary_attendance_area_2016-02-09.txt,2016-02-09,11/17/2015,
2010,Kohl,Kohl,42,False,True,enrollment_update_births_by_elementary_attendance_area_2016-02-09.txt,2016-02-09,11/17/2015,
2010,Lafayette,Lafayette,145,False,True,enrollment_update_births_by_elementary_attendance_area_2016-02-09.txt,2016-02-09,11/17/2015,
2010,Louisville,Louisville,59,False,True,enrollment_update_births_by_elementary_attendance_area_2016-02-09.txt,2016-02-09,11/17/2015,
2010,Mesa,Mesa,23,False,True,enrollment_update_births_by_elementary_attendance_area_2016-02-09.txt,2016-02-09,11/17/2015,
2010,Monarch (K-5),Monarch,60,False,True,enrollment_update_births_by_elementary_attendance_area_2016-02-09.txt,2016-02-09,11/17/2015,
2010,Nederland,Nederland,62,False,True,enrollment_update_births_by_elementary_attendance_area_2016-02-09.txt,2016-02-09,11/17/2015,
2010,Ryan,Ryan,99,False,True,enrollment_update_births_by_elementary_attendance_area_2016-02-09.txt,2016-02-09,11/17/2015,
2010,Sanchez,Sanchez,87,False,True,enrollment_update_births_by_elementary_attendance_area_2016-02-09.txt,2016-02-09,11/17/2015,
2010,Superior,Superior,52,False,True,enrollment_update_births_by_elementary_attendance_area_2016-02-09.txt,2016-02-09,11/17/2015,
2010,Unlocated,Unlocated,0,False,True,enrollment_update_births_by_elementary_attendance_area_2016-02-09.txt,2016-02-09,11/17/2015,
2010,Whittier,Whittier,105,False,True,enrollment_update_births_by_elementary_attendance_area_2016-02-09.txt,2016-02-09,11/17/2015,
2010,BVSD,BVSD,1891,True,True,enrollment_update_births_by_elementary_attendance_area_2016-02-09.txt,2016-02-09,11/17/2015,
2010,Boulder Total,Boulder Total,880,True,True,enrollment_update_births_by_elementary_attendance_area_2016-02-09.txt,2016-02-09,11/17/2015,
2010,E County Total,E County Total,898,True,True,enrollment_update_births_by_elementary_attendance_area_2016-02-09.txt,2016-02-09,11/17/2015,
2011,Aspen Crk,Aspen Creek,51,False,True,enrollment_update_births_by_elementary_attendance_area_2016-02-09.txt,2016-02-09,11/17/2015,
2011,BC-Creekside,BC-Creekside,2,False,True,enrollment_update_births_by_elementary_attendance_area_2016-02-09.txt,2016-02-09,11/17/2015,
2011,BC-Mesa,BC-Mesa,24,False,True,enrollment_update_births_by_elementary_attendance_area_2016-02-09.txt,2016-02-09,11/17/2015,
2011,Bear Creek,Bear Creek,20,False,True,enrollment_update_births_by_elementary_attendance_area_2016-02-09.txt,2016-02-09,11/17/2015,
2011,Birch,Birch,49,False,True,enrollment_update_births_by_elementary_attendance_area_2016-02-09.txt,2016-02-09,11/17/2015,
2011,Coal Creek,Coal Creek,51,False,True,enrollment_update_births_by_elementary_attendance_area_2016-02-09.txt,2016-02-09,11/17/2015,
2011,Columbine,Columbine,155,False,True,enrollment_update_births_by_elementary_attendance_area_2016-02-09.txt,2016-02-09,11/17/2015,
2011,Creekside,Creekside,130,False,True,enrollment_update_births_by_elementary_attendance_area_2016-02-09.txt,2016-02-09,11/17/2015,
2011,Crest View,Crest View,123,False,True,enrollment_update_births_by_elementary_attendance_area_2016-02-09.txt,2016-02-09,11/17/2015,
2011,Douglass,Douglass,38,False,True,enrollment_update_births_by_elementary_attendance_area_2016-02-09.txt,2016-02-09,11/17/2015,
2011,Eisenhower,Eisenhower,91,False,True,enrollment_update_births_by_elementary_attendance_area_2016-02-09.txt,2016-02-09,11/17/2015,
2011,Eldorado (K-5),Eldorado,40,False,True,enrollment_update_births_by_elementary_attendance_area_2016-02-09.txt,2016-02-09,11/17/2015,
2011,Emerald,Emerald,73,False,True,enrollment_update_births_by_elementary_attendance_area_2016-02-09.txt,2016-02-09,11/17/2015,
2011,Fireside,Fireside,57,False,True,enrollment_update_births_by_elementary_attendance_area_2016-02-09.txt,2016-02-09,11/17/2015,
2011,Flatirons,Flatirons,47,False,True,enrollment_update_births_by_elementary_attendance_area_2016-02-09.txt,2016-02-09,11/17/2015,
2011,Foothill,Foothill,83,False,True,enrollment_update_births_by_elementary_attendance_area_2016-02-09.txt,2016-02-09,11/17/2015,
2011,Gold Hill,Gold Hill,2,False,True,enrollment_update_births_by_elementary_attendance_area_2016-02-09.txt,2016-02-09,11/17/2015,
2011,Heatherwood,Heatherwood,62,False,True,enrollment_update_births_by_elementary_attendance_area_2016-02-09.txt,2016-02-09,11/17/2015,
2011,Jamestown,Jamestown,4,False,True,enrollment_update_births_by_elementary_attendance_area_2016-02-09.txt,2016-02-09,11/17/2015,
2011,Kohl,Kohl,55,False,True,enrollment_update_births_by_elementary_attendance_area_2016-02-09.txt,2016-02-09,11/17/2015,
2011,Lafayette,Lafayette,162,False,True,enrollment_update_births_by_elementary_attendance_area_2016-02-09.txt,2016-02-09,11/17/2015,
2011,Louisville,Louisville,80,False,True,enrollment_update_births_by_elementary_attendance_area_2016-02-09.txt,2016-02-09,11/17/2015,
2011,Mesa,Mesa,16,False,True,enrollment_update_births_by_elementary_attendance_area_2016-02-09.txt,2016-02-09,11/17/2015,
2011,Monarch (K-5),Monarch,59,False,True,enrollment_update_births_by_elementary_attendance_area_2016-02-09.txt,2016-02-09,11/17/2015,
2011,Nederland,Nederland,53,False,True,enrollment_update_births_by_elementary_attendance_area_2016-02-09.txt,2016-02-09,11/17/2015,
2011,Ryan,Ryan,99,False,True,enrollment_update_births_by_elementary_attendance_area_2016-02-09.txt,2016-02-09,11/17/2015,
2011,Sanchez,Sanchez,81,False,True,enrollment_update_births_by_elementary_attendance_area_2016-02-09.txt,2016-02-09,11/17/2015,
2011,Superior,Superior,35,False,True,enrollment_update_births_by_elementary_attendance_area_2016-02-09.txt,2016-02-09,11/17/2015,
2011,Unlocated,Unlocated,0,False,True,enrollment_update_births_by_elementary_attendance_area_2016-02-09.txt,2016-02-09,11/17/2015,
2011,Whittier,Whittier,87,False,True,enrollment_update_births_by_elementary_attendance_area_2016-02-09.txt,2016-02-09,11/17/2015,
2011,BVSD,BVSD,1829,True,True,enrollment_update_births_by_elementary_attendance_area_2016-02-09.txt,2016-02-09,11/17/2015,
2011,Boulder Total,Boulder Total,840,True,True,enrollment_update_births_by_elementary_attendance_area_2016-02-09.txt,2016-02-09,11/17/2015,
2011,E County Total,E County Total,890,True,True,enrollment_update_births_by_elementary_attendance_area_2016-02-09.txt,2016-02-09,11/17/2015,
2012,Aspen Crk,Aspen Creek,61,False,True,enrollment_update_births_by_elementary_attendance_area_2016-02-09.txt,2016-02-09,11/17/2015,
2012,BC-Creekside,BC-Creekside,8,False,True,enrollment_update_births_by_elementary_attendance_area_2016-02-09.txt,2016-02-09,11/17/2015,
2012,BC-Mesa,BC-Mesa,26,False,True,enrollment_update_births_by_elementary_attendance_area_2016-02-09.txt,2016-02-09,11/17/2015,
2012,Bear Creek,Bear Creek,19,False,True,enrollment_update_births_by_elementary_attendance_area_2016-02-09.txt,2016-02-09,11/17/2015,
2012,Birch,Birch,43,False,True,enrollment_update_births_by_elementary_attendance_area_2016-02-09.txt,2016-02-09,11/17/2015,
2012,Coal Creek,Coal Creek,66,False,True,enrollment_update_births_by_elementary_attendance_area_2016-02-09.txt,2016-02-09,11/17/2015,
2012,Columbine,Columbine,132,False,True,enrollment_update_births_by_elementary_attendance_area_2016-02-09.txt,2016-02-09,11/17/2015,
2012,Creekside,Creekside,157,False,True,enrollment_update_births_by_elementary_attendance_area_2016-02-09.txt,2016-02-09,11/17/2015,
2012,Crest View,Crest View,147,False,True,enrollment_update_births_by_elementary_attendance_area_2016-02-09.txt,2016-02-09,11/17/2015,
2012,Douglass,Douglass,52,False,True,enrollment_update_births_by_elementary_attendance_area_2016-02-09.txt,2016-02-09,11/17/2015,
2012,Eisenhower,Eisenhower,83,False,True,enrollment_update_births_by_elementary_attendance_area_2016-02-09.txt,2016-02-09,11/17/2015,
2012,Eldorado (K-5),Eldorado,41,False,True,enrollment_update_births_by_elementary_attendance_area_2016-02-09.txt,2016-02-09,11/17/2015,
2012,Emerald,Emerald,90,False,True,enrollment_update_births_by_elementary_attendance_area_2016-02-09.txt,2016-02-09,11/17/2015,
2012,Fireside,Fireside,45,False,True,enrollment_update_births_by_elementary_attendance_area_2016-02-09.txt,2016-02-09,11/17/2015,
2012,Flatirons,Flatirons,44,False,True,enrollment_update_births_by_elementary_attendance_area_2016-02-09.txt,2016-02-09,11/17/2015,
2012,Foothill,Foothill,84,False,True,enrollment_update_births_by_elementary_attendance_area_2016-02-09.txt,2016-02-09,11/17/2015,
2012,Gold Hill,Gold Hill,1,False,True,enrollment_update_births_by_elementary_attendance_area_2016-02-09.txt,2016-02-09,11/17/2015,
2012,Heatherwood,Heatherwood,71,False,True,enrollment_update_births_by_elementary_attendance_area_2016-02-09.txt,2016-02-09,11/17/2015,
2012,Jamestown,Jamestown,6,False,True,enrollment_update_births_by_elementary_attendance_area_2016-02-09.txt,2016-02-09,11/17/2015,
2012,Kohl,Kohl,59,False,True,enrollment_update_births_by_elementary_attendance_area_2016-02-09.txt,2016-02-09,11/17/2015,
2012,Lafayette,Lafayette,132,False,True,enrollment_update_births_by_elementary_attendance_area_2016-02-09.txt,2016-02-09,11/17/2015,
2012,Louisville,Louisville,85,False,True,enrollment_update_births_by_elementary_attendance_area_2016-02-09.txt,2016-02-09,11/17/2015,
2012,Mesa,Mesa,23,False,True,enrollment_update_births_by_elementary_attendance_area_2016-02-09.txt,2016-02-09,11/17/2015,
2012,Monarch (K-5),Monarch,60,False,True,enrollment_update_births_by_elementary_attendance_area_2016-02-09.txt,2016-02-09,11/17/2015,
2012,Nederland,Nederland,48,False,True,enrollment_update_births_by_elementary_attendance_area_2016-02-09.txt,2016-02-09,11/17/2015,
2012,Ryan,Ryan,143,False,True,enrollment_update_births_by_elementary_attendance_area_2016-02-09.txt,2016-02-09,11/17/2015,
2012,Sanchez,Sanchez,83,False,True,enrollment_update_births_by_elementary_attendance_area_2016-02-09.txt,2016-02-09,11/17/2015,
2012,Superior,Superior,28,False,True,enrollment_update_births_by_elementary_attendance_area_2016-02-09.txt,2016-02-09,11/17/2015,
2012,Unlocated,Unlocated,0,False,True,enrollment_update_births_by_elementary_attendance_area_2016-02-09.txt,2016-02-09,11/17/2015,
2012,Whittier,Whittier,119,False,True,enrollment_update_births_by_elementary_attendance_area_2016-02-09.txt,2016-02-09,11/17/2015,
2012,BVSD,BVSD,1956,True,True,enrollment_update_births_by_elementary_attendance_area_2016-02-09.txt,2016-02-09,11/17/2015,
2012,Boulder Total,Boulder Total,913,True,True,enrollment_update_births_by_elementary_attendance_area_2016-02-09.txt,2016-02-09,11/17/2015,
2012,E County Total,E County Total,947,True,True,enrollment_update_births_by_elementary_attendance_area_2016-02-09.txt,2016-02-09,11/17/2015,
2013,Aspen Crk,Aspen Creek,67,False,True,enrollment_update_births_by_elementary_attendance_area_2016-02-09.txt,2016-02-09,11/17/2015,
2013,BC-Creekside,BC-Creekside,3,False,True,enrollment_update_births_by_elementary_attendance_area_2016-02-09.txt,2016-02-09,11/17/2015,
2013,BC-Mesa,BC-Mesa,23,False,True,enrollment_update_births_by_elementary_attendance_area_2016-02-09.txt,2016-02-09,11/17/2015,
2013,Bear Creek,Bear Creek,25,False,True,enrollment_update_births_by_elementary_attendance_area_2016-02-09.txt,2016-02-09,11/17/2015,
2013,Birch,Birch,65,False,True,enrollment_update_births_by_elementary_attendance_area_2016-02-09.txt,2016-02-09,11/17/2015,
2013,Coal Creek,Coal Creek,60,False,True,enrollment_update_births_by_elementary_attendance_area_2016-02-09.txt,2016-02-09,11/17/2015,
2013,Columbine,Columbine,129,False,True,enrollment_update_births_by_elementary_attendance_area_2016-02-09.txt,2016-02-09,11/17/2015,
2013,Creekside,Creekside,157,False,True,enrollment_update_births_by_elementary_attendance_area_2016-02-09.txt,2016-02-09,11/17/2015,
2013,Crest View,Crest View,151,False,True,enrollment_update_births_by_elementary_attendance_area_2016-02-09.txt,2016-02-09,11/17/2015,
2013,Douglass,Douglass,46,False,True,enrollment_update_births_by_elementary_attendance_area_2016-02-09.txt,2016-02-09,11/17/2015,
2013,Eisenhower,Eisenhower,84,False,True,enrollment_update_births_by_elementary_attendance_area_2016-02-09.txt,2016-02-09,11/17/2015,
2013,Eldorado (K-5),Eldorado,46,False,True,enrollment_update_births_by_elementary_attendance_area_2016-02-09.txt,2016-02-09,11/17/2015,
2013,Emerald,Emerald,81,False,True,enrollment_update_births_by_elementary_attendance_area_2016-02-09.txt,2016-02-09,11/17/2015,
2013,Fireside,Fireside,59,False,True,enrollment_update_births_by_elementary_attendance_area_2016-02-09.txt,2016-02-09,11/17/2015,
2013,Flatirons,Flatirons,41,False,True,enrollment_update_births_by_elementary_attendance_area_2016-02-09.txt,2016-02-09,11/17/2015,
2013,Foothill,Foothill,64,False,True,enrollment_update_births_by_elementary_attendance_area_2016-02-09.txt,2016-02-09,11/17/2015,
2013,Gold Hill,Gold Hill,3,False,True,enrollment_update_births_by_elementary_attendance_area_2016-02-09.txt,2016-02-09,11/17/2015,
2013,Heatherwood,Heatherwood,60,False,True,enrollment_update_births_by_elementary_attendance_area_2016-02-09.txt,2016-02-09,11/17/2015,
2013,Jamestown,Jamestown,2,False,True,enrollment_update_births_by_elementary_attendance_area_2016-02-09.txt,2016-02-09,11/17/2015,
2013,Kohl,Kohl,53,False,True,enrollment_update_births_by_elementary_attendance_area_2016-02-09.txt,2016-02-09,11/17/2015,
2013,Lafayette,Lafayette,113,False,True,enrollment_update_births_by_elementary_attendance_area_2016-02-09.txt,2016-02-09,11/17/2015,
2013,Louisville,Louisville,79,False,True,enrollment_update_births_by_elementary_attendance_area_2016-02-09.txt,2016-02-09,11/17/2015,
2013,Mesa,Mesa,20,False,True,enrollment_update_births_by_elementary_attendance_area_2016-02-09.txt,2016-02-09,11/17/2015,
2013,Monarch (K-5),Monarch,67,False,True,enrollment_update_births_by_elementary_attendance_area_2016-02-09.txt,2016-02-09,11/17/2015,
2013,Nederland,Nederland,55,False,True,enrollment_update_births_by_elementary_attendance_area_2016-02-09.txt,2016-02-09,11/17/2015,
2013,Ryan,Ryan,104,False,True,enrollment_update_births_by_elementary_attendance_area_2016-02-09.txt,2016-02-09,11/17/2015,
2013,Sanchez,Sanchez,99,False,True,enrollment_update_births_by_elementary_attendance_area_2016-02-09.txt,2016-02-09,11/17/2015,
2013,Superior,Superior,41,False,True,enrollment_update_births_by_elementary_attendance_area_2016-02-09.txt,2016-02-09,11/17/2015,
2013,Unlocated,Unlocated,0,False,True,enrollment_update_births_by_elementary_attendance_area_2016-02-09.txt,2016-02-09,11/17/2015,
2013,Whittier,Whittier,115,False,True,enrollment_update_births_by_elementary_attendance_area_2016-02-09.txt,2016-02-09,11/17/2015,
2013,BVSD,BVSD,1912,True,True,enrollment_update_births_by_elementary_attendance_area_2016-02-09.txt,2016-02-09,11/17/2015,
2013,Boulder Total,Boulder Total,872,True,True,enrollment_update_births_by_elementary_attendance_area_2016-02-09.txt,2016-02-09,11/17/2015,
2013,E County Total,E County Total,934,True,True,enrollment_update_births_by_elementary_attendance_area_2016-02-09.txt,2016-02-09,11/17/2015,
2014,Aspen Crk,Aspen Creek,54,False,True,enrollment_update_births_by_elementary_attendance_area_2016-02-09.txt,2016-02-09,11/17/2015,
2014,BC-Creekside,BC-Creekside,4,False,True,enrollment_update_births_by_elementary_attendance_area_2016-02-09.txt,2016-02-09,11/17/2015,
2014,BC-Mesa,BC-Mesa,25,False,True,enrollment_update_births_by_elementary_attendance_area_2016-02-09.txt,2016-02-09,11/17/2015,
2014,Bear Creek,Bear Creek,21,False,True,enrollment_update_births_by_elementary_attendance_area_2016-02-09.txt,2016-02-09,11/17/2015,
2014,Birch,Birch,58,False,True,enrollment_update_births_by_elementary_attendance_area_2016-02-09.txt,2016-02-09,11/17/2015,
2014,Coal Creek,Coal Creek,63,False,True,enrollment_update_births_by_elementary_attendance_area_2016-02-09.txt,2016-02-09,11/17/2015,
2014,Columbine,Columbine,124,False,True,enrollment_update_births_by_elementary_attendance_area_2016-02-09.txt,2016-02-09,11/17/2015,
2014,Creekside,Creekside,131,False,True,enrollment_update_births_by_elementary_attendance_area_2016-02-09.txt,2016-02-09,11/17/2015,
2014,Crest View,Crest View,123,False,True,enrollment_update_births_by_elementary_attendance_area_2016-02-09.txt,2016-02-09,11/17/2015,
2014,Douglass,Douglass,47,False,True,enrollment_update_births_by_elementary_attendance_area_2016-02-09.txt,2016-02-09,11/17/2015,
2014,Eisenhower,Eisenhower,75,False,True,enrollment_update_births_by_elementary_attendance_area_2016-02-09.txt,2016-02-09,11/17/2015,
2014,Eldorado (K-5),Eldorado,37,False,True,enrollment_update_births_by_elementary_attendance_area_2016-02-09.txt,2016-02-09,11/17/2015,
2014,Emerald,Emerald,80,False,True,enrollment_update_births_by_elementary_attendance_area_2016-02-09.txt,2016-02-09,11/17/2015,
2014,Fireside,Fireside,45,False,True,enrollment_update_births_by_elementary_attendance_area_2016-02-09.txt,2016-02-09,11/17/2015,
2014,Flatirons,Flatirons,43,False,True,enrollment_update_births_by_elementary_attendance_area_2016-02-09.txt,2016-02-09,11/17/2015,
2014,Foothill,Foothill,85,False,True,enrollment_update_births_by_elementary_attendance_area_2016-02-09.txt,2016-02-09,11/17/2015,
2014,Gold Hill,Gold Hill,0,False,True,enrollment_update_births_by_elementary_attendance_area_2016-02-09.txt,2016-02-09,11/17/2015,
2014,Heatherwood,Heatherwood,58,False,True,enrollment_update_births_by_elementary_attendance_area_2016-02-09.txt,2016-02-09,11/17/2015,
2014,Jamestown,Jamestown,2,False,True,enrollment_update_births_by_elementary_attendance_area_2016-02-09.txt,2016-02-09,11/17/2015,
2014,Kohl,Kohl,59,False,True,enrollment_update_births_by_elementary_attendance_area_2016-02-09.txt,2016-02-09,11/17/2015,
2014,Lafayette,Lafayette,142,False,True,enrollment_update_births_by_elementary_attendance_area_2016-02-09.txt,2016-02-09,11/17/2015,
2014,Louisville,Louisville,72,False,True,enrollment_update_births_by_elementary_attendance_area_2016-02-09.txt,2016-02-09,11/17/2015,
2014,Mesa,Mesa,23,False,True,enrollment_update_births_by_elementary_attendance_area_2016-02-09.txt,2016-02-09,11/17/2015,
2014,Monarch (K-5),Monarch,79,False,True,enrollment_update_births_by_elementary_attendance_area_2016-02-09.txt,2016-02-09,11/17/2015,
2014,Nederland,Nederland,56,False,True,enrollment_update_births_by_elementary_attendance_area_2016-02-09.txt,2016-02-09,11/17/2015,
2014,Ryan,Ryan,107,False,True,enrollment_update_births_by_elementary_attendance_area_2016-02-09.txt,2016-02-09,11/17/2015,
2014,Sanchez,Sanchez,98,False,True,enrollment_update_births_by_elementary_attendance_area_2016-02-09.txt,2016-02-09,11/17/2015,
2014,Superior,Superior,32,False,True,enrollment_update_births_by_elementary_attendance_area_2016-02-09.txt,2016-02-09,11/17/2015,
2014,Unlocated,Unlocated,0,False,True,enrollment_update_births_by_elementary_attendance_area_2016-02-09.txt,2016-02-09,11/17/2015,
2014,Whittier,Whittier,113,False,True,enrollment_update_births_by_elementary_attendance_area_2016-02-09.txt,2016-02-09,11/17/2015,
2014,BVSD,BVSD,1856,True,True,enrollment_update_births_by_elementary_attendance_area_2016-02-09.txt,2016-02-09,11/17/2015,
2014,Boulder Total,Boulder Total,825,True,True,enrollment_update_births_by_elementary_attendance_area_2016-02-09.txt,2016-02-09,11/17/2015,
2014,E County Total,E County Total,936,True,True,enrollment_update_births_by_elementary_attendance_area_2016-02-09.txt,2016-02-09,11/17/2015,
1995,Aspen Crk,Aspen Creek,61,False,True,enrollment_update_05_births_and_k_analysis_2017-01-24.txt,2017-01-24,10/15/2013,
1995,BC-Creekside,BC-Creekside,6,False,True,enrollment_update_05_births_and_k_analysis_2017-01-24.txt,2017-01-24,10/15/2013,
1995,BC-Mesa,BC-Mesa,28,False,True,enrollment_update_05_births_and_k_analysis_2017-01-24.txt,2017-01-24,10/15/2013,
1995,Bear Creek,Bear Creek,25,False,True,enrollment_update_05_births_and_k_analysis_2017-01-24.txt,2017-01-24,10/15/2013,
1995,Birch,Birch,75,False,True,enrollment_update_05_births_and_k_analysis_2017-01-24.txt,2017-01-24,10/15/2013,
1995,Coal Creek,Coal Creek,86,False,True,enrollment_update_05_births_and_k_analysis_2017-01-24.txt,2017-01-24,10/15/2013,
1995,Columbine,Columbine,149,False,True,enrollment_update_05_births_and_k_analysis_2017-01-24.txt,2017-01-24,10/15/2013,
1995,Creekside,Creekside,191,False,True,enrollment_update_05_births_and_k_analysis_2017-01-24.txt,2017-01-24,10/15/2013,
1995,Crest View,Crest View,121,False,True,enrollment_update_05_births_and_k_analysis_2017-01-24.txt,2017-01-24,10/15/2013,
1995,Douglass,Douglass,42,False,True,enrollment_update_05_births_and_k_analysis_2017-01-24.txt,2017-01-24,10/15/2013,
1995,Eisenhower,Eisenhower,87,False,True,enrollment_update_05_births_and_k_analysis_2017-01-24.txt,2017-01-24,10/15/2013,
1995,Eldorado (K-5),Eldorado,1,False,True,enrollment_update_05_births_and_k_analysis_2017-01-24.txt,2017-01-24,10/15/2013,
1995,Emerald,Emerald,72,False,True,enrollment_update_05_births_and_k_analysis_2017-01-24.txt,2017-01-24,10/15/2013,
1995,Fireside,Fireside,80,False,True,enrollment_update_05_births_and_k_analysis_2017-01-24.txt,2017-01-24,10/15/2013,
1995,Flatirons,Flatirons,68,False,True,enrollment_update_05_births_and_k_analysis_2017-01-24.txt,2017-01-24,10/15/2013,
1995,Foothill,Foothill,93,False,True,enrollment_update_05_births_and_k_analysis_2017-01-24.txt,2017-01-24,10/15/2013,
1995,Gold Hill,Gold Hill,1,False,True,enrollment_update_05_births_and_k_analysis_2017-01-24.txt,2017-01-24,10/15/2013,
1995,Heatherwood,Heatherwood,77,False,True,enrollment_update_05_births_and_k_analysis_2017-01-24.txt,2017-01-24,10/15/2013,
1995,Jamestown,Jamestown,3,False,True,enrollment_update_05_births_and_k_analysis_2017-01-24.txt,2017-01-24,10/15/2013,
1995,Kohl,Kohl,41,False,True,enrollment_update_05_births_and_k_analysis_2017-01-24.txt,2017-01-24,10/15/2013,
1995,Lafayette,Lafayette,92,False,True,enrollment_update_05_births_and_k_analysis_2017-01-24.txt,2017-01-24,10/15/2013,
1995,Louisville,Louisville,89,False,True,enrollment_update_05_births_and_k_analysis_2017-01-24.txt,2017-01-24,10/15/2013,
1995,Mesa,Mesa,26,False,True,enrollment_update_05_births_and_k_analysis_2017-01-24.txt,2017-01-24,10/15/2013,
1995,Monarch (K-5),Monarch,42,False,True,enrollment_update_05_births_and_k_analysis_2017-01-24.txt,2017-01-24,10/15/2013,
1995,Nederland,Nederland,56,False,True,enrollment_update_05_births_and_k_analysis_2017-01-24.txt,2017-01-24,10/15/2013,
1995,Ryan,Ryan,119,False,True,enrollment_update_05_births_and_k_analysis_2017-01-24.txt,2017-01-24,10/15/2013,
1995,Sanchez,Sanchez,102,False,True,enrollment_update_05_births_and_k_analysis_2017-01-24.txt,2017-01-24,10/15/2013,
1995,Superior,Superior,77,False,True,enrollment_update_05_births_and_k_analysis_2017-01-24.txt,2017-01-24,10/15/2013,
1995,Unlocated,Unlocated,1,False,True,enrollment_update_05_births_and_k_analysis_2017-01-24.txt,2017-01-24,10/15/2013,
1995,Whittier,Whittier,125,False,True,enrollment_update_05_births_and_k_analysis_2017-01-24.txt,2017-01-24,10/15/2013,
1995,BVSD,BVSD,2036,True,True,enrollment_update_05_births_and_k_analysis_2017-01-24.txt,2017-01-24,10/15/2013,
1995,Boulder Total,Boulder Total,996,True,True,enrollment_update_05_births_and_k_analysis_2017-01-24.txt,2017-01-24,10/15/2013,
1995,E County Total,E County Total,978,True,True,enrollment_update_05_births_and_k_analysis_2017-01-24.txt,2017-01-24,10/15/2013,
1996,Aspen Crk,Aspen Creek,63,False,True,enrollment_update_05_births_and_k_analysis_2017-01-24.txt,2017-01-24,10/15/2013,
1996,BC-Creekside,BC-Creekside,3,False,True,enrollment_update_05_births_and_k_analysis_2017-01-24.txt,2017-01-24,10/15/2013,
1996,BC-Mesa,BC-Mesa,24,False,True,enrollment_update_05_births_and_k_analysis_2017-01-24.txt,2017-01-24,10/15/2013,
1996,Bear Creek,Bear Creek,19,False,True,enrollment_update_05_births_and_k_analysis_2017-01-24.txt,2017-01-24,10/15/2013,
1996,Birch,Birch,79,False,True,enrollment_update_05_births_and_k_analysis_2017-01-24.txt,2017-01-24,10/15/2013,
1996,Coal Creek,Coal Creek,72,False,True,enrollment_update_05_births_and_k_analysis_2017-01-24.txt,2017-01-24,10/15/2013,
1996,Columbine,Columbine,141,False,True,enrollment_update_05_births_and_k_analysis_2017-01-24.txt,2017-01-24,10/15/2013,
1996,Creekside,Creekside,167,False,True,enrollment_update_05_births_and_k_analysis_2017-01-24.txt,2017-01-24,10/15/2013,
1996,Crest View,Crest View,136,False,True,enrollment_update_05_births_and_k_analysis_2017-01-24.txt,2017-01-24,10/15/2013,
1996,Douglass,Douglass,40,False,True,enrollment_update_05_births_and_k_analysis_2017-01-24.txt,2017-01-24,10/15/2013,
1996,Eisenhower,Eisenhower,51,False,True,enrollment_update_05_births_and_k_analysis_2017-01-24.txt,2017-01-24,10/15/2013,
1996,Eldorado (K-5),Eldorado,0,False,True,enrollment_update_05_births_and_k_analysis_2017-01-24.txt,2017-01-24,10/15/2013,
1996,Emerald,Emerald,61,False,True,enrollment_update_05_births_and_k_analysis_2017-01-24.txt,2017-01-24,10/15/2013,
1996,Fireside,Fireside,83,False,True,enrollment_update_05_births_and_k_analysis_2017-01-24.txt,2017-01-24,10/15/2013,
1996,Flatirons,Flatirons,70,False,True,enrollment_update_05_births_and_k_analysis_2017-01-24.txt,2017-01-24,10/15/2013,
1996,Foothill,Foothill,123,False,True,enrollment_update_05_births_and_k_analysis_2017-01-24.txt,2017-01-24,10/15/2013,
1996,Gold Hill,Gold Hill,2,False,True,enrollment_update_05_births_and_k_analysis_2017-01-24.txt,2017-01-24,10/15/2013,
1996,Heatherwood,Heatherwood,70,False,True,enrollment_update_05_births_and_k_analysis_2017-01-24.txt,2017-01-24,10/15/2013,
1996,Jamestown,Jamestown,3,False,True,enrollment_update_05_births_and_k_analysis_2017-01-24.txt,2017-01-24,10/15/2013,
1996,Kohl,Kohl,44,False,True,enrollment_update_05_births_and_k_analysis_2017-01-24.txt,2017-01-24,10/15/2013,
1996,Lafayette,Lafayette,137,False,True,enrollment_update_05_births_and_k_analysis_2017-01-24.txt,2017-01-24,10/15/2013,
1996,Louisville,Louisville,66,False,True,enrollment_update_05_births_and_k_analysis_2017-01-24.txt,2017-01-24,10/15/2013,
1996,Mesa,Mesa,30,False,True,enrollment_update_05_births_and_k_analysis_2017-01-24.txt,2017-01-24,10/15/2013,
1996,Monarch (K-5),Monarch,35,False,True,enrollment_update_05_births_and_k_analysis_2017-01-24.txt,2017-01-24,10/15/2013,
1996,Nederland,Nederland,88,False,True,enrollment_update_05_births_and_k_analysis_2017-01-24.txt,2017-01-24,10/15/2013,
1996,Ryan,Ryan,135,False,True,enrollment_update_05_births_and_k_analysis_2017-01-24.txt,2017-01-24,10/15/2013,
1996,Sanchez,Sanchez,102,False,True,enrollment_update_05_births_and_k_analysis_2017-01-24.txt,2017-01-24,10/15/2013,
1996,Superior,Superior,91,False,True,enrollment_update_05_births_and_k_analysis_2017-01-24.txt,2017-01-24,10/15/2013,
1996,Unlocated,Unlocated,4,False,True,enrollment_update_05_births_and_k_analysis_2017-01-24.txt,2017-01-24,10/15/2013,
1996,Whittier,Whittier,137,False,True,enrollment_update_05_births_and_k_analysis_2017-01-24.txt,2017-01-24,10/15/2013,
1996,BVSD,BVSD,2076,True,True,enrollment_update_05_births_and_k_analysis_2017-01-24.txt,2017-01-24,10/15/2013,
1996,Boulder Total,Boulder Total,971,True,True,enrollment_update_05_births_and_k_analysis_2017-01-24.txt,2017-01-24,10/15/2013,
1996,E County Total,E County Total,1008,True,True,enrollment_update_05_births_and_k_analysis_2017-01-24.txt,2017-01-24,10/15/2013,
1997,Aspen Crk,Aspen Creek,64,False,True,enrollment_update_05_births_and_k_analysis_2017-01-24.txt,2017-01-24,10/15/2013,
1997,BC-Creekside,BC-Creekside,11,False,True,enrollment_update_05_births_and_k_analysis_2017-01-24.txt,2017-01-24,10/15/2013,
1997,BC-Mesa,BC-Mesa,26,False,True,enrollment_update_05_births_and_k_analysis_2017-01-24.txt,2017-01-24,10/15/2013,
1997,Bear Creek,Bear Creek,22,False,True,enrollment_update_05_births_and_k_analysis_2017-01-24.txt,2017-01-24,10/15/2013,
1997,Birch,Birch,59,False,True,enrollment_update_05_births_and_k_analysis_2017-01-24.txt,2017-01-24,10/15/2013,
1997,Coal Creek,Coal Creek,61,False,True,enrollment_update_05_births_and_k_analysis_2017-01-24.txt,2017-01-24,10/15/2013,
1997,Columbine,Columbine,148,False,True,enrollment_update_05_births_and_k_analysis_2017-01-24.txt,2017-01-24,10/15/2013,
1997,Creekside,Creekside,199,False,True,enrollment_update_05_births_and_k_analysis_2017-01-24.txt,2017-01-24,10/15/2013,
1997,Crest View,Crest View,131,False,True,enrollment_update_05_births_and_k_analysis_2017-01-24.txt,2017-01-24,10/15/2013,
1997,Douglass,Douglass,45,False,True,enrollment_update_05_births_and_k_analysis_2017-01-24.txt,2017-01-24,10/15/2013,
1997,Eisenhower,Eisenhower,88,False,True,enrollment_update_05_births_and_k_analysis_2017-01-24.txt,2017-01-24,10/15/2013,
1997,Eldorado (K-5),Eldorado,0,False,True,enrollment_update_05_births_and_k_analysis_2017-01-24.txt,2017-01-24,10/15/2013,
1997,Emerald,Emerald,68,False,True,enrollment_update_05_births_and_k_analysis_2017-01-24.txt,2017-01-24,10/15/2013,
1997,Fireside,Fireside,66,False,True,enrollment_update_05_births_and_k_analysis_2017-01-24.txt,2017-01-24,10/15/2013,
1997,Flatirons,Flatirons,67,False,True,enrollment_update_05_births_and_k_analysis_2017-01-24.txt,2017-01-24,10/15/2013,
1997,Foothill,Foothill,92,False,True,enrollment_update_05_births_and_k_analysis_2017-01-24.txt,2017-01-24,10/15/2013,
1997,Gold Hill,Gold Hill,1,False,True,enrollment_update_05_births_and_k_analysis_2017-01-24.txt,2017-01-24,10/15/2013,
1997,Heatherwood,Heatherwood,77,False,True,enrollment_update_05_births_and_k_analysis_2017-01-24.txt,2017-01-24,10/15/2013,
1997,Jamestown,Jamestown,5,False,True,enrollment_update_05_births_and_k_analysis_2017-01-24.txt,2017-01-24,10/15/2013,
1997,Kohl,Kohl,51,False,True,enrollment_update_05_births_and_k_analysis_2017-01-24.txt,2017-01-24,10/15/2013,
1997,Lafayette,Lafayette,132,False,True,enrollment_update_05_births_and_k_analysis_2017-01-24.txt,2017-01-24,10/15/2013,
1997,Louisville,Louisville,75,False,True,enrollment_update_05_births_and_k_analysis_2017-01-24.txt,2017-01-24,10/15/2013,
1997,Mesa,Mesa,32,False,True,enrollment_update_05_births_and_k_analysis_2017-01-24.txt,2017-01-24,10/15/2013,
1997,Monarch (K-5),Monarch,38,False,True,enrollment_update_05_births_and_k_analysis_2017-01-24.txt,2017-01-24,10/15/2013,
1997,Nederland,Nederland,79,False,True,enrollment_update_05_births_and_k_analysis_2017-01-24.txt,2017-01-24,10/15/2013,
1997,Ryan,Ryan,121,False,True,enrollment_update_05_births_and_k_analysis_2017-01-24.txt,2017-01-24,10/15/2013,
1997,Sanchez,Sanchez,86,False,True,enrollment_update_05_births_and_k_analysis_2017-01-24.txt,2017-01-24,10/15/2013,
1997,Superior,Superior,81,False,True,enrollment_update_05_births_and_k_analysis_2017-01-24.txt,2017-01-24,10/15/2013,
1997,Unlocated,Unlocated,4,False,True,enrollment_update_05_births_and_k_analysis_2017-01-24.txt,2017-01-24,10/15/2013,
1997,Whittier,Whittier,136,False,True,enrollment_update_05_births_and_k_analysis_2017-01-24.txt,2017-01-24,10/15/2013,
1997,BVSD,BVSD,2065,True,True,enrollment_update_05_births_and_k_analysis_2017-01-24.txt,2017-01-24,10/15/2013,
1997,Boulder Total,Boulder Total,1029,True,True,enrollment_update_05_births_and_k_analysis_2017-01-24.txt,2017-01-24,10/15/2013,
1997,E County Total,E County Total,947,True,True,enrollment_update_05_births_and_k_analysis_2017-01-24.txt,2017-01-24,10/15/2013,
1998,Aspen Crk,Aspen Creek,68,False,True,enrollment_update_05_births_and_k_analysis_2017-01-24.txt,2017-01-24,10/15/2013,
1998,BC-Creekside,BC-Creekside,6,False,True,enrollment_update_05_births_and_k_analysis_2017-01-24.txt,2017-01-24,10/15/2013,
1998,BC-Mesa,BC-Mesa,22,False,True,enrollment_update_05_births_and_k_analysis_2017-01-24.txt,2017-01-24,10/15/2013,
1998,Bear Creek,Bear Creek,16,False,True,enrollment_update_05_births_and_k_analysis_2017-01-24.txt,2017-01-24,10/15/2013,
1998,Birch,Birch,67,False,True,enrollment_update_05_births_and_k_analysis_2017-01-24.txt,2017-01-24,10/15/2013,
1998,Coal Creek,Coal Creek,58,False,True,enrollment_update_05_births_and_k_analysis_2017-01-24.txt,2017-01-24,10/15/2013,
1998,Columbine,Columbine,143,False,True,enrollment_update_05_births_and_k_analysis_2017-01-24.txt,2017-01-24,10/15/2013,
1998,Creekside,Creekside,183,False,True,enrollment_update_05_births_and_k_analysis_2017-01-24.txt,2017-01-24,10/15/2013,
1998,Crest View,Crest View,132,False,True,enrollment_update_05_births_and_k_analysis_2017-01-24.txt,2017-01-24,10/15/2013,
1998,Douglass,Douglass,42,False,True,enrollment_update_05_births_and_k_analysis_2017-01-24.txt,2017-01-24,10/15/2013,
1998,Eisenhower,Eisenhower,92,False,True,enrollment_update_05_births_and_k_analysis_2017-01-24.txt,2017-01-24,10/15/2013,
1998,Eldorado (K-5),Eldorado,6,False,True,enrollment_update_05_births_and_k_analysis_2017-01-24.txt,2017-01-24,10/15/2013,
1998,Emerald,Emerald,56,False,True,enrollment_update_05_births_and_k_analysis_2017-01-24.txt,2017-01-24,10/15/2013,
1998,Fireside,Fireside,60,False,True,enrollment_update_05_births_and_k_analysis_2017-01-24.txt,2017-01-24,10/15/2013,
1998,Flatirons,Flatirons,66,False,True,enrollment_update_05_births_and_k_analysis_2017-01-24.txt,2017-01-24,10/15/2013,
1998,Foothill,Foothill,85,False,True,enrollment_update_05_births_and_k_analysis_2017-01-24.txt,2017-01-24,10/15/2013,
1998,Gold Hill,Gold Hill,4,False,True,enrollment_update_05_births_and_k_analysis_2017-01-24.txt,2017-01-24,10/15/2013,
1998,Heatherwood,Heatherwood,82,False,True,enrollment_update_05_births_and_k_analysis_2017-01-24.txt,2017-01-24,10/15/2013,
1998,Jamestown,Jamestown,5,False,True,enrollment_update_05_births_and_k_analysis_2017-01-24.txt,2017-01-24,10/15/2013,
1998,Kohl,Kohl,47,False,True,enrollment_update_05_births_and_k_analysis_2017-01-24.txt,2017-01-24,10/15/2013,
1998,Lafayette,Lafayette,163,False,True,enrollment_update_05_births_and_k_analysis_2017-01-24.txt,2017-01-24,10/15/2013,
1998,Louisville,Louisville,78,False,True,enrollment_update_05_births_and_k_analysis_2017-01-24.txt,2017-01-24,10/15/2013,
1998,Mesa,Mesa,43,False,True,enrollment_update_05_births_and_k_analysis_2017-01-24.txt,2017-01-24,10/15/2013,
1998,Monarch (K-5),Monarch,73,False,True,enrollment_update_05_births_and_k_analysis_2017-01-24.txt,2017-01-24,10/15/2013,
1998,Nederland,Nederland,83,False,True,enrollment_update_05_births_and_k_analysis_2017-01-24.txt,2017-01-24,10/15/2013,
1998,Ryan,Ryan,154,False,True,enrollment_update_05_births_and_k_analysis_2017-01-24.txt,2017-01-24,10/15/2013,
1998,Sanchez,Sanchez,95,False,True,enrollment_update_05_births_and_k_analysis_2017-01-24.txt,2017-01-24,10/15/2013,
1998,Superior,Superior,104,False,True,enrollment_update_05_births_and_k_analysis_2017-01-24.txt,2017-01-24,10/15/2013,
1998,Unlocated,Unlocated,4,False,True,enrollment_update_05_births_and_k_analysis_2017-01-24.txt,2017-01-24,10/15/2013,
1998,Whittier,Whittier,125,False,True,enrollment_update_05_births_and_k_analysis_2017-01-24.txt,2017-01-24,10/15/2013,
1998,BVSD,BVSD,2162,True,True,enrollment_update_05_births_and_k_analysis_2017-01-24.txt,2017-01-24,10/15/2013,
1998,Boulder Total,Boulder Total,995,True,True,enrollment_update_05_births_and_k_analysis_2017-01-24.txt,2017-01-24,10/15/2013,
1998,E County Total,E County Total,1065,True,True,enrollment_update_05_births_and_k_analysis_2017-01-24.txt,2017-01-24,10/15/2013,
1999,Aspen Crk,Aspen Creek,62,False,True,enrollment_update_05_births_and_k_analysis_2017-01-24.txt,2017-01-24,10/15/2013,
1999,BC-Creekside,BC-Creekside,3,False,True,enrollment_update_05_births_and_k_analysis_2017-01-24.txt,2017-01-24,10/15/2013,
1999,BC-Mesa,BC-Mesa,13,False,True,enrollment_update_05_births_and_k_analysis_2017-01-24.txt,2017-01-24,10/15/2013,
1999,Bear Creek,Bear Creek,21,False,True,enrollment_update_05_births_and_k_analysis_2017-01-24.txt,2017-01-24,10/15/2013,
1999,Birch,Birch,50,False,True,enrollment_update_05_births_and_k_analysis_2017-01-24.txt,2017-01-24,10/15/2013,
1999,Coal Creek,Coal Creek,69,False,True,enrollment_update_05_births_and_k_analysis_2017-01-24.txt,2017-01-24,10/15/2013,
1999,Columbine,Columbine,156,False,True,enrollment_update_05_births_and_k_analysis_2017-01-24.txt,2017-01-24,10/15/2013,
1999,Creekside,Creekside,175,False,True,enrollment_update_05_births_and_k_analysis_2017-01-24.txt,2017-01-24,10/15/2013,
1999,Crest View,Crest View,130,False,True,enrollment_update_05_births_and_k_analysis_2017-01-24.txt,2017-01-24,10/15/2013,
1999,Douglass,Douglass,43,False,True,enrollment_update_05_births_and_k_analysis_2017-01-24.txt,2017-01-24,10/15/2013,
1999,Eisenhower,Eisenhower,84,False,True,enrollment_update_05_births_and_k_analysis_2017-01-24.txt,2017-01-24,10/15/2013,
1999,Eldorado (K-5),Eldorado,21,False,True,enrollment_update_05_births_and_k_analysis_2017-01-24.txt,2017-01-24,10/15/2013,
1999,Emerald,Emerald,79,False,True,enrollment_update_05_births_and_k_analysis_2017-01-24.txt,2017-01-24,10/15/2013,
1999,Fireside,Fireside,79,False,True,enrollment_update_05_births_and_k_analysis_2017-01-24.txt,2017-01-24,10/15/2013,
1999,Flatirons,Flatirons,73,False,True,enrollment_update_05_births_and_k_analysis_2017-01-24.txt,2017-01-24,10/15/2013,
1999,Foothill,Foothill,98,False,True,enrollment_update_05_births_and_k_analysis_2017-01-24.txt,2017-01-24,10/15/2013,
1999,Gold Hill,Gold Hill,3,False,True,enrollment_update_05_births_and_k_analysis_2017-01-24.txt,2017-01-24,10/15/2013,
1999,Heatherwood,Heatherwood,66,False,True,enrollment_update_05_births_and_k_analysis_2017-01-24.txt,2017-01-24,10/15/2013,
1999,Jamestown,Jamestown,1,False,True,enrollment_update_05_births_and_k_analysis_2017-01-24.txt,2017-01-24,10/15/2013,
1999,Kohl,Kohl,42,False,True,enrollment_update_05_births_and_k_analysis_2017-01-24.txt,2017-01-24,10/15/2013,
1999,Lafayette,Lafayette,189,False,True,enrollment_update_05_births_and_k_analysis_2017-01-24.txt,2017-01-24,10/15/2013,
1999,Louisville,Louisville,70,False,True,enrollment_update_05_births_and_k_analysis_2017-01-24.txt,2017-01-24,10/15/2013,
1999,Mesa,Mesa,32,False,True,enrollment_update_05_births_and_k_analysis_2017-01-24.txt,2017-01-24,10/15/2013,
1999,Monarch (K-5),Monarch,61,False,True,enrollment_update_05_births_and_k_analysis_2017-01-24.txt,2017-01-24,10/15/2013,
1999,Nederland,Nederland,82,False,True,enrollment_update_05_births_and_k_analysis_2017-01-24.txt,2017-01-24,10/15/2013,
1999,Ryan,Ryan,145,False,True,enrollment_update_05_births_and_k_analysis_2017-01-24.txt,2017-01-24,10/15/2013,
1999,Sanchez,Sanchez,108,False,True,enrollment_update_05_births_and_k_analysis_2017-01-24.txt,2017-01-24,10/15/2013,
1999,Superior,Superior,86,False,True,enrollment_update_05_births_and_k_analysis_2017-01-24.txt,2017-01-24,10/15/2013,
1999,Unlocated,Unlocated,2,False,True,enrollment_update_05_births_and_k_analysis_2017-01-24.txt,2017-01-24,10/15/2013,
1999,Whittier,Whittier,139,False,True,enrollment_update_05_births_and_k_analysis_2017-01-24.txt,2017-01-24,10/15/2013,
1999,BVSD,BVSD,2182,True,True,enrollment_update_05_births_and_k_analysis_2017-01-24.txt,2017-01-24,10/15/2013,
1999,Boulder Total,Boulder Total,990,True,True,enrollment_update_05_births_and_k_analysis_2017-01-24.txt,2017-01-24,10/15/2013,
1999,E County Total,E County Total,1083,True,True,enrollment_update_05_births_and_k_analysis_2017-01-24.txt,2017-01-24,10/15/2013,
2000,Aspen Crk,Aspen Creek,55,False,True,enrollment_update_05_births_and_k_analysis_2017-01-24.txt,2017-01-24,10/15/2013,
2000,BC-Creekside,BC-Creekside,7,False,True,enrollment_update_05_births_and_k_analysis_2017-01-24.txt,2017-01-24,10/15/2013,
2000,BC-Mesa,BC-Mesa,18,False,True,enrollment_update_05_births_and_k_analysis_2017-01-24.txt,2017-01-24,10/15/2013,
2000,Bear Creek,Bear Creek,21,False,True,enrollment_update_05_births_and_k_analysis_2017-01-24.txt,2017-01-24,10/15/2013,
2000,Birch,Birch,67,False,True,enrollment_update_05_births_and_k_analysis_2017-01-24.txt,2017-01-24,10/15/2013,
2000,Coal Creek,Coal Creek,65,False,True,enrollment_update_05_births_and_k_analysis_2017-01-24.txt,2017-01-24,10/15/2013,
2000,Columbine,Columbine,173,False,True,enrollment_update_05_births_and_k_analysis_2017-01-24.txt,2017-01-24,10/15/2013,
2000,Creekside,Creekside,207,False,True,enrollment_update_05_births_and_k_analysis_2017-01-24.txt,2017-01-24,10/15/2013,
2000,Crest View,Crest View,143,False,True,enrollment_update_05_births_and_k_analysis_2017-01-24.txt,2017-01-24,10/15/2013,
2000,Douglass,Douglass,46,False,True,enrollment_update_05_births_and_k_analysis_2017-01-24.txt,2017-01-24,10/15/2013,
2000,Eisenhower,Eisenhower,92,False,True,enrollment_update_05_births_and_k_analysis_2017-01-24.txt,2017-01-24,10/15/2013,
2000,Eldorado (K-5),Eldorado,61,False,True,enrollment_update_05_births_and_k_analysis_2017-01-24.txt,2017-01-24,10/15/2013,
2000,Emerald,Emerald,82,False,True,enrollment_update_05_births_and_k_analysis_2017-01-24.txt,2017-01-24,10/15/2013,
2000,Fireside,Fireside,54,False,True,enrollment_update_05_births_and_k_analysis_2017-01-24.txt,2017-01-24,10/15/2013,
2000,Flatirons,Flatirons,74,False,True,enrollment_update_05_births_and_k_analysis_2017-01-24.txt,2017-01-24,10/15/2013,
2000,Foothill,Foothill,85,False,True,enrollment_update_05_births_and_k_analysis_2017-01-24.txt,2017-01-24,10/15/2013,
2000,Gold Hill,Gold Hill,1,False,True,enrollment_update_05_births_and_k_analysis_2017-01-24.txt,2017-01-24,10/15/2013,
2000,Heatherwood,Heatherwood,47,False,True,enrollment_update_05_births_and_k_analysis_2017-01-24.txt,2017-01-24,10/15/2013,
2000,Jamestown,Jamestown,6,False,True,enrollment_update_05_births_and_k_analysis_2017-01-24.txt,2017-01-24,10/15/2013,
2000,Kohl,Kohl,58,False,True,enrollment_update_05_births_and_k_analysis_2017-01-24.txt,2017-01-24,10/15/2013,
2000,Lafayette,Lafayette,200,False,True,enrollment_update_05_births_and_k_analysis_2017-01-24.txt,2017-01-24,10/15/2013,
2000,Louisville,Louisville,76,False,True,enrollment_update_05_births_and_k_analysis_2017-01-24.txt,2017-01-24,10/15/2013,
2000,Mesa,Mesa,39,False,True,enrollment_update_05_births_and_k_analysis_2017-01-24.txt,2017-01-24,10/15/2013,
2000,Monarch (K-5),Monarch,69,False,True,enrollment_update_05_births_and_k_analysis_2017-01-24.txt,2017-01-24,10/15/2013,
2000,Nederland,Nederland,74,False,True,enrollment_update_05_births_and_k_analysis_2017-01-24.txt,2017-01-24,10/15/2013,
2000,Ryan,Ryan,124,False,True,enrollment_update_05_births_and_k_analysis_2017-01-24.txt,2017-01-24,10/15/2013,
2000,Sanchez,Sanchez,114,False,True,enrollment_update_05_births_and_k_analysis_2017-01-24.txt,2017-01-24,10/15/2013,
2000,Superior,Superior,117,False,True,enrollment_update_05_births_and_k_analysis_2017-01-24.txt,2017-01-24,10/15/2013,
2000,Unlocated,Unlocated,1,False,True,enrollment_update_05_births_and_k_analysis_2017-01-24.txt,2017-01-24,10/15/2013,
2000,Whittier,Whittier,141,False,True,enrollment_update_05_births_and_k_analysis_2017-01-24.txt,2017-01-24,10/15/2013,
2000,BVSD,BVSD,2317,True,True,enrollment_update_05_births_and_k_analysis_2017-01-24.txt,2017-01-24,10/15/2013,
2000,Boulder Total,Boulder Total,1047,True,True,enrollment_update_05_births_and_k_analysis_2017-01-24.txt,2017-01-24,10/15/2013,
2000,E County Total,E County Total,1127,True,True,enrollment_update_05_births_and_k_analysis_2017-01-24.txt,2017-01-24,10/15/2013,
2001,Aspen Crk,Aspen Creek,62,False,True,enrollment_update_05_births_and_k_analysis_2017-01-24.txt,2017-01-24,10/15/2013,
2001,BC-Creekside,BC-Creekside,9,False,True,enrollment_update_05_births_and_k_analysis_2017-01-24.txt,2017-01-24,10/15/2013,
2001,BC-Mesa,BC-Mesa,17,False,True,enrollment_update_05_births_and_k_analysis_2017-01-24.txt,2017-01-24,10/15/2013,
2001,Bear Creek,Bear Creek,24,False,True,enrollment_update_05_births_and_k_analysis_2017-01-24.txt,2017-01-24,10/15/2013,
2001,Birch,Birch,86,False,True,enrollment_update_05_births_and_k_analysis_2017-01-24.txt,2017-01-24,10/15/2013,
2001,Coal Creek,Coal Creek,53,False,True,enrollment_update_05_births_and_k_analysis_2017-01-24.txt,2017-01-24,10/15/2013,
2001,Columbine,Columbine,171,False,True,enrollment_update_05_births_and_k_analysis_2017-01-24.txt,2017-01-24,10/15/2013,
2001,Creekside,Creekside,175,False,True,enrollment_update_05_births_and_k_analysis_2017-01-24.txt,2017-01-24,10/15/2013,
2001,Crest View,Crest View,128,False,True,enrollment_update_05_births_and_k_analysis_2017-01-24.txt,2017-01-24,10/15/2013,
2001,Douglass,Douglass,30,False,True,enrollment_update_05_births_and_k_analysis_2017-01-24.txt,2017-01-24,10/15/2013,
2001,Eisenhower,Eisenhower,73,False,True,enrollment_update_05_births_and_k_analysis_2017-01-24.txt,2017-01-24,10/15/2013,
2001,Eldorado (K-5),Eldorado,79,False,True,enrollment_update_05_births_and_k_analysis_2017-01-24.txt,2017-01-24,10/15/2013,
2001,Emerald,Emerald,73,False,True,enrollment_update_05_births_and_k_analysis_2017-01-24.txt,2017-01-24,10/15/2013,
2001,Fireside,Fireside,51,False,True,enrollment_update_05_births_and_k_analysis_2017-01-24.txt,2017-01-24,10/15/2013,
2001,Flatirons,Flatirons,80,False,True,enrollment_update_05_births_and_k_analysis_2017-01-24.txt,2017-01-24,10/15/2013,
2001,Foothill,Foothill,95,False,True,enrollment_update_05_births_and_k_analysis_2017-01-24.txt,2017-01-24,10/15/2013,
2001,Gold Hill,Gold Hill,1,False,True,enrollment_update_05_births_and_k_analysis_2017-01-24.txt,2017-01-24,10/15/2013,
2001,Heatherwood,Heatherwood,91,False,True,enrollment_update_05_births_and_k_analysis_2017-01-24.txt,2017-01-24,10/15/2013,
2001,Jamestown,Jamestown,7,False,True,enrollment_update_05_births_and_k_analysis_2017-01-24.txt,2017-01-24,10/15/2013,
2001,Kohl,Kohl,47,False,True,enrollment_update_05_births_and_k_analysis_2017-01-24.txt,2017-01-24,10/15/2013,
2001,Lafayette,Lafayette,235,False,True,enrollment_update_05_births_and_k_analysis_2017-01-24.txt,2017-01-24,10/15/2013,
2001,Louisville,Louisville,70,False,True,enrollment_update_05_births_and_k_analysis_2017-01-24.txt,2017-01-24,10/15/2013,
2001,Mesa,Mesa,19,False,True,enrollment_update_05_births_and_k_analysis_2017-01-24.txt,2017-01-24,10/15/2013,
2001,Monarch (K-5),Monarch,80,False,True,enrollment_update_05_births_and_k_analysis_2017-01-24.txt,2017-01-24,10/15/2013,
2001,Nederland,Nederland,83,False,True,enrollment_update_05_births_and_k_analysis_2017-01-24.txt,2017-01-24,10/15/2013,
2001,Ryan,Ryan,147,False,True,enrollment_update_05_births_and_k_analysis_2017-01-24.txt,2017-01-24,10/15/2013,
2001,Sanchez,Sanchez,104,False,True,enrollment_update_05_births_and_k_analysis_2017-01-24.txt,2017-01-24,10/15/2013,
2001,Superior,Superior,91,False,True,enrollment_update_05_births_and_k_analysis_2017-01-24.txt,2017-01-24,10/15/2013,
2001,Unlocated,Unlocated,3,False,True,enrollment_update_05_births_and_k_analysis_2017-01-24.txt,2017-01-24,10/15/2013,
2001,Whittier,Whittier,145,False,True,enrollment_update_05_births_and_k_analysis_2017-01-24.txt,2017-01-24,10/15/2013,
2001,BVSD,BVSD,2329,True,True,enrollment_update_05_births_and_k_analysis_2017-01-24.txt,2017-01-24,10/15/2013,
2001,Boulder Total,Boulder Total,1027,True,True,enrollment_update_05_births_and_k_analysis_2017-01-24.txt,2017-01-24,10/15/2013,
2001,E County Total,E County Total,1129,True,True,enrollment_update_05_births_and_k_analysis_2017-01-24.txt,2017-01-24,10/15/2013,
2002,Aspen Crk,Aspen Creek,58,False,True,enrollment_update_05_births_and_k_analysis_2017-01-24.txt,2017-01-24,10/15/2013,
2002,BC-Creekside,BC-Creekside,7,False,True,enrollment_update_05_births_and_k_analysis_2017-01-24.txt,2017-01-24,10/15/2013,
2002,BC-Mesa,BC-Mesa,18,False,True,enrollment_update_05_births_and_k_analysis_2017-01-24.txt,2017-01-24,10/15/2013,
2002,Bear Creek,Bear Creek,13,False,True,enrollment_update_05_births_and_k_analysis_2017-01-24.txt,2017-01-24,10/15/2013,
2002,Birch,Birch,71,False,True,enrollment_update_05_births_and_k_analysis_2017-01-24.txt,2017-01-24,10/15/2013,
2002,Coal Creek,Coal Creek,54,False,True,enrollment_update_05_births_and_k_analysis_2017-01-24.txt,2017-01-24,10/15/2013,
2002,Columbine,Columbine,180,False,True,enrollment_update_05_births_and_k_analysis_2017-01-24.txt,2017-01-24,10/15/2013,
2002,Creekside,Creekside,179,False,True,enrollment_update_05_births_and_k_analysis_2017-01-24.txt,2017-01-24,10/15/2013,
2002,Crest View,Crest View,152,False,True,enrollment_update_05_births_and_k_analysis_2017-01-24.txt,2017-01-24,10/15/2013,
2002,Douglass,Douglass,29,False,True,enrollment_update_05_births_and_k_analysis_2017-01-24.txt,2017-01-24,10/15/2013,
2002,Eisenhower,Eisenhower,71,False,True,enrollment_update_05_births_and_k_analysis_2017-01-24.txt,2017-01-24,10/15/2013,
2002,Eldorado (K-5),Eldorado,82,False,True,enrollment_update_05_births_and_k_analysis_2017-01-24.txt,2017-01-24,10/15/2013,
2002,Emerald,Emerald,89,False,True,enrollment_update_05_births_and_k_analysis_2017-01-24.txt,2017-01-24,10/15/2013,
2002,Fireside,Fireside,59,False,True,enrollment_update_05_births_and_k_analysis_2017-01-24.txt,2017-01-24,10/15/2013,
2002,Flatirons,Flatirons,59,False,True,enrollment_update_05_births_and_k_analysis_2017-01-24.txt,2017-01-24,10/15/2013,
2002,Foothill,Foothill,90,False,True,enrollment_update_05_births_and_k_analysis_2017-01-24.txt,2017-01-24,10/15/2013,
2002,Gold Hill,Gold Hill,4,False,True,enrollment_update_05_births_and_k_analysis_2017-01-24.txt,2017-01-24,10/15/2013,
2002,Heatherwood,Heatherwood,57,False,True,enrollment_update_05_births_and_k_analysis_2017-01-24.txt,2017-01-24,10/15/2013,
2002,Jamestown,Jamestown,5,False,True,enrollment_update_05_births_and_k_analysis_2017-01-24.txt,2017-01-24,10/15/2013,
2002,Kohl,Kohl,63,False,True,enrollment_update_05_births_and_k_analysis_2017-01-24.txt,2017-01-24,10/15/2013,
2002,Lafayette,Lafayette,206,False,True,enrollment_update_05_births_and_k_analysis_2017-01-24.txt,2017-01-24,10/15/2013,
2002,Louisville,Louisville,80,False,True,enrollment_update_05_births_and_k_analysis_2017-01-24.txt,2017-01-24,10/15/2013,
2002,Mesa,Mesa,26,False,True,enrollment_update_05_births_and_k_analysis_2017-01-24.txt,2017-01-24,10/15/2013,
2002,Monarch (K-5),Monarch,66,False,True,enrollment_update_05_births_and_k_analysis_2017-01-24.txt,2017-01-24,10/15/2013,
2002,Nederland,Nederland,77,False,True,enrollment_update_05_births_and_k_analysis_2017-01-24.txt,2017-01-24,10/15/2013,
2002,Ryan,Ryan,145,False,True,enrollment_update_05_births_and_k_analysis_2017-01-24.txt,2017-01-24,10/15/2013,
2002,Sanchez,Sanchez,111,False,True,enrollment_update_05_births_and_k_analysis_2017-01-24.txt,2017-01-24,10/15/2013,
2002,Superior,Superior,74,False,True,enrollment_update_05_births_and_k_analysis_2017-01-24.txt,2017-01-24,10/15/2013,
2002,Unlocated,Unlocated,2,False,True,enrollment_update_05_births_and_k_analysis_2017-01-24.txt,2017-01-24,10/15/2013,
2002,Whittier,Whittier,133,False,True,enrollment_update_05_births_and_k_analysis_2017-01-24.txt,2017-01-24,10/15/2013,
2002,BVSD,BVSD,2260,True,True,enrollment_update_05_births_and_k_analysis_2017-01-24.txt,2017-01-24,10/15/2013,
2002,Boulder Total,Boulder Total,985,True,True,enrollment_update_05_births_and_k_analysis_2017-01-24.txt,2017-01-24,10/15/2013,
2002,E County Total,E County Total,1105,True,True,enrollment_update_05_births_and_k_analysis_2017-01-24.txt,2017-01-24,10/15/2013,
2003,Aspen Crk,Aspen Creek,52,False,True,enrollment_update_05_births_and_k_analysis_2017-01-24.txt,2017-01-24,10/15/2013,
2003,BC-Creekside,BC-Creekside,9,False,True,enrollment_update_05_births_and_k_analysis_2017-01-24.txt,2017-01-24,10/15/2013,
2003,BC-Mesa,BC-Mesa,17,False,True,enrollment_update_05_births_and_k_analysis_2017-01-24.txt,2017-01-24,10/15/2013,
2003,Bear Creek,Bear Creek,19,False,True,enrollment_update_05_births_and_k_analysis_2017-01-24.txt,2017-01-24,10/15/2013,
2003,Birch,Birch,53,False,True,enrollment_update_05_births_and_k_analysis_2017-01-24.txt,2017-01-24,10/15/2013,
2003,Coal Creek,Coal Creek,74,False,True,enrollment_update_05_births_and_k_analysis_2017-01-24.txt,2017-01-24,10/15/2013,
2003,Columbine,Columbine,168,False,True,enrollment_update_05_births_and_k_analysis_2017-01-24.txt,2017-01-24,10/15/2013,
2003,Creekside,Creekside,160,False,True,enrollment_update_05_births_and_k_analysis_2017-01-24.txt,2017-01-24,10/15/2013,
2003,Crest View,Crest View,117,False,True,enrollment_update_05_births_and_k_analysis_2017-01-24.txt,2017-01-24,10/15/2013,
2003,Douglass,Douglass,51,False,True,enrollment_update_05_births_and_k_analysis_2017-01-24.txt,2017-01-24,10/15/2013,
2003,Eisenhower,Eisenhower,92,False,True,enrollment_update_05_births_and_k_analysis_2017-01-24.txt,2017-01-24,10/15/2013,
2003,Eldorado (K-5),Eldorado,82,False,True,enrollment_update_05_births_and_k_analysis_2017-01-24.txt,2017-01-24,10/15/2013,
2003,Emerald,Emerald,72,False,True,enrollment_update_05_births_and_k_analysis_2017-01-24.txt,2017-01-24,10/15/2013,
2003,Fireside,Fireside,44,False,True,enrollment_update_05_births_and_k_analysis_2017-01-24.txt,2017-01-24,10/15/2013,
2003,Flatirons,Flatirons,80,False,True,enrollment_update_05_births_and_k_analysis_2017-01-24.txt,2017-01-24,10/15/2013,
2003,Foothill,Foothill,120,False,True,enrollment_update_05_births_and_k_analysis_2017-01-24.txt,2017-01-24,10/15/2013,
2003,Gold Hill,Gold Hill,1,False,True,enrollment_update_05_births_and_k_analysis_2017-01-24.txt,2017-01-24,10/15/2013,
2003,Heatherwood,Heatherwood,70,False,True,enrollment_update_05_births_and_k_analysis_2017-01-24.txt,2017-01-24,10/15/2013,
2003,Jamestown,Jamestown,5,False,True,enrollment_update_05_births_and_k_analysis_2017-01-24.txt,2017-01-24,10/15/2013,
2003,Kohl,Kohl,59,False,True,enrollment_update_05_births_and_k_analysis_2017-01-24.txt,2017-01-24,10/15/2013,
2003,Lafayette,Lafayette,191,False,True,enrollment_update_05_births_and_k_analysis_2017-01-24.txt,2017-01-24,10/15/2013,
2003,Louisville,Louisville,69,False,True,enrollment_update_05_births_and_k_analysis_2017-01-24.txt,2017-01-24,10/15/2013,
2003,Mesa,Mesa,26,False,True,enrollment_update_05_births_and_k_analysis_2017-01-24.txt,2017-01-24,10/15/2013,
2003,Monarch (K-5),Monarch,45,False,True,enrollment_update_05_births_and_k_analysis_2017-01-24.txt,2017-01-24,10/15/2013,
2003,Nederland,Nederland,94,False,True,enrollment_update_05_births_and_k_analysis_2017-01-24.txt,2017-01-24,10/15/2013,
2003,Ryan,Ryan,117,False,True,enrollment_update_05_births_and_k_analysis_2017-01-24.txt,2017-01-24,10/15/2013,
2003,Sanchez,Sanchez,93,False,True,enrollment_update_05_births_and_k_analysis_2017-01-24.txt,2017-01-24,10/15/2013,
2003,Superior,Superior,96,False,True,enrollment_update_05_births_and_k_analysis_2017-01-24.txt,2017-01-24,10/15/2013,
2003,Unlocated,Unlocated,3,False,True,enrollment_update_05_births_and_k_analysis_2017-01-24.txt,2017-01-24,10/15/2013,
2003,Whittier,Whittier,142,False,True,enrollment_update_05_births_and_k_analysis_2017-01-24.txt,2017-01-24,10/15/2013,
2003,BVSD,BVSD,2221,True,True,enrollment_update_05_births_and_k_analysis_2017-01-24.txt,2017-01-24,10/15/2013,
2003,Boulder Total,Boulder Total,1020,True,True,enrollment_update_05_births_and_k_analysis_2017-01-24.txt,2017-01-24,10/15/2013,
2003,E County Total,E County Total,1016,True,True,enrollment_update_05_births_and_k_analysis_2017-01-24.txt,2017-01-24,10/15/2013,
2004,Aspen Crk,Aspen Creek,57,False,True,enrollment_update_05_births_and_k_analysis_2017-01-24.txt,2017-01-24,10/15/2013,
2004,BC-Creekside,BC-Creekside,7,False,True,enrollment_update_05_births_and_k_analysis_2017-01-24.txt,2017-01-24,10/15/2013,
2004,BC-Mesa,BC-Mesa,26,False,True,enrollment_update_05_births_and_k_analysis_2017-01-24.txt,2017-01-24,10/15/2013,
2004,Bear Creek,Bear Creek,14,False,True,enrollment_update_05_births_and_k_analysis_2017-01-24.txt,2017-01-24,10/15/2013,
2004,Birch,Birch,58,False,True,enrollment_update_05_births_and_k_analysis_2017-01-24.txt,2017-01-24,10/15/2013,
2004,Coal Creek,Coal Creek,49,False,True,enrollment_update_05_births_and_k_analysis_2017-01-24.txt,2017-01-24,10/15/2013,
2004,Columbine,Columbine,175,False,True,enrollment_update_05_births_and_k_analysis_2017-01-24.txt,2017-01-24,10/15/2013,
2004,Creekside,Creekside,145,False,True,enrollment_update_05_births_and_k_analysis_2017-01-24.txt,2017-01-24,10/15/2013,
2004,Crest View,Crest View,150,False,True,enrollment_update_05_births_and_k_analysis_2017-01-24.txt,2017-01-24,10/15/2013,
2004,Douglass,Douglass,43,False,True,enrollment_update_05_births_and_k_analysis_2017-01-24.txt,2017-01-24,10/15/2013,
2004,Eisenhower,Eisenhower,74,False,True,enrollment_update_05_births_and_k_analysis_2017-01-24.txt,2017-01-24,10/15/2013,
2004,Eldorado (K-5),Eldorado,79,False,True,enrollment_update_05_births_and_k_analysis_2017-01-24.txt,2017-01-24,10/15/2013,
2004,Emerald,Emerald,78,False,True,enrollment_update_05_births_and_k_analysis_2017-01-24.txt,2017-01-24,10/15/2013,
2004,Fireside,Fireside,63,False,True,enrollment_update_05_births_and_k_analysis_2017-01-24.txt,2017-01-24,10/15/2013,
2004,Flatirons,Flatirons,63,False,True,enrollment_update_05_births_and_k_analysis_2017-01-24.txt,2017-01-24,10/15/2013,
2004,Foothill,Foothill,100,False,True,enrollment_update_05_births_and_k_analysis_2017-01-24.txt,2017-01-24,10/15/2013,
2004,Gold Hill,Gold Hill,3,False,True,enrollment_update_05_births_and_k_analysis_2017-01-24.txt,2017-01-24,10/15/2013,
2004,Heatherwood,Heatherwood,58,False,True,enrollment_update_05_births_and_k_analysis_2017-01-24.txt,2017-01-24,10/15/2013,
2004,Jamestown,Jamestown,7,False,True,enrollment_update_05_births_and_k_analysis_2017-01-24.txt,2017-01-24,10/15/2013,
2004,Kohl,Kohl,54,False,True,enrollment_update_05_births_and_k_analysis_2017-01-24.txt,2017-01-24,10/15/2013,
2004,Lafayette,Lafayette,162,False,True,enrollment_update_05_births_and_k_analysis_2017-01-24.txt,2017-01-24,10/15/2013,
2004,Louisville,Louisville,74,False,True,enrollment_update_05_births_and_k_analysis_2017-01-24.txt,2017-01-24,10/15/2013,
2004,Mesa,Mesa,33,False,True,enrollment_update_05_births_and_k_analysis_2017-01-24.txt,2017-01-24,10/15/2013,
2004,Monarch (K-5),Monarch,47,False,True,enrollment_update_05_births_and_k_analysis_2017-01-24.txt,2017-01-24,10/15/2013,
2004,Nederland,Nederland,73,False,True,enrollment_update_05_births_and_k_analysis_2017-01-24.txt,2017-01-24,10/15/2013,
2004,Ryan,Ryan,115,False,True,enrollment_update_05_births_and_k_analysis_2017-01-24.txt,2017-01-24,10/15/2013,
2004,Sanchez,Sanchez,93,False,True,enrollment_update_05_births_and_k_analysis_2017-01-24.txt,2017-01-24,10/15/2013,
2004,Superior,Superior,76,False,True,enrollment_update_05_births_and_k_analysis_2017-01-24.txt,2017-01-24,10/15/2013,
2004,Unlocated,Unlocated,1,False,True,enrollment_update_05_births_and_k_analysis_2017-01-24.txt,2017-01-24,10/15/2013,
2004,Whittier,Whittier,136,False,True,enrollment_update_05_births_and_k_analysis_2017-01-24.txt,2017-01-24,10/15/2013,
2004,BVSD,BVSD,2113,True,True,enrollment_update_05_births_and_k_analysis_2017-01-24.txt,2017-01-24,10/15/2013,
2004,Boulder Total,Boulder Total,981,True,True,enrollment_update_05_births_and_k_analysis_2017-01-24.txt,2017-01-24,10/15/2013,
2004,E County Total,E County Total,969,True,True,enrollment_update_05_births_and_k_analysis_2017-01-24.txt,2017-01-24,10/15/2013,
2005,Aspen Crk,Aspen Creek,53,False,True,enrollment_update_05_births_and_k_analysis_2017-01-24.txt,2017-01-24,10/15/2013,
2005,BC-Creekside,BC-Creekside,6,False,True,enrollment_update_05_births_and_k_analysis_2017-01-24.txt,2017-01-24,10/15/2013,
2005,BC-Mesa,BC-Mesa,26,False,True,enrollment_update_05_births_and_k_analysis_2017-01-24.txt,2017-01-24,10/15/2013,
2005,Bear Creek,Bear Creek,26,False,True,enrollment_update_05_births_and_k_analysis_2017-01-24.txt,2017-01-24,10/15/2013,
2005,Birch,Birch,60,False,True,enrollment_update_05_births_and_k_analysis_2017-01-24.txt,2017-01-24,10/15/2013,
2005,Coal Creek,Coal Creek,51,False,True,enrollment_update_05_births_and_k_analysis_2017-01-24.txt,2017-01-24,10/15/2013,
2005,Columbine,Columbine,163,False,True,enrollment_update_05_births_and_k_analysis_2017-01-24.txt,2017-01-24,10/15/2013,
2005,Creekside,Creekside,166,False,True,enrollment_update_05_births_and_k_analysis_2017-01-24.txt,2017-01-24,10/15/2013,
2005,Crest View,Crest View,134,False,True,enrollment_update_05_births_and_k_analysis_2017-01-24.txt,2017-01-24,10/15/2013,
2005,Douglass,Douglass,44,False,True,enrollment_update_05_births_and_k_analysis_2017-01-24.txt,2017-01-24,10/15/2013,
2005,Eisenhower,Eisenhower,84,False,True,enrollment_update_05_births_and_k_analysis_2017-01-24.txt,2017-01-24,10/15/2013,
2005,Eldorado (K-5),Eldorado,76,False,True,enrollment_update_05_births_and_k_analysis_2017-01-24.txt,2017-01-24,10/15/2013,
2005,Emerald,Emerald,77,False,True,enrollment_update_05_births_and_k_analysis_2017-01-24.txt,2017-01-24,10/15/2013,
2005,Fireside,Fireside,66,False,True,enrollment_update_05_births_and_k_analysis_2017-01-24.txt,2017-01-24,10/15/2013,
2005,Flatirons,Flatirons,61,False,True,enrollment_update_05_births_and_k_analysis_2017-01-24.txt,2017-01-24,10/15/2013,
2005,Foothill,Foothill,95,False,True,enrollment_update_05_births_and_k_analysis_2017-01-24.txt,2017-01-24,10/15/2013,
2005,Gold Hill,Gold Hill,3,False,True,enrollment_update_05_births_and_k_analysis_2017-01-24.txt,2017-01-24,10/15/2013,
2005,Heatherwood,Heatherwood,70,False,True,enrollment_update_05_births_and_k_analysis_2017-01-24.txt,2017-01-24,10/15/2013,
2005,Jamestown,Jamestown,4,False,True,enrollment_update_05_births_and_k_analysis_2017-01-24.txt,2017-01-24,10/15/2013,
2005,Kohl,Kohl,50,False,True,enrollment_update_05_births_and_k_analysis_2017-01-24.txt,2017-01-24,10/15/2013,
2005,Lafayette,Lafayette,158,False,True,enrollment_update_05_births_and_k_analysis_2017-01-24.txt,2017-01-24,10/15/2013,
2005,Louisville,Louisville,65,False,True,enrollment_update_05_births_and_k_analysis_2017-01-24.txt,2017-01-24,10/15/2013,
2005,Mesa,Mesa,30,False,True,enrollment_update_05_births_and_k_analysis_2017-01-24.txt,2017-01-24,10/15/2013,
2005,Monarch (K-5),Monarch,41,False,True,enrollment_update_05_births_and_k_analysis_2017-01-24.txt,2017-01-24,10/15/2013,
2005,Nederland,Nederland,101,False,True,enrollment_update_05_births_and_k_analysis_2017-01-24.txt,2017-01-24,10/15/2013,
2005,Ryan,Ryan,122,False,True,enrollment_update_05_births_and_k_analysis_2017-01-24.txt,2017-01-24,10/15/2013,
2005,Sanchez,Sanchez,93,False,True,enrollment_update_05_births_and_k_analysis_2017-01-24.txt,2017-01-24,10/15/2013,
2005,Superior,Superior,70,False,True,enrollment_update_05_births_and_k_analysis_2017-01-24.txt,2017-01-24,10/15/2013,
2005,Unlocated,Unlocated,0,False,True,enrollment_update_05_births_and_k_analysis_2017-01-24.txt,2017-01-24,10/15/2013,
2005,Whittier,Whittier,114,False,True,enrollment_update_05_births_and_k_analysis_2017-01-24.txt,2017-01-24,10/15/2013,
2005,BVSD,BVSD,2109,True,True,enrollment_update_05_births_and_k_analysis_2017-01-24.txt,2017-01-24,10/15/2013,
2005,Boulder Total,Boulder Total,975,True,True,enrollment_update_05_births_and_k_analysis_2017-01-24.txt,2017-01-24,10/15/2013,
2005,E County Total,E County Total,950,True,True,enrollment_update_05_births_and_k_analysis_2017-01-24.txt,2017-01-24,10/15/2013,
2006,Aspen Crk,Aspen Creek,62,False,True,enrollment_update_05_births_and_k_analysis_2017-01-24.txt,2017-01-24,10/15/2013,
2006,BC-Creekside,BC-Creekside,3,False,True,enrollment_update_05_births_and_k_analysis_2017-01-24.txt,2017-01-24,10/15/2013,
2006,BC-Mesa,BC-Mesa,21,False,True,enrollment_update_05_births_and_k_analysis_2017-01-24.txt,2017-01-24,10/15/2013,
2006,Bear Creek,Bear Creek,17,False,True,enrollment_update_05_births_and_k_analysis_2017-01-24.txt,2017-01-24,10/15/2013,
2006,Birch,Birch,64,False,True,enrollment_update_05_births_and_k_analysis_2017-01-24.txt,2017-01-24,10/15/2013,
2006,Coal Creek,Coal Creek,72,False,True,enrollment_update_05_births_and_k_analysis_2017-01-24.txt,2017-01-24,10/15/2013,
2006,Columbine,Columbine,168,False,True,enrollment_update_05_births_and_k_analysis_2017-01-24.txt,2017-01-24,10/15/2013,
2006,Creekside,Creekside,145,False,True,enrollment_update_05_births_and_k_analysis_2017-01-24.txt,2017-01-24,10/15/2013,
2006,Crest View,Crest View,115,False,True,enrollment_update_05_births_and_k_analysis_2017-01-24.txt,2017-01-24,10/15/2013,
2006,Douglass,Douglass,47,False,True,enrollment_update_05_births_and_k_analysis_2017-01-24.txt,2017-01-24,10/15/2013,
2006,Eisenhower,Eisenhower,81,False,True,enrollment_update_05_births_and_k_analysis_2017-01-24.txt,2017-01-24,10/15/2013,
2006,Eldorado (K-5),Eldorado,78,False,True,enrollment_update_05_births_and_k_analysis_2017-01-24.txt,2017-01-24,10/15/2013,
2006,Emerald,Emerald,96,False,True,enrollment_update_05_births_and_k_analysis_2017-01-24.txt,2017-01-24,10/15/2013,
2006,Fireside,Fireside,57,False,True,enrollment_update_05_births_and_k_analysis_2017-01-24.txt,2017-01-24,10/15/2013,
2006,Flatirons,Flatirons,58,False,True,enrollment_update_05_births_and_k_analysis_2017-01-24.txt,2017-01-24,10/15/2013,
2006,Foothill,Foothill,115,False,True,enrollment_update_05_births_and_k_analysis_2017-01-24.txt,2017-01-24,10/15/2013,
2006,Gold Hill,Gold Hill,1,False,True,enrollment_update_05_births_and_k_analysis_2017-01-24.txt,2017-01-24,10/15/2013,
2006,Heatherwood,Heatherwood,64,False,True,enrollment_update_05_births_and_k_analysis_2017-01-24.txt,2017-01-24,10/15/2013,
2006,Jamestown,Jamestown,6,False,True,enrollment_update_05_births_and_k_analysis_2017-01-24.txt,2017-01-24,10/15/2013,
2006,Kohl,Kohl,50,False,True,enrollment_update_05_births_and_k_analysis_2017-01-24.txt,2017-01-24,10/15/2013,
2006,Lafayette,Lafayette,165,False,True,enrollment_update_05_births_and_k_analysis_2017-01-24.txt,2017-01-24,10/15/2013,
2006,Louisville,Louisville,68,False,True,enrollment_update_05_births_and_k_analysis_2017-01-24.txt,2017-01-24,10/15/2013,
2006,Mesa,Mesa,19,False,True,enrollment_update_05_births_and_k_analysis_2017-01-24.txt,2017-01-24,10/15/2013,
2006,Monarch (K-5),Monarch,45,False,True,enrollment_update_05_births_and_k_analysis_2017-01-24.txt,2017-01-24,10/15/2013,
2006,Nederland,Nederland,84,False,True,enrollment_update_05_births_and_k_analysis_2017-01-24.txt,2017-01-24,10/15/2013,
2006,Ryan,Ryan,117,False,True,enrollment_update_05_births_and_k_analysis_2017-01-24.txt,2017-01-24,10/15/2013,
2006,Sanchez,Sanchez,111,False,True,enrollment_update_05_births_and_k_analysis_2017-01-24.txt,2017-01-24,10/15/2013,
2006,Superior,Superior,59,False,True,enrollment_update_05_births_and_k_analysis_2017-01-24.txt,2017-01-24,10/15/2013,
2006,Unlocated,Unlocated,3,False,True,enrollment_update_05_births_and_k_analysis_2017-01-24.txt,2017-01-24,10/15/2013,
2006,Whittier,Whittier,114,False,True,enrollment_update_05_births_and_k_analysis_2017-01-24.txt,2017-01-24,10/15/2013,
2006,BVSD,BVSD,2105,True,True,enrollment_update_05_births_and_k_analysis_2017-01-24.txt,2017-01-24,10/15/2013,
2006,Boulder Total,Boulder Total,920,True,True,enrollment_update_05_births_and_k_analysis_2017-01-24.txt,2017-01-24,10/15/2013,
2006,E County Total,E County Total,1013,True,True,enrollment_update_05_births_and_k_analysis_2017-01-24.txt,2017-01-24,10/15/2013,
2007,Aspen Crk,Aspen Creek,52,False,True,enrollment_update_05_births_and_k_analysis_2017-01-24.txt,2017-01-24,10/15/2013,
2007,BC-Creekside,BC-Creekside,5,False,True,enrollment_update_05_births_and_k_analysis_2017-01-24.txt,2017-01-24,10/15/2013,
2007,BC-Mesa,BC-Mesa,22,False,True,enrollment_update_05_births_and_k_analysis_2017-01-24.txt,2017-01-24,10/15/2013,
2007,Bear Creek,Bear Creek,23,False,True,enrollment_update_05_births_and_k_analysis_2017-01-24.txt,2017-01-24,10/15/2013,
2007,Birch,Birch,52,False,True,enrollment_update_05_births_and_k_analysis_2017-01-24.txt,2017-01-24,10/15/2013,
2007,Coal Creek,Coal Creek,55,False,True,enrollment_update_05_births_and_k_analysis_2017-01-24.txt,2017-01-24,10/15/2013,
2007,Columbine,Columbine,157,False,True,enrollment_update_05_births_and_k_analysis_2017-01-24.txt,2017-01-24,10/15/2013,
2007,Creekside,Creekside,156,False,True,enrollment_update_05_births_and_k_analysis_2017-01-24.txt,2017-01-24,10/15/2013,
2007,Crest View,Crest View,144,False,True,enrollment_update_05_births_and_k_analysis_2017-01-24.txt,2017-01-24,10/15/2013,
2007,Douglass,Douglass,54,False,True,enrollment_update_05_births_and_k_analysis_2017-01-24.txt,2017-01-24,10/15/2013,
2007,Eisenhower,Eisenhower,100,False,True,enrollment_update_05_births_and_k_analysis_2017-01-24.txt,2017-01-24,10/15/2013,
2007,Eldorado (K-5),Eldorado,65,False,True,enrollment_update_05_births_and_k_analysis_2017-01-24.txt,2017-01-24,10/15/2013,
2007,Emerald,Emerald,89,False,True,enrollment_update_05_births_and_k_analysis_2017-01-24.txt,2017-01-24,10/15/2013,
2007,Fireside,Fireside,47,False,True,enrollment_update_05_births_and_k_analysis_2017-01-24.txt,2017-01-24,10/15/2013,
2007,Flatirons,Flatirons,56,False,True,enrollment_update_05_births_and_k_analysis_2017-01-24.txt,2017-01-24,10/15/2013,
2007,Foothill,Foothill,84,False,True,enrollment_update_05_births_and_k_analysis_2017-01-24.txt,2017-01-24,10/15/2013,
2007,Gold Hill,Gold Hill,1,False,True,enrollment_update_05_births_and_k_analysis_2017-01-24.txt,2017-01-24,10/15/2013,
2007,Heatherwood,Heatherwood,69,False,True,enrollment_update_05_births_and_k_analysis_2017-01-24.txt,2017-01-24,10/15/2013,
2007,Jamestown,Jamestown,2,False,True,enrollment_update_05_births_and_k_analysis_2017-01-24.txt,2017-01-24,10/15/2013,
2007,Kohl,Kohl,45,False,True,enrollment_update_05_births_and_k_analysis_2017-01-24.txt,2017-01-24,10/15/2013,
2007,Lafayette,Lafayette,147,False,True,enrollment_update_05_births_and_k_analysis_2017-01-24.txt,2017-01-24,10/15/2013,
2007,Louisville,Louisville,90,False,True,enrollment_update_05_births_and_k_analysis_2017-01-24.txt,2017-01-24,10/15/2013,
2007,Mesa,Mesa,31,False,True,enrollment_update_05_births_and_k_analysis_2017-01-24.txt,2017-01-24,10/15/2013,
2007,Monarch (K-5),Monarch,57,False,True,enrollment_update_05_births_and_k_analysis_2017-01-24.txt,2017-01-24,10/15/2013,
2007,Nederland,Nederland,65,False,True,enrollment_update_05_births_and_k_analysis_2017-01-24.txt,2017-01-24,10/15/2013,
2007,Ryan,Ryan,124,False,True,enrollment_update_05_births_and_k_analysis_2017-01-24.txt,2017-01-24,10/15/2013,
2007,Sanchez,Sanchez,96,False,True,enrollment_update_05_births_and_k_analysis_2017-01-24.txt,2017-01-24,10/15/2013,
2007,Superior,Superior,55,False,True,enrollment_update_05_births_and_k_analysis_2017-01-24.txt,2017-01-24,10/15/2013,
2007,Unlocated,Unlocated,0,False,True,enrollment_update_05_births_and_k_analysis_2017-01-24.txt,2017-01-24,10/15/2013,
2007,Whittier,Whittier,115,False,True,enrollment_update_05_births_and_k_analysis_2017-01-24.txt,2017-01-24,10/15/2013,
2007,BVSD,BVSD,2058,True,True,enrollment_update_05_births_and_k_analysis_2017-01-24.txt,2017-01-24,10/15/2013,
2007,Boulder Total,Boulder Total,962,True,True,enrollment_update_05_births_and_k_analysis_2017-01-24.txt,2017-01-24,10/15/2013,
2007,E County Total,E County Total,963,True,True,enrollment_update_05_births_and_k_analysis_2017-01-24.txt,2017-01-24,10/15/2013,
2008,Aspen Crk,Aspen Creek,56,False,True,enrollment_update_05_births_and_k_analysis_2017-01-24.txt,2017-01-24,10/15/2013,
2008,BC-Creekside,BC-Creekside,6,False,True,enrollment_update_05_births_and_k_analysis_2017-01-24.txt,2017-01-24,10/15/2013,
2008,BC-Mesa,BC-Mesa,27,False,True,enrollment_update_05_births_and_k_analysis_2017-01-24.txt,2017-01-24,10/15/2013,
2008,Bear Creek,Bear Creek,18,False,True,enrollment_update_05_births_and_k_analysis_2017-01-24.txt,2017-01-24,10/15/2013,
2008,Birch,Birch,60,False,True,enrollment_update_05_births_and_k_analysis_2017-01-24.txt,2017-01-24,10/15/2013,
2008,Coal Creek,Coal Creek,54,False,True,enrollment_update_05_births_and_k_analysis_2017-01-24.txt,2017-01-24,10/15/2013,
2008,Columbine,Columbine,155,False,True,enrollment_update_05_births_and_k_analysis_2017-01-24.txt,2017-01-24,10/15/2013,
2008,Creekside,Creekside,176,False,True,enrollment_update_05_births_and_k_analysis_2017-01-24.txt,2017-01-24,10/15/2013,
2008,Crest View,Crest View,114,False,True,enrollment_update_05_births_and_k_analysis_2017-01-24.txt,2017-01-24,10/15/2013,
2008,Douglass,Douglass,57,False,True,enrollment_update_05_births_and_k_analysis_2017-01-24.txt,2017-01-24,10/15/2013,
2008,Eisenhower,Eisenhower,82,False,True,enrollment_update_05_births_and_k_analysis_2017-01-24.txt,2017-01-24,10/15/2013,
2008,Eldorado (K-5),Eldorado,61,False,True,enrollment_update_05_births_and_k_analysis_2017-01-24.txt,2017-01-24,10/15/2013,
2008,Emerald,Emerald,95,False,True,enrollment_update_05_births_and_k_analysis_2017-01-24.txt,2017-01-24,10/15/2013,
2008,Fireside,Fireside,53,False,True,enrollment_update_05_births_and_k_analysis_2017-01-24.txt,2017-01-24,10/15/2013,
2008,Flatirons,Flatirons,53,False,True,enrollment_update_05_births_and_k_analysis_2017-01-24.txt,2017-01-24,10/15/2013,
2008,Foothill,Foothill,119,False,True,enrollment_update_05_births_and_k_analysis_2017-01-24.txt,2017-01-24,10/15/2013,
2008,Gold Hill,Gold Hill,1,False,True,enrollment_update_05_births_and_k_analysis_2017-01-24.txt,2017-01-24,10/15/2013,
2008,Heatherwood,Heatherwood,54,False,True,enrollment_update_05_births_and_k_analysis_2017-01-24.txt,2017-01-24,10/15/2013,
2008,Jamestown,Jamestown,5,False,True,enrollment_update_05_births_and_k_analysis_2017-01-24.txt,2017-01-24,10/15/2013,
2008,Kohl,Kohl,57,False,True,enrollment_update_05_births_and_k_analysis_2017-01-24.txt,2017-01-24,10/15/2013,
2008,Lafayette,Lafayette,152,False,True,enrollment_update_05_births_and_k_analysis_2017-01-24.txt,2017-01-24,10/15/2013,
2008,Louisville,Louisville,77,False,True,enrollment_update_05_births_and_k_analysis_2017-01-24.txt,2017-01-24,10/15/2013,
2008,Mesa,Mesa,25,False,True,enrollment_update_05_births_and_k_analysis_2017-01-24.txt,2017-01-24,10/15/2013,
2008,Monarch (K-5),Monarch,45,False,True,enrollment_update_05_births_and_k_analysis_2017-01-24.txt,2017-01-24,10/15/2013,
2008,Nederland,Nederland,63,False,True,enrollment_update_05_births_and_k_analysis_2017-01-24.txt,2017-01-24,10/15/2013,
2008,Ryan,Ryan,114,False,True,enrollment_update_05_births_and_k_analysis_2017-01-24.txt,2017-01-24,10/15/2013,
2008,Sanchez,Sanchez,89,False,True,enrollment_update_05_births_and_k_analysis_2017-01-24.txt,2017-01-24,10/15/2013,
2008,Superior,Superior,58,False,True,enrollment_update_05_births_and_k_analysis_2017-01-24.txt,2017-01-24,10/15/2013,
2008,Unlocated,Unlocated,0,False,True,enrollment_update_05_births_and_k_analysis_2017-01-24.txt,2017-01-24,10/15/2013,
2008,Whittier,Whittier,110,False,True,enrollment_update_05_births_and_k_analysis_2017-01-24.txt,2017-01-24,10/15/2013,
2008,BVSD,BVSD,2036,True,True,enrollment_update_05_births_and_k_analysis_2017-01-24.txt,2017-01-24,10/15/2013,
2008,Boulder Total,Boulder Total,939,True,True,enrollment_update_05_births_and_k_analysis_2017-01-24.txt,2017-01-24,10/15/2013,
2008,E County Total,E County Total,967,True,True,enrollment_update_05_births_and_k_analysis_2017-01-24.txt,2017-01-24,10/15/2013,
2009,Aspen Crk,Aspen Creek,65,False,True,enrollment_update_05_births_and_k_analysis_2017-01-24.txt,2017-01-24,10/15/2013,
2009,BC-Creekside,BC-Creekside,2,False,True,enrollment_update_05_births_and_k_analysis_2017-01-24.txt,2017-01-24,10/15/2013,
2009,BC-Mesa,BC-Mesa,25,False,True,enrollment_update_05_births_and_k_analysis_2017-01-24.txt,2017-01-24,10/15/2013,
2009,Bear Creek,Bear Creek,25,False,True,enrollment_update_05_births_and_k_analysis_2017-01-24.txt,2017-01-24,10/15/2013,
2009,Birch,Birch,46,False,True,enrollment_update_05_births_and_k_analysis_2017-01-24.txt,2017-01-24,10/15/2013,
2009,Coal Creek,Coal Creek,68,False,True,enrollment_update_05_births_and_k_analysis_2017-01-24.txt,2017-01-24,10/15/2013,
2009,Columbine,Columbine,153,False,True,enrollment_update_05_births_and_k_analysis_2017-01-24.txt,2017-01-24,10/15/2013,
2009,Creekside,Creekside,159,False,True,enrollment_update_05_births_and_k_analysis_2017-01-24.txt,2017-01-24,10/15/2013,
2009,Crest View,Crest View,165,False,True,enrollment_update_05_births_and_k_analysis_2017-01-24.txt,2017-01-24,10/15/2013,
2009,Douglass,Douglass,47,False,True,enrollment_update_05_births_and_k_analysis_2017-01-24.txt,2017-01-24,10/15/2013,
2009,Eisenhower,Eisenhower,75,False,True,enrollment_update_05_births_and_k_analysis_2017-01-24.txt,2017-01-24,10/15/2013,
2009,Eldorado (K-5),Eldorado,58,False,True,enrollment_update_05_births_and_k_analysis_2017-01-24.txt,2017-01-24,10/15/2013,
2009,Emerald,Emerald,77,False,True,enrollment_update_05_births_and_k_analysis_2017-01-24.txt,2017-01-24,10/15/2013,
2009,Fireside,Fireside,39,False,True,enrollment_update_05_births_and_k_analysis_2017-01-24.txt,2017-01-24,10/15/2013,
2009,Flatirons,Flatirons,47,False,True,enrollment_update_05_births_and_k_analysis_2017-01-24.txt,2017-01-24,10/15/2013,
2009,Foothill,Foothill,92,False,True,enrollment_update_05_births_and_k_analysis_2017-01-24.txt,2017-01-24,10/15/2013,
2009,Gold Hill,Gold Hill,0,False,True,enrollment_update_05_births_and_k_analysis_2017-01-24.txt,2017-01-24,10/15/2013,
2009,Heatherwood,Heatherwood,77,False,True,enrollment_update_05_births_and_k_analysis_2017-01-24.txt,2017-01-24,10/15/2013,
2009,Jamestown,Jamestown,4,False,True,enrollment_update_05_births_and_k_analysis_2017-01-24.txt,2017-01-24,10/15/2013,
2009,Kohl,Kohl,48,False,True,enrollment_update_05_births_and_k_analysis_2017-01-24.txt,2017-01-24,10/15/2013,
2009,Lafayette,Lafayette,142,False,True,enrollment_update_05_births_and_k_analysis_2017-01-24.txt,2017-01-24,10/15/2013,
2009,Louisville,Louisville,72,False,True,enrollment_update_05_births_and_k_analysis_2017-01-24.txt,2017-01-24,10/15/2013,
2009,Mesa,Mesa,31,False,True,enrollment_update_05_births_and_k_analysis_2017-01-24.txt,2017-01-24,10/15/2013,
2009,Monarch (K-5),Monarch,55,False,True,enrollment_update_05_births_and_k_analysis_2017-01-24.txt,2017-01-24,10/15/2013,
2009,Nederland,Nederland,63,False,True,enrollment_update_05_births_and_k_analysis_2017-01-24.txt,2017-01-24,10/15/2013,
2009,Ryan,Ryan,121,False,True,enrollment_update_05_births_and_k_analysis_2017-01-24.txt,2017-01-24,10/15/2013,
2009,Sanchez,Sanchez,92,False,True,enrollment_update_05_births_and_k_analysis_2017-01-24.txt,2017-01-24,10/15/2013,
2009,Superior,Superior,48,False,True,enrollment_update_05_births_and_k_analysis_2017-01-24.txt,2017-01-24,10/15/2013,
2009,Unlocated,Unlocated,1,False,True,enrollment_update_05_births_and_k_analysis_2017-01-24.txt,2017-01-24,10/15/2013,
2009,Whittier,Whittier,115,False,True,enrollment_update_05_births_and_k_analysis_2017-01-24.txt,2017-01-24,10/15/2013,
2009,BVSD,BVSD,2012,True,True,enrollment_update_05_births_and_k_analysis_2017-01-24.txt,2017-01-24,10/15/2013,
2009,Boulder Total,Boulder Total,966,True,True,enrollment_update_05_births_and_k_analysis_2017-01-24.txt,2017-01-24,10/15/2013,
2009,E County Total,E County Total,920,True,True,enrollment_update_05_births_and_k_analysis_2017-01-24.txt,2017-01-24,10/15/2013,
2010,Aspen Crk,Aspen Creek,56,False,True,enrollment_update_05_births_and_k_analysis_2017-01-24.txt,2017-01-24,10/15/2013,
2010,BC-Creekside,BC-Creekside,2,False,True,enrollment_update_05_births_and_k_analysis_2017-01-24.txt,2017-01-24,10/15/2013,
2010,BC-Mesa,BC-Mesa,31,False,True,enrollment_update_05_births_and_k_analysis_2017-01-24.txt,2017-01-24,10/15/2013,
2010,Bear Creek,Bear Creek,31,False,True,enrollment_update_05_births_and_k_analysis_2017-01-24.txt,2017-01-24,10/15/2013,
2010,Birch,Birch,56,False,True,enrollment_update_05_births_and_k_analysis_2017-01-24.txt,2017-01-24,10/15/2013,
2010,Coal Creek,Coal Creek,68,False,True,enrollment_update_05_births_and_k_analysis_2017-01-24.txt,2017-01-24,10/15/2013,
2010,Columbine,Columbine,135,False,True,enrollment_update_05_births_and_k_analysis_2017-01-24.txt,2017-01-24,10/15/2013,
2010,Creekside,Creekside,150,False,True,enrollment_update_05_births_and_k_analysis_2017-01-24.txt,2017-01-24,10/15/2013,
2010,Crest View,Crest View,135,False,True,enrollment_update_05_births_and_k_analysis_2017-01-24.txt,2017-01-24,10/15/2013,
2010,Douglass,Douglass,47,False,True,enrollment_update_05_births_and_k_analysis_2017-01-24.txt,2017-01-24,10/15/2013,
2010,Eisenhower,Eisenhower,76,False,True,enrollment_update_05_births_and_k_analysis_2017-01-24.txt,2017-01-24,10/15/2013,
2010,Eldorado (K-5),Eldorado,46,False,True,enrollment_update_05_births_and_k_analysis_2017-01-24.txt,2017-01-24,10/15/2013,
2010,Emerald,Emerald,79,False,True,enrollment_update_05_births_and_k_analysis_2017-01-24.txt,2017-01-24,10/15/2013,
2010,Fireside,Fireside,48,False,True,enrollment_update_05_births_and_k_analysis_2017-01-24.txt,2017-01-24,10/15/2013,
2010,Flatirons,Flatirons,48,False,True,enrollment_update_05_births_and_k_analysis_2017-01-24.txt,2017-01-24,10/15/2013,
2010,Foothill,Foothill,80,False,True,enrollment_update_05_births_and_k_analysis_2017-01-24.txt,2017-01-24,10/15/2013,
2010,Gold Hill,Gold Hill,2,False,True,enrollment_update_05_births_and_k_analysis_2017-01-24.txt,2017-01-24,10/15/2013,
2010,Heatherwood,Heatherwood,64,False,True,enrollment_update_05_births_and_k_analysis_2017-01-24.txt,2017-01-24,10/15/2013,
2010,Jamestown,Jamestown,3,False,True,enrollment_update_05_births_and_k_analysis_2017-01-24.txt,2017-01-24,10/15/2013,
2010,Kohl,Kohl,42,False,True,enrollment_update_05_births_and_k_analysis_2017-01-24.txt,2017-01-24,10/15/2013,
2010,Lafayette,Lafayette,145,False,True,enrollment_update_05_births_and_k_analysis_2017-01-24.txt,2017-01-24,10/15/2013,
2010,Louisville,Louisville,59,False,True,enrollment_update_05_births_and_k_analysis_2017-01-24.txt,2017-01-24,10/15/2013,
2010,Mesa,Mesa,23,False,True,enrollment_update_05_births_and_k_analysis_2017-01-24.txt,2017-01-24,10/15/2013,
2010,Monarch (K-5),Monarch,60,False,True,enrollment_update_05_births_and_k_analysis_2017-01-24.txt,2017-01-24,10/15/2013,
2010,Nederland,Nederland,62,False,True,enrollment_update_05_births_and_k_analysis_2017-01-24.txt,2017-01-24,10/15/2013,
2010,Ryan,Ryan,99,False,True,enrollment_update_05_births_and_k_analysis_2017-01-24.txt,2017-01-24,10/15/2013,
2010,Sanchez,Sanchez,87,False,True,enrollment_update_05_births_and_k_analysis_2017-01-24.txt,2017-01-24,10/15/2013,
2010,Superior,Superior,52,False,True,enrollment_update_05_births_and_k_analysis_2017-01-24.txt,2017-01-24,10/15/2013,
2010,Unlocated,Unlocated,0,False,True,enrollment_update_05_births_and_k_analysis_2017-01-24.txt,2017-01-24,10/15/2013,
2010,Whittier,Whittier,105,False,True,enrollment_update_05_births_and_k_analysis_2017-01-24.txt,2017-01-24,10/15/2013,
2010,BVSD,BVSD,1891,True,True,enrollment_update_05_births_and_k_analysis_2017-01-24.txt,2017-01-24,10/15/2013,
2010,Boulder Total,Boulder Total,880,True,True,enrollment_update_05_births_and_k_analysis_2017-01-24.txt,2017-01-24,10/15/2013,
2010,E County Total,E County Total,898,True,True,enrollment_update_05_births_and_k_analysis_2017-01-24.txt,2017-01-24,10/15/2013,
2011,Aspen Crk,Aspen Creek,51,False,True,enrollment_update_05_births_and_k_analysis_2017-01-24.txt,2017-01-24,10/15/2013,
2011,BC-Creekside,BC-Creekside,2,False,True,enrollment_update_05_births_and_k_analysis_2017-01-24.txt,2017-01-24,10/15/2013,
2011,BC-Mesa,BC-Mesa,24,False,True,enrollment_update_05_births_and_k_analysis_2017-01-24.txt,2017-01-24,10/15/2013,
2011,Bear Creek,Bear Creek,20,False,True,enrollment_update_05_births_and_k_analysis_2017-01-24.txt,2017-01-24,10/15/2013,
2011,Birch,Birch,49,False,True,enrollment_update_05_births_and_k_analysis_2017-01-24.txt,2017-01-24,10/15/2013,
2011,Coal Creek,Coal Creek,51,False,True,enrollment_update_05_births_and_k_analysis_2017-01-24.txt,2017-01-24,10/15/2013,
2011,Columbine,Columbine,155,False,True,enrollment_update_05_births_and_k_analysis_2017-01-24.txt,2017-01-24,10/15/2013,
2011,Creekside,Creekside,130,False,True,enrollment_update_05_births_and_k_analysis_2017-01-24.txt,2017-01-24,10/15/2013,
2011,Crest View,Crest View,123,False,True,enrollment_update_05_births_and_k_analysis_2017-01-24.txt,2017-01-24,10/15/2013,
2011,Douglass,Douglass,38,False,True,enrollment_update_05_births_and_k_analysis_2017-01-24.txt,2017-01-24,10/15/2013,
2011,Eisenhower,Eisenhower,91,False,True,enrollment_update_05_births_and_k_analysis_2017-01-24.txt,2017-01-24,10/15/2013,
2011,Eldorado (K-5),Eldorado,40,False,True,enrollment_update_05_births_and_k_analysis_2017-01-24.txt,2017-01-24,10/15/2013,
2011,Emerald,Emerald,73,False,True,enrollment_update_05_births_and_k_analysis_2017-01-24.txt,2017-01-24,10/15/2013,
2011,Fireside,Fireside,57,False,True,enrollment_update_05_births_and_k_analysis_2017-01-24.txt,2017-01-24,10/15/2013,
2011,Flatirons,Flatirons,47,False,True,enrollment_update_05_births_and_k_analysis_2017-01-24.txt,2017-01-24,10/15/2013,
2011,Foothill,Foothill,83,False,True,enrollment_update_05_births_and_k_analysis_2017-01-24.txt,2017-01-24,10/15/2013,
2011,Gold Hill,Gold Hill,2,False,True,enrollment_update_05_births_and_k_analysis_2017-01-24.txt,2017-01-24,10/15/2013,
2011,Heatherwood,Heatherwood,62,False,True,enrollment_update_05_births_and_k_analysis_2017-01-24.txt,2017-01-24,10/15/2013,
2011,Jamestown,Jamestown,4,False,True,enrollment_update_05_births_and_k_analysis_2017-01-24.txt,2017-01-24,10/15/2013,
2011,Kohl,Kohl,55,False,True,enrollment_update_05_births_and_k_analysis_2017-01-24.txt,2017-01-24,10/15/2013,
2011,Lafayette,Lafayette,162,False,True,enrollment_update_05_births_and_k_analysis_2017-01-24.txt,2017-01-24,10/15/2013,
2011,Louisville,Louisville,80,False,True,enrollment_update_05_births_and_k_analysis_2017-01-24.txt,2017-01-24,10/15/2013,
2011,Mesa,Mesa,16,False,True,enrollment_update_05_births_and_k_analysis_2017-01-24.txt,2017-01-24,10/15/2013,
2011,Monarch (K-5),Monarch,59,False,True,enrollment_update_05_births_and_k_analysis_2017-01-24.txt,2017-01-24,10/15/2013,
2011,Nederland,Nederland,53,False,True,enrollment_update_05_births_and_k_analysis_2017-01-24.txt,2017-01-24,10/15/2013,
2011,Ryan,Ryan,99,False,True,enrollment_update_05_births_and_k_analysis_2017-01-24.txt,2017-01-24,10/15/2013,
2011,Sanchez,Sanchez,81,False,True,enrollment_update_05_births_and_k_analysis_2017-01-24.txt,2017-01-24,10/15/2013,
2011,Superior,Superior,35,False,True,enrollment_update_05_births_and_k_analysis_2017-01-24.txt,2017-01-24,10/15/2013,
2011,Unlocated,Unlocated,0,False,True,enrollment_update_05_births_and_k_analysis_2017-01-24.txt,2017-01-24,10/15/2013,
2011,Whittier,Whittier,87,False,True,enrollment_update_05_births_and_k_analysis_2017-01-24.txt,2017-01-24,10/15/2013,
2011,BVSD,BVSD,1829,True,True,enrollment_update_05_births_and_k_analysis_2017-01-24.txt,2017-01-24,10/15/2013,
2011,Boulder Total,Boulder Total,840,True,True,enrollment_update_05_births_and_k_analysis_2017-01-24.txt,2017-01-24,10/15/2013,
2011,E County Total,E County Total,890,True,True,enrollment_update_05_births_and_k_analysis_2017-01-24.txt,2017-01-24,10/15/2013,
2012,Aspen Crk,Aspen Creek,61,False,True,enrollment_update_05_births_and_k_analysis_2017-01-24.txt,2017-01-24,10/15/2013,
2012,BC-Creekside,BC-Creekside,8,False,True,enrollment_update_05_births_and_k_analysis_2017-01-24.txt,2017-01-24,10/15/2013,
2012,BC-Mesa,BC-Mesa,26,False,True,enrollment_update_05_births_and_k_analysis_2017-01-24.txt,2017-01-24,10/15/2013,
2012,Bear Creek,Bear Creek,19,False,True,enrollment_update_05_births_and_k_analysis_2017-01-24.txt,2017-01-24,10/15/2013,
2012,Birch,Birch,43,False,True,enrollment_update_05_births_and_k_analysis_2017-01-24.txt,2017-01-24,10/15/2013,
2012,Coal Creek,Coal Creek,66,False,True,enrollment_update_05_births_and_k_analysis_2017-01-24.txt,2017-01-24,10/15/2013,
2012,Columbine,Columbine,132,False,True,enrollment_update_05_births_and_k_analysis_2017-01-24.txt,2017-01-24,10/15/2013,
2012,Creekside,Creekside,157,False,True,enrollment_update_05_births_and_k_analysis_2017-01-24.txt,2017-01-24,10/15/2013,
2012,Crest View,Crest View,147,False,True,enrollment_update_05_births_and_k_analysis_2017-01-24.txt,2017-01-24,10/15/2013,
2012,Douglass,Douglass,52,False,True,enrollment_update_05_births_and_k_analysis_2017-01-24.txt,2017-01-24,10/15/2013,
2012,Eisenhower,Eisenhower,83,False,True,enrollment_update_05_births_and_k_analysis_2017-01-24.txt,2017-01-24,10/15/2013,
2012,Eldorado (K-5),Eldorado,41,False,True,enrollment_update_05_births_and_k_analysis_2017-01-24.txt,2017-01-24,10/15/2013,
2012,Emerald,Emerald,90,False,True,enrollment_update_05_births_and_k_analysis_2017-01-24.txt,2017-01-24,10/15/2013,
2012,Fireside,Fireside,45,False,True,enrollment_update_05_births_and_k_analysis_2017-01-24.txt,2017-01-24,10/15/2013,
2012,Flatirons,Flatirons,44,False,True,enrollment_update_05_births_and_k_analysis_2017-01-24.txt,2017-01-24,10/15/2013,
2012,Foothill,Foothill,84,False,True,enrollment_update_05_births_and_k_analysis_2017-01-24.txt,2017-01-24,10/15/2013,
2012,Gold Hill,Gold Hill,1,False,True,enrollment_update_05_births_and_k_analysis_2017-01-24.txt,2017-01-24,10/15/2013,
2012,Heatherwood,Heatherwood,71,False,True,enrollment_update_05_births_and_k_analysis_2017-01-24.txt,2017-01-24,10/15/2013,
2012,Jamestown,Jamestown,6,False,True,enrollment_update_05_births_and_k_analysis_2017-01-24.txt,2017-01-24,10/15/2013,
2012,Kohl,Kohl,59,False,True,enrollment_update_05_births_and_k_analysis_2017-01-24.txt,2017-01-24,10/15/2013,
2012,Lafayette,Lafayette,132,False,True,enrollment_update_05_births_and_k_analysis_2017-01-24.txt,2017-01-24,10/15/2013,
2012,Louisville,Louisville,85,False,True,enrollment_update_05_births_and_k_analysis_2017-01-24.txt,2017-01-24,10/15/2013,
2012,Mesa,Mesa,23,False,True,enrollment_update_05_births_and_k_analysis_2017-01-24.txt,2017-01-24,10/15/2013,
2012,Monarch (K-5),Monarch,60,False,True,enrollment_update_05_births_and_k_analysis_2017-01-24.txt,2017-01-24,10/15/2013,
2012,Nederland,Nederland,48,False,True,enrollment_update_05_births_and_k_analysis_2017-01-24.txt,2017-01-24,10/15/2013,
2012,Ryan,Ryan,143,False,True,enrollment_update_05_births_and_k_analysis_2017-01-24.txt,2017-01-24,10/15/2013,
2012,Sanchez,Sanchez,83,False,True,enrollment_update_05_births_and_k_analysis_2017-01-24.txt,2017-01-24,10/15/2013,
2012,Superior,Superior,28,False,True,enrollment_update_05_births_and_k_analysis_2017-01-24.txt,2017-01-24,10/15/2013,
2012,Unlocated,Unlocated,0,False,True,enrollment_update_05_births_and_k_analysis_2017-01-24.txt,2017-01-24,10/15/2013,
2012,Whittier,Whittier,119,False,True,enrollment_update_05_births_and_k_analysis_2017-01-24.txt,2017-01-24,10/15/2013,
2012,BVSD,BVSD,1956,True,True,enrollment_update_05_births_and_k_analysis_2017-01-24.txt,2017-01-24,10/15/2013,
2012,Boulder Total,Boulder Total,913,True,True,enrollment_update_05_births_and_k_analysis_2017-01-24.txt,2017-01-24,10/15/2013,
2012,E County Total,E County Total,947,True,True,enrollment_update_05_births_and_k_analysis_2017-01-24.txt,2017-01-24,10/15/2013,
2013,Aspen Crk,Aspen Creek,67,False,True,enrollment_update_05_births_and_k_analysis_2017-01-24.txt,2017-01-24,10/15/2013,
2013,BC-Creekside,BC-Creekside,3,False,True,enrollment_update_05_births_and_k_analysis_2017-01-24.txt,2017-01-24,10/15/2013,
2013,BC-Mesa,BC-Mesa,23,False,True,enrollment_update_05_births_and_k_analysis_2017-01-24.txt,2017-01-24,10/15/2013,
2013,Bear Creek,Bear Creek,25,False,True,enrollment_update_05_births_and_k_analysis_2017-01-24.txt,2017-01-24,10/15/2013,
2013,Birch,Birch,65,False,True,enrollment_update_05_births_and_k_analysis_2017-01-24.txt,2017-01-24,10/15/2013,
2013,Coal Creek,Coal Creek,60,False,True,enrollment_update_05_births_and_k_analysis_2017-01-24.txt,2017-01-24,10/15/2013,
2013,Columbine,Columbine,129,False,True,enrollment_update_05_births_and_k_analysis_2017-01-24.txt,2017-01-24,10/15/2013,
2013,Creekside,Creekside,157,False,True,enrollment_update_05_births_and_k_analysis_2017-01-24.txt,2017-01-24,10/15/2013,
2013,Crest View,Crest View,151,False,True,enrollment_update_05_births_and_k_analysis_2017-01-24.txt,2017-01-24,10/15/2013,
2013,Douglass,Douglass,46,False,True,enrollment_update_05_births_and_k_analysis_2017-01-24.txt,2017-01-24,10/15/2013,
2013,Eisenhower,Eisenhower,84,False,True,enrollment_update_05_births_and_k_analysis_2017-01-24.txt,2017-01-24,10/15/2013,
2013,Eldorado (K-5),Eldorado,46,False,True,enrollment_update_05_births_and_k_analysis_2017-01-24.txt,2017-01-24,10/15/2013,
2013,Emerald,Emerald,81,False,True,enrollment_update_05_births_and_k_analysis_2017-01-24.txt,2017-01-24,10/15/2013,
2013,Fireside,Fireside,59,False,True,enrollment_update_05_births_and_k_analysis_2017-01-24.txt,2017-01-24,10/15/2013,
2013,Flatirons,Flatirons,41,False,True,enrollment_update_05_births_and_k_analysis_2017-01-24.txt,2017-01-24,10/15/2013,
2013,Foothill,Foothill,64,False,True,enrollment_update_05_births_and_k_analysis_2017-01-24.txt,2017-01-24,10/15/2013,
2013,Gold Hill,Gold Hill,3,False,True,enrollment_update_05_births_and_k_analysis_2017-01-24.txt,2017-01-24,10/15/2013,
2013,Heatherwood,Heatherwood,60,False,True,enrollment_update_05_births_and_k_analysis_2017-01-24.txt,2017-01-24,10/15/2013,
2013,Jamestown,Jamestown,2,False,True,enrollment_update_05_births_and_k_analysis_2017-01-24.txt,2017-01-24,10/15/2013,
2013,Kohl,Kohl,53,False,True,enrollment_update_05_births_and_k_analysis_2017-01-24.txt,2017-01-24,10/15/2013,
2013,Lafayette,Lafayette,113,False,True,enrollment_update_05_births_and_k_analysis_2017-01-24.txt,2017-01-24,10/15/2013,
2013,Louisville,Louisville,79,False,True,enrollment_update_05_births_and_k_analysis_2017-01-24.txt,2017-01-24,10/15/2013,
2013,Mesa,Mesa,20,False,True,enrollment_update_05_births_and_k_analysis_2017-01-24.txt,2017-01-24,10/15/2013,
2013,Monarch (K-5),Monarch,67,False,True,enrollment_update_05_births_and_k_analysis_2017-01-24.txt,2017-01-24,10/15/2013,
2013,Nederland,Nederland,55,False,True,enrollment_update_05_births_and_k_analysis_2017-01-24.txt,2017-01-24,10/15/2013,
2013,Ryan,Ryan,104,False,True,enrollment_update_05_births_and_k_analysis_2017-01-24.txt,2017-01-24,10/15/2013,
2013,Sanchez,Sanchez,99,False,True,enrollment_update_05_births_and_k_analysis_2017-01-24.txt,2017-01-24,10/15/2013,
2013,Superior,Superior,41,False,True,enrollment_update_05_births_and_k_analysis_2017-01-24.txt,2017-01-24,10/15/2013,
2013,Unlocated,Unlocated,0,False,True,enrollment_update_05_births_and_k_analysis_2017-01-24.txt,2017-01-24,10/15/2013,
2013,Whittier,Whittier,115,False,True,enrollment_update_05_births_and_k_analysis_2017-01-24.txt,2017-01-24,10/15/2013,
2013,BVSD,BVSD,1912,True,True,enrollment_update_05_births_and_k_analysis_2017-01-24.txt,2017-01-24,10/15/2013,
2013,Boulder Total,Boulder Total,872,True,True,enrollment_update_05_births_and_k_analysis_2017-01-24.txt,2017-01-24,10/15/2013,
2013,E County Total,E County Total,934,True,True,enrollment_update_05_births_and_k_analysis_2017-01-24.txt,2017-01-24,10/15/2013,
2014,Aspen Crk,Aspen Creek,54,False,True,enrollment_update_05_births_and_k_analysis_2017-01-24.txt,2017-01-24,10/15/2013,
2014,BC-Creekside,BC-Creekside,4,False,True,enrollment_update_05_births_and_k_analysis_2017-01-24.txt,2017-01-24,10/15/2013,
2014,BC-Mesa,BC-Mesa,25,False,True,enrollment_update_05_births_and_k_analysis_2017-01-24.txt,2017-01-24,10/15/2013,
2014,Bear Creek,Bear Creek,21,False,True,enrollment_update_05_births_and_k_analysis_2017-01-24.txt,2017-01-24,10/15/2013,
2014,Birch,Birch,58,False,True,enrollment_update_05_births_and_k_analysis_2017-01-24.txt,2017-01-24,10/15/2013,
2014,Coal Creek,Coal Creek,63,False,True,enrollment_update_05_births_and_k_analysis_2017-01-24.txt,2017-01-24,10/15/2013,
2014,Columbine,Columbine,124,False,True,enrollment_update_05_births_and_k_analysis_2017-01-24.txt,2017-01-24,10/15/2013,
2014,Creekside,Creekside,131,False,True,enrollment_update_05_births_and_k_analysis_2017-01-24.txt,2017-01-24,10/15/2013,
2014,Crest View,Crest View,123,False,True,enrollment_update_05_births_and_k_analysis_2017-01-24.txt,2017-01-24,10/15/2013,
2014,Douglass,Douglass,47,False,True,enrollment_update_05_births_and_k_analysis_2017-01-24.txt,2017-01-24,10/15/2013,
2014,Eisenhower,Eisenhower,75,False,True,enrollment_update_05_births_and_k_analysis_2017-01-24.txt,2017-01-24,10/15/2013,
2014,Eldorado (K-5),Eldorado,37,False,True,enrollment_update_05_births_and_k_analysis_2017-01-24.txt,2017-01-24,10/15/2013,
2014,Emerald,Emerald,80,False,True,enrollment_update_05_births_and_k_analysis_2017-01-24.txt,2017-01-24,10/15/2013,
2014,Fireside,Fireside,45,False,True,enrollment_update_05_births_and_k_analysis_2017-01-24.txt,2017-01-24,10/15/2013,
2014,Flatirons,Flatirons,43,False,True,enrollment_update_05_births_and_k_analysis_2017-01-24.txt,2017-01-24,10/15/2013,
2014,Foothill,Foothill,85,False,True,enrollment_update_05_births_and_k_analysis_2017-01-24.txt,2017-01-24,10/15/2013,
2014,Gold Hill,Gold Hill,0,False,True,enrollment_update_05_births_and_k_analysis_2017-01-24.txt,2017-01-24,10/15/2013,
2014,Heatherwood,Heatherwood,58,False,True,enrollment_update_05_births_and_k_analysis_2017-01-24.txt,2017-01-24,10/15/2013,
2014,Jamestown,Jamestown,2,False,True,enrollment_update_05_births_and_k_analysis_2017-01-24.txt,2017-01-24,10/15/2013,
2014,Kohl,Kohl,59,False,True,enrollment_update_05_births_and_k_analysis_2017-01-24.txt,2017-01-24,10/15/2013,
2014,Lafayette,Lafayette,142,False,True,enrollment_update_05_births_and_k_analysis_2017-01-24.txt,2017-01-24,10/15/2013,
2014,Louisville,Louisville,72,False,True,enrollment_update_05_births_and_k_analysis_2017-01-24.txt,2017-01-24,10/15/2013,
2014,Mesa,Mesa,23,False,True,enrollment_update_05_births_and_k_analysis_2017-01-24.txt,2017-01-24,10/15/2013,
2014,Monarch (K-5),Monarch,79,False,True,enrollment_update_05_births_and_k_analysis_2017-01-24.txt,2017-01-24,10/15/2013,
2014,Nederland,Nederland,56,False,True,enrollment_update_05_births_and_k_analysis_2017-01-24.txt,2017-01-24,10/15/2013,
2014,Ryan,Ryan,107,False,True,enrollment_update_05_births_and_k_analysis_2017-01-24.txt,2017-01-24,10/15/2013,
2014,Sanchez,Sanchez,98,False,True,enrollment_update_05_births_and_k_analysis_2017-01-24.txt,2017-01-24,10/15/2013,
2014,Superior,Superior,32,False,True,enrollment_update_05_births_and_k_analysis_2017-01-24.txt,2017-01-24,10/15/2013,
2014,Unlocated,Unlocated,0,False,True,enrollment_update_05_births_and_k_analysis_2017-01-24.txt,2017-01-24,10/15/2013,
2014,Whittier,Whittier,113,False,True,enrollment_update_05_births_and_k_analysis_2017-01-24.txt,2017-01-24,10/15/2013,
2014,BVSD,BVSD,1856,True,True,enrollment_update_05_births_and_k_analysis_2017-01-24.txt,2017-01-24,10/15/2013,
2014,Boulder Total,Boulder Total,825,True,True,enrollment_update_05_births_and_k_analysis_2017-01-24.txt,2017-01-24,10/15/2013,
2014,E County Total,E County Total,936,True,True,enrollment_update_05_births_and_k_analysis_2017-01-24.txt,2017-01-24,10/15/2013,
2015,Aspen Crk,Aspen Creek,70,False,True,enrollment_update_05_births_and_k_analysis_2017-01-24.txt,2017-01-24,10/15/2013,
2015,BC-Creekside,BC-Creekside,6,False,True,enrollment_update_05_births_and_k_analysis_2017-01-24.txt,2017-01-24,10/15/2013,
2015,BC-Mesa,BC-Mesa,17,False,True,enrollment_update_05_births_and_k_analysis_2017-01-24.txt,2017-01-24,10/15/2013,
2015,Bear Creek,Bear Creek,11,False,True,enrollment_update_05_births_and_k_analysis_2017-01-24.txt,2017-01-24,10/15/2013,
2015,Birch,Birch,51,False,True,enrollment_update_05_births_and_k_analysis_2017-01-24.txt,2017-01-24,10/15/2013,
2015,Coal Creek,Coal Creek,48,False,True,enrollment_update_05_births_and_k_analysis_2017-01-24.txt,2017-01-24,10/15/2013,
2015,Columbine,Columbine,121,False,True,enrollment_update_05_births_and_k_analysis_2017-01-24.txt,2017-01-24,10/15/2013,
2015,Creekside,Creekside,158,False,True,enrollment_update_05_births_and_k_analysis_2017-01-24.txt,2017-01-24,10/15/2013,
2015,Crest View,Crest View,152,False,True,enrollment_update_05_births_and_k_analysis_2017-01-24.txt,2017-01-24,10/15/2013,
2015,Douglass,Douglass,49,False,True,enrollment_update_05_births_and_k_analysis_2017-01-24.txt,2017-01-24,10/15/2013,
2015,Eisenhower,Eisenhower,74,False,True,enrollment_update_05_births_and_k_analysis_2017-01-24.txt,2017-01-24,10/15/2013,
2015,Eldorado (K-5),Eldorado,29,False,True,enrollment_update_05_births_and_k_analysis_2017-01-24.txt,2017-01-24,10/15/2013,
2015,Emerald,Emerald,112,False,True,enrollment_update_05_births_and_k_analysis_2017-01-24.txt,2017-01-24,10/15/2013,
2015,Fireside,Fireside,46,False,True,enrollment_update_05_births_and_k_analysis_2017-01-24.txt,2017-01-24,10/15/2013,
2015,Flatirons,Flatirons,43,False,True,enrollment_update_05_births_and_k_analysis_2017-01-24.txt,2017-01-24,10/15/2013,
2015,Foothill,Foothill,64,False,True,enrollment_update_05_births_and_k_analysis_2017-01-24.txt,2017-01-24,10/15/2013,
2015,Gold Hill,Gold Hill,1,False,True,enrollment_update_05_births_and_k_analysis_2017-01-24.txt,2017-01-24,10/15/2013,
2015,Heatherwood,Heatherwood,71,False,True,enrollment_update_05_births_and_k_analysis_2017-01-24.txt,2017-01-24,10/15/2013,
2015,Jamestown,Jamestown,1,False,True,enrollment_update_05_births_and_k_analysis_2017-01-24.txt,2017-01-24,10/15/2013,
2015,Kohl,Kohl,55,False,True,enrollment_update_05_births_and_k_analysis_2017-01-24.txt,2017-01-24,10/15/2013,
2015,Lafayette,Lafayette,128,False,True,enrollment_update_05_births_and_k_analysis_2017-01-24.txt,2017-01-24,10/15/2013,
2015,Louisville,Louisville,77,False,True,enrollment_update_05_births_and_k_analysis_2017-01-24.txt,2017-01-24,10/15/2013,
2015,Mesa,Mesa,23,False,True,enrollment_update_05_births_and_k_analysis_2017-01-24.txt,2017-01-24,10/15/2013,
2015,Monarch (K-5),Monarch,56,False,True,enrollment_update_05_births_and_k_analysis_2017-01-24.txt,2017-01-24,10/15/2013,
2015,Nederland,Nederland,55,False,True,enrollment_update_05_births_and_k_analysis_2017-01-24.txt,2017-01-24,10/15/2013,
2015,Ryan,Ryan,102,False,True,enrollment_update_05_births_and_k_analysis_2017-01-24.txt,2017-01-24,10/15/2013,
2015,Sanchez,Sanchez,111,False,True,enrollment_update_05_births_and_k_analysis_2017-01-24.txt,2017-01-24,10/15/2013,
2015,Superior,Superior,41,False,True,enrollment_update_05_births_and_k_analysis_2017-01-24.txt,2017-01-24,10/15/2013,
2015,Unlocated,Unlocated,0,False,True,enrollment_update_05_births_and_k_analysis_2017-01-24.txt,2017-01-24,10/15/2013,
2015,Whittier,Whittier,106,False,True,enrollment_update_05_births_and_k_analysis_2017-01-24.txt,2017-01-24,10/15/2013,
2015,BVSD,BVSD,1878,True,True,enrollment_update_05_births_and_k_analysis_2017-01-24.txt,2017-01-24,10/15/2013,
2015,Boulder Total,Boulder Total,846,True,True,enrollment_update_05_births_and_k_analysis_2017-01-24.txt,2017-01-24,10/15/2013,
2015,E County Total,E County Total,946,True,True,enrollment_update_05_births_and_k_analysis_2017-01-24.txt,2017-01-24,10/15/2013,
1996,Aspen Crk,Aspen Creek,63,False,True,enrollment_update_05_births_by_attendance_area_2018-01-09.txt,2018-01-09,9/23/2017,
1996,BC-Creekside,BC-Creekside,3,False,True,enrollment_update_05_births_by_attendance_area_2018-01-09.txt,2018-01-09,9/23/2017,
1996,BC-Mesa,BC-Mesa,24,False,True,enrollment_update_05_births_by_attendance_area_2018-01-09.txt,2018-01-09,9/23/2017,
1996,Bear Creek,Bear Creek,19,False,True,enrollment_update_05_births_by_attendance_area_2018-01-09.txt,2018-01-09,9/23/2017,
1996,Birch,Birch,79,False,True,enrollment_update_05_births_by_attendance_area_2018-01-09.txt,2018-01-09,9/23/2017,
1996,Coal Creek,Coal Creek,72,False,True,enrollment_update_05_births_by_attendance_area_2018-01-09.txt,2018-01-09,9/23/2017,
1996,Columbine,Columbine,141,False,True,enrollment_update_05_births_by_attendance_area_2018-01-09.txt,2018-01-09,9/23/2017,
1996,Creekside,Creekside,167,False,True,enrollment_update_05_births_by_attendance_area_2018-01-09.txt,2018-01-09,9/23/2017,
1996,Crest View,Crest View,136,False,True,enrollment_update_05_births_by_attendance_area_2018-01-09.txt,2018-01-09,9/23/2017,
1996,Douglass,Douglass,40,False,True,enrollment_update_05_births_by_attendance_area_2018-01-09.txt,2018-01-09,9/23/2017,
1996,Eisenhower,Eisenhower,51,False,True,enrollment_update_05_births_by_attendance_area_2018-01-09.txt,2018-01-09,9/23/2017,
1996,Eldorado (K-5),Eldorado,0,False,True,enrollment_update_05_births_by_attendance_area_2018-01-09.txt,2018-01-09,9/23/2017,
1996,Emerald,Emerald,61,False,True,enrollment_update_05_births_by_attendance_area_2018-01-09.txt,2018-01-09,9/23/2017,
1996,Fireside,Fireside,83,False,True,enrollment_update_05_births_by_attendance_area_2018-01-09.txt,2018-01-09,9/23/2017,
1996,Flatirons,Flatirons,70,False,True,enrollment_update_05_births_by_attendance_area_2018-01-09.txt,2018-01-09,9/23/2017,
1996,Foothill,Foothill,123,False,True,enrollment_update_05_births_by_attendance_area_2018-01-09.txt,2018-01-09,9/23/2017,
1996,Gold Hill,Gold Hill,2,False,True,enrollment_update_05_births_by_attendance_area_2018-01-09.txt,2018-01-09,9/23/2017,
1996,Heatherwood,Heatherwood,70,False,True,enrollment_update_05_births_by_attendance_area_2018-01-09.txt,2018-01-09,9/23/2017,
1996,Jamestown,Jamestown,3,False,True,enrollment_update_05_births_by_attendance_area_2018-01-09.txt,2018-01-09,9/23/2017,
1996,Kohl,Kohl,44,False,True,enrollment_update_05_births_by_attendance_area_2018-01-09.txt,2018-01-09,9/23/2017,
1996,Lafayette,Lafayette,119,False,True,enrollment_update_05_births_by_attendance_area_2018-01-09.txt,2018-01-09,9/23/2017,
1996,Louisville,Louisville,66,False,True,enrollment_update_05_births_by_attendance_area_2018-01-09.txt,2018-01-09,9/23/2017,
1996,Meadowlark,Meadowlark,18,False,True,enrollment_update_05_births_by_attendance_area_2018-01-09.txt,2018-01-09,9/23/2017,
1996,Mesa,Mesa,30,False,True,enrollment_update_05_births_by_attendance_area_2018-01-09.txt,2018-01-09,9/23/2017,
1996,Monarch (K-5),Monarch,35,False,True,enrollment_update_05_births_by_attendance_area_2018-01-09.txt,2018-01-09,9/23/2017,
1996,Nederland,Nederland,88,False,True,enrollment_update_05_births_by_attendance_area_2018-01-09.txt,2018-01-09,9/23/2017,
1996,Ryan,Ryan,135,False,True,enrollment_update_05_births_by_attendance_area_2018-01-09.txt,2018-01-09,9/23/2017,
1996,Sanchez,Sanchez,102,False,True,enrollment_update_05_births_by_attendance_area_2018-01-09.txt,2018-01-09,9/23/2017,
1996,Superior,Superior,91,False,True,enrollment_update_05_births_by_attendance_area_2018-01-09.txt,2018-01-09,9/23/2017,
1996,Unlocated,Unlocated,4,False,True,enrollment_update_05_births_by_attendance_area_2018-01-09.txt,2018-01-09,9/23/2017,
1996,Whittier,Whittier,137,False,True,enrollment_update_05_births_by_attendance_area_2018-01-09.txt,2018-01-09,9/23/2017,
1996,BVSD,BVSD,2076,True,True,enrollment_update_05_births_by_attendance_area_2018-01-09.txt,2018-01-09,9/23/2017,
1996,Boulder Total,Boulder Total,971,True,True,enrollment_update_05_births_by_attendance_area_2018-01-09.txt,2018-01-09,9/23/2017,
1996,E County Total,E County Total,990,True,True,enrollment_update_05_births_by_attendance_area_2018-01-09.txt,2018-01-09,9/23/2017,
1997,Aspen Crk,Aspen Creek,64,False,True,enrollment_update_05_births_by_attendance_area_2018-01-09.txt,2018-01-09,9/23/2017,
1997,BC-Creekside,BC-Creekside,11,False,True,enrollment_update_05_births_by_attendance_area_2018-01-09.txt,2018-01-09,9/23/2017,
1997,BC-Mesa,BC-Mesa,26,False,True,enrollment_update_05_births_by_attendance_area_2018-01-09.txt,2018-01-09,9/23/2017,
1997,Bear Creek,Bear Creek,22,False,True,enrollment_update_05_births_by_attendance_area_2018-01-09.txt,2018-01-09,9/23/2017,
1997,Birch,Birch,59,False,True,enrollment_update_05_births_by_attendance_area_2018-01-09.txt,2018-01-09,9/23/2017,
1997,Coal Creek,Coal Creek,61,False,True,enrollment_update_05_births_by_attendance_area_2018-01-09.txt,2018-01-09,9/23/2017,
1997,Columbine,Columbine,148,False,True,enrollment_update_05_births_by_attendance_area_2018-01-09.txt,2018-01-09,9/23/2017,
1997,Creekside,Creekside,199,False,True,enrollment_update_05_births_by_attendance_area_2018-01-09.txt,2018-01-09,9/23/2017,
1997,Crest View,Crest View,131,False,True,enrollment_update_05_births_by_attendance_area_2018-01-09.txt,2018-01-09,9/23/2017,
1997,Douglass,Douglass,45,False,True,enrollment_update_05_births_by_attendance_area_2018-01-09.txt,2018-01-09,9/23/2017,
1997,Eisenhower,Eisenhower,88,False,True,enrollment_update_05_births_by_attendance_area_2018-01-09.txt,2018-01-09,9/23/2017,
1997,Eldorado (K-5),Eldorado,0,False,True,enrollment_update_05_births_by_attendance_area_2018-01-09.txt,2018-01-09,9/23/2017,
1997,Emerald,Emerald,68,False,True,enrollment_update_05_births_by_attendance_area_2018-01-09.txt,2018-01-09,9/23/2017,
1997,Fireside,Fireside,66,False,True,enrollment_update_05_births_by_attendance_area_2018-01-09.txt,2018-01-09,9/23/2017,
1997,Flatirons,Flatirons,67,False,True,enrollment_update_05_births_by_attendance_area_2018-01-09.txt,2018-01-09,9/23/2017,
1997,Foothill,Foothill,92,False,True,enrollment_update_05_births_by_attendance_area_2018-01-09.txt,2018-01-09,9/23/2017,
1997,Gold Hill,Gold Hill,1,False,True,enrollment_update_05_births_by_attendance_area_2018-01-09.txt,2018-01-09,9/23/2017,
1997,Heatherwood,Heatherwood,77,False,True,enrollment_update_05_births_by_attendance_area_2018-01-09.txt,2018-01-09,9/23/2017,
1997,Jamestown,Jamestown,5,False,True,enrollment_update_05_births_by_attendance_area_2018-01-09.txt,2018-01-09,9/23/2017,
1997,Kohl,Kohl,51,False,True,enrollment_update_05_births_by_attendance_area_2018-01-09.txt,2018-01-09,9/23/2017,
1997,Lafayette,Lafayette,114,False,True,enrollment_update_05_births_by_attendance_area_2018-01-09.txt,2018-01-09,9/23/2017,
1997,Louisville,Louisville,75,False,True,enrollment_update_05_births_by_attendance_area_2018-01-09.txt,2018-01-09,9/23/2017,
1997,Meadowlark,Meadowlark,18,False,True,enrollment_update_05_births_by_attendance_area_2018-01-09.txt,2018-01-09,9/23/2017,
1997,Mesa,Mesa,32,False,True,enrollment_update_05_births_by_attendance_area_2018-01-09.txt,2018-01-09,9/23/2017,
1997,Monarch (K-5),Monarch,38,False,True,enrollment_update_05_births_by_attendance_area_2018-01-09.txt,2018-01-09,9/23/2017,
1997,Nederland,Nederland,79,False,True,enrollment_update_05_births_by_attendance_area_2018-01-09.txt,2018-01-09,9/23/2017,
1997,Ryan,Ryan,121,False,True,enrollment_update_05_births_by_attendance_area_2018-01-09.txt,2018-01-09,9/23/2017,
1997,Sanchez,Sanchez,86,False,True,enrollment_update_05_births_by_attendance_area_2018-01-09.txt,2018-01-09,9/23/2017,
1997,Superior,Superior,81,False,True,enrollment_update_05_births_by_attendance_area_2018-01-09.txt,2018-01-09,9/23/2017,
1997,Unlocated,Unlocated,4,False,True,enrollment_update_05_births_by_attendance_area_2018-01-09.txt,2018-01-09,9/23/2017,
1997,Whittier,Whittier,136,False,True,enrollment_update_05_births_by_attendance_area_2018-01-09.txt,2018-01-09,9/23/2017,
1997,BVSD,BVSD,2065,True,True,enrollment_update_05_births_by_attendance_area_2018-01-09.txt,2018-01-09,9/23/2017,
1997,Boulder Total,Boulder Total,1029,True,True,enrollment_update_05_births_by_attendance_area_2018-01-09.txt,2018-01-09,9/23/2017,
1997,E County Total,E County Total,929,True,True,enrollment_update_05_births_by_attendance_area_2018-01-09.txt,2018-01-09,9/23/2017,
1998,Aspen Crk,Aspen Creek,68,False,True,enrollment_update_05_births_by_attendance_area_2018-01-09.txt,2018-01-09,9/23/2017,
1998,BC-Creekside,BC-Creekside,6,False,True,enrollment_update_05_births_by_attendance_area_2018-01-09.txt,2018-01-09,9/23/2017,
1998,BC-Mesa,BC-Mesa,22,False,True,enrollment_update_05_births_by_attendance_area_2018-01-09.txt,2018-01-09,9/23/2017,
1998,Bear Creek,Bear Creek,16,False,True,enrollment_update_05_births_by_attendance_area_2018-01-09.txt,2018-01-09,9/23/2017,
1998,Birch,Birch,67,False,True,enrollment_update_05_births_by_attendance_area_2018-01-09.txt,2018-01-09,9/23/2017,
1998,Coal Creek,Coal Creek,58,False,True,enrollment_update_05_births_by_attendance_area_2018-01-09.txt,2018-01-09,9/23/2017,
1998,Columbine,Columbine,143,False,True,enrollment_update_05_births_by_attendance_area_2018-01-09.txt,2018-01-09,9/23/2017,
1998,Creekside,Creekside,183,False,True,enrollment_update_05_births_by_attendance_area_2018-01-09.txt,2018-01-09,9/23/2017,
1998,Crest View,Crest View,132,False,True,enrollment_update_05_births_by_attendance_area_2018-01-09.txt,2018-01-09,9/23/2017,
1998,Douglass,Douglass,42,False,True,enrollment_update_05_births_by_attendance_area_2018-01-09.txt,2018-01-09,9/23/2017,
1998,Eisenhower,Eisenhower,92,False,True,enrollment_update_05_births_by_attendance_area_2018-01-09.txt,2018-01-09,9/23/2017,
1998,Eldorado (K-5),Eldorado,6,False,True,enrollment_update_05_births_by_attendance_area_2018-01-09.txt,2018-01-09,9/23/2017,
1998,Emerald,Emerald,56,False,True,enrollment_update_05_births_by_attendance_area_2018-01-09.txt,2018-01-09,9/23/2017,
1998,Fireside,Fireside,60,False,True,enrollment_update_05_births_by_attendance_area_2018-01-09.txt,2018-01-09,9/23/2017,
1998,Flatirons,Flatirons,66,False,True,enrollment_update_05_births_by_attendance_area_2018-01-09.txt,2018-01-09,9/23/2017,
1998,Foothill,Foothill,85,False,True,enrollment_update_05_births_by_attendance_area_2018-01-09.txt,2018-01-09,9/23/2017,
1998,Gold Hill,Gold Hill,4,False,True,enrollment_update_05_births_by_attendance_area_2018-01-09.txt,2018-01-09,9/23/2017,
1998,Heatherwood,Heatherwood,82,False,True,enrollment_update_05_births_by_attendance_area_2018-01-09.txt,2018-01-09,9/23/2017,
1998,Jamestown,Jamestown,5,False,True,enrollment_update_05_births_by_attendance_area_2018-01-09.txt,2018-01-09,9/23/2017,
1998,Kohl,Kohl,47,False,True,enrollment_update_05_births_by_attendance_area_2018-01-09.txt,2018-01-09,9/23/2017,
1998,Lafayette,Lafayette,124,False,True,enrollment_update_05_births_by_attendance_area_2018-01-09.txt,2018-01-09,9/23/2017,
1998,Louisville,Louisville,78,False,True,enrollment_update_05_births_by_attendance_area_2018-01-09.txt,2018-01-09,9/23/2017,
1998,Meadowlark,Meadowlark,39,False,True,enrollment_update_05_births_by_attendance_area_2018-01-09.txt,2018-01-09,9/23/2017,
1998,Mesa,Mesa,43,False,True,enrollment_update_05_births_by_attendance_area_2018-01-09.txt,2018-01-09,9/23/2017,
1998,Monarch (K-5),Monarch,73,False,True,enrollment_update_05_births_by_attendance_area_2018-01-09.txt,2018-01-09,9/23/2017,
1998,Nederland,Nederland,83,False,True,enrollment_update_05_births_by_attendance_area_2018-01-09.txt,2018-01-09,9/23/2017,
1998,Ryan,Ryan,154,False,True,enrollment_update_05_births_by_attendance_area_2018-01-09.txt,2018-01-09,9/23/2017,
1998,Sanchez,Sanchez,95,False,True,enrollment_update_05_births_by_attendance_area_2018-01-09.txt,2018-01-09,9/23/2017,
1998,Superior,Superior,104,False,True,enrollment_update_05_births_by_attendance_area_2018-01-09.txt,2018-01-09,9/23/2017,
1998,Unlocated,Unlocated,4,False,True,enrollment_update_05_births_by_attendance_area_2018-01-09.txt,2018-01-09,9/23/2017,
1998,Whittier,Whittier,125,False,True,enrollment_update_05_births_by_attendance_area_2018-01-09.txt,2018-01-09,9/23/2017,
1998,BVSD,BVSD,2162,True,True,enrollment_update_05_births_by_attendance_area_2018-01-09.txt,2018-01-09,9/23/2017,
1998,Boulder Total,Boulder Total,995,True,True,enrollment_update_05_births_by_attendance_area_2018-01-09.txt,2018-01-09,9/23/2017,
1998,E County Total,E County Total,1026,True,True,enrollment_update_05_births_by_attendance_area_2018-01-09.txt,2018-01-09,9/23/2017,
1999,Aspen Crk,Aspen Creek,62,False,True,enrollment_update_05_births_by_attendance_area_2018-01-09.txt,2018-01-09,9/23/2017,
1999,BC-Creekside,BC-Creekside,3,False,True,enrollment_update_05_births_by_attendance_area_2018-01-09.txt,2018-01-09,9/23/2017,
1999,BC-Mesa,BC-Mesa,13,False,True,enrollment_update_05_births_by_attendance_area_2018-01-09.txt,2018-01-09,9/23/2017,
1999,Bear Creek,Bear Creek,21,False,True,enrollment_update_05_births_by_attendance_area_2018-01-09.txt,2018-01-09,9/23/2017,
1999,Birch,Birch,50,False,True,enrollment_update_05_births_by_attendance_area_2018-01-09.txt,2018-01-09,9/23/2017,
1999,Coal Creek,Coal Creek,69,False,True,enrollment_update_05_births_by_attendance_area_2018-01-09.txt,2018-01-09,9/23/2017,
1999,Columbine,Columbine,156,False,True,enrollment_update_05_births_by_attendance_area_2018-01-09.txt,2018-01-09,9/23/2017,
1999,Creekside,Creekside,175,False,True,enrollment_update_05_births_by_attendance_area_2018-01-09.txt,2018-01-09,9/23/2017,
1999,Crest View,Crest View,130,False,True,enrollment_update_05_births_by_attendance_area_2018-01-09.txt,2018-01-09,9/23/2017,
1999,Douglass,Douglass,43,False,True,enrollment_update_05_births_by_attendance_area_2018-01-09.txt,2018-01-09,9/23/2017,
1999,Eisenhower,Eisenhower,84,False,True,enrollment_update_05_births_by_attendance_area_2018-01-09.txt,2018-01-09,9/23/2017,
1999,Eldorado (K-5),Eldorado,21,False,True,enrollment_update_05_births_by_attendance_area_2018-01-09.txt,2018-01-09,9/23/2017,
1999,Emerald,Emerald,79,False,True,enrollment_update_05_births_by_attendance_area_2018-01-09.txt,2018-01-09,9/23/2017,
1999,Fireside,Fireside,79,False,True,enrollment_update_05_births_by_attendance_area_2018-01-09.txt,2018-01-09,9/23/2017,
1999,Flatirons,Flatirons,73,False,True,enrollment_update_05_births_by_attendance_area_2018-01-09.txt,2018-01-09,9/23/2017,
1999,Foothill,Foothill,98,False,True,enrollment_update_05_births_by_attendance_area_2018-01-09.txt,2018-01-09,9/23/2017,
1999,Gold Hill,Gold Hill,3,False,True,enrollment_update_05_births_by_attendance_area_2018-01-09.txt,2018-01-09,9/23/2017,
1999,Heatherwood,Heatherwood,66,False,True,enrollment_update_05_births_by_attendance_area_2018-01-09.txt,2018-01-09,9/23/2017,
1999,Jamestown,Jamestown,1,False,True,enrollment_update_05_births_by_attendance_area_2018-01-09.txt,2018-01-09,9/23/2017,
1999,Kohl,Kohl,42,False,True,enrollment_update_05_births_by_attendance_area_2018-01-09.txt,2018-01-09,9/23/2017,
1999,Lafayette,Lafayette,128,False,True,enrollment_update_05_births_by_attendance_area_2018-01-09.txt,2018-01-09,9/23/2017,
1999,Louisville,Louisville,70,False,True,enrollment_update_05_births_by_attendance_area_2018-01-09.txt,2018-01-09,9/23/2017,
1999,Meadowlark,Meadowlark,61,False,True,enrollment_update_05_births_by_attendance_area_2018-01-09.txt,2018-01-09,9/23/2017,
1999,Mesa,Mesa,32,False,True,enrollment_update_05_births_by_attendance_area_2018-01-09.txt,2018-01-09,9/23/2017,
1999,Monarch (K-5),Monarch,61,False,True,enrollment_update_05_births_by_attendance_area_2018-01-09.txt,2018-01-09,9/23/2017,
1999,Nederland,Nederland,82,False,True,enrollment_update_05_births_by_attendance_area_2018-01-09.txt,2018-01-09,9/23/2017,
1999,Ryan,Ryan,145,False,True,enrollment_update_05_births_by_attendance_area_2018-01-09.txt,2018-01-09,9/23/2017,
1999,Sanchez,Sanchez,108,False,True,enrollment_update_05_births_by_attendance_area_2018-01-09.txt,2018-01-09,9/23/2017,
1999,Superior,Superior,86,False,True,enrollment_update_05_births_by_attendance_area_2018-01-09.txt,2018-01-09,9/23/2017,
1999,Unlocated,Unlocated,2,False,True,enrollment_update_05_births_by_attendance_area_2018-01-09.txt,2018-01-09,9/23/2017,
1999,Whittier,Whittier,139,False,True,enrollment_update_05_births_by_attendance_area_2018-01-09.txt,2018-01-09,9/23/2017,
1999,BVSD,BVSD,2182,True,True,enrollment_update_05_births_by_attendance_area_2018-01-09.txt,2018-01-09,9/23/2017,
1999,Boulder Total,Boulder Total,990,True,True,enrollment_update_05_births_by_attendance_area_2018-01-09.txt,2018-01-09,9/23/2017,
1999,E County Total,E County Total,1022,True,True,enrollment_update_05_births_by_attendance_area_2018-01-09.txt,2018-01-09,9/23/2017,
2000,Aspen Crk,Aspen Creek,55,False,True,enrollment_update_05_births_by_attendance_area_2018-01-09.txt,2018-01-09,9/23/2017,
2000,BC-Creekside,BC-Creekside,7,False,True,enrollment_update_05_births_by_attendance_area_2018-01-09.txt,2018-01-09,9/23/2017,
2000,BC-Mesa,BC-Mesa,18,False,True,enrollment_update_05_births_by_attendance_area_2018-01-09.txt,2018-01-09,9/23/2017,
2000,Bear Creek,Bear Creek,21,False,True,enrollment_update_05_births_by_attendance_area_2018-01-09.txt,2018-01-09,9/23/2017,
2000,Birch,Birch,67,False,True,enrollment_update_05_births_by_attendance_area_2018-01-09.txt,2018-01-09,9/23/2017,
2000,Coal Creek,Coal Creek,65,False,True,enrollment_update_05_births_by_attendance_area_2018-01-09.txt,2018-01-09,9/23/2017,
2000,Columbine,Columbine,173,False,True,enrollment_update_05_births_by_attendance_area_2018-01-09.txt,2018-01-09,9/23/2017,
2000,Creekside,Creekside,207,False,True,enrollment_update_05_births_by_attendance_area_2018-01-09.txt,2018-01-09,9/23/2017,
2000,Crest View,Crest View,143,False,True,enrollment_update_05_births_by_attendance_area_2018-01-09.txt,2018-01-09,9/23/2017,
2000,Douglass,Douglass,46,False,True,enrollment_update_05_births_by_attendance_area_2018-01-09.txt,2018-01-09,9/23/2017,
2000,Eisenhower,Eisenhower,92,False,True,enrollment_update_05_births_by_attendance_area_2018-01-09.txt,2018-01-09,9/23/2017,
2000,Eldorado (K-5),Eldorado,61,False,True,enrollment_update_05_births_by_attendance_area_2018-01-09.txt,2018-01-09,9/23/2017,
2000,Emerald,Emerald,82,False,True,enrollment_update_05_births_by_attendance_area_2018-01-09.txt,2018-01-09,9/23/2017,
2000,Fireside,Fireside,54,False,True,enrollment_update_05_births_by_attendance_area_2018-01-09.txt,2018-01-09,9/23/2017,
2000,Flatirons,Flatirons,74,False,True,enrollment_update_05_births_by_attendance_area_2018-01-09.txt,2018-01-09,9/23/2017,
2000,Foothill,Foothill,85,False,True,enrollment_update_05_births_by_attendance_area_2018-01-09.txt,2018-01-09,9/23/2017,
2000,Gold Hill,Gold Hill,1,False,True,enrollment_update_05_births_by_attendance_area_2018-01-09.txt,2018-01-09,9/23/2017,
2000,Heatherwood,Heatherwood,47,False,True,enrollment_update_05_births_by_attendance_area_2018-01-09.txt,2018-01-09,9/23/2017,
2000,Jamestown,Jamestown,6,False,True,enrollment_update_05_births_by_attendance_area_2018-01-09.txt,2018-01-09,9/23/2017,
2000,Kohl,Kohl,58,False,True,enrollment_update_05_births_by_attendance_area_2018-01-09.txt,2018-01-09,9/23/2017,
2000,Lafayette,Lafayette,135,False,True,enrollment_update_05_births_by_attendance_area_2018-01-09.txt,2018-01-09,9/23/2017,
2000,Louisville,Louisville,76,False,True,enrollment_update_05_births_by_attendance_area_2018-01-09.txt,2018-01-09,9/23/2017,
2000,Meadowlark,Meadowlark,65,False,True,enrollment_update_05_births_by_attendance_area_2018-01-09.txt,2018-01-09,9/23/2017,
2000,Mesa,Mesa,39,False,True,enrollment_update_05_births_by_attendance_area_2018-01-09.txt,2018-01-09,9/23/2017,
2000,Monarch (K-5),Monarch,69,False,True,enrollment_update_05_births_by_attendance_area_2018-01-09.txt,2018-01-09,9/23/2017,
2000,Nederland,Nederland,74,False,True,enrollment_update_05_births_by_attendance_area_2018-01-09.txt,2018-01-09,9/23/2017,
2000,Ryan,Ryan,124,False,True,enrollment_update_05_births_by_attendance_area_2018-01-09.txt,2018-01-09,9/23/2017,
2000,Sanchez,Sanchez,114,False,True,enrollment_update_05_births_by_attendance_area_2018-01-09.txt,2018-01-09,9/23/2017,
2000,Superior,Superior,117,False,True,enrollment_update_05_births_by_attendance_area_2018-01-09.txt,2018-01-09,9/23/2017,
2000,Unlocated,Unlocated,1,False,True,enrollment_update_05_births_by_attendance_area_2018-01-09.txt,2018-01-09,9/23/2017,
2000,Whittier,Whittier,141,False,True,enrollment_update_05_births_by_attendance_area_2018-01-09.txt,2018-01-09,9/23/2017,
2000,BVSD,BVSD,2317,True,True,enrollment_update_05_births_by_attendance_area_2018-01-09.txt,2018-01-09,9/23/2017,
2000,Boulder Total,Boulder Total,1047,True,True,enrollment_update_05_births_by_attendance_area_2018-01-09.txt,2018-01-09,9/23/2017,
2000,E County Total,E County Total,1062,True,True,enrollment_update_05_births_by_attendance_area_2018-01-09.txt,2018-01-09,9/23/2017,
2001,Aspen Crk,Aspen Creek,62,False,True,enrollment_update_05_births_by_attendance_area_2018-01-09.txt,2018-01-09,9/23/2017,
2001,BC-Creekside,BC-Creekside,9,False,True,enrollment_update_05_births_by_attendance_area_2018-01-09.txt,2018-01-09,9/23/2017,
2001,BC-Mesa,BC-Mesa,17,False,True,enrollment_update_05_births_by_attendance_area_2018-01-09.txt,2018-01-09,9/23/2017,
2001,Bear Creek,Bear Creek,24,False,True,enrollment_update_05_births_by_attendance_area_2018-01-09.txt,2018-01-09,9/23/2017,
2001,Birch,Birch,86,False,True,enrollment_update_05_births_by_attendance_area_2018-01-09.txt,2018-01-09,9/23/2017,
2001,Coal Creek,Coal Creek,53,False,True,enrollment_update_05_births_by_attendance_area_2018-01-09.txt,2018-01-09,9/23/2017,
2001,Columbine,Columbine,171,False,True,enrollment_update_05_births_by_attendance_area_2018-01-09.txt,2018-01-09,9/23/2017,
2001,Creekside,Creekside,175,False,True,enrollment_update_05_births_by_attendance_area_2018-01-09.txt,2018-01-09,9/23/2017,
2001,Crest View,Crest View,128,False,True,enrollment_update_05_births_by_attendance_area_2018-01-09.txt,2018-01-09,9/23/2017,
2001,Douglass,Douglass,30,False,True,enrollment_update_05_births_by_attendance_area_2018-01-09.txt,2018-01-09,9/23/2017,
2001,Eisenhower,Eisenhower,73,False,True,enrollment_update_05_births_by_attendance_area_2018-01-09.txt,2018-01-09,9/23/2017,
2001,Eldorado (K-5),Eldorado,79,False,True,enrollment_update_05_births_by_attendance_area_2018-01-09.txt,2018-01-09,9/23/2017,
2001,Emerald,Emerald,73,False,True,enrollment_update_05_births_by_attendance_area_2018-01-09.txt,2018-01-09,9/23/2017,
2001,Fireside,Fireside,51,False,True,enrollment_update_05_births_by_attendance_area_2018-01-09.txt,2018-01-09,9/23/2017,
2001,Flatirons,Flatirons,80,False,True,enrollment_update_05_births_by_attendance_area_2018-01-09.txt,2018-01-09,9/23/2017,
2001,Foothill,Foothill,95,False,True,enrollment_update_05_births_by_attendance_area_2018-01-09.txt,2018-01-09,9/23/2017,
2001,Gold Hill,Gold Hill,1,False,True,enrollment_update_05_births_by_attendance_area_2018-01-09.txt,2018-01-09,9/23/2017,
2001,Heatherwood,Heatherwood,91,False,True,enrollment_update_05_births_by_attendance_area_2018-01-09.txt,2018-01-09,9/23/2017,
2001,Jamestown,Jamestown,7,False,True,enrollment_update_05_births_by_attendance_area_2018-01-09.txt,2018-01-09,9/23/2017,
2001,Kohl,Kohl,47,False,True,enrollment_update_05_births_by_attendance_area_2018-01-09.txt,2018-01-09,9/23/2017,
2001,Lafayette,Lafayette,150,False,True,enrollment_update_05_births_by_attendance_area_2018-01-09.txt,2018-01-09,9/23/2017,
2001,Louisville,Louisville,70,False,True,enrollment_update_05_births_by_attendance_area_2018-01-09.txt,2018-01-09,9/23/2017,
2001,Meadowlark,Meadowlark,85,False,True,enrollment_update_05_births_by_attendance_area_2018-01-09.txt,2018-01-09,9/23/2017,
2001,Mesa,Mesa,19,False,True,enrollment_update_05_births_by_attendance_area_2018-01-09.txt,2018-01-09,9/23/2017,
2001,Monarch (K-5),Monarch,80,False,True,enrollment_update_05_births_by_attendance_area_2018-01-09.txt,2018-01-09,9/23/2017,
2001,Nederland,Nederland,83,False,True,enrollment_update_05_births_by_attendance_area_2018-01-09.txt,2018-01-09,9/23/2017,
2001,Ryan,Ryan,147,False,True,enrollment_update_05_births_by_attendance_area_2018-01-09.txt,2018-01-09,9/23/2017,
2001,Sanchez,Sanchez,104,False,True,enrollment_update_05_births_by_attendance_area_2018-01-09.txt,2018-01-09,9/23/2017,
2001,Superior,Superior,91,False,True,enrollment_update_05_births_by_attendance_area_2018-01-09.txt,2018-01-09,9/23/2017,
2001,Unlocated,Unlocated,3,False,True,enrollment_update_05_births_by_attendance_area_2018-01-09.txt,2018-01-09,9/23/2017,
2001,Whittier,Whittier,145,False,True,enrollment_update_05_births_by_attendance_area_2018-01-09.txt,2018-01-09,9/23/2017,
2001,BVSD,BVSD,2329,True,True,enrollment_update_05_births_by_attendance_area_2018-01-09.txt,2018-01-09,9/23/2017,
2001,Boulder Total,Boulder Total,1027,True,True,enrollment_update_05_births_by_attendance_area_2018-01-09.txt,2018-01-09,9/23/2017,
2001,E County Total,E County Total,1044,True,True,enrollment_update_05_births_by_attendance_area_2018-01-09.txt,2018-01-09,9/23/2017,
2002,Aspen Crk,Aspen Creek,58,False,True,enrollment_update_05_births_by_attendance_area_2018-01-09.txt,2018-01-09,9/23/2017,
2002,BC-Creekside,BC-Creekside,7,False,True,enrollment_update_05_births_by_attendance_area_2018-01-09.txt,2018-01-09,9/23/2017,
2002,BC-Mesa,BC-Mesa,18,False,True,enrollment_update_05_births_by_attendance_area_2018-01-09.txt,2018-01-09,9/23/2017,
2002,Bear Creek,Bear Creek,13,False,True,enrollment_update_05_births_by_attendance_area_2018-01-09.txt,2018-01-09,9/23/2017,
2002,Birch,Birch,71,False,True,enrollment_update_05_births_by_attendance_area_2018-01-09.txt,2018-01-09,9/23/2017,
2002,Coal Creek,Coal Creek,54,False,True,enrollment_update_05_births_by_attendance_area_2018-01-09.txt,2018-01-09,9/23/2017,
2002,Columbine,Columbine,180,False,True,enrollment_update_05_births_by_attendance_area_2018-01-09.txt,2018-01-09,9/23/2017,
2002,Creekside,Creekside,179,False,True,enrollment_update_05_births_by_attendance_area_2018-01-09.txt,2018-01-09,9/23/2017,
2002,Crest View,Crest View,152,False,True,enrollment_update_05_births_by_attendance_area_2018-01-09.txt,2018-01-09,9/23/2017,
2002,Douglass,Douglass,29,False,True,enrollment_update_05_births_by_attendance_area_2018-01-09.txt,2018-01-09,9/23/2017,
2002,Eisenhower,Eisenhower,71,False,True,enrollment_update_05_births_by_attendance_area_2018-01-09.txt,2018-01-09,9/23/2017,
2002,Eldorado (K-5),Eldorado,82,False,True,enrollment_update_05_births_by_attendance_area_2018-01-09.txt,2018-01-09,9/23/2017,
2002,Emerald,Emerald,89,False,True,enrollment_update_05_births_by_attendance_area_2018-01-09.txt,2018-01-09,9/23/2017,
2002,Fireside,Fireside,59,False,True,enrollment_update_05_births_by_attendance_area_2018-01-09.txt,2018-01-09,9/23/2017,
2002,Flatirons,Flatirons,59,False,True,enrollment_update_05_births_by_attendance_area_2018-01-09.txt,2018-01-09,9/23/2017,
2002,Foothill,Foothill,90,False,True,enrollment_update_05_births_by_attendance_area_2018-01-09.txt,2018-01-09,9/23/2017,
2002,Gold Hill,Gold Hill,4,False,True,enrollment_update_05_births_by_attendance_area_2018-01-09.txt,2018-01-09,9/23/2017,
2002,Heatherwood,Heatherwood,57,False,True,enrollment_update_05_births_by_attendance_area_2018-01-09.txt,2018-01-09,9/23/2017,
2002,Jamestown,Jamestown,5,False,True,enrollment_update_05_births_by_attendance_area_2018-01-09.txt,2018-01-09,9/23/2017,
2002,Kohl,Kohl,63,False,True,enrollment_update_05_births_by_attendance_area_2018-01-09.txt,2018-01-09,9/23/2017,
2002,Lafayette,Lafayette,136,False,True,enrollment_update_05_births_by_attendance_area_2018-01-09.txt,2018-01-09,9/23/2017,
2002,Louisville,Louisville,80,False,True,enrollment_update_05_births_by_attendance_area_2018-01-09.txt,2018-01-09,9/23/2017,
2002,Meadowlark,Meadowlark,70,False,True,enrollment_update_05_births_by_attendance_area_2018-01-09.txt,2018-01-09,9/23/2017,
2002,Mesa,Mesa,26,False,True,enrollment_update_05_births_by_attendance_area_2018-01-09.txt,2018-01-09,9/23/2017,
2002,Monarch (K-5),Monarch,66,False,True,enrollment_update_05_births_by_attendance_area_2018-01-09.txt,2018-01-09,9/23/2017,
2002,Nederland,Nederland,77,False,True,enrollment_update_05_births_by_attendance_area_2018-01-09.txt,2018-01-09,9/23/2017,
2002,Ryan,Ryan,145,False,True,enrollment_update_05_births_by_attendance_area_2018-01-09.txt,2018-01-09,9/23/2017,
2002,Sanchez,Sanchez,111,False,True,enrollment_update_05_births_by_attendance_area_2018-01-09.txt,2018-01-09,9/23/2017,
2002,Superior,Superior,74,False,True,enrollment_update_05_births_by_attendance_area_2018-01-09.txt,2018-01-09,9/23/2017,
2002,Unlocated,Unlocated,2,False,True,enrollment_update_05_births_by_attendance_area_2018-01-09.txt,2018-01-09,9/23/2017,
2002,Whittier,Whittier,133,False,True,enrollment_update_05_births_by_attendance_area_2018-01-09.txt,2018-01-09,9/23/2017,
2002,BVSD,BVSD,2260,True,True,enrollment_update_05_births_by_attendance_area_2018-01-09.txt,2018-01-09,9/23/2017,
2002,Boulder Total,Boulder Total,985,True,True,enrollment_update_05_births_by_attendance_area_2018-01-09.txt,2018-01-09,9/23/2017,
2002,E County Total,E County Total,1035,True,True,enrollment_update_05_births_by_attendance_area_2018-01-09.txt,2018-01-09,9/23/2017,
2003,Aspen Crk,Aspen Creek,52,False,True,enrollment_update_05_births_by_attendance_area_2018-01-09.txt,2018-01-09,9/23/2017,
2003,BC-Creekside,BC-Creekside,9,False,True,enrollment_update_05_births_by_attendance_area_2018-01-09.txt,2018-01-09,9/23/2017,
2003,BC-Mesa,BC-Mesa,17,False,True,enrollment_update_05_births_by_attendance_area_2018-01-09.txt,2018-01-09,9/23/2017,
2003,Bear Creek,Bear Creek,19,False,True,enrollment_update_05_births_by_attendance_area_2018-01-09.txt,2018-01-09,9/23/2017,
2003,Birch,Birch,53,False,True,enrollment_update_05_births_by_attendance_area_2018-01-09.txt,2018-01-09,9/23/2017,
2003,Coal Creek,Coal Creek,74,False,True,enrollment_update_05_births_by_attendance_area_2018-01-09.txt,2018-01-09,9/23/2017,
2003,Columbine,Columbine,168,False,True,enrollment_update_05_births_by_attendance_area_2018-01-09.txt,2018-01-09,9/23/2017,
2003,Creekside,Creekside,160,False,True,enrollment_update_05_births_by_attendance_area_2018-01-09.txt,2018-01-09,9/23/2017,
2003,Crest View,Crest View,117,False,True,enrollment_update_05_births_by_attendance_area_2018-01-09.txt,2018-01-09,9/23/2017,
2003,Douglass,Douglass,51,False,True,enrollment_update_05_births_by_attendance_area_2018-01-09.txt,2018-01-09,9/23/2017,
2003,Eisenhower,Eisenhower,92,False,True,enrollment_update_05_births_by_attendance_area_2018-01-09.txt,2018-01-09,9/23/2017,
2003,Eldorado (K-5),Eldorado,82,False,True,enrollment_update_05_births_by_attendance_area_2018-01-09.txt,2018-01-09,9/23/2017,
2003,Emerald,Emerald,72,False,True,enrollment_update_05_births_by_attendance_area_2018-01-09.txt,2018-01-09,9/23/2017,
2003,Fireside,Fireside,44,False,True,enrollment_update_05_births_by_attendance_area_2018-01-09.txt,2018-01-09,9/23/2017,
2003,Flatirons,Flatirons,80,False,True,enrollment_update_05_births_by_attendance_area_2018-01-09.txt,2018-01-09,9/23/2017,
2003,Foothill,Foothill,120,False,True,enrollment_update_05_births_by_attendance_area_2018-01-09.txt,2018-01-09,9/23/2017,
2003,Gold Hill,Gold Hill,1,False,True,enrollment_update_05_births_by_attendance_area_2018-01-09.txt,2018-01-09,9/23/2017,
2003,Heatherwood,Heatherwood,70,False,True,enrollment_update_05_births_by_attendance_area_2018-01-09.txt,2018-01-09,9/23/2017,
2003,Jamestown,Jamestown,5,False,True,enrollment_update_05_births_by_attendance_area_2018-01-09.txt,2018-01-09,9/23/2017,
2003,Kohl,Kohl,59,False,True,enrollment_update_05_births_by_attendance_area_2018-01-09.txt,2018-01-09,9/23/2017,
2003,Lafayette,Lafayette,138,False,True,enrollment_update_05_births_by_attendance_area_2018-01-09.txt,2018-01-09,9/23/2017,
2003,Louisville,Louisville,69,False,True,enrollment_update_05_births_by_attendance_area_2018-01-09.txt,2018-01-09,9/23/2017,
2003,Meadowlark,Meadowlark,53,False,True,enrollment_update_05_births_by_attendance_area_2018-01-09.txt,2018-01-09,9/23/2017,
2003,Mesa,Mesa,26,False,True,enrollment_update_05_births_by_attendance_area_2018-01-09.txt,2018-01-09,9/23/2017,
2003,Monarch (K-5),Monarch,45,False,True,enrollment_update_05_births_by_attendance_area_2018-01-09.txt,2018-01-09,9/23/2017,
2003,Nederland,Nederland,94,False,True,enrollment_update_05_births_by_attendance_area_2018-01-09.txt,2018-01-09,9/23/2017,
2003,Ryan,Ryan,117,False,True,enrollment_update_05_births_by_attendance_area_2018-01-09.txt,2018-01-09,9/23/2017,
2003,Sanchez,Sanchez,93,False,True,enrollment_update_05_births_by_attendance_area_2018-01-09.txt,2018-01-09,9/23/2017,
2003,Superior,Superior,96,False,True,enrollment_update_05_births_by_attendance_area_2018-01-09.txt,2018-01-09,9/23/2017,
2003,Unlocated,Unlocated,3,False,True,enrollment_update_05_births_by_attendance_area_2018-01-09.txt,2018-01-09,9/23/2017,
2003,Whittier,Whittier,142,False,True,enrollment_update_05_births_by_attendance_area_2018-01-09.txt,2018-01-09,9/23/2017,
2003,BVSD,BVSD,2221,True,True,enrollment_update_05_births_by_attendance_area_2018-01-09.txt,2018-01-09,9/23/2017,
2003,Boulder Total,Boulder Total,1020,True,True,enrollment_update_05_births_by_attendance_area_2018-01-09.txt,2018-01-09,9/23/2017,
2003,E County Total,E County Total,963,True,True,enrollment_update_05_births_by_attendance_area_2018-01-09.txt,2018-01-09,9/23/2017,
2004,Aspen Crk,Aspen Creek,57,False,True,enrollment_update_05_births_by_attendance_area_2018-01-09.txt,2018-01-09,9/23/2017,
2004,BC-Creekside,BC-Creekside,7,False,True,enrollment_update_05_births_by_attendance_area_2018-01-09.txt,2018-01-09,9/23/2017,
2004,BC-Mesa,BC-Mesa,26,False,True,enrollment_update_05_births_by_attendance_area_2018-01-09.txt,2018-01-09,9/23/2017,
2004,Bear Creek,Bear Creek,14,False,True,enrollment_update_05_births_by_attendance_area_2018-01-09.txt,2018-01-09,9/23/2017,
2004,Birch,Birch,58,False,True,enrollment_update_05_births_by_attendance_area_2018-01-09.txt,2018-01-09,9/23/2017,
2004,Coal Creek,Coal Creek,49,False,True,enrollment_update_05_births_by_attendance_area_2018-01-09.txt,2018-01-09,9/23/2017,
2004,Columbine,Columbine,175,False,True,enrollment_update_05_births_by_attendance_area_2018-01-09.txt,2018-01-09,9/23/2017,
2004,Creekside,Creekside,145,False,True,enrollment_update_05_births_by_attendance_area_2018-01-09.txt,2018-01-09,9/23/2017,
2004,Crest View,Crest View,150,False,True,enrollment_update_05_births_by_attendance_area_2018-01-09.txt,2018-01-09,9/23/2017,
2004,Douglass,Douglass,43,False,True,enrollment_update_05_births_by_attendance_area_2018-01-09.txt,2018-01-09,9/23/2017,
2004,Eisenhower,Eisenhower,74,False,True,enrollment_update_05_births_by_attendance_area_2018-01-09.txt,2018-01-09,9/23/2017,
2004,Eldorado (K-5),Eldorado,79,False,True,enrollment_update_05_births_by_attendance_area_2018-01-09.txt,2018-01-09,9/23/2017,
2004,Emerald,Emerald,78,False,True,enrollment_update_05_births_by_attendance_area_2018-01-09.txt,2018-01-09,9/23/2017,
2004,Fireside,Fireside,63,False,True,enrollment_update_05_births_by_attendance_area_2018-01-09.txt,2018-01-09,9/23/2017,
2004,Flatirons,Flatirons,63,False,True,enrollment_update_05_births_by_attendance_area_2018-01-09.txt,2018-01-09,9/23/2017,
2004,Foothill,Foothill,100,False,True,enrollment_update_05_births_by_attendance_area_2018-01-09.txt,2018-01-09,9/23/2017,
2004,Gold Hill,Gold Hill,3,False,True,enrollment_update_05_births_by_attendance_area_2018-01-09.txt,2018-01-09,9/23/2017,
2004,Heatherwood,Heatherwood,58,False,True,enrollment_update_05_births_by_attendance_area_2018-01-09.txt,2018-01-09,9/23/2017,
2004,Jamestown,Jamestown,7,False,True,enrollment_update_05_births_by_attendance_area_2018-01-09.txt,2018-01-09,9/23/2017,
2004,Kohl,Kohl,54,False,True,enrollment_update_05_births_by_attendance_area_2018-01-09.txt,2018-01-09,9/23/2017,
2004,Lafayette,Lafayette,101,False,True,enrollment_update_05_births_by_attendance_area_2018-01-09.txt,2018-01-09,9/23/2017,
2004,Louisville,Louisville,74,False,True,enrollment_update_05_births_by_attendance_area_2018-01-09.txt,2018-01-09,9/23/2017,
2004,Meadowlark,Meadowlark,61,False,True,enrollment_update_05_births_by_attendance_area_2018-01-09.txt,2018-01-09,9/23/2017,
2004,Mesa,Mesa,33,False,True,enrollment_update_05_births_by_attendance_area_2018-01-09.txt,2018-01-09,9/23/2017,
2004,Monarch (K-5),Monarch,47,False,True,enrollment_update_05_births_by_attendance_area_2018-01-09.txt,2018-01-09,9/23/2017,
2004,Nederland,Nederland,73,False,True,enrollment_update_05_births_by_attendance_area_2018-01-09.txt,2018-01-09,9/23/2017,
2004,Ryan,Ryan,115,False,True,enrollment_update_05_births_by_attendance_area_2018-01-09.txt,2018-01-09,9/23/2017,
2004,Sanchez,Sanchez,93,False,True,enrollment_update_05_births_by_attendance_area_2018-01-09.txt,2018-01-09,9/23/2017,
2004,Superior,Superior,76,False,True,enrollment_update_05_births_by_attendance_area_2018-01-09.txt,2018-01-09,9/23/2017,
2004,Unlocated,Unlocated,1,False,True,enrollment_update_05_births_by_attendance_area_2018-01-09.txt,2018-01-09,9/23/2017,
2004,Whittier,Whittier,136,False,True,enrollment_update_05_births_by_attendance_area_2018-01-09.txt,2018-01-09,9/23/2017,
2004,BVSD,BVSD,2113,True,True,enrollment_update_05_births_by_attendance_area_2018-01-09.txt,2018-01-09,9/23/2017,
2004,Boulder Total,Boulder Total,981,True,True,enrollment_update_05_births_by_attendance_area_2018-01-09.txt,2018-01-09,9/23/2017,
2004,E County Total,E County Total,908,True,True,enrollment_update_05_births_by_attendance_area_2018-01-09.txt,2018-01-09,9/23/2017,
2005,Aspen Crk,Aspen Creek,53,False,True,enrollment_update_05_births_by_attendance_area_2018-01-09.txt,2018-01-09,9/23/2017,
2005,BC-Creekside,BC-Creekside,6,False,True,enrollment_update_05_births_by_attendance_area_2018-01-09.txt,2018-01-09,9/23/2017,
2005,BC-Mesa,BC-Mesa,26,False,True,enrollment_update_05_births_by_attendance_area_2018-01-09.txt,2018-01-09,9/23/2017,
2005,Bear Creek,Bear Creek,26,False,True,enrollment_update_05_births_by_attendance_area_2018-01-09.txt,2018-01-09,9/23/2017,
2005,Birch,Birch,60,False,True,enrollment_update_05_births_by_attendance_area_2018-01-09.txt,2018-01-09,9/23/2017,
2005,Coal Creek,Coal Creek,51,False,True,enrollment_update_05_births_by_attendance_area_2018-01-09.txt,2018-01-09,9/23/2017,
2005,Columbine,Columbine,163,False,True,enrollment_update_05_births_by_attendance_area_2018-01-09.txt,2018-01-09,9/23/2017,
2005,Creekside,Creekside,166,False,True,enrollment_update_05_births_by_attendance_area_2018-01-09.txt,2018-01-09,9/23/2017,
2005,Crest View,Crest View,134,False,True,enrollment_update_05_births_by_attendance_area_2018-01-09.txt,2018-01-09,9/23/2017,
2005,Douglass,Douglass,44,False,True,enrollment_update_05_births_by_attendance_area_2018-01-09.txt,2018-01-09,9/23/2017,
2005,Eisenhower,Eisenhower,84,False,True,enrollment_update_05_births_by_attendance_area_2018-01-09.txt,2018-01-09,9/23/2017,
2005,Eldorado (K-5),Eldorado,76,False,True,enrollment_update_05_births_by_attendance_area_2018-01-09.txt,2018-01-09,9/23/2017,
2005,Emerald,Emerald,77,False,True,enrollment_update_05_births_by_attendance_area_2018-01-09.txt,2018-01-09,9/23/2017,
2005,Fireside,Fireside,66,False,True,enrollment_update_05_births_by_attendance_area_2018-01-09.txt,2018-01-09,9/23/2017,
2005,Flatirons,Flatirons,61,False,True,enrollment_update_05_births_by_attendance_area_2018-01-09.txt,2018-01-09,9/23/2017,
2005,Foothill,Foothill,95,False,True,enrollment_update_05_births_by_attendance_area_2018-01-09.txt,2018-01-09,9/23/2017,
2005,Gold Hill,Gold Hill,3,False,True,enrollment_update_05_births_by_attendance_area_2018-01-09.txt,2018-01-09,9/23/2017,
2005,Heatherwood,Heatherwood,70,False,True,enrollment_update_05_births_by_attendance_area_2018-01-09.txt,2018-01-09,9/23/2017,
2005,Jamestown,Jamestown,4,False,True,enrollment_update_05_births_by_attendance_area_2018-01-09.txt,2018-01-09,9/23/2017,
2005,Kohl,Kohl,50,False,True,enrollment_update_05_births_by_attendance_area_2018-01-09.txt,2018-01-09,9/23/2017,
2005,Lafayette,Lafayette,122,False,True,enrollment_update_05_births_by_attendance_area_2018-01-09.txt,2018-01-09,9/23/2017,
2005,Louisville,Louisville,65,False,True,enrollment_update_05_births_by_attendance_area_2018-01-09.txt,2018-01-09,9/23/2017,
2005,Meadowlark,Meadowlark,36,False,True,enrollment_update_05_births_by_attendance_area_2018-01-09.txt,2018-01-09,9/23/2017,
2005,Mesa,Mesa,30,False,True,enrollment_update_05_births_by_attendance_area_2018-01-09.txt,2018-01-09,9/23/2017,
2005,Monarch (K-5),Monarch,41,False,True,enrollment_update_05_births_by_attendance_area_2018-01-09.txt,2018-01-09,9/23/2017,
2005,Nederland,Nederland,101,False,True,enrollment_update_05_births_by_attendance_area_2018-01-09.txt,2018-01-09,9/23/2017,
2005,Ryan,Ryan,122,False,True,enrollment_update_05_births_by_attendance_area_2018-01-09.txt,2018-01-09,9/23/2017,
2005,Sanchez,Sanchez,93,False,True,enrollment_update_05_births_by_attendance_area_2018-01-09.txt,2018-01-09,9/23/2017,
2005,Superior,Superior,70,False,True,enrollment_update_05_births_by_attendance_area_2018-01-09.txt,2018-01-09,9/23/2017,
2005,Unlocated,Unlocated,0,False,True,enrollment_update_05_births_by_attendance_area_2018-01-09.txt,2018-01-09,9/23/2017,
2005,Whittier,Whittier,114,False,True,enrollment_update_05_births_by_attendance_area_2018-01-09.txt,2018-01-09,9/23/2017,
2005,BVSD,BVSD,2109,True,True,enrollment_update_05_births_by_attendance_area_2018-01-09.txt,2018-01-09,9/23/2017,
2005,Boulder Total,Boulder Total,975,True,True,enrollment_update_05_births_by_attendance_area_2018-01-09.txt,2018-01-09,9/23/2017,
2005,E County Total,E County Total,914,True,True,enrollment_update_05_births_by_attendance_area_2018-01-09.txt,2018-01-09,9/23/2017,
2006,Aspen Crk,Aspen Creek,62,False,True,enrollment_update_05_births_by_attendance_area_2018-01-09.txt,2018-01-09,9/23/2017,
2006,BC-Creekside,BC-Creekside,3,False,True,enrollment_update_05_births_by_attendance_area_2018-01-09.txt,2018-01-09,9/23/2017,
2006,BC-Mesa,BC-Mesa,21,False,True,enrollment_update_05_births_by_attendance_area_2018-01-09.txt,2018-01-09,9/23/2017,
2006,Bear Creek,Bear Creek,17,False,True,enrollment_update_05_births_by_attendance_area_2018-01-09.txt,2018-01-09,9/23/2017,
2006,Birch,Birch,64,False,True,enrollment_update_05_births_by_attendance_area_2018-01-09.txt,2018-01-09,9/23/2017,
2006,Coal Creek,Coal Creek,72,False,True,enrollment_update_05_births_by_attendance_area_2018-01-09.txt,2018-01-09,9/23/2017,
2006,Columbine,Columbine,168,False,True,enrollment_update_05_births_by_attendance_area_2018-01-09.txt,2018-01-09,9/23/2017,
2006,Creekside,Creekside,145,False,True,enrollment_update_05_births_by_attendance_area_2018-01-09.txt,2018-01-09,9/23/2017,
2006,Crest View,Crest View,115,False,True,enrollment_update_05_births_by_attendance_area_2018-01-09.txt,2018-01-09,9/23/2017,
2006,Douglass,Douglass,47,False,True,enrollment_update_05_births_by_attendance_area_2018-01-09.txt,2018-01-09,9/23/2017,
2006,Eisenhower,Eisenhower,81,False,True,enrollment_update_05_births_by_attendance_area_2018-01-09.txt,2018-01-09,9/23/2017,
2006,Eldorado (K-5),Eldorado,78,False,True,enrollment_update_05_births_by_attendance_area_2018-01-09.txt,2018-01-09,9/23/2017,
2006,Emerald,Emerald,96,False,True,enrollment_update_05_births_by_attendance_area_2018-01-09.txt,2018-01-09,9/23/2017,
2006,Fireside,Fireside,57,False,True,enrollment_update_05_births_by_attendance_area_2018-01-09.txt,2018-01-09,9/23/2017,
2006,Flatirons,Flatirons,58,False,True,enrollment_update_05_births_by_attendance_area_2018-01-09.txt,2018-01-09,9/23/2017,
2006,Foothill,Foothill,115,False,True,enrollment_update_05_births_by_attendance_area_2018-01-09.txt,2018-01-09,9/23/2017,
2006,Gold Hill,Gold Hill,1,False,True,enrollment_update_05_births_by_attendance_area_2018-01-09.txt,2018-01-09,9/23/2017,
2006,Heatherwood,Heatherwood,64,False,True,enrollment_update_05_births_by_attendance_area_2018-01-09.txt,2018-01-09,9/23/2017,
2006,Jamestown,Jamestown,6,False,True,enrollment_update_05_births_by_attendance_area_2018-01-09.txt,2018-01-09,9/23/2017,
2006,Kohl,Kohl,50,False,True,enrollment_update_05_births_by_attendance_area_2018-01-09.txt,2018-01-09,9/23/2017,
2006,Lafayette,Lafayette,121,False,True,enrollment_update_05_births_by_attendance_area_2018-01-09.txt,2018-01-09,9/23/2017,
2006,Louisville,Louisville,68,False,True,enrollment_update_05_births_by_attendance_area_2018-01-09.txt,2018-01-09,9/23/2017,
2006,Meadowlark,Meadowlark,44,False,True,enrollment_update_05_births_by_attendance_area_2018-01-09.txt,2018-01-09,9/23/2017,
2006,Mesa,Mesa,19,False,True,enrollment_update_05_births_by_attendance_area_2018-01-09.txt,2018-01-09,9/23/2017,
2006,Monarch (K-5),Monarch,45,False,True,enrollment_update_05_births_by_attendance_area_2018-01-09.txt,2018-01-09,9/23/2017,
2006,Nederland,Nederland,84,False,True,enrollment_update_05_births_by_attendance_area_2018-01-09.txt,2018-01-09,9/23/2017,
2006,Ryan,Ryan,117,False,True,enrollment_update_05_births_by_attendance_area_2018-01-09.txt,2018-01-09,9/23/2017,
2006,Sanchez,Sanchez,111,False,True,enrollment_update_05_births_by_attendance_area_2018-01-09.txt,2018-01-09,9/23/2017,
2006,Superior,Superior,59,False,True,enrollment_update_05_births_by_attendance_area_2018-01-09.txt,2018-01-09,9/23/2017,
2006,Unlocated,Unlocated,3,False,True,enrollment_update_05_births_by_attendance_area_2018-01-09.txt,2018-01-09,9/23/2017,
2006,Whittier,Whittier,114,False,True,enrollment_update_05_births_by_attendance_area_2018-01-09.txt,2018-01-09,9/23/2017,
2006,BVSD,BVSD,2105,True,True,enrollment_update_05_births_by_attendance_area_2018-01-09.txt,2018-01-09,9/23/2017,
2006,Boulder Total,Boulder Total,920,True,True,enrollment_update_05_births_by_attendance_area_2018-01-09.txt,2018-01-09,9/23/2017,
2006,E County Total,E County Total,969,True,True,enrollment_update_05_births_by_attendance_area_2018-01-09.txt,2018-01-09,9/23/2017,
2007,Aspen Crk,Aspen Creek,52,False,True,enrollment_update_05_births_by_attendance_area_2018-01-09.txt,2018-01-09,9/23/2017,
2007,BC-Creekside,BC-Creekside,5,False,True,enrollment_update_05_births_by_attendance_area_2018-01-09.txt,2018-01-09,9/23/2017,
2007,BC-Mesa,BC-Mesa,22,False,True,enrollment_update_05_births_by_attendance_area_2018-01-09.txt,2018-01-09,9/23/2017,
2007,Bear Creek,Bear Creek,23,False,True,enrollment_update_05_births_by_attendance_area_2018-01-09.txt,2018-01-09,9/23/2017,
2007,Birch,Birch,52,False,True,enrollment_update_05_births_by_attendance_area_2018-01-09.txt,2018-01-09,9/23/2017,
2007,Coal Creek,Coal Creek,55,False,True,enrollment_update_05_births_by_attendance_area_2018-01-09.txt,2018-01-09,9/23/2017,
2007,Columbine,Columbine,157,False,True,enrollment_update_05_births_by_attendance_area_2018-01-09.txt,2018-01-09,9/23/2017,
2007,Creekside,Creekside,156,False,True,enrollment_update_05_births_by_attendance_area_2018-01-09.txt,2018-01-09,9/23/2017,
2007,Crest View,Crest View,144,False,True,enrollment_update_05_births_by_attendance_area_2018-01-09.txt,2018-01-09,9/23/2017,
2007,Douglass,Douglass,54,False,True,enrollment_update_05_births_by_attendance_area_2018-01-09.txt,2018-01-09,9/23/2017,
2007,Eisenhower,Eisenhower,100,False,True,enrollment_update_05_births_by_attendance_area_2018-01-09.txt,2018-01-09,9/23/2017,
2007,Eldorado (K-5),Eldorado,65,False,True,enrollment_update_05_births_by_attendance_area_2018-01-09.txt,2018-01-09,9/23/2017,
2007,Emerald,Emerald,89,False,True,enrollment_update_05_births_by_attendance_area_2018-01-09.txt,2018-01-09,9/23/2017,
2007,Fireside,Fireside,47,False,True,enrollment_update_05_births_by_attendance_area_2018-01-09.txt,2018-01-09,9/23/2017,
2007,Flatirons,Flatirons,56,False,True,enrollment_update_05_births_by_attendance_area_2018-01-09.txt,2018-01-09,9/23/2017,
2007,Foothill,Foothill,84,False,True,enrollment_update_05_births_by_attendance_area_2018-01-09.txt,2018-01-09,9/23/2017,
2007,Gold Hill,Gold Hill,1,False,True,enrollment_update_05_births_by_attendance_area_2018-01-09.txt,2018-01-09,9/23/2017,
2007,Heatherwood,Heatherwood,69,False,True,enrollment_update_05_births_by_attendance_area_2018-01-09.txt,2018-01-09,9/23/2017,
2007,Jamestown,Jamestown,2,False,True,enrollment_update_05_births_by_attendance_area_2018-01-09.txt,2018-01-09,9/23/2017,
2007,Kohl,Kohl,45,False,True,enrollment_update_05_births_by_attendance_area_2018-01-09.txt,2018-01-09,9/23/2017,
2007,Lafayette,Lafayette,113,False,True,enrollment_update_05_births_by_attendance_area_2018-01-09.txt,2018-01-09,9/23/2017,
2007,Louisville,Louisville,90,False,True,enrollment_update_05_births_by_attendance_area_2018-01-09.txt,2018-01-09,9/23/2017,
2007,Meadowlark,Meadowlark,34,False,True,enrollment_update_05_births_by_attendance_area_2018-01-09.txt,2018-01-09,9/23/2017,
2007,Mesa,Mesa,31,False,True,enrollment_update_05_births_by_attendance_area_2018-01-09.txt,2018-01-09,9/23/2017,
2007,Monarch (K-5),Monarch,57,False,True,enrollment_update_05_births_by_attendance_area_2018-01-09.txt,2018-01-09,9/23/2017,
2007,Nederland,Nederland,65,False,True,enrollment_update_05_births_by_attendance_area_2018-01-09.txt,2018-01-09,9/23/2017,
2007,Ryan,Ryan,124,False,True,enrollment_update_05_births_by_attendance_area_2018-01-09.txt,2018-01-09,9/23/2017,
2007,Sanchez,Sanchez,96,False,True,enrollment_update_05_births_by_attendance_area_2018-01-09.txt,2018-01-09,9/23/2017,
2007,Superior,Superior,55,False,True,enrollment_update_05_births_by_attendance_area_2018-01-09.txt,2018-01-09,9/23/2017,
2007,Unlocated,Unlocated,0,False,True,enrollment_update_05_births_by_attendance_area_2018-01-09.txt,2018-01-09,9/23/2017,
2007,Whittier,Whittier,115,False,True,enrollment_update_05_births_by_attendance_area_2018-01-09.txt,2018-01-09,9/23/2017,
2007,BVSD,BVSD,2058,True,True,enrollment_update_05_births_by_attendance_area_2018-01-09.txt,2018-01-09,9/23/2017,
2007,Boulder Total,Boulder Total,962,True,True,enrollment_update_05_births_by_attendance_area_2018-01-09.txt,2018-01-09,9/23/2017,
2007,E County Total,E County Total,929,True,True,enrollment_update_05_births_by_attendance_area_2018-01-09.txt,2018-01-09,9/23/2017,
2008,Aspen Crk,Aspen Creek,56,False,True,enrollment_update_05_births_by_attendance_area_2018-01-09.txt,2018-01-09,9/23/2017,
2008,BC-Creekside,BC-Creekside,6,False,True,enrollment_update_05_births_by_attendance_area_2018-01-09.txt,2018-01-09,9/23/2017,
2008,BC-Mesa,BC-Mesa,27,False,True,enrollment_update_05_births_by_attendance_area_2018-01-09.txt,2018-01-09,9/23/2017,
2008,Bear Creek,Bear Creek,18,False,True,enrollment_update_05_births_by_attendance_area_2018-01-09.txt,2018-01-09,9/23/2017,
2008,Birch,Birch,60,False,True,enrollment_update_05_births_by_attendance_area_2018-01-09.txt,2018-01-09,9/23/2017,
2008,Coal Creek,Coal Creek,54,False,True,enrollment_update_05_births_by_attendance_area_2018-01-09.txt,2018-01-09,9/23/2017,
2008,Columbine,Columbine,155,False,True,enrollment_update_05_births_by_attendance_area_2018-01-09.txt,2018-01-09,9/23/2017,
2008,Creekside,Creekside,176,False,True,enrollment_update_05_births_by_attendance_area_2018-01-09.txt,2018-01-09,9/23/2017,
2008,Crest View,Crest View,114,False,True,enrollment_update_05_births_by_attendance_area_2018-01-09.txt,2018-01-09,9/23/2017,
2008,Douglass,Douglass,57,False,True,enrollment_update_05_births_by_attendance_area_2018-01-09.txt,2018-01-09,9/23/2017,
2008,Eisenhower,Eisenhower,82,False,True,enrollment_update_05_births_by_attendance_area_2018-01-09.txt,2018-01-09,9/23/2017,
2008,Eldorado (K-5),Eldorado,61,False,True,enrollment_update_05_births_by_attendance_area_2018-01-09.txt,2018-01-09,9/23/2017,
2008,Emerald,Emerald,95,False,True,enrollment_update_05_births_by_attendance_area_2018-01-09.txt,2018-01-09,9/23/2017,
2008,Fireside,Fireside,53,False,True,enrollment_update_05_births_by_attendance_area_2018-01-09.txt,2018-01-09,9/23/2017,
2008,Flatirons,Flatirons,53,False,True,enrollment_update_05_births_by_attendance_area_2018-01-09.txt,2018-01-09,9/23/2017,
2008,Foothill,Foothill,119,False,True,enrollment_update_05_births_by_attendance_area_2018-01-09.txt,2018-01-09,9/23/2017,
2008,Gold Hill,Gold Hill,1,False,True,enrollment_update_05_births_by_attendance_area_2018-01-09.txt,2018-01-09,9/23/2017,
2008,Heatherwood,Heatherwood,54,False,True,enrollment_update_05_births_by_attendance_area_2018-01-09.txt,2018-01-09,9/23/2017,
2008,Jamestown,Jamestown,5,False,True,enrollment_update_05_births_by_attendance_area_2018-01-09.txt,2018-01-09,9/23/2017,
2008,Kohl,Kohl,57,False,True,enrollment_update_05_births_by_attendance_area_2018-01-09.txt,2018-01-09,9/23/2017,
2008,Lafayette,Lafayette,113,False,True,enrollment_update_05_births_by_attendance_area_2018-01-09.txt,2018-01-09,9/23/2017,
2008,Louisville,Louisville,77,False,True,enrollment_update_05_births_by_attendance_area_2018-01-09.txt,2018-01-09,9/23/2017,
2008,Meadowlark,Meadowlark,39,False,True,enrollment_update_05_births_by_attendance_area_2018-01-09.txt,2018-01-09,9/23/2017,
2008,Mesa,Mesa,25,False,True,enrollment_update_05_births_by_attendance_area_2018-01-09.txt,2018-01-09,9/23/2017,
2008,Monarch (K-5),Monarch,45,False,True,enrollment_update_05_births_by_attendance_area_2018-01-09.txt,2018-01-09,9/23/2017,
2008,Nederland,Nederland,63,False,True,enrollment_update_05_births_by_attendance_area_2018-01-09.txt,2018-01-09,9/23/2017,
2008,Ryan,Ryan,114,False,True,enrollment_update_05_births_by_attendance_area_2018-01-09.txt,2018-01-09,9/23/2017,
2008,Sanchez,Sanchez,89,False,True,enrollment_update_05_births_by_attendance_area_2018-01-09.txt,2018-01-09,9/23/2017,
2008,Superior,Superior,58,False,True,enrollment_update_05_births_by_attendance_area_2018-01-09.txt,2018-01-09,9/23/2017,
2008,Unlocated,Unlocated,0,False,True,enrollment_update_05_births_by_attendance_area_2018-01-09.txt,2018-01-09,9/23/2017,
2008,Whittier,Whittier,110,False,True,enrollment_update_05_births_by_attendance_area_2018-01-09.txt,2018-01-09,9/23/2017,
2008,BVSD,BVSD,2036,True,True,enrollment_update_05_births_by_attendance_area_2018-01-09.txt,2018-01-09,9/23/2017,
2008,Boulder Total,Boulder Total,939,True,True,enrollment_update_05_births_by_attendance_area_2018-01-09.txt,2018-01-09,9/23/2017,
2008,E County Total,E County Total,928,True,True,enrollment_update_05_births_by_attendance_area_2018-01-09.txt,2018-01-09,9/23/2017,
2009,Aspen Crk,Aspen Creek,65,False,True,enrollment_update_05_births_by_attendance_area_2018-01-09.txt,2018-01-09,9/23/2017,
2009,BC-Creekside,BC-Creekside,2,False,True,enrollment_update_05_births_by_attendance_area_2018-01-09.txt,2018-01-09,9/23/2017,
2009,BC-Mesa,BC-Mesa,25,False,True,enrollment_update_05_births_by_attendance_area_2018-01-09.txt,2018-01-09,9/23/2017,
2009,Bear Creek,Bear Creek,25,False,True,enrollment_update_05_births_by_attendance_area_2018-01-09.txt,2018-01-09,9/23/2017,
2009,Birch,Birch,46,False,True,enrollment_update_05_births_by_attendance_area_2018-01-09.txt,2018-01-09,9/23/2017,
2009,Coal Creek,Coal Creek,68,False,True,enrollment_update_05_births_by_attendance_area_2018-01-09.txt,2018-01-09,9/23/2017,
2009,Columbine,Columbine,153,False,True,enrollment_update_05_births_by_attendance_area_2018-01-09.txt,2018-01-09,9/23/2017,
2009,Creekside,Creekside,159,False,True,enrollment_update_05_births_by_attendance_area_2018-01-09.txt,2018-01-09,9/23/2017,
2009,Crest View,Crest View,165,False,True,enrollment_update_05_births_by_attendance_area_2018-01-09.txt,2018-01-09,9/23/2017,
2009,Douglass,Douglass,47,False,True,enrollment_update_05_births_by_attendance_area_2018-01-09.txt,2018-01-09,9/23/2017,
2009,Eisenhower,Eisenhower,75,False,True,enrollment_update_05_births_by_attendance_area_2018-01-09.txt,2018-01-09,9/23/2017,
2009,Eldorado (K-5),Eldorado,58,False,True,enrollment_update_05_births_by_attendance_area_2018-01-09.txt,2018-01-09,9/23/2017,
2009,Emerald,Emerald,77,False,True,enrollment_update_05_births_by_attendance_area_2018-01-09.txt,2018-01-09,9/23/2017,
2009,Fireside,Fireside,39,False,True,enrollment_update_05_births_by_attendance_area_2018-01-09.txt,2018-01-09,9/23/2017,
2009,Flatirons,Flatirons,47,False,True,enrollment_update_05_births_by_attendance_area_2018-01-09.txt,2018-01-09,9/23/2017,
2009,Foothill,Foothill,92,False,True,enrollment_update_05_births_by_attendance_area_2018-01-09.txt,2018-01-09,9/23/2017,
2009,Gold Hill,Gold Hill,0,False,True,enrollment_update_05_births_by_attendance_area_2018-01-09.txt,2018-01-09,9/23/2017,
2009,Heatherwood,Heatherwood,77,False,True,enrollment_update_05_births_by_attendance_area_2018-01-09.txt,2018-01-09,9/23/2017,
2009,Jamestown,Jamestown,4,False,True,enrollment_update_05_births_by_attendance_area_2018-01-09.txt,2018-01-09,9/23/2017,
2009,Kohl,Kohl,48,False,True,enrollment_update_05_births_by_attendance_area_2018-01-09.txt,2018-01-09,9/23/2017,
2009,Lafayette,Lafayette,102,False,True,enrollment_update_05_births_by_attendance_area_2018-01-09.txt,2018-01-09,9/23/2017,
2009,Louisville,Louisville,72,False,True,enrollment_update_05_births_by_attendance_area_2018-01-09.txt,2018-01-09,9/23/2017,
2009,Meadowlark,Meadowlark,40,False,True,enrollment_update_05_births_by_attendance_area_2018-01-09.txt,2018-01-09,9/23/2017,
2009,Mesa,Mesa,31,False,True,enrollment_update_05_births_by_attendance_area_2018-01-09.txt,2018-01-09,9/23/2017,
2009,Monarch (K-5),Monarch,55,False,True,enrollment_update_05_births_by_attendance_area_2018-01-09.txt,2018-01-09,9/23/2017,
2009,Nederland,Nederland,63,False,True,enrollment_update_05_births_by_attendance_area_2018-01-09.txt,2018-01-09,9/23/2017,
2009,Ryan,Ryan,121,False,True,enrollment_update_05_births_by_attendance_area_2018-01-09.txt,2018-01-09,9/23/2017,
2009,Sanchez,Sanchez,92,False,True,enrollment_update_05_births_by_attendance_area_2018-01-09.txt,2018-01-09,9/23/2017,
2009,Superior,Superior,48,False,True,enrollment_update_05_births_by_attendance_area_2018-01-09.txt,2018-01-09,9/23/2017,
2009,Unlocated,Unlocated,1,False,True,enrollment_update_05_births_by_attendance_area_2018-01-09.txt,2018-01-09,9/23/2017,
2009,Whittier,Whittier,115,False,True,enrollment_update_05_births_by_attendance_area_2018-01-09.txt,2018-01-09,9/23/2017,
2009,BVSD,BVSD,2012,True,True,enrollment_update_05_births_by_attendance_area_2018-01-09.txt,2018-01-09,9/23/2017,
2009,Boulder Total,Boulder Total,966,True,True,enrollment_update_05_births_by_attendance_area_2018-01-09.txt,2018-01-09,9/23/2017,
2009,E County Total,E County Total,880,True,True,enrollment_update_05_births_by_attendance_area_2018-01-09.txt,2018-01-09,9/23/2017,
2010,Aspen Crk,Aspen Creek,56,False,True,enrollment_update_05_births_by_attendance_area_2018-01-09.txt,2018-01-09,9/23/2017,
2010,BC-Creekside,BC-Creekside,2,False,True,enrollment_update_05_births_by_attendance_area_2018-01-09.txt,2018-01-09,9/23/2017,
2010,BC-Mesa,BC-Mesa,31,False,True,enrollment_update_05_births_by_attendance_area_2018-01-09.txt,2018-01-09,9/23/2017,
2010,Bear Creek,Bear Creek,31,False,True,enrollment_update_05_births_by_attendance_area_2018-01-09.txt,2018-01-09,9/23/2017,
2010,Birch,Birch,56,False,True,enrollment_update_05_births_by_attendance_area_2018-01-09.txt,2018-01-09,9/23/2017,
2010,Coal Creek,Coal Creek,68,False,True,enrollment_update_05_births_by_attendance_area_2018-01-09.txt,2018-01-09,9/23/2017,
2010,Columbine,Columbine,135,False,True,enrollment_update_05_births_by_attendance_area_2018-01-09.txt,2018-01-09,9/23/2017,
2010,Creekside,Creekside,150,False,True,enrollment_update_05_births_by_attendance_area_2018-01-09.txt,2018-01-09,9/23/2017,
2010,Crest View,Crest View,135,False,True,enrollment_update_05_births_by_attendance_area_2018-01-09.txt,2018-01-09,9/23/2017,
2010,Douglass,Douglass,47,False,True,enrollment_update_05_births_by_attendance_area_2018-01-09.txt,2018-01-09,9/23/2017,
2010,Eisenhower,Eisenhower,76,False,True,enrollment_update_05_births_by_attendance_area_2018-01-09.txt,2018-01-09,9/23/2017,
2010,Eldorado (K-5),Eldorado,46,False,True,enrollment_update_05_births_by_attendance_area_2018-01-09.txt,2018-01-09,9/23/2017,
2010,Emerald,Emerald,79,False,True,enrollment_update_05_births_by_attendance_area_2018-01-09.txt,2018-01-09,9/23/2017,
2010,Fireside,Fireside,48,False,True,enrollment_update_05_births_by_attendance_area_2018-01-09.txt,2018-01-09,9/23/2017,
2010,Flatirons,Flatirons,48,False,True,enrollment_update_05_births_by_attendance_area_2018-01-09.txt,2018-01-09,9/23/2017,
2010,Foothill,Foothill,80,False,True,enrollment_update_05_births_by_attendance_area_2018-01-09.txt,2018-01-09,9/23/2017,
2010,Gold Hill,Gold Hill,2,False,True,enrollment_update_05_births_by_attendance_area_2018-01-09.txt,2018-01-09,9/23/2017,
2010,Heatherwood,Heatherwood,64,False,True,enrollment_update_05_births_by_attendance_area_2018-01-09.txt,2018-01-09,9/23/2017,
2010,Jamestown,Jamestown,3,False,True,enrollment_update_05_births_by_attendance_area_2018-01-09.txt,2018-01-09,9/23/2017,
2010,Kohl,Kohl,42,False,True,enrollment_update_05_births_by_attendance_area_2018-01-09.txt,2018-01-09,9/23/2017,
2010,Lafayette,Lafayette,114,False,True,enrollment_update_05_births_by_attendance_area_2018-01-09.txt,2018-01-09,9/23/2017,
2010,Louisville,Louisville,59,False,True,enrollment_update_05_births_by_attendance_area_2018-01-09.txt,2018-01-09,9/23/2017,
2010,Meadowlark,Meadowlark,31,False,True,enrollment_update_05_births_by_attendance_area_2018-01-09.txt,2018-01-09,9/23/2017,
2010,Mesa,Mesa,23,False,True,enrollment_update_05_births_by_attendance_area_2018-01-09.txt,2018-01-09,9/23/2017,
2010,Monarch (K-5),Monarch,60,False,True,enrollment_update_05_births_by_attendance_area_2018-01-09.txt,2018-01-09,9/23/2017,
2010,Nederland,Nederland,62,False,True,enrollment_update_05_births_by_attendance_area_2018-01-09.txt,2018-01-09,9/23/2017,
2010,Ryan,Ryan,99,False,True,enrollment_update_05_births_by_attendance_area_2018-01-09.txt,2018-01-09,9/23/2017,
2010,Sanchez,Sanchez,87,False,True,enrollment_update_05_births_by_attendance_area_2018-01-09.txt,2018-01-09,9/23/2017,
2010,Superior,Superior,52,False,True,enrollment_update_05_births_by_attendance_area_2018-01-09.txt,2018-01-09,9/23/2017,
2010,Unlocated,Unlocated,0,False,True,enrollment_update_05_births_by_attendance_area_2018-01-09.txt,2018-01-09,9/23/2017,
2010,Whittier,Whittier,105,False,True,enrollment_update_05_births_by_attendance_area_2018-01-09.txt,2018-01-09,9/23/2017,
2010,BVSD,BVSD,1891,True,True,enrollment_update_05_births_by_attendance_area_2018-01-09.txt,2018-01-09,9/23/2017,
2010,Boulder Total,Boulder Total,880,True,True,enrollment_update_05_births_by_attendance_area_2018-01-09.txt,2018-01-09,9/23/2017,
2010,E County Total,E County Total,867,True,True,enrollment_update_05_births_by_attendance_area_2018-01-09.txt,2018-01-09,9/23/2017,
2011,Aspen Crk,Aspen Creek,51,False,True,enrollment_update_05_births_by_attendance_area_2018-01-09.txt,2018-01-09,9/23/2017,
2011,BC-Creekside,BC-Creekside,2,False,True,enrollment_update_05_births_by_attendance_area_2018-01-09.txt,2018-01-09,9/23/2017,
2011,BC-Mesa,BC-Mesa,24,False,True,enrollment_update_05_births_by_attendance_area_2018-01-09.txt,2018-01-09,9/23/2017,
2011,Bear Creek,Bear Creek,20,False,True,enrollment_update_05_births_by_attendance_area_2018-01-09.txt,2018-01-09,9/23/2017,
2011,Birch,Birch,49,False,True,enrollment_update_05_births_by_attendance_area_2018-01-09.txt,2018-01-09,9/23/2017,
2011,Coal Creek,Coal Creek,51,False,True,enrollment_update_05_births_by_attendance_area_2018-01-09.txt,2018-01-09,9/23/2017,
2011,Columbine,Columbine,155,False,True,enrollment_update_05_births_by_attendance_area_2018-01-09.txt,2018-01-09,9/23/2017,
2011,Creekside,Creekside,130,False,True,enrollment_update_05_births_by_attendance_area_2018-01-09.txt,2018-01-09,9/23/2017,
2011,Crest View,Crest View,123,False,True,enrollment_update_05_births_by_attendance_area_2018-01-09.txt,2018-01-09,9/23/2017,
2011,Douglass,Douglass,38,False,True,enrollment_update_05_births_by_attendance_area_2018-01-09.txt,2018-01-09,9/23/2017,
2011,Eisenhower,Eisenhower,91,False,True,enrollment_update_05_births_by_attendance_area_2018-01-09.txt,2018-01-09,9/23/2017,
2011,Eldorado (K-5),Eldorado,40,False,True,enrollment_update_05_births_by_attendance_area_2018-01-09.txt,2018-01-09,9/23/2017,
2011,Emerald,Emerald,73,False,True,enrollment_update_05_births_by_attendance_area_2018-01-09.txt,2018-01-09,9/23/2017,
2011,Fireside,Fireside,57,False,True,enrollment_update_05_births_by_attendance_area_2018-01-09.txt,2018-01-09,9/23/2017,
2011,Flatirons,Flatirons,47,False,True,enrollment_update_05_births_by_attendance_area_2018-01-09.txt,2018-01-09,9/23/2017,
2011,Foothill,Foothill,83,False,True,enrollment_update_05_births_by_attendance_area_2018-01-09.txt,2018-01-09,9/23/2017,
2011,Gold Hill,Gold Hill,2,False,True,enrollment_update_05_births_by_attendance_area_2018-01-09.txt,2018-01-09,9/23/2017,
2011,Heatherwood,Heatherwood,62,False,True,enrollment_update_05_births_by_attendance_area_2018-01-09.txt,2018-01-09,9/23/2017,
2011,Jamestown,Jamestown,4,False,True,enrollment_update_05_births_by_attendance_area_2018-01-09.txt,2018-01-09,9/23/2017,
2011,Kohl,Kohl,55,False,True,enrollment_update_05_births_by_attendance_area_2018-01-09.txt,2018-01-09,9/23/2017,
2011,Lafayette,Lafayette,124,False,True,enrollment_update_05_births_by_attendance_area_2018-01-09.txt,2018-01-09,9/23/2017,
2011,Louisville,Louisville,80,False,True,enrollment_update_05_births_by_attendance_area_2018-01-09.txt,2018-01-09,9/23/2017,
2011,Meadowlark,Meadowlark,38,False,True,enrollment_update_05_births_by_attendance_area_2018-01-09.txt,2018-01-09,9/23/2017,
2011,Mesa,Mesa,16,False,True,enrollment_update_05_births_by_attendance_area_2018-01-09.txt,2018-01-09,9/23/2017,
2011,Monarch (K-5),Monarch,59,False,True,enrollment_update_05_births_by_attendance_area_2018-01-09.txt,2018-01-09,9/23/2017,
2011,Nederland,Nederland,53,False,True,enrollment_update_05_births_by_attendance_area_2018-01-09.txt,2018-01-09,9/23/2017,
2011,Ryan,Ryan,99,False,True,enrollment_update_05_births_by_attendance_area_2018-01-09.txt,2018-01-09,9/23/2017,
2011,Sanchez,Sanchez,81,False,True,enrollment_update_05_births_by_attendance_area_2018-01-09.txt,2018-01-09,9/23/2017,
2011,Superior,Superior,35,False,True,enrollment_update_05_births_by_attendance_area_2018-01-09.txt,2018-01-09,9/23/2017,
2011,Unlocated,Unlocated,0,False,True,enrollment_update_05_births_by_attendance_area_2018-01-09.txt,2018-01-09,9/23/2017,
2011,Whittier,Whittier,87,False,True,enrollment_update_05_births_by_attendance_area_2018-01-09.txt,2018-01-09,9/23/2017,
2011,BVSD,BVSD,1829,True,True,enrollment_update_05_births_by_attendance_area_2018-01-09.txt,2018-01-09,9/23/2017,
2011,Boulder Total,Boulder Total,840,True,True,enrollment_update_05_births_by_attendance_area_2018-01-09.txt,2018-01-09,9/23/2017,
2011,E County Total,E County Total,852,True,True,enrollment_update_05_births_by_attendance_area_2018-01-09.txt,2018-01-09,9/23/2017,
2012,Aspen Crk,Aspen Creek,61,False,True,enrollment_update_05_births_by_attendance_area_2018-01-09.txt,2018-01-09,9/23/2017,
2012,BC-Creekside,BC-Creekside,8,False,True,enrollment_update_05_births_by_attendance_area_2018-01-09.txt,2018-01-09,9/23/2017,
2012,BC-Mesa,BC-Mesa,26,False,True,enrollment_update_05_births_by_attendance_area_2018-01-09.txt,2018-01-09,9/23/2017,
2012,Bear Creek,Bear Creek,19,False,True,enrollment_update_05_births_by_attendance_area_2018-01-09.txt,2018-01-09,9/23/2017,
2012,Birch,Birch,43,False,True,enrollment_update_05_births_by_attendance_area_2018-01-09.txt,2018-01-09,9/23/2017,
2012,Coal Creek,Coal Creek,66,False,True,enrollment_update_05_births_by_attendance_area_2018-01-09.txt,2018-01-09,9/23/2017,
2012,Columbine,Columbine,132,False,True,enrollment_update_05_births_by_attendance_area_2018-01-09.txt,2018-01-09,9/23/2017,
2012,Creekside,Creekside,157,False,True,enrollment_update_05_births_by_attendance_area_2018-01-09.txt,2018-01-09,9/23/2017,
2012,Crest View,Crest View,147,False,True,enrollment_update_05_births_by_attendance_area_2018-01-09.txt,2018-01-09,9/23/2017,
2012,Douglass,Douglass,52,False,True,enrollment_update_05_births_by_attendance_area_2018-01-09.txt,2018-01-09,9/23/2017,
2012,Eisenhower,Eisenhower,83,False,True,enrollment_update_05_births_by_attendance_area_2018-01-09.txt,2018-01-09,9/23/2017,
2012,Eldorado (K-5),Eldorado,41,False,True,enrollment_update_05_births_by_attendance_area_2018-01-09.txt,2018-01-09,9/23/2017,
2012,Emerald,Emerald,90,False,True,enrollment_update_05_births_by_attendance_area_2018-01-09.txt,2018-01-09,9/23/2017,
2012,Fireside,Fireside,45,False,True,enrollment_update_05_births_by_attendance_area_2018-01-09.txt,2018-01-09,9/23/2017,
2012,Flatirons,Flatirons,44,False,True,enrollment_update_05_births_by_attendance_area_2018-01-09.txt,2018-01-09,9/23/2017,
2012,Foothill,Foothill,84,False,True,enrollment_update_05_births_by_attendance_area_2018-01-09.txt,2018-01-09,9/23/2017,
2012,Gold Hill,Gold Hill,1,False,True,enrollment_update_05_births_by_attendance_area_2018-01-09.txt,2018-01-09,9/23/2017,
2012,Heatherwood,Heatherwood,71,False,True,enrollment_update_05_births_by_attendance_area_2018-01-09.txt,2018-01-09,9/23/2017,
2012,Jamestown,Jamestown,6,False,True,enrollment_update_05_births_by_attendance_area_2018-01-09.txt,2018-01-09,9/23/2017,
2012,Kohl,Kohl,59,False,True,enrollment_update_05_births_by_attendance_area_2018-01-09.txt,2018-01-09,9/23/2017,
2012,Lafayette,Lafayette,105,False,True,enrollment_update_05_births_by_attendance_area_2018-01-09.txt,2018-01-09,9/23/2017,
2012,Louisville,Louisville,85,False,True,enrollment_update_05_births_by_attendance_area_2018-01-09.txt,2018-01-09,9/23/2017,
2012,Meadowlark,Meadowlark,27,False,True,enrollment_update_05_births_by_attendance_area_2018-01-09.txt,2018-01-09,9/23/2017,
2012,Mesa,Mesa,23,False,True,enrollment_update_05_births_by_attendance_area_2018-01-09.txt,2018-01-09,9/23/2017,
2012,Monarch (K-5),Monarch,60,False,True,enrollment_update_05_births_by_attendance_area_2018-01-09.txt,2018-01-09,9/23/2017,
2012,Nederland,Nederland,48,False,True,enrollment_update_05_births_by_attendance_area_2018-01-09.txt,2018-01-09,9/23/2017,
2012,Ryan,Ryan,143,False,True,enrollment_update_05_births_by_attendance_area_2018-01-09.txt,2018-01-09,9/23/2017,
2012,Sanchez,Sanchez,83,False,True,enrollment_update_05_births_by_attendance_area_2018-01-09.txt,2018-01-09,9/23/2017,
2012,Superior,Superior,28,False,True,enrollment_update_05_births_by_attendance_area_2018-01-09.txt,2018-01-09,9/23/2017,
2012,Unlocated,Unlocated,0,False,True,enrollment_update_05_births_by_attendance_area_2018-01-09.txt,2018-01-09,9/23/2017,
2012,Whittier,Whittier,119,False,True,enrollment_update_05_births_by_attendance_area_2018-01-09.txt,2018-01-09,9/23/2017,
2012,BVSD,BVSD,1956,True,True,enrollment_update_05_births_by_attendance_area_2018-01-09.txt,2018-01-09,9/23/2017,
2012,Boulder Total,Boulder Total,913,True,True,enrollment_update_05_births_by_attendance_area_2018-01-09.txt,2018-01-09,9/23/2017,
2012,E County Total,E County Total,920,True,True,enrollment_update_05_births_by_attendance_area_2018-01-09.txt,2018-01-09,9/23/2017,
2013,Aspen Crk,Aspen Creek,67,False,True,enrollment_update_05_births_by_attendance_area_2018-01-09.txt,2018-01-09,9/23/2017,
2013,BC-Creekside,BC-Creekside,3,False,True,enrollment_update_05_births_by_attendance_area_2018-01-09.txt,2018-01-09,9/23/2017,
2013,BC-Mesa,BC-Mesa,23,False,True,enrollment_update_05_births_by_attendance_area_2018-01-09.txt,2018-01-09,9/23/2017,
2013,Bear Creek,Bear Creek,25,False,True,enrollment_update_05_births_by_attendance_area_2018-01-09.txt,2018-01-09,9/23/2017,
2013,Birch,Birch,65,False,True,enrollment_update_05_births_by_attendance_area_2018-01-09.txt,2018-01-09,9/23/2017,
2013,Coal Creek,Coal Creek,60,False,True,enrollment_update_05_births_by_attendance_area_2018-01-09.txt,2018-01-09,9/23/2017,
2013,Columbine,Columbine,129,False,True,enrollment_update_05_births_by_attendance_area_2018-01-09.txt,2018-01-09,9/23/2017,
2013,Creekside,Creekside,157,False,True,enrollment_update_05_births_by_attendance_area_2018-01-09.txt,2018-01-09,9/23/2017,
2013,Crest View,Crest View,151,False,True,enrollment_update_05_births_by_attendance_area_2018-01-09.txt,2018-01-09,9/23/2017,
2013,Douglass,Douglass,46,False,True,enrollment_update_05_births_by_attendance_area_2018-01-09.txt,2018-01-09,9/23/2017,
2013,Eisenhower,Eisenhower,84,False,True,enrollment_update_05_births_by_attendance_area_2018-01-09.txt,2018-01-09,9/23/2017,
2013,Eldorado (K-5),Eldorado,46,False,True,enrollment_update_05_births_by_attendance_area_2018-01-09.txt,2018-01-09,9/23/2017,
2013,Emerald,Emerald,81,False,True,enrollment_update_05_births_by_attendance_area_2018-01-09.txt,2018-01-09,9/23/2017,
2013,Fireside,Fireside,59,False,True,enrollment_update_05_births_by_attendance_area_2018-01-09.txt,2018-01-09,9/23/2017,
2013,Flatirons,Flatirons,41,False,True,enrollment_update_05_births_by_attendance_area_2018-01-09.txt,2018-01-09,9/23/2017,
2013,Foothill,Foothill,64,False,True,enrollment_update_05_births_by_attendance_area_2018-01-09.txt,2018-01-09,9/23/2017,
2013,Gold Hill,Gold Hill,3,False,True,enrollment_update_05_births_by_attendance_area_2018-01-09.txt,2018-01-09,9/23/2017,
2013,Heatherwood,Heatherwood,60,False,True,enrollment_update_05_births_by_attendance_area_2018-01-09.txt,2018-01-09,9/23/2017,
2013,Jamestown,Jamestown,2,False,True,enrollment_update_05_births_by_attendance_area_2018-01-09.txt,2018-01-09,9/23/2017,
2013,Kohl,Kohl,53,False,True,enrollment_update_05_births_by_attendance_area_2018-01-09.txt,2018-01-09,9/23/2017,
2013,Lafayette,Lafayette,89,False,True,enrollment_update_05_births_by_attendance_area_2018-01-09.txt,2018-01-09,9/23/2017,
2013,Louisville,Louisville,79,False,True,enrollment_update_05_births_by_attendance_area_2018-01-09.txt,2018-01-09,9/23/2017,
2013,Meadowlark,Meadowlark,24,False,True,enrollment_update_05_births_by_attendance_area_2018-01-09.txt,2018-01-09,9/23/2017,
2013,Mesa,Mesa,20,False,True,enrollment_update_05_births_by_attendance_area_2018-01-09.txt,2018-01-09,9/23/2017,
2013,Monarch (K-5),Monarch,67,False,True,enrollment_update_05_births_by_attendance_area_2018-01-09.txt,2018-01-09,9/23/2017,
2013,Nederland,Nederland,55,False,True,enrollment_update_05_births_by_attendance_area_2018-01-09.txt,2018-01-09,9/23/2017,
2013,Ryan,Ryan,104,False,True,enrollment_update_05_births_by_attendance_area_2018-01-09.txt,2018-01-09,9/23/2017,
2013,Sanchez,Sanchez,99,False,True,enrollment_update_05_births_by_attendance_area_2018-01-09.txt,2018-01-09,9/23/2017,
2013,Superior,Superior,41,False,True,enrollment_update_05_births_by_attendance_area_2018-01-09.txt,2018-01-09,9/23/2017,
2013,Unlocated,Unlocated,0,False,True,enrollment_update_05_births_by_attendance_area_2018-01-09.txt,2018-01-09,9/23/2017,
2013,Whittier,Whittier,115,False,True,enrollment_update_05_births_by_attendance_area_2018-01-09.txt,2018-01-09,9/23/2017,
2013,BVSD,BVSD,1912,True,True,enrollment_update_05_births_by_attendance_area_2018-01-09.txt,2018-01-09,9/23/2017,
2013,Boulder Total,Boulder Total,872,True,True,enrollment_update_05_births_by_attendance_area_2018-01-09.txt,2018-01-09,9/23/2017,
2013,E County Total,E County Total,910,True,True,enrollment_update_05_births_by_attendance_area_2018-01-09.txt,2018-01-09,9/23/2017,
2014,Aspen Crk,Aspen Creek,54,False,True,enrollment_update_05_births_by_attendance_area_2018-01-09.txt,2018-01-09,9/23/2017,
2014,BC-Creekside,BC-Creekside,4,False,True,enrollment_update_05_births_by_attendance_area_2018-01-09.txt,2018-01-09,9/23/2017,
2014,BC-Mesa,BC-Mesa,25,False,True,enrollment_update_05_births_by_attendance_area_2018-01-09.txt,2018-01-09,9/23/2017,
2014,Bear Creek,Bear Creek,21,False,True,enrollment_update_05_births_by_attendance_area_2018-01-09.txt,2018-01-09,9/23/2017,
2014,Birch,Birch,58,False,True,enrollment_update_05_births_by_attendance_area_2018-01-09.txt,2018-01-09,9/23/2017,
2014,Coal Creek,Coal Creek,63,False,True,enrollment_update_05_births_by_attendance_area_2018-01-09.txt,2018-01-09,9/23/2017,
2014,Columbine,Columbine,124,False,True,enrollment_update_05_births_by_attendance_area_2018-01-09.txt,2018-01-09,9/23/2017,
2014,Creekside,Creekside,131,False,True,enrollment_update_05_births_by_attendance_area_2018-01-09.txt,2018-01-09,9/23/2017,
2014,Crest View,Crest View,123,False,True,enrollment_update_05_births_by_attendance_area_2018-01-09.txt,2018-01-09,9/23/2017,
2014,Douglass,Douglass,47,False,True,enrollment_update_05_births_by_attendance_area_2018-01-09.txt,2018-01-09,9/23/2017,
2014,Eisenhower,Eisenhower,75,False,True,enrollment_update_05_births_by_attendance_area_2018-01-09.txt,2018-01-09,9/23/2017,
2014,Eldorado (K-5),Eldorado,37,False,True,enrollment_update_05_births_by_attendance_area_2018-01-09.txt,2018-01-09,9/23/2017,
2014,Emerald,Emerald,80,False,True,enrollment_update_05_births_by_attendance_area_2018-01-09.txt,2018-01-09,9/23/2017,
2014,Fireside,Fireside,45,False,True,enrollment_update_05_births_by_attendance_area_2018-01-09.txt,2018-01-09,9/23/2017,
2014,Flatirons,Flatirons,43,False,True,enrollment_update_05_births_by_attendance_area_2018-01-09.txt,2018-01-09,9/23/2017,
2014,Foothill,Foothill,85,False,True,enrollment_update_05_births_by_attendance_area_2018-01-09.txt,2018-01-09,9/23/2017,
2014,Gold Hill,Gold Hill,0,False,True,enrollment_update_05_births_by_attendance_area_2018-01-09.txt,2018-01-09,9/23/2017,
2014,Heatherwood,Heatherwood,58,False,True,enrollment_update_05_births_by_attendance_area_2018-01-09.txt,2018-01-09,9/23/2017,
2014,Jamestown,Jamestown,2,False,True,enrollment_update_05_births_by_attendance_area_2018-01-09.txt,2018-01-09,9/23/2017,
2014,Kohl,Kohl,59,False,True,enrollment_update_05_births_by_attendance_area_2018-01-09.txt,2018-01-09,9/23/2017,
2014,Lafayette,Lafayette,109,False,True,enrollment_update_05_births_by_attendance_area_2018-01-09.txt,2018-01-09,9/23/2017,
2014,Louisville,Louisville,72,False,True,enrollment_update_05_births_by_attendance_area_2018-01-09.txt,2018-01-09,9/23/2017,
2014,Meadowlark,Meadowlark,33,False,True,enrollment_update_05_births_by_attendance_area_2018-01-09.txt,2018-01-09,9/23/2017,
2014,Mesa,Mesa,23,False,True,enrollment_update_05_births_by_attendance_area_2018-01-09.txt,2018-01-09,9/23/2017,
2014,Monarch (K-5),Monarch,79,False,True,enrollment_update_05_births_by_attendance_area_2018-01-09.txt,2018-01-09,9/23/2017,
2014,Nederland,Nederland,56,False,True,enrollment_update_05_births_by_attendance_area_2018-01-09.txt,2018-01-09,9/23/2017,
2014,Ryan,Ryan,107,False,True,enrollment_update_05_births_by_attendance_area_2018-01-09.txt,2018-01-09,9/23/2017,
2014,Sanchez,Sanchez,98,False,True,enrollment_update_05_births_by_attendance_area_2018-01-09.txt,2018-01-09,9/23/2017,
2014,Superior,Superior,32,False,True,enrollment_update_05_births_by_attendance_area_2018-01-09.txt,2018-01-09,9/23/2017,
2014,Unlocated,Unlocated,0,False,True,enrollment_update_05_births_by_attendance_area_2018-01-09.txt,2018-01-09,9/23/2017,
2014,Whittier,Whittier,113,False,True,enrollment_update_05_births_by_attendance_area_2018-01-09.txt,2018-01-09,9/23/2017,
2014,BVSD,BVSD,1856,True,True,enrollment_update_05_births_by_attendance_area_2018-01-09.txt,2018-01-09,9/23/2017,
2014,Boulder Total,Boulder Total,825,True,True,enrollment_update_05_births_by_attendance_area_2018-01-09.txt,2018-01-09,9/23/2017,
2014,E County Total,E County Total,903,True,True,enrollment_update_05_births_by_attendance_area_2018-01-09.txt,2018-01-09,9/23/2017,
2015,Aspen Crk,Aspen Creek,70,False,True,enrollment_update_05_births_by_attendance_area_2018-01-09.txt,2018-01-09,9/23/2017,
2015,BC-Creekside,BC-Creekside,6,False,True,enrollment_update_05_births_by_attendance_area_2018-01-09.txt,2018-01-09,9/23/2017,
2015,BC-Mesa,BC-Mesa,17,False,True,enrollment_update_05_births_by_attendance_area_2018-01-09.txt,2018-01-09,9/23/2017,
2015,Bear Creek,Bear Creek,11,False,True,enrollment_update_05_births_by_attendance_area_2018-01-09.txt,2018-01-09,9/23/2017,
2015,Birch,Birch,51,False,True,enrollment_update_05_births_by_attendance_area_2018-01-09.txt,2018-01-09,9/23/2017,
2015,Coal Creek,Coal Creek,48,False,True,enrollment_update_05_births_by_attendance_area_2018-01-09.txt,2018-01-09,9/23/2017,
2015,Columbine,Columbine,121,False,True,enrollment_update_05_births_by_attendance_area_2018-01-09.txt,2018-01-09,9/23/2017,
2015,Creekside,Creekside,158,False,True,enrollment_update_05_births_by_attendance_area_2018-01-09.txt,2018-01-09,9/23/2017,
2015,Crest View,Crest View,152,False,True,enrollment_update_05_births_by_attendance_area_2018-01-09.txt,2018-01-09,9/23/2017,
2015,Douglass,Douglass,49,False,True,enrollment_update_05_births_by_attendance_area_2018-01-09.txt,2018-01-09,9/23/2017,
2015,Eisenhower,Eisenhower,74,False,True,enrollment_update_05_births_by_attendance_area_2018-01-09.txt,2018-01-09,9/23/2017,
2015,Eldorado (K-5),Eldorado,29,False,True,enrollment_update_05_births_by_attendance_area_2018-01-09.txt,2018-01-09,9/23/2017,
2015,Emerald,Emerald,112,False,True,enrollment_update_05_births_by_attendance_area_2018-01-09.txt,2018-01-09,9/23/2017,
2015,Fireside,Fireside,46,False,True,enrollment_update_05_births_by_attendance_area_2018-01-09.txt,2018-01-09,9/23/2017,
2015,Flatirons,Flatirons,43,False,True,enrollment_update_05_births_by_attendance_area_2018-01-09.txt,2018-01-09,9/23/2017,
2015,Foothill,Foothill,64,False,True,enrollment_update_05_births_by_attendance_area_2018-01-09.txt,2018-01-09,9/23/2017,
2015,Gold Hill,Gold Hill,1,False,True,enrollment_update_05_births_by_attendance_area_2018-01-09.txt,2018-01-09,9/23/2017,
2015,Heatherwood,Heatherwood,71,False,True,enrollment_update_05_births_by_attendance_area_2018-01-09.txt,2018-01-09,9/23/2017,
2015,Jamestown,Jamestown,1,False,True,enrollment_update_05_births_by_attendance_area_2018-01-09.txt,2018-01-09,9/23/2017,
2015,Kohl,Kohl,55,False,True,enrollment_update_05_births_by_attendance_area_2018-01-09.txt,2018-01-09,9/23/2017,
2015,Lafayette,Lafayette,100,False,True,enrollment_update_05_births_by_attendance_area_2018-01-09.txt,2018-01-09,9/23/2017,
2015,Louisville,Louisville,77,False,True,enrollment_update_05_births_by_attendance_area_2018-01-09.txt,2018-01-09,9/23/2017,
2015,Meadowlark,Meadowlark,28,False,True,enrollment_update_05_births_by_attendance_area_2018-01-09.txt,2018-01-09,9/23/2017,
2015,Mesa,Mesa,23,False,True,enrollment_update_05_births_by_attendance_area_2018-01-09.txt,2018-01-09,9/23/2017,
2015,Monarch (K-5),Monarch,56,False,True,enrollment_update_05_births_by_attendance_area_2018-01-09.txt,2018-01-09,9/23/2017,
2015,Nederland,Nederland,55,False,True,enrollment_update_05_births_by_attendance_area_2018-01-09.txt,2018-01-09,9/23/2017,
2015,Ryan,Ryan,102,False,True,enrollment_update_05_births_by_attendance_area_2018-01-09.txt,2018-01-09,9/23/2017,
2015,Sanchez,Sanchez,111,False,True,enrollment_update_05_births_by_attendance_area_2018-01-09.txt,2018-01-09,9/23/2017,
2015,Superior,Superior,41,False,True,enrollment_update_05_births_by_attendance_area_2018-01-09.txt,2018-01-09,9/23/2017,
2015,Unlocated,Unlocated,0,False,True,enrollment_update_05_births_by_attendance_area_2018-01-09.txt,2018-01-09,9/23/2017,
2015,Whittier,Whittier,106,False,True,enrollment_update_05_births_by_attendance_area_2018-01-09.txt,2018-01-09,9/23/2017,
2015,BVSD,BVSD,1878,True,True,enrollment_update_05_births_by_attendance_area_2018-01-09.txt,2018-01-09,9/23/2017,
2015,Boulder Total,Boulder Total,846,True,True,enrollment_update_05_births_by_attendance_area_2018-01-09.txt,2018-01-09,9/23/2017,
2015,E County Total,E County Total,918,True,True,enrollment_update_05_births_by_attendance_area_2018-01-09.txt,2018-01-09,9/23/2017,
2016,Aspen Crk,Aspen Creek,61,False,True,enrollment_update_05_births_by_attendance_area_2018-01-09.txt,2018-01-09,9/23/2017,
2016,BC-Creekside,BC-Creekside,1,False,True,enrollment_update_05_births_by_attendance_area_2018-01-09.txt,2018-01-09,9/23/2017,
2016,BC-Mesa,BC-Mesa,17,False,True,enrollment_update_05_births_by_attendance_area_2018-01-09.txt,2018-01-09,9/23/2017,
2016,Bear Creek,Bear Creek,12,False,True,enrollment_update_05_births_by_attendance_area_2018-01-09.txt,2018-01-09,9/23/2017,
2016,Birch,Birch,55,False,True,enrollment_update_05_births_by_attendance_area_2018-01-09.txt,2018-01-09,9/23/2017,
2016,Coal Creek,Coal Creek,47,False,True,enrollment_update_05_births_by_attendance_area_2018-01-09.txt,2018-01-09,9/23/2017,
2016,Columbine,Columbine,123,False,True,enrollment_update_05_births_by_attendance_area_2018-01-09.txt,2018-01-09,9/23/2017,
2016,Creekside,Creekside,131,False,True,enrollment_update_05_births_by_attendance_area_2018-01-09.txt,2018-01-09,9/23/2017,
2016,Crest View,Crest View,140,False,True,enrollment_update_05_births_by_attendance_area_2018-01-09.txt,2018-01-09,9/23/2017,
2016,Douglass,Douglass,45,False,True,enrollment_update_05_births_by_attendance_area_2018-01-09.txt,2018-01-09,9/23/2017,
2016,Eisenhower,Eisenhower,67,False,True,enrollment_update_05_births_by_attendance_area_2018-01-09.txt,2018-01-09,9/23/2017,
2016,Eldorado (K-5),Eldorado,30,False,True,enrollment_update_05_births_by_attendance_area_2018-01-09.txt,2018-01-09,9/23/2017,
2016,Emerald,Emerald,95,False,True,enrollment_update_05_births_by_attendance_area_2018-01-09.txt,2018-01-09,9/23/2017,
2016,Fireside,Fireside,40,False,True,enrollment_update_05_births_by_attendance_area_2018-01-09.txt,2018-01-09,9/23/2017,
2016,Flatirons,Flatirons,31,False,True,enrollment_update_05_births_by_attendance_area_2018-01-09.txt,2018-01-09,9/23/2017,
2016,Foothill,Foothill,66,False,True,enrollment_update_05_births_by_attendance_area_2018-01-09.txt,2018-01-09,9/23/2017,
2016,Gold Hill,Gold Hill,2,False,True,enrollment_update_05_births_by_attendance_area_2018-01-09.txt,2018-01-09,9/23/2017,
2016,Heatherwood,Heatherwood,53,False,True,enrollment_update_05_births_by_attendance_area_2018-01-09.txt,2018-01-09,9/23/2017,
2016,Jamestown,Jamestown,4,False,True,enrollment_update_05_births_by_attendance_area_2018-01-09.txt,2018-01-09,9/23/2017,
2016,Kohl,Kohl,56,False,True,enrollment_update_05_births_by_attendance_area_2018-01-09.txt,2018-01-09,9/23/2017,
2016,Lafayette,Lafayette,110,False,True,enrollment_update_05_births_by_attendance_area_2018-01-09.txt,2018-01-09,9/23/2017,
2016,Louisville,Louisville,64,False,True,enrollment_update_05_births_by_attendance_area_2018-01-09.txt,2018-01-09,9/23/2017,
2016,Meadowlark,Meadowlark,36,False,True,enrollment_update_05_births_by_attendance_area_2018-01-09.txt,2018-01-09,9/23/2017,
2016,Mesa,Mesa,26,False,True,enrollment_update_05_births_by_attendance_area_2018-01-09.txt,2018-01-09,9/23/2017,
2016,Monarch (K-5),Monarch,48,False,True,enrollment_update_05_births_by_attendance_area_2018-01-09.txt,2018-01-09,9/23/2017,
2016,Nederland,Nederland,54,False,True,enrollment_update_05_births_by_attendance_area_2018-01-09.txt,2018-01-09,9/23/2017,
2016,Ryan,Ryan,118,False,True,enrollment_update_05_births_by_attendance_area_2018-01-09.txt,2018-01-09,9/23/2017,
2016,Sanchez,Sanchez,98,False,True,enrollment_update_05_births_by_attendance_area_2018-01-09.txt,2018-01-09,9/23/2017,
2016,Superior,Superior,39,False,True,enrollment_update_05_births_by_attendance_area_2018-01-09.txt,2018-01-09,9/23/2017,
2016,Unlocated,Unlocated,0,False,True,enrollment_update_05_births_by_attendance_area_2018-01-09.txt,2018-01-09,9/23/2017,
2016,Whittier,Whittier,104,False,True,enrollment_update_05_births_by_attendance_area_2018-01-09.txt,2018-01-09,9/23/2017,
2016,BVSD,BVSD,1773,True,True,enrollment_update_05_births_by_attendance_area_2018-01-09.txt,2018-01-09,9/23/2017,
2016,Boulder Total,Boulder Total,771,True,True,enrollment_update_05_births_by_attendance_area_2018-01-09.txt,2018-01-09,9/23/2017,
2016,E County Total,E County Total,876,True,True,enrollment_update_05_births_by_attendance_area_2018-01-09.txt,2018-01-09,9/23/2017,
1997,Aspen Crk,Aspen Creek,64,False,True,enrollment_update_births_by_attendance_area_2018-12-11.txt,2018-12-11,8/21/2018,
1997,BC-Creekside,BC-Creekside,11,False,True,enrollment_update_births_by_attendance_area_2018-12-11.txt,2018-12-11,8/21/2018,
1997,BC-Mesa,BC-Mesa,26,False,True,enrollment_update_births_by_attendance_area_2018-12-11.txt,2018-12-11,8/21/2018,
1997,Bear Creek,Bear Creek,22,False,True,enrollment_update_births_by_attendance_area_2018-12-11.txt,2018-12-11,8/21/2018,
1997,Birch,Birch,59,False,True,enrollment_update_births_by_attendance_area_2018-12-11.txt,2018-12-11,8/21/2018,
1997,Coal Creek,Coal Creek,61,False,True,enrollment_update_births_by_attendance_area_2018-12-11.txt,2018-12-11,8/21/2018,
1997,Columbine,Columbine,148,False,True,enrollment_update_births_by_attendance_area_2018-12-11.txt,2018-12-11,8/21/2018,
1997,Creekside,Creekside,199,False,True,enrollment_update_births_by_attendance_area_2018-12-11.txt,2018-12-11,8/21/2018,
1997,Crest View,Crest View,131,False,True,enrollment_update_births_by_attendance_area_2018-12-11.txt,2018-12-11,8/21/2018,
1997,Douglass,Douglass,45,False,True,enrollment_update_births_by_attendance_area_2018-12-11.txt,2018-12-11,8/21/2018,
1997,Eisenhower,Eisenhower,88,False,True,enrollment_update_births_by_attendance_area_2018-12-11.txt,2018-12-11,8/21/2018,
1997,Eldorado (K-5),Eldorado,0,False,True,enrollment_update_births_by_attendance_area_2018-12-11.txt,2018-12-11,8/21/2018,
1997,Emerald,Emerald,68,False,True,enrollment_update_births_by_attendance_area_2018-12-11.txt,2018-12-11,8/21/2018,
1997,Fireside,Fireside,66,False,True,enrollment_update_births_by_attendance_area_2018-12-11.txt,2018-12-11,8/21/2018,
1997,Flatirons,Flatirons,67,False,True,enrollment_update_births_by_attendance_area_2018-12-11.txt,2018-12-11,8/21/2018,
1997,Foothill,Foothill,92,False,True,enrollment_update_births_by_attendance_area_2018-12-11.txt,2018-12-11,8/21/2018,
1997,Gold Hill,Gold Hill,1,False,True,enrollment_update_births_by_attendance_area_2018-12-11.txt,2018-12-11,8/21/2018,
1997,Heatherwood,Heatherwood,77,False,True,enrollment_update_births_by_attendance_area_2018-12-11.txt,2018-12-11,8/21/2018,
1997,Jamestown,Jamestown,5,False,True,enrollment_update_births_by_attendance_area_2018-12-11.txt,2018-12-11,8/21/2018,
1997,Kohl,Kohl,51,False,True,enrollment_update_births_by_attendance_area_2018-12-11.txt,2018-12-11,8/21/2018,
1997,Lafayette,Lafayette,114,False,True,enrollment_update_births_by_attendance_area_2018-12-11.txt,2018-12-11,8/21/2018,
1997,Louisville,Louisville,75,False,True,enrollment_update_births_by_attendance_area_2018-12-11.txt,2018-12-11,8/21/2018,
1997,Meadowlark,Meadowlark,18,False,True,enrollment_update_births_by_attendance_area_2018-12-11.txt,2018-12-11,8/21/2018,
1997,Mesa,Mesa,32,False,True,enrollment_update_births_by_attendance_area_2018-12-11.txt,2018-12-11,8/21/2018,
1997,Monarch (K-5),Monarch,38,False,True,enrollment_update_births_by_attendance_area_2018-12-11.txt,2018-12-11,8/21/2018,
1997,Nederland,Nederland,79,False,True,enrollment_update_births_by_attendance_area_2018-12-11.txt,2018-12-11,8/21/2018,
1997,Ryan,Ryan,121,False,True,enrollment_update_births_by_attendance_area_2018-12-11.txt,2018-12-11,8/21/2018,
1997,Sanchez,Sanchez,86,False,True,enrollment_update_births_by_attendance_area_2018-12-11.txt,2018-12-11,8/21/2018,
1997,Superior,Superior,81,False,True,enrollment_update_births_by_attendance_area_2018-12-11.txt,2018-12-11,8/21/2018,
1997,Unlocated,Unlocated,4,False,True,enrollment_update_births_by_attendance_area_2018-12-11.txt,2018-12-11,8/21/2018,
1997,Whittier,Whittier,136,False,True,enrollment_update_births_by_attendance_area_2018-12-11.txt,2018-12-11,8/21/2018,
1997,BVSD,BVSD,2065,True,True,enrollment_update_births_by_attendance_area_2018-12-11.txt,2018-12-11,8/21/2018,
1997,Boulder Total,Boulder Total,1029,True,True,enrollment_update_births_by_attendance_area_2018-12-11.txt,2018-12-11,8/21/2018,
1997,E County Total,E County Total,929,True,True,enrollment_update_births_by_attendance_area_2018-12-11.txt,2018-12-11,8/21/2018,
1998,Aspen Crk,Aspen Creek,68,False,True,enrollment_update_births_by_attendance_area_2018-12-11.txt,2018-12-11,8/21/2018,
1998,BC-Creekside,BC-Creekside,6,False,True,enrollment_update_births_by_attendance_area_2018-12-11.txt,2018-12-11,8/21/2018,
1998,BC-Mesa,BC-Mesa,22,False,True,enrollment_update_births_by_attendance_area_2018-12-11.txt,2018-12-11,8/21/2018,
1998,Bear Creek,Bear Creek,16,False,True,enrollment_update_births_by_attendance_area_2018-12-11.txt,2018-12-11,8/21/2018,
1998,Birch,Birch,67,False,True,enrollment_update_births_by_attendance_area_2018-12-11.txt,2018-12-11,8/21/2018,
1998,Coal Creek,Coal Creek,58,False,True,enrollment_update_births_by_attendance_area_2018-12-11.txt,2018-12-11,8/21/2018,
1998,Columbine,Columbine,143,False,True,enrollment_update_births_by_attendance_area_2018-12-11.txt,2018-12-11,8/21/2018,
1998,Creekside,Creekside,183,False,True,enrollment_update_births_by_attendance_area_2018-12-11.txt,2018-12-11,8/21/2018,
1998,Crest View,Crest View,132,False,True,enrollment_update_births_by_attendance_area_2018-12-11.txt,2018-12-11,8/21/2018,
1998,Douglass,Douglass,42,False,True,enrollment_update_births_by_attendance_area_2018-12-11.txt,2018-12-11,8/21/2018,
1998,Eisenhower,Eisenhower,92,False,True,enrollment_update_births_by_attendance_area_2018-12-11.txt,2018-12-11,8/21/2018,
1998,Eldorado (K-5),Eldorado,6,False,True,enrollment_update_births_by_attendance_area_2018-12-11.txt,2018-12-11,8/21/2018,
1998,Emerald,Emerald,56,False,True,enrollment_update_births_by_attendance_area_2018-12-11.txt,2018-12-11,8/21/2018,
1998,Fireside,Fireside,60,False,True,enrollment_update_births_by_attendance_area_2018-12-11.txt,2018-12-11,8/21/2018,
1998,Flatirons,Flatirons,66,False,True,enrollment_update_births_by_attendance_area_2018-12-11.txt,2018-12-11,8/21/2018,
1998,Foothill,Foothill,85,False,True,enrollment_update_births_by_attendance_area_2018-12-11.txt,2018-12-11,8/21/2018,
1998,Gold Hill,Gold Hill,4,False,True,enrollment_update_births_by_attendance_area_2018-12-11.txt,2018-12-11,8/21/2018,
1998,Heatherwood,Heatherwood,82,False,True,enrollment_update_births_by_attendance_area_2018-12-11.txt,2018-12-11,8/21/2018,
1998,Jamestown,Jamestown,5,False,True,enrollment_update_births_by_attendance_area_2018-12-11.txt,2018-12-11,8/21/2018,
1998,Kohl,Kohl,47,False,True,enrollment_update_births_by_attendance_area_2018-12-11.txt,2018-12-11,8/21/2018,
1998,Lafayette,Lafayette,124,False,True,enrollment_update_births_by_attendance_area_2018-12-11.txt,2018-12-11,8/21/2018,
1998,Louisville,Louisville,78,False,True,enrollment_update_births_by_attendance_area_2018-12-11.txt,2018-12-11,8/21/2018,
1998,Meadowlark,Meadowlark,39,False,True,enrollment_update_births_by_attendance_area_2018-12-11.txt,2018-12-11,8/21/2018,
1998,Mesa,Mesa,43,False,True,enrollment_update_births_by_attendance_area_2018-12-11.txt,2018-12-11,8/21/2018,
1998,Monarch (K-5),Monarch,73,False,True,enrollment_update_births_by_attendance_area_2018-12-11.txt,2018-12-11,8/21/2018,
1998,Nederland,Nederland,83,False,True,enrollment_update_births_by_attendance_area_2018-12-11.txt,2018-12-11,8/21/2018,
1998,Ryan,Ryan,154,False,True,enrollment_update_births_by_attendance_area_2018-12-11.txt,2018-12-11,8/21/2018,
1998,Sanchez,Sanchez,95,False,True,enrollment_update_births_by_attendance_area_2018-12-11.txt,2018-12-11,8/21/2018,
1998,Superior,Superior,104,False,True,enrollment_update_births_by_attendance_area_2018-12-11.txt,2018-12-11,8/21/2018,
1998,Unlocated,Unlocated,4,False,True,enrollment_update_births_by_attendance_area_2018-12-11.txt,2018-12-11,8/21/2018,
1998,Whittier,Whittier,125,False,True,enrollment_update_births_by_attendance_area_2018-12-11.txt,2018-12-11,8/21/2018,
1998,BVSD,BVSD,2162,True,True,enrollment_update_births_by_attendance_area_2018-12-11.txt,2018-12-11,8/21/2018,
1998,Boulder Total,Boulder Total,995,True,True,enrollment_update_births_by_attendance_area_2018-12-11.txt,2018-12-11,8/21/2018,
1998,E County Total,E County Total,1026,True,True,enrollment_update_births_by_attendance_area_2018-12-11.txt,2018-12-11,8/21/2018,
1999,Aspen Crk,Aspen Creek,62,False,True,enrollment_update_births_by_attendance_area_2018-12-11.txt,2018-12-11,8/21/2018,
1999,BC-Creekside,BC-Creekside,3,False,True,enrollment_update_births_by_attendance_area_2018-12-11.txt,2018-12-11,8/21/2018,
1999,BC-Mesa,BC-Mesa,13,False,True,enrollment_update_births_by_attendance_area_2018-12-11.txt,2018-12-11,8/21/2018,
1999,Bear Creek,Bear Creek,21,False,True,enrollment_update_births_by_attendance_area_2018-12-11.txt,2018-12-11,8/21/2018,
1999,Birch,Birch,50,False,True,enrollment_update_births_by_attendance_area_2018-12-11.txt,2018-12-11,8/21/2018,
1999,Coal Creek,Coal Creek,69,False,True,enrollment_update_births_by_attendance_area_2018-12-11.txt,2018-12-11,8/21/2018,
1999,Columbine,Columbine,156,False,True,enrollment_update_births_by_attendance_area_2018-12-11.txt,2018-12-11,8/21/2018,
1999,Creekside,Creekside,175,False,True,enrollment_update_births_by_attendance_area_2018-12-11.txt,2018-12-11,8/21/2018,
1999,Crest View,Crest View,130,False,True,enrollment_update_births_by_attendance_area_2018-12-11.txt,2018-12-11,8/21/2018,
1999,Douglass,Douglass,43,False,True,enrollment_update_births_by_attendance_area_2018-12-11.txt,2018-12-11,8/21/2018,
1999,Eisenhower,Eisenhower,84,False,True,enrollment_update_births_by_attendance_area_2018-12-11.txt,2018-12-11,8/21/2018,
1999,Eldorado (K-5),Eldorado,21,False,True,enrollment_update_births_by_attendance_area_2018-12-11.txt,2018-12-11,8/21/2018,
1999,Emerald,Emerald,79,False,True,enrollment_update_births_by_attendance_area_2018-12-11.txt,2018-12-11,8/21/2018,
1999,Fireside,Fireside,79,False,True,enrollment_update_births_by_attendance_area_2018-12-11.txt,2018-12-11,8/21/2018,
1999,Flatirons,Flatirons,73,False,True,enrollment_update_births_by_attendance_area_2018-12-11.txt,2018-12-11,8/21/2018,
1999,Foothill,Foothill,98,False,True,enrollment_update_births_by_attendance_area_2018-12-11.txt,2018-12-11,8/21/2018,
1999,Gold Hill,Gold Hill,3,False,True,enrollment_update_births_by_attendance_area_2018-12-11.txt,2018-12-11,8/21/2018,
1999,Heatherwood,Heatherwood,66,False,True,enrollment_update_births_by_attendance_area_2018-12-11.txt,2018-12-11,8/21/2018,
1999,Jamestown,Jamestown,1,False,True,enrollment_update_births_by_attendance_area_2018-12-11.txt,2018-12-11,8/21/2018,
1999,Kohl,Kohl,42,False,True,enrollment_update_births_by_attendance_area_2018-12-11.txt,2018-12-11,8/21/2018,
1999,Lafayette,Lafayette,128,False,True,enrollment_update_births_by_attendance_area_2018-12-11.txt,2018-12-11,8/21/2018,
1999,Louisville,Louisville,70,False,True,enrollment_update_births_by_attendance_area_2018-12-11.txt,2018-12-11,8/21/2018,
1999,Meadowlark,Meadowlark,61,False,True,enrollment_update_births_by_attendance_area_2018-12-11.txt,2018-12-11,8/21/2018,
1999,Mesa,Mesa,32,False,True,enrollment_update_births_by_attendance_area_2018-12-11.txt,2018-12-11,8/21/2018,
1999,Monarch (K-5),Monarch,61,False,True,enrollment_update_births_by_attendance_area_2018-12-11.txt,2018-12-11,8/21/2018,
1999,Nederland,Nederland,82,False,True,enrollment_update_births_by_attendance_area_2018-12-11.txt,2018-12-11,8/21/2018,
1999,Ryan,Ryan,145,False,True,enrollment_update_births_by_attendance_area_2018-12-11.txt,2018-12-11,8/21/2018,
1999,Sanchez,Sanchez,108,False,True,enrollment_update_births_by_attendance_area_2018-12-11.txt,2018-12-11,8/21/2018,
1999,Superior,Superior,86,False,True,enrollment_update_births_by_attendance_area_2018-12-11.txt,2018-12-11,8/21/2018,
1999,Unlocated,Unlocated,2,False,True,enrollment_update_births_by_attendance_area_2018-12-11.txt,2018-12-11,8/21/2018,
1999,Whittier,Whittier,139,False,True,enrollment_update_births_by_attendance_area_2018-12-11.txt,2018-12-11,8/21/2018,
1999,BVSD,BVSD,2182,True,True,enrollment_update_births_by_attendance_area_2018-12-11.txt,2018-12-11,8/21/2018,
1999,Boulder Total,Boulder Total,990,True,True,enrollment_update_births_by_attendance_area_2018-12-11.txt,2018-12-11,8/21/2018,
1999,E County Total,E County Total,1022,True,True,enrollment_update_births_by_attendance_area_2018-12-11.txt,2018-12-11,8/21/2018,
2000,Aspen Crk,Aspen Creek,55,False,True,enrollment_update_births_by_attendance_area_2018-12-11.txt,2018-12-11,8/21/2018,
2000,BC-Creekside,BC-Creekside,7,False,True,enrollment_update_births_by_attendance_area_2018-12-11.txt,2018-12-11,8/21/2018,
2000,BC-Mesa,BC-Mesa,18,False,True,enrollment_update_births_by_attendance_area_2018-12-11.txt,2018-12-11,8/21/2018,
2000,Bear Creek,Bear Creek,21,False,True,enrollment_update_births_by_attendance_area_2018-12-11.txt,2018-12-11,8/21/2018,
2000,Birch,Birch,67,False,True,enrollment_update_births_by_attendance_area_2018-12-11.txt,2018-12-11,8/21/2018,
2000,Coal Creek,Coal Creek,65,False,True,enrollment_update_births_by_attendance_area_2018-12-11.txt,2018-12-11,8/21/2018,
2000,Columbine,Columbine,173,False,True,enrollment_update_births_by_attendance_area_2018-12-11.txt,2018-12-11,8/21/2018,
2000,Creekside,Creekside,207,False,True,enrollment_update_births_by_attendance_area_2018-12-11.txt,2018-12-11,8/21/2018,
2000,Crest View,Crest View,143,False,True,enrollment_update_births_by_attendance_area_2018-12-11.txt,2018-12-11,8/21/2018,
2000,Douglass,Douglass,46,False,True,enrollment_update_births_by_attendance_area_2018-12-11.txt,2018-12-11,8/21/2018,
2000,Eisenhower,Eisenhower,92,False,True,enrollment_update_births_by_attendance_area_2018-12-11.txt,2018-12-11,8/21/2018,
2000,Eldorado (K-5),Eldorado,61,False,True,enrollment_update_births_by_attendance_area_2018-12-11.txt,2018-12-11,8/21/2018,
2000,Emerald,Emerald,82,False,True,enrollment_update_births_by_attendance_area_2018-12-11.txt,2018-12-11,8/21/2018,
2000,Fireside,Fireside,54,False,True,enrollment_update_births_by_attendance_area_2018-12-11.txt,2018-12-11,8/21/2018,
2000,Flatirons,Flatirons,74,False,True,enrollment_update_births_by_attendance_area_2018-12-11.txt,2018-12-11,8/21/2018,
2000,Foothill,Foothill,85,False,True,enrollment_update_births_by_attendance_area_2018-12-11.txt,2018-12-11,8/21/2018,
2000,Gold Hill,Gold Hill,1,False,True,enrollment_update_births_by_attendance_area_2018-12-11.txt,2018-12-11,8/21/2018,
2000,Heatherwood,Heatherwood,47,False,True,enrollment_update_births_by_attendance_area_2018-12-11.txt,2018-12-11,8/21/2018,
2000,Jamestown,Jamestown,6,False,True,enrollment_update_births_by_attendance_area_2018-12-11.txt,2018-12-11,8/21/2018,
2000,Kohl,Kohl,58,False,True,enrollment_update_births_by_attendance_area_2018-12-11.txt,2018-12-11,8/21/2018,
2000,Lafayette,Lafayette,135,False,True,enrollment_update_births_by_attendance_area_2018-12-11.txt,2018-12-11,8/21/2018,
2000,Louisville,Louisville,76,False,True,enrollment_update_births_by_attendance_area_2018-12-11.txt,2018-12-11,8/21/2018,
2000,Meadowlark,Meadowlark,65,False,True,enrollment_update_births_by_attendance_area_2018-12-11.txt,2018-12-11,8/21/2018,
2000,Mesa,Mesa,39,False,True,enrollment_update_births_by_attendance_area_2018-12-11.txt,2018-12-11,8/21/2018,
2000,Monarch (K-5),Monarch,69,False,True,enrollment_update_births_by_attendance_area_2018-12-11.txt,2018-12-11,8/21/2018,
2000,Nederland,Nederland,74,False,True,enrollment_update_births_by_attendance_area_2018-12-11.txt,2018-12-11,8/21/2018,
2000,Ryan,Ryan,124,False,True,enrollment_update_births_by_attendance_area_2018-12-11.txt,2018-12-11,8/21/2018,
2000,Sanchez,Sanchez,114,False,True,enrollment_update_births_by_attendance_area_2018-12-11.txt,2018-12-11,8/21/2018,
2000,Superior,Superior,117,False,True,enrollment_update_births_by_attendance_area_2018-12-11.txt,2018-12-11,8/21/2018,
2000,Unlocated,Unlocated,1,False,True,enrollment_update_births_by_attendance_area_2018-12-11.txt,2018-12-11,8/21/2018,
2000,Whittier,Whittier,141,False,True,enrollment_update_births_by_attendance_area_2018-12-11.txt,2018-12-11,8/21/2018,
2000,BVSD,BVSD,2317,True,True,enrollment_update_births_by_attendance_area_2018-12-11.txt,2018-12-11,8/21/2018,
2000,Boulder Total,Boulder Total,1047,True,True,enrollment_update_births_by_attendance_area_2018-12-11.txt,2018-12-11,8/21/2018,
2000,E County Total,E County Total,1062,True,True,enrollment_update_births_by_attendance_area_2018-12-11.txt,2018-12-11,8/21/2018,
2001,Aspen Crk,Aspen Creek,62,False,True,enrollment_update_births_by_attendance_area_2018-12-11.txt,2018-12-11,8/21/2018,
2001,BC-Creekside,BC-Creekside,9,False,True,enrollment_update_births_by_attendance_area_2018-12-11.txt,2018-12-11,8/21/2018,
2001,BC-Mesa,BC-Mesa,17,False,True,enrollment_update_births_by_attendance_area_2018-12-11.txt,2018-12-11,8/21/2018,
2001,Bear Creek,Bear Creek,24,False,True,enrollment_update_births_by_attendance_area_2018-12-11.txt,2018-12-11,8/21/2018,
2001,Birch,Birch,86,False,True,enrollment_update_births_by_attendance_area_2018-12-11.txt,2018-12-11,8/21/2018,
2001,Coal Creek,Coal Creek,53,False,True,enrollment_update_births_by_attendance_area_2018-12-11.txt,2018-12-11,8/21/2018,
2001,Columbine,Columbine,171,False,True,enrollment_update_births_by_attendance_area_2018-12-11.txt,2018-12-11,8/21/2018,
2001,Creekside,Creekside,175,False,True,enrollment_update_births_by_attendance_area_2018-12-11.txt,2018-12-11,8/21/2018,
2001,Crest View,Crest View,128,False,True,enrollment_update_births_by_attendance_area_2018-12-11.txt,2018-12-11,8/21/2018,
2001,Douglass,Douglass,30,False,True,enrollment_update_births_by_attendance_area_2018-12-11.txt,2018-12-11,8/21/2018,
2001,Eisenhower,Eisenhower,73,False,True,enrollment_update_births_by_attendance_area_2018-12-11.txt,2018-12-11,8/21/2018,
2001,Eldorado (K-5),Eldorado,79,False,True,enrollment_update_births_by_attendance_area_2018-12-11.txt,2018-12-11,8/21/2018,
2001,Emerald,Emerald,73,False,True,enrollment_update_births_by_attendance_area_2018-12-11.txt,2018-12-11,8/21/2018,
2001,Fireside,Fireside,51,False,True,enrollment_update_births_by_attendance_area_2018-12-11.txt,2018-12-11,8/21/2018,
2001,Flatirons,Flatirons,80,False,True,enrollment_update_births_by_attendance_area_2018-12-11.txt,2018-12-11,8/21/2018,
2001,Foothill,Foothill,95,False,True,enrollment_update_births_by_attendance_area_2018-12-11.txt,2018-12-11,8/21/2018,
2001,Gold Hill,Gold Hill,1,False,True,enrollment_update_births_by_attendance_area_2018-12-11.txt,2018-12-11,8/21/2018,
2001,Heatherwood,Heatherwood,91,False,True,enrollment_update_births_by_attendance_area_2018-12-11.txt,2018-12-11,8/21/2018,
2001,Jamestown,Jamestown,7,False,True,enrollment_update_births_by_attendance_area_2018-12-11.txt,2018-12-11,8/21/2018,
2001,Kohl,Kohl,47,False,True,enrollment_update_births_by_attendance_area_2018-12-11.txt,2018-12-11,8/21/2018,
2001,Lafayette,Lafayette,150,False,True,enrollment_update_births_by_attendance_area_2018-12-11.txt,2018-12-11,8/21/2018,
2001,Louisville,Louisville,70,False,True,enrollment_update_births_by_attendance_area_2018-12-11.txt,2018-12-11,8/21/2018,
2001,Meadowlark,Meadowlark,85,False,True,enrollment_update_births_by_attendance_area_2018-12-11.txt,2018-12-11,8/21/2018,
2001,Mesa,Mesa,19,False,True,enrollment_update_births_by_attendance_area_2018-12-11.txt,2018-12-11,8/21/2018,
2001,Monarch (K-5),Monarch,80,False,True,enrollment_update_births_by_attendance_area_2018-12-11.txt,2018-12-11,8/21/2018,
2001,Nederland,Nederland,83,False,True,enrollment_update_births_by_attendance_area_2018-12-11.txt,2018-12-11,8/21/2018,
2001,Ryan,Ryan,147,False,True,enrollment_update_births_by_attendance_area_2018-12-11.txt,2018-12-11,8/21/2018,
2001,Sanchez,Sanchez,104,False,True,enrollment_update_births_by_attendance_area_2018-12-11.txt,2018-12-11,8/21/2018,
2001,Superior,Superior,91,False,True,enrollment_update_births_by_attendance_area_2018-12-11.txt,2018-12-11,8/21/2018,
2001,Unlocated,Unlocated,3,False,True,enrollment_update_births_by_attendance_area_2018-12-11.txt,2018-12-11,8/21/2018,
2001,Whittier,Whittier,145,False,True,enrollment_update_births_by_attendance_area_2018-12-11.txt,2018-12-11,8/21/2018,
2001,BVSD,BVSD,2329,True,True,enrollment_update_births_by_attendance_area_2018-12-11.txt,2018-12-11,8/21/2018,
2001,Boulder Total,Boulder Total,1027,True,True,enrollment_update_births_by_attendance_area_2018-12-11.txt,2018-12-11,8/21/2018,
2001,E County Total,E County Total,1044,True,True,enrollment_update_births_by_attendance_area_2018-12-11.txt,2018-12-11,8/21/2018,
2002,Aspen Crk,Aspen Creek,58,False,True,enrollment_update_births_by_attendance_area_2018-12-11.txt,2018-12-11,8/21/2018,
2002,BC-Creekside,BC-Creekside,7,False,True,enrollment_update_births_by_attendance_area_2018-12-11.txt,2018-12-11,8/21/2018,
2002,BC-Mesa,BC-Mesa,18,False,True,enrollment_update_births_by_attendance_area_2018-12-11.txt,2018-12-11,8/21/2018,
2002,Bear Creek,Bear Creek,13,False,True,enrollment_update_births_by_attendance_area_2018-12-11.txt,2018-12-11,8/21/2018,
2002,Birch,Birch,71,False,True,enrollment_update_births_by_attendance_area_2018-12-11.txt,2018-12-11,8/21/2018,
2002,Coal Creek,Coal Creek,54,False,True,enrollment_update_births_by_attendance_area_2018-12-11.txt,2018-12-11,8/21/2018,
2002,Columbine,Columbine,180,False,True,enrollment_update_births_by_attendance_area_2018-12-11.txt,2018-12-11,8/21/2018,
2002,Creekside,Creekside,179,False,True,enrollment_update_births_by_attendance_area_2018-12-11.txt,2018-12-11,8/21/2018,
2002,Crest View,Crest View,152,False,True,enrollment_update_births_by_attendance_area_2018-12-11.txt,2018-12-11,8/21/2018,
2002,Douglass,Douglass,29,False,True,enrollment_update_births_by_attendance_area_2018-12-11.txt,2018-12-11,8/21/2018,
2002,Eisenhower,Eisenhower,71,False,True,enrollment_update_births_by_attendance_area_2018-12-11.txt,2018-12-11,8/21/2018,
2002,Eldorado (K-5),Eldorado,82,False,True,enrollment_update_births_by_attendance_area_2018-12-11.txt,2018-12-11,8/21/2018,
2002,Emerald,Emerald,89,False,True,enrollment_update_births_by_attendance_area_2018-12-11.txt,2018-12-11,8/21/2018,
2002,Fireside,Fireside,59,False,True,enrollment_update_births_by_attendance_area_2018-12-11.txt,2018-12-11,8/21/2018,
2002,Flatirons,Flatirons,59,False,True,enrollment_update_births_by_attendance_area_2018-12-11.txt,2018-12-11,8/21/2018,
2002,Foothill,Foothill,90,False,True,enrollment_update_births_by_attendance_area_2018-12-11.txt,2018-12-11,8/21/2018,
2002,Gold Hill,Gold Hill,4,False,True,enrollment_update_births_by_attendance_area_2018-12-11.txt,2018-12-11,8/21/2018,
2002,Heatherwood,Heatherwood,57,False,True,enrollment_update_births_by_attendance_area_2018-12-11.txt,2018-12-11,8/21/2018,
2002,Jamestown,Jamestown,5,False,True,enrollment_update_births_by_attendance_area_2018-12-11.txt,2018-12-11,8/21/2018,
2002,Kohl,Kohl,63,False,True,enrollment_update_births_by_attendance_area_2018-12-11.txt,2018-12-11,8/21/2018,
2002,Lafayette,Lafayette,136,False,True,enrollment_update_births_by_attendance_area_2018-12-11.txt,2018-12-11,8/21/2018,
2002,Louisville,Louisville,80,False,True,enrollment_update_births_by_attendance_area_2018-12-11.txt,2018-12-11,8/21/2018,
2002,Meadowlark,Meadowlark,70,False,True,enrollment_update_births_by_attendance_area_2018-12-11.txt,2018-12-11,8/21/2018,
2002,Mesa,Mesa,26,False,True,enrollment_update_births_by_attendance_area_2018-12-11.txt,2018-12-11,8/21/2018,
2002,Monarch (K-5),Monarch,66,False,True,enrollment_update_births_by_attendance_area_2018-12-11.txt,2018-12-11,8/21/2018,
2002,Nederland,Nederland,77,False,True,enrollment_update_births_by_attendance_area_2018-12-11.txt,2018-12-11,8/21/2018,
2002,Ryan,Ryan,145,False,True,enrollment_update_births_by_attendance_area_2018-12-11.txt,2018-12-11,8/21/2018,
2002,Sanchez,Sanchez,111,False,True,enrollment_update_births_by_attendance_area_2018-12-11.txt,2018-12-11,8/21/2018,
2002,Superior,Superior,74,False,True,enrollment_update_births_by_attendance_area_2018-12-11.txt,2018-12-11,8/21/2018,
2002,Unlocated,Unlocated,2,False,True,enrollment_update_births_by_attendance_area_2018-12-11.txt,2018-12-11,8/21/2018,
2002,Whittier,Whittier,133,False,True,enrollment_update_births_by_attendance_area_2018-12-11.txt,2018-12-11,8/21/2018,
2002,BVSD,BVSD,2260,True,True,enrollment_update_births_by_attendance_area_2018-12-11.txt,2018-12-11,8/21/2018,
2002,Boulder Total,Boulder Total,985,True,True,enrollment_update_births_by_attendance_area_2018-12-11.txt,2018-12-11,8/21/2018,
2002,E County Total,E County Total,1035,True,True,enrollment_update_births_by_attendance_area_2018-12-11.txt,2018-12-11,8/21/2018,
2003,Aspen Crk,Aspen Creek,52,False,True,enrollment_update_births_by_attendance_area_2018-12-11.txt,2018-12-11,8/21/2018,
2003,BC-Creekside,BC-Creekside,9,False,True,enrollment_update_births_by_attendance_area_2018-12-11.txt,2018-12-11,8/21/2018,
2003,BC-Mesa,BC-Mesa,17,False,True,enrollment_update_births_by_attendance_area_2018-12-11.txt,2018-12-11,8/21/2018,
2003,Bear Creek,Bear Creek,19,False,True,enrollment_update_births_by_attendance_area_2018-12-11.txt,2018-12-11,8/21/2018,
2003,Birch,Birch,53,False,True,enrollment_update_births_by_attendance_area_2018-12-11.txt,2018-12-11,8/21/2018,
2003,Coal Creek,Coal Creek,74,False,True,enrollment_update_births_by_attendance_area_2018-12-11.txt,2018-12-11,8/21/2018,
2003,Columbine,Columbine,168,False,True,enrollment_update_births_by_attendance_area_2018-12-11.txt,2018-12-11,8/21/2018,
2003,Creekside,Creekside,160,False,True,enrollment_update_births_by_attendance_area_2018-12-11.txt,2018-12-11,8/21/2018,
2003,Crest View,Crest View,117,False,True,enrollment_update_births_by_attendance_area_2018-12-11.txt,2018-12-11,8/21/2018,
2003,Douglass,Douglass,51,False,True,enrollment_update_births_by_attendance_area_2018-12-11.txt,2018-12-11,8/21/2018,
2003,Eisenhower,Eisenhower,92,False,True,enrollment_update_births_by_attendance_area_2018-12-11.txt,2018-12-11,8/21/2018,
2003,Eldorado (K-5),Eldorado,82,False,True,enrollment_update_births_by_attendance_area_2018-12-11.txt,2018-12-11,8/21/2018,
2003,Emerald,Emerald,72,False,True,enrollment_update_births_by_attendance_area_2018-12-11.txt,2018-12-11,8/21/2018,
2003,Fireside,Fireside,44,False,True,enrollment_update_births_by_attendance_area_2018-12-11.txt,2018-12-11,8/21/2018,
2003,Flatirons,Flatirons,80,False,True,enrollment_update_births_by_attendance_area_2018-12-11.txt,2018-12-11,8/21/2018,
2003,Foothill,Foothill,120,False,True,enrollment_update_births_by_attendance_area_2018-12-11.txt,2018-12-11,8/21/2018,
2003,Gold Hill,Gold Hill,1,False,True,enrollment_update_births_by_attendance_area_2018-12-11.txt,2018-12-11,8/21/2018,
2003,Heatherwood,Heatherwood,70,False,True,enrollment_update_births_by_attendance_area_2018-12-11.txt,2018-12-11,8/21/2018,
2003,Jamestown,Jamestown,5,False,True,enrollment_update_births_by_attendance_area_2018-12-11.txt,2018-12-11,8/21/2018,
2003,Kohl,Kohl,59,False,True,enrollment_update_births_by_attendance_area_2018-12-11.txt,2018-12-11,8/21/2018,
2003,Lafayette,Lafayette,138,False,True,enrollment_update_births_by_attendance_area_2018-12-11.txt,2018-12-11,8/21/2018,
2003,Louisville,Louisville,69,False,True,enrollment_update_births_by_attendance_area_2018-12-11.txt,2018-12-11,8/21/2018,
2003,Meadowlark,Meadowlark,53,False,True,enrollment_update_births_by_attendance_area_2018-12-11.txt,2018-12-11,8/21/2018,
2003,Mesa,Mesa,26,False,True,enrollment_update_births_by_attendance_area_2018-12-11.txt,2018-12-11,8/21/2018,
2003,Monarch (K-5),Monarch,45,False,True,enrollment_update_births_by_attendance_area_2018-12-11.txt,2018-12-11,8/21/2018,
2003,Nederland,Nederland,94,False,True,enrollment_update_births_by_attendance_area_2018-12-11.txt,2018-12-11,8/21/2018,
2003,Ryan,Ryan,117,False,True,enrollment_update_births_by_attendance_area_2018-12-11.txt,2018-12-11,8/21/2018,
2003,Sanchez,Sanchez,93,False,True,enrollment_update_births_by_attendance_area_2018-12-11.txt,2018-12-11,8/21/2018,
2003,Superior,Superior,96,False,True,enrollment_update_births_by_attendance_area_2018-12-11.txt,2018-12-11,8/21/2018,
2003,Unlocated,Unlocated,3,False,True,enrollment_update_births_by_attendance_area_2018-12-11.txt,2018-12-11,8/21/2018,
2003,Whittier,Whittier,142,False,True,enrollment_update_births_by_attendance_area_2018-12-11.txt,2018-12-11,8/21/2018,
2003,BVSD,BVSD,2221,True,True,enrollment_update_births_by_attendance_area_2018-12-11.txt,2018-12-11,8/21/2018,
2003,Boulder Total,Boulder Total,1020,True,True,enrollment_update_births_by_attendance_area_2018-12-11.txt,2018-12-11,8/21/2018,
2003,E County Total,E County Total,963,True,True,enrollment_update_births_by_attendance_area_2018-12-11.txt,2018-12-11,8/21/2018,
2004,Aspen Crk,Aspen Creek,57,False,True,enrollment_update_births_by_attendance_area_2018-12-11.txt,2018-12-11,8/21/2018,
2004,BC-Creekside,BC-Creekside,7,False,True,enrollment_update_births_by_attendance_area_2018-12-11.txt,2018-12-11,8/21/2018,
2004,BC-Mesa,BC-Mesa,26,False,True,enrollment_update_births_by_attendance_area_2018-12-11.txt,2018-12-11,8/21/2018,
2004,Bear Creek,Bear Creek,14,False,True,enrollment_update_births_by_attendance_area_2018-12-11.txt,2018-12-11,8/21/2018,
2004,Birch,Birch,58,False,True,enrollment_update_births_by_attendance_area_2018-12-11.txt,2018-12-11,8/21/2018,
2004,Coal Creek,Coal Creek,49,False,True,enrollment_update_births_by_attendance_area_2018-12-11.txt,2018-12-11,8/21/2018,
2004,Columbine,Columbine,175,False,True,enrollment_update_births_by_attendance_area_2018-12-11.txt,2018-12-11,8/21/2018,
2004,Creekside,Creekside,145,False,True,enrollment_update_births_by_attendance_area_2018-12-11.txt,2018-12-11,8/21/2018,
2004,Crest View,Crest View,150,False,True,enrollment_update_births_by_attendance_area_2018-12-11.txt,2018-12-11,8/21/2018,
2004,Douglass,Douglass,43,False,True,enrollment_update_births_by_attendance_area_2018-12-11.txt,2018-12-11,8/21/2018,
2004,Eisenhower,Eisenhower,74,False,True,enrollment_update_births_by_attendance_area_2018-12-11.txt,2018-12-11,8/21/2018,
2004,Eldorado (K-5),Eldorado,79,False,True,enrollment_update_births_by_attendance_area_2018-12-11.txt,2018-12-11,8/21/2018,
2004,Emerald,Emerald,78,False,True,enrollment_update_births_by_attendance_area_2018-12-11.txt,2018-12-11,8/21/2018,
2004,Fireside,Fireside,63,False,True,enrollment_update_births_by_attendance_area_2018-12-11.txt,2018-12-11,8/21/2018,
2004,Flatirons,Flatirons,63,False,True,enrollment_update_births_by_attendance_area_2018-12-11.txt,2018-12-11,8/21/2018,
2004,Foothill,Foothill,100,False,True,enrollment_update_births_by_attendance_area_2018-12-11.txt,2018-12-11,8/21/2018,
2004,Gold Hill,Gold Hill,3,False,True,enrollment_update_births_by_attendance_area_2018-12-11.txt,2018-12-11,8/21/2018,
2004,Heatherwood,Heatherwood,58,False,True,enrollment_update_births_by_attendance_area_2018-12-11.txt,2018-12-11,8/21/2018,
2004,Jamestown,Jamestown,7,False,True,enrollment_update_births_by_attendance_area_2018-12-11.txt,2018-12-11,8/21/2018,
2004,Kohl,Kohl,54,False,True,enrollment_update_births_by_attendance_area_2018-12-11.txt,2018-12-11,8/21/2018,
2004,Lafayette,Lafayette,101,False,True,enrollment_update_births_by_attendance_area_2018-12-11.txt,2018-12-11,8/21/2018,
2004,Louisville,Louisville,74,False,True,enrollment_update_births_by_attendance_area_2018-12-11.txt,2018-12-11,8/21/2018,
2004,Meadowlark,Meadowlark,61,False,True,enrollment_update_births_by_attendance_area_2018-12-11.txt,2018-12-11,8/21/2018,
2004,Mesa,Mesa,33,False,True,enrollment_update_births_by_attendance_area_2018-12-11.txt,2018-12-11,8/21/2018,
2004,Monarch (K-5),Monarch,47,False,True,enrollment_update_births_by_attendance_area_2018-12-11.txt,2018-12-11,8/21/2018,
2004,Nederland,Nederland,73,False,True,enrollment_update_births_by_attendance_area_2018-12-11.txt,2018-12-11,8/21/2018,
2004,Ryan,Ryan,115,False,True,enrollment_update_births_by_attendance_area_2018-12-11.txt,2018-12-11,8/21/2018,
2004,Sanchez,Sanchez,93,False,True,enrollment_update_births_by_attendance_area_2018-12-11.txt,2018-12-11,8/21/2018,
2004,Superior,Superior,76,False,True,enrollment_update_births_by_attendance_area_2018-12-11.txt,2018-12-11,8/21/2018,
2004,Unlocated,Unlocated,1,False,True,enrollment_update_births_by_attendance_area_2018-12-11.txt,2018-12-11,8/21/2018,
2004,Whittier,Whittier,136,False,True,enrollment_update_births_by_attendance_area_2018-12-11.txt,2018-12-11,8/21/2018,
2004,BVSD,BVSD,2113,True,True,enrollment_update_births_by_attendance_area_2018-12-11.txt,2018-12-11,8/21/2018,
2004,Boulder Total,Boulder Total,981,True,True,enrollment_update_births_by_attendance_area_2018-12-11.txt,2018-12-11,8/21/2018,
2004,E County Total,E County Total,908,True,True,enrollment_update_births_by_attendance_area_2018-12-11.txt,2018-12-11,8/21/2018,
2005,Aspen Crk,Aspen Creek,53,False,True,enrollment_update_births_by_attendance_area_2018-12-11.txt,2018-12-11,8/21/2018,
2005,BC-Creekside,BC-Creekside,6,False,True,enrollment_update_births_by_attendance_area_2018-12-11.txt,2018-12-11,8/21/2018,
2005,BC-Mesa,BC-Mesa,26,False,True,enrollment_update_births_by_attendance_area_2018-12-11.txt,2018-12-11,8/21/2018,
2005,Bear Creek,Bear Creek,26,False,True,enrollment_update_births_by_attendance_area_2018-12-11.txt,2018-12-11,8/21/2018,
2005,Birch,Birch,60,False,True,enrollment_update_births_by_attendance_area_2018-12-11.txt,2018-12-11,8/21/2018,
2005,Coal Creek,Coal Creek,51,False,True,enrollment_update_births_by_attendance_area_2018-12-11.txt,2018-12-11,8/21/2018,
2005,Columbine,Columbine,163,False,True,enrollment_update_births_by_attendance_area_2018-12-11.txt,2018-12-11,8/21/2018,
2005,Creekside,Creekside,166,False,True,enrollment_update_births_by_attendance_area_2018-12-11.txt,2018-12-11,8/21/2018,
2005,Crest View,Crest View,134,False,True,enrollment_update_births_by_attendance_area_2018-12-11.txt,2018-12-11,8/21/2018,
2005,Douglass,Douglass,44,False,True,enrollment_update_births_by_attendance_area_2018-12-11.txt,2018-12-11,8/21/2018,
2005,Eisenhower,Eisenhower,84,False,True,enrollment_update_births_by_attendance_area_2018-12-11.txt,2018-12-11,8/21/2018,
2005,Eldorado (K-5),Eldorado,76,False,True,enrollment_update_births_by_attendance_area_2018-12-11.txt,2018-12-11,8/21/2018,
2005,Emerald,Emerald,77,False,True,enrollment_update_births_by_attendance_area_2018-12-11.txt,2018-12-11,8/21/2018,
2005,Fireside,Fireside,66,False,True,enrollment_update_births_by_attendance_area_2018-12-11.txt,2018-12-11,8/21/2018,
2005,Flatirons,Flatirons,61,False,True,enrollment_update_births_by_attendance_area_2018-12-11.txt,2018-12-11,8/21/2018,
2005,Foothill,Foothill,95,False,True,enrollment_update_births_by_attendance_area_2018-12-11.txt,2018-12-11,8/21/2018,
2005,Gold Hill,Gold Hill,3,False,True,enrollment_update_births_by_attendance_area_2018-12-11.txt,2018-12-11,8/21/2018,
2005,Heatherwood,Heatherwood,70,False,True,enrollment_update_births_by_attendance_area_2018-12-11.txt,2018-12-11,8/21/2018,
2005,Jamestown,Jamestown,4,False,True,enrollment_update_births_by_attendance_area_2018-12-11.txt,2018-12-11,8/21/2018,
2005,Kohl,Kohl,50,False,True,enrollment_update_births_by_attendance_area_2018-12-11.txt,2018-12-11,8/21/2018,
2005,Lafayette,Lafayette,122,False,True,enrollment_update_births_by_attendance_area_2018-12-11.txt,2018-12-11,8/21/2018,
2005,Louisville,Louisville,65,False,True,enrollment_update_births_by_attendance_area_2018-12-11.txt,2018-12-11,8/21/2018,
2005,Meadowlark,Meadowlark,36,False,True,enrollment_update_births_by_attendance_area_2018-12-11.txt,2018-12-11,8/21/2018,
2005,Mesa,Mesa,30,False,True,enrollment_update_births_by_attendance_area_2018-12-11.txt,2018-12-11,8/21/2018,
2005,Monarch (K-5),Monarch,41,False,True,enrollment_update_births_by_attendance_area_2018-12-11.txt,2018-12-11,8/21/2018,
2005,Nederland,Nederland,101,False,True,enrollment_update_births_by_attendance_area_2018-12-11.txt,2018-12-11,8/21/2018,
2005,Ryan,Ryan,122,False,True,enrollment_update_births_by_attendance_area_2018-12-11.txt,2018-12-11,8/21/2018,
2005,Sanchez,Sanchez,93,False,True,enrollment_update_births_by_attendance_area_2018-12-11.txt,2018-12-11,8/21/2018,
2005,Superior,Superior,70,False,True,enrollment_update_births_by_attendance_area_2018-12-11.txt,2018-12-11,8/21/2018,
2005,Unlocated,Unlocated,0,False,True,enrollment_update_births_by_attendance_area_2018-12-11.txt,2018-12-11,8/21/2018,
2005,Whittier,Whittier,114,False,True,enrollment_update_births_by_attendance_area_2018-12-11.txt,2018-12-11,8/21/2018,
2005,BVSD,BVSD,2109,True,True,enrollment_update_births_by_attendance_area_2018-12-11.txt,2018-12-11,8/21/2018,
2005,Boulder Total,Boulder Total,975,True,True,enrollment_update_births_by_attendance_area_2018-12-11.txt,2018-12-11,8/21/2018,
2005,E County Total,E County Total,914,True,True,enrollment_update_births_by_attendance_area_2018-12-11.txt,2018-12-11,8/21/2018,
2006,Aspen Crk,Aspen Creek,62,False,True,enrollment_update_births_by_attendance_area_2018-12-11.txt,2018-12-11,8/21/2018,
2006,BC-Creekside,BC-Creekside,3,False,True,enrollment_update_births_by_attendance_area_2018-12-11.txt,2018-12-11,8/21/2018,
2006,BC-Mesa,BC-Mesa,21,False,True,enrollment_update_births_by_attendance_area_2018-12-11.txt,2018-12-11,8/21/2018,
2006,Bear Creek,Bear Creek,17,False,True,enrollment_update_births_by_attendance_area_2018-12-11.txt,2018-12-11,8/21/2018,
2006,Birch,Birch,64,False,True,enrollment_update_births_by_attendance_area_2018-12-11.txt,2018-12-11,8/21/2018,
2006,Coal Creek,Coal Creek,72,False,True,enrollment_update_births_by_attendance_area_2018-12-11.txt,2018-12-11,8/21/2018,
2006,Columbine,Columbine,168,False,True,enrollment_update_births_by_attendance_area_2018-12-11.txt,2018-12-11,8/21/2018,
2006,Creekside,Creekside,145,False,True,enrollment_update_births_by_attendance_area_2018-12-11.txt,2018-12-11,8/21/2018,
2006,Crest View,Crest View,115,False,True,enrollment_update_births_by_attendance_area_2018-12-11.txt,2018-12-11,8/21/2018,
2006,Douglass,Douglass,47,False,True,enrollment_update_births_by_attendance_area_2018-12-11.txt,2018-12-11,8/21/2018,
2006,Eisenhower,Eisenhower,81,False,True,enrollment_update_births_by_attendance_area_2018-12-11.txt,2018-12-11,8/21/2018,
2006,Eldorado (K-5),Eldorado,78,False,True,enrollment_update_births_by_attendance_area_2018-12-11.txt,2018-12-11,8/21/2018,
2006,Emerald,Emerald,96,False,True,enrollment_update_births_by_attendance_area_2018-12-11.txt,2018-12-11,8/21/2018,
2006,Fireside,Fireside,57,False,True,enrollment_update_births_by_attendance_area_2018-12-11.txt,2018-12-11,8/21/2018,
2006,Flatirons,Flatirons,58,False,True,enrollment_update_births_by_attendance_area_2018-12-11.txt,2018-12-11,8/21/2018,
2006,Foothill,Foothill,115,False,True,enrollment_update_births_by_attendance_area_2018-12-11.txt,2018-12-11,8/21/2018,
2006,Gold Hill,Gold Hill,1,False,True,enrollment_update_births_by_attendance_area_2018-12-11.txt,2018-12-11,8/21/2018,
2006,Heatherwood,Heatherwood,64,False,True,enrollment_update_births_by_attendance_area_2018-12-11.txt,2018-12-11,8/21/2018,
2006,Jamestown,Jamestown,6,False,True,enrollment_update_births_by_attendance_area_2018-12-11.txt,2018-12-11,8/21/2018,
2006,Kohl,Kohl,50,False,True,enrollment_update_births_by_attendance_area_2018-12-11.txt,2018-12-11,8/21/2018,
2006,Lafayette,Lafayette,121,False,True,enrollment_update_births_by_attendance_area_2018-12-11.txt,2018-12-11,8/21/2018,
2006,Louisville,Louisville,68,False,True,enrollment_update_births_by_attendance_area_2018-12-11.txt,2018-12-11,8/21/2018,
2006,Meadowlark,Meadowlark,44,False,True,enrollment_update_births_by_attendance_area_2018-12-11.txt,2018-12-11,8/21/2018,
2006,Mesa,Mesa,19,False,True,enrollment_update_births_by_attendance_area_2018-12-11.txt,2018-12-11,8/21/2018,
2006,Monarch (K-5),Monarch,45,False,True,enrollment_update_births_by_attendance_area_2018-12-11.txt,2018-12-11,8/21/2018,
2006,Nederland,Nederland,84,False,True,enrollment_update_births_by_attendance_area_2018-12-11.txt,2018-12-11,8/21/2018,
2006,Ryan,Ryan,117,False,True,enrollment_update_births_by_attendance_area_2018-12-11.txt,2018-12-11,8/21/2018,
2006,Sanchez,Sanchez,111,False,True,enrollment_update_births_by_attendance_area_2018-12-11.txt,2018-12-11,8/21/2018,
2006,Superior,Superior,59,False,True,enrollment_update_births_by_attendance_area_2018-12-11.txt,2018-12-11,8/21/2018,
2006,Unlocated,Unlocated,3,False,True,enrollment_update_births_by_attendance_area_2018-12-11.txt,2018-12-11,8/21/2018,
2006,Whittier,Whittier,114,False,True,enrollment_update_births_by_attendance_area_2018-12-11.txt,2018-12-11,8/21/2018,
2006,BVSD,BVSD,2105,True,True,enrollment_update_births_by_attendance_area_2018-12-11.txt,2018-12-11,8/21/2018,
2006,Boulder Total,Boulder Total,920,True,True,enrollment_update_births_by_attendance_area_2018-12-11.txt,2018-12-11,8/21/2018,
2006,E County Total,E County Total,969,True,True,enrollment_update_births_by_attendance_area_2018-12-11.txt,2018-12-11,8/21/2018,
2007,Aspen Crk,Aspen Creek,52,False,True,enrollment_update_births_by_attendance_area_2018-12-11.txt,2018-12-11,8/21/2018,
2007,BC-Creekside,BC-Creekside,5,False,True,enrollment_update_births_by_attendance_area_2018-12-11.txt,2018-12-11,8/21/2018,
2007,BC-Mesa,BC-Mesa,22,False,True,enrollment_update_births_by_attendance_area_2018-12-11.txt,2018-12-11,8/21/2018,
2007,Bear Creek,Bear Creek,23,False,True,enrollment_update_births_by_attendance_area_2018-12-11.txt,2018-12-11,8/21/2018,
2007,Birch,Birch,52,False,True,enrollment_update_births_by_attendance_area_2018-12-11.txt,2018-12-11,8/21/2018,
2007,Coal Creek,Coal Creek,55,False,True,enrollment_update_births_by_attendance_area_2018-12-11.txt,2018-12-11,8/21/2018,
2007,Columbine,Columbine,157,False,True,enrollment_update_births_by_attendance_area_2018-12-11.txt,2018-12-11,8/21/2018,
2007,Creekside,Creekside,156,False,True,enrollment_update_births_by_attendance_area_2018-12-11.txt,2018-12-11,8/21/2018,
2007,Crest View,Crest View,144,False,True,enrollment_update_births_by_attendance_area_2018-12-11.txt,2018-12-11,8/21/2018,
2007,Douglass,Douglass,54,False,True,enrollment_update_births_by_attendance_area_2018-12-11.txt,2018-12-11,8/21/2018,
2007,Eisenhower,Eisenhower,100,False,True,enrollment_update_births_by_attendance_area_2018-12-11.txt,2018-12-11,8/21/2018,
2007,Eldorado (K-5),Eldorado,65,False,True,enrollment_update_births_by_attendance_area_2018-12-11.txt,2018-12-11,8/21/2018,
2007,Emerald,Emerald,89,False,True,enrollment_update_births_by_attendance_area_2018-12-11.txt,2018-12-11,8/21/2018,
2007,Fireside,Fireside,47,False,True,enrollment_update_births_by_attendance_area_2018-12-11.txt,2018-12-11,8/21/2018,
2007,Flatirons,Flatirons,56,False,True,enrollment_update_births_by_attendance_area_2018-12-11.txt,2018-12-11,8/21/2018,
2007,Foothill,Foothill,84,False,True,enrollment_update_births_by_attendance_area_2018-12-11.txt,2018-12-11,8/21/2018,
2007,Gold Hill,Gold Hill,1,False,True,enrollment_update_births_by_attendance_area_2018-12-11.txt,2018-12-11,8/21/2018,
2007,Heatherwood,Heatherwood,69,False,True,enrollment_update_births_by_attendance_area_2018-12-11.txt,2018-12-11,8/21/2018,
2007,Jamestown,Jamestown,2,False,True,enrollment_update_births_by_attendance_area_2018-12-11.txt,2018-12-11,8/21/2018,
2007,Kohl,Kohl,45,False,True,enrollment_update_births_by_attendance_area_2018-12-11.txt,2018-12-11,8/21/2018,
2007,Lafayette,Lafayette,113,False,True,enrollment_update_births_by_attendance_area_2018-12-11.txt,2018-12-11,8/21/2018,
2007,Louisville,Louisville,90,False,True,enrollment_update_births_by_attendance_area_2018-12-11.txt,2018-12-11,8/21/2018,
2007,Meadowlark,Meadowlark,34,False,True,enrollment_update_births_by_attendance_area_2018-12-11.txt,2018-12-11,8/21/2018,
2007,Mesa,Mesa,31,False,True,enrollment_update_births_by_attendance_area_2018-12-11.txt,2018-12-11,8/21/2018,
2007,Monarch (K-5),Monarch,57,False,True,enrollment_update_births_by_attendance_area_2018-12-11.txt,2018-12-11,8/21/2018,
2007,Nederland,Nederland,65,False,True,enrollment_update_births_by_attendance_area_2018-12-11.txt,2018-12-11,8/21/2018,
2007,Ryan,Ryan,124,False,True,enrollment_update_births_by_attendance_area_2018-12-11.txt,2018-12-11,8/21/2018,
2007,Sanchez,Sanchez,96,False,True,enrollment_update_births_by_attendance_area_2018-12-11.txt,2018-12-11,8/21/2018,
2007,Superior,Superior,55,False,True,enrollment_update_births_by_attendance_area_2018-12-11.txt,2018-12-11,8/21/2018,
2007,Unlocated,Unlocated,0,False,True,enrollment_update_births_by_attendance_area_2018-12-11.txt,2018-12-11,8/21/2018,
2007,Whittier,Whittier,115,False,True,enrollment_update_births_by_attendance_area_2018-12-11.txt,2018-12-11,8/21/2018,
2007,BVSD,BVSD,2058,True,True,enrollment_update_births_by_attendance_area_2018-12-11.txt,2018-12-11,8/21/2018,
2007,Boulder Total,Boulder Total,962,True,True,enrollment_update_births_by_attendance_area_2018-12-11.txt,2018-12-11,8/21/2018,
2007,E County Total,E County Total,929,True,True,enrollment_update_births_by_attendance_area_2018-12-11.txt,2018-12-11,8/21/2018,
2008,Aspen Crk,Aspen Creek,56,False,True,enrollment_update_births_by_attendance_area_2018-12-11.txt,2018-12-11,8/21/2018,
2008,BC-Creekside,BC-Creekside,6,False,True,enrollment_update_births_by_attendance_area_2018-12-11.txt,2018-12-11,8/21/2018,
2008,BC-Mesa,BC-Mesa,27,False,True,enrollment_update_births_by_attendance_area_2018-12-11.txt,2018-12-11,8/21/2018,
2008,Bear Creek,Bear Creek,18,False,True,enrollment_update_births_by_attendance_area_2018-12-11.txt,2018-12-11,8/21/2018,
2008,Birch,Birch,60,False,True,enrollment_update_births_by_attendance_area_2018-12-11.txt,2018-12-11,8/21/2018,
2008,Coal Creek,Coal Creek,54,False,True,enrollment_update_births_by_attendance_area_2018-12-11.txt,2018-12-11,8/21/2018,
2008,Columbine,Columbine,155,False,True,enrollment_update_births_by_attendance_area_2018-12-11.txt,2018-12-11,8/21/2018,
2008,Creekside,Creekside,176,False,True,enrollment_update_births_by_attendance_area_2018-12-11.txt,2018-12-11,8/21/2018,
2008,Crest View,Crest View,114,False,True,enrollment_update_births_by_attendance_area_2018-12-11.txt,2018-12-11,8/21/2018,
2008,Douglass,Douglass,57,False,True,enrollment_update_births_by_attendance_area_2018-12-11.txt,2018-12-11,8/21/2018,
2008,Eisenhower,Eisenhower,82,False,True,enrollment_update_births_by_attendance_area_2018-12-11.txt,2018-12-11,8/21/2018,
2008,Eldorado (K-5),Eldorado,61,False,True,enrollment_update_births_by_attendance_area_2018-12-11.txt,2018-12-11,8/21/2018,
2008,Emerald,Emerald,95,False,True,enrollment_update_births_by_attendance_area_2018-12-11.txt,2018-12-11,8/21/2018,
2008,Fireside,Fireside,53,False,True,enrollment_update_births_by_attendance_area_2018-12-11.txt,2018-12-11,8/21/2018,
2008,Flatirons,Flatirons,53,False,True,enrollment_update_births_by_attendance_area_2018-12-11.txt,2018-12-11,8/21/2018,
2008,Foothill,Foothill,119,False,True,enrollment_update_births_by_attendance_area_2018-12-11.txt,2018-12-11,8/21/2018,
2008,Gold Hill,Gold Hill,1,False,True,enrollment_update_births_by_attendance_area_2018-12-11.txt,2018-12-11,8/21/2018,
2008,Heatherwood,Heatherwood,54,False,True,enrollment_update_births_by_attendance_area_2018-12-11.txt,2018-12-11,8/21/2018,
2008,Jamestown,Jamestown,5,False,True,enrollment_update_births_by_attendance_area_2018-12-11.txt,2018-12-11,8/21/2018,
2008,Kohl,Kohl,57,False,True,enrollment_update_births_by_attendance_area_2018-12-11.txt,2018-12-11,8/21/2018,
2008,Lafayette,Lafayette,113,False,True,enrollment_update_births_by_attendance_area_2018-12-11.txt,2018-12-11,8/21/2018,
2008,Louisville,Louisville,77,False,True,enrollment_update_births_by_attendance_area_2018-12-11.txt,2018-12-11,8/21/2018,
2008,Meadowlark,Meadowlark,39,False,True,enrollment_update_births_by_attendance_area_2018-12-11.txt,2018-12-11,8/21/2018,
2008,Mesa,Mesa,25,False,True,enrollment_update_births_by_attendance_area_2018-12-11.txt,2018-12-11,8/21/2018,
2008,Monarch (K-5),Monarch,45,False,True,enrollment_update_births_by_attendance_area_2018-12-11.txt,2018-12-11,8/21/2018,
2008,Nederland,Nederland,63,False,True,enrollment_update_births_by_attendance_area_2018-12-11.txt,2018-12-11,8/21/2018,
2008,Ryan,Ryan,114,False,True,enrollment_update_births_by_attendance_area_2018-12-11.txt,2018-12-11,8/21/2018,
2008,Sanchez,Sanchez,89,False,True,enrollment_update_births_by_attendance_area_2018-12-11.txt,2018-12-11,8/21/2018,
2008,Superior,Superior,58,False,True,enrollment_update_births_by_attendance_area_2018-12-11.txt,2018-12-11,8/21/2018,
2008,Unlocated,Unlocated,0,False,True,enrollment_update_births_by_attendance_area_2018-12-11.txt,2018-12-11,8/21/2018,
2008,Whittier,Whittier,110,False,True,enrollment_update_births_by_attendance_area_2018-12-11.txt,2018-12-11,8/21/2018,
2008,BVSD,BVSD,2036,True,True,enrollment_update_births_by_attendance_area_2018-12-11.txt,2018-12-11,8/21/2018,
2008,Boulder Total,Boulder Total,939,True,True,enrollment_update_births_by_attendance_area_2018-12-11.txt,2018-12-11,8/21/2018,
2008,E County Total,E County Total,928,True,True,enrollment_update_births_by_attendance_area_2018-12-11.txt,2018-12-11,8/21/2018,
2009,Aspen Crk,Aspen Creek,65,False,True,enrollment_update_births_by_attendance_area_2018-12-11.txt,2018-12-11,8/21/2018,
2009,BC-Creekside,BC-Creekside,2,False,True,enrollment_update_births_by_attendance_area_2018-12-11.txt,2018-12-11,8/21/2018,
2009,BC-Mesa,BC-Mesa,25,False,True,enrollment_update_births_by_attendance_area_2018-12-11.txt,2018-12-11,8/21/2018,
2009,Bear Creek,Bear Creek,25,False,True,enrollment_update_births_by_attendance_area_2018-12-11.txt,2018-12-11,8/21/2018,
2009,Birch,Birch,46,False,True,enrollment_update_births_by_attendance_area_2018-12-11.txt,2018-12-11,8/21/2018,
2009,Coal Creek,Coal Creek,68,False,True,enrollment_update_births_by_attendance_area_2018-12-11.txt,2018-12-11,8/21/2018,
2009,Columbine,Columbine,153,False,True,enrollment_update_births_by_attendance_area_2018-12-11.txt,2018-12-11,8/21/2018,
2009,Creekside,Creekside,159,False,True,enrollment_update_births_by_attendance_area_2018-12-11.txt,2018-12-11,8/21/2018,
2009,Crest View,Crest View,165,False,True,enrollment_update_births_by_attendance_area_2018-12-11.txt,2018-12-11,8/21/2018,
2009,Douglass,Douglass,47,False,True,enrollment_update_births_by_attendance_area_2018-12-11.txt,2018-12-11,8/21/2018,
2009,Eisenhower,Eisenhower,75,False,True,enrollment_update_births_by_attendance_area_2018-12-11.txt,2018-12-11,8/21/2018,
2009,Eldorado (K-5),Eldorado,58,False,True,enrollment_update_births_by_attendance_area_2018-12-11.txt,2018-12-11,8/21/2018,
2009,Emerald,Emerald,77,False,True,enrollment_update_births_by_attendance_area_2018-12-11.txt,2018-12-11,8/21/2018,
2009,Fireside,Fireside,39,False,True,enrollment_update_births_by_attendance_area_2018-12-11.txt,2018-12-11,8/21/2018,
2009,Flatirons,Flatirons,47,False,True,enrollment_update_births_by_attendance_area_2018-12-11.txt,2018-12-11,8/21/2018,
2009,Foothill,Foothill,92,False,True,enrollment_update_births_by_attendance_area_2018-12-11.txt,2018-12-11,8/21/2018,
2009,Gold Hill,Gold Hill,0,False,True,enrollment_update_births_by_attendance_area_2018-12-11.txt,2018-12-11,8/21/2018,
2009,Heatherwood,Heatherwood,77,False,True,enrollment_update_births_by_attendance_area_2018-12-11.txt,2018-12-11,8/21/2018,
2009,Jamestown,Jamestown,4,False,True,enrollment_update_births_by_attendance_area_2018-12-11.txt,2018-12-11,8/21/2018,
2009,Kohl,Kohl,48,False,True,enrollment_update_births_by_attendance_area_2018-12-11.txt,2018-12-11,8/21/2018,
2009,Lafayette,Lafayette,102,False,True,enrollment_update_births_by_attendance_area_2018-12-11.txt,2018-12-11,8/21/2018,
2009,Louisville,Louisville,72,False,True,enrollment_update_births_by_attendance_area_2018-12-11.txt,2018-12-11,8/21/2018,
2009,Meadowlark,Meadowlark,40,False,True,enrollment_update_births_by_attendance_area_2018-12-11.txt,2018-12-11,8/21/2018,
2009,Mesa,Mesa,31,False,True,enrollment_update_births_by_attendance_area_2018-12-11.txt,2018-12-11,8/21/2018,
2009,Monarch (K-5),Monarch,55,False,True,enrollment_update_births_by_attendance_area_2018-12-11.txt,2018-12-11,8/21/2018,
2009,Nederland,Nederland,63,False,True,enrollment_update_births_by_attendance_area_2018-12-11.txt,2018-12-11,8/21/2018,
2009,Ryan,Ryan,121,False,True,enrollment_update_births_by_attendance_area_2018-12-11.txt,2018-12-11,8/21/2018,
2009,Sanchez,Sanchez,92,False,True,enrollment_update_births_by_attendance_area_2018-12-11.txt,2018-12-11,8/21/2018,
2009,Superior,Superior,48,False,True,enrollment_update_births_by_attendance_area_2018-12-11.txt,2018-12-11,8/21/2018,
2009,Unlocated,Unlocated,1,False,True,enrollment_update_births_by_attendance_area_2018-12-11.txt,2018-12-11,8/21/2018,
2009,Whittier,Whittier,115,False,True,enrollment_update_births_by_attendance_area_2018-12-11.txt,2018-12-11,8/21/2018,
2009,BVSD,BVSD,2012,True,True,enrollment_update_births_by_attendance_area_2018-12-11.txt,2018-12-11,8/21/2018,
2009,Boulder Total,Boulder Total,966,True,True,enrollment_update_births_by_attendance_area_2018-12-11.txt,2018-12-11,8/21/2018,
2009,E County Total,E County Total,880,True,True,enrollment_update_births_by_attendance_area_2018-12-11.txt,2018-12-11,8/21/2018,
2010,Aspen Crk,Aspen Creek,56,False,True,enrollment_update_births_by_attendance_area_2018-12-11.txt,2018-12-11,8/21/2018,
2010,BC-Creekside,BC-Creekside,2,False,True,enrollment_update_births_by_attendance_area_2018-12-11.txt,2018-12-11,8/21/2018,
2010,BC-Mesa,BC-Mesa,31,False,True,enrollment_update_births_by_attendance_area_2018-12-11.txt,2018-12-11,8/21/2018,
2010,Bear Creek,Bear Creek,31,False,True,enrollment_update_births_by_attendance_area_2018-12-11.txt,2018-12-11,8/21/2018,
2010,Birch,Birch,56,False,True,enrollment_update_births_by_attendance_area_2018-12-11.txt,2018-12-11,8/21/2018,
2010,Coal Creek,Coal Creek,68,False,True,enrollment_update_births_by_attendance_area_2018-12-11.txt,2018-12-11,8/21/2018,
2010,Columbine,Columbine,135,False,True,enrollment_update_births_by_attendance_area_2018-12-11.txt,2018-12-11,8/21/2018,
2010,Creekside,Creekside,150,False,True,enrollment_update_births_by_attendance_area_2018-12-11.txt,2018-12-11,8/21/2018,
2010,Crest View,Crest View,135,False,True,enrollment_update_births_by_attendance_area_2018-12-11.txt,2018-12-11,8/21/2018,
2010,Douglass,Douglass,47,False,True,enrollment_update_births_by_attendance_area_2018-12-11.txt,2018-12-11,8/21/2018,
2010,Eisenhower,Eisenhower,76,False,True,enrollment_update_births_by_attendance_area_2018-12-11.txt,2018-12-11,8/21/2018,
2010,Eldorado (K-5),Eldorado,46,False,True,enrollment_update_births_by_attendance_area_2018-12-11.txt,2018-12-11,8/21/2018,
2010,Emerald,Emerald,79,False,True,enrollment_update_births_by_attendance_area_2018-12-11.txt,2018-12-11,8/21/2018,
2010,Fireside,Fireside,48,False,True,enrollment_update_births_by_attendance_area_2018-12-11.txt,2018-12-11,8/21/2018,
2010,Flatirons,Flatirons,48,False,True,enrollment_update_births_by_attendance_area_2018-12-11.txt,2018-12-11,8/21/2018,
2010,Foothill,Foothill,80,False,True,enrollment_update_births_by_attendance_area_2018-12-11.txt,2018-12-11,8/21/2018,
2010,Gold Hill,Gold Hill,2,False,True,enrollment_update_births_by_attendance_area_2018-12-11.txt,2018-12-11,8/21/2018,
2010,Heatherwood,Heatherwood,64,False,True,enrollment_update_births_by_attendance_area_2018-12-11.txt,2018-12-11,8/21/2018,
2010,Jamestown,Jamestown,3,False,True,enrollment_update_births_by_attendance_area_2018-12-11.txt,2018-12-11,8/21/2018,
2010,Kohl,Kohl,42,False,True,enrollment_update_births_by_attendance_area_2018-12-11.txt,2018-12-11,8/21/2018,
2010,Lafayette,Lafayette,114,False,True,enrollment_update_births_by_attendance_area_2018-12-11.txt,2018-12-11,8/21/2018,
2010,Louisville,Louisville,59,False,True,enrollment_update_births_by_attendance_area_2018-12-11.txt,2018-12-11,8/21/2018,
2010,Meadowlark,Meadowlark,31,False,True,enrollment_update_births_by_attendance_area_2018-12-11.txt,2018-12-11,8/21/2018,
2010,Mesa,Mesa,23,False,True,enrollment_update_births_by_attendance_area_2018-12-11.txt,2018-12-11,8/21/2018,
2010,Monarch (K-5),Monarch,60,False,True,enrollment_update_births_by_attendance_area_2018-12-11.txt,2018-12-11,8/21/2018,
2010,Nederland,Nederland,62,False,True,enrollment_update_births_by_attendance_area_2018-12-11.txt,2018-12-11,8/21/2018,
2010,Ryan,Ryan,99,False,True,enrollment_update_births_by_attendance_area_2018-12-11.txt,2018-12-11,8/21/2018,
2010,Sanchez,Sanchez,87,False,True,enrollment_update_births_by_attendance_area_2018-12-11.txt,2018-12-11,8/21/2018,
2010,Superior,Superior,52,False,True,enrollment_update_births_by_attendance_area_2018-12-11.txt,2018-12-11,8/21/2018,
2010,Unlocated,Unlocated,0,False,True,enrollment_update_births_by_attendance_area_2018-12-11.txt,2018-12-11,8/21/2018,
2010,Whittier,Whittier,105,False,True,enrollment_update_births_by_attendance_area_2018-12-11.txt,2018-12-11,8/21/2018,
2010,BVSD,BVSD,1891,True,True,enrollment_update_births_by_attendance_area_2018-12-11.txt,2018-12-11,8/21/2018,
2010,Boulder Total,Boulder Total,880,True,True,enrollment_update_births_by_attendance_area_2018-12-11.txt,2018-12-11,8/21/2018,
2010,E County Total,E County Total,867,True,True,enrollment_update_births_by_attendance_area_2018-12-11.txt,2018-12-11,8/21/2018,
2011,Aspen Crk,Aspen Creek,51,False,True,enrollment_update_births_by_attendance_area_2018-12-11.txt,2018-12-11,8/21/2018,
2011,BC-Creekside,BC-Creekside,2,False,True,enrollment_update_births_by_attendance_area_2018-12-11.txt,2018-12-11,8/21/2018,
2011,BC-Mesa,BC-Mesa,24,False,True,enrollment_update_births_by_attendance_area_2018-12-11.txt,2018-12-11,8/21/2018,
2011,Bear Creek,Bear Creek,20,False,True,enrollment_update_births_by_attendance_area_2018-12-11.txt,2018-12-11,8/21/2018,
2011,Birch,Birch,49,False,True,enrollment_update_births_by_attendance_area_2018-12-11.txt,2018-12-11,8/21/2018,
2011,Coal Creek,Coal Creek,51,False,True,enrollment_update_births_by_attendance_area_2018-12-11.txt,2018-12-11,8/21/2018,
2011,Columbine,Columbine,155,False,True,enrollment_update_births_by_attendance_area_2018-12-11.txt,2018-12-11,8/21/2018,
2011,Creekside,Creekside,130,False,True,enrollment_update_births_by_attendance_area_2018-12-11.txt,2018-12-11,8/21/2018,
2011,Crest View,Crest View,123,False,True,enrollment_update_births_by_attendance_area_2018-12-11.txt,2018-12-11,8/21/2018,
2011,Douglass,Douglass,38,False,True,enrollment_update_births_by_attendance_area_2018-12-11.txt,2018-12-11,8/21/2018,
2011,Eisenhower,Eisenhower,91,False,True,enrollment_update_births_by_attendance_area_2018-12-11.txt,2018-12-11,8/21/2018,
2011,Eldorado (K-5),Eldorado,40,False,True,enrollment_update_births_by_attendance_area_2018-12-11.txt,2018-12-11,8/21/2018,
2011,Emerald,Emerald,73,False,True,enrollment_update_births_by_attendance_area_2018-12-11.txt,2018-12-11,8/21/2018,
2011,Fireside,Fireside,57,False,True,enrollment_update_births_by_attendance_area_2018-12-11.txt,2018-12-11,8/21/2018,
2011,Flatirons,Flatirons,47,False,True,enrollment_update_births_by_attendance_area_2018-12-11.txt,2018-12-11,8/21/2018,
2011,Foothill,Foothill,83,False,True,enrollment_update_births_by_attendance_area_2018-12-11.txt,2018-12-11,8/21/2018,
2011,Gold Hill,Gold Hill,2,False,True,enrollment_update_births_by_attendance_area_2018-12-11.txt,2018-12-11,8/21/2018,
2011,Heatherwood,Heatherwood,62,False,True,enrollment_update_births_by_attendance_area_2018-12-11.txt,2018-12-11,8/21/2018,
2011,Jamestown,Jamestown,4,False,True,enrollment_update_births_by_attendance_area_2018-12-11.txt,2018-12-11,8/21/2018,
2011,Kohl,Kohl,55,False,True,enrollment_update_births_by_attendance_area_2018-12-11.txt,2018-12-11,8/21/2018,
2011,Lafayette,Lafayette,124,False,True,enrollment_update_births_by_attendance_area_2018-12-11.txt,2018-12-11,8/21/2018,
2011,Louisville,Louisville,80,False,True,enrollment_update_births_by_attendance_area_2018-12-11.txt,2018-12-11,8/21/2018,
2011,Meadowlark,Meadowlark,38,False,True,enrollment_update_births_by_attendance_area_2018-12-11.txt,2018-12-11,8/21/2018,
2011,Mesa,Mesa,16,False,True,enrollment_update_births_by_attendance_area_2018-12-11.txt,2018-12-11,8/21/2018,
2011,Monarch (K-5),Monarch,59,False,True,enrollment_update_births_by_attendance_area_2018-12-11.txt,2018-12-11,8/21/2018,
2011,Nederland,Nederland,53,False,True,enrollment_update_births_by_attendance_area_2018-12-11.txt,2018-12-11,8/21/2018,
2011,Ryan,Ryan,99,False,True,enrollment_update_births_by_attendance_area_2018-12-11.txt,2018-12-11,8/21/2018,
2011,Sanchez,Sanchez,81,False,True,enrollment_update_births_by_attendance_area_2018-12-11.txt,2018-12-11,8/21/2018,
2011,Superior,Superior,35,False,True,enrollment_update_births_by_attendance_area_2018-12-11.txt,2018-12-11,8/21/2018,
2011,Unlocated,Unlocated,0,False,True,enrollment_update_births_by_attendance_area_2018-12-11.txt,2018-12-11,8/21/2018,
2011,Whittier,Whittier,87,False,True,enrollment_update_births_by_attendance_area_2018-12-11.txt,2018-12-11,8/21/2018,
2011,BVSD,BVSD,1829,True,True,enrollment_update_births_by_attendance_area_2018-12-11.txt,2018-12-11,8/21/2018,
2011,Boulder Total,Boulder Total,840,True,True,enrollment_update_births_by_attendance_area_2018-12-11.txt,2018-12-11,8/21/2018,
2011,E County Total,E County Total,852,True,True,enrollment_update_births_by_attendance_area_2018-12-11.txt,2018-12-11,8/21/2018,
2012,Aspen Crk,Aspen Creek,61,False,True,enrollment_update_births_by_attendance_area_2018-12-11.txt,2018-12-11,8/21/2018,
2012,BC-Creekside,BC-Creekside,8,False,True,enrollment_update_births_by_attendance_area_2018-12-11.txt,2018-12-11,8/21/2018,
2012,BC-Mesa,BC-Mesa,26,False,True,enrollment_update_births_by_attendance_area_2018-12-11.txt,2018-12-11,8/21/2018,
2012,Bear Creek,Bear Creek,19,False,True,enrollment_update_births_by_attendance_area_2018-12-11.txt,2018-12-11,8/21/2018,
2012,Birch,Birch,43,False,True,enrollment_update_births_by_attendance_area_2018-12-11.txt,2018-12-11,8/21/2018,
2012,Coal Creek,Coal Creek,66,False,True,enrollment_update_births_by_attendance_area_2018-12-11.txt,2018-12-11,8/21/2018,
2012,Columbine,Columbine,132,False,True,enrollment_update_births_by_attendance_area_2018-12-11.txt,2018-12-11,8/21/2018,
2012,Creekside,Creekside,157,False,True,enrollment_update_births_by_attendance_area_2018-12-11.txt,2018-12-11,8/21/2018,
2012,Crest View,Crest View,147,False,True,enrollment_update_births_by_attendance_area_2018-12-11.txt,2018-12-11,8/21/2018,
2012,Douglass,Douglass,52,False,True,enrollment_update_births_by_attendance_area_2018-12-11.txt,2018-12-11,8/21/2018,
2012,Eisenhower,Eisenhower,83,False,True,enrollment_update_births_by_attendance_area_2018-12-11.txt,2018-12-11,8/21/2018,
2012,Eldorado (K-5),Eldorado,41,False,True,enrollment_update_births_by_attendance_area_2018-12-11.txt,2018-12-11,8/21/2018,
2012,Emerald,Emerald,90,False,True,enrollment_update_births_by_attendance_area_2018-12-11.txt,2018-12-11,8/21/2018,
2012,Fireside,Fireside,45,False,True,enrollment_update_births_by_attendance_area_2018-12-11.txt,2018-12-11,8/21/2018,
2012,Flatirons,Flatirons,44,False,True,enrollment_update_births_by_attendance_area_2018-12-11.txt,2018-12-11,8/21/2018,
2012,Foothill,Foothill,84,False,True,enrollment_update_births_by_attendance_area_2018-12-11.txt,2018-12-11,8/21/2018,
2012,Gold Hill,Gold Hill,1,False,True,enrollment_update_births_by_attendance_area_2018-12-11.txt,2018-12-11,8/21/2018,
2012,Heatherwood,Heatherwood,71,False,True,enrollment_update_births_by_attendance_area_2018-12-11.txt,2018-12-11,8/21/2018,
2012,Jamestown,Jamestown,6,False,True,enrollment_update_births_by_attendance_area_2018-12-11.txt,2018-12-11,8/21/2018,
2012,Kohl,Kohl,59,False,True,enrollment_update_births_by_attendance_area_2018-12-11.txt,2018-12-11,8/21/2018,
2012,Lafayette,Lafayette,105,False,True,enrollment_update_births_by_attendance_area_2018-12-11.txt,2018-12-11,8/21/2018,
2012,Louisville,Louisville,85,False,True,enrollment_update_births_by_attendance_area_2018-12-11.txt,2018-12-11,8/21/2018,
2012,Meadowlark,Meadowlark,27,False,True,enrollment_update_births_by_attendance_area_2018-12-11.txt,2018-12-11,8/21/2018,
2012,Mesa,Mesa,23,False,True,enrollment_update_births_by_attendance_area_2018-12-11.txt,2018-12-11,8/21/2018,
2012,Monarch (K-5),Monarch,60,False,True,enrollment_update_births_by_attendance_area_2018-12-11.txt,2018-12-11,8/21/2018,
2012,Nederland,Nederland,48,False,True,enrollment_update_births_by_attendance_area_2018-12-11.txt,2018-12-11,8/21/2018,
2012,Ryan,Ryan,143,False,True,enrollment_update_births_by_attendance_area_2018-12-11.txt,2018-12-11,8/21/2018,
2012,Sanchez,Sanchez,83,False,True,enrollment_update_births_by_attendance_area_2018-12-11.txt,2018-12-11,8/21/2018,
2012,Superior,Superior,28,False,True,enrollment_update_births_by_attendance_area_2018-12-11.txt,2018-12-11,8/21/2018,
2012,Unlocated,Unlocated,0,False,True,enrollment_update_births_by_attendance_area_2018-12-11.txt,2018-12-11,8/21/2018,
2012,Whittier,Whittier,119,False,True,enrollment_update_births_by_attendance_area_2018-12-11.txt,2018-12-11,8/21/2018,
2012,BVSD,BVSD,1956,True,True,enrollment_update_births_by_attendance_area_2018-12-11.txt,2018-12-11,8/21/2018,
2012,Boulder Total,Boulder Total,913,True,True,enrollment_update_births_by_attendance_area_2018-12-11.txt,2018-12-11,8/21/2018,
2012,E County Total,E County Total,920,True,True,enrollment_update_births_by_attendance_area_2018-12-11.txt,2018-12-11,8/21/2018,
2013,Aspen Crk,Aspen Creek,67,False,True,enrollment_update_births_by_attendance_area_2018-12-11.txt,2018-12-11,8/21/2018,
2013,BC-Creekside,BC-Creekside,3,False,True,enrollment_update_births_by_attendance_area_2018-12-11.txt,2018-12-11,8/21/2018,
2013,BC-Mesa,BC-Mesa,23,False,True,enrollment_update_births_by_attendance_area_2018-12-11.txt,2018-12-11,8/21/2018,
2013,Bear Creek,Bear Creek,25,False,True,enrollment_update_births_by_attendance_area_2018-12-11.txt,2018-12-11,8/21/2018,
2013,Birch,Birch,65,False,True,enrollment_update_births_by_attendance_area_2018-12-11.txt,2018-12-11,8/21/2018,
2013,Coal Creek,Coal Creek,60,False,True,enrollment_update_births_by_attendance_area_2018-12-11.txt,2018-12-11,8/21/2018,
2013,Columbine,Columbine,129,False,True,enrollment_update_births_by_attendance_area_2018-12-11.txt,2018-12-11,8/21/2018,
2013,Creekside,Creekside,157,False,True,enrollment_update_births_by_attendance_area_2018-12-11.txt,2018-12-11,8/21/2018,
2013,Crest View,Crest View,151,False,True,enrollment_update_births_by_attendance_area_2018-12-11.txt,2018-12-11,8/21/2018,
2013,Douglass,Douglass,46,False,True,enrollment_update_births_by_attendance_area_2018-12-11.txt,2018-12-11,8/21/2018,
2013,Eisenhower,Eisenhower,84,False,True,enrollment_update_births_by_attendance_area_2018-12-11.txt,2018-12-11,8/21/2018,
2013,Eldorado (K-5),Eldorado,46,False,True,enrollment_update_births_by_attendance_area_2018-12-11.txt,2018-12-11,8/21/2018,
2013,Emerald,Emerald,81,False,True,enrollment_update_births_by_attendance_area_2018-12-11.txt,2018-12-11,8/21/2018,
2013,Fireside,Fireside,59,False,True,enrollment_update_births_by_attendance_area_2018-12-11.txt,2018-12-11,8/21/2018,
2013,Flatirons,Flatirons,41,False,True,enrollment_update_births_by_attendance_area_2018-12-11.txt,2018-12-11,8/21/2018,
2013,Foothill,Foothill,64,False,True,enrollment_update_births_by_attendance_area_2018-12-11.txt,2018-12-11,8/21/2018,
2013,Gold Hill,Gold Hill,3,False,True,enrollment_update_births_by_attendance_area_2018-12-11.txt,2018-12-11,8/21/2018,
2013,Heatherwood,Heatherwood,60,False,True,enrollment_update_births_by_attendance_area_2018-12-11.txt,2018-12-11,8/21/2018,
2013,Jamestown,Jamestown,2,False,True,enrollment_update_births_by_attendance_area_2018-12-11.txt,2018-12-11,8/21/2018,
2013,Kohl,Kohl,53,False,True,enrollment_update_births_by_attendance_area_2018-12-11.txt,2018-12-11,8/21/2018,
2013,Lafayette,Lafayette,89,False,True,enrollment_update_births_by_attendance_area_2018-12-11.txt,2018-12-11,8/21/2018,
2013,Louisville,Louisville,79,False,True,enrollment_update_births_by_attendance_area_2018-12-11.txt,2018-12-11,8/21/2018,
2013,Meadowlark,Meadowlark,24,False,True,enrollment_update_births_by_attendance_area_2018-12-11.txt,2018-12-11,8/21/2018,
2013,Mesa,Mesa,20,False,True,enrollment_update_births_by_attendance_area_2018-12-11.txt,2018-12-11,8/21/2018,
2013,Monarch (K-5),Monarch,67,False,True,enrollment_update_births_by_attendance_area_2018-12-11.txt,2018-12-11,8/21/2018,
2013,Nederland,Nederland,55,False,True,enrollment_update_births_by_attendance_area_2018-12-11.txt,2018-12-11,8/21/2018,
2013,Ryan,Ryan,104,False,True,enrollment_update_births_by_attendance_area_2018-12-11.txt,2018-12-11,8/21/2018,
2013,Sanchez,Sanchez,99,False,True,enrollment_update_births_by_attendance_area_2018-12-11.txt,2018-12-11,8/21/2018,
2013,Superior,Superior,41,False,True,enrollment_update_births_by_attendance_area_2018-12-11.txt,2018-12-11,8/21/2018,
2013,Unlocated,Unlocated,0,False,True,enrollment_update_births_by_attendance_area_2018-12-11.txt,2018-12-11,8/21/2018,
2013,Whittier,Whittier,115,False,True,enrollment_update_births_by_attendance_area_2018-12-11.txt,2018-12-11,8/21/2018,
2013,BVSD,BVSD,1912,True,True,enrollment_update_births_by_attendance_area_2018-12-11.txt,2018-12-11,8/21/2018,
2013,Boulder Total,Boulder Total,872,True,True,enrollment_update_births_by_attendance_area_2018-12-11.txt,2018-12-11,8/21/2018,
2013,E County Total,E County Total,910,True,True,enrollment_update_births_by_attendance_area_2018-12-11.txt,2018-12-11,8/21/2018,
2014,Aspen Crk,Aspen Creek,54,False,True,enrollment_update_births_by_attendance_area_2018-12-11.txt,2018-12-11,8/21/2018,
2014,BC-Creekside,BC-Creekside,4,False,True,enrollment_update_births_by_attendance_area_2018-12-11.txt,2018-12-11,8/21/2018,
2014,BC-Mesa,BC-Mesa,25,False,True,enrollment_update_births_by_attendance_area_2018-12-11.txt,2018-12-11,8/21/2018,
2014,Bear Creek,Bear Creek,21,False,True,enrollment_update_births_by_attendance_area_2018-12-11.txt,2018-12-11,8/21/2018,
2014,Birch,Birch,58,False,True,enrollment_update_births_by_attendance_area_2018-12-11.txt,2018-12-11,8/21/2018,
2014,Coal Creek,Coal Creek,63,False,True,enrollment_update_births_by_attendance_area_2018-12-11.txt,2018-12-11,8/21/2018,
2014,Columbine,Columbine,124,False,True,enrollment_update_births_by_attendance_area_2018-12-11.txt,2018-12-11,8/21/2018,
2014,Creekside,Creekside,131,False,True,enrollment_update_births_by_attendance_area_2018-12-11.txt,2018-12-11,8/21/2018,
2014,Crest View,Crest View,123,False,True,enrollment_update_births_by_attendance_area_2018-12-11.txt,2018-12-11,8/21/2018,
2014,Douglass,Douglass,47,False,True,enrollment_update_births_by_attendance_area_2018-12-11.txt,2018-12-11,8/21/2018,
2014,Eisenhower,Eisenhower,75,False,True,enrollment_update_births_by_attendance_area_2018-12-11.txt,2018-12-11,8/21/2018,
2014,Eldorado (K-5),Eldorado,37,False,True,enrollment_update_births_by_attendance_area_2018-12-11.txt,2018-12-11,8/21/2018,
2014,Emerald,Emerald,80,False,True,enrollment_update_births_by_attendance_area_2018-12-11.txt,2018-12-11,8/21/2018,
2014,Fireside,Fireside,45,False,True,enrollment_update_births_by_attendance_area_2018-12-11.txt,2018-12-11,8/21/2018,
2014,Flatirons,Flatirons,43,False,True,enrollment_update_births_by_attendance_area_2018-12-11.txt,2018-12-11,8/21/2018,
2014,Foothill,Foothill,85,False,True,enrollment_update_births_by_attendance_area_2018-12-11.txt,2018-12-11,8/21/2018,
2014,Gold Hill,Gold Hill,0,False,True,enrollment_update_births_by_attendance_area_2018-12-11.txt,2018-12-11,8/21/2018,
2014,Heatherwood,Heatherwood,58,False,True,enrollment_update_births_by_attendance_area_2018-12-11.txt,2018-12-11,8/21/2018,
2014,Jamestown,Jamestown,2,False,True,enrollment_update_births_by_attendance_area_2018-12-11.txt,2018-12-11,8/21/2018,
2014,Kohl,Kohl,59,False,True,enrollment_update_births_by_attendance_area_2018-12-11.txt,2018-12-11,8/21/2018,
2014,Lafayette,Lafayette,109,False,True,enrollment_update_births_by_attendance_area_2018-12-11.txt,2018-12-11,8/21/2018,
2014,Louisville,Louisville,72,False,True,enrollment_update_births_by_attendance_area_2018-12-11.txt,2018-12-11,8/21/2018,
2014,Meadowlark,Meadowlark,33,False,True,enrollment_update_births_by_attendance_area_2018-12-11.txt,2018-12-11,8/21/2018,
2014,Mesa,Mesa,23,False,True,enrollment_update_births_by_attendance_area_2018-12-11.txt,2018-12-11,8/21/2018,
2014,Monarch (K-5),Monarch,79,False,True,enrollment_update_births_by_attendance_area_2018-12-11.txt,2018-12-11,8/21/2018,
2014,Nederland,Nederland,56,False,True,enrollment_update_births_by_attendance_area_2018-12-11.txt,2018-12-11,8/21/2018,
2014,Ryan,Ryan,107,False,True,enrollment_update_births_by_attendance_area_2018-12-11.txt,2018-12-11,8/21/2018,
2014,Sanchez,Sanchez,98,False,True,enrollment_update_births_by_attendance_area_2018-12-11.txt,2018-12-11,8/21/2018,
2014,Superior,Superior,32,False,True,enrollment_update_births_by_attendance_area_2018-12-11.txt,2018-12-11,8/21/2018,
2014,Unlocated,Unlocated,0,False,True,enrollment_update_births_by_attendance_area_2018-12-11.txt,2018-12-11,8/21/2018,
2014,Whittier,Whittier,113,False,True,enrollment_update_births_by_attendance_area_2018-12-11.txt,2018-12-11,8/21/2018,
2014,BVSD,BVSD,1856,True,True,enrollment_update_births_by_attendance_area_2018-12-11.txt,2018-12-11,8/21/2018,
2014,Boulder Total,Boulder Total,825,True,True,enrollment_update_births_by_attendance_area_2018-12-11.txt,2018-12-11,8/21/2018,
2014,E County Total,E County Total,903,True,True,enrollment_update_births_by_attendance_area_2018-12-11.txt,2018-12-11,8/21/2018,
2015,Aspen Crk,Aspen Creek,70,False,True,enrollment_update_births_by_attendance_area_2018-12-11.txt,2018-12-11,8/21/2018,
2015,BC-Creekside,BC-Creekside,6,False,True,enrollment_update_births_by_attendance_area_2018-12-11.txt,2018-12-11,8/21/2018,
2015,BC-Mesa,BC-Mesa,17,False,True,enrollment_update_births_by_attendance_area_2018-12-11.txt,2018-12-11,8/21/2018,
2015,Bear Creek,Bear Creek,11,False,True,enrollment_update_births_by_attendance_area_2018-12-11.txt,2018-12-11,8/21/2018,
2015,Birch,Birch,51,False,True,enrollment_update_births_by_attendance_area_2018-12-11.txt,2018-12-11,8/21/2018,
2015,Coal Creek,Coal Creek,48,False,True,enrollment_update_births_by_attendance_area_2018-12-11.txt,2018-12-11,8/21/2018,
2015,Columbine,Columbine,121,False,True,enrollment_update_births_by_attendance_area_2018-12-11.txt,2018-12-11,8/21/2018,
2015,Creekside,Creekside,158,False,True,enrollment_update_births_by_attendance_area_2018-12-11.txt,2018-12-11,8/21/2018,
2015,Crest View,Crest View,152,False,True,enrollment_update_births_by_attendance_area_2018-12-11.txt,2018-12-11,8/21/2018,
2015,Douglass,Douglass,49,False,True,enrollment_update_births_by_attendance_area_2018-12-11.txt,2018-12-11,8/21/2018,
2015,Eisenhower,Eisenhower,74,False,True,enrollment_update_births_by_attendance_area_2018-12-11.txt,2018-12-11,8/21/2018,
2015,Eldorado (K-5),Eldorado,29,False,True,enrollment_update_births_by_attendance_area_2018-12-11.txt,2018-12-11,8/21/2018,
2015,Emerald,Emerald,112,False,True,enrollment_update_births_by_attendance_area_2018-12-11.txt,2018-12-11,8/21/2018,
2015,Fireside,Fireside,46,False,True,enrollment_update_births_by_attendance_area_2018-12-11.txt,2018-12-11,8/21/2018,
2015,Flatirons,Flatirons,43,False,True,enrollment_update_births_by_attendance_area_2018-12-11.txt,2018-12-11,8/21/2018,
2015,Foothill,Foothill,64,False,True,enrollment_update_births_by_attendance_area_2018-12-11.txt,2018-12-11,8/21/2018,
2015,Gold Hill,Gold Hill,1,False,True,enrollment_update_births_by_attendance_area_2018-12-11.txt,2018-12-11,8/21/2018,
2015,Heatherwood,Heatherwood,71,False,True,enrollment_update_births_by_attendance_area_2018-12-11.txt,2018-12-11,8/21/2018,
2015,Jamestown,Jamestown,1,False,True,enrollment_update_births_by_attendance_area_2018-12-11.txt,2018-12-11,8/21/2018,
2015,Kohl,Kohl,55,False,True,enrollment_update_births_by_attendance_area_2018-12-11.txt,2018-12-11,8/21/2018,
2015,Lafayette,Lafayette,100,False,True,enrollment_update_births_by_attendance_area_2018-12-11.txt,2018-12-11,8/21/2018,
2015,Louisville,Louisville,77,False,True,enrollment_update_births_by_attendance_area_2018-12-11.txt,2018-12-11,8/21/2018,
2015,Meadowlark,Meadowlark,28,False,True,enrollment_update_births_by_attendance_area_2018-12-11.txt,2018-12-11,8/21/2018,
2015,Mesa,Mesa,23,False,True,enrollment_update_births_by_attendance_area_2018-12-11.txt,2018-12-11,8/21/2018,
2015,Monarch (K-5),Monarch,56,False,True,enrollment_update_births_by_attendance_area_2018-12-11.txt,2018-12-11,8/21/2018,
2015,Nederland,Nederland,55,False,True,enrollment_update_births_by_attendance_area_2018-12-11.txt,2018-12-11,8/21/2018,
2015,Ryan,Ryan,102,False,True,enrollment_update_births_by_attendance_area_2018-12-11.txt,2018-12-11,8/21/2018,
2015,Sanchez,Sanchez,111,False,True,enrollment_update_births_by_attendance_area_2018-12-11.txt,2018-12-11,8/21/2018,
2015,Superior,Superior,41,False,True,enrollment_update_births_by_attendance_area_2018-12-11.txt,2018-12-11,8/21/2018,
2015,Unlocated,Unlocated,0,False,True,enrollment_update_births_by_attendance_area_2018-12-11.txt,2018-12-11,8/21/2018,
2015,Whittier,Whittier,106,False,True,enrollment_update_births_by_attendance_area_2018-12-11.txt,2018-12-11,8/21/2018,
2015,BVSD,BVSD,1878,True,True,enrollment_update_births_by_attendance_area_2018-12-11.txt,2018-12-11,8/21/2018,
2015,Boulder Total,Boulder Total,846,True,True,enrollment_update_births_by_attendance_area_2018-12-11.txt,2018-12-11,8/21/2018,
2015,E County Total,E County Total,918,True,True,enrollment_update_births_by_attendance_area_2018-12-11.txt,2018-12-11,8/21/2018,
2016,Aspen Crk,Aspen Creek,61,False,True,enrollment_update_births_by_attendance_area_2018-12-11.txt,2018-12-11,8/21/2018,
2016,BC-Creekside,BC-Creekside,1,False,True,enrollment_update_births_by_attendance_area_2018-12-11.txt,2018-12-11,8/21/2018,
2016,BC-Mesa,BC-Mesa,17,False,True,enrollment_update_births_by_attendance_area_2018-12-11.txt,2018-12-11,8/21/2018,
2016,Bear Creek,Bear Creek,12,False,True,enrollment_update_births_by_attendance_area_2018-12-11.txt,2018-12-11,8/21/2018,
2016,Birch,Birch,55,False,True,enrollment_update_births_by_attendance_area_2018-12-11.txt,2018-12-11,8/21/2018,
2016,Coal Creek,Coal Creek,47,False,True,enrollment_update_births_by_attendance_area_2018-12-11.txt,2018-12-11,8/21/2018,
2016,Columbine,Columbine,123,False,True,enrollment_update_births_by_attendance_area_2018-12-11.txt,2018-12-11,8/21/2018,
2016,Creekside,Creekside,131,False,True,enrollment_update_births_by_attendance_area_2018-12-11.txt,2018-12-11,8/21/2018,
2016,Crest View,Crest View,140,False,True,enrollment_update_births_by_attendance_area_2018-12-11.txt,2018-12-11,8/21/2018,
2016,Douglass,Douglass,45,False,True,enrollment_update_births_by_attendance_area_2018-12-11.txt,2018-12-11,8/21/2018,
2016,Eisenhower,Eisenhower,67,False,True,enrollment_update_births_by_attendance_area_2018-12-11.txt,2018-12-11,8/21/2018,
2016,Eldorado (K-5),Eldorado,30,False,True,enrollment_update_births_by_attendance_area_2018-12-11.txt,2018-12-11,8/21/2018,
2016,Emerald,Emerald,95,False,True,enrollment_update_births_by_attendance_area_2018-12-11.txt,2018-12-11,8/21/2018,
2016,Fireside,Fireside,40,False,True,enrollment_update_births_by_attendance_area_2018-12-11.txt,2018-12-11,8/21/2018,
2016,Flatirons,Flatirons,31,False,True,enrollment_update_births_by_attendance_area_2018-12-11.txt,2018-12-11,8/21/2018,
2016,Foothill,Foothill,66,False,True,enrollment_update_births_by_attendance_area_2018-12-11.txt,2018-12-11,8/21/2018,
2016,Gold Hill,Gold Hill,2,False,True,enrollment_update_births_by_attendance_area_2018-12-11.txt,2018-12-11,8/21/2018,
2016,Heatherwood,Heatherwood,53,False,True,enrollment_update_births_by_attendance_area_2018-12-11.txt,2018-12-11,8/21/2018,
2016,Jamestown,Jamestown,4,False,True,enrollment_update_births_by_attendance_area_2018-12-11.txt,2018-12-11,8/21/2018,
2016,Kohl,Kohl,56,False,True,enrollment_update_births_by_attendance_area_2018-12-11.txt,2018-12-11,8/21/2018,
2016,Lafayette,Lafayette,110,False,True,enrollment_update_births_by_attendance_area_2018-12-11.txt,2018-12-11,8/21/2018,
2016,Louisville,Louisville,64,False,True,enrollment_update_births_by_attendance_area_2018-12-11.txt,2018-12-11,8/21/2018,
2016,Meadowlark,Meadowlark,36,False,True,enrollment_update_births_by_attendance_area_2018-12-11.txt,2018-12-11,8/21/2018,
2016,Mesa,Mesa,26,False,True,enrollment_update_births_by_attendance_area_2018-12-11.txt,2018-12-11,8/21/2018,
2016,Monarch (K-5),Monarch,48,False,True,enrollment_update_births_by_attendance_area_2018-12-11.txt,2018-12-11,8/21/2018,
2016,Nederland,Nederland,54,False,True,enrollment_update_births_by_attendance_area_2018-12-11.txt,2018-12-11,8/21/2018,
2016,Ryan,Ryan,118,False,True,enrollment_update_births_by_attendance_area_2018-12-11.txt,2018-12-11,8/21/2018,
2016,Sanchez,Sanchez,98,False,True,enrollment_update_births_by_attendance_area_2018-12-11.txt,2018-12-11,8/21/2018,
2016,Superior,Superior,39,False,True,enrollment_update_births_by_attendance_area_2018-12-11.txt,2018-12-11,8/21/2018,
2016,Unlocated,Unlocated,0,False,True,enrollment_update_births_by_attendance_area_2018-12-11.txt,2018-12-11,8/21/2018,
2016,Whittier,Whittier,104,False,True,enrollment_update_births_by_attendance_area_2018-12-11.txt,2018-12-11,8/21/2018,
2016,BVSD,BVSD,1773,True,True,enrollment_update_births_by_attendance_area_2018-12-11.txt,2018-12-11,8/21/2018,
2016,Boulder Total,Boulder Total,771,True,True,enrollment_update_births_by_attendance_area_2018-12-11.txt,2018-12-11,8/21/2018,
2016,E County Total,E County Total,876,True,True,enrollment_update_births_by_attendance_area_2018-12-11.txt,2018-12-11,8/21/2018,
2017,Aspen Crk,Aspen Creek,66,False,True,enrollment_update_births_by_attendance_area_2018-12-11.txt,2018-12-11,8/21/2018,
2017,BC-Creekside,BC-Creekside,4,False,True,enrollment_update_births_by_attendance_area_2018-12-11.txt,2018-12-11,8/21/2018,
2017,BC-Mesa,BC-Mesa,16,False,True,enrollment_update_births_by_attendance_area_2018-12-11.txt,2018-12-11,8/21/2018,
2017,Bear Creek,Bear Creek,16,False,True,enrollment_update_births_by_attendance_area_2018-12-11.txt,2018-12-11,8/21/2018,
2017,Birch,Birch,39,False,True,enrollment_update_births_by_attendance_area_2018-12-11.txt,2018-12-11,8/21/2018,
2017,Coal Creek,Coal Creek,50,False,True,enrollment_update_births_by_attendance_area_2018-12-11.txt,2018-12-11,8/21/2018,
2017,Columbine,Columbine,128,False,True,enrollment_update_births_by_attendance_area_2018-12-11.txt,2018-12-11,8/21/2018,
2017,Creekside,Creekside,125,False,True,enrollment_update_births_by_attendance_area_2018-12-11.txt,2018-12-11,8/21/2018,
2017,Crest View,Crest View,128,False,True,enrollment_update_births_by_attendance_area_2018-12-11.txt,2018-12-11,8/21/2018,
2017,Douglass,Douglass,36,False,True,enrollment_update_births_by_attendance_area_2018-12-11.txt,2018-12-11,8/21/2018,
2017,Eisenhower,Eisenhower,64,False,True,enrollment_update_births_by_attendance_area_2018-12-11.txt,2018-12-11,8/21/2018,
2017,Eldorado (K-5),Eldorado,29,False,True,enrollment_update_births_by_attendance_area_2018-12-11.txt,2018-12-11,8/21/2018,
2017,Emerald,Emerald,103,False,True,enrollment_update_births_by_attendance_area_2018-12-11.txt,2018-12-11,8/21/2018,
2017,Fireside,Fireside,37,False,True,enrollment_update_births_by_attendance_area_2018-12-11.txt,2018-12-11,8/21/2018,
2017,Flatirons,Flatirons,39,False,True,enrollment_update_births_by_attendance_area_2018-12-11.txt,2018-12-11,8/21/2018,
2017,Foothill,Foothill,77,False,True,enrollment_update_births_by_attendance_area_2018-12-11.txt,2018-12-11,8/21/2018,
2017,Gold Hill,Gold Hill,3,False,True,enrollment_update_births_by_attendance_area_2018-12-11.txt,2018-12-11,8/21/2018,
2017,Heatherwood,Heatherwood,56,False,True,enrollment_update_births_by_attendance_area_2018-12-11.txt,2018-12-11,8/21/2018,
2017,Jamestown,Jamestown,4,False,True,enrollment_update_births_by_attendance_area_2018-12-11.txt,2018-12-11,8/21/2018,
2017,Kohl,Kohl,51,False,True,enrollment_update_births_by_attendance_area_2018-12-11.txt,2018-12-11,8/21/2018,
2017,Lafayette,Lafayette,95,False,True,enrollment_update_births_by_attendance_area_2018-12-11.txt,2018-12-11,8/21/2018,
2017,Louisville,Louisville,51,False,True,enrollment_update_births_by_attendance_area_2018-12-11.txt,2018-12-11,8/21/2018,
2017,Meadowlark,Meadowlark,52,False,True,enrollment_update_births_by_attendance_area_2018-12-11.txt,2018-12-11,8/21/2018,
2017,Mesa,Mesa,22,False,True,enrollment_update_births_by_attendance_area_2018-12-11.txt,2018-12-11,8/21/2018,
2017,Monarch (K-5),Monarch,53,False,True,enrollment_update_births_by_attendance_area_2018-12-11.txt,2018-12-11,8/21/2018,
2017,Nederland,Nederland,53,False,True,enrollment_update_births_by_attendance_area_2018-12-11.txt,2018-12-11,8/21/2018,
2017,Ryan,Ryan,104,False,True,enrollment_update_births_by_attendance_area_2018-12-11.txt,2018-12-11,8/21/2018,
2017,Sanchez,Sanchez,105,False,True,enrollment_update_births_by_attendance_area_2018-12-11.txt,2018-12-11,8/21/2018,
2017,Superior,Superior,46,False,True,enrollment_update_births_by_attendance_area_2018-12-11.txt,2018-12-11,8/21/2018,
2017,Unlocated,Unlocated,0,False,True,enrollment_update_births_by_attendance_area_2018-12-11.txt,2018-12-11,8/21/2018,
2017,Whittier,Whittier,83,False,True,enrollment_update_births_by_attendance_area_2018-12-11.txt,2018-12-11,8/21/2018,
2017,BVSD,BVSD,1735,True,True,enrollment_update_births_by_attendance_area_2018-12-11.txt,2018-12-11,8/21/2018,
2017,Boulder Total,Boulder Total,758,True,True,enrollment_update_births_by_attendance_area_2018-12-11.txt,2018-12-11,8/21/2018,
2017,E County Total,E County Total,836,True,True,enrollment_update_births_by_attendance_area_2018-12-11.txt,2018-12-11,8/21/2018,
1998,Aspen Crk,Aspen Creek,68,False,True,enrollment_update_05_births_and_k_analysis_2019-12-10.txt,2019-12-10,8/12/2019,
1998,BC-Creekside,BC-Creekside,6,False,True,enrollment_update_05_births_and_k_analysis_2019-12-10.txt,2019-12-10,8/12/2019,
1998,BC-Mesa,BC-Mesa,22,False,True,enrollment_update_05_births_and_k_analysis_2019-12-10.txt,2019-12-10,8/12/2019,
1998,Bear Creek,Bear Creek,16,False,True,enrollment_update_05_births_and_k_analysis_2019-12-10.txt,2019-12-10,8/12/2019,
1998,Birch,Birch,67,False,True,enrollment_update_05_births_and_k_analysis_2019-12-10.txt,2019-12-10,8/12/2019,
1998,Coal Creek,Coal Creek,58,False,True,enrollment_update_05_births_and_k_analysis_2019-12-10.txt,2019-12-10,8/12/2019,
1998,Columbine,Columbine,143,False,True,enrollment_update_05_births_and_k_analysis_2019-12-10.txt,2019-12-10,8/12/2019,
1998,Creekside,Creekside,183,False,True,enrollment_update_05_births_and_k_analysis_2019-12-10.txt,2019-12-10,8/12/2019,
1998,Crest View,Crest View,132,False,True,enrollment_update_05_births_and_k_analysis_2019-12-10.txt,2019-12-10,8/12/2019,
1998,Douglass,Douglass,42,False,True,enrollment_update_05_births_and_k_analysis_2019-12-10.txt,2019-12-10,8/12/2019,
1998,Eisenhower,Eisenhower,92,False,True,enrollment_update_05_births_and_k_analysis_2019-12-10.txt,2019-12-10,8/12/2019,
1998,Eldorado (K-5),Eldorado,6,False,True,enrollment_update_05_births_and_k_analysis_2019-12-10.txt,2019-12-10,8/12/2019,
1998,Emerald,Emerald,56,False,True,enrollment_update_05_births_and_k_analysis_2019-12-10.txt,2019-12-10,8/12/2019,
1998,Fireside,Fireside,60,False,True,enrollment_update_05_births_and_k_analysis_2019-12-10.txt,2019-12-10,8/12/2019,
1998,Flatirons,Flatirons,66,False,True,enrollment_update_05_births_and_k_analysis_2019-12-10.txt,2019-12-10,8/12/2019,
1998,Foothill,Foothill,85,False,True,enrollment_update_05_births_and_k_analysis_2019-12-10.txt,2019-12-10,8/12/2019,
1998,Gold Hill,Gold Hill,4,False,True,enrollment_update_05_births_and_k_analysis_2019-12-10.txt,2019-12-10,8/12/2019,
1998,Heatherwood,Heatherwood,82,False,True,enrollment_update_05_births_and_k_analysis_2019-12-10.txt,2019-12-10,8/12/2019,
1998,Jamestown,Jamestown,5,False,True,enrollment_update_05_births_and_k_analysis_2019-12-10.txt,2019-12-10,8/12/2019,
1998,Kohl,Kohl,47,False,True,enrollment_update_05_births_and_k_analysis_2019-12-10.txt,2019-12-10,8/12/2019,
1998,Lafayette,Lafayette,124,False,True,enrollment_update_05_births_and_k_analysis_2019-12-10.txt,2019-12-10,8/12/2019,
1998,Louisville,Louisville,78,False,True,enrollment_update_05_births_and_k_analysis_2019-12-10.txt,2019-12-10,8/12/2019,
1998,Meadowlark,Meadowlark,39,False,True,enrollment_update_05_births_and_k_analysis_2019-12-10.txt,2019-12-10,8/12/2019,
1998,Mesa,Mesa,43,False,True,enrollment_update_05_births_and_k_analysis_2019-12-10.txt,2019-12-10,8/12/2019,
1998,Monarch (K-5),Monarch,73,False,True,enrollment_update_05_births_and_k_analysis_2019-12-10.txt,2019-12-10,8/12/2019,
1998,Nederland,Nederland,83,False,True,enrollment_update_05_births_and_k_analysis_2019-12-10.txt,2019-12-10,8/12/2019,
1998,Ryan,Ryan,154,False,True,enrollment_update_05_births_and_k_analysis_2019-12-10.txt,2019-12-10,8/12/2019,
1998,Sanchez,Sanchez,95,False,True,enrollment_update_05_births_and_k_analysis_2019-12-10.txt,2019-12-10,8/12/2019,
1998,Superior,Superior,104,False,True,enrollment_update_05_births_and_k_analysis_2019-12-10.txt,2019-12-10,8/12/2019,
1998,Unlocated,Unlocated,4,False,True,enrollment_update_05_births_and_k_analysis_2019-12-10.txt,2019-12-10,8/12/2019,
1998,Whittier,Whittier,125,False,True,enrollment_update_05_births_and_k_analysis_2019-12-10.txt,2019-12-10,8/12/2019,
1998,BVSD,BVSD,2162,True,True,enrollment_update_05_births_and_k_analysis_2019-12-10.txt,2019-12-10,8/12/2019,
1998,Boulder Total,Boulder Total,995,True,True,enrollment_update_05_births_and_k_analysis_2019-12-10.txt,2019-12-10,8/12/2019,
1998,E County Total,E County Total,1026,True,True,enrollment_update_05_births_and_k_analysis_2019-12-10.txt,2019-12-10,8/12/2019,
1999,Aspen Crk,Aspen Creek,62,False,True,enrollment_update_05_births_and_k_analysis_2019-12-10.txt,2019-12-10,8/12/2019,
1999,BC-Creekside,BC-Creekside,3,False,True,enrollment_update_05_births_and_k_analysis_2019-12-10.txt,2019-12-10,8/12/2019,
1999,BC-Mesa,BC-Mesa,13,False,True,enrollment_update_05_births_and_k_analysis_2019-12-10.txt,2019-12-10,8/12/2019,
1999,Bear Creek,Bear Creek,21,False,True,enrollment_update_05_births_and_k_analysis_2019-12-10.txt,2019-12-10,8/12/2019,
1999,Birch,Birch,50,False,True,enrollment_update_05_births_and_k_analysis_2019-12-10.txt,2019-12-10,8/12/2019,
1999,Coal Creek,Coal Creek,69,False,True,enrollment_update_05_births_and_k_analysis_2019-12-10.txt,2019-12-10,8/12/2019,
1999,Columbine,Columbine,156,False,True,enrollment_update_05_births_and_k_analysis_2019-12-10.txt,2019-12-10,8/12/2019,
1999,Creekside,Creekside,175,False,True,enrollment_update_05_births_and_k_analysis_2019-12-10.txt,2019-12-10,8/12/2019,
1999,Crest View,Crest View,130,False,True,enrollment_update_05_births_and_k_analysis_2019-12-10.txt,2019-12-10,8/12/2019,
1999,Douglass,Douglass,43,False,True,enrollment_update_05_births_and_k_analysis_2019-12-10.txt,2019-12-10,8/12/2019,
1999,Eisenhower,Eisenhower,84,False,True,enrollment_update_05_births_and_k_analysis_2019-12-10.txt,2019-12-10,8/12/2019,
1999,Eldorado (K-5),Eldorado,21,False,True,enrollment_update_05_births_and_k_analysis_2019-12-10.txt,2019-12-10,8/12/2019,
1999,Emerald,Emerald,79,False,True,enrollment_update_05_births_and_k_analysis_2019-12-10.txt,2019-12-10,8/12/2019,
1999,Fireside,Fireside,79,False,True,enrollment_update_05_births_and_k_analysis_2019-12-10.txt,2019-12-10,8/12/2019,
1999,Flatirons,Flatirons,73,False,True,enrollment_update_05_births_and_k_analysis_2019-12-10.txt,2019-12-10,8/12/2019,
1999,Foothill,Foothill,98,False,True,enrollment_update_05_births_and_k_analysis_2019-12-10.txt,2019-12-10,8/12/2019,
1999,Gold Hill,Gold Hill,3,False,True,enrollment_update_05_births_and_k_analysis_2019-12-10.txt,2019-12-10,8/12/2019,
1999,Heatherwood,Heatherwood,66,False,True,enrollment_update_05_births_and_k_analysis_2019-12-10.txt,2019-12-10,8/12/2019,
1999,Jamestown,Jamestown,1,False,True,enrollment_update_05_births_and_k_analysis_2019-12-10.txt,2019-12-10,8/12/2019,
1999,Kohl,Kohl,42,False,True,enrollment_update_05_births_and_k_analysis_2019-12-10.txt,2019-12-10,8/12/2019,
1999,Lafayette,Lafayette,128,False,True,enrollment_update_05_births_and_k_analysis_2019-12-10.txt,2019-12-10,8/12/2019,
1999,Louisville,Louisville,70,False,True,enrollment_update_05_births_and_k_analysis_2019-12-10.txt,2019-12-10,8/12/2019,
1999,Meadowlark,Meadowlark,61,False,True,enrollment_update_05_births_and_k_analysis_2019-12-10.txt,2019-12-10,8/12/2019,
1999,Mesa,Mesa,32,False,True,enrollment_update_05_births_and_k_analysis_2019-12-10.txt,2019-12-10,8/12/2019,
1999,Monarch (K-5),Monarch,61,False,True,enrollment_update_05_births_and_k_analysis_2019-12-10.txt,2019-12-10,8/12/2019,
1999,Nederland,Nederland,82,False,True,enrollment_update_05_births_and_k_analysis_2019-12-10.txt,2019-12-10,8/12/2019,
1999,Ryan,Ryan,145,False,True,enrollment_update_05_births_and_k_analysis_2019-12-10.txt,2019-12-10,8/12/2019,
1999,Sanchez,Sanchez,108,False,True,enrollment_update_05_births_and_k_analysis_2019-12-10.txt,2019-12-10,8/12/2019,
1999,Superior,Superior,86,False,True,enrollment_update_05_births_and_k_analysis_2019-12-10.txt,2019-12-10,8/12/2019,
1999,Unlocated,Unlocated,2,False,True,enrollment_update_05_births_and_k_analysis_2019-12-10.txt,2019-12-10,8/12/2019,
1999,Whittier,Whittier,139,False,True,enrollment_update_05_births_and_k_analysis_2019-12-10.txt,2019-12-10,8/12/2019,
1999,BVSD,BVSD,2182,True,True,enrollment_update_05_births_and_k_analysis_2019-12-10.txt,2019-12-10,8/12/2019,
1999,Boulder Total,Boulder Total,990,True,True,enrollment_update_05_births_and_k_analysis_2019-12-10.txt,2019-12-10,8/12/2019,
1999,E County Total,E County Total,1022,True,True,enrollment_update_05_births_and_k_analysis_2019-12-10.txt,2019-12-10,8/12/2019,
2000,Aspen Crk,Aspen Creek,55,False,True,enrollment_update_05_births_and_k_analysis_2019-12-10.txt,2019-12-10,8/12/2019,
2000,BC-Creekside,BC-Creekside,7,False,True,enrollment_update_05_births_and_k_analysis_2019-12-10.txt,2019-12-10,8/12/2019,
2000,BC-Mesa,BC-Mesa,18,False,True,enrollment_update_05_births_and_k_analysis_2019-12-10.txt,2019-12-10,8/12/2019,
2000,Bear Creek,Bear Creek,21,False,True,enrollment_update_05_births_and_k_analysis_2019-12-10.txt,2019-12-10,8/12/2019,
2000,Birch,Birch,67,False,True,enrollment_update_05_births_and_k_analysis_2019-12-10.txt,2019-12-10,8/12/2019,
2000,Coal Creek,Coal Creek,65,False,True,enrollment_update_05_births_and_k_analysis_2019-12-10.txt,2019-12-10,8/12/2019,
2000,Columbine,Columbine,173,False,True,enrollment_update_05_births_and_k_analysis_2019-12-10.txt,2019-12-10,8/12/2019,
2000,Creekside,Creekside,207,False,True,enrollment_update_05_births_and_k_analysis_2019-12-10.txt,2019-12-10,8/12/2019,
2000,Crest View,Crest View,143,False,True,enrollment_update_05_births_and_k_analysis_2019-12-10.txt,2019-12-10,8/12/2019,
2000,Douglass,Douglass,46,False,True,enrollment_update_05_births_and_k_analysis_2019-12-10.txt,2019-12-10,8/12/2019,
2000,Eisenhower,Eisenhower,92,False,True,enrollment_update_05_births_and_k_analysis_2019-12-10.txt,2019-12-10,8/12/2019,
2000,Eldorado (K-5),Eldorado,61,False,True,enrollment_update_05_births_and_k_analysis_2019-12-10.txt,2019-12-10,8/12/2019,
2000,Emerald,Emerald,82,False,True,enrollment_update_05_births_and_k_analysis_2019-12-10.txt,2019-12-10,8/12/2019,
2000,Fireside,Fireside,54,False,True,enrollment_update_05_births_and_k_analysis_2019-12-10.txt,2019-12-10,8/12/2019,
2000,Flatirons,Flatirons,74,False,True,enrollment_update_05_births_and_k_analysis_2019-12-10.txt,2019-12-10,8/12/2019,
2000,Foothill,Foothill,85,False,True,enrollment_update_05_births_and_k_analysis_2019-12-10.txt,2019-12-10,8/12/2019,
2000,Gold Hill,Gold Hill,1,False,True,enrollment_update_05_births_and_k_analysis_2019-12-10.txt,2019-12-10,8/12/2019,
2000,Heatherwood,Heatherwood,47,False,True,enrollment_update_05_births_and_k_analysis_2019-12-10.txt,2019-12-10,8/12/2019,
2000,Jamestown,Jamestown,6,False,True,enrollment_update_05_births_and_k_analysis_2019-12-10.txt,2019-12-10,8/12/2019,
2000,Kohl,Kohl,58,False,True,enrollment_update_05_births_and_k_analysis_2019-12-10.txt,2019-12-10,8/12/2019,
2000,Lafayette,Lafayette,135,False,True,enrollment_update_05_births_and_k_analysis_2019-12-10.txt,2019-12-10,8/12/2019,
2000,Louisville,Louisville,76,False,True,enrollment_update_05_births_and_k_analysis_2019-12-10.txt,2019-12-10,8/12/2019,
2000,Meadowlark,Meadowlark,65,False,True,enrollment_update_05_births_and_k_analysis_2019-12-10.txt,2019-12-10,8/12/2019,
2000,Mesa,Mesa,39,False,True,enrollment_update_05_births_and_k_analysis_2019-12-10.txt,2019-12-10,8/12/2019,
2000,Monarch (K-5),Monarch,69,False,True,enrollment_update_05_births_and_k_analysis_2019-12-10.txt,2019-12-10,8/12/2019,
2000,Nederland,Nederland,74,False,True,enrollment_update_05_births_and_k_analysis_2019-12-10.txt,2019-12-10,8/12/2019,
2000,Ryan,Ryan,124,False,True,enrollment_update_05_births_and_k_analysis_2019-12-10.txt,2019-12-10,8/12/2019,
2000,Sanchez,Sanchez,114,False,True,enrollment_update_05_births_and_k_analysis_2019-12-10.txt,2019-12-10,8/12/2019,
2000,Superior,Superior,117,False,True,enrollment_update_05_births_and_k_analysis_2019-12-10.txt,2019-12-10,8/12/2019,
2000,Unlocated,Unlocated,1,False,True,enrollment_update_05_births_and_k_analysis_2019-12-10.txt,2019-12-10,8/12/2019,
2000,Whittier,Whittier,141,False,True,enrollment_update_05_births_and_k_analysis_2019-12-10.txt,2019-12-10,8/12/2019,
2000,BVSD,BVSD,2317,True,True,enrollment_update_05_births_and_k_analysis_2019-12-10.txt,2019-12-10,8/12/2019,
2000,Boulder Total,Boulder Total,1047,True,True,enrollment_update_05_births_and_k_analysis_2019-12-10.txt,2019-12-10,8/12/2019,
2000,E County Total,E County Total,1062,True,True,enrollment_update_05_births_and_k_analysis_2019-12-10.txt,2019-12-10,8/12/2019,
2001,Aspen Crk,Aspen Creek,62,False,True,enrollment_update_05_births_and_k_analysis_2019-12-10.txt,2019-12-10,8/12/2019,
2001,BC-Creekside,BC-Creekside,9,False,True,enrollment_update_05_births_and_k_analysis_2019-12-10.txt,2019-12-10,8/12/2019,
2001,BC-Mesa,BC-Mesa,17,False,True,enrollment_update_05_births_and_k_analysis_2019-12-10.txt,2019-12-10,8/12/2019,
2001,Bear Creek,Bear Creek,24,False,True,enrollment_update_05_births_and_k_analysis_2019-12-10.txt,2019-12-10,8/12/2019,
2001,Birch,Birch,86,False,True,enrollment_update_05_births_and_k_analysis_2019-12-10.txt,2019-12-10,8/12/2019,
2001,Coal Creek,Coal Creek,53,False,True,enrollment_update_05_births_and_k_analysis_2019-12-10.txt,2019-12-10,8/12/2019,
2001,Columbine,Columbine,171,False,True,enrollment_update_05_births_and_k_analysis_2019-12-10.txt,2019-12-10,8/12/2019,
2001,Creekside,Creekside,175,False,True,enrollment_update_05_births_and_k_analysis_2019-12-10.txt,2019-12-10,8/12/2019,
2001,Crest View,Crest View,128,False,True,enrollment_update_05_births_and_k_analysis_2019-12-10.txt,2019-12-10,8/12/2019,
2001,Douglass,Douglass,30,False,True,enrollment_update_05_births_and_k_analysis_2019-12-10.txt,2019-12-10,8/12/2019,
2001,Eisenhower,Eisenhower,73,False,True,enrollment_update_05_births_and_k_analysis_2019-12-10.txt,2019-12-10,8/12/2019,
2001,Eldorado (K-5),Eldorado,79,False,True,enrollment_update_05_births_and_k_analysis_2019-12-10.txt,2019-12-10,8/12/2019,
2001,Emerald,Emerald,73,False,True,enrollment_update_05_births_and_k_analysis_2019-12-10.txt,2019-12-10,8/12/2019,
2001,Fireside,Fireside,51,False,True,enrollment_update_05_births_and_k_analysis_2019-12-10.txt,2019-12-10,8/12/2019,
2001,Flatirons,Flatirons,80,False,True,enrollment_update_05_births_and_k_analysis_2019-12-10.txt,2019-12-10,8/12/2019,
2001,Foothill,Foothill,95,False,True,enrollment_update_05_births_and_k_analysis_2019-12-10.txt,2019-12-10,8/12/2019,
2001,Gold Hill,Gold Hill,1,False,True,enrollment_update_05_births_and_k_analysis_2019-12-10.txt,2019-12-10,8/12/2019,
2001,Heatherwood,Heatherwood,91,False,True,enrollment_update_05_births_and_k_analysis_2019-12-10.txt,2019-12-10,8/12/2019,
2001,Jamestown,Jamestown,7,False,True,enrollment_update_05_births_and_k_analysis_2019-12-10.txt,2019-12-10,8/12/2019,
2001,Kohl,Kohl,47,False,True,enrollment_update_05_births_and_k_analysis_2019-12-10.txt,2019-12-10,8/12/2019,
2001,Lafayette,Lafayette,150,False,True,enrollment_update_05_births_and_k_analysis_2019-12-10.txt,2019-12-10,8/12/2019,
2001,Louisville,Louisville,70,False,True,enrollment_update_05_births_and_k_analysis_2019-12-10.txt,2019-12-10,8/12/2019,
2001,Meadowlark,Meadowlark,85,False,True,enrollment_update_05_births_and_k_analysis_2019-12-10.txt,2019-12-10,8/12/2019,
2001,Mesa,Mesa,19,False,True,enrollment_update_05_births_and_k_analysis_2019-12-10.txt,2019-12-10,8/12/2019,
2001,Monarch (K-5),Monarch,80,False,True,enrollment_update_05_births_and_k_analysis_2019-12-10.txt,2019-12-10,8/12/2019,
2001,Nederland,Nederland,83,False,True,enrollment_update_05_births_and_k_analysis_2019-12-10.txt,2019-12-10,8/12/2019,
2001,Ryan,Ryan,147,False,True,enrollment_update_05_births_and_k_analysis_2019-12-10.txt,2019-12-10,8/12/2019,
2001,Sanchez,Sanchez,104,False,True,enrollment_update_05_births_and_k_analysis_2019-12-10.txt,2019-12-10,8/12/2019,
2001,Superior,Superior,91,False,True,enrollment_update_05_births_and_k_analysis_2019-12-10.txt,2019-12-10,8/12/2019,
2001,Unlocated,Unlocated,3,False,True,enrollment_update_05_births_and_k_analysis_2019-12-10.txt,2019-12-10,8/12/2019,
2001,Whittier,Whittier,145,False,True,enrollment_update_05_births_and_k_analysis_2019-12-10.txt,2019-12-10,8/12/2019,
2001,BVSD,BVSD,2329,True,True,enrollment_update_05_births_and_k_analysis_2019-12-10.txt,2019-12-10,8/12/2019,
2001,Boulder Total,Boulder Total,1027,True,True,enrollment_update_05_births_and_k_analysis_2019-12-10.txt,2019-12-10,8/12/2019,
2001,E County Total,E County Total,1044,True,True,enrollment_update_05_births_and_k_analysis_2019-12-10.txt,2019-12-10,8/12/2019,
2002,Aspen Crk,Aspen Creek,58,False,True,enrollment_update_05_births_and_k_analysis_2019-12-10.txt,2019-12-10,8/12/2019,
2002,BC-Creekside,BC-Creekside,7,False,True,enrollment_update_05_births_and_k_analysis_2019-12-10.txt,2019-12-10,8/12/2019,
2002,BC-Mesa,BC-Mesa,18,False,True,enrollment_update_05_births_and_k_analysis_2019-12-10.txt,2019-12-10,8/12/2019,
2002,Bear Creek,Bear Creek,13,False,True,enrollment_update_05_births_and_k_analysis_2019-12-10.txt,2019-12-10,8/12/2019,
2002,Birch,Birch,71,False,True,enrollment_update_05_births_and_k_analysis_2019-12-10.txt,2019-12-10,8/12/2019,
2002,Coal Creek,Coal Creek,54,False,True,enrollment_update_05_births_and_k_analysis_2019-12-10.txt,2019-12-10,8/12/2019,
2002,Columbine,Columbine,180,False,True,enrollment_update_05_births_and_k_analysis_2019-12-10.txt,2019-12-10,8/12/2019,
2002,Creekside,Creekside,179,False,True,enrollment_update_05_births_and_k_analysis_2019-12-10.txt,2019-12-10,8/12/2019,
2002,Crest View,Crest View,152,False,True,enrollment_update_05_births_and_k_analysis_2019-12-10.txt,2019-12-10,8/12/2019,
2002,Douglass,Douglass,29,False,True,enrollment_update_05_births_and_k_analysis_2019-12-10.txt,2019-12-10,8/12/2019,
2002,Eisenhower,Eisenhower,71,False,True,enrollment_update_05_births_and_k_analysis_2019-12-10.txt,2019-12-10,8/12/2019,
2002,Eldorado (K-5),Eldorado,82,False,True,enrollment_update_05_births_and_k_analysis_2019-12-10.txt,2019-12-10,8/12/2019,
2002,Emerald,Emerald,89,False,True,enrollment_update_05_births_and_k_analysis_2019-12-10.txt,2019-12-10,8/12/2019,
2002,Fireside,Fireside,59,False,True,enrollment_update_05_births_and_k_analysis_2019-12-10.txt,2019-12-10,8/12/2019,
2002,Flatirons,Flatirons,59,False,True,enrollment_update_05_births_and_k_analysis_2019-12-10.txt,2019-12-10,8/12/2019,
2002,Foothill,Foothill,90,False,True,enrollment_update_05_births_and_k_analysis_2019-12-10.txt,2019-12-10,8/12/2019,
2002,Gold Hill,Gold Hill,4,False,True,enrollment_update_05_births_and_k_analysis_2019-12-10.txt,2019-12-10,8/12/2019,
2002,Heatherwood,Heatherwood,57,False,True,enrollment_update_05_births_and_k_analysis_2019-12-10.txt,2019-12-10,8/12/2019,
2002,Jamestown,Jamestown,5,False,True,enrollment_update_05_births_and_k_analysis_2019-12-10.txt,2019-12-10,8/12/2019,
2002,Kohl,Kohl,63,False,True,enrollment_update_05_births_and_k_analysis_2019-12-10.txt,2019-12-10,8/12/2019,
2002,Lafayette,Lafayette,136,False,True,enrollment_update_05_births_and_k_analysis_2019-12-10.txt,2019-12-10,8/12/2019,
2002,Louisville,Louisville,80,False,True,enrollment_update_05_births_and_k_analysis_2019-12-10.txt,2019-12-10,8/12/2019,
2002,Meadowlark,Meadowlark,70,False,True,enrollment_update_05_births_and_k_analysis_2019-12-10.txt,2019-12-10,8/12/2019,
2002,Mesa,Mesa,26,False,True,enrollment_update_05_births_and_k_analysis_2019-12-10.txt,2019-12-10,8/12/2019,
2002,Monarch (K-5),Monarch,66,False,True,enrollment_update_05_births_and_k_analysis_2019-12-10.txt,2019-12-10,8/12/2019,
2002,Nederland,Nederland,77,False,True,enrollment_update_05_births_and_k_analysis_2019-12-10.txt,2019-12-10,8/12/2019,
2002,Ryan,Ryan,145,False,True,enrollment_update_05_births_and_k_analysis_2019-12-10.txt,2019-12-10,8/12/2019,
2002,Sanchez,Sanchez,111,False,True,enrollment_update_05_births_and_k_analysis_2019-12-10.txt,2019-12-10,8/12/2019,
2002,Superior,Superior,74,False,True,enrollment_update_05_births_and_k_analysis_2019-12-10.txt,2019-12-10,8/12/2019,
2002,Unlocated,Unlocated,2,False,True,enrollment_update_05_births_and_k_analysis_2019-12-10.txt,2019-12-10,8/12/2019,
2002,Whittier,Whittier,133,False,True,enrollment_update_05_births_and_k_analysis_2019-12-10.txt,2019-12-10,8/12/2019,
2002,BVSD,BVSD,2260,True,True,enrollment_update_05_births_and_k_analysis_2019-12-10.txt,2019-12-10,8/12/2019,
2002,Boulder Total,Boulder Total,985,True,True,enrollment_update_05_births_and_k_analysis_2019-12-10.txt,2019-12-10,8/12/2019,
2002,E County Total,E County Total,1035,True,True,enrollment_update_05_births_and_k_analysis_2019-12-10.txt,2019-12-10,8/12/2019,
2003,Aspen Crk,Aspen Creek,52,False,True,enrollment_update_05_births_and_k_analysis_2019-12-10.txt,2019-12-10,8/12/2019,
2003,BC-Creekside,BC-Creekside,9,False,True,enrollment_update_05_births_and_k_analysis_2019-12-10.txt,2019-12-10,8/12/2019,
2003,BC-Mesa,BC-Mesa,17,False,True,enrollment_update_05_births_and_k_analysis_2019-12-10.txt,2019-12-10,8/12/2019,
2003,Bear Creek,Bear Creek,19,False,True,enrollment_update_05_births_and_k_analysis_2019-12-10.txt,2019-12-10,8/12/2019,
2003,Birch,Birch,53,False,True,enrollment_update_05_births_and_k_analysis_2019-12-10.txt,2019-12-10,8/12/2019,
2003,Coal Creek,Coal Creek,74,False,True,enrollment_update_05_births_and_k_analysis_2019-12-10.txt,2019-12-10,8/12/2019,
2003,Columbine,Columbine,168,False,True,enrollment_update_05_births_and_k_analysis_2019-12-10.txt,2019-12-10,8/12/2019,
2003,Creekside,Creekside,160,False,True,enrollment_update_05_births_and_k_analysis_2019-12-10.txt,2019-12-10,8/12/2019,
2003,Crest View,Crest View,117,False,True,enrollment_update_05_births_and_k_analysis_2019-12-10.txt,2019-12-10,8/12/2019,
2003,Douglass,Douglass,51,False,True,enrollment_update_05_births_and_k_analysis_2019-12-10.txt,2019-12-10,8/12/2019,
2003,Eisenhower,Eisenhower,92,False,True,enrollment_update_05_births_and_k_analysis_2019-12-10.txt,2019-12-10,8/12/2019,
2003,Eldorado (K-5),Eldorado,82,False,True,enrollment_update_05_births_and_k_analysis_2019-12-10.txt,2019-12-10,8/12/2019,
2003,Emerald,Emerald,72,False,True,enrollment_update_05_births_and_k_analysis_2019-12-10.txt,2019-12-10,8/12/2019,
2003,Fireside,Fireside,44,False,True,enrollment_update_05_births_and_k_analysis_2019-12-10.txt,2019-12-10,8/12/2019,
2003,Flatirons,Flatirons,80,False,True,enrollment_update_05_births_and_k_analysis_2019-12-10.txt,2019-12-10,8/12/2019,
2003,Foothill,Foothill,120,False,True,enrollment_update_05_births_and_k_analysis_2019-12-10.txt,2019-12-10,8/12/2019,
2003,Gold Hill,Gold Hill,1,False,True,enrollment_update_05_births_and_k_analysis_2019-12-10.txt,2019-12-10,8/12/2019,
2003,Heatherwood,Heatherwood,70,False,True,enrollment_update_05_births_and_k_analysis_2019-12-10.txt,2019-12-10,8/12/2019,
2003,Jamestown,Jamestown,5,False,True,enrollment_update_05_births_and_k_analysis_2019-12-10.txt,2019-12-10,8/12/2019,
2003,Kohl,Kohl,59,False,True,enrollment_update_05_births_and_k_analysis_2019-12-10.txt,2019-12-10,8/12/2019,
2003,Lafayette,Lafayette,138,False,True,enrollment_update_05_births_and_k_analysis_2019-12-10.txt,2019-12-10,8/12/2019,
2003,Louisville,Louisville,69,False,True,enrollment_update_05_births_and_k_analysis_2019-12-10.txt,2019-12-10,8/12/2019,
2003,Meadowlark,Meadowlark,53,False,True,enrollment_update_05_births_and_k_analysis_2019-12-10.txt,2019-12-10,8/12/2019,
2003,Mesa,Mesa,26,False,True,enrollment_update_05_births_and_k_analysis_2019-12-10.txt,2019-12-10,8/12/2019,
2003,Monarch (K-5),Monarch,45,False,True,enrollment_update_05_births_and_k_analysis_2019-12-10.txt,2019-12-10,8/12/2019,
2003,Nederland,Nederland,94,False,True,enrollment_update_05_births_and_k_analysis_2019-12-10.txt,2019-12-10,8/12/2019,
2003,Ryan,Ryan,117,False,True,enrollment_update_05_births_and_k_analysis_2019-12-10.txt,2019-12-10,8/12/2019,
2003,Sanchez,Sanchez,93,False,True,enrollment_update_05_births_and_k_analysis_2019-12-10.txt,2019-12-10,8/12/2019,
2003,Superior,Superior,96,False,True,enrollment_update_05_births_and_k_analysis_2019-12-10.txt,2019-12-10,8/12/2019,
2003,Unlocated,Unlocated,3,False,True,enrollment_update_05_births_and_k_analysis_2019-12-10.txt,2019-12-10,8/12/2019,
2003,Whittier,Whittier,142,False,True,enrollment_update_05_births_and_k_analysis_2019-12-10.txt,2019-12-10,8/12/2019,
2003,BVSD,BVSD,2221,True,True,enrollment_update_05_births_and_k_analysis_2019-12-10.txt,2019-12-10,8/12/2019,
2003,Boulder Total,Boulder Total,1020,True,True,enrollment_update_05_births_and_k_analysis_2019-12-10.txt,2019-12-10,8/12/2019,
2003,E County Total,E County Total,963,True,True,enrollment_update_05_births_and_k_analysis_2019-12-10.txt,2019-12-10,8/12/2019,
2004,Aspen Crk,Aspen Creek,57,False,True,enrollment_update_05_births_and_k_analysis_2019-12-10.txt,2019-12-10,8/12/2019,
2004,BC-Creekside,BC-Creekside,7,False,True,enrollment_update_05_births_and_k_analysis_2019-12-10.txt,2019-12-10,8/12/2019,
2004,BC-Mesa,BC-Mesa,26,False,True,enrollment_update_05_births_and_k_analysis_2019-12-10.txt,2019-12-10,8/12/2019,
2004,Bear Creek,Bear Creek,14,False,True,enrollment_update_05_births_and_k_analysis_2019-12-10.txt,2019-12-10,8/12/2019,
2004,Birch,Birch,58,False,True,enrollment_update_05_births_and_k_analysis_2019-12-10.txt,2019-12-10,8/12/2019,
2004,Coal Creek,Coal Creek,49,False,True,enrollment_update_05_births_and_k_analysis_2019-12-10.txt,2019-12-10,8/12/2019,
2004,Columbine,Columbine,175,False,True,enrollment_update_05_births_and_k_analysis_2019-12-10.txt,2019-12-10,8/12/2019,
2004,Creekside,Creekside,145,False,True,enrollment_update_05_births_and_k_analysis_2019-12-10.txt,2019-12-10,8/12/2019,
2004,Crest View,Crest View,150,False,True,enrollment_update_05_births_and_k_analysis_2019-12-10.txt,2019-12-10,8/12/2019,
2004,Douglass,Douglass,43,False,True,enrollment_update_05_births_and_k_analysis_2019-12-10.txt,2019-12-10,8/12/2019,
2004,Eisenhower,Eisenhower,74,False,True,enrollment_update_05_births_and_k_analysis_2019-12-10.txt,2019-12-10,8/12/2019,
2004,Eldorado (K-5),Eldorado,79,False,True,enrollment_update_05_births_and_k_analysis_2019-12-10.txt,2019-12-10,8/12/2019,
2004,Emerald,Emerald,78,False,True,enrollment_update_05_births_and_k_analysis_2019-12-10.txt,2019-12-10,8/12/2019,
2004,Fireside,Fireside,63,False,True,enrollment_update_05_births_and_k_analysis_2019-12-10.txt,2019-12-10,8/12/2019,
2004,Flatirons,Flatirons,63,False,True,enrollment_update_05_births_and_k_analysis_2019-12-10.txt,2019-12-10,8/12/2019,
2004,Foothill,Foothill,100,False,True,enrollment_update_05_births_and_k_analysis_2019-12-10.txt,2019-12-10,8/12/2019,
2004,Gold Hill,Gold Hill,3,False,True,enrollment_update_05_births_and_k_analysis_2019-12-10.txt,2019-12-10,8/12/2019,
2004,Heatherwood,Heatherwood,58,False,True,enrollment_update_05_births_and_k_analysis_2019-12-10.txt,2019-12-10,8/12/2019,
2004,Jamestown,Jamestown,7,False,True,enrollment_update_05_births_and_k_analysis_2019-12-10.txt,2019-12-10,8/12/2019,
2004,Kohl,Kohl,54,False,True,enrollment_update_05_births_and_k_analysis_2019-12-10.txt,2019-12-10,8/12/2019,
2004,Lafayette,Lafayette,101,False,True,enrollment_update_05_births_and_k_analysis_2019-12-10.txt,2019-12-10,8/12/2019,
2004,Louisville,Louisville,74,False,True,enrollment_update_05_births_and_k_analysis_2019-12-10.txt,2019-12-10,8/12/2019,
2004,Meadowlark,Meadowlark,61,False,True,enrollment_update_05_births_and_k_analysis_2019-12-10.txt,2019-12-10,8/12/2019,
2004,Mesa,Mesa,33,False,True,enrollment_update_05_births_and_k_analysis_2019-12-10.txt,2019-12-10,8/12/2019,
2004,Monarch (K-5),Monarch,47,False,True,enrollment_update_05_births_and_k_analysis_2019-12-10.txt,2019-12-10,8/12/2019,
2004,Nederland,Nederland,73,False,True,enrollment_update_05_births_and_k_analysis_2019-12-10.txt,2019-12-10,8/12/2019,
2004,Ryan,Ryan,115,False,True,enrollment_update_05_births_and_k_analysis_2019-12-10.txt,2019-12-10,8/12/2019,
2004,Sanchez,Sanchez,93,False,True,enrollment_update_05_births_and_k_analysis_2019-12-10.txt,2019-12-10,8/12/2019,
2004,Superior,Superior,76,False,True,enrollment_update_05_births_and_k_analysis_2019-12-10.txt,2019-12-10,8/12/2019,
2004,Unlocated,Unlocated,1,False,True,enrollment_update_05_births_and_k_analysis_2019-12-10.txt,2019-12-10,8/12/2019,
2004,Whittier,Whittier,136,False,True,enrollment_update_05_births_and_k_analysis_2019-12-10.txt,2019-12-10,8/12/2019,
2004,BVSD,BVSD,2113,True,True,enrollment_update_05_births_and_k_analysis_2019-12-10.txt,2019-12-10,8/12/2019,
2004,Boulder Total,Boulder Total,981,True,True,enrollment_update_05_births_and_k_analysis_2019-12-10.txt,2019-12-10,8/12/2019,
2004,E County Total,E County Total,908,True,True,enrollment_update_05_births_and_k_analysis_2019-12-10.txt,2019-12-10,8/12/2019,
2005,Aspen Crk,Aspen Creek,53,False,True,enrollment_update_05_births_and_k_analysis_2019-12-10.txt,2019-12-10,8/12/2019,
2005,BC-Creekside,BC-Creekside,6,False,True,enrollment_update_05_births_and_k_analysis_2019-12-10.txt,2019-12-10,8/12/2019,
2005,BC-Mesa,BC-Mesa,26,False,True,enrollment_update_05_births_and_k_analysis_2019-12-10.txt,2019-12-10,8/12/2019,
2005,Bear Creek,Bear Creek,26,False,True,enrollment_update_05_births_and_k_analysis_2019-12-10.txt,2019-12-10,8/12/2019,
2005,Birch,Birch,60,False,True,enrollment_update_05_births_and_k_analysis_2019-12-10.txt,2019-12-10,8/12/2019,
2005,Coal Creek,Coal Creek,51,False,True,enrollment_update_05_births_and_k_analysis_2019-12-10.txt,2019-12-10,8/12/2019,
2005,Columbine,Columbine,163,False,True,enrollment_update_05_births_and_k_analysis_2019-12-10.txt,2019-12-10,8/12/2019,
2005,Creekside,Creekside,166,False,True,enrollment_update_05_births_and_k_analysis_2019-12-10.txt,2019-12-10,8/12/2019,
2005,Crest View,Crest View,134,False,True,enrollment_update_05_births_and_k_analysis_2019-12-10.txt,2019-12-10,8/12/2019,
2005,Douglass,Douglass,44,False,True,enrollment_update_05_births_and_k_analysis_2019-12-10.txt,2019-12-10,8/12/2019,
2005,Eisenhower,Eisenhower,84,False,True,enrollment_update_05_births_and_k_analysis_2019-12-10.txt,2019-12-10,8/12/2019,
2005,Eldorado (K-5),Eldorado,76,False,True,enrollment_update_05_births_and_k_analysis_2019-12-10.txt,2019-12-10,8/12/2019,
2005,Emerald,Emerald,77,False,True,enrollment_update_05_births_and_k_analysis_2019-12-10.txt,2019-12-10,8/12/2019,
2005,Fireside,Fireside,66,False,True,enrollment_update_05_births_and_k_analysis_2019-12-10.txt,2019-12-10,8/12/2019,
2005,Flatirons,Flatirons,61,False,True,enrollment_update_05_births_and_k_analysis_2019-12-10.txt,2019-12-10,8/12/2019,
2005,Foothill,Foothill,95,False,True,enrollment_update_05_births_and_k_analysis_2019-12-10.txt,2019-12-10,8/12/2019,
2005,Gold Hill,Gold Hill,3,False,True,enrollment_update_05_births_and_k_analysis_2019-12-10.txt,2019-12-10,8/12/2019,
2005,Heatherwood,Heatherwood,70,False,True,enrollment_update_05_births_and_k_analysis_2019-12-10.txt,2019-12-10,8/12/2019,
2005,Jamestown,Jamestown,4,False,True,enrollment_update_05_births_and_k_analysis_2019-12-10.txt,2019-12-10,8/12/2019,
2005,Kohl,Kohl,50,False,True,enrollment_update_05_births_and_k_analysis_2019-12-10.txt,2019-12-10,8/12/2019,
2005,Lafayette,Lafayette,122,False,True,enrollment_update_05_births_and_k_analysis_2019-12-10.txt,2019-12-10,8/12/2019,
2005,Louisville,Louisville,65,False,True,enrollment_update_05_births_and_k_analysis_2019-12-10.txt,2019-12-10,8/12/2019,
2005,Meadowlark,Meadowlark,36,False,True,enrollment_update_05_births_and_k_analysis_2019-12-10.txt,2019-12-10,8/12/2019,
2005,Mesa,Mesa,30,False,True,enrollment_update_05_births_and_k_analysis_2019-12-10.txt,2019-12-10,8/12/2019,
2005,Monarch (K-5),Monarch,41,False,True,enrollment_update_05_births_and_k_analysis_2019-12-10.txt,2019-12-10,8/12/2019,
2005,Nederland,Nederland,101,False,True,enrollment_update_05_births_and_k_analysis_2019-12-10.txt,2019-12-10,8/12/2019,
2005,Ryan,Ryan,122,False,True,enrollment_update_05_births_and_k_analysis_2019-12-10.txt,2019-12-10,8/12/2019,
2005,Sanchez,Sanchez,93,False,True,enrollment_update_05_births_and_k_analysis_2019-12-10.txt,2019-12-10,8/12/2019,
2005,Superior,Superior,70,False,True,enrollment_update_05_births_and_k_analysis_2019-12-10.txt,2019-12-10,8/12/2019,
2005,Unlocated,Unlocated,0,False,True,enrollment_update_05_births_and_k_analysis_2019-12-10.txt,2019-12-10,8/12/2019,
2005,Whittier,Whittier,114,False,True,enrollment_update_05_births_and_k_analysis_2019-12-10.txt,2019-12-10,8/12/2019,
2005,BVSD,BVSD,2109,True,True,enrollment_update_05_births_and_k_analysis_2019-12-10.txt,2019-12-10,8/12/2019,
2005,Boulder Total,Boulder Total,975,True,True,enrollment_update_05_births_and_k_analysis_2019-12-10.txt,2019-12-10,8/12/2019,
2005,E County Total,E County Total,914,True,True,enrollment_update_05_births_and_k_analysis_2019-12-10.txt,2019-12-10,8/12/2019,
2006,Aspen Crk,Aspen Creek,62,False,True,enrollment_update_05_births_and_k_analysis_2019-12-10.txt,2019-12-10,8/12/2019,
2006,BC-Creekside,BC-Creekside,3,False,True,enrollment_update_05_births_and_k_analysis_2019-12-10.txt,2019-12-10,8/12/2019,
2006,BC-Mesa,BC-Mesa,21,False,True,enrollment_update_05_births_and_k_analysis_2019-12-10.txt,2019-12-10,8/12/2019,
2006,Bear Creek,Bear Creek,17,False,True,enrollment_update_05_births_and_k_analysis_2019-12-10.txt,2019-12-10,8/12/2019,
2006,Birch,Birch,64,False,True,enrollment_update_05_births_and_k_analysis_2019-12-10.txt,2019-12-10,8/12/2019,
2006,Coal Creek,Coal Creek,72,False,True,enrollment_update_05_births_and_k_analysis_2019-12-10.txt,2019-12-10,8/12/2019,
2006,Columbine,Columbine,168,False,True,enrollment_update_05_births_and_k_analysis_2019-12-10.txt,2019-12-10,8/12/2019,
2006,Creekside,Creekside,145,False,True,enrollment_update_05_births_and_k_analysis_2019-12-10.txt,2019-12-10,8/12/2019,
2006,Crest View,Crest View,115,False,True,enrollment_update_05_births_and_k_analysis_2019-12-10.txt,2019-12-10,8/12/2019,
2006,Douglass,Douglass,47,False,True,enrollment_update_05_births_and_k_analysis_2019-12-10.txt,2019-12-10,8/12/2019,
2006,Eisenhower,Eisenhower,81,False,True,enrollment_update_05_births_and_k_analysis_2019-12-10.txt,2019-12-10,8/12/2019,
2006,Eldorado (K-5),Eldorado,78,False,True,enrollment_update_05_births_and_k_analysis_2019-12-10.txt,2019-12-10,8/12/2019,
2006,Emerald,Emerald,96,False,True,enrollment_update_05_births_and_k_analysis_2019-12-10.txt,2019-12-10,8/12/2019,
2006,Fireside,Fireside,57,False,True,enrollment_update_05_births_and_k_analysis_2019-12-10.txt,2019-12-10,8/12/2019,
2006,Flatirons,Flatirons,58,False,True,enrollment_update_05_births_and_k_analysis_2019-12-10.txt,2019-12-10,8/12/2019,
2006,Foothill,Foothill,115,False,True,enrollment_update_05_births_and_k_analysis_2019-12-10.txt,2019-12-10,8/12/2019,
2006,Gold Hill,Gold Hill,1,False,True,enrollment_update_05_births_and_k_analysis_2019-12-10.txt,2019-12-10,8/12/2019,
2006,Heatherwood,Heatherwood,64,False,True,enrollment_update_05_births_and_k_analysis_2019-12-10.txt,2019-12-10,8/12/2019,
2006,Jamestown,Jamestown,6,False,True,enrollment_update_05_births_and_k_analysis_2019-12-10.txt,2019-12-10,8/12/2019,
2006,Kohl,Kohl,50,False,True,enrollment_update_05_births_and_k_analysis_2019-12-10.txt,2019-12-10,8/12/2019,
2006,Lafayette,Lafayette,121,False,True,enrollment_update_05_births_and_k_analysis_2019-12-10.txt,2019-12-10,8/12/2019,
2006,Louisville,Louisville,68,False,True,enrollment_update_05_births_and_k_analysis_2019-12-10.txt,2019-12-10,8/12/2019,
2006,Meadowlark,Meadowlark,44,False,True,enrollment_update_05_births_and_k_analysis_2019-12-10.txt,2019-12-10,8/12/2019,
2006,Mesa,Mesa,19,False,True,enrollment_update_05_births_and_k_analysis_2019-12-10.txt,2019-12-10,8/12/2019,
2006,Monarch (K-5),Monarch,45,False,True,enrollment_update_05_births_and_k_analysis_2019-12-10.txt,2019-12-10,8/12/2019,
2006,Nederland,Nederland,84,False,True,enrollment_update_05_births_and_k_analysis_2019-12-10.txt,2019-12-10,8/12/2019,
2006,Ryan,Ryan,117,False,True,enrollment_update_05_births_and_k_analysis_2019-12-10.txt,2019-12-10,8/12/2019,
2006,Sanchez,Sanchez,111,False,True,enrollment_update_05_births_and_k_analysis_2019-12-10.txt,2019-12-10,8/12/2019,
2006,Superior,Superior,59,False,True,enrollment_update_05_births_and_k_analysis_2019-12-10.txt,2019-12-10,8/12/2019,
2006,Unlocated,Unlocated,3,False,True,enrollment_update_05_births_and_k_analysis_2019-12-10.txt,2019-12-10,8/12/2019,
2006,Whittier,Whittier,114,False,True,enrollment_update_05_births_and_k_analysis_2019-12-10.txt,2019-12-10,8/12/2019,
2006,BVSD,BVSD,2105,True,True,enrollment_update_05_births_and_k_analysis_2019-12-10.txt,2019-12-10,8/12/2019,
2006,Boulder Total,Boulder Total,920,True,True,enrollment_update_05_births_and_k_analysis_2019-12-10.txt,2019-12-10,8/12/2019,
2006,E County Total,E County Total,969,True,True,enrollment_update_05_births_and_k_analysis_2019-12-10.txt,2019-12-10,8/12/2019,
2007,Aspen Crk,Aspen Creek,52,False,True,enrollment_update_05_births_and_k_analysis_2019-12-10.txt,2019-12-10,8/12/2019,
2007,BC-Creekside,BC-Creekside,5,False,True,enrollment_update_05_births_and_k_analysis_2019-12-10.txt,2019-12-10,8/12/2019,
2007,BC-Mesa,BC-Mesa,22,False,True,enrollment_update_05_births_and_k_analysis_2019-12-10.txt,2019-12-10,8/12/2019,
2007,Bear Creek,Bear Creek,23,False,True,enrollment_update_05_births_and_k_analysis_2019-12-10.txt,2019-12-10,8/12/2019,
2007,Birch,Birch,52,False,True,enrollment_update_05_births_and_k_analysis_2019-12-10.txt,2019-12-10,8/12/2019,
2007,Coal Creek,Coal Creek,55,False,True,enrollment_update_05_births_and_k_analysis_2019-12-10.txt,2019-12-10,8/12/2019,
2007,Columbine,Columbine,157,False,True,enrollment_update_05_births_and_k_analysis_2019-12-10.txt,2019-12-10,8/12/2019,
2007,Creekside,Creekside,156,False,True,enrollment_update_05_births_and_k_analysis_2019-12-10.txt,2019-12-10,8/12/2019,
2007,Crest View,Crest View,144,False,True,enrollment_update_05_births_and_k_analysis_2019-12-10.txt,2019-12-10,8/12/2019,
2007,Douglass,Douglass,54,False,True,enrollment_update_05_births_and_k_analysis_2019-12-10.txt,2019-12-10,8/12/2019,
2007,Eisenhower,Eisenhower,100,False,True,enrollment_update_05_births_and_k_analysis_2019-12-10.txt,2019-12-10,8/12/2019,
2007,Eldorado (K-5),Eldorado,65,False,True,enrollment_update_05_births_and_k_analysis_2019-12-10.txt,2019-12-10,8/12/2019,
2007,Emerald,Emerald,89,False,True,enrollment_update_05_births_and_k_analysis_2019-12-10.txt,2019-12-10,8/12/2019,
2007,Fireside,Fireside,47,False,True,enrollment_update_05_births_and_k_analysis_2019-12-10.txt,2019-12-10,8/12/2019,
2007,Flatirons,Flatirons,56,False,True,enrollment_update_05_births_and_k_analysis_2019-12-10.txt,2019-12-10,8/12/2019,
2007,Foothill,Foothill,84,False,True,enrollment_update_05_births_and_k_analysis_2019-12-10.txt,2019-12-10,8/12/2019,
2007,Gold Hill,Gold Hill,1,False,True,enrollment_update_05_births_and_k_analysis_2019-12-10.txt,2019-12-10,8/12/2019,
2007,Heatherwood,Heatherwood,69,False,True,enrollment_update_05_births_and_k_analysis_2019-12-10.txt,2019-12-10,8/12/2019,
2007,Jamestown,Jamestown,2,False,True,enrollment_update_05_births_and_k_analysis_2019-12-10.txt,2019-12-10,8/12/2019,
2007,Kohl,Kohl,45,False,True,enrollment_update_05_births_and_k_analysis_2019-12-10.txt,2019-12-10,8/12/2019,
2007,Lafayette,Lafayette,113,False,True,enrollment_update_05_births_and_k_analysis_2019-12-10.txt,2019-12-10,8/12/2019,
2007,Louisville,Louisville,90,False,True,enrollment_update_05_births_and_k_analysis_2019-12-10.txt,2019-12-10,8/12/2019,
2007,Meadowlark,Meadowlark,34,False,True,enrollment_update_05_births_and_k_analysis_2019-12-10.txt,2019-12-10,8/12/2019,
2007,Mesa,Mesa,31,False,True,enrollment_update_05_births_and_k_analysis_2019-12-10.txt,2019-12-10,8/12/2019,
2007,Monarch (K-5),Monarch,57,False,True,enrollment_update_05_births_and_k_analysis_2019-12-10.txt,2019-12-10,8/12/2019,
2007,Nederland,Nederland,65,False,True,enrollment_update_05_births_and_k_analysis_2019-12-10.txt,2019-12-10,8/12/2019,
2007,Ryan,Ryan,124,False,True,enrollment_update_05_births_and_k_analysis_2019-12-10.txt,2019-12-10,8/12/2019,
2007,Sanchez,Sanchez,96,False,True,enrollment_update_05_births_and_k_analysis_2019-12-10.txt,2019-12-10,8/12/2019,
2007,Superior,Superior,55,False,True,enrollment_update_05_births_and_k_analysis_2019-12-10.txt,2019-12-10,8/12/2019,
2007,Unlocated,Unlocated,0,False,True,enrollment_update_05_births_and_k_analysis_2019-12-10.txt,2019-12-10,8/12/2019,
2007,Whittier,Whittier,115,False,True,enrollment_update_05_births_and_k_analysis_2019-12-10.txt,2019-12-10,8/12/2019,
2007,BVSD,BVSD,2058,True,True,enrollment_update_05_births_and_k_analysis_2019-12-10.txt,2019-12-10,8/12/2019,
2007,Boulder Total,Boulder Total,962,True,True,enrollment_update_05_births_and_k_analysis_2019-12-10.txt,2019-12-10,8/12/2019,
2007,E County Total,E County Total,929,True,True,enrollment_update_05_births_and_k_analysis_2019-12-10.txt,2019-12-10,8/12/2019,
2008,Aspen Crk,Aspen Creek,56,False,True,enrollment_update_05_births_and_k_analysis_2019-12-10.txt,2019-12-10,8/12/2019,
2008,BC-Creekside,BC-Creekside,6,False,True,enrollment_update_05_births_and_k_analysis_2019-12-10.txt,2019-12-10,8/12/2019,
2008,BC-Mesa,BC-Mesa,27,False,True,enrollment_update_05_births_and_k_analysis_2019-12-10.txt,2019-12-10,8/12/2019,
2008,Bear Creek,Bear Creek,18,False,True,enrollment_update_05_births_and_k_analysis_2019-12-10.txt,2019-12-10,8/12/2019,
2008,Birch,Birch,60,False,True,enrollment_update_05_births_and_k_analysis_2019-12-10.txt,2019-12-10,8/12/2019,
2008,Coal Creek,Coal Creek,54,False,True,enrollment_update_05_births_and_k_analysis_2019-12-10.txt,2019-12-10,8/12/2019,
2008,Columbine,Columbine,155,False,True,enrollment_update_05_births_and_k_analysis_2019-12-10.txt,2019-12-10,8/12/2019,
2008,Creekside,Creekside,176,False,True,enrollment_update_05_births_and_k_analysis_2019-12-10.txt,2019-12-10,8/12/2019,
2008,Crest View,Crest View,114,False,True,enrollment_update_05_births_and_k_analysis_2019-12-10.txt,2019-12-10,8/12/2019,
2008,Douglass,Douglass,57,False,True,enrollment_update_05_births_and_k_analysis_2019-12-10.txt,2019-12-10,8/12/2019,
2008,Eisenhower,Eisenhower,82,False,True,enrollment_update_05_births_and_k_analysis_2019-12-10.txt,2019-12-10,8/12/2019,
2008,Eldorado (K-5),Eldorado,61,False,True,enrollment_update_05_births_and_k_analysis_2019-12-10.txt,2019-12-10,8/12/2019,
2008,Emerald,Emerald,95,False,True,enrollment_update_05_births_and_k_analysis_2019-12-10.txt,2019-12-10,8/12/2019,
2008,Fireside,Fireside,53,False,True,enrollment_update_05_births_and_k_analysis_2019-12-10.txt,2019-12-10,8/12/2019,
2008,Flatirons,Flatirons,53,False,True,enrollment_update_05_births_and_k_analysis_2019-12-10.txt,2019-12-10,8/12/2019,
2008,Foothill,Foothill,119,False,True,enrollment_update_05_births_and_k_analysis_2019-12-10.txt,2019-12-10,8/12/2019,
2008,Gold Hill,Gold Hill,1,False,True,enrollment_update_05_births_and_k_analysis_2019-12-10.txt,2019-12-10,8/12/2019,
2008,Heatherwood,Heatherwood,54,False,True,enrollment_update_05_births_and_k_analysis_2019-12-10.txt,2019-12-10,8/12/2019,
2008,Jamestown,Jamestown,5,False,True,enrollment_update_05_births_and_k_analysis_2019-12-10.txt,2019-12-10,8/12/2019,
2008,Kohl,Kohl,57,False,True,enrollment_update_05_births_and_k_analysis_2019-12-10.txt,2019-12-10,8/12/2019,
2008,Lafayette,Lafayette,113,False,True,enrollment_update_05_births_and_k_analysis_2019-12-10.txt,2019-12-10,8/12/2019,
2008,Louisville,Louisville,77,False,True,enrollment_update_05_births_and_k_analysis_2019-12-10.txt,2019-12-10,8/12/2019,
2008,Meadowlark,Meadowlark,39,False,True,enrollment_update_05_births_and_k_analysis_2019-12-10.txt,2019-12-10,8/12/2019,
2008,Mesa,Mesa,25,False,True,enrollment_update_05_births_and_k_analysis_2019-12-10.txt,2019-12-10,8/12/2019,
2008,Monarch (K-5),Monarch,45,False,True,enrollment_update_05_births_and_k_analysis_2019-12-10.txt,2019-12-10,8/12/2019,
2008,Nederland,Nederland,63,False,True,enrollment_update_05_births_and_k_analysis_2019-12-10.txt,2019-12-10,8/12/2019,
2008,Ryan,Ryan,114,False,True,enrollment_update_05_births_and_k_analysis_2019-12-10.txt,2019-12-10,8/12/2019,
2008,Sanchez,Sanchez,89,False,True,enrollment_update_05_births_and_k_analysis_2019-12-10.txt,2019-12-10,8/12/2019,
2008,Superior,Superior,58,False,True,enrollment_update_05_births_and_k_analysis_2019-12-10.txt,2019-12-10,8/12/2019,
2008,Unlocated,Unlocated,0,False,True,enrollment_update_05_births_and_k_analysis_2019-12-10.txt,2019-12-10,8/12/2019,
2008,Whittier,Whittier,110,False,True,enrollment_update_05_births_and_k_analysis_2019-12-10.txt,2019-12-10,8/12/2019,
2008,BVSD,BVSD,2036,True,True,enrollment_update_05_births_and_k_analysis_2019-12-10.txt,2019-12-10,8/12/2019,
2008,Boulder Total,Boulder Total,939,True,True,enrollment_update_05_births_and_k_analysis_2019-12-10.txt,2019-12-10,8/12/2019,
2008,E County Total,E County Total,928,True,True,enrollment_update_05_births_and_k_analysis_2019-12-10.txt,2019-12-10,8/12/2019,
2009,Aspen Crk,Aspen Creek,65,False,True,enrollment_update_05_births_and_k_analysis_2019-12-10.txt,2019-12-10,8/12/2019,
2009,BC-Creekside,BC-Creekside,2,False,True,enrollment_update_05_births_and_k_analysis_2019-12-10.txt,2019-12-10,8/12/2019,
2009,BC-Mesa,BC-Mesa,25,False,True,enrollment_update_05_births_and_k_analysis_2019-12-10.txt,2019-12-10,8/12/2019,
2009,Bear Creek,Bear Creek,25,False,True,enrollment_update_05_births_and_k_analysis_2019-12-10.txt,2019-12-10,8/12/2019,
2009,Birch,Birch,46,False,True,enrollment_update_05_births_and_k_analysis_2019-12-10.txt,2019-12-10,8/12/2019,
2009,Coal Creek,Coal Creek,68,False,True,enrollment_update_05_births_and_k_analysis_2019-12-10.txt,2019-12-10,8/12/2019,
2009,Columbine,Columbine,153,False,True,enrollment_update_05_births_and_k_analysis_2019-12-10.txt,2019-12-10,8/12/2019,
2009,Creekside,Creekside,159,False,True,enrollment_update_05_births_and_k_analysis_2019-12-10.txt,2019-12-10,8/12/2019,
2009,Crest View,Crest View,165,False,True,enrollment_update_05_births_and_k_analysis_2019-12-10.txt,2019-12-10,8/12/2019,
2009,Douglass,Douglass,47,False,True,enrollment_update_05_births_and_k_analysis_2019-12-10.txt,2019-12-10,8/12/2019,
2009,Eisenhower,Eisenhower,75,False,True,enrollment_update_05_births_and_k_analysis_2019-12-10.txt,2019-12-10,8/12/2019,
2009,Eldorado (K-5),Eldorado,58,False,True,enrollment_update_05_births_and_k_analysis_2019-12-10.txt,2019-12-10,8/12/2019,
2009,Emerald,Emerald,77,False,True,enrollment_update_05_births_and_k_analysis_2019-12-10.txt,2019-12-10,8/12/2019,
2009,Fireside,Fireside,39,False,True,enrollment_update_05_births_and_k_analysis_2019-12-10.txt,2019-12-10,8/12/2019,
2009,Flatirons,Flatirons,47,False,True,enrollment_update_05_births_and_k_analysis_2019-12-10.txt,2019-12-10,8/12/2019,
2009,Foothill,Foothill,92,False,True,enrollment_update_05_births_and_k_analysis_2019-12-10.txt,2019-12-10,8/12/2019,
2009,Gold Hill,Gold Hill,0,False,True,enrollment_update_05_births_and_k_analysis_2019-12-10.txt,2019-12-10,8/12/2019,
2009,Heatherwood,Heatherwood,77,False,True,enrollment_update_05_births_and_k_analysis_2019-12-10.txt,2019-12-10,8/12/2019,
2009,Jamestown,Jamestown,4,False,True,enrollment_update_05_births_and_k_analysis_2019-12-10.txt,2019-12-10,8/12/2019,
2009,Kohl,Kohl,48,False,True,enrollment_update_05_births_and_k_analysis_2019-12-10.txt,2019-12-10,8/12/2019,
2009,Lafayette,Lafayette,102,False,True,enrollment_update_05_births_and_k_analysis_2019-12-10.txt,2019-12-10,8/12/2019,
2009,Louisville,Louisville,72,False,True,enrollment_update_05_births_and_k_analysis_2019-12-10.txt,2019-12-10,8/12/2019,
2009,Meadowlark,Meadowlark,40,False,True,enrollment_update_05_births_and_k_analysis_2019-12-10.txt,2019-12-10,8/12/2019,
2009,Mesa,Mesa,31,False,True,enrollment_update_05_births_and_k_analysis_2019-12-10.txt,2019-12-10,8/12/2019,
2009,Monarch (K-5),Monarch,55,False,True,enrollment_update_05_births_and_k_analysis_2019-12-10.txt,2019-12-10,8/12/2019,
2009,Nederland,Nederland,63,False,True,enrollment_update_05_births_and_k_analysis_2019-12-10.txt,2019-12-10,8/12/2019,
2009,Ryan,Ryan,121,False,True,enrollment_update_05_births_and_k_analysis_2019-12-10.txt,2019-12-10,8/12/2019,
2009,Sanchez,Sanchez,92,False,True,enrollment_update_05_births_and_k_analysis_2019-12-10.txt,2019-12-10,8/12/2019,
2009,Superior,Superior,48,False,True,enrollment_update_05_births_and_k_analysis_2019-12-10.txt,2019-12-10,8/12/2019,
2009,Unlocated,Unlocated,1,False,True,enrollment_update_05_births_and_k_analysis_2019-12-10.txt,2019-12-10,8/12/2019,
2009,Whittier,Whittier,115,False,True,enrollment_update_05_births_and_k_analysis_2019-12-10.txt,2019-12-10,8/12/2019,
2009,BVSD,BVSD,2012,True,True,enrollment_update_05_births_and_k_analysis_2019-12-10.txt,2019-12-10,8/12/2019,
2009,Boulder Total,Boulder Total,966,True,True,enrollment_update_05_births_and_k_analysis_2019-12-10.txt,2019-12-10,8/12/2019,
2009,E County Total,E County Total,880,True,True,enrollment_update_05_births_and_k_analysis_2019-12-10.txt,2019-12-10,8/12/2019,
2010,Aspen Crk,Aspen Creek,56,False,True,enrollment_update_05_births_and_k_analysis_2019-12-10.txt,2019-12-10,8/12/2019,
2010,BC-Creekside,BC-Creekside,2,False,True,enrollment_update_05_births_and_k_analysis_2019-12-10.txt,2019-12-10,8/12/2019,
2010,BC-Mesa,BC-Mesa,31,False,True,enrollment_update_05_births_and_k_analysis_2019-12-10.txt,2019-12-10,8/12/2019,
2010,Bear Creek,Bear Creek,31,False,True,enrollment_update_05_births_and_k_analysis_2019-12-10.txt,2019-12-10,8/12/2019,
2010,Birch,Birch,56,False,True,enrollment_update_05_births_and_k_analysis_2019-12-10.txt,2019-12-10,8/12/2019,
2010,Coal Creek,Coal Creek,68,False,True,enrollment_update_05_births_and_k_analysis_2019-12-10.txt,2019-12-10,8/12/2019,
2010,Columbine,Columbine,135,False,True,enrollment_update_05_births_and_k_analysis_2019-12-10.txt,2019-12-10,8/12/2019,
2010,Creekside,Creekside,150,False,True,enrollment_update_05_births_and_k_analysis_2019-12-10.txt,2019-12-10,8/12/2019,
2010,Crest View,Crest View,135,False,True,enrollment_update_05_births_and_k_analysis_2019-12-10.txt,2019-12-10,8/12/2019,
2010,Douglass,Douglass,47,False,True,enrollment_update_05_births_and_k_analysis_2019-12-10.txt,2019-12-10,8/12/2019,
2010,Eisenhower,Eisenhower,76,False,True,enrollment_update_05_births_and_k_analysis_2019-12-10.txt,2019-12-10,8/12/2019,
2010,Eldorado (K-5),Eldorado,46,False,True,enrollment_update_05_births_and_k_analysis_2019-12-10.txt,2019-12-10,8/12/2019,
2010,Emerald,Emerald,79,False,True,enrollment_update_05_births_and_k_analysis_2019-12-10.txt,2019-12-10,8/12/2019,
2010,Fireside,Fireside,48,False,True,enrollment_update_05_births_and_k_analysis_2019-12-10.txt,2019-12-10,8/12/2019,
2010,Flatirons,Flatirons,48,False,True,enrollment_update_05_births_and_k_analysis_2019-12-10.txt,2019-12-10,8/12/2019,
2010,Foothill,Foothill,80,False,True,enrollment_update_05_births_and_k_analysis_2019-12-10.txt,2019-12-10,8/12/2019,
2010,Gold Hill,Gold Hill,2,False,True,enrollment_update_05_births_and_k_analysis_2019-12-10.txt,2019-12-10,8/12/2019,
2010,Heatherwood,Heatherwood,64,False,True,enrollment_update_05_births_and_k_analysis_2019-12-10.txt,2019-12-10,8/12/2019,
2010,Jamestown,Jamestown,3,False,True,enrollment_update_05_births_and_k_analysis_2019-12-10.txt,2019-12-10,8/12/2019,
2010,Kohl,Kohl,42,False,True,enrollment_update_05_births_and_k_analysis_2019-12-10.txt,2019-12-10,8/12/2019,
2010,Lafayette,Lafayette,114,False,True,enrollment_update_05_births_and_k_analysis_2019-12-10.txt,2019-12-10,8/12/2019,
2010,Louisville,Louisville,59,False,True,enrollment_update_05_births_and_k_analysis_2019-12-10.txt,2019-12-10,8/12/2019,
2010,Meadowlark,Meadowlark,31,False,True,enrollment_update_05_births_and_k_analysis_2019-12-10.txt,2019-12-10,8/12/2019,
2010,Mesa,Mesa,23,False,True,enrollment_update_05_births_and_k_analysis_2019-12-10.txt,2019-12-10,8/12/2019,
2010,Monarch (K-5),Monarch,60,False,True,enrollment_update_05_births_and_k_analysis_2019-12-10.txt,2019-12-10,8/12/2019,
2010,Nederland,Nederland,62,False,True,enrollment_update_05_births_and_k_analysis_2019-12-10.txt,2019-12-10,8/12/2019,
2010,Ryan,Ryan,99,False,True,enrollment_update_05_births_and_k_analysis_2019-12-10.txt,2019-12-10,8/12/2019,
2010,Sanchez,Sanchez,87,False,True,enrollment_update_05_births_and_k_analysis_2019-12-10.txt,2019-12-10,8/12/2019,
2010,Superior,Superior,52,False,True,enrollment_update_05_births_and_k_analysis_2019-12-10.txt,2019-12-10,8/12/2019,
2010,Unlocated,Unlocated,0,False,True,enrollment_update_05_births_and_k_analysis_2019-12-10.txt,2019-12-10,8/12/2019,
2010,Whittier,Whittier,105,False,True,enrollment_update_05_births_and_k_analysis_2019-12-10.txt,2019-12-10,8/12/2019,
2010,BVSD,BVSD,1891,True,True,enrollment_update_05_births_and_k_analysis_2019-12-10.txt,2019-12-10,8/12/2019,
2010,Boulder Total,Boulder Total,880,True,True,enrollment_update_05_births_and_k_analysis_2019-12-10.txt,2019-12-10,8/12/2019,
2010,E County Total,E County Total,867,True,True,enrollment_update_05_births_and_k_analysis_2019-12-10.txt,2019-12-10,8/12/2019,
2011,Aspen Crk,Aspen Creek,51,False,True,enrollment_update_05_births_and_k_analysis_2019-12-10.txt,2019-12-10,8/12/2019,
2011,BC-Creekside,BC-Creekside,2,False,True,enrollment_update_05_births_and_k_analysis_2019-12-10.txt,2019-12-10,8/12/2019,
2011,BC-Mesa,BC-Mesa,24,False,True,enrollment_update_05_births_and_k_analysis_2019-12-10.txt,2019-12-10,8/12/2019,
2011,Bear Creek,Bear Creek,20,False,True,enrollment_update_05_births_and_k_analysis_2019-12-10.txt,2019-12-10,8/12/2019,
2011,Birch,Birch,49,False,True,enrollment_update_05_births_and_k_analysis_2019-12-10.txt,2019-12-10,8/12/2019,
2011,Coal Creek,Coal Creek,51,False,True,enrollment_update_05_births_and_k_analysis_2019-12-10.txt,2019-12-10,8/12/2019,
2011,Columbine,Columbine,155,False,True,enrollment_update_05_births_and_k_analysis_2019-12-10.txt,2019-12-10,8/12/2019,
2011,Creekside,Creekside,130,False,True,enrollment_update_05_births_and_k_analysis_2019-12-10.txt,2019-12-10,8/12/2019,
2011,Crest View,Crest View,123,False,True,enrollment_update_05_births_and_k_analysis_2019-12-10.txt,2019-12-10,8/12/2019,
2011,Douglass,Douglass,38,False,True,enrollment_update_05_births_and_k_analysis_2019-12-10.txt,2019-12-10,8/12/2019,
2011,Eisenhower,Eisenhower,91,False,True,enrollment_update_05_births_and_k_analysis_2019-12-10.txt,2019-12-10,8/12/2019,
2011,Eldorado (K-5),Eldorado,40,False,True,enrollment_update_05_births_and_k_analysis_2019-12-10.txt,2019-12-10,8/12/2019,
2011,Emerald,Emerald,73,False,True,enrollment_update_05_births_and_k_analysis_2019-12-10.txt,2019-12-10,8/12/2019,
2011,Fireside,Fireside,57,False,True,enrollment_update_05_births_and_k_analysis_2019-12-10.txt,2019-12-10,8/12/2019,
2011,Flatirons,Flatirons,47,False,True,enrollment_update_05_births_and_k_analysis_2019-12-10.txt,2019-12-10,8/12/2019,
2011,Foothill,Foothill,83,False,True,enrollment_update_05_births_and_k_analysis_2019-12-10.txt,2019-12-10,8/12/2019,
2011,Gold Hill,Gold Hill,2,False,True,enrollment_update_05_births_and_k_analysis_2019-12-10.txt,2019-12-10,8/12/2019,
2011,Heatherwood,Heatherwood,62,False,True,enrollment_update_05_births_and_k_analysis_2019-12-10.txt,2019-12-10,8/12/2019,
2011,Jamestown,Jamestown,4,False,True,enrollment_update_05_births_and_k_analysis_2019-12-10.txt,2019-12-10,8/12/2019,
2011,Kohl,Kohl,55,False,True,enrollment_update_05_births_and_k_analysis_2019-12-10.txt,2019-12-10,8/12/2019,
2011,Lafayette,Lafayette,124,False,True,enrollment_update_05_births_and_k_analysis_2019-12-10.txt,2019-12-10,8/12/2019,
2011,Louisville,Louisville,80,False,True,enrollment_update_05_births_and_k_analysis_2019-12-10.txt,2019-12-10,8/12/2019,
2011,Meadowlark,Meadowlark,38,False,True,enrollment_update_05_births_and_k_analysis_2019-12-10.txt,2019-12-10,8/12/2019,
2011,Mesa,Mesa,16,False,True,enrollment_update_05_births_and_k_analysis_2019-12-10.txt,2019-12-10,8/12/2019,
2011,Monarch (K-5),Monarch,59,False,True,enrollment_update_05_births_and_k_analysis_2019-12-10.txt,2019-12-10,8/12/2019,
2011,Nederland,Nederland,53,False,True,enrollment_update_05_births_and_k_analysis_2019-12-10.txt,2019-12-10,8/12/2019,
2011,Ryan,Ryan,99,False,True,enrollment_update_05_births_and_k_analysis_2019-12-10.txt,2019-12-10,8/12/2019,
2011,Sanchez,Sanchez,81,False,True,enrollment_update_05_births_and_k_analysis_2019-12-10.txt,2019-12-10,8/12/2019,
2011,Superior,Superior,35,False,True,enrollment_update_05_births_and_k_analysis_2019-12-10.txt,2019-12-10,8/12/2019,
2011,Unlocated,Unlocated,0,False,True,enrollment_update_05_births_and_k_analysis_2019-12-10.txt,2019-12-10,8/12/2019,
2011,Whittier,Whittier,87,False,True,enrollment_update_05_births_and_k_analysis_2019-12-10.txt,2019-12-10,8/12/2019,
2011,BVSD,BVSD,1829,True,True,enrollment_update_05_births_and_k_analysis_2019-12-10.txt,2019-12-10,8/12/2019,
2011,Boulder Total,Boulder Total,840,True,True,enrollment_update_05_births_and_k_analysis_2019-12-10.txt,2019-12-10,8/12/2019,
2011,E County Total,E County Total,852,True,True,enrollment_update_05_births_and_k_analysis_2019-12-10.txt,2019-12-10,8/12/2019,
2012,Aspen Crk,Aspen Creek,61,False,True,enrollment_update_05_births_and_k_analysis_2019-12-10.txt,2019-12-10,8/12/2019,
2012,BC-Creekside,BC-Creekside,8,False,True,enrollment_update_05_births_and_k_analysis_2019-12-10.txt,2019-12-10,8/12/2019,
2012,BC-Mesa,BC-Mesa,26,False,True,enrollment_update_05_births_and_k_analysis_2019-12-10.txt,2019-12-10,8/12/2019,
2012,Bear Creek,Bear Creek,19,False,True,enrollment_update_05_births_and_k_analysis_2019-12-10.txt,2019-12-10,8/12/2019,
2012,Birch,Birch,43,False,True,enrollment_update_05_births_and_k_analysis_2019-12-10.txt,2019-12-10,8/12/2019,
2012,Coal Creek,Coal Creek,66,False,True,enrollment_update_05_births_and_k_analysis_2019-12-10.txt,2019-12-10,8/12/2019,
2012,Columbine,Columbine,132,False,True,enrollment_update_05_births_and_k_analysis_2019-12-10.txt,2019-12-10,8/12/2019,
2012,Creekside,Creekside,157,False,True,enrollment_update_05_births_and_k_analysis_2019-12-10.txt,2019-12-10,8/12/2019,
2012,Crest View,Crest View,147,False,True,enrollment_update_05_births_and_k_analysis_2019-12-10.txt,2019-12-10,8/12/2019,
2012,Douglass,Douglass,52,False,True,enrollment_update_05_births_and_k_analysis_2019-12-10.txt,2019-12-10,8/12/2019,
2012,Eisenhower,Eisenhower,83,False,True,enrollment_update_05_births_and_k_analysis_2019-12-10.txt,2019-12-10,8/12/2019,
2012,Eldorado (K-5),Eldorado,41,False,True,enrollment_update_05_births_and_k_analysis_2019-12-10.txt,2019-12-10,8/12/2019,
2012,Emerald,Emerald,90,False,True,enrollment_update_05_births_and_k_analysis_2019-12-10.txt,2019-12-10,8/12/2019,
2012,Fireside,Fireside,45,False,True,enrollment_update_05_births_and_k_analysis_2019-12-10.txt,2019-12-10,8/12/2019,
2012,Flatirons,Flatirons,44,False,True,enrollment_update_05_births_and_k_analysis_2019-12-10.txt,2019-12-10,8/12/2019,
2012,Foothill,Foothill,84,False,True,enrollment_update_05_births_and_k_analysis_2019-12-10.txt,2019-12-10,8/12/2019,
2012,Gold Hill,Gold Hill,1,False,True,enrollment_update_05_births_and_k_analysis_2019-12-10.txt,2019-12-10,8/12/2019,
2012,Heatherwood,Heatherwood,71,False,True,enrollment_update_05_births_and_k_analysis_2019-12-10.txt,2019-12-10,8/12/2019,
2012,Jamestown,Jamestown,6,False,True,enrollment_update_05_births_and_k_analysis_2019-12-10.txt,2019-12-10,8/12/2019,
2012,Kohl,Kohl,59,False,True,enrollment_update_05_births_and_k_analysis_2019-12-10.txt,2019-12-10,8/12/2019,
2012,Lafayette,Lafayette,105,False,True,enrollment_update_05_births_and_k_analysis_2019-12-10.txt,2019-12-10,8/12/2019,
2012,Louisville,Louisville,85,False,True,enrollment_update_05_births_and_k_analysis_2019-12-10.txt,2019-12-10,8/12/2019,
2012,Meadowlark,Meadowlark,27,False,True,enrollment_update_05_births_and_k_analysis_2019-12-10.txt,2019-12-10,8/12/2019,
2012,Mesa,Mesa,23,False,True,enrollment_update_05_births_and_k_analysis_2019-12-10.txt,2019-12-10,8/12/2019,
2012,Monarch (K-5),Monarch,60,False,True,enrollment_update_05_births_and_k_analysis_2019-12-10.txt,2019-12-10,8/12/2019,
2012,Nederland,Nederland,48,False,True,enrollment_update_05_births_and_k_analysis_2019-12-10.txt,2019-12-10,8/12/2019,
2012,Ryan,Ryan,143,False,True,enrollment_update_05_births_and_k_analysis_2019-12-10.txt,2019-12-10,8/12/2019,
2012,Sanchez,Sanchez,83,False,True,enrollment_update_05_births_and_k_analysis_2019-12-10.txt,2019-12-10,8/12/2019,
2012,Superior,Superior,28,False,True,enrollment_update_05_births_and_k_analysis_2019-12-10.txt,2019-12-10,8/12/2019,
2012,Unlocated,Unlocated,0,False,True,enrollment_update_05_births_and_k_analysis_2019-12-10.txt,2019-12-10,8/12/2019,
2012,Whittier,Whittier,119,False,True,enrollment_update_05_births_and_k_analysis_2019-12-10.txt,2019-12-10,8/12/2019,
2012,BVSD,BVSD,1956,True,True,enrollment_update_05_births_and_k_analysis_2019-12-10.txt,2019-12-10,8/12/2019,
2012,Boulder Total,Boulder Total,913,True,True,enrollment_update_05_births_and_k_analysis_2019-12-10.txt,2019-12-10,8/12/2019,
2012,E County Total,E County Total,920,True,True,enrollment_update_05_births_and_k_analysis_2019-12-10.txt,2019-12-10,8/12/2019,
2013,Aspen Crk,Aspen Creek,67,False,True,enrollment_update_05_births_and_k_analysis_2019-12-10.txt,2019-12-10,8/12/2019,
2013,BC-Creekside,BC-Creekside,3,False,True,enrollment_update_05_births_and_k_analysis_2019-12-10.txt,2019-12-10,8/12/2019,
2013,BC-Mesa,BC-Mesa,23,False,True,enrollment_update_05_births_and_k_analysis_2019-12-10.txt,2019-12-10,8/12/2019,
2013,Bear Creek,Bear Creek,25,False,True,enrollment_update_05_births_and_k_analysis_2019-12-10.txt,2019-12-10,8/12/2019,
2013,Birch,Birch,65,False,True,enrollment_update_05_births_and_k_analysis_2019-12-10.txt,2019-12-10,8/12/2019,
2013,Coal Creek,Coal Creek,60,False,True,enrollment_update_05_births_and_k_analysis_2019-12-10.txt,2019-12-10,8/12/2019,
2013,Columbine,Columbine,129,False,True,enrollment_update_05_births_and_k_analysis_2019-12-10.txt,2019-12-10,8/12/2019,
2013,Creekside,Creekside,157,False,True,enrollment_update_05_births_and_k_analysis_2019-12-10.txt,2019-12-10,8/12/2019,
2013,Crest View,Crest View,151,False,True,enrollment_update_05_births_and_k_analysis_2019-12-10.txt,2019-12-10,8/12/2019,
2013,Douglass,Douglass,46,False,True,enrollment_update_05_births_and_k_analysis_2019-12-10.txt,2019-12-10,8/12/2019,
2013,Eisenhower,Eisenhower,84,False,True,enrollment_update_05_births_and_k_analysis_2019-12-10.txt,2019-12-10,8/12/2019,
2013,Eldorado (K-5),Eldorado,46,False,True,enrollment_update_05_births_and_k_analysis_2019-12-10.txt,2019-12-10,8/12/2019,
2013,Emerald,Emerald,81,False,True,enrollment_update_05_births_and_k_analysis_2019-12-10.txt,2019-12-10,8/12/2019,
2013,Fireside,Fireside,59,False,True,enrollment_update_05_births_and_k_analysis_2019-12-10.txt,2019-12-10,8/12/2019,
2013,Flatirons,Flatirons,41,False,True,enrollment_update_05_births_and_k_analysis_2019-12-10.txt,2019-12-10,8/12/2019,
2013,Foothill,Foothill,64,False,True,enrollment_update_05_births_and_k_analysis_2019-12-10.txt,2019-12-10,8/12/2019,
2013,Gold Hill,Gold Hill,3,False,True,enrollment_update_05_births_and_k_analysis_2019-12-10.txt,2019-12-10,8/12/2019,
2013,Heatherwood,Heatherwood,60,False,True,enrollment_update_05_births_and_k_analysis_2019-12-10.txt,2019-12-10,8/12/2019,
2013,Jamestown,Jamestown,2,False,True,enrollment_update_05_births_and_k_analysis_2019-12-10.txt,2019-12-10,8/12/2019,
2013,Kohl,Kohl,53,False,True,enrollment_update_05_births_and_k_analysis_2019-12-10.txt,2019-12-10,8/12/2019,
2013,Lafayette,Lafayette,89,False,True,enrollment_update_05_births_and_k_analysis_2019-12-10.txt,2019-12-10,8/12/2019,
2013,Louisville,Louisville,79,False,True,enrollment_update_05_births_and_k_analysis_2019-12-10.txt,2019-12-10,8/12/2019,
2013,Meadowlark,Meadowlark,24,False,True,enrollment_update_05_births_and_k_analysis_2019-12-10.txt,2019-12-10,8/12/2019,
2013,Mesa,Mesa,20,False,True,enrollment_update_05_births_and_k_analysis_2019-12-10.txt,2019-12-10,8/12/2019,
2013,Monarch (K-5),Monarch,67,False,True,enrollment_update_05_births_and_k_analysis_2019-12-10.txt,2019-12-10,8/12/2019,
2013,Nederland,Nederland,55,False,True,enrollment_update_05_births_and_k_analysis_2019-12-10.txt,2019-12-10,8/12/2019,
2013,Ryan,Ryan,104,False,True,enrollment_update_05_births_and_k_analysis_2019-12-10.txt,2019-12-10,8/12/2019,
2013,Sanchez,Sanchez,99,False,True,enrollment_update_05_births_and_k_analysis_2019-12-10.txt,2019-12-10,8/12/2019,
2013,Superior,Superior,41,False,True,enrollment_update_05_births_and_k_analysis_2019-12-10.txt,2019-12-10,8/12/2019,
2013,Unlocated,Unlocated,0,False,True,enrollment_update_05_births_and_k_analysis_2019-12-10.txt,2019-12-10,8/12/2019,
2013,Whittier,Whittier,115,False,True,enrollment_update_05_births_and_k_analysis_2019-12-10.txt,2019-12-10,8/12/2019,
2013,BVSD,BVSD,1912,True,True,enrollment_update_05_births_and_k_analysis_2019-12-10.txt,2019-12-10,8/12/2019,
2013,Boulder Total,Boulder Total,872,True,True,enrollment_update_05_births_and_k_analysis_2019-12-10.txt,2019-12-10,8/12/2019,
2013,E County Total,E County Total,910,True,True,enrollment_update_05_births_and_k_analysis_2019-12-10.txt,2019-12-10,8/12/2019,
2014,Aspen Crk,Aspen Creek,54,False,True,enrollment_update_05_births_and_k_analysis_2019-12-10.txt,2019-12-10,8/12/2019,
2014,BC-Creekside,BC-Creekside,4,False,True,enrollment_update_05_births_and_k_analysis_2019-12-10.txt,2019-12-10,8/12/2019,
2014,BC-Mesa,BC-Mesa,25,False,True,enrollment_update_05_births_and_k_analysis_2019-12-10.txt,2019-12-10,8/12/2019,
2014,Bear Creek,Bear Creek,21,False,True,enrollment_update_05_births_and_k_analysis_2019-12-10.txt,2019-12-10,8/12/2019,
2014,Birch,Birch,58,False,True,enrollment_update_05_births_and_k_analysis_2019-12-10.txt,2019-12-10,8/12/2019,
2014,Coal Creek,Coal Creek,63,False,True,enrollment_update_05_births_and_k_analysis_2019-12-10.txt,2019-12-10,8/12/2019,
2014,Columbine,Columbine,124,False,True,enrollment_update_05_births_and_k_analysis_2019-12-10.txt,2019-12-10,8/12/2019,
2014,Creekside,Creekside,131,False,True,enrollment_update_05_births_and_k_analysis_2019-12-10.txt,2019-12-10,8/12/2019,
2014,Crest View,Crest View,123,False,True,enrollment_update_05_births_and_k_analysis_2019-12-10.txt,2019-12-10,8/12/2019,
2014,Douglass,Douglass,47,False,True,enrollment_update_05_births_and_k_analysis_2019-12-10.txt,2019-12-10,8/12/2019,
2014,Eisenhower,Eisenhower,75,False,True,enrollment_update_05_births_and_k_analysis_2019-12-10.txt,2019-12-10,8/12/2019,
2014,Eldorado (K-5),Eldorado,37,False,True,enrollment_update_05_births_and_k_analysis_2019-12-10.txt,2019-12-10,8/12/2019,
2014,Emerald,Emerald,80,False,True,enrollment_update_05_births_and_k_analysis_2019-12-10.txt,2019-12-10,8/12/2019,
2014,Fireside,Fireside,45,False,True,enrollment_update_05_births_and_k_analysis_2019-12-10.txt,2019-12-10,8/12/2019,
2014,Flatirons,Flatirons,43,False,True,enrollment_update_05_births_and_k_analysis_2019-12-10.txt,2019-12-10,8/12/2019,
2014,Foothill,Foothill,85,False,True,enrollment_update_05_births_and_k_analysis_2019-12-10.txt,2019-12-10,8/12/2019,
2014,Gold Hill,Gold Hill,0,False,True,enrollment_update_05_births_and_k_analysis_2019-12-10.txt,2019-12-10,8/12/2019,
2014,Heatherwood,Heatherwood,58,False,True,enrollment_update_05_births_and_k_analysis_2019-12-10.txt,2019-12-10,8/12/2019,
2014,Jamestown,Jamestown,2,False,True,enrollment_update_05_births_and_k_analysis_2019-12-10.txt,2019-12-10,8/12/2019,
2014,Kohl,Kohl,59,False,True,enrollment_update_05_births_and_k_analysis_2019-12-10.txt,2019-12-10,8/12/2019,
2014,Lafayette,Lafayette,109,False,True,enrollment_update_05_births_and_k_analysis_2019-12-10.txt,2019-12-10,8/12/2019,
2014,Louisville,Louisville,72,False,True,enrollment_update_05_births_and_k_analysis_2019-12-10.txt,2019-12-10,8/12/2019,
2014,Meadowlark,Meadowlark,33,False,True,enrollment_update_05_births_and_k_analysis_2019-12-10.txt,2019-12-10,8/12/2019,
2014,Mesa,Mesa,23,False,True,enrollment_update_05_births_and_k_analysis_2019-12-10.txt,2019-12-10,8/12/2019,
2014,Monarch (K-5),Monarch,79,False,True,enrollment_update_05_births_and_k_analysis_2019-12-10.txt,2019-12-10,8/12/2019,
2014,Nederland,Nederland,56,False,True,enrollment_update_05_births_and_k_analysis_2019-12-10.txt,2019-12-10,8/12/2019,
2014,Ryan,Ryan,107,False,True,enrollment_update_05_births_and_k_analysis_2019-12-10.txt,2019-12-10,8/12/2019,
2014,Sanchez,Sanchez,98,False,True,enrollment_update_05_births_and_k_analysis_2019-12-10.txt,2019-12-10,8/12/2019,
2014,Superior,Superior,32,False,True,enrollment_update_05_births_and_k_analysis_2019-12-10.txt,2019-12-10,8/12/2019,
2014,Unlocated,Unlocated,0,False,True,enrollment_update_05_births_and_k_analysis_2019-12-10.txt,2019-12-10,8/12/2019,
2014,Whittier,Whittier,113,False,True,enrollment_update_05_births_and_k_analysis_2019-12-10.txt,2019-12-10,8/12/2019,
2014,BVSD,BVSD,1856,True,True,enrollment_update_05_births_and_k_analysis_2019-12-10.txt,2019-12-10,8/12/2019,
2014,Boulder Total,Boulder Total,825,True,True,enrollment_update_05_births_and_k_analysis_2019-12-10.txt,2019-12-10,8/12/2019,
2014,E County Total,E County Total,903,True,True,enrollment_update_05_births_and_k_analysis_2019-12-10.txt,2019-12-10,8/12/2019,
2015,Aspen Crk,Aspen Creek,70,False,True,enrollment_update_05_births_and_k_analysis_2019-12-10.txt,2019-12-10,8/12/2019,
2015,BC-Creekside,BC-Creekside,6,False,True,enrollment_update_05_births_and_k_analysis_2019-12-10.txt,2019-12-10,8/12/2019,
2015,BC-Mesa,BC-Mesa,17,False,True,enrollment_update_05_births_and_k_analysis_2019-12-10.txt,2019-12-10,8/12/2019,
2015,Bear Creek,Bear Creek,11,False,True,enrollment_update_05_births_and_k_analysis_2019-12-10.txt,2019-12-10,8/12/2019,
2015,Birch,Birch,51,False,True,enrollment_update_05_births_and_k_analysis_2019-12-10.txt,2019-12-10,8/12/2019,
2015,Coal Creek,Coal Creek,48,False,True,enrollment_update_05_births_and_k_analysis_2019-12-10.txt,2019-12-10,8/12/2019,
2015,Columbine,Columbine,121,False,True,enrollment_update_05_births_and_k_analysis_2019-12-10.txt,2019-12-10,8/12/2019,
2015,Creekside,Creekside,158,False,True,enrollment_update_05_births_and_k_analysis_2019-12-10.txt,2019-12-10,8/12/2019,
2015,Crest View,Crest View,152,False,True,enrollment_update_05_births_and_k_analysis_2019-12-10.txt,2019-12-10,8/12/2019,
2015,Douglass,Douglass,49,False,True,enrollment_update_05_births_and_k_analysis_2019-12-10.txt,2019-12-10,8/12/2019,
2015,Eisenhower,Eisenhower,74,False,True,enrollment_update_05_births_and_k_analysis_2019-12-10.txt,2019-12-10,8/12/2019,
2015,Eldorado (K-5),Eldorado,29,False,True,enrollment_update_05_births_and_k_analysis_2019-12-10.txt,2019-12-10,8/12/2019,
2015,Emerald,Emerald,112,False,True,enrollment_update_05_births_and_k_analysis_2019-12-10.txt,2019-12-10,8/12/2019,
2015,Fireside,Fireside,46,False,True,enrollment_update_05_births_and_k_analysis_2019-12-10.txt,2019-12-10,8/12/2019,
2015,Flatirons,Flatirons,43,False,True,enrollment_update_05_births_and_k_analysis_2019-12-10.txt,2019-12-10,8/12/2019,
2015,Foothill,Foothill,64,False,True,enrollment_update_05_births_and_k_analysis_2019-12-10.txt,2019-12-10,8/12/2019,
2015,Gold Hill,Gold Hill,1,False,True,enrollment_update_05_births_and_k_analysis_2019-12-10.txt,2019-12-10,8/12/2019,
2015,Heatherwood,Heatherwood,71,False,True,enrollment_update_05_births_and_k_analysis_2019-12-10.txt,2019-12-10,8/12/2019,
2015,Jamestown,Jamestown,1,False,True,enrollment_update_05_births_and_k_analysis_2019-12-10.txt,2019-12-10,8/12/2019,
2015,Kohl,Kohl,55,False,True,enrollment_update_05_births_and_k_analysis_2019-12-10.txt,2019-12-10,8/12/2019,
2015,Lafayette,Lafayette,100,False,True,enrollment_update_05_births_and_k_analysis_2019-12-10.txt,2019-12-10,8/12/2019,
2015,Louisville,Louisville,77,False,True,enrollment_update_05_births_and_k_analysis_2019-12-10.txt,2019-12-10,8/12/2019,
2015,Meadowlark,Meadowlark,28,False,True,enrollment_update_05_births_and_k_analysis_2019-12-10.txt,2019-12-10,8/12/2019,
2015,Mesa,Mesa,23,False,True,enrollment_update_05_births_and_k_analysis_2019-12-10.txt,2019-12-10,8/12/2019,
2015,Monarch (K-5),Monarch,56,False,True,enrollment_update_05_births_and_k_analysis_2019-12-10.txt,2019-12-10,8/12/2019,
2015,Nederland,Nederland,55,False,True,enrollment_update_05_births_and_k_analysis_2019-12-10.txt,2019-12-10,8/12/2019,
2015,Ryan,Ryan,102,False,True,enrollment_update_05_births_and_k_analysis_2019-12-10.txt,2019-12-10,8/12/2019,
2015,Sanchez,Sanchez,111,False,True,enrollment_update_05_births_and_k_analysis_2019-12-10.txt,2019-12-10,8/12/2019,
2015,Superior,Superior,41,False,True,enrollment_update_05_births_and_k_analysis_2019-12-10.txt,2019-12-10,8/12/2019,
2015,Unlocated,Unlocated,0,False,True,enrollment_update_05_births_and_k_analysis_2019-12-10.txt,2019-12-10,8/12/2019,
2015,Whittier,Whittier,106,False,True,enrollment_update_05_births_and_k_analysis_2019-12-10.txt,2019-12-10,8/12/2019,
2015,BVSD,BVSD,1878,True,True,enrollment_update_05_births_and_k_analysis_2019-12-10.txt,2019-12-10,8/12/2019,
2015,Boulder Total,Boulder Total,846,True,True,enrollment_update_05_births_and_k_analysis_2019-12-10.txt,2019-12-10,8/12/2019,
2015,E County Total,E County Total,918,True,True,enrollment_update_05_births_and_k_analysis_2019-12-10.txt,2019-12-10,8/12/2019,
2016,Aspen Crk,Aspen Creek,61,False,True,enrollment_update_05_births_and_k_analysis_2019-12-10.txt,2019-12-10,8/12/2019,
2016,BC-Creekside,BC-Creekside,1,False,True,enrollment_update_05_births_and_k_analysis_2019-12-10.txt,2019-12-10,8/12/2019,
2016,BC-Mesa,BC-Mesa,17,False,True,enrollment_update_05_births_and_k_analysis_2019-12-10.txt,2019-12-10,8/12/2019,
2016,Bear Creek,Bear Creek,12,False,True,enrollment_update_05_births_and_k_analysis_2019-12-10.txt,2019-12-10,8/12/2019,
2016,Birch,Birch,55,False,True,enrollment_update_05_births_and_k_analysis_2019-12-10.txt,2019-12-10,8/12/2019,
2016,Coal Creek,Coal Creek,47,False,True,enrollment_update_05_births_and_k_analysis_2019-12-10.txt,2019-12-10,8/12/2019,
2016,Columbine,Columbine,123,False,True,enrollment_update_05_births_and_k_analysis_2019-12-10.txt,2019-12-10,8/12/2019,
2016,Creekside,Creekside,131,False,True,enrollment_update_05_births_and_k_analysis_2019-12-10.txt,2019-12-10,8/12/2019,
2016,Crest View,Crest View,140,False,True,enrollment_update_05_births_and_k_analysis_2019-12-10.txt,2019-12-10,8/12/2019,
2016,Douglass,Douglass,45,False,True,enrollment_update_05_births_and_k_analysis_2019-12-10.txt,2019-12-10,8/12/2019,
2016,Eisenhower,Eisenhower,67,False,True,enrollment_update_05_births_and_k_analysis_2019-12-10.txt,2019-12-10,8/12/2019,
2016,Eldorado (K-5),Eldorado,30,False,True,enrollment_update_05_births_and_k_analysis_2019-12-10.txt,2019-12-10,8/12/2019,
2016,Emerald,Emerald,95,False,True,enrollment_update_05_births_and_k_analysis_2019-12-10.txt,2019-12-10,8/12/2019,
2016,Fireside,Fireside,40,False,True,enrollment_update_05_births_and_k_analysis_2019-12-10.txt,2019-12-10,8/12/2019,
2016,Flatirons,Flatirons,31,False,True,enrollment_update_05_births_and_k_analysis_2019-12-10.txt,2019-12-10,8/12/2019,
2016,Foothill,Foothill,66,False,True,enrollment_update_05_births_and_k_analysis_2019-12-10.txt,2019-12-10,8/12/2019,
2016,Gold Hill,Gold Hill,2,False,True,enrollment_update_05_births_and_k_analysis_2019-12-10.txt,2019-12-10,8/12/2019,
2016,Heatherwood,Heatherwood,53,False,True,enrollment_update_05_births_and_k_analysis_2019-12-10.txt,2019-12-10,8/12/2019,
2016,Jamestown,Jamestown,4,False,True,enrollment_update_05_births_and_k_analysis_2019-12-10.txt,2019-12-10,8/12/2019,
2016,Kohl,Kohl,56,False,True,enrollment_update_05_births_and_k_analysis_2019-12-10.txt,2019-12-10,8/12/2019,
2016,Lafayette,Lafayette,110,False,True,enrollment_update_05_births_and_k_analysis_2019-12-10.txt,2019-12-10,8/12/2019,
2016,Louisville,Louisville,64,False,True,enrollment_update_05_births_and_k_analysis_2019-12-10.txt,2019-12-10,8/12/2019,
2016,Meadowlark,Meadowlark,36,False,True,enrollment_update_05_births_and_k_analysis_2019-12-10.txt,2019-12-10,8/12/2019,
2016,Mesa,Mesa,26,False,True,enrollment_update_05_births_and_k_analysis_2019-12-10.txt,2019-12-10,8/12/2019,
2016,Monarch (K-5),Monarch,48,False,True,enrollment_update_05_births_and_k_analysis_2019-12-10.txt,2019-12-10,8/12/2019,
2016,Nederland,Nederland,54,False,True,enrollment_update_05_births_and_k_analysis_2019-12-10.txt,2019-12-10,8/12/2019,
2016,Ryan,Ryan,118,False,True,enrollment_update_05_births_and_k_analysis_2019-12-10.txt,2019-12-10,8/12/2019,
2016,Sanchez,Sanchez,98,False,True,enrollment_update_05_births_and_k_analysis_2019-12-10.txt,2019-12-10,8/12/2019,
2016,Superior,Superior,39,False,True,enrollment_update_05_births_and_k_analysis_2019-12-10.txt,2019-12-10,8/12/2019,
2016,Unlocated,Unlocated,0,False,True,enrollment_update_05_births_and_k_analysis_2019-12-10.txt,2019-12-10,8/12/2019,
2016,Whittier,Whittier,104,False,True,enrollment_update_05_births_and_k_analysis_2019-12-10.txt,2019-12-10,8/12/2019,
2016,BVSD,BVSD,1773,True,True,enrollment_update_05_births_and_k_analysis_2019-12-10.txt,2019-12-10,8/12/2019,
2016,Boulder Total,Boulder Total,771,True,True,enrollment_update_05_births_and_k_analysis_2019-12-10.txt,2019-12-10,8/12/2019,
2016,E County Total,E County Total,876,True,True,enrollment_update_05_births_and_k_analysis_2019-12-10.txt,2019-12-10,8/12/2019,
2017,Aspen Crk,Aspen Creek,66,False,True,enrollment_update_05_births_and_k_analysis_2019-12-10.txt,2019-12-10,8/12/2019,
2017,BC-Creekside,BC-Creekside,4,False,True,enrollment_update_05_births_and_k_analysis_2019-12-10.txt,2019-12-10,8/12/2019,
2017,BC-Mesa,BC-Mesa,16,False,True,enrollment_update_05_births_and_k_analysis_2019-12-10.txt,2019-12-10,8/12/2019,
2017,Bear Creek,Bear Creek,16,False,True,enrollment_update_05_births_and_k_analysis_2019-12-10.txt,2019-12-10,8/12/2019,
2017,Birch,Birch,39,False,True,enrollment_update_05_births_and_k_analysis_2019-12-10.txt,2019-12-10,8/12/2019,
2017,Coal Creek,Coal Creek,50,False,True,enrollment_update_05_births_and_k_analysis_2019-12-10.txt,2019-12-10,8/12/2019,
2017,Columbine,Columbine,128,False,True,enrollment_update_05_births_and_k_analysis_2019-12-10.txt,2019-12-10,8/12/2019,
2017,Creekside,Creekside,125,False,True,enrollment_update_05_births_and_k_analysis_2019-12-10.txt,2019-12-10,8/12/2019,
2017,Crest View,Crest View,128,False,True,enrollment_update_05_births_and_k_analysis_2019-12-10.txt,2019-12-10,8/12/2019,
2017,Douglass,Douglass,36,False,True,enrollment_update_05_births_and_k_analysis_2019-12-10.txt,2019-12-10,8/12/2019,
2017,Eisenhower,Eisenhower,64,False,True,enrollment_update_05_births_and_k_analysis_2019-12-10.txt,2019-12-10,8/12/2019,
2017,Eldorado (K-5),Eldorado,29,False,True,enrollment_update_05_births_and_k_analysis_2019-12-10.txt,2019-12-10,8/12/2019,
2017,Emerald,Emerald,103,False,True,enrollment_update_05_births_and_k_analysis_2019-12-10.txt,2019-12-10,8/12/2019,
2017,Fireside,Fireside,37,False,True,enrollment_update_05_births_and_k_analysis_2019-12-10.txt,2019-12-10,8/12/2019,
2017,Flatirons,Flatirons,39,False,True,enrollment_update_05_births_and_k_analysis_2019-12-10.txt,2019-12-10,8/12/2019,
2017,Foothill,Foothill,77,False,True,enrollment_update_05_births_and_k_analysis_2019-12-10.txt,2019-12-10,8/12/2019,
2017,Gold Hill,Gold Hill,3,False,True,enrollment_update_05_births_and_k_analysis_2019-12-10.txt,2019-12-10,8/12/2019,
2017,Heatherwood,Heatherwood,56,False,True,enrollment_update_05_births_and_k_analysis_2019-12-10.txt,2019-12-10,8/12/2019,
2017,Jamestown,Jamestown,4,False,True,enrollment_update_05_births_and_k_analysis_2019-12-10.txt,2019-12-10,8/12/2019,
2017,Kohl,Kohl,51,False,True,enrollment_update_05_births_and_k_analysis_2019-12-10.txt,2019-12-10,8/12/2019,
2017,Lafayette,Lafayette,95,False,True,enrollment_update_05_births_and_k_analysis_2019-12-10.txt,2019-12-10,8/12/2019,
2017,Louisville,Louisville,51,False,True,enrollment_update_05_births_and_k_analysis_2019-12-10.txt,2019-12-10,8/12/2019,
2017,Meadowlark,Meadowlark,52,False,True,enrollment_update_05_births_and_k_analysis_2019-12-10.txt,2019-12-10,8/12/2019,
2017,Mesa,Mesa,22,False,True,enrollment_update_05_births_and_k_analysis_2019-12-10.txt,2019-12-10,8/12/2019,
2017,Monarch (K-5),Monarch,53,False,True,enrollment_update_05_births_and_k_analysis_2019-12-10.txt,2019-12-10,8/12/2019,
2017,Nederland,Nederland,53,False,True,enrollment_update_05_births_and_k_analysis_2019-12-10.txt,2019-12-10,8/12/2019,
2017,Ryan,Ryan,104,False,True,enrollment_update_05_births_and_k_analysis_2019-12-10.txt,2019-12-10,8/12/2019,
2017,Sanchez,Sanchez,105,False,True,enrollment_update_05_births_and_k_analysis_2019-12-10.txt,2019-12-10,8/12/2019,
2017,Superior,Superior,46,False,True,enrollment_update_05_births_and_k_analysis_2019-12-10.txt,2019-12-10,8/12/2019,
2017,Unlocated,Unlocated,0,False,True,enrollment_update_05_births_and_k_analysis_2019-12-10.txt,2019-12-10,8/12/2019,
2017,Whittier,Whittier,83,False,True,enrollment_update_05_births_and_k_analysis_2019-12-10.txt,2019-12-10,8/12/2019,
2017,BVSD,BVSD,1735,True,True,enrollment_update_05_births_and_k_analysis_2019-12-10.txt,2019-12-10,8/12/2019,
2017,Boulder Total,Boulder Total,758,True,True,enrollment_update_05_births_and_k_analysis_2019-12-10.txt,2019-12-10,8/12/2019,
2017,E County Total,E County Total,836,True,True,enrollment_update_05_births_and_k_analysis_2019-12-10.txt,2019-12-10,8/12/2019,
2018,Aspen Crk,Aspen Creek,66,False,True,enrollment_update_05_births_and_k_analysis_2019-12-10.txt,2019-12-10,8/12/2019,
2018,BC-Creekside,BC-Creekside,5,False,True,enrollment_update_05_births_and_k_analysis_2019-12-10.txt,2019-12-10,8/12/2019,
2018,BC-Mesa,BC-Mesa,15,False,True,enrollment_update_05_births_and_k_analysis_2019-12-10.txt,2019-12-10,8/12/2019,
2018,Bear Creek,Bear Creek,13,False,True,enrollment_update_05_births_and_k_analysis_2019-12-10.txt,2019-12-10,8/12/2019,
2018,Birch,Birch,41,False,True,enrollment_update_05_births_and_k_analysis_2019-12-10.txt,2019-12-10,8/12/2019,
2018,Coal Creek,Coal Creek,43,False,True,enrollment_update_05_births_and_k_analysis_2019-12-10.txt,2019-12-10,8/12/2019,
2018,Columbine,Columbine,101,False,True,enrollment_update_05_births_and_k_analysis_2019-12-10.txt,2019-12-10,8/12/2019,
2018,Creekside,Creekside,112,False,True,enrollment_update_05_births_and_k_analysis_2019-12-10.txt,2019-12-10,8/12/2019,
2018,Crest View,Crest View,91,False,True,enrollment_update_05_births_and_k_analysis_2019-12-10.txt,2019-12-10,8/12/2019,
2018,Douglass,Douglass,44,False,True,enrollment_update_05_births_and_k_analysis_2019-12-10.txt,2019-12-10,8/12/2019,
2018,Eisenhower,Eisenhower,56,False,True,enrollment_update_05_births_and_k_analysis_2019-12-10.txt,2019-12-10,8/12/2019,
2018,Eldorado (K-5),Eldorado,23,False,True,enrollment_update_05_births_and_k_analysis_2019-12-10.txt,2019-12-10,8/12/2019,
2018,Emerald,Emerald,96,False,True,enrollment_update_05_births_and_k_analysis_2019-12-10.txt,2019-12-10,8/12/2019,
2018,Fireside,Fireside,22,False,True,enrollment_update_05_births_and_k_analysis_2019-12-10.txt,2019-12-10,8/12/2019,
2018,Flatirons,Flatirons,42,False,True,enrollment_update_05_births_and_k_analysis_2019-12-10.txt,2019-12-10,8/12/2019,
2018,Foothill,Foothill,57,False,True,enrollment_update_05_births_and_k_analysis_2019-12-10.txt,2019-12-10,8/12/2019,
2018,Gold Hill,Gold Hill,2,False,True,enrollment_update_05_births_and_k_analysis_2019-12-10.txt,2019-12-10,8/12/2019,
2018,Heatherwood,Heatherwood,46,False,True,enrollment_update_05_births_and_k_analysis_2019-12-10.txt,2019-12-10,8/12/2019,
2018,Jamestown,Jamestown,2,False,True,enrollment_update_05_births_and_k_analysis_2019-12-10.txt,2019-12-10,8/12/2019,
2018,Kohl,Kohl,47,False,True,enrollment_update_05_births_and_k_analysis_2019-12-10.txt,2019-12-10,8/12/2019,
2018,Lafayette,Lafayette,116,False,True,enrollment_update_05_births_and_k_analysis_2019-12-10.txt,2019-12-10,8/12/2019,
2018,Louisville,Louisville,68,False,True,enrollment_update_05_births_and_k_analysis_2019-12-10.txt,2019-12-10,8/12/2019,
2018,Meadowlark,Meadowlark,44,False,True,enrollment_update_05_births_and_k_analysis_2019-12-10.txt,2019-12-10,8/12/2019,
2018,Mesa,Mesa,17,False,True,enrollment_update_05_births_and_k_analysis_2019-12-10.txt,2019-12-10,8/12/2019,
2018,Monarch (K-5),Monarch,58,False,True,enrollment_update_05_births_and_k_analysis_2019-12-10.txt,2019-12-10,8/12/2019,
2018,Nederland,Nederland,55,False,True,enrollment_update_05_births_and_k_analysis_2019-12-10.txt,2019-12-10,8/12/2019,
2018,Ryan,Ryan,114,False,True,enrollment_update_05_births_and_k_analysis_2019-12-10.txt,2019-12-10,8/12/2019,
2018,Sanchez,Sanchez,86,False,True,enrollment_update_05_births_and_k_analysis_2019-12-10.txt,2019-12-10,8/12/2019,
2018,Superior,Superior,38,False,True,enrollment_update_05_births_and_k_analysis_2019-12-10.txt,2019-12-10,8/12/2019,
2018,Unlocated,Unlocated,0,False,True,enrollment_update_05_births_and_k_analysis_2019-12-10.txt,2019-12-10,8/12/2019,
2018,Whittier,Whittier,84,False,True,enrollment_update_05_births_and_k_analysis_2019-12-10.txt,2019-12-10,8/12/2019,
2018,BVSD,BVSD,1604,True,True,enrollment_update_05_births_and_k_analysis_2019-12-10.txt,2019-12-10,8/12/2019,
2018,Boulder Total,Boulder Total,639,True,True,enrollment_update_05_births_and_k_analysis_2019-12-10.txt,2019-12-10,8/12/2019,
2018,E County Total,E County Total,839,True,True,enrollment_update_05_births_and_k_analysis_2019-12-10.txt,2019-12-10,8/12/2019,
2000,Aspen Crk,Aspen Creek,55,False,True,enrollment_update_05_births_by_elem_attendance_area_2021-12-14.txt,2021-12-14,8/17/2021,2021
2000,BC-Creekside,BC-Creekside,7,False,True,enrollment_update_05_births_by_elem_attendance_area_2021-12-14.txt,2021-12-14,8/17/2021,2021
2000,BC-Mesa,BC-Mesa,18,False,True,enrollment_update_05_births_by_elem_attendance_area_2021-12-14.txt,2021-12-14,8/17/2021,2021
2000,Bear Creek,Bear Creek,21,False,True,enrollment_update_05_births_by_elem_attendance_area_2021-12-14.txt,2021-12-14,8/17/2021,2021
2000,Birch,Birch,67,False,True,enrollment_update_05_births_by_elem_attendance_area_2021-12-14.txt,2021-12-14,8/17/2021,2021
2000,Coal Creek,Coal Creek,65,False,True,enrollment_update_05_births_by_elem_attendance_area_2021-12-14.txt,2021-12-14,8/17/2021,2021
2000,Columbine,Columbine,173,False,True,enrollment_update_05_births_by_elem_attendance_area_2021-12-14.txt,2021-12-14,8/17/2021,2021
2000,Creekside,Creekside,207,False,True,enrollment_update_05_births_by_elem_attendance_area_2021-12-14.txt,2021-12-14,8/17/2021,2021
2000,Crest View,Crest View,143,False,True,enrollment_update_05_births_by_elem_attendance_area_2021-12-14.txt,2021-12-14,8/17/2021,2021
2000,Douglass,Douglass,46,False,True,enrollment_update_05_births_by_elem_attendance_area_2021-12-14.txt,2021-12-14,8/17/2021,2021
2000,Eisenhower,Eisenhower,92,False,True,enrollment_update_05_births_by_elem_attendance_area_2021-12-14.txt,2021-12-14,8/17/2021,2021
2000,Eldorado (K-5),Eldorado,61,False,True,enrollment_update_05_births_by_elem_attendance_area_2021-12-14.txt,2021-12-14,8/17/2021,2021
2000,Emerald,Emerald,82,False,True,enrollment_update_05_births_by_elem_attendance_area_2021-12-14.txt,2021-12-14,8/17/2021,2021
2000,Fireside,Fireside,54,False,True,enrollment_update_05_births_by_elem_attendance_area_2021-12-14.txt,2021-12-14,8/17/2021,2021
2000,Flatirons,Flatirons,74,False,True,enrollment_update_05_births_by_elem_attendance_area_2021-12-14.txt,2021-12-14,8/17/2021,2021
2000,Foothill,Foothill,85,False,True,enrollment_update_05_births_by_elem_attendance_area_2021-12-14.txt,2021-12-14,8/17/2021,2021
2000,Gold Hill,Gold Hill,1,False,True,enrollment_update_05_births_by_elem_attendance_area_2021-12-14.txt,2021-12-14,8/17/2021,2021
2000,Heatherwood,Heatherwood,47,False,True,enrollment_update_05_births_by_elem_attendance_area_2021-12-14.txt,2021-12-14,8/17/2021,2021
2000,Jamestown,Jamestown,6,False,True,enrollment_update_05_births_by_elem_attendance_area_2021-12-14.txt,2021-12-14,8/17/2021,2021
2000,Kohl,Kohl,58,False,True,enrollment_update_05_births_by_elem_attendance_area_2021-12-14.txt,2021-12-14,8/17/2021,2021
2000,Lafayette,Lafayette,135,False,True,enrollment_update_05_births_by_elem_attendance_area_2021-12-14.txt,2021-12-14,8/17/2021,2021
2000,Louisville,Louisville,76,False,True,enrollment_update_05_births_by_elem_attendance_area_2021-12-14.txt,2021-12-14,8/17/2021,2021
2000,Meadowlark,Meadowlark,65,False,True,enrollment_update_05_births_by_elem_attendance_area_2021-12-14.txt,2021-12-14,8/17/2021,2021
2000,Mesa,Mesa,39,False,True,enrollment_update_05_births_by_elem_attendance_area_2021-12-14.txt,2021-12-14,8/17/2021,2021
2000,Monarch (K-5),Monarch,69,False,True,enrollment_update_05_births_by_elem_attendance_area_2021-12-14.txt,2021-12-14,8/17/2021,2021
2000,Nederland,Nederland,74,False,True,enrollment_update_05_births_by_elem_attendance_area_2021-12-14.txt,2021-12-14,8/17/2021,2021
2000,Ryan,Ryan,124,False,True,enrollment_update_05_births_by_elem_attendance_area_2021-12-14.txt,2021-12-14,8/17/2021,2021
2000,Sanchez,Sanchez,114,False,True,enrollment_update_05_births_by_elem_attendance_area_2021-12-14.txt,2021-12-14,8/17/2021,2021
2000,Superior,Superior,117,False,True,enrollment_update_05_births_by_elem_attendance_area_2021-12-14.txt,2021-12-14,8/17/2021,2021
2000,Unlocated,Unlocated,1,False,True,enrollment_update_05_births_by_elem_attendance_area_2021-12-14.txt,2021-12-14,8/17/2021,2021
2000,Whittier,Whittier,141,False,True,enrollment_update_05_births_by_elem_attendance_area_2021-12-14.txt,2021-12-14,8/17/2021,2021
2000,BVSD,BVSD,2317,True,True,enrollment_update_05_births_by_elem_attendance_area_2021-12-14.txt,2021-12-14,8/17/2021,2021
2000,Boulder Total,Boulder Total,1047,True,True,enrollment_update_05_births_by_elem_attendance_area_2021-12-14.txt,2021-12-14,8/17/2021,2021
2000,E County Total,E County Total,1127,True,True,enrollment_update_05_births_by_elem_attendance_area_2021-12-14.txt,2021-12-14,8/17/2021,2021
2001,Aspen Crk,Aspen Creek,62,False,True,enrollment_update_05_births_by_elem_attendance_area_2021-12-14.txt,2021-12-14,8/17/2021,2021
2001,BC-Creekside,BC-Creekside,9,False,True,enrollment_update_05_births_by_elem_attendance_area_2021-12-14.txt,2021-12-14,8/17/2021,2021
2001,BC-Mesa,BC-Mesa,17,False,True,enrollment_update_05_births_by_elem_attendance_area_2021-12-14.txt,2021-12-14,8/17/2021,2021
2001,Bear Creek,Bear Creek,24,False,True,enrollment_update_05_births_by_elem_attendance_area_2021-12-14.txt,2021-12-14,8/17/2021,2021
2001,Birch,Birch,86,False,True,enrollment_update_05_births_by_elem_attendance_area_2021-12-14.txt,2021-12-14,8/17/2021,2021
2001,Coal Creek,Coal Creek,53,False,True,enrollment_update_05_births_by_elem_attendance_area_2021-12-14.txt,2021-12-14,8/17/2021,2021
2001,Columbine,Columbine,171,False,True,enrollment_update_05_births_by_elem_attendance_area_2021-12-14.txt,2021-12-14,8/17/2021,2021
2001,Creekside,Creekside,175,False,True,enrollment_update_05_births_by_elem_attendance_area_2021-12-14.txt,2021-12-14,8/17/2021,2021
2001,Crest View,Crest View,128,False,True,enrollment_update_05_births_by_elem_attendance_area_2021-12-14.txt,2021-12-14,8/17/2021,2021
2001,Douglass,Douglass,30,False,True,enrollment_update_05_births_by_elem_attendance_area_2021-12-14.txt,2021-12-14,8/17/2021,2021
2001,Eisenhower,Eisenhower,73,False,True,enrollment_update_05_births_by_elem_attendance_area_2021-12-14.txt,2021-12-14,8/17/2021,2021
2001,Eldorado (K-5),Eldorado,79,False,True,enrollment_update_05_births_by_elem_attendance_area_2021-12-14.txt,2021-12-14,8/17/2021,2021
2001,Emerald,Emerald,73,False,True,enrollment_update_05_births_by_elem_attendance_area_2021-12-14.txt,2021-12-14,8/17/2021,2021
2001,Fireside,Fireside,51,False,True,enrollment_update_05_births_by_elem_attendance_area_2021-12-14.txt,2021-12-14,8/17/2021,2021
2001,Flatirons,Flatirons,80,False,True,enrollment_update_05_births_by_elem_attendance_area_2021-12-14.txt,2021-12-14,8/17/2021,2021
2001,Foothill,Foothill,95,False,True,enrollment_update_05_births_by_elem_attendance_area_2021-12-14.txt,2021-12-14,8/17/2021,2021
2001,Gold Hill,Gold Hill,1,False,True,enrollment_update_05_births_by_elem_attendance_area_2021-12-14.txt,2021-12-14,8/17/2021,2021
2001,Heatherwood,Heatherwood,91,False,True,enrollment_update_05_births_by_elem_attendance_area_2021-12-14.txt,2021-12-14,8/17/2021,2021
2001,Jamestown,Jamestown,7,False,True,enrollment_update_05_births_by_elem_attendance_area_2021-12-14.txt,2021-12-14,8/17/2021,2021
2001,Kohl,Kohl,47,False,True,enrollment_update_05_births_by_elem_attendance_area_2021-12-14.txt,2021-12-14,8/17/2021,2021
2001,Lafayette,Lafayette,150,False,True,enrollment_update_05_births_by_elem_attendance_area_2021-12-14.txt,2021-12-14,8/17/2021,2021
2001,Louisville,Louisville,70,False,True,enrollment_update_05_births_by_elem_attendance_area_2021-12-14.txt,2021-12-14,8/17/2021,2021
2001,Meadowlark,Meadowlark,85,False,True,enrollment_update_05_births_by_elem_attendance_area_2021-12-14.txt,2021-12-14,8/17/2021,2021
2001,Mesa,Mesa,19,False,True,enrollment_update_05_births_by_elem_attendance_area_2021-12-14.txt,2021-12-14,8/17/2021,2021
2001,Monarch (K-5),Monarch,80,False,True,enrollment_update_05_births_by_elem_attendance_area_2021-12-14.txt,2021-12-14,8/17/2021,2021
2001,Nederland,Nederland,83,False,True,enrollment_update_05_births_by_elem_attendance_area_2021-12-14.txt,2021-12-14,8/17/2021,2021
2001,Ryan,Ryan,147,False,True,enrollment_update_05_births_by_elem_attendance_area_2021-12-14.txt,2021-12-14,8/17/2021,2021
2001,Sanchez,Sanchez,104,False,True,enrollment_update_05_births_by_elem_attendance_area_2021-12-14.txt,2021-12-14,8/17/2021,2021
2001,Superior,Superior,91,False,True,enrollment_update_05_births_by_elem_attendance_area_2021-12-14.txt,2021-12-14,8/17/2021,2021
2001,Unlocated,Unlocated,3,False,True,enrollment_update_05_births_by_elem_attendance_area_2021-12-14.txt,2021-12-14,8/17/2021,2021
2001,Whittier,Whittier,145,False,True,enrollment_update_05_births_by_elem_attendance_area_2021-12-14.txt,2021-12-14,8/17/2021,2021
2001,BVSD,BVSD,2329,True,True,enrollment_update_05_births_by_elem_attendance_area_2021-12-14.txt,2021-12-14,8/17/2021,2021
2001,Boulder Total,Boulder Total,1027,True,True,enrollment_update_05_births_by_elem_attendance_area_2021-12-14.txt,2021-12-14,8/17/2021,2021
2001,E County Total,E County Total,1129,True,True,enrollment_update_05_births_by_elem_attendance_area_2021-12-14.txt,2021-12-14,8/17/2021,2021
2002,Aspen Crk,Aspen Creek,58,False,True,enrollment_update_05_births_by_elem_attendance_area_2021-12-14.txt,2021-12-14,8/17/2021,2021
2002,BC-Creekside,BC-Creekside,7,False,True,enrollment_update_05_births_by_elem_attendance_area_2021-12-14.txt,2021-12-14,8/17/2021,2021
2002,BC-Mesa,BC-Mesa,18,False,True,enrollment_update_05_births_by_elem_attendance_area_2021-12-14.txt,2021-12-14,8/17/2021,2021
2002,Bear Creek,Bear Creek,13,False,True,enrollment_update_05_births_by_elem_attendance_area_2021-12-14.txt,2021-12-14,8/17/2021,2021
2002,Birch,Birch,71,False,True,enrollment_update_05_births_by_elem_attendance_area_2021-12-14.txt,2021-12-14,8/17/2021,2021
2002,Coal Creek,Coal Creek,54,False,True,enrollment_update_05_births_by_elem_attendance_area_2021-12-14.txt,2021-12-14,8/17/2021,2021
2002,Columbine,Columbine,180,False,True,enrollment_update_05_births_by_elem_attendance_area_2021-12-14.txt,2021-12-14,8/17/2021,2021
2002,Creekside,Creekside,179,False,True,enrollment_update_05_births_by_elem_attendance_area_2021-12-14.txt,2021-12-14,8/17/2021,2021
2002,Crest View,Crest View,152,False,True,enrollment_update_05_births_by_elem_attendance_area_2021-12-14.txt,2021-12-14,8/17/2021,2021
2002,Douglass,Douglass,29,False,True,enrollment_update_05_births_by_elem_attendance_area_2021-12-14.txt,2021-12-14,8/17/2021,2021
2002,Eisenhower,Eisenhower,71,False,True,enrollment_update_05_births_by_elem_attendance_area_2021-12-14.txt,2021-12-14,8/17/2021,2021
2002,Eldorado (K-5),Eldorado,82,False,True,enrollment_update_05_births_by_elem_attendance_area_2021-12-14.txt,2021-12-14,8/17/2021,2021
2002,Emerald,Emerald,89,False,True,enrollment_update_05_births_by_elem_attendance_area_2021-12-14.txt,2021-12-14,8/17/2021,2021
2002,Fireside,Fireside,59,False,True,enrollment_update_05_births_by_elem_attendance_area_2021-12-14.txt,2021-12-14,8/17/2021,2021
2002,Flatirons,Flatirons,59,False,True,enrollment_update_05_births_by_elem_attendance_area_2021-12-14.txt,2021-12-14,8/17/2021,2021
2002,Foothill,Foothill,90,False,True,enrollment_update_05_births_by_elem_attendance_area_2021-12-14.txt,2021-12-14,8/17/2021,2021
2002,Gold Hill,Gold Hill,4,False,True,enrollment_update_05_births_by_elem_attendance_area_2021-12-14.txt,2021-12-14,8/17/2021,2021
2002,Heatherwood,Heatherwood,57,False,True,enrollment_update_05_births_by_elem_attendance_area_2021-12-14.txt,2021-12-14,8/17/2021,2021
2002,Jamestown,Jamestown,5,False,True,enrollment_update_05_births_by_elem_attendance_area_2021-12-14.txt,2021-12-14,8/17/2021,2021
2002,Kohl,Kohl,63,False,True,enrollment_update_05_births_by_elem_attendance_area_2021-12-14.txt,2021-12-14,8/17/2021,2021
2002,Lafayette,Lafayette,136,False,True,enrollment_update_05_births_by_elem_attendance_area_2021-12-14.txt,2021-12-14,8/17/2021,2021
2002,Louisville,Louisville,80,False,True,enrollment_update_05_births_by_elem_attendance_area_2021-12-14.txt,2021-12-14,8/17/2021,2021
2002,Meadowlark,Meadowlark,70,False,True,enrollment_update_05_births_by_elem_attendance_area_2021-12-14.txt,2021-12-14,8/17/2021,2021
2002,Mesa,Mesa,26,False,True,enrollment_update_05_births_by_elem_attendance_area_2021-12-14.txt,2021-12-14,8/17/2021,2021
2002,Monarch (K-5),Monarch,66,False,True,enrollment_update_05_births_by_elem_attendance_area_2021-12-14.txt,2021-12-14,8/17/2021,2021
2002,Nederland,Nederland,77,False,True,enrollment_update_05_births_by_elem_attendance_area_2021-12-14.txt,2021-12-14,8/17/2021,2021
2002,Ryan,Ryan,145,False,True,enrollment_update_05_births_by_elem_attendance_area_2021-12-14.txt,2021-12-14,8/17/2021,2021
2002,Sanchez,Sanchez,111,False,True,enrollment_update_05_births_by_elem_attendance_area_2021-12-14.txt,2021-12-14,8/17/2021,2021
2002,Superior,Superior,74,False,True,enrollment_update_05_births_by_elem_attendance_area_2021-12-14.txt,2021-12-14,8/17/2021,2021
2002,Unlocated,Unlocated,2,False,True,enrollment_update_05_births_by_elem_attendance_area_2021-12-14.txt,2021-12-14,8/17/2021,2021
2002,Whittier,Whittier,133,False,True,enrollment_update_05_births_by_elem_attendance_area_2021-12-14.txt,2021-12-14,8/17/2021,2021
2002,BVSD,BVSD,2260,True,True,enrollment_update_05_births_by_elem_attendance_area_2021-12-14.txt,2021-12-14,8/17/2021,2021
2002,Boulder Total,Boulder Total,985,True,True,enrollment_update_05_births_by_elem_attendance_area_2021-12-14.txt,2021-12-14,8/17/2021,2021
2002,E County Total,E County Total,1105,True,True,enrollment_update_05_births_by_elem_attendance_area_2021-12-14.txt,2021-12-14,8/17/2021,2021
2003,Aspen Crk,Aspen Creek,52,False,True,enrollment_update_05_births_by_elem_attendance_area_2021-12-14.txt,2021-12-14,8/17/2021,2021
2003,BC-Creekside,BC-Creekside,9,False,True,enrollment_update_05_births_by_elem_attendance_area_2021-12-14.txt,2021-12-14,8/17/2021,2021
2003,BC-Mesa,BC-Mesa,17,False,True,enrollment_update_05_births_by_elem_attendance_area_2021-12-14.txt,2021-12-14,8/17/2021,2021
2003,Bear Creek,Bear Creek,19,False,True,enrollment_update_05_births_by_elem_attendance_area_2021-12-14.txt,2021-12-14,8/17/2021,2021
2003,Birch,Birch,53,False,True,enrollment_update_05_births_by_elem_attendance_area_2021-12-14.txt,2021-12-14,8/17/2021,2021
2003,Coal Creek,Coal Creek,74,False,True,enrollment_update_05_births_by_elem_attendance_area_2021-12-14.txt,2021-12-14,8/17/2021,2021
2003,Columbine,Columbine,168,False,True,enrollment_update_05_births_by_elem_attendance_area_2021-12-14.txt,2021-12-14,8/17/2021,2021
2003,Creekside,Creekside,160,False,True,enrollment_update_05_births_by_elem_attendance_area_2021-12-14.txt,2021-12-14,8/17/2021,2021
2003,Crest View,Crest View,117,False,True,enrollment_update_05_births_by_elem_attendance_area_2021-12-14.txt,2021-12-14,8/17/2021,2021
2003,Douglass,Douglass,51,False,True,enrollment_update_05_births_by_elem_attendance_area_2021-12-14.txt,2021-12-14,8/17/2021,2021
2003,Eisenhower,Eisenhower,92,False,True,enrollment_update_05_births_by_elem_attendance_area_2021-12-14.txt,2021-12-14,8/17/2021,2021
2003,Eldorado (K-5),Eldorado,82,False,True,enrollment_update_05_births_by_elem_attendance_area_2021-12-14.txt,2021-12-14,8/17/2021,2021
2003,Emerald,Emerald,72,False,True,enrollment_update_05_births_by_elem_attendance_area_2021-12-14.txt,2021-12-14,8/17/2021,2021
2003,Fireside,Fireside,44,False,True,enrollment_update_05_births_by_elem_attendance_area_2021-12-14.txt,2021-12-14,8/17/2021,2021
2003,Flatirons,Flatirons,80,False,True,enrollment_update_05_births_by_elem_attendance_area_2021-12-14.txt,2021-12-14,8/17/2021,2021
2003,Foothill,Foothill,120,False,True,enrollment_update_05_births_by_elem_attendance_area_2021-12-14.txt,2021-12-14,8/17/2021,2021
2003,Gold Hill,Gold Hill,1,False,True,enrollment_update_05_births_by_elem_attendance_area_2021-12-14.txt,2021-12-14,8/17/2021,2021
2003,Heatherwood,Heatherwood,70,False,True,enrollment_update_05_births_by_elem_attendance_area_2021-12-14.txt,2021-12-14,8/17/2021,2021
2003,Jamestown,Jamestown,5,False,True,enrollment_update_05_births_by_elem_attendance_area_2021-12-14.txt,2021-12-14,8/17/2021,2021
2003,Kohl,Kohl,59,False,True,enrollment_update_05_births_by_elem_attendance_area_2021-12-14.txt,2021-12-14,8/17/2021,2021
2003,Lafayette,Lafayette,138,False,True,enrollment_update_05_births_by_elem_attendance_area_2021-12-14.txt,2021-12-14,8/17/2021,2021
2003,Louisville,Louisville,69,False,True,enrollment_update_05_births_by_elem_attendance_area_2021-12-14.txt,2021-12-14,8/17/2021,2021
2003,Meadowlark,Meadowlark,53,False,True,enrollment_update_05_births_by_elem_attendance_area_2021-12-14.txt,2021-12-14,8/17/2021,2021
2003,Mesa,Mesa,26,False,True,enrollment_update_05_births_by_elem_attendance_area_2021-12-14.txt,2021-12-14,8/17/2021,2021
2003,Monarch (K-5),Monarch,45,False,True,enrollment_update_05_births_by_elem_attendance_area_2021-12-14.txt,2021-12-14,8/17/2021,2021
2003,Nederland,Nederland,94,False,True,enrollment_update_05_births_by_elem_attendance_area_2021-12-14.txt,2021-12-14,8/17/2021,2021
2003,Ryan,Ryan,117,False,True,enrollment_update_05_births_by_elem_attendance_area_2021-12-14.txt,2021-12-14,8/17/2021,2021
2003,Sanchez,Sanchez,93,False,True,enrollment_update_05_births_by_elem_attendance_area_2021-12-14.txt,2021-12-14,8/17/2021,2021
2003,Superior,Superior,96,False,True,enrollment_update_05_births_by_elem_attendance_area_2021-12-14.txt,2021-12-14,8/17/2021,2021
2003,Unlocated,Unlocated,3,False,True,enrollment_update_05_births_by_elem_attendance_area_2021-12-14.txt,2021-12-14,8/17/2021,2021
2003,Whittier,Whittier,142,False,True,enrollment_update_05_births_by_elem_attendance_area_2021-12-14.txt,2021-12-14,8/17/2021,2021
2003,BVSD,BVSD,2221,True,True,enrollment_update_05_births_by_elem_attendance_area_2021-12-14.txt,2021-12-14,8/17/2021,2021
2003,Boulder Total,Boulder Total,1020,True,True,enrollment_update_05_births_by_elem_attendance_area_2021-12-14.txt,2021-12-14,8/17/2021,2021
2003,E County Total,E County Total,1016,True,True,enrollment_update_05_births_by_elem_attendance_area_2021-12-14.txt,2021-12-14,8/17/2021,2021
2004,Aspen Crk,Aspen Creek,57,False,True,enrollment_update_05_births_by_elem_attendance_area_2021-12-14.txt,2021-12-14,8/17/2021,2021
2004,BC-Creekside,BC-Creekside,7,False,True,enrollment_update_05_births_by_elem_attendance_area_2021-12-14.txt,2021-12-14,8/17/2021,2021
2004,BC-Mesa,BC-Mesa,26,False,True,enrollment_update_05_births_by_elem_attendance_area_2021-12-14.txt,2021-12-14,8/17/2021,2021
2004,Bear Creek,Bear Creek,14,False,True,enrollment_update_05_births_by_elem_attendance_area_2021-12-14.txt,2021-12-14,8/17/2021,2021
2004,Birch,Birch,58,False,True,enrollment_update_05_births_by_elem_attendance_area_2021-12-14.txt,2021-12-14,8/17/2021,2021
2004,Coal Creek,Coal Creek,49,False,True,enrollment_update_05_births_by_elem_attendance_area_2021-12-14.txt,2021-12-14,8/17/2021,2021
2004,Columbine,Columbine,175,False,True,enrollment_update_05_births_by_elem_attendance_area_2021-12-14.txt,2021-12-14,8/17/2021,2021
2004,Creekside,Creekside,145,False,True,enrollment_update_05_births_by_elem_attendance_area_2021-12-14.txt,2021-12-14,8/17/2021,2021
2004,Crest View,Crest View,150,False,True,enrollment_update_05_births_by_elem_attendance_area_2021-12-14.txt,2021-12-14,8/17/2021,2021
2004,Douglass,Douglass,43,False,True,enrollment_update_05_births_by_elem_attendance_area_2021-12-14.txt,2021-12-14,8/17/2021,2021
2004,Eisenhower,Eisenhower,74,False,True,enrollment_update_05_births_by_elem_attendance_area_2021-12-14.txt,2021-12-14,8/17/2021,2021
2004,Eldorado (K-5),Eldorado,79,False,True,enrollment_update_05_births_by_elem_attendance_area_2021-12-14.txt,2021-12-14,8/17/2021,2021
2004,Emerald,Emerald,78,False,True,enrollment_update_05_births_by_elem_attendance_area_2021-12-14.txt,2021-12-14,8/17/2021,2021
2004,Fireside,Fireside,63,False,True,enrollment_update_05_births_by_elem_attendance_area_2021-12-14.txt,2021-12-14,8/17/2021,2021
2004,Flatirons,Flatirons,63,False,True,enrollment_update_05_births_by_elem_attendance_area_2021-12-14.txt,2021-12-14,8/17/2021,2021
2004,Foothill,Foothill,100,False,True,enrollment_update_05_births_by_elem_attendance_area_2021-12-14.txt,2021-12-14,8/17/2021,2021
2004,Gold Hill,Gold Hill,3,False,True,enrollment_update_05_births_by_elem_attendance_area_2021-12-14.txt,2021-12-14,8/17/2021,2021
2004,Heatherwood,Heatherwood,58,False,True,enrollment_update_05_births_by_elem_attendance_area_2021-12-14.txt,2021-12-14,8/17/2021,2021
2004,Jamestown,Jamestown,7,False,True,enrollment_update_05_births_by_elem_attendance_area_2021-12-14.txt,2021-12-14,8/17/2021,2021
2004,Kohl,Kohl,54,False,True,enrollment_update_05_births_by_elem_attendance_area_2021-12-14.txt,2021-12-14,8/17/2021,2021
2004,Lafayette,Lafayette,101,False,True,enrollment_update_05_births_by_elem_attendance_area_2021-12-14.txt,2021-12-14,8/17/2021,2021
2004,Louisville,Louisville,74,False,True,enrollment_update_05_births_by_elem_attendance_area_2021-12-14.txt,2021-12-14,8/17/2021,2021
2004,Meadowlark,Meadowlark,61,False,True,enrollment_update_05_births_by_elem_attendance_area_2021-12-14.txt,2021-12-14,8/17/2021,2021
2004,Mesa,Mesa,33,False,True,enrollment_update_05_births_by_elem_attendance_area_2021-12-14.txt,2021-12-14,8/17/2021,2021
2004,Monarch (K-5),Monarch,47,False,True,enrollment_update_05_births_by_elem_attendance_area_2021-12-14.txt,2021-12-14,8/17/2021,2021
2004,Nederland,Nederland,73,False,True,enrollment_update_05_births_by_elem_attendance_area_2021-12-14.txt,2021-12-14,8/17/2021,2021
2004,Ryan,Ryan,115,False,True,enrollment_update_05_births_by_elem_attendance_area_2021-12-14.txt,2021-12-14,8/17/2021,2021
2004,Sanchez,Sanchez,93,False,True,enrollment_update_05_births_by_elem_attendance_area_2021-12-14.txt,2021-12-14,8/17/2021,2021
2004,Superior,Superior,76,False,True,enrollment_update_05_births_by_elem_attendance_area_2021-12-14.txt,2021-12-14,8/17/2021,2021
2004,Unlocated,Unlocated,1,False,True,enrollment_update_05_births_by_elem_attendance_area_2021-12-14.txt,2021-12-14,8/17/2021,2021
2004,Whittier,Whittier,136,False,True,enrollment_update_05_births_by_elem_attendance_area_2021-12-14.txt,2021-12-14,8/17/2021,2021
2004,BVSD,BVSD,2113,True,True,enrollment_update_05_births_by_elem_attendance_area_2021-12-14.txt,2021-12-14,8/17/2021,2021
2004,Boulder Total,Boulder Total,981,True,True,enrollment_update_05_births_by_elem_attendance_area_2021-12-14.txt,2021-12-14,8/17/2021,2021
2004,E County Total,E County Total,969,True,True,enrollment_update_05_births_by_elem_attendance_area_2021-12-14.txt,2021-12-14,8/17/2021,2021
2005,Aspen Crk,Aspen Creek,53,False,True,enrollment_update_05_births_by_elem_attendance_area_2021-12-14.txt,2021-12-14,8/17/2021,2021
2005,BC-Creekside,BC-Creekside,6,False,True,enrollment_update_05_births_by_elem_attendance_area_2021-12-14.txt,2021-12-14,8/17/2021,2021
2005,BC-Mesa,BC-Mesa,26,False,True,enrollment_update_05_births_by_elem_attendance_area_2021-12-14.txt,2021-12-14,8/17/2021,2021
2005,Bear Creek,Bear Creek,26,False,True,enrollment_update_05_births_by_elem_attendance_area_2021-12-14.txt,2021-12-14,8/17/2021,2021
2005,Birch,Birch,60,False,True,enrollment_update_05_births_by_elem_attendance_area_2021-12-14.txt,2021-12-14,8/17/2021,2021
2005,Coal Creek,Coal Creek,51,False,True,enrollment_update_05_births_by_elem_attendance_area_2021-12-14.txt,2021-12-14,8/17/2021,2021
2005,Columbine,Columbine,163,False,True,enrollment_update_05_births_by_elem_attendance_area_2021-12-14.txt,2021-12-14,8/17/2021,2021
2005,Creekside,Creekside,166,False,True,enrollment_update_05_births_by_elem_attendance_area_2021-12-14.txt,2021-12-14,8/17/2021,2021
2005,Crest View,Crest View,134,False,True,enrollment_update_05_births_by_elem_attendance_area_2021-12-14.txt,2021-12-14,8/17/2021,2021
2005,Douglass,Douglass,44,False,True,enrollment_update_05_births_by_elem_attendance_area_2021-12-14.txt,2021-12-14,8/17/2021,2021
2005,Eisenhower,Eisenhower,84,False,True,enrollment_update_05_births_by_elem_attendance_area_2021-12-14.txt,2021-12-14,8/17/2021,2021
2005,Eldorado (K-5),Eldorado,76,False,True,enrollment_update_05_births_by_elem_attendance_area_2021-12-14.txt,2021-12-14,8/17/2021,2021
2005,Emerald,Emerald,77,False,True,enrollment_update_05_births_by_elem_attendance_area_2021-12-14.txt,2021-12-14,8/17/2021,2021
2005,Fireside,Fireside,66,False,True,enrollment_update_05_births_by_elem_attendance_area_2021-12-14.txt,2021-12-14,8/17/2021,2021
2005,Flatirons,Flatirons,61,False,True,enrollment_update_05_births_by_elem_attendance_area_2021-12-14.txt,2021-12-14,8/17/2021,2021
2005,Foothill,Foothill,95,False,True,enrollment_update_05_births_by_elem_attendance_area_2021-12-14.txt,2021-12-14,8/17/2021,2021
2005,Gold Hill,Gold Hill,3,False,True,enrollment_update_05_births_by_elem_attendance_area_2021-12-14.txt,2021-12-14,8/17/2021,2021
2005,Heatherwood,Heatherwood,70,False,True,enrollment_update_05_births_by_elem_attendance_area_2021-12-14.txt,2021-12-14,8/17/2021,2021
2005,Jamestown,Jamestown,4,False,True,enrollment_update_05_births_by_elem_attendance_area_2021-12-14.txt,2021-12-14,8/17/2021,2021
2005,Kohl,Kohl,50,False,True,enrollment_update_05_births_by_elem_attendance_area_2021-12-14.txt,2021-12-14,8/17/2021,2021
2005,Lafayette,Lafayette,122,False,True,enrollment_update_05_births_by_elem_attendance_area_2021-12-14.txt,2021-12-14,8/17/2021,2021
2005,Louisville,Louisville,65,False,True,enrollment_update_05_births_by_elem_attendance_area_2021-12-14.txt,2021-12-14,8/17/2021,2021
2005,Meadowlark,Meadowlark,36,False,True,enrollment_update_05_births_by_elem_attendance_area_2021-12-14.txt,2021-12-14,8/17/2021,2021
2005,Mesa,Mesa,30,False,True,enrollment_update_05_births_by_elem_attendance_area_2021-12-14.txt,2021-12-14,8/17/2021,2021
2005,Monarch (K-5),Monarch,41,False,True,enrollment_update_05_births_by_elem_attendance_area_2021-12-14.txt,2021-12-14,8/17/2021,2021
2005,Nederland,Nederland,101,False,True,enrollment_update_05_births_by_elem_attendance_area_2021-12-14.txt,2021-12-14,8/17/2021,2021
2005,Ryan,Ryan,122,False,True,enrollment_update_05_births_by_elem_attendance_area_2021-12-14.txt,2021-12-14,8/17/2021,2021
2005,Sanchez,Sanchez,93,False,True,enrollment_update_05_births_by_elem_attendance_area_2021-12-14.txt,2021-12-14,8/17/2021,2021
2005,Superior,Superior,70,False,True,enrollment_update_05_births_by_elem_attendance_area_2021-12-14.txt,2021-12-14,8/17/2021,2021
2005,Unlocated,Unlocated,0,False,True,enrollment_update_05_births_by_elem_attendance_area_2021-12-14.txt,2021-12-14,8/17/2021,2021
2005,Whittier,Whittier,114,False,True,enrollment_update_05_births_by_elem_attendance_area_2021-12-14.txt,2021-12-14,8/17/2021,2021
2005,BVSD,BVSD,2109,True,True,enrollment_update_05_births_by_elem_attendance_area_2021-12-14.txt,2021-12-14,8/17/2021,2021
2005,Boulder Total,Boulder Total,975,True,True,enrollment_update_05_births_by_elem_attendance_area_2021-12-14.txt,2021-12-14,8/17/2021,2021
2005,E County Total,E County Total,950,True,True,enrollment_update_05_births_by_elem_attendance_area_2021-12-14.txt,2021-12-14,8/17/2021,2021
2006,Aspen Crk,Aspen Creek,62,False,True,enrollment_update_05_births_by_elem_attendance_area_2021-12-14.txt,2021-12-14,8/17/2021,2021
2006,BC-Creekside,BC-Creekside,3,False,True,enrollment_update_05_births_by_elem_attendance_area_2021-12-14.txt,2021-12-14,8/17/2021,2021
2006,BC-Mesa,BC-Mesa,21,False,True,enrollment_update_05_births_by_elem_attendance_area_2021-12-14.txt,2021-12-14,8/17/2021,2021
2006,Bear Creek,Bear Creek,17,False,True,enrollment_update_05_births_by_elem_attendance_area_2021-12-14.txt,2021-12-14,8/17/2021,2021
2006,Birch,Birch,64,False,True,enrollment_update_05_births_by_elem_attendance_area_2021-12-14.txt,2021-12-14,8/17/2021,2021
2006,Coal Creek,Coal Creek,72,False,True,enrollment_update_05_births_by_elem_attendance_area_2021-12-14.txt,2021-12-14,8/17/2021,2021
2006,Columbine,Columbine,168,False,True,enrollment_update_05_births_by_elem_attendance_area_2021-12-14.txt,2021-12-14,8/17/2021,2021
2006,Creekside,Creekside,145,False,True,enrollment_update_05_births_by_elem_attendance_area_2021-12-14.txt,2021-12-14,8/17/2021,2021
2006,Crest View,Crest View,115,False,True,enrollment_update_05_births_by_elem_attendance_area_2021-12-14.txt,2021-12-14,8/17/2021,2021
2006,Douglass,Douglass,47,False,True,enrollment_update_05_births_by_elem_attendance_area_2021-12-14.txt,2021-12-14,8/17/2021,2021
2006,Eisenhower,Eisenhower,81,False,True,enrollment_update_05_births_by_elem_attendance_area_2021-12-14.txt,2021-12-14,8/17/2021,2021
2006,Eldorado (K-5),Eldorado,78,False,True,enrollment_update_05_births_by_elem_attendance_area_2021-12-14.txt,2021-12-14,8/17/2021,2021
2006,Emerald,Emerald,96,False,True,enrollment_update_05_births_by_elem_attendance_area_2021-12-14.txt,2021-12-14,8/17/2021,2021
2006,Fireside,Fireside,57,False,True,enrollment_update_05_births_by_elem_attendance_area_2021-12-14.txt,2021-12-14,8/17/2021,2021
2006,Flatirons,Flatirons,58,False,True,enrollment_update_05_births_by_elem_attendance_area_2021-12-14.txt,2021-12-14,8/17/2021,2021
2006,Foothill,Foothill,115,False,True,enrollment_update_05_births_by_elem_attendance_area_2021-12-14.txt,2021-12-14,8/17/2021,2021
2006,Gold Hill,Gold Hill,1,False,True,enrollment_update_05_births_by_elem_attendance_area_2021-12-14.txt,2021-12-14,8/17/2021,2021
2006,Heatherwood,Heatherwood,64,False,True,enrollment_update_05_births_by_elem_attendance_area_2021-12-14.txt,2021-12-14,8/17/2021,2021
2006,Jamestown,Jamestown,6,False,True,enrollment_update_05_births_by_elem_attendance_area_2021-12-14.txt,2021-12-14,8/17/2021,2021
2006,Kohl,Kohl,50,False,True,enrollment_update_05_births_by_elem_attendance_area_2021-12-14.txt,2021-12-14,8/17/2021,2021
2006,Lafayette,Lafayette,121,False,True,enrollment_update_05_births_by_elem_attendance_area_2021-12-14.txt,2021-12-14,8/17/2021,2021
2006,Louisville,Louisville,68,False,True,enrollment_update_05_births_by_elem_attendance_area_2021-12-14.txt,2021-12-14,8/17/2021,2021
2006,Meadowlark,Meadowlark,44,False,True,enrollment_update_05_births_by_elem_attendance_area_2021-12-14.txt,2021-12-14,8/17/2021,2021
2006,Mesa,Mesa,19,False,True,enrollment_update_05_births_by_elem_attendance_area_2021-12-14.txt,2021-12-14,8/17/2021,2021
2006,Monarch (K-5),Monarch,45,False,True,enrollment_update_05_births_by_elem_attendance_area_2021-12-14.txt,2021-12-14,8/17/2021,2021
2006,Nederland,Nederland,84,False,True,enrollment_update_05_births_by_elem_attendance_area_2021-12-14.txt,2021-12-14,8/17/2021,2021
2006,Ryan,Ryan,117,False,True,enrollment_update_05_births_by_elem_attendance_area_2021-12-14.txt,2021-12-14,8/17/2021,2021
2006,Sanchez,Sanchez,111,False,True,enrollment_update_05_births_by_elem_attendance_area_2021-12-14.txt,2021-12-14,8/17/2021,2021
2006,Superior,Superior,59,False,True,enrollment_update_05_births_by_elem_attendance_area_2021-12-14.txt,2021-12-14,8/17/2021,2021
2006,Unlocated,Unlocated,3,False,True,enrollment_update_05_births_by_elem_attendance_area_2021-12-14.txt,2021-12-14,8/17/2021,2021
2006,Whittier,Whittier,114,False,True,enrollment_update_05_births_by_elem_attendance_area_2021-12-14.txt,2021-12-14,8/17/2021,2021
2006,BVSD,BVSD,2105,True,True,enrollment_update_05_births_by_elem_attendance_area_2021-12-14.txt,2021-12-14,8/17/2021,2021
2006,Boulder Total,Boulder Total,920,True,True,enrollment_update_05_births_by_elem_attendance_area_2021-12-14.txt,2021-12-14,8/17/2021,2021
2006,E County Total,E County Total,1013,True,True,enrollment_update_05_births_by_elem_attendance_area_2021-12-14.txt,2021-12-14,8/17/2021,2021
2007,Aspen Crk,Aspen Creek,52,False,True,enrollment_update_05_births_by_elem_attendance_area_2021-12-14.txt,2021-12-14,8/17/2021,2021
2007,BC-Creekside,BC-Creekside,5,False,True,enrollment_update_05_births_by_elem_attendance_area_2021-12-14.txt,2021-12-14,8/17/2021,2021
2007,BC-Mesa,BC-Mesa,22,False,True,enrollment_update_05_births_by_elem_attendance_area_2021-12-14.txt,2021-12-14,8/17/2021,2021
2007,Bear Creek,Bear Creek,23,False,True,enrollment_update_05_births_by_elem_attendance_area_2021-12-14.txt,2021-12-14,8/17/2021,2021
2007,Birch,Birch,52,False,True,enrollment_update_05_births_by_elem_attendance_area_2021-12-14.txt,2021-12-14,8/17/2021,2021
2007,Coal Creek,Coal Creek,55,False,True,enrollment_update_05_births_by_elem_attendance_area_2021-12-14.txt,2021-12-14,8/17/2021,2021
2007,Columbine,Columbine,157,False,True,enrollment_update_05_births_by_elem_attendance_area_2021-12-14.txt,2021-12-14,8/17/2021,2021
2007,Creekside,Creekside,156,False,True,enrollment_update_05_births_by_elem_attendance_area_2021-12-14.txt,2021-12-14,8/17/2021,2021
2007,Crest View,Crest View,144,False,True,enrollment_update_05_births_by_elem_attendance_area_2021-12-14.txt,2021-12-14,8/17/2021,2021
2007,Douglass,Douglass,54,False,True,enrollment_update_05_births_by_elem_attendance_area_2021-12-14.txt,2021-12-14,8/17/2021,2021
2007,Eisenhower,Eisenhower,100,False,True,enrollment_update_05_births_by_elem_attendance_area_2021-12-14.txt,2021-12-14,8/17/2021,2021
2007,Eldorado (K-5),Eldorado,65,False,True,enrollment_update_05_births_by_elem_attendance_area_2021-12-14.txt,2021-12-14,8/17/2021,2021
2007,Emerald,Emerald,89,False,True,enrollment_update_05_births_by_elem_attendance_area_2021-12-14.txt,2021-12-14,8/17/2021,2021
2007,Fireside,Fireside,47,False,True,enrollment_update_05_births_by_elem_attendance_area_2021-12-14.txt,2021-12-14,8/17/2021,2021
2007,Flatirons,Flatirons,56,False,True,enrollment_update_05_births_by_elem_attendance_area_2021-12-14.txt,2021-12-14,8/17/2021,2021
2007,Foothill,Foothill,84,False,True,enrollment_update_05_births_by_elem_attendance_area_2021-12-14.txt,2021-12-14,8/17/2021,2021
2007,Gold Hill,Gold Hill,1,False,True,enrollment_update_05_births_by_elem_attendance_area_2021-12-14.txt,2021-12-14,8/17/2021,2021
2007,Heatherwood,Heatherwood,69,False,True,enrollment_update_05_births_by_elem_attendance_area_2021-12-14.txt,2021-12-14,8/17/2021,2021
2007,Jamestown,Jamestown,2,False,True,enrollment_update_05_births_by_elem_attendance_area_2021-12-14.txt,2021-12-14,8/17/2021,2021
2007,Kohl,Kohl,45,False,True,enrollment_update_05_births_by_elem_attendance_area_2021-12-14.txt,2021-12-14,8/17/2021,2021
2007,Lafayette,Lafayette,113,False,True,enrollment_update_05_births_by_elem_attendance_area_2021-12-14.txt,2021-12-14,8/17/2021,2021
2007,Louisville,Louisville,90,False,True,enrollment_update_05_births_by_elem_attendance_area_2021-12-14.txt,2021-12-14,8/17/2021,2021
2007,Meadowlark,Meadowlark,34,False,True,enrollment_update_05_births_by_elem_attendance_area_2021-12-14.txt,2021-12-14,8/17/2021,2021
2007,Mesa,Mesa,31,False,True,enrollment_update_05_births_by_elem_attendance_area_2021-12-14.txt,2021-12-14,8/17/2021,2021
2007,Monarch (K-5),Monarch,57,False,True,enrollment_update_05_births_by_elem_attendance_area_2021-12-14.txt,2021-12-14,8/17/2021,2021
2007,Nederland,Nederland,65,False,True,enrollment_update_05_births_by_elem_attendance_area_2021-12-14.txt,2021-12-14,8/17/2021,2021
2007,Ryan,Ryan,124,False,True,enrollment_update_05_births_by_elem_attendance_area_2021-12-14.txt,2021-12-14,8/17/2021,2021
2007,Sanchez,Sanchez,96,False,True,enrollment_update_05_births_by_elem_attendance_area_2021-12-14.txt,2021-12-14,8/17/2021,2021
2007,Superior,Superior,55,False,True,enrollment_update_05_births_by_elem_attendance_area_2021-12-14.txt,2021-12-14,8/17/2021,2021
2007,Unlocated,Unlocated,0,False,True,enrollment_update_05_births_by_elem_attendance_area_2021-12-14.txt,2021-12-14,8/17/2021,2021
2007,Whittier,Whittier,115,False,True,enrollment_update_05_births_by_elem_attendance_area_2021-12-14.txt,2021-12-14,8/17/2021,2021
2007,BVSD,BVSD,2058,True,True,enrollment_update_05_births_by_elem_attendance_area_2021-12-14.txt,2021-12-14,8/17/2021,2021
2007,Boulder Total,Boulder Total,962,True,True,enrollment_update_05_births_by_elem_attendance_area_2021-12-14.txt,2021-12-14,8/17/2021,2021
2007,E County Total,E County Total,963,True,True,enrollment_update_05_births_by_elem_attendance_area_2021-12-14.txt,2021-12-14,8/17/2021,2021
2008,Aspen Crk,Aspen Creek,56,False,True,enrollment_update_05_births_by_elem_attendance_area_2021-12-14.txt,2021-12-14,8/17/2021,2021
2008,BC-Creekside,BC-Creekside,6,False,True,enrollment_update_05_births_by_elem_attendance_area_2021-12-14.txt,2021-12-14,8/17/2021,2021
2008,BC-Mesa,BC-Mesa,27,False,True,enrollment_update_05_births_by_elem_attendance_area_2021-12-14.txt,2021-12-14,8/17/2021,2021
2008,Bear Creek,Bear Creek,18,False,True,enrollment_update_05_births_by_elem_attendance_area_2021-12-14.txt,2021-12-14,8/17/2021,2021
2008,Birch,Birch,60,False,True,enrollment_update_05_births_by_elem_attendance_area_2021-12-14.txt,2021-12-14,8/17/2021,2021
2008,Coal Creek,Coal Creek,54,False,True,enrollment_update_05_births_by_elem_attendance_area_2021-12-14.txt,2021-12-14,8/17/2021,2021
2008,Columbine,Columbine,155,False,True,enrollment_update_05_births_by_elem_attendance_area_2021-12-14.txt,2021-12-14,8/17/2021,2021
2008,Creekside,Creekside,176,False,True,enrollment_update_05_births_by_elem_attendance_area_2021-12-14.txt,2021-12-14,8/17/2021,2021
2008,Crest View,Crest View,114,False,True,enrollment_update_05_births_by_elem_attendance_area_2021-12-14.txt,2021-12-14,8/17/2021,2021
2008,Douglass,Douglass,57,False,True,enrollment_update_05_births_by_elem_attendance_area_2021-12-14.txt,2021-12-14,8/17/2021,2021
2008,Eisenhower,Eisenhower,82,False,True,enrollment_update_05_births_by_elem_attendance_area_2021-12-14.txt,2021-12-14,8/17/2021,2021
2008,Eldorado (K-5),Eldorado,61,False,True,enrollment_update_05_births_by_elem_attendance_area_2021-12-14.txt,2021-12-14,8/17/2021,2021
2008,Emerald,Emerald,95,False,True,enrollment_update_05_births_by_elem_attendance_area_2021-12-14.txt,2021-12-14,8/17/2021,2021
2008,Fireside,Fireside,53,False,True,enrollment_update_05_births_by_elem_attendance_area_2021-12-14.txt,2021-12-14,8/17/2021,2021
2008,Flatirons,Flatirons,53,False,True,enrollment_update_05_births_by_elem_attendance_area_2021-12-14.txt,2021-12-14,8/17/2021,2021
2008,Foothill,Foothill,119,False,True,enrollment_update_05_births_by_elem_attendance_area_2021-12-14.txt,2021-12-14,8/17/2021,2021
2008,Gold Hill,Gold Hill,1,False,True,enrollment_update_05_births_by_elem_attendance_area_2021-12-14.txt,2021-12-14,8/17/2021,2021
2008,Heatherwood,Heatherwood,54,False,True,enrollment_update_05_births_by_elem_attendance_area_2021-12-14.txt,2021-12-14,8/17/2021,2021
2008,Jamestown,Jamestown,5,False,True,enrollment_update_05_births_by_elem_attendance_area_2021-12-14.txt,2021-12-14,8/17/2021,2021
2008,Kohl,Kohl,57,False,True,enrollment_update_05_births_by_elem_attendance_area_2021-12-14.txt,2021-12-14,8/17/2021,2021
2008,Lafayette,Lafayette,113,False,True,enrollment_update_05_births_by_elem_attendance_area_2021-12-14.txt,2021-12-14,8/17/2021,2021
2008,Louisville,Louisville,77,False,True,enrollment_update_05_births_by_elem_attendance_area_2021-12-14.txt,2021-12-14,8/17/2021,2021
2008,Meadowlark,Meadowlark,39,False,True,enrollment_update_05_births_by_elem_attendance_area_2021-12-14.txt,2021-12-14,8/17/2021,2021
2008,Mesa,Mesa,25,False,True,enrollment_update_05_births_by_elem_attendance_area_2021-12-14.txt,2021-12-14,8/17/2021,2021
2008,Monarch (K-5),Monarch,45,False,True,enrollment_update_05_births_by_elem_attendance_area_2021-12-14.txt,2021-12-14,8/17/2021,2021
2008,Nederland,Nederland,63,False,True,enrollment_update_05_births_by_elem_attendance_area_2021-12-14.txt,2021-12-14,8/17/2021,2021
2008,Ryan,Ryan,114,False,True,enrollment_update_05_births_by_elem_attendance_area_2021-12-14.txt,2021-12-14,8/17/2021,2021
2008,Sanchez,Sanchez,89,False,True,enrollment_update_05_births_by_elem_attendance_area_2021-12-14.txt,2021-12-14,8/17/2021,2021
2008,Superior,Superior,58,False,True,enrollment_update_05_births_by_elem_attendance_area_2021-12-14.txt,2021-12-14,8/17/2021,2021
2008,Unlocated,Unlocated,0,False,True,enrollment_update_05_births_by_elem_attendance_area_2021-12-14.txt,2021-12-14,8/17/2021,2021
2008,Whittier,Whittier,110,False,True,enrollment_update_05_births_by_elem_attendance_area_2021-12-14.txt,2021-12-14,8/17/2021,2021
2008,BVSD,BVSD,2036,True,True,enrollment_update_05_births_by_elem_attendance_area_2021-12-14.txt,2021-12-14,8/17/2021,2021
2008,Boulder Total,Boulder Total,939,True,True,enrollment_update_05_births_by_elem_attendance_area_2021-12-14.txt,2021-12-14,8/17/2021,2021
2008,E County Total,E County Total,967,True,True,enrollment_update_05_births_by_elem_attendance_area_2021-12-14.txt,2021-12-14,8/17/2021,2021
2009,Aspen Crk,Aspen Creek,65,False,True,enrollment_update_05_births_by_elem_attendance_area_2021-12-14.txt,2021-12-14,8/17/2021,2021
2009,BC-Creekside,BC-Creekside,2,False,True,enrollment_update_05_births_by_elem_attendance_area_2021-12-14.txt,2021-12-14,8/17/2021,2021
2009,BC-Mesa,BC-Mesa,25,False,True,enrollment_update_05_births_by_elem_attendance_area_2021-12-14.txt,2021-12-14,8/17/2021,2021
2009,Bear Creek,Bear Creek,25,False,True,enrollment_update_05_births_by_elem_attendance_area_2021-12-14.txt,2021-12-14,8/17/2021,2021
2009,Birch,Birch,46,False,True,enrollment_update_05_births_by_elem_attendance_area_2021-12-14.txt,2021-12-14,8/17/2021,2021
2009,Coal Creek,Coal Creek,68,False,True,enrollment_update_05_births_by_elem_attendance_area_2021-12-14.txt,2021-12-14,8/17/2021,2021
2009,Columbine,Columbine,153,False,True,enrollment_update_05_births_by_elem_attendance_area_2021-12-14.txt,2021-12-14,8/17/2021,2021
2009,Creekside,Creekside,159,False,True,enrollment_update_05_births_by_elem_attendance_area_2021-12-14.txt,2021-12-14,8/17/2021,2021
2009,Crest View,Crest View,165,False,True,enrollment_update_05_births_by_elem_attendance_area_2021-12-14.txt,2021-12-14,8/17/2021,2021
2009,Douglass,Douglass,47,False,True,enrollment_update_05_births_by_elem_attendance_area_2021-12-14.txt,2021-12-14,8/17/2021,2021
2009,Eisenhower,Eisenhower,75,False,True,enrollment_update_05_births_by_elem_attendance_area_2021-12-14.txt,2021-12-14,8/17/2021,2021
2009,Eldorado (K-5),Eldorado,58,False,True,enrollment_update_05_births_by_elem_attendance_area_2021-12-14.txt,2021-12-14,8/17/2021,2021
2009,Emerald,Emerald,77,False,True,enrollment_update_05_births_by_elem_attendance_area_2021-12-14.txt,2021-12-14,8/17/2021,2021
2009,Fireside,Fireside,39,False,True,enrollment_update_05_births_by_elem_attendance_area_2021-12-14.txt,2021-12-14,8/17/2021,2021
2009,Flatirons,Flatirons,47,False,True,enrollment_update_05_births_by_elem_attendance_area_2021-12-14.txt,2021-12-14,8/17/2021,2021
2009,Foothill,Foothill,92,False,True,enrollment_update_05_births_by_elem_attendance_area_2021-12-14.txt,2021-12-14,8/17/2021,2021
2009,Gold Hill,Gold Hill,0,False,True,enrollment_update_05_births_by_elem_attendance_area_2021-12-14.txt,2021-12-14,8/17/2021,2021
2009,Heatherwood,Heatherwood,77,False,True,enrollment_update_05_births_by_elem_attendance_area_2021-12-14.txt,2021-12-14,8/17/2021,2021
2009,Jamestown,Jamestown,4,False,True,enrollment_update_05_births_by_elem_attendance_area_2021-12-14.txt,2021-12-14,8/17/2021,2021
2009,Kohl,Kohl,48,False,True,enrollment_update_05_births_by_elem_attendance_area_2021-12-14.txt,2021-12-14,8/17/2021,2021
2009,Lafayette,Lafayette,102,False,True,enrollment_update_05_births_by_elem_attendance_area_2021-12-14.txt,2021-12-14,8/17/2021,2021
2009,Louisville,Louisville,72,False,True,enrollment_update_05_births_by_elem_attendance_area_2021-12-14.txt,2021-12-14,8/17/2021,2021
2009,Meadowlark,Meadowlark,40,False,True,enrollment_update_05_births_by_elem_attendance_area_2021-12-14.txt,2021-12-14,8/17/2021,2021
2009,Mesa,Mesa,31,False,True,enrollment_update_05_births_by_elem_attendance_area_2021-12-14.txt,2021-12-14,8/17/2021,2021
2009,Monarch (K-5),Monarch,55,False,True,enrollment_update_05_births_by_elem_attendance_area_2021-12-14.txt,2021-12-14,8/17/2021,2021
2009,Nederland,Nederland,63,False,True,enrollment_update_05_births_by_elem_attendance_area_2021-12-14.txt,2021-12-14,8/17/2021,2021
2009,Ryan,Ryan,121,False,True,enrollment_update_05_births_by_elem_attendance_area_2021-12-14.txt,2021-12-14,8/17/2021,2021
2009,Sanchez,Sanchez,92,False,True,enrollment_update_05_births_by_elem_attendance_area_2021-12-14.txt,2021-12-14,8/17/2021,2021
2009,Superior,Superior,48,False,True,enrollment_update_05_births_by_elem_attendance_area_2021-12-14.txt,2021-12-14,8/17/2021,2021
2009,Unlocated,Unlocated,1,False,True,enrollment_update_05_births_by_elem_attendance_area_2021-12-14.txt,2021-12-14,8/17/2021,2021
2009,Whittier,Whittier,115,False,True,enrollment_update_05_births_by_elem_attendance_area_2021-12-14.txt,2021-12-14,8/17/2021,2021
2009,BVSD,BVSD,2012,True,True,enrollment_update_05_births_by_elem_attendance_area_2021-12-14.txt,2021-12-14,8/17/2021,2021
2009,Boulder Total,Boulder Total,966,True,True,enrollment_update_05_births_by_elem_attendance_area_2021-12-14.txt,2021-12-14,8/17/2021,2021
2009,E County Total,E County Total,920,True,True,enrollment_update_05_births_by_elem_attendance_area_2021-12-14.txt,2021-12-14,8/17/2021,2021
2010,Aspen Crk,Aspen Creek,56,False,True,enrollment_update_05_births_by_elem_attendance_area_2021-12-14.txt,2021-12-14,8/17/2021,2021
2010,BC-Creekside,BC-Creekside,2,False,True,enrollment_update_05_births_by_elem_attendance_area_2021-12-14.txt,2021-12-14,8/17/2021,2021
2010,BC-Mesa,BC-Mesa,31,False,True,enrollment_update_05_births_by_elem_attendance_area_2021-12-14.txt,2021-12-14,8/17/2021,2021
2010,Bear Creek,Bear Creek,31,False,True,enrollment_update_05_births_by_elem_attendance_area_2021-12-14.txt,2021-12-14,8/17/2021,2021
2010,Birch,Birch,56,False,True,enrollment_update_05_births_by_elem_attendance_area_2021-12-14.txt,2021-12-14,8/17/2021,2021
2010,Coal Creek,Coal Creek,68,False,True,enrollment_update_05_births_by_elem_attendance_area_2021-12-14.txt,2021-12-14,8/17/2021,2021
2010,Columbine,Columbine,135,False,True,enrollment_update_05_births_by_elem_attendance_area_2021-12-14.txt,2021-12-14,8/17/2021,2021
2010,Creekside,Creekside,150,False,True,enrollment_update_05_births_by_elem_attendance_area_2021-12-14.txt,2021-12-14,8/17/2021,2021
2010,Crest View,Crest View,135,False,True,enrollment_update_05_births_by_elem_attendance_area_2021-12-14.txt,2021-12-14,8/17/2021,2021
2010,Douglass,Douglass,47,False,True,enrollment_update_05_births_by_elem_attendance_area_2021-12-14.txt,2021-12-14,8/17/2021,2021
2010,Eisenhower,Eisenhower,76,False,True,enrollment_update_05_births_by_elem_attendance_area_2021-12-14.txt,2021-12-14,8/17/2021,2021
2010,Eldorado (K-5),Eldorado,46,False,True,enrollment_update_05_births_by_elem_attendance_area_2021-12-14.txt,2021-12-14,8/17/2021,2021
2010,Emerald,Emerald,79,False,True,enrollment_update_05_births_by_elem_attendance_area_2021-12-14.txt,2021-12-14,8/17/2021,2021
2010,Fireside,Fireside,48,False,True,enrollment_update_05_births_by_elem_attendance_area_2021-12-14.txt,2021-12-14,8/17/2021,2021
2010,Flatirons,Flatirons,48,False,True,enrollment_update_05_births_by_elem_attendance_area_2021-12-14.txt,2021-12-14,8/17/2021,2021
2010,Foothill,Foothill,80,False,True,enrollment_update_05_births_by_elem_attendance_area_2021-12-14.txt,2021-12-14,8/17/2021,2021
2010,Gold Hill,Gold Hill,2,False,True,enrollment_update_05_births_by_elem_attendance_area_2021-12-14.txt,2021-12-14,8/17/2021,2021
2010,Heatherwood,Heatherwood,64,False,True,enrollment_update_05_births_by_elem_attendance_area_2021-12-14.txt,2021-12-14,8/17/2021,2021
2010,Jamestown,Jamestown,3,False,True,enrollment_update_05_births_by_elem_attendance_area_2021-12-14.txt,2021-12-14,8/17/2021,2021
2010,Kohl,Kohl,42,False,True,enrollment_update_05_births_by_elem_attendance_area_2021-12-14.txt,2021-12-14,8/17/2021,2021
2010,Lafayette,Lafayette,114,False,True,enrollment_update_05_births_by_elem_attendance_area_2021-12-14.txt,2021-12-14,8/17/2021,2021
2010,Louisville,Louisville,59,False,True,enrollment_update_05_births_by_elem_attendance_area_2021-12-14.txt,2021-12-14,8/17/2021,2021
2010,Meadowlark,Meadowlark,31,False,True,enrollment_update_05_births_by_elem_attendance_area_2021-12-14.txt,2021-12-14,8/17/2021,2021
2010,Mesa,Mesa,23,False,True,enrollment_update_05_births_by_elem_attendance_area_2021-12-14.txt,2021-12-14,8/17/2021,2021
2010,Monarch (K-5),Monarch,60,False,True,enrollment_update_05_births_by_elem_attendance_area_2021-12-14.txt,2021-12-14,8/17/2021,2021
2010,Nederland,Nederland,62,False,True,enrollment_update_05_births_by_elem_attendance_area_2021-12-14.txt,2021-12-14,8/17/2021,2021
2010,Ryan,Ryan,99,False,True,enrollment_update_05_births_by_elem_attendance_area_2021-12-14.txt,2021-12-14,8/17/2021,2021
2010,Sanchez,Sanchez,87,False,True,enrollment_update_05_births_by_elem_attendance_area_2021-12-14.txt,2021-12-14,8/17/2021,2021
2010,Superior,Superior,52,False,True,enrollment_update_05_births_by_elem_attendance_area_2021-12-14.txt,2021-12-14,8/17/2021,2021
2010,Unlocated,Unlocated,0,False,True,enrollment_update_05_births_by_elem_attendance_area_2021-12-14.txt,2021-12-14,8/17/2021,2021
2010,Whittier,Whittier,105,False,True,enrollment_update_05_births_by_elem_attendance_area_2021-12-14.txt,2021-12-14,8/17/2021,2021
2010,BVSD,BVSD,1891,True,True,enrollment_update_05_births_by_elem_attendance_area_2021-12-14.txt,2021-12-14,8/17/2021,2021
2010,Boulder Total,Boulder Total,880,True,True,enrollment_update_05_births_by_elem_attendance_area_2021-12-14.txt,2021-12-14,8/17/2021,2021
2010,E County Total,E County Total,898,True,True,enrollment_update_05_births_by_elem_attendance_area_2021-12-14.txt,2021-12-14,8/17/2021,2021
2011,Aspen Crk,Aspen Creek,51,False,True,enrollment_update_05_births_by_elem_attendance_area_2021-12-14.txt,2021-12-14,8/17/2021,2021
2011,BC-Creekside,BC-Creekside,2,False,True,enrollment_update_05_births_by_elem_attendance_area_2021-12-14.txt,2021-12-14,8/17/2021,2021
2011,BC-Mesa,BC-Mesa,24,False,True,enrollment_update_05_births_by_elem_attendance_area_2021-12-14.txt,2021-12-14,8/17/2021,2021
2011,Bear Creek,Bear Creek,20,False,True,enrollment_update_05_births_by_elem_attendance_area_2021-12-14.txt,2021-12-14,8/17/2021,2021
2011,Birch,Birch,49,False,True,enrollment_update_05_births_by_elem_attendance_area_2021-12-14.txt,2021-12-14,8/17/2021,2021
2011,Coal Creek,Coal Creek,51,False,True,enrollment_update_05_births_by_elem_attendance_area_2021-12-14.txt,2021-12-14,8/17/2021,2021
2011,Columbine,Columbine,155,False,True,enrollment_update_05_births_by_elem_attendance_area_2021-12-14.txt,2021-12-14,8/17/2021,2021
2011,Creekside,Creekside,130,False,True,enrollment_update_05_births_by_elem_attendance_area_2021-12-14.txt,2021-12-14,8/17/2021,2021
2011,Crest View,Crest View,123,False,True,enrollment_update_05_births_by_elem_attendance_area_2021-12-14.txt,2021-12-14,8/17/2021,2021
2011,Douglass,Douglass,38,False,True,enrollment_update_05_births_by_elem_attendance_area_2021-12-14.txt,2021-12-14,8/17/2021,2021
2011,Eisenhower,Eisenhower,91,False,True,enrollment_update_05_births_by_elem_attendance_area_2021-12-14.txt,2021-12-14,8/17/2021,2021
2011,Eldorado (K-5),Eldorado,40,False,True,enrollment_update_05_births_by_elem_attendance_area_2021-12-14.txt,2021-12-14,8/17/2021,2021
2011,Emerald,Emerald,73,False,True,enrollment_update_05_births_by_elem_attendance_area_2021-12-14.txt,2021-12-14,8/17/2021,2021
2011,Fireside,Fireside,57,False,True,enrollment_update_05_births_by_elem_attendance_area_2021-12-14.txt,2021-12-14,8/17/2021,2021
2011,Flatirons,Flatirons,47,False,True,enrollment_update_05_births_by_elem_attendance_area_2021-12-14.txt,2021-12-14,8/17/2021,2021
2011,Foothill,Foothill,83,False,True,enrollment_update_05_births_by_elem_attendance_area_2021-12-14.txt,2021-12-14,8/17/2021,2021
2011,Gold Hill,Gold Hill,2,False,True,enrollment_update_05_births_by_elem_attendance_area_2021-12-14.txt,2021-12-14,8/17/2021,2021
2011,Heatherwood,Heatherwood,62,False,True,enrollment_update_05_births_by_elem_attendance_area_2021-12-14.txt,2021-12-14,8/17/2021,2021
2011,Jamestown,Jamestown,4,False,True,enrollment_update_05_births_by_elem_attendance_area_2021-12-14.txt,2021-12-14,8/17/2021,2021
2011,Kohl,Kohl,55,False,True,enrollment_update_05_births_by_elem_attendance_area_2021-12-14.txt,2021-12-14,8/17/2021,2021
2011,Lafayette,Lafayette,124,False,True,enrollment_update_05_births_by_elem_attendance_area_2021-12-14.txt,2021-12-14,8/17/2021,2021
2011,Louisville,Louisville,80,False,True,enrollment_update_05_births_by_elem_attendance_area_2021-12-14.txt,2021-12-14,8/17/2021,2021
2011,Meadowlark,Meadowlark,38,False,True,enrollment_update_05_births_by_elem_attendance_area_2021-12-14.txt,2021-12-14,8/17/2021,2021
2011,Mesa,Mesa,16,False,True,enrollment_update_05_births_by_elem_attendance_area_2021-12-14.txt,2021-12-14,8/17/2021,2021
2011,Monarch (K-5),Monarch,59,False,True,enrollment_update_05_births_by_elem_attendance_area_2021-12-14.txt,2021-12-14,8/17/2021,2021
2011,Nederland,Nederland,53,False,True,enrollment_update_05_births_by_elem_attendance_area_2021-12-14.txt,2021-12-14,8/17/2021,2021
2011,Ryan,Ryan,99,False,True,enrollment_update_05_births_by_elem_attendance_area_2021-12-14.txt,2021-12-14,8/17/2021,2021
2011,Sanchez,Sanchez,81,False,True,enrollment_update_05_births_by_elem_attendance_area_2021-12-14.txt,2021-12-14,8/17/2021,2021
2011,Superior,Superior,35,False,True,enrollment_update_05_births_by_elem_attendance_area_2021-12-14.txt,2021-12-14,8/17/2021,2021
2011,Unlocated,Unlocated,0,False,True,enrollment_update_05_births_by_elem_attendance_area_2021-12-14.txt,2021-12-14,8/17/2021,2021
2011,Whittier,Whittier,87,False,True,enrollment_update_05_births_by_elem_attendance_area_2021-12-14.txt,2021-12-14,8/17/2021,2021
2011,BVSD,BVSD,1829,True,True,enrollment_update_05_births_by_elem_attendance_area_2021-12-14.txt,2021-12-14,8/17/2021,2021
2011,Boulder Total,Boulder Total,840,True,True,enrollment_update_05_births_by_elem_attendance_area_2021-12-14.txt,2021-12-14,8/17/2021,2021
2011,E County Total,E County Total,890,True,True,enrollment_update_05_births_by_elem_attendance_area_2021-12-14.txt,2021-12-14,8/17/2021,2021
2012,Aspen Crk,Aspen Creek,61,False,True,enrollment_update_05_births_by_elem_attendance_area_2021-12-14.txt,2021-12-14,8/17/2021,2021
2012,BC-Creekside,BC-Creekside,8,False,True,enrollment_update_05_births_by_elem_attendance_area_2021-12-14.txt,2021-12-14,8/17/2021,2021
2012,BC-Mesa,BC-Mesa,26,False,True,enrollment_update_05_births_by_elem_attendance_area_2021-12-14.txt,2021-12-14,8/17/2021,2021
2012,Bear Creek,Bear Creek,19,False,True,enrollment_update_05_births_by_elem_attendance_area_2021-12-14.txt,2021-12-14,8/17/2021,2021
2012,Birch,Birch,43,False,True,enrollment_update_05_births_by_elem_attendance_area_2021-12-14.txt,2021-12-14,8/17/2021,2021
2012,Coal Creek,Coal Creek,66,False,True,enrollment_update_05_births_by_elem_attendance_area_2021-12-14.txt,2021-12-14,8/17/2021,2021
2012,Columbine,Columbine,132,False,True,enrollment_update_05_births_by_elem_attendance_area_2021-12-14.txt,2021-12-14,8/17/2021,2021
2012,Creekside,Creekside,157,False,True,enrollment_update_05_births_by_elem_attendance_area_2021-12-14.txt,2021-12-14,8/17/2021,2021
2012,Crest View,Crest View,147,False,True,enrollment_update_05_births_by_elem_attendance_area_2021-12-14.txt,2021-12-14,8/17/2021,2021
2012,Douglass,Douglass,52,False,True,enrollment_update_05_births_by_elem_attendance_area_2021-12-14.txt,2021-12-14,8/17/2021,2021
2012,Eisenhower,Eisenhower,83,False,True,enrollment_update_05_births_by_elem_attendance_area_2021-12-14.txt,2021-12-14,8/17/2021,2021
2012,Eldorado (K-5),Eldorado,41,False,True,enrollment_update_05_births_by_elem_attendance_area_2021-12-14.txt,2021-12-14,8/17/2021,2021
2012,Emerald,Emerald,90,False,True,enrollment_update_05_births_by_elem_attendance_area_2021-12-14.txt,2021-12-14,8/17/2021,2021
2012,Fireside,Fireside,45,False,True,enrollment_update_05_births_by_elem_attendance_area_2021-12-14.txt,2021-12-14,8/17/2021,2021
2012,Flatirons,Flatirons,44,False,True,enrollment_update_05_births_by_elem_attendance_area_2021-12-14.txt,2021-12-14,8/17/2021,2021
2012,Foothill,Foothill,84,False,True,enrollment_update_05_births_by_elem_attendance_area_2021-12-14.txt,2021-12-14,8/17/2021,2021
2012,Gold Hill,Gold Hill,1,False,True,enrollment_update_05_births_by_elem_attendance_area_2021-12-14.txt,2021-12-14,8/17/2021,2021
2012,Heatherwood,Heatherwood,71,False,True,enrollment_update_05_births_by_elem_attendance_area_2021-12-14.txt,2021-12-14,8/17/2021,2021
2012,Jamestown,Jamestown,6,False,True,enrollment_update_05_births_by_elem_attendance_area_2021-12-14.txt,2021-12-14,8/17/2021,2021
2012,Kohl,Kohl,59,False,True,enrollment_update_05_births_by_elem_attendance_area_2021-12-14.txt,2021-12-14,8/17/2021,2021
2012,Lafayette,Lafayette,105,False,True,enrollment_update_05_births_by_elem_attendance_area_2021-12-14.txt,2021-12-14,8/17/2021,2021
2012,Louisville,Louisville,85,False,True,enrollment_update_05_births_by_elem_attendance_area_2021-12-14.txt,2021-12-14,8/17/2021,2021
2012,Meadowlark,Meadowlark,27,False,True,enrollment_update_05_births_by_elem_attendance_area_2021-12-14.txt,2021-12-14,8/17/2021,2021
2012,Mesa,Mesa,23,False,True,enrollment_update_05_births_by_elem_attendance_area_2021-12-14.txt,2021-12-14,8/17/2021,2021
2012,Monarch (K-5),Monarch,60,False,True,enrollment_update_05_births_by_elem_attendance_area_2021-12-14.txt,2021-12-14,8/17/2021,2021
2012,Nederland,Nederland,48,False,True,enrollment_update_05_births_by_elem_attendance_area_2021-12-14.txt,2021-12-14,8/17/2021,2021
2012,Ryan,Ryan,143,False,True,enrollment_update_05_births_by_elem_attendance_area_2021-12-14.txt,2021-12-14,8/17/2021,2021
2012,Sanchez,Sanchez,83,False,True,enrollment_update_05_births_by_elem_attendance_area_2021-12-14.txt,2021-12-14,8/17/2021,2021
2012,Superior,Superior,28,False,True,enrollment_update_05_births_by_elem_attendance_area_2021-12-14.txt,2021-12-14,8/17/2021,2021
2012,Unlocated,Unlocated,0,False,True,enrollment_update_05_births_by_elem_attendance_area_2021-12-14.txt,2021-12-14,8/17/2021,2021
2012,Whittier,Whittier,119,False,True,enrollment_update_05_births_by_elem_attendance_area_2021-12-14.txt,2021-12-14,8/17/2021,2021
2012,BVSD,BVSD,1956,True,True,enrollment_update_05_births_by_elem_attendance_area_2021-12-14.txt,2021-12-14,8/17/2021,2021
2012,Boulder Total,Boulder Total,913,True,True,enrollment_update_05_births_by_elem_attendance_area_2021-12-14.txt,2021-12-14,8/17/2021,2021
2012,E County Total,E County Total,947,True,True,enrollment_update_05_births_by_elem_attendance_area_2021-12-14.txt,2021-12-14,8/17/2021,2021
2013,Aspen Crk,Aspen Creek,67,False,True,enrollment_update_05_births_by_elem_attendance_area_2021-12-14.txt,2021-12-14,8/17/2021,2021
2013,BC-Creekside,BC-Creekside,3,False,True,enrollment_update_05_births_by_elem_attendance_area_2021-12-14.txt,2021-12-14,8/17/2021,2021
2013,BC-Mesa,BC-Mesa,23,False,True,enrollment_update_05_births_by_elem_attendance_area_2021-12-14.txt,2021-12-14,8/17/2021,2021
2013,Bear Creek,Bear Creek,25,False,True,enrollment_update_05_births_by_elem_attendance_area_2021-12-14.txt,2021-12-14,8/17/2021,2021
2013,Birch,Birch,65,False,True,enrollment_update_05_births_by_elem_attendance_area_2021-12-14.txt,2021-12-14,8/17/2021,2021
2013,Coal Creek,Coal Creek,60,False,True,enrollment_update_05_births_by_elem_attendance_area_2021-12-14.txt,2021-12-14,8/17/2021,2021
2013,Columbine,Columbine,129,False,True,enrollment_update_05_births_by_elem_attendance_area_2021-12-14.txt,2021-12-14,8/17/2021,2021
2013,Creekside,Creekside,157,False,True,enrollment_update_05_births_by_elem_attendance_area_2021-12-14.txt,2021-12-14,8/17/2021,2021
2013,Crest View,Crest View,151,False,True,enrollment_update_05_births_by_elem_attendance_area_2021-12-14.txt,2021-12-14,8/17/2021,2021
2013,Douglass,Douglass,46,False,True,enrollment_update_05_births_by_elem_attendance_area_2021-12-14.txt,2021-12-14,8/17/2021,2021
2013,Eisenhower,Eisenhower,84,False,True,enrollment_update_05_births_by_elem_attendance_area_2021-12-14.txt,2021-12-14,8/17/2021,2021
2013,Eldorado (K-5),Eldorado,46,False,True,enrollment_update_05_births_by_elem_attendance_area_2021-12-14.txt,2021-12-14,8/17/2021,2021
2013,Emerald,Emerald,81,False,True,enrollment_update_05_births_by_elem_attendance_area_2021-12-14.txt,2021-12-14,8/17/2021,2021
2013,Fireside,Fireside,59,False,True,enrollment_update_05_births_by_elem_attendance_area_2021-12-14.txt,2021-12-14,8/17/2021,2021
2013,Flatirons,Flatirons,41,False,True,enrollment_update_05_births_by_elem_attendance_area_2021-12-14.txt,2021-12-14,8/17/2021,2021
2013,Foothill,Foothill,64,False,True,enrollment_update_05_births_by_elem_attendance_area_2021-12-14.txt,2021-12-14,8/17/2021,2021
2013,Gold Hill,Gold Hill,3,False,True,enrollment_update_05_births_by_elem_attendance_area_2021-12-14.txt,2021-12-14,8/17/2021,2021
2013,Heatherwood,Heatherwood,60,False,True,enrollment_update_05_births_by_elem_attendance_area_2021-12-14.txt,2021-12-14,8/17/2021,2021
2013,Jamestown,Jamestown,2,False,True,enrollment_update_05_births_by_elem_attendance_area_2021-12-14.txt,2021-12-14,8/17/2021,2021
2013,Kohl,Kohl,53,False,True,enrollment_update_05_births_by_elem_attendance_area_2021-12-14.txt,2021-12-14,8/17/2021,2021
2013,Lafayette,Lafayette,89,False,True,enrollment_update_05_births_by_elem_attendance_area_2021-12-14.txt,2021-12-14,8/17/2021,2021
2013,Louisville,Louisville,79,False,True,enrollment_update_05_births_by_elem_attendance_area_2021-12-14.txt,2021-12-14,8/17/2021,2021
2013,Meadowlark,Meadowlark,24,False,True,enrollment_update_05_births_by_elem_attendance_area_2021-12-14.txt,2021-12-14,8/17/2021,2021
2013,Mesa,Mesa,20,False,True,enrollment_update_05_births_by_elem_attendance_area_2021-12-14.txt,2021-12-14,8/17/2021,2021
2013,Monarch (K-5),Monarch,67,False,True,enrollment_update_05_births_by_elem_attendance_area_2021-12-14.txt,2021-12-14,8/17/2021,2021
2013,Nederland,Nederland,55,False,True,enrollment_update_05_births_by_elem_attendance_area_2021-12-14.txt,2021-12-14,8/17/2021,2021
2013,Ryan,Ryan,104,False,True,enrollment_update_05_births_by_elem_attendance_area_2021-12-14.txt,2021-12-14,8/17/2021,2021
2013,Sanchez,Sanchez,99,False,True,enrollment_update_05_births_by_elem_attendance_area_2021-12-14.txt,2021-12-14,8/17/2021,2021
2013,Superior,Superior,41,False,True,enrollment_update_05_births_by_elem_attendance_area_2021-12-14.txt,2021-12-14,8/17/2021,2021
2013,Unlocated,Unlocated,0,False,True,enrollment_update_05_births_by_elem_attendance_area_2021-12-14.txt,2021-12-14,8/17/2021,2021
2013,Whittier,Whittier,115,False,True,enrollment_update_05_births_by_elem_attendance_area_2021-12-14.txt,2021-12-14,8/17/2021,2021
2013,BVSD,BVSD,1912,True,True,enrollment_update_05_births_by_elem_attendance_area_2021-12-14.txt,2021-12-14,8/17/2021,2021
2013,Boulder Total,Boulder Total,872,True,True,enrollment_update_05_births_by_elem_attendance_area_2021-12-14.txt,2021-12-14,8/17/2021,2021
2013,E County Total,E County Total,934,True,True,enrollment_update_05_births_by_elem_attendance_area_2021-12-14.txt,2021-12-14,8/17/2021,2021
2014,Aspen Crk,Aspen Creek,54,False,True,enrollment_update_05_births_by_elem_attendance_area_2021-12-14.txt,2021-12-14,8/17/2021,2021
2014,BC-Creekside,BC-Creekside,4,False,True,enrollment_update_05_births_by_elem_attendance_area_2021-12-14.txt,2021-12-14,8/17/2021,2021
2014,BC-Mesa,BC-Mesa,25,False,True,enrollment_update_05_births_by_elem_attendance_area_2021-12-14.txt,2021-12-14,8/17/2021,2021
2014,Bear Creek,Bear Creek,21,False,True,enrollment_update_05_births_by_elem_attendance_area_2021-12-14.txt,2021-12-14,8/17/2021,2021
2014,Birch,Birch,58,False,True,enrollment_update_05_births_by_elem_attendance_area_2021-12-14.txt,2021-12-14,8/17/2021,2021
2014,Coal Creek,Coal Creek,63,False,True,enrollment_update_05_births_by_elem_attendance_area_2021-12-14.txt,2021-12-14,8/17/2021,2021
2014,Columbine,Columbine,124,False,True,enrollment_update_05_births_by_elem_attendance_area_2021-12-14.txt,2021-12-14,8/17/2021,2021
2014,Creekside,Creekside,131,False,True,enrollment_update_05_births_by_elem_attendance_area_2021-12-14.txt,2021-12-14,8/17/2021,2021
2014,Crest View,Crest View,123,False,True,enrollment_update_05_births_by_elem_attendance_area_2021-12-14.txt,2021-12-14,8/17/2021,2021
2014,Douglass,Douglass,47,False,True,enrollment_update_05_births_by_elem_attendance_area_2021-12-14.txt,2021-12-14,8/17/2021,2021
2014,Eisenhower,Eisenhower,75,False,True,enrollment_update_05_births_by_elem_attendance_area_2021-12-14.txt,2021-12-14,8/17/2021,2021
2014,Eldorado (K-5),Eldorado,37,False,True,enrollment_update_05_births_by_elem_attendance_area_2021-12-14.txt,2021-12-14,8/17/2021,2021
2014,Emerald,Emerald,80,False,True,enrollment_update_05_births_by_elem_attendance_area_2021-12-14.txt,2021-12-14,8/17/2021,2021
2014,Fireside,Fireside,45,False,True,enrollment_update_05_births_by_elem_attendance_area_2021-12-14.txt,2021-12-14,8/17/2021,2021
2014,Flatirons,Flatirons,43,False,True,enrollment_update_05_births_by_elem_attendance_area_2021-12-14.txt,2021-12-14,8/17/2021,2021
2014,Foothill,Foothill,85,False,True,enrollment_update_05_births_by_elem_attendance_area_2021-12-14.txt,2021-12-14,8/17/2021,2021
2014,Gold Hill,Gold Hill,0,False,True,enrollment_update_05_births_by_elem_attendance_area_2021-12-14.txt,2021-12-14,8/17/2021,2021
2014,Heatherwood,Heatherwood,58,False,True,enrollment_update_05_births_by_elem_attendance_area_2021-12-14.txt,2021-12-14,8/17/2021,2021
2014,Jamestown,Jamestown,2,False,True,enrollment_update_05_births_by_elem_attendance_area_2021-12-14.txt,2021-12-14,8/17/2021,2021
2014,Kohl,Kohl,59,False,True,enrollment_update_05_births_by_elem_attendance_area_2021-12-14.txt,2021-12-14,8/17/2021,2021
2014,Lafayette,Lafayette,109,False,True,enrollment_update_05_births_by_elem_attendance_area_2021-12-14.txt,2021-12-14,8/17/2021,2021
2014,Louisville,Louisville,72,False,True,enrollment_update_05_births_by_elem_attendance_area_2021-12-14.txt,2021-12-14,8/17/2021,2021
2014,Meadowlark,Meadowlark,33,False,True,enrollment_update_05_births_by_elem_attendance_area_2021-12-14.txt,2021-12-14,8/17/2021,2021
2014,Mesa,Mesa,23,False,True,enrollment_update_05_births_by_elem_attendance_area_2021-12-14.txt,2021-12-14,8/17/2021,2021
2014,Monarch (K-5),Monarch,79,False,True,enrollment_update_05_births_by_elem_attendance_area_2021-12-14.txt,2021-12-14,8/17/2021,2021
2014,Nederland,Nederland,56,False,True,enrollment_update_05_births_by_elem_attendance_area_2021-12-14.txt,2021-12-14,8/17/2021,2021
2014,Ryan,Ryan,107,False,True,enrollment_update_05_births_by_elem_attendance_area_2021-12-14.txt,2021-12-14,8/17/2021,2021
2014,Sanchez,Sanchez,98,False,True,enrollment_update_05_births_by_elem_attendance_area_2021-12-14.txt,2021-12-14,8/17/2021,2021
2014,Superior,Superior,32,False,True,enrollment_update_05_births_by_elem_attendance_area_2021-12-14.txt,2021-12-14,8/17/2021,2021
2014,Unlocated,Unlocated,0,False,True,enrollment_update_05_births_by_elem_attendance_area_2021-12-14.txt,2021-12-14,8/17/2021,2021
2014,Whittier,Whittier,113,False,True,enrollment_update_05_births_by_elem_attendance_area_2021-12-14.txt,2021-12-14,8/17/2021,2021
2014,BVSD,BVSD,1856,True,True,enrollment_update_05_births_by_elem_attendance_area_2021-12-14.txt,2021-12-14,8/17/2021,2021
2014,Boulder Total,Boulder Total,825,True,True,enrollment_update_05_births_by_elem_attendance_area_2021-12-14.txt,2021-12-14,8/17/2021,2021
2014,E County Total,E County Total,936,True,True,enrollment_update_05_births_by_elem_attendance_area_2021-12-14.txt,2021-12-14,8/17/2021,2021
2015,Aspen Crk,Aspen Creek,70,False,True,enrollment_update_05_births_by_elem_attendance_area_2021-12-14.txt,2021-12-14,8/17/2021,2021
2015,BC-Creekside,BC-Creekside,6,False,True,enrollment_update_05_births_by_elem_attendance_area_2021-12-14.txt,2021-12-14,8/17/2021,2021
2015,BC-Mesa,BC-Mesa,17,False,True,enrollment_update_05_births_by_elem_attendance_area_2021-12-14.txt,2021-12-14,8/17/2021,2021
2015,Bear Creek,Bear Creek,11,False,True,enrollment_update_05_births_by_elem_attendance_area_2021-12-14.txt,2021-12-14,8/17/2021,2021
2015,Birch,Birch,51,False,True,enrollment_update_05_births_by_elem_attendance_area_2021-12-14.txt,2021-12-14,8/17/2021,2021
2015,Coal Creek,Coal Creek,48,False,True,enrollment_update_05_births_by_elem_attendance_area_2021-12-14.txt,2021-12-14,8/17/2021,2021
2015,Columbine,Columbine,121,False,True,enrollment_update_05_births_by_elem_attendance_area_2021-12-14.txt,2021-12-14,8/17/2021,2021
2015,Creekside,Creekside,158,False,True,enrollment_update_05_births_by_elem_attendance_area_2021-12-14.txt,2021-12-14,8/17/2021,2021
2015,Crest View,Crest View,152,False,True,enrollment_update_05_births_by_elem_attendance_area_2021-12-14.txt,2021-12-14,8/17/2021,2021
2015,Douglass,Douglass,49,False,True,enrollment_update_05_births_by_elem_attendance_area_2021-12-14.txt,2021-12-14,8/17/2021,2021
2015,Eisenhower,Eisenhower,74,False,True,enrollment_update_05_births_by_elem_attendance_area_2021-12-14.txt,2021-12-14,8/17/2021,2021
2015,Eldorado (K-5),Eldorado,29,False,True,enrollment_update_05_births_by_elem_attendance_area_2021-12-14.txt,2021-12-14,8/17/2021,2021
2015,Emerald,Emerald,112,False,True,enrollment_update_05_births_by_elem_attendance_area_2021-12-14.txt,2021-12-14,8/17/2021,2021
2015,Fireside,Fireside,46,False,True,enrollment_update_05_births_by_elem_attendance_area_2021-12-14.txt,2021-12-14,8/17/2021,2021
2015,Flatirons,Flatirons,43,False,True,enrollment_update_05_births_by_elem_attendance_area_2021-12-14.txt,2021-12-14,8/17/2021,2021
2015,Foothill,Foothill,64,False,True,enrollment_update_05_births_by_elem_attendance_area_2021-12-14.txt,2021-12-14,8/17/2021,2021
2015,Gold Hill,Gold Hill,1,False,True,enrollment_update_05_births_by_elem_attendance_area_2021-12-14.txt,2021-12-14,8/17/2021,2021
2015,Heatherwood,Heatherwood,71,False,True,enrollment_update_05_births_by_elem_attendance_area_2021-12-14.txt,2021-12-14,8/17/2021,2021
2015,Jamestown,Jamestown,1,False,True,enrollment_update_05_births_by_elem_attendance_area_2021-12-14.txt,2021-12-14,8/17/2021,2021
2015,Kohl,Kohl,55,False,True,enrollment_update_05_births_by_elem_attendance_area_2021-12-14.txt,2021-12-14,8/17/2021,2021
2015,Lafayette,Lafayette,100,False,True,enrollment_update_05_births_by_elem_attendance_area_2021-12-14.txt,2021-12-14,8/17/2021,2021
2015,Louisville,Louisville,77,False,True,enrollment_update_05_births_by_elem_attendance_area_2021-12-14.txt,2021-12-14,8/17/2021,2021
2015,Meadowlark,Meadowlark,28,False,True,enrollment_update_05_births_by_elem_attendance_area_2021-12-14.txt,2021-12-14,8/17/2021,2021
2015,Mesa,Mesa,23,False,True,enrollment_update_05_births_by_elem_attendance_area_2021-12-14.txt,2021-12-14,8/17/2021,2021
2015,Monarch (K-5),Monarch,56,False,True,enrollment_update_05_births_by_elem_attendance_area_2021-12-14.txt,2021-12-14,8/17/2021,2021
2015,Nederland,Nederland,55,False,True,enrollment_update_05_births_by_elem_attendance_area_2021-12-14.txt,2021-12-14,8/17/2021,2021
2015,Ryan,Ryan,102,False,True,enrollment_update_05_births_by_elem_attendance_area_2021-12-14.txt,2021-12-14,8/17/2021,2021
2015,Sanchez,Sanchez,111,False,True,enrollment_update_05_births_by_elem_attendance_area_2021-12-14.txt,2021-12-14,8/17/2021,2021
2015,Superior,Superior,41,False,True,enrollment_update_05_births_by_elem_attendance_area_2021-12-14.txt,2021-12-14,8/17/2021,2021
2015,Unlocated,Unlocated,0,False,True,enrollment_update_05_births_by_elem_attendance_area_2021-12-14.txt,2021-12-14,8/17/2021,2021
2015,Whittier,Whittier,106,False,True,enrollment_update_05_births_by_elem_attendance_area_2021-12-14.txt,2021-12-14,8/17/2021,2021
2015,BVSD,BVSD,1878,True,True,enrollment_update_05_births_by_elem_attendance_area_2021-12-14.txt,2021-12-14,8/17/2021,2021
2015,Boulder Total,Boulder Total,846,True,True,enrollment_update_05_births_by_elem_attendance_area_2021-12-14.txt,2021-12-14,8/17/2021,2021
2015,E County Total,E County Total,946,True,True,enrollment_update_05_births_by_elem_attendance_area_2021-12-14.txt,2021-12-14,8/17/2021,2021
2016,Aspen Crk,Aspen Creek,61,False,True,enrollment_update_05_births_by_elem_attendance_area_2021-12-14.txt,2021-12-14,8/17/2021,2021
2016,BC-Creekside,BC-Creekside,1,False,True,enrollment_update_05_births_by_elem_attendance_area_2021-12-14.txt,2021-12-14,8/17/2021,2021
2016,BC-Mesa,BC-Mesa,17,False,True,enrollment_update_05_births_by_elem_attendance_area_2021-12-14.txt,2021-12-14,8/17/2021,2021
2016,Bear Creek,Bear Creek,12,False,True,enrollment_update_05_births_by_elem_attendance_area_2021-12-14.txt,2021-12-14,8/17/2021,2021
2016,Birch,Birch,55,False,True,enrollment_update_05_births_by_elem_attendance_area_2021-12-14.txt,2021-12-14,8/17/2021,2021
2016,Coal Creek,Coal Creek,47,False,True,enrollment_update_05_births_by_elem_attendance_area_2021-12-14.txt,2021-12-14,8/17/2021,2021
2016,Columbine,Columbine,123,False,True,enrollment_update_05_births_by_elem_attendance_area_2021-12-14.txt,2021-12-14,8/17/2021,2021
2016,Creekside,Creekside,131,False,True,enrollment_update_05_births_by_elem_attendance_area_2021-12-14.txt,2021-12-14,8/17/2021,2021
2016,Crest View,Crest View,140,False,True,enrollment_update_05_births_by_elem_attendance_area_2021-12-14.txt,2021-12-14,8/17/2021,2021
2016,Douglass,Douglass,45,False,True,enrollment_update_05_births_by_elem_attendance_area_2021-12-14.txt,2021-12-14,8/17/2021,2021
2016,Eisenhower,Eisenhower,67,False,True,enrollment_update_05_births_by_elem_attendance_area_2021-12-14.txt,2021-12-14,8/17/2021,2021
2016,Eldorado (K-5),Eldorado,30,False,True,enrollment_update_05_births_by_elem_attendance_area_2021-12-14.txt,2021-12-14,8/17/2021,2021
2016,Emerald,Emerald,95,False,True,enrollment_update_05_births_by_elem_attendance_area_2021-12-14.txt,2021-12-14,8/17/2021,2021
2016,Fireside,Fireside,40,False,True,enrollment_update_05_births_by_elem_attendance_area_2021-12-14.txt,2021-12-14,8/17/2021,2021
2016,Flatirons,Flatirons,31,False,True,enrollment_update_05_births_by_elem_attendance_area_2021-12-14.txt,2021-12-14,8/17/2021,2021
2016,Foothill,Foothill,66,False,True,enrollment_update_05_births_by_elem_attendance_area_2021-12-14.txt,2021-12-14,8/17/2021,2021
2016,Gold Hill,Gold Hill,2,False,True,enrollment_update_05_births_by_elem_attendance_area_2021-12-14.txt,2021-12-14,8/17/2021,2021
2016,Heatherwood,Heatherwood,53,False,True,enrollment_update_05_births_by_elem_attendance_area_2021-12-14.txt,2021-12-14,8/17/2021,2021
2016,Jamestown,Jamestown,4,False,True,enrollment_update_05_births_by_elem_attendance_area_2021-12-14.txt,2021-12-14,8/17/2021,2021
2016,Kohl,Kohl,56,False,True,enrollment_update_05_births_by_elem_attendance_area_2021-12-14.txt,2021-12-14,8/17/2021,2021
2016,Lafayette,Lafayette,110,False,True,enrollment_update_05_births_by_elem_attendance_area_2021-12-14.txt,2021-12-14,8/17/2021,2021
2016,Louisville,Louisville,64,False,True,enrollment_update_05_births_by_elem_attendance_area_2021-12-14.txt,2021-12-14,8/17/2021,2021
2016,Meadowlark,Meadowlark,36,False,True,enrollment_update_05_births_by_elem_attendance_area_2021-12-14.txt,2021-12-14,8/17/2021,2021
2016,Mesa,Mesa,26,False,True,enrollment_update_05_births_by_elem_attendance_area_2021-12-14.txt,2021-12-14,8/17/2021,2021
2016,Monarch (K-5),Monarch,48,False,True,enrollment_update_05_births_by_elem_attendance_area_2021-12-14.txt,2021-12-14,8/17/2021,2021
2016,Nederland,Nederland,54,False,True,enrollment_update_05_births_by_elem_attendance_area_2021-12-14.txt,2021-12-14,8/17/2021,2021
2016,Ryan,Ryan,118,False,True,enrollment_update_05_births_by_elem_attendance_area_2021-12-14.txt,2021-12-14,8/17/2021,2021
2016,Sanchez,Sanchez,98,False,True,enrollment_update_05_births_by_elem_attendance_area_2021-12-14.txt,2021-12-14,8/17/2021,2021
2016,Superior,Superior,39,False,True,enrollment_update_05_births_by_elem_attendance_area_2021-12-14.txt,2021-12-14,8/17/2021,2021
2016,Unlocated,Unlocated,0,False,True,enrollment_update_05_births_by_elem_attendance_area_2021-12-14.txt,2021-12-14,8/17/2021,2021
2016,Whittier,Whittier,104,False,True,enrollment_update_05_births_by_elem_attendance_area_2021-12-14.txt,2021-12-14,8/17/2021,2021
2016,BVSD,BVSD,1773,True,True,enrollment_update_05_births_by_elem_attendance_area_2021-12-14.txt,2021-12-14,8/17/2021,2021
2016,Boulder Total,Boulder Total,771,True,True,enrollment_update_05_births_by_elem_attendance_area_2021-12-14.txt,2021-12-14,8/17/2021,2021
2016,E County Total,E County Total,912,True,True,enrollment_update_05_births_by_elem_attendance_area_2021-12-14.txt,2021-12-14,8/17/2021,2021
2017,Aspen Crk,Aspen Creek,66,False,True,enrollment_update_05_births_by_elem_attendance_area_2021-12-14.txt,2021-12-14,8/17/2021,2021
2017,BC-Creekside,BC-Creekside,4,False,True,enrollment_update_05_births_by_elem_attendance_area_2021-12-14.txt,2021-12-14,8/17/2021,2021
2017,BC-Mesa,BC-Mesa,16,False,True,enrollment_update_05_births_by_elem_attendance_area_2021-12-14.txt,2021-12-14,8/17/2021,2021
2017,Bear Creek,Bear Creek,16,False,True,enrollment_update_05_births_by_elem_attendance_area_2021-12-14.txt,2021-12-14,8/17/2021,2021
2017,Birch,Birch,39,False,True,enrollment_update_05_births_by_elem_attendance_area_2021-12-14.txt,2021-12-14,8/17/2021,2021
2017,Coal Creek,Coal Creek,50,False,True,enrollment_update_05_births_by_elem_attendance_area_2021-12-14.txt,2021-12-14,8/17/2021,2021
2017,Columbine,Columbine,128,False,True,enrollment_update_05_births_by_elem_attendance_area_2021-12-14.txt,2021-12-14,8/17/2021,2021
2017,Creekside,Creekside,125,False,True,enrollment_update_05_births_by_elem_attendance_area_2021-12-14.txt,2021-12-14,8/17/2021,2021
2017,Crest View,Crest View,128,False,True,enrollment_update_05_births_by_elem_attendance_area_2021-12-14.txt,2021-12-14,8/17/2021,2021
2017,Douglass,Douglass,36,False,True,enrollment_update_05_births_by_elem_attendance_area_2021-12-14.txt,2021-12-14,8/17/2021,2021
2017,Eisenhower,Eisenhower,64,False,True,enrollment_update_05_births_by_elem_attendance_area_2021-12-14.txt,2021-12-14,8/17/2021,2021
2017,Eldorado (K-5),Eldorado,29,False,True,enrollment_update_05_births_by_elem_attendance_area_2021-12-14.txt,2021-12-14,8/17/2021,2021
2017,Emerald,Emerald,103,False,True,enrollment_update_05_births_by_elem_attendance_area_2021-12-14.txt,2021-12-14,8/17/2021,2021
2017,Fireside,Fireside,37,False,True,enrollment_update_05_births_by_elem_attendance_area_2021-12-14.txt,2021-12-14,8/17/2021,2021
2017,Flatirons,Flatirons,39,False,True,enrollment_update_05_births_by_elem_attendance_area_2021-12-14.txt,2021-12-14,8/17/2021,2021
2017,Foothill,Foothill,77,False,True,enrollment_update_05_births_by_elem_attendance_area_2021-12-14.txt,2021-12-14,8/17/2021,2021
2017,Gold Hill,Gold Hill,3,False,True,enrollment_update_05_births_by_elem_attendance_area_2021-12-14.txt,2021-12-14,8/17/2021,2021
2017,Heatherwood,Heatherwood,56,False,True,enrollment_update_05_births_by_elem_attendance_area_2021-12-14.txt,2021-12-14,8/17/2021,2021
2017,Jamestown,Jamestown,4,False,True,enrollment_update_05_births_by_elem_attendance_area_2021-12-14.txt,2021-12-14,8/17/2021,2021
2017,Kohl,Kohl,51,False,True,enrollment_update_05_births_by_elem_attendance_area_2021-12-14.txt,2021-12-14,8/17/2021,2021
2017,Lafayette,Lafayette,95,False,True,enrollment_update_05_births_by_elem_attendance_area_2021-12-14.txt,2021-12-14,8/17/2021,2021
2017,Louisville,Louisville,51,False,True,enrollment_update_05_births_by_elem_attendance_area_2021-12-14.txt,2021-12-14,8/17/2021,2021
2017,Meadowlark,Meadowlark,52,False,True,enrollment_update_05_births_by_elem_attendance_area_2021-12-14.txt,2021-12-14,8/17/2021,2021
2017,Mesa,Mesa,22,False,True,enrollment_update_05_births_by_elem_attendance_area_2021-12-14.txt,2021-12-14,8/17/2021,2021
2017,Monarch (K-5),Monarch,53,False,True,enrollment_update_05_births_by_elem_attendance_area_2021-12-14.txt,2021-12-14,8/17/2021,2021
2017,Nederland,Nederland,53,False,True,enrollment_update_05_births_by_elem_attendance_area_2021-12-14.txt,2021-12-14,8/17/2021,2021
2017,Ryan,Ryan,104,False,True,enrollment_update_05_births_by_elem_attendance_area_2021-12-14.txt,2021-12-14,8/17/2021,2021
2017,Sanchez,Sanchez,105,False,True,enrollment_update_05_births_by_elem_attendance_area_2021-12-14.txt,2021-12-14,8/17/2021,2021
2017,Superior,Superior,46,False,True,enrollment_update_05_births_by_elem_attendance_area_2021-12-14.txt,2021-12-14,8/17/2021,2021
2017,Unlocated,Unlocated,0,False,True,enrollment_update_05_births_by_elem_attendance_area_2021-12-14.txt,2021-12-14,8/17/2021,2021
2017,Whittier,Whittier,83,False,True,enrollment_update_05_births_by_elem_attendance_area_2021-12-14.txt,2021-12-14,8/17/2021,2021
2017,BVSD,BVSD,1735,True,True,enrollment_update_05_births_by_elem_attendance_area_2021-12-14.txt,2021-12-14,8/17/2021,2021
2017,Boulder Total,Boulder Total,758,True,True,enrollment_update_05_births_by_elem_attendance_area_2021-12-14.txt,2021-12-14,8/17/2021,2021
2017,E County Total,E County Total,888,True,True,enrollment_update_05_births_by_elem_attendance_area_2021-12-14.txt,2021-12-14,8/17/2021,2021
2018,Aspen Crk,Aspen Creek,66,False,True,enrollment_update_05_births_by_elem_attendance_area_2021-12-14.txt,2021-12-14,8/17/2021,2021
2018,BC-Creekside,BC-Creekside,5,False,True,enrollment_update_05_births_by_elem_attendance_area_2021-12-14.txt,2021-12-14,8/17/2021,2021
2018,BC-Mesa,BC-Mesa,15,False,True,enrollment_update_05_births_by_elem_attendance_area_2021-12-14.txt,2021-12-14,8/17/2021,2021
2018,Bear Creek,Bear Creek,13,False,True,enrollment_update_05_births_by_elem_attendance_area_2021-12-14.txt,2021-12-14,8/17/2021,2021
2018,Birch,Birch,41,False,True,enrollment_update_05_births_by_elem_attendance_area_2021-12-14.txt,2021-12-14,8/17/2021,2021
2018,Coal Creek,Coal Creek,43,False,True,enrollment_update_05_births_by_elem_attendance_area_2021-12-14.txt,2021-12-14,8/17/2021,2021
2018,Columbine,Columbine,101,False,True,enrollment_update_05_births_by_elem_attendance_area_2021-12-14.txt,2021-12-14,8/17/2021,2021
2018,Creekside,Creekside,112,False,True,enrollment_update_05_births_by_elem_attendance_area_2021-12-14.txt,2021-12-14,8/17/2021,2021
2018,Crest View,Crest View,91,False,True,enrollment_update_05_births_by_elem_attendance_area_2021-12-14.txt,2021-12-14,8/17/2021,2021
2018,Douglass,Douglass,44,False,True,enrollment_update_05_births_by_elem_attendance_area_2021-12-14.txt,2021-12-14,8/17/2021,2021
2018,Eisenhower,Eisenhower,56,False,True,enrollment_update_05_births_by_elem_attendance_area_2021-12-14.txt,2021-12-14,8/17/2021,2021
2018,Eldorado (K-5),Eldorado,23,False,True,enrollment_update_05_births_by_elem_attendance_area_2021-12-14.txt,2021-12-14,8/17/2021,2021
2018,Emerald,Emerald,96,False,True,enrollment_update_05_births_by_elem_attendance_area_2021-12-14.txt,2021-12-14,8/17/2021,2021
2018,Fireside,Fireside,22,False,True,enrollment_update_05_births_by_elem_attendance_area_2021-12-14.txt,2021-12-14,8/17/2021,2021
2018,Flatirons,Flatirons,42,False,True,enrollment_update_05_births_by_elem_attendance_area_2021-12-14.txt,2021-12-14,8/17/2021,2021
2018,Foothill,Foothill,57,False,True,enrollment_update_05_births_by_elem_attendance_area_2021-12-14.txt,2021-12-14,8/17/2021,2021
2018,Gold Hill,Gold Hill,2,False,True,enrollment_update_05_births_by_elem_attendance_area_2021-12-14.txt,2021-12-14,8/17/2021,2021
2018,Heatherwood,Heatherwood,46,False,True,enrollment_update_05_births_by_elem_attendance_area_2021-12-14.txt,2021-12-14,8/17/2021,2021
2018,Jamestown,Jamestown,2,False,True,enrollment_update_05_births_by_elem_attendance_area_2021-12-14.txt,2021-12-14,8/17/2021,2021
2018,Kohl,Kohl,47,False,True,enrollment_update_05_births_by_elem_attendance_area_2021-12-14.txt,2021-12-14,8/17/2021,2021
2018,Lafayette,Lafayette,116,False,True,enrollment_update_05_births_by_elem_attendance_area_2021-12-14.txt,2021-12-14,8/17/2021,2021
2018,Louisville,Louisville,68,False,True,enrollment_update_05_births_by_elem_attendance_area_2021-12-14.txt,2021-12-14,8/17/2021,2021
2018,Meadowlark,Meadowlark,44,False,True,enrollment_update_05_births_by_elem_attendance_area_2021-12-14.txt,2021-12-14,8/17/2021,2021
2018,Mesa,Mesa,17,False,True,enrollment_update_05_births_by_elem_attendance_area_2021-12-14.txt,2021-12-14,8/17/2021,2021
2018,Monarch (K-5),Monarch,58,False,True,enrollment_update_05_births_by_elem_attendance_area_2021-12-14.txt,2021-12-14,8/17/2021,2021
2018,Nederland,Nederland,55,False,True,enrollment_update_05_births_by_elem_attendance_area_2021-12-14.txt,2021-12-14,8/17/2021,2021
2018,Ryan,Ryan,114,False,True,enrollment_update_05_births_by_elem_attendance_area_2021-12-14.txt,2021-12-14,8/17/2021,2021
2018,Sanchez,Sanchez,86,False,True,enrollment_update_05_births_by_elem_attendance_area_2021-12-14.txt,2021-12-14,8/17/2021,2021
2018,Superior,Superior,38,False,True,enrollment_update_05_births_by_elem_attendance_area_2021-12-14.txt,2021-12-14,8/17/2021,2021
2018,Unlocated,Unlocated,0,False,True,enrollment_update_05_births_by_elem_attendance_area_2021-12-14.txt,2021-12-14,8/17/2021,2021
2018,Whittier,Whittier,84,False,True,enrollment_update_05_births_by_elem_attendance_area_2021-12-14.txt,2021-12-14,8/17/2021,2021
2018,BVSD,BVSD,1604,True,True,enrollment_update_05_births_by_elem_attendance_area_2021-12-14.txt,2021-12-14,8/17/2021,2021
2018,Boulder Total,Boulder Total,639,True,True,enrollment_update_05_births_by_elem_attendance_area_2021-12-14.txt,2021-12-14,8/17/2021,2021
2018,E County Total,E County Total,883,True,True,enrollment_update_05_births_by_elem_attendance_area_2021-12-14.txt,2021-12-14,8/17/2021,2021
2019,Aspen Crk,Aspen Creek,48,False,True,enrollment_update_05_births_by_elem_attendance_area_2021-12-14.txt,2021-12-14,8/17/2021,2021
2019,BC-Creekside,BC-Creekside,3,False,True,enrollment_update_05_births_by_elem_attendance_area_2021-12-14.txt,2021-12-14,8/17/2021,2021
2019,BC-Mesa,BC-Mesa,8,False,True,enrollment_update_05_births_by_elem_attendance_area_2021-12-14.txt,2021-12-14,8/17/2021,2021
2019,Bear Creek,Bear Creek,10,False,True,enrollment_update_05_births_by_elem_attendance_area_2021-12-14.txt,2021-12-14,8/17/2021,2021
2019,Birch,Birch,48,False,True,enrollment_update_05_births_by_elem_attendance_area_2021-12-14.txt,2021-12-14,8/17/2021,2021
2019,Coal Creek,Coal Creek,38,False,True,enrollment_update_05_births_by_elem_attendance_area_2021-12-14.txt,2021-12-14,8/17/2021,2021
2019,Columbine,Columbine,92,False,True,enrollment_update_05_births_by_elem_attendance_area_2021-12-14.txt,2021-12-14,8/17/2021,2021
2019,Creekside,Creekside,95,False,True,enrollment_update_05_births_by_elem_attendance_area_2021-12-14.txt,2021-12-14,8/17/2021,2021
2019,Crest View,Crest View,100,False,True,enrollment_update_05_births_by_elem_attendance_area_2021-12-14.txt,2021-12-14,8/17/2021,2021
2019,Douglass,Douglass,35,False,True,enrollment_update_05_births_by_elem_attendance_area_2021-12-14.txt,2021-12-14,8/17/2021,2021
2019,Eisenhower,Eisenhower,52,False,True,enrollment_update_05_births_by_elem_attendance_area_2021-12-14.txt,2021-12-14,8/17/2021,2021
2019,Eldorado (K-5),Eldorado,37,False,True,enrollment_update_05_births_by_elem_attendance_area_2021-12-14.txt,2021-12-14,8/17/2021,2021
2019,Emerald,Emerald,95,False,True,enrollment_update_05_births_by_elem_attendance_area_2021-12-14.txt,2021-12-14,8/17/2021,2021
2019,Fireside,Fireside,34,False,True,enrollment_update_05_births_by_elem_attendance_area_2021-12-14.txt,2021-12-14,8/17/2021,2021
2019,Flatirons,Flatirons,29,False,True,enrollment_update_05_births_by_elem_attendance_area_2021-12-14.txt,2021-12-14,8/17/2021,2021
2019,Foothill,Foothill,64,False,True,enrollment_update_05_births_by_elem_attendance_area_2021-12-14.txt,2021-12-14,8/17/2021,2021
2019,Gold Hill,Gold Hill,2,False,True,enrollment_update_05_births_by_elem_attendance_area_2021-12-14.txt,2021-12-14,8/17/2021,2021
2019,Heatherwood,Heatherwood,50,False,True,enrollment_update_05_births_by_elem_attendance_area_2021-12-14.txt,2021-12-14,8/17/2021,2021
2019,Jamestown,Jamestown,2,False,True,enrollment_update_05_births_by_elem_attendance_area_2021-12-14.txt,2021-12-14,8/17/2021,2021
2019,Kohl,Kohl,56,False,True,enrollment_update_05_births_by_elem_attendance_area_2021-12-14.txt,2021-12-14,8/17/2021,2021
2019,Lafayette,Lafayette,109,False,True,enrollment_update_05_births_by_elem_attendance_area_2021-12-14.txt,2021-12-14,8/17/2021,2021
2019,Louisville,Louisville,57,False,True,enrollment_update_05_births_by_elem_attendance_area_2021-12-14.txt,2021-12-14,8/17/2021,2021
2019,Meadowlark,Meadowlark,61,False,True,enrollment_update_05_births_by_elem_attendance_area_2021-12-14.txt,2021-12-14,8/17/2021,2021
2019,Mesa,Mesa,12,False,True,enrollment_update_05_births_by_elem_attendance_area_2021-12-14.txt,2021-12-14,8/17/2021,2021
2019,Monarch (K-5),Monarch,62,False,True,enrollment_update_05_births_by_elem_attendance_area_2021-12-14.txt,2021-12-14,8/17/2021,2021
2019,Nederland,Nederland,47,False,True,enrollment_update_05_births_by_elem_attendance_area_2021-12-14.txt,2021-12-14,8/17/2021,2021
2019,Ryan,Ryan,124,False,True,enrollment_update_05_births_by_elem_attendance_area_2021-12-14.txt,2021-12-14,8/17/2021,2021
2019,Sanchez,Sanchez,85,False,True,enrollment_update_05_births_by_elem_attendance_area_2021-12-14.txt,2021-12-14,8/17/2021,2021
2019,Superior,Superior,38,False,True,enrollment_update_05_births_by_elem_attendance_area_2021-12-14.txt,2021-12-14,8/17/2021,2021
2019,Unlocated,Unlocated,0,False,True,enrollment_update_05_births_by_elem_attendance_area_2021-12-14.txt,2021-12-14,8/17/2021,2021
2019,Whittier,Whittier,90,False,True,enrollment_update_05_births_by_elem_attendance_area_2021-12-14.txt,2021-12-14,8/17/2021,2021
2019,BVSD,BVSD,1583,True,True,enrollment_update_05_births_by_elem_attendance_area_2021-12-14.txt,2021-12-14,8/17/2021,2021
2019,Boulder Total,Boulder Total,605,True,True,enrollment_update_05_births_by_elem_attendance_area_2021-12-14.txt,2021-12-14,8/17/2021,2021
2019,E County Total,E County Total,890,True,True,enrollment_update_05_births_by_elem_attendance_area_2021-12-14.txt,2021-12-14,8/17/2021,2021
2020,Aspen Crk,Aspen Creek,65,False,True,enrollment_update_05_births_by_elem_attendance_area_2021-12-14.txt,2021-12-14,8/17/2021,2021
2020,BC-Creekside,BC-Creekside,6,False,True,enrollment_update_05_births_by_elem_attendance_area_2021-12-14.txt,2021-12-14,8/17/2021,2021
2020,BC-Mesa,BC-Mesa,11,False,True,enrollment_update_05_births_by_elem_attendance_area_2021-12-14.txt,2021-12-14,8/17/2021,2021
2020,Bear Creek,Bear Creek,10,False,True,enrollment_update_05_births_by_elem_attendance_area_2021-12-14.txt,2021-12-14,8/17/2021,2021
2020,Birch,Birch,33,False,True,enrollment_update_05_births_by_elem_attendance_area_2021-12-14.txt,2021-12-14,8/17/2021,2021
2020,Coal Creek,Coal Creek,37,False,True,enrollment_update_05_births_by_elem_attendance_area_2021-12-14.txt,2021-12-14,8/17/2021,2021
2020,Columbine,Columbine,108,False,True,enrollment_update_05_births_by_elem_attendance_area_2021-12-14.txt,2021-12-14,8/17/2021,2021
2020,Creekside,Creekside,87,False,True,enrollment_update_05_births_by_elem_attendance_area_2021-12-14.txt,2021-12-14,8/17/2021,2021
2020,Crest View,Crest View,122,False,True,enrollment_update_05_births_by_elem_attendance_area_2021-12-14.txt,2021-12-14,8/17/2021,2021
2020,Douglass,Douglass,39,False,True,enrollment_update_05_births_by_elem_attendance_area_2021-12-14.txt,2021-12-14,8/17/2021,2021
2020,Eisenhower,Eisenhower,54,False,True,enrollment_update_05_births_by_elem_attendance_area_2021-12-14.txt,2021-12-14,8/17/2021,2021
2020,Eldorado (K-5),Eldorado,28,False,True,enrollment_update_05_births_by_elem_attendance_area_2021-12-14.txt,2021-12-14,8/17/2021,2021
2020,Emerald,Emerald,85,False,True,enrollment_update_05_births_by_elem_attendance_area_2021-12-14.txt,2021-12-14,8/17/2021,2021
2020,Fireside,Fireside,38,False,True,enrollment_update_05_births_by_elem_attendance_area_2021-12-14.txt,2021-12-14,8/17/2021,2021
2020,Flatirons,Flatirons,38,False,True,enrollment_update_05_births_by_elem_attendance_area_2021-12-14.txt,2021-12-14,8/17/2021,2021
2020,Foothill,Foothill,77,False,True,enrollment_update_05_births_by_elem_attendance_area_2021-12-14.txt,2021-12-14,8/17/2021,2021
2020,Gold Hill,Gold Hill,4,False,True,enrollment_update_05_births_by_elem_attendance_area_2021-12-14.txt,2021-12-14,8/17/2021,2021
2020,Heatherwood,Heatherwood,52,False,True,enrollment_update_05_births_by_elem_attendance_area_2021-12-14.txt,2021-12-14,8/17/2021,2021
2020,Jamestown,Jamestown,3,False,True,enrollment_update_05_births_by_elem_attendance_area_2021-12-14.txt,2021-12-14,8/17/2021,2021
2020,Kohl,Kohl,53,False,True,enrollment_update_05_births_by_elem_attendance_area_2021-12-14.txt,2021-12-14,8/17/2021,2021
2020,Lafayette,Lafayette,100,False,True,enrollment_update_05_births_by_elem_attendance_area_2021-12-14.txt,2021-12-14,8/17/2021,2021
2020,Louisville,Louisville,64,False,True,enrollment_update_05_births_by_elem_attendance_area_2021-12-14.txt,2021-12-14,8/17/2021,2021
2020,Meadowlark,Meadowlark,47,False,True,enrollment_update_05_births_by_elem_attendance_area_2021-12-14.txt,2021-12-14,8/17/2021,2021
2020,Mesa,Mesa,18,False,True,enrollment_update_05_births_by_elem_attendance_area_2021-12-14.txt,2021-12-14,8/17/2021,2021
2020,Monarch (K-5),Monarch,70,False,True,enrollment_update_05_births_by_elem_attendance_area_2021-12-14.txt,2021-12-14,8/17/2021,2021
2020,Nederland,Nederland,64,False,True,enrollment_update_05_births_by_elem_attendance_area_2021-12-14.txt,2021-12-14,8/17/2021,2021
2020,Ryan,Ryan,115,False,True,enrollment_update_05_births_by_elem_attendance_area_2021-12-14.txt,2021-12-14,8/17/2021,2021
2020,Sanchez,Sanchez,75,False,True,enrollment_update_05_births_by_elem_attendance_area_2021-12-14.txt,2021-12-14,8/17/2021,2021
2020,Superior,Superior,36,False,True,enrollment_update_05_births_by_elem_attendance_area_2021-12-14.txt,2021-12-14,8/17/2021,2021
2020,Unlocated,Unlocated,0,False,True,enrollment_update_05_births_by_elem_attendance_area_2021-12-14.txt,2021-12-14,8/17/2021,2021
2020,Whittier,Whittier,47,False,True,enrollment_update_05_births_by_elem_attendance_area_2021-12-14.txt,2021-12-14,8/17/2021,2021
2020,BVSD,BVSD,1586,True,True,enrollment_update_05_births_by_elem_attendance_area_2021-12-14.txt,2021-12-14,8/17/2021,2021
2020,Boulder Total,Boulder Total,630,True,True,enrollment_update_05_births_by_elem_attendance_area_2021-12-14.txt,2021-12-14,8/17/2021,2021
2020,E County Total,E County Total,857,True,True,enrollment_update_05_births_by_elem_attendance_area_2021-12-14.txt,2021-12-14,8/17/2021,2021
2004,Aspen Crk,Aspen Creek,57,False,True,08_births_and_k_analysis_2023-01-10.txt,2023-01-10,7/25/2022,2022
2004,BC-Creekside,BC-Creekside,7,False,True,08_births_and_k_analysis_2023-01-10.txt,2023-01-10,7/25/2022,2022
2004,BC-Mesa,BC-Mesa,26,False,True,08_births_and_k_analysis_2023-01-10.txt,2023-01-10,7/25/2022,2022
2004,Bear Creek,Bear Creek,14,False,True,08_births_and_k_analysis_2023-01-10.txt,2023-01-10,7/25/2022,2022
2004,Birch,Birch,58,False,True,08_births_and_k_analysis_2023-01-10.txt,2023-01-10,7/25/2022,2022
2004,Coal Creek,Coal Creek,49,False,True,08_births_and_k_analysis_2023-01-10.txt,2023-01-10,7/25/2022,2022
2004,Columbine,Columbine,175,False,True,08_births_and_k_analysis_2023-01-10.txt,2023-01-10,7/25/2022,2022
2004,Creekside,Creekside,145,False,True,08_births_and_k_analysis_2023-01-10.txt,2023-01-10,7/25/2022,2022
2004,Crest View,Crest View,150,False,True,08_births_and_k_analysis_2023-01-10.txt,2023-01-10,7/25/2022,2022
2004,Douglass,Douglass,43,False,True,08_births_and_k_analysis_2023-01-10.txt,2023-01-10,7/25/2022,2022
2004,Eisenhower,Eisenhower,74,False,True,08_births_and_k_analysis_2023-01-10.txt,2023-01-10,7/25/2022,2022
2004,Eldorado (K-5),Eldorado,79,False,True,08_births_and_k_analysis_2023-01-10.txt,2023-01-10,7/25/2022,2022
2004,Emerald,Emerald,78,False,True,08_births_and_k_analysis_2023-01-10.txt,2023-01-10,7/25/2022,2022
2004,Fireside,Fireside,63,False,True,08_births_and_k_analysis_2023-01-10.txt,2023-01-10,7/25/2022,2022
2004,Flatirons,Flatirons,63,False,True,08_births_and_k_analysis_2023-01-10.txt,2023-01-10,7/25/2022,2022
2004,Foothill,Foothill,100,False,True,08_births_and_k_analysis_2023-01-10.txt,2023-01-10,7/25/2022,2022
2004,Gold Hill,Gold Hill,3,False,True,08_births_and_k_analysis_2023-01-10.txt,2023-01-10,7/25/2022,2022
2004,Heatherwood,Heatherwood,58,False,True,08_births_and_k_analysis_2023-01-10.txt,2023-01-10,7/25/2022,2022
2004,Jamestown,Jamestown,7,False,True,08_births_and_k_analysis_2023-01-10.txt,2023-01-10,7/25/2022,2022
2004,Kohl,Kohl,54,False,True,08_births_and_k_analysis_2023-01-10.txt,2023-01-10,7/25/2022,2022
2004,Lafayette,Lafayette,101,False,True,08_births_and_k_analysis_2023-01-10.txt,2023-01-10,7/25/2022,2022
2004,Louisville,Louisville,74,False,True,08_births_and_k_analysis_2023-01-10.txt,2023-01-10,7/25/2022,2022
2004,Meadowlark,Meadowlark,61,False,True,08_births_and_k_analysis_2023-01-10.txt,2023-01-10,7/25/2022,2022
2004,Mesa,Mesa,33,False,True,08_births_and_k_analysis_2023-01-10.txt,2023-01-10,7/25/2022,2022
2004,Monarch (K-5),Monarch,47,False,True,08_births_and_k_analysis_2023-01-10.txt,2023-01-10,7/25/2022,2022
2004,Nederland,Nederland,73,False,True,08_births_and_k_analysis_2023-01-10.txt,2023-01-10,7/25/2022,2022
2004,Ryan,Ryan,115,False,True,08_births_and_k_analysis_2023-01-10.txt,2023-01-10,7/25/2022,2022
2004,Sanchez,Sanchez,93,False,True,08_births_and_k_analysis_2023-01-10.txt,2023-01-10,7/25/2022,2022
2004,Superior,Superior,76,False,True,08_births_and_k_analysis_2023-01-10.txt,2023-01-10,7/25/2022,2022
2004,Unlocated,Unlocated,1,False,True,08_births_and_k_analysis_2023-01-10.txt,2023-01-10,7/25/2022,2022
2004,Whittier,Whittier,136,False,True,08_births_and_k_analysis_2023-01-10.txt,2023-01-10,7/25/2022,2022
2004,BVSD,BVSD,2113,True,True,08_births_and_k_analysis_2023-01-10.txt,2023-01-10,7/25/2022,2022
2004,Boulder Total,Boulder Total,981,True,True,08_births_and_k_analysis_2023-01-10.txt,2023-01-10,7/25/2022,2022
2004,E County Total,E County Total,969,True,True,08_births_and_k_analysis_2023-01-10.txt,2023-01-10,7/25/2022,2022
2005,Aspen Crk,Aspen Creek,53,False,True,08_births_and_k_analysis_2023-01-10.txt,2023-01-10,7/25/2022,2022
2005,BC-Creekside,BC-Creekside,6,False,True,08_births_and_k_analysis_2023-01-10.txt,2023-01-10,7/25/2022,2022
2005,BC-Mesa,BC-Mesa,26,False,True,08_births_and_k_analysis_2023-01-10.txt,2023-01-10,7/25/2022,2022
2005,Bear Creek,Bear Creek,26,False,True,08_births_and_k_analysis_2023-01-10.txt,2023-01-10,7/25/2022,2022
2005,Birch,Birch,60,False,True,08_births_and_k_analysis_2023-01-10.txt,2023-01-10,7/25/2022,2022
2005,Coal Creek,Coal Creek,51,False,True,08_births_and_k_analysis_2023-01-10.txt,2023-01-10,7/25/2022,2022
2005,Columbine,Columbine,163,False,True,08_births_and_k_analysis_2023-01-10.txt,2023-01-10,7/25/2022,2022
2005,Creekside,Creekside,166,False,True,08_births_and_k_analysis_2023-01-10.txt,2023-01-10,7/25/2022,2022
2005,Crest View,Crest View,134,False,True,08_births_and_k_analysis_2023-01-10.txt,2023-01-10,7/25/2022,2022
2005,Douglass,Douglass,44,False,True,08_births_and_k_analysis_2023-01-10.txt,2023-01-10,7/25/2022,2022
2005,Eisenhower,Eisenhower,84,False,True,08_births_and_k_analysis_2023-01-10.txt,2023-01-10,7/25/2022,2022
2005,Eldorado (K-5),Eldorado,76,False,True,08_births_and_k_analysis_2023-01-10.txt,2023-01-10,7/25/2022,2022
2005,Emerald,Emerald,77,False,True,08_births_and_k_analysis_2023-01-10.txt,2023-01-10,7/25/2022,2022
2005,Fireside,Fireside,66,False,True,08_births_and_k_analysis_2023-01-10.txt,2023-01-10,7/25/2022,2022
2005,Flatirons,Flatirons,61,False,True,08_births_and_k_analysis_2023-01-10.txt,2023-01-10,7/25/2022,2022
2005,Foothill,Foothill,95,False,True,08_births_and_k_analysis_2023-01-10.txt,2023-01-10,7/25/2022,2022
2005,Gold Hill,Gold Hill,3,False,True,08_births_and_k_analysis_2023-01-10.txt,2023-01-10,7/25/2022,2022
2005,Heatherwood,Heatherwood,70,False,True,08_births_and_k_analysis_2023-01-10.txt,2023-01-10,7/25/2022,2022
2005,Jamestown,Jamestown,4,False,True,08_births_and_k_analysis_2023-01-10.txt,2023-01-10,7/25/2022,2022
2005,Kohl,Kohl,50,False,True,08_births_and_k_analysis_2023-01-10.txt,2023-01-10,7/25/2022,2022
2005,Lafayette,Lafayette,122,False,True,08_births_and_k_analysis_2023-01-10.txt,2023-01-10,7/25/2022,2022
2005,Louisville,Louisville,65,False,True,08_births_and_k_analysis_2023-01-10.txt,2023-01-10,7/25/2022,2022
2005,Meadowlark,Meadowlark,36,False,True,08_births_and_k_analysis_2023-01-10.txt,2023-01-10,7/25/2022,2022
2005,Mesa,Mesa,30,False,True,08_births_and_k_analysis_2023-01-10.txt,2023-01-10,7/25/2022,2022
2005,Monarch (K-5),Monarch,41,False,True,08_births_and_k_analysis_2023-01-10.txt,2023-01-10,7/25/2022,2022
2005,Nederland,Nederland,101,False,True,08_births_and_k_analysis_2023-01-10.txt,2023-01-10,7/25/2022,2022
2005,Ryan,Ryan,122,False,True,08_births_and_k_analysis_2023-01-10.txt,2023-01-10,7/25/2022,2022
2005,Sanchez,Sanchez,93,False,True,08_births_and_k_analysis_2023-01-10.txt,2023-01-10,7/25/2022,2022
2005,Superior,Superior,70,False,True,08_births_and_k_analysis_2023-01-10.txt,2023-01-10,7/25/2022,2022
2005,Unlocated,Unlocated,0,False,True,08_births_and_k_analysis_2023-01-10.txt,2023-01-10,7/25/2022,2022
2005,Whittier,Whittier,114,False,True,08_births_and_k_analysis_2023-01-10.txt,2023-01-10,7/25/2022,2022
2005,BVSD,BVSD,2109,True,True,08_births_and_k_analysis_2023-01-10.txt,2023-01-10,7/25/2022,2022
2005,Boulder Total,Boulder Total,975,True,True,08_births_and_k_analysis_2023-01-10.txt,2023-01-10,7/25/2022,2022
2005,E County Total,E County Total,950,True,True,08_births_and_k_analysis_2023-01-10.txt,2023-01-10,7/25/2022,2022
2006,Aspen Crk,Aspen Creek,62,False,True,08_births_and_k_analysis_2023-01-10.txt,2023-01-10,7/25/2022,2022
2006,BC-Creekside,BC-Creekside,3,False,True,08_births_and_k_analysis_2023-01-10.txt,2023-01-10,7/25/2022,2022
2006,BC-Mesa,BC-Mesa,21,False,True,08_births_and_k_analysis_2023-01-10.txt,2023-01-10,7/25/2022,2022
2006,Bear Creek,Bear Creek,17,False,True,08_births_and_k_analysis_2023-01-10.txt,2023-01-10,7/25/2022,2022
2006,Birch,Birch,64,False,True,08_births_and_k_analysis_2023-01-10.txt,2023-01-10,7/25/2022,2022
2006,Coal Creek,Coal Creek,72,False,True,08_births_and_k_analysis_2023-01-10.txt,2023-01-10,7/25/2022,2022
2006,Columbine,Columbine,168,False,True,08_births_and_k_analysis_2023-01-10.txt,2023-01-10,7/25/2022,2022
2006,Creekside,Creekside,145,False,True,08_births_and_k_analysis_2023-01-10.txt,2023-01-10,7/25/2022,2022
2006,Crest View,Crest View,115,False,True,08_births_and_k_analysis_2023-01-10.txt,2023-01-10,7/25/2022,2022
2006,Douglass,Douglass,47,False,True,08_births_and_k_analysis_2023-01-10.txt,2023-01-10,7/25/2022,2022
2006,Eisenhower,Eisenhower,81,False,True,08_births_and_k_analysis_2023-01-10.txt,2023-01-10,7/25/2022,2022
2006,Eldorado (K-5),Eldorado,78,False,True,08_births_and_k_analysis_2023-01-10.txt,2023-01-10,7/25/2022,2022
2006,Emerald,Emerald,96,False,True,08_births_and_k_analysis_2023-01-10.txt,2023-01-10,7/25/2022,2022
2006,Fireside,Fireside,57,False,True,08_births_and_k_analysis_2023-01-10.txt,2023-01-10,7/25/2022,2022
2006,Flatirons,Flatirons,58,False,True,08_births_and_k_analysis_2023-01-10.txt,2023-01-10,7/25/2022,2022
2006,Foothill,Foothill,115,False,True,08_births_and_k_analysis_2023-01-10.txt,2023-01-10,7/25/2022,2022
2006,Gold Hill,Gold Hill,1,False,True,08_births_and_k_analysis_2023-01-10.txt,2023-01-10,7/25/2022,2022
2006,Heatherwood,Heatherwood,64,False,True,08_births_and_k_analysis_2023-01-10.txt,2023-01-10,7/25/2022,2022
2006,Jamestown,Jamestown,6,False,True,08_births_and_k_analysis_2023-01-10.txt,2023-01-10,7/25/2022,2022
2006,Kohl,Kohl,50,False,True,08_births_and_k_analysis_2023-01-10.txt,2023-01-10,7/25/2022,2022
2006,Lafayette,Lafayette,121,False,True,08_births_and_k_analysis_2023-01-10.txt,2023-01-10,7/25/2022,2022
2006,Louisville,Louisville,68,False,True,08_births_and_k_analysis_2023-01-10.txt,2023-01-10,7/25/2022,2022
2006,Meadowlark,Meadowlark,44,False,True,08_births_and_k_analysis_2023-01-10.txt,2023-01-10,7/25/2022,2022
2006,Mesa,Mesa,19,False,True,08_births_and_k_analysis_2023-01-10.txt,2023-01-10,7/25/2022,2022
2006,Monarch (K-5),Monarch,45,False,True,08_births_and_k_analysis_2023-01-10.txt,2023-01-10,7/25/2022,2022
2006,Nederland,Nederland,84,False,True,08_births_and_k_analysis_2023-01-10.txt,2023-01-10,7/25/2022,2022
2006,Ryan,Ryan,117,False,True,08_births_and_k_analysis_2023-01-10.txt,2023-01-10,7/25/2022,2022
2006,Sanchez,Sanchez,111,False,True,08_births_and_k_analysis_2023-01-10.txt,2023-01-10,7/25/2022,2022
2006,Superior,Superior,59,False,True,08_births_and_k_analysis_2023-01-10.txt,2023-01-10,7/25/2022,2022
2006,Unlocated,Unlocated,3,False,True,08_births_and_k_analysis_2023-01-10.txt,2023-01-10,7/25/2022,2022
2006,Whittier,Whittier,114,False,True,08_births_and_k_analysis_2023-01-10.txt,2023-01-10,7/25/2022,2022
2006,BVSD,BVSD,2105,True,True,08_births_and_k_analysis_2023-01-10.txt,2023-01-10,7/25/2022,2022
2006,Boulder Total,Boulder Total,920,True,True,08_births_and_k_analysis_2023-01-10.txt,2023-01-10,7/25/2022,2022
2006,E County Total,E County Total,1013,True,True,08_births_and_k_analysis_2023-01-10.txt,2023-01-10,7/25/2022,2022
2007,Aspen Crk,Aspen Creek,52,False,True,08_births_and_k_analysis_2023-01-10.txt,2023-01-10,7/25/2022,2022
2007,BC-Creekside,BC-Creekside,5,False,True,08_births_and_k_analysis_2023-01-10.txt,2023-01-10,7/25/2022,2022
2007,BC-Mesa,BC-Mesa,22,False,True,08_births_and_k_analysis_2023-01-10.txt,2023-01-10,7/25/2022,2022
2007,Bear Creek,Bear Creek,23,False,True,08_births_and_k_analysis_2023-01-10.txt,2023-01-10,7/25/2022,2022
2007,Birch,Birch,52,False,True,08_births_and_k_analysis_2023-01-10.txt,2023-01-10,7/25/2022,2022
2007,Coal Creek,Coal Creek,55,False,True,08_births_and_k_analysis_2023-01-10.txt,2023-01-10,7/25/2022,2022
2007,Columbine,Columbine,157,False,True,08_births_and_k_analysis_2023-01-10.txt,2023-01-10,7/25/2022,2022
2007,Creekside,Creekside,156,False,True,08_births_and_k_analysis_2023-01-10.txt,2023-01-10,7/25/2022,2022
2007,Crest View,Crest View,144,False,True,08_births_and_k_analysis_2023-01-10.txt,2023-01-10,7/25/2022,2022
2007,Douglass,Douglass,54,False,True,08_births_and_k_analysis_2023-01-10.txt,2023-01-10,7/25/2022,2022
2007,Eisenhower,Eisenhower,100,False,True,08_births_and_k_analysis_2023-01-10.txt,2023-01-10,7/25/2022,2022
2007,Eldorado (K-5),Eldorado,65,False,True,08_births_and_k_analysis_2023-01-10.txt,2023-01-10,7/25/2022,2022
2007,Emerald,Emerald,89,False,True,08_births_and_k_analysis_2023-01-10.txt,2023-01-10,7/25/2022,2022
2007,Fireside,Fireside,47,False,True,08_births_and_k_analysis_2023-01-10.txt,2023-01-10,7/25/2022,2022
2007,Flatirons,Flatirons,56,False,True,08_births_and_k_analysis_2023-01-10.txt,2023-01-10,7/25/2022,2022
2007,Foothill,Foothill,84,False,True,08_births_and_k_analysis_2023-01-10.txt,2023-01-10,7/25/2022,2022
2007,Gold Hill,Gold Hill,1,False,True,08_births_and_k_analysis_2023-01-10.txt,2023-01-10,7/25/2022,2022
2007,Heatherwood,Heatherwood,69,False,True,08_births_and_k_analysis_2023-01-10.txt,2023-01-10,7/25/2022,2022
2007,Jamestown,Jamestown,2,False,True,08_births_and_k_analysis_2023-01-10.txt,2023-01-10,7/25/2022,2022
2007,Kohl,Kohl,45,False,True,08_births_and_k_analysis_2023-01-10.txt,2023-01-10,7/25/2022,2022
2007,Lafayette,Lafayette,113,False,True,08_births_and_k_analysis_2023-01-10.txt,2023-01-10,7/25/2022,2022
2007,Louisville,Louisville,90,False,True,08_births_and_k_analysis_2023-01-10.txt,2023-01-10,7/25/2022,2022
2007,Meadowlark,Meadowlark,34,False,True,08_births_and_k_analysis_2023-01-10.txt,2023-01-10,7/25/2022,2022
2007,Mesa,Mesa,31,False,True,08_births_and_k_analysis_2023-01-10.txt,2023-01-10,7/25/2022,2022
2007,Monarch (K-5),Monarch,57,False,True,08_births_and_k_analysis_2023-01-10.txt,2023-01-10,7/25/2022,2022
2007,Nederland,Nederland,65,False,True,08_births_and_k_analysis_2023-01-10.txt,2023-01-10,7/25/2022,2022
2007,Ryan,Ryan,124,False,True,08_births_and_k_analysis_2023-01-10.txt,2023-01-10,7/25/2022,2022
2007,Sanchez,Sanchez,96,False,True,08_births_and_k_analysis_2023-01-10.txt,2023-01-10,7/25/2022,2022
2007,Superior,Superior,55,False,True,08_births_and_k_analysis_2023-01-10.txt,2023-01-10,7/25/2022,2022
2007,Unlocated,Unlocated,0,False,True,08_births_and_k_analysis_2023-01-10.txt,2023-01-10,7/25/2022,2022
2007,Whittier,Whittier,115,False,True,08_births_and_k_analysis_2023-01-10.txt,2023-01-10,7/25/2022,2022
2007,BVSD,BVSD,2058,True,True,08_births_and_k_analysis_2023-01-10.txt,2023-01-10,7/25/2022,2022
2007,Boulder Total,Boulder Total,962,True,True,08_births_and_k_analysis_2023-01-10.txt,2023-01-10,7/25/2022,2022
2007,E County Total,E County Total,963,True,True,08_births_and_k_analysis_2023-01-10.txt,2023-01-10,7/25/2022,2022
2008,Aspen Crk,Aspen Creek,56,False,True,08_births_and_k_analysis_2023-01-10.txt,2023-01-10,7/25/2022,2022
2008,BC-Creekside,BC-Creekside,6,False,True,08_births_and_k_analysis_2023-01-10.txt,2023-01-10,7/25/2022,2022
2008,BC-Mesa,BC-Mesa,27,False,True,08_births_and_k_analysis_2023-01-10.txt,2023-01-10,7/25/2022,2022
2008,Bear Creek,Bear Creek,18,False,True,08_births_and_k_analysis_2023-01-10.txt,2023-01-10,7/25/2022,2022
2008,Birch,Birch,60,False,True,08_births_and_k_analysis_2023-01-10.txt,2023-01-10,7/25/2022,2022
2008,Coal Creek,Coal Creek,54,False,True,08_births_and_k_analysis_2023-01-10.txt,2023-01-10,7/25/2022,2022
2008,Columbine,Columbine,155,False,True,08_births_and_k_analysis_2023-01-10.txt,2023-01-10,7/25/2022,2022
2008,Creekside,Creekside,176,False,True,08_births_and_k_analysis_2023-01-10.txt,2023-01-10,7/25/2022,2022
2008,Crest View,Crest View,114,False,True,08_births_and_k_analysis_2023-01-10.txt,2023-01-10,7/25/2022,2022
2008,Douglass,Douglass,57,False,True,08_births_and_k_analysis_2023-01-10.txt,2023-01-10,7/25/2022,2022
2008,Eisenhower,Eisenhower,82,False,True,08_births_and_k_analysis_2023-01-10.txt,2023-01-10,7/25/2022,2022
2008,Eldorado (K-5),Eldorado,61,False,True,08_births_and_k_analysis_2023-01-10.txt,2023-01-10,7/25/2022,2022
2008,Emerald,Emerald,95,False,True,08_births_and_k_analysis_2023-01-10.txt,2023-01-10,7/25/2022,2022
2008,Fireside,Fireside,53,False,True,08_births_and_k_analysis_2023-01-10.txt,2023-01-10,7/25/2022,2022
2008,Flatirons,Flatirons,53,False,True,08_births_and_k_analysis_2023-01-10.txt,2023-01-10,7/25/2022,2022
2008,Foothill,Foothill,119,False,True,08_births_and_k_analysis_2023-01-10.txt,2023-01-10,7/25/2022,2022
2008,Gold Hill,Gold Hill,1,False,True,08_births_and_k_analysis_2023-01-10.txt,2023-01-10,7/25/2022,2022
2008,Heatherwood,Heatherwood,54,False,True,08_births_and_k_analysis_2023-01-10.txt,2023-01-10,7/25/2022,2022
2008,Jamestown,Jamestown,5,False,True,08_births_and_k_analysis_2023-01-10.txt,2023-01-10,7/25/2022,2022
2008,Kohl,Kohl,57,False,True,08_births_and_k_analysis_2023-01-10.txt,2023-01-10,7/25/2022,2022
2008,Lafayette,Lafayette,113,False,True,08_births_and_k_analysis_2023-01-10.txt,2023-01-10,7/25/2022,2022
2008,Louisville,Louisville,77,False,True,08_births_and_k_analysis_2023-01-10.txt,2023-01-10,7/25/2022,2022
2008,Meadowlark,Meadowlark,39,False,True,08_births_and_k_analysis_2023-01-10.txt,2023-01-10,7/25/2022,2022
2008,Mesa,Mesa,25,False,True,08_births_and_k_analysis_2023-01-10.txt,2023-01-10,7/25/2022,2022
2008,Monarch (K-5),Monarch,45,False,True,08_births_and_k_analysis_2023-01-10.txt,2023-01-10,7/25/2022,2022
2008,Nederland,Nederland,63,False,True,08_births_and_k_analysis_2023-01-10.txt,2023-01-10,7/25/2022,2022
2008,Ryan,Ryan,114,False,True,08_births_and_k_analysis_2023-01-10.txt,2023-01-10,7/25/2022,2022
2008,Sanchez,Sanchez,89,False,True,08_births_and_k_analysis_2023-01-10.txt,2023-01-10,7/25/2022,2022
2008,Superior,Superior,58,False,True,08_births_and_k_analysis_2023-01-10.txt,2023-01-10,7/25/2022,2022
2008,Unlocated,Unlocated,0,False,True,08_births_and_k_analysis_2023-01-10.txt,2023-01-10,7/25/2022,2022
2008,Whittier,Whittier,110,False,True,08_births_and_k_analysis_2023-01-10.txt,2023-01-10,7/25/2022,2022
2008,BVSD,BVSD,2036,True,True,08_births_and_k_analysis_2023-01-10.txt,2023-01-10,7/25/2022,2022
2008,Boulder Total,Boulder Total,939,True,True,08_births_and_k_analysis_2023-01-10.txt,2023-01-10,7/25/2022,2022
2008,E County Total,E County Total,967,True,True,08_births_and_k_analysis_2023-01-10.txt,2023-01-10,7/25/2022,2022
2009,Aspen Crk,Aspen Creek,65,False,True,08_births_and_k_analysis_2023-01-10.txt,2023-01-10,7/25/2022,2022
2009,BC-Creekside,BC-Creekside,2,False,True,08_births_and_k_analysis_2023-01-10.txt,2023-01-10,7/25/2022,2022
2009,BC-Mesa,BC-Mesa,25,False,True,08_births_and_k_analysis_2023-01-10.txt,2023-01-10,7/25/2022,2022
2009,Bear Creek,Bear Creek,25,False,True,08_births_and_k_analysis_2023-01-10.txt,2023-01-10,7/25/2022,2022
2009,Birch,Birch,46,False,True,08_births_and_k_analysis_2023-01-10.txt,2023-01-10,7/25/2022,2022
2009,Coal Creek,Coal Creek,68,False,True,08_births_and_k_analysis_2023-01-10.txt,2023-01-10,7/25/2022,2022
2009,Columbine,Columbine,153,False,True,08_births_and_k_analysis_2023-01-10.txt,2023-01-10,7/25/2022,2022
2009,Creekside,Creekside,159,False,True,08_births_and_k_analysis_2023-01-10.txt,2023-01-10,7/25/2022,2022
2009,Crest View,Crest View,165,False,True,08_births_and_k_analysis_2023-01-10.txt,2023-01-10,7/25/2022,2022
2009,Douglass,Douglass,47,False,True,08_births_and_k_analysis_2023-01-10.txt,2023-01-10,7/25/2022,2022
2009,Eisenhower,Eisenhower,75,False,True,08_births_and_k_analysis_2023-01-10.txt,2023-01-10,7/25/2022,2022
2009,Eldorado (K-5),Eldorado,58,False,True,08_births_and_k_analysis_2023-01-10.txt,2023-01-10,7/25/2022,2022
2009,Emerald,Emerald,77,False,True,08_births_and_k_analysis_2023-01-10.txt,2023-01-10,7/25/2022,2022
2009,Fireside,Fireside,39,False,True,08_births_and_k_analysis_2023-01-10.txt,2023-01-10,7/25/2022,2022
2009,Flatirons,Flatirons,47,False,True,08_births_and_k_analysis_2023-01-10.txt,2023-01-10,7/25/2022,2022
2009,Foothill,Foothill,92,False,True,08_births_and_k_analysis_2023-01-10.txt,2023-01-10,7/25/2022,2022
2009,Gold Hill,Gold Hill,0,False,True,08_births_and_k_analysis_2023-01-10.txt,2023-01-10,7/25/2022,2022
2009,Heatherwood,Heatherwood,77,False,True,08_births_and_k_analysis_2023-01-10.txt,2023-01-10,7/25/2022,2022
2009,Jamestown,Jamestown,4,False,True,08_births_and_k_analysis_2023-01-10.txt,2023-01-10,7/25/2022,2022
2009,Kohl,Kohl,48,False,True,08_births_and_k_analysis_2023-01-10.txt,2023-01-10,7/25/2022,2022
2009,Lafayette,Lafayette,102,False,True,08_births_and_k_analysis_2023-01-10.txt,2023-01-10,7/25/2022,2022
2009,Louisville,Louisville,72,False,True,08_births_and_k_analysis_2023-01-10.txt,2023-01-10,7/25/2022,2022
2009,Meadowlark,Meadowlark,40,False,True,08_births_and_k_analysis_2023-01-10.txt,2023-01-10,7/25/2022,2022
2009,Mesa,Mesa,31,False,True,08_births_and_k_analysis_2023-01-10.txt,2023-01-10,7/25/2022,2022
2009,Monarch (K-5),Monarch,55,False,True,08_births_and_k_analysis_2023-01-10.txt,2023-01-10,7/25/2022,2022
2009,Nederland,Nederland,63,False,True,08_births_and_k_analysis_2023-01-10.txt,2023-01-10,7/25/2022,2022
2009,Ryan,Ryan,121,False,True,08_births_and_k_analysis_2023-01-10.txt,2023-01-10,7/25/2022,2022
2009,Sanchez,Sanchez,92,False,True,08_births_and_k_analysis_2023-01-10.txt,2023-01-10,7/25/2022,2022
2009,Superior,Superior,48,False,True,08_births_and_k_analysis_2023-01-10.txt,2023-01-10,7/25/2022,2022
2009,Unlocated,Unlocated,1,False,True,08_births_and_k_analysis_2023-01-10.txt,2023-01-10,7/25/2022,2022
2009,Whittier,Whittier,115,False,True,08_births_and_k_analysis_2023-01-10.txt,2023-01-10,7/25/2022,2022
2009,BVSD,BVSD,2012,True,True,08_births_and_k_analysis_2023-01-10.txt,2023-01-10,7/25/2022,2022
2009,Boulder Total,Boulder Total,966,True,True,08_births_and_k_analysis_2023-01-10.txt,2023-01-10,7/25/2022,2022
2009,E County Total,E County Total,920,True,True,08_births_and_k_analysis_2023-01-10.txt,2023-01-10,7/25/2022,2022
2010,Aspen Crk,Aspen Creek,56,False,True,08_births_and_k_analysis_2023-01-10.txt,2023-01-10,7/25/2022,2022
2010,BC-Creekside,BC-Creekside,2,False,True,08_births_and_k_analysis_2023-01-10.txt,2023-01-10,7/25/2022,2022
2010,BC-Mesa,BC-Mesa,31,False,True,08_births_and_k_analysis_2023-01-10.txt,2023-01-10,7/25/2022,2022
2010,Bear Creek,Bear Creek,31,False,True,08_births_and_k_analysis_2023-01-10.txt,2023-01-10,7/25/2022,2022
2010,Birch,Birch,56,False,True,08_births_and_k_analysis_2023-01-10.txt,2023-01-10,7/25/2022,2022
2010,Coal Creek,Coal Creek,68,False,True,08_births_and_k_analysis_2023-01-10.txt,2023-01-10,7/25/2022,2022
2010,Columbine,Columbine,135,False,True,08_births_and_k_analysis_2023-01-10.txt,2023-01-10,7/25/2022,2022
2010,Creekside,Creekside,150,False,True,08_births_and_k_analysis_2023-01-10.txt,2023-01-10,7/25/2022,2022
2010,Crest View,Crest View,135,False,True,08_births_and_k_analysis_2023-01-10.txt,2023-01-10,7/25/2022,2022
2010,Douglass,Douglass,47,False,True,08_births_and_k_analysis_2023-01-10.txt,2023-01-10,7/25/2022,2022
2010,Eisenhower,Eisenhower,76,False,True,08_births_and_k_analysis_2023-01-10.txt,2023-01-10,7/25/2022,2022
2010,Eldorado (K-5),Eldorado,46,False,True,08_births_and_k_analysis_2023-01-10.txt,2023-01-10,7/25/2022,2022
2010,Emerald,Emerald,79,False,True,08_births_and_k_analysis_2023-01-10.txt,2023-01-10,7/25/2022,2022
2010,Fireside,Fireside,48,False,True,08_births_and_k_analysis_2023-01-10.txt,2023-01-10,7/25/2022,2022
2010,Flatirons,Flatirons,48,False,True,08_births_and_k_analysis_2023-01-10.txt,2023-01-10,7/25/2022,2022
2010,Foothill,Foothill,80,False,True,08_births_and_k_analysis_2023-01-10.txt,2023-01-10,7/25/2022,2022
2010,Gold Hill,Gold Hill,2,False,True,08_births_and_k_analysis_2023-01-10.txt,2023-01-10,7/25/2022,2022
2010,Heatherwood,Heatherwood,64,False,True,08_births_and_k_analysis_2023-01-10.txt,2023-01-10,7/25/2022,2022
2010,Jamestown,Jamestown,3,False,True,08_births_and_k_analysis_2023-01-10.txt,2023-01-10,7/25/2022,2022
2010,Kohl,Kohl,42,False,True,08_births_and_k_analysis_2023-01-10.txt,2023-01-10,7/25/2022,2022
2010,Lafayette,Lafayette,114,False,True,08_births_and_k_analysis_2023-01-10.txt,2023-01-10,7/25/2022,2022
2010,Louisville,Louisville,59,False,True,08_births_and_k_analysis_2023-01-10.txt,2023-01-10,7/25/2022,2022
2010,Meadowlark,Meadowlark,31,False,True,08_births_and_k_analysis_2023-01-10.txt,2023-01-10,7/25/2022,2022
2010,Mesa,Mesa,23,False,True,08_births_and_k_analysis_2023-01-10.txt,2023-01-10,7/25/2022,2022
2010,Monarch (K-5),Monarch,60,False,True,08_births_and_k_analysis_2023-01-10.txt,2023-01-10,7/25/2022,2022
2010,Nederland,Nederland,62,False,True,08_births_and_k_analysis_2023-01-10.txt,2023-01-10,7/25/2022,2022
2010,Ryan,Ryan,99,False,True,08_births_and_k_analysis_2023-01-10.txt,2023-01-10,7/25/2022,2022
2010,Sanchez,Sanchez,87,False,True,08_births_and_k_analysis_2023-01-10.txt,2023-01-10,7/25/2022,2022
2010,Superior,Superior,52,False,True,08_births_and_k_analysis_2023-01-10.txt,2023-01-10,7/25/2022,2022
2010,Unlocated,Unlocated,0,False,True,08_births_and_k_analysis_2023-01-10.txt,2023-01-10,7/25/2022,2022
2010,Whittier,Whittier,105,False,True,08_births_and_k_analysis_2023-01-10.txt,2023-01-10,7/25/2022,2022
2010,BVSD,BVSD,1891,True,True,08_births_and_k_analysis_2023-01-10.txt,2023-01-10,7/25/2022,2022
2010,Boulder Total,Boulder Total,880,True,True,08_births_and_k_analysis_2023-01-10.txt,2023-01-10,7/25/2022,2022
2010,E County Total,E County Total,898,True,True,08_births_and_k_analysis_2023-01-10.txt,2023-01-10,7/25/2022,2022
2011,Aspen Crk,Aspen Creek,51,False,True,08_births_and_k_analysis_2023-01-10.txt,2023-01-10,7/25/2022,2022
2011,BC-Creekside,BC-Creekside,2,False,True,08_births_and_k_analysis_2023-01-10.txt,2023-01-10,7/25/2022,2022
2011,BC-Mesa,BC-Mesa,24,False,True,08_births_and_k_analysis_2023-01-10.txt,2023-01-10,7/25/2022,2022
2011,Bear Creek,Bear Creek,20,False,True,08_births_and_k_analysis_2023-01-10.txt,2023-01-10,7/25/2022,2022
2011,Birch,Birch,49,False,True,08_births_and_k_analysis_2023-01-10.txt,2023-01-10,7/25/2022,2022
2011,Coal Creek,Coal Creek,51,False,True,08_births_and_k_analysis_2023-01-10.txt,2023-01-10,7/25/2022,2022
2011,Columbine,Columbine,155,False,True,08_births_and_k_analysis_2023-01-10.txt,2023-01-10,7/25/2022,2022
2011,Creekside,Creekside,130,False,True,08_births_and_k_analysis_2023-01-10.txt,2023-01-10,7/25/2022,2022
2011,Crest View,Crest View,123,False,True,08_births_and_k_analysis_2023-01-10.txt,2023-01-10,7/25/2022,2022
2011,Douglass,Douglass,38,False,True,08_births_and_k_analysis_2023-01-10.txt,2023-01-10,7/25/2022,2022
2011,Eisenhower,Eisenhower,91,False,True,08_births_and_k_analysis_2023-01-10.txt,2023-01-10,7/25/2022,2022
2011,Eldorado (K-5),Eldorado,40,False,True,08_births_and_k_analysis_2023-01-10.txt,2023-01-10,7/25/2022,2022
2011,Emerald,Emerald,73,False,True,08_births_and_k_analysis_2023-01-10.txt,2023-01-10,7/25/2022,2022
2011,Fireside,Fireside,57,False,True,08_births_and_k_analysis_2023-01-10.txt,2023-01-10,7/25/2022,2022
2011,Flatirons,Flatirons,47,False,True,08_births_and_k_analysis_2023-01-10.txt,2023-01-10,7/25/2022,2022
2011,Foothill,Foothill,83,False,True,08_births_and_k_analysis_2023-01-10.txt,2023-01-10,7/25/2022,2022
2011,Gold Hill,Gold Hill,2,False,True,08_births_and_k_analysis_2023-01-10.txt,2023-01-10,7/25/2022,2022
2011,Heatherwood,Heatherwood,62,False,True,08_births_and_k_analysis_2023-01-10.txt,2023-01-10,7/25/2022,2022
2011,Jamestown,Jamestown,4,False,True,08_births_and_k_analysis_2023-01-10.txt,2023-01-10,7/25/2022,2022
2011,Kohl,Kohl,55,False,True,08_births_and_k_analysis_2023-01-10.txt,2023-01-10,7/25/2022,2022
2011,Lafayette,Lafayette,124,False,True,08_births_and_k_analysis_2023-01-10.txt,2023-01-10,7/25/2022,2022
2011,Louisville,Louisville,80,False,True,08_births_and_k_analysis_2023-01-10.txt,2023-01-10,7/25/2022,2022
2011,Meadowlark,Meadowlark,38,False,True,08_births_and_k_analysis_2023-01-10.txt,2023-01-10,7/25/2022,2022
2011,Mesa,Mesa,16,False,True,08_births_and_k_analysis_2023-01-10.txt,2023-01-10,7/25/2022,2022
2011,Monarch (K-5),Monarch,59,False,True,08_births_and_k_analysis_2023-01-10.txt,2023-01-10,7/25/2022,2022
2011,Nederland,Nederland,53,False,True,08_births_and_k_analysis_2023-01-10.txt,2023-01-10,7/25/2022,2022
2011,Ryan,Ryan,99,False,True,08_births_and_k_analysis_2023-01-10.txt,2023-01-10,7/25/2022,2022
2011,Sanchez,Sanchez,81,False,True,08_births_and_k_analysis_2023-01-10.txt,2023-01-10,7/25/2022,2022
2011,Superior,Superior,35,False,True,08_births_and_k_analysis_2023-01-10.txt,2023-01-10,7/25/2022,2022
2011,Unlocated,Unlocated,0,False,True,08_births_and_k_analysis_2023-01-10.txt,2023-01-10,7/25/2022,2022
2011,Whittier,Whittier,87,False,True,08_births_and_k_analysis_2023-01-10.txt,2023-01-10,7/25/2022,2022
2011,BVSD,BVSD,1829,True,True,08_births_and_k_analysis_2023-01-10.txt,2023-01-10,7/25/2022,2022
2011,Boulder Total,Boulder Total,840,True,True,08_births_and_k_analysis_2023-01-10.txt,2023-01-10,7/25/2022,2022
2011,E County Total,E County Total,890,True,True,08_births_and_k_analysis_2023-01-10.txt,2023-01-10,7/25/2022,2022
2012,Aspen Crk,Aspen Creek,61,False,True,08_births_and_k_analysis_2023-01-10.txt,2023-01-10,7/25/2022,2022
2012,BC-Creekside,BC-Creekside,8,False,True,08_births_and_k_analysis_2023-01-10.txt,2023-01-10,7/25/2022,2022
2012,BC-Mesa,BC-Mesa,26,False,True,08_births_and_k_analysis_2023-01-10.txt,2023-01-10,7/25/2022,2022
2012,Bear Creek,Bear Creek,19,False,True,08_births_and_k_analysis_2023-01-10.txt,2023-01-10,7/25/2022,2022
2012,Birch,Birch,43,False,True,08_births_and_k_analysis_2023-01-10.txt,2023-01-10,7/25/2022,2022
2012,Coal Creek,Coal Creek,66,False,True,08_births_and_k_analysis_2023-01-10.txt,2023-01-10,7/25/2022,2022
2012,Columbine,Columbine,132,False,True,08_births_and_k_analysis_2023-01-10.txt,2023-01-10,7/25/2022,2022
2012,Creekside,Creekside,157,False,True,08_births_and_k_analysis_2023-01-10.txt,2023-01-10,7/25/2022,2022
2012,Crest View,Crest View,147,False,True,08_births_and_k_analysis_2023-01-10.txt,2023-01-10,7/25/2022,2022
2012,Douglass,Douglass,52,False,True,08_births_and_k_analysis_2023-01-10.txt,2023-01-10,7/25/2022,2022
2012,Eisenhower,Eisenhower,83,False,True,08_births_and_k_analysis_2023-01-10.txt,2023-01-10,7/25/2022,2022
2012,Eldorado (K-5),Eldorado,41,False,True,08_births_and_k_analysis_2023-01-10.txt,2023-01-10,7/25/2022,2022
2012,Emerald,Emerald,90,False,True,08_births_and_k_analysis_2023-01-10.txt,2023-01-10,7/25/2022,2022
2012,Fireside,Fireside,45,False,True,08_births_and_k_analysis_2023-01-10.txt,2023-01-10,7/25/2022,2022
2012,Flatirons,Flatirons,44,False,True,08_births_and_k_analysis_2023-01-10.txt,2023-01-10,7/25/2022,2022
2012,Foothill,Foothill,84,False,True,08_births_and_k_analysis_2023-01-10.txt,2023-01-10,7/25/2022,2022
2012,Gold Hill,Gold Hill,1,False,True,08_births_and_k_analysis_2023-01-10.txt,2023-01-10,7/25/2022,2022
2012,Heatherwood,Heatherwood,71,False,True,08_births_and_k_analysis_2023-01-10.txt,2023-01-10,7/25/2022,2022
2012,Jamestown,Jamestown,6,False,True,08_births_and_k_analysis_2023-01-10.txt,2023-01-10,7/25/2022,2022
2012,Kohl,Kohl,59,False,True,08_births_and_k_analysis_2023-01-10.txt,2023-01-10,7/25/2022,2022
2012,Lafayette,Lafayette,105,False,True,08_births_and_k_analysis_2023-01-10.txt,2023-01-10,7/25/2022,2022
2012,Louisville,Louisville,85,False,True,08_births_and_k_analysis_2023-01-10.txt,2023-01-10,7/25/2022,2022
2012,Meadowlark,Meadowlark,27,False,True,08_births_and_k_analysis_2023-01-10.txt,2023-01-10,7/25/2022,2022
2012,Mesa,Mesa,23,False,True,08_births_and_k_analysis_2023-01-10.txt,2023-01-10,7/25/2022,2022
2012,Monarch (K-5),Monarch,60,False,True,08_births_and_k_analysis_2023-01-10.txt,2023-01-10,7/25/2022,2022
2012,Nederland,Nederland,48,False,True,08_births_and_k_analysis_2023-01-10.txt,2023-01-10,7/25/2022,2022
2012,Ryan,Ryan,143,False,True,08_births_and_k_analysis_2023-01-10.txt,2023-01-10,7/25/2022,2022
2012,Sanchez,Sanchez,83,False,True,08_births_and_k_analysis_2023-01-10.txt,2023-01-10,7/25/2022,2022
2012,Superior,Superior,28,False,True,08_births_and_k_analysis_2023-01-10.txt,2023-01-10,7/25/2022,2022
2012,Unlocated,Unlocated,0,False,True,08_births_and_k_analysis_2023-01-10.txt,2023-01-10,7/25/2022,2022
2012,Whittier,Whittier,119,False,True,08_births_and_k_analysis_2023-01-10.txt,2023-01-10,7/25/2022,2022
2012,BVSD,BVSD,1956,True,True,08_births_and_k_analysis_2023-01-10.txt,2023-01-10,7/25/2022,2022
2012,Boulder Total,Boulder Total,913,True,True,08_births_and_k_analysis_2023-01-10.txt,2023-01-10,7/25/2022,2022
2012,E County Total,E County Total,947,True,True,08_births_and_k_analysis_2023-01-10.txt,2023-01-10,7/25/2022,2022
2013,Aspen Crk,Aspen Creek,67,False,True,08_births_and_k_analysis_2023-01-10.txt,2023-01-10,7/25/2022,2022
2013,BC-Creekside,BC-Creekside,3,False,True,08_births_and_k_analysis_2023-01-10.txt,2023-01-10,7/25/2022,2022
2013,BC-Mesa,BC-Mesa,23,False,True,08_births_and_k_analysis_2023-01-10.txt,2023-01-10,7/25/2022,2022
2013,Bear Creek,Bear Creek,25,False,True,08_births_and_k_analysis_2023-01-10.txt,2023-01-10,7/25/2022,2022
2013,Birch,Birch,65,False,True,08_births_and_k_analysis_2023-01-10.txt,2023-01-10,7/25/2022,2022
2013,Coal Creek,Coal Creek,60,False,True,08_births_and_k_analysis_2023-01-10.txt,2023-01-10,7/25/2022,2022
2013,Columbine,Columbine,129,False,True,08_births_and_k_analysis_2023-01-10.txt,2023-01-10,7/25/2022,2022
2013,Creekside,Creekside,157,False,True,08_births_and_k_analysis_2023-01-10.txt,2023-01-10,7/25/2022,2022
2013,Crest View,Crest View,151,False,True,08_births_and_k_analysis_2023-01-10.txt,2023-01-10,7/25/2022,2022
2013,Douglass,Douglass,46,False,True,08_births_and_k_analysis_2023-01-10.txt,2023-01-10,7/25/2022,2022
2013,Eisenhower,Eisenhower,84,False,True,08_births_and_k_analysis_2023-01-10.txt,2023-01-10,7/25/2022,2022
2013,Eldorado (K-5),Eldorado,46,False,True,08_births_and_k_analysis_2023-01-10.txt,2023-01-10,7/25/2022,2022
2013,Emerald,Emerald,81,False,True,08_births_and_k_analysis_2023-01-10.txt,2023-01-10,7/25/2022,2022
2013,Fireside,Fireside,59,False,True,08_births_and_k_analysis_2023-01-10.txt,2023-01-10,7/25/2022,2022
2013,Flatirons,Flatirons,41,False,True,08_births_and_k_analysis_2023-01-10.txt,2023-01-10,7/25/2022,2022
2013,Foothill,Foothill,64,False,True,08_births_and_k_analysis_2023-01-10.txt,2023-01-10,7/25/2022,2022
2013,Gold Hill,Gold Hill,3,False,True,08_births_and_k_analysis_2023-01-10.txt,2023-01-10,7/25/2022,2022
2013,Heatherwood,Heatherwood,60,False,True,08_births_and_k_analysis_2023-01-10.txt,2023-01-10,7/25/2022,2022
2013,Jamestown,Jamestown,2,False,True,08_births_and_k_analysis_2023-01-10.txt,2023-01-10,7/25/2022,2022
2013,Kohl,Kohl,53,False,True,08_births_and_k_analysis_2023-01-10.txt,2023-01-10,7/25/2022,2022
2013,Lafayette,Lafayette,89,False,True,08_births_and_k_analysis_2023-01-10.txt,2023-01-10,7/25/2022,2022
2013,Louisville,Louisville,79,False,True,08_births_and_k_analysis_2023-01-10.txt,2023-01-10,7/25/2022,2022
2013,Meadowlark,Meadowlark,24,False,True,08_births_and_k_analysis_2023-01-10.txt,2023-01-10,7/25/2022,2022
2013,Mesa,Mesa,20,False,True,08_births_and_k_analysis_2023-01-10.txt,2023-01-10,7/25/2022,2022
2013,Monarch (K-5),Monarch,67,False,True,08_births_and_k_analysis_2023-01-10.txt,2023-01-10,7/25/2022,2022
2013,Nederland,Nederland,55,False,True,08_births_and_k_analysis_2023-01-10.txt,2023-01-10,7/25/2022,2022
2013,Ryan,Ryan,104,False,True,08_births_and_k_analysis_2023-01-10.txt,2023-01-10,7/25/2022,2022
2013,Sanchez,Sanchez,99,False,True,08_births_and_k_analysis_2023-01-10.txt,2023-01-10,7/25/2022,2022
2013,Superior,Superior,41,False,True,08_births_and_k_analysis_2023-01-10.txt,2023-01-10,7/25/2022,2022
2013,Unlocated,Unlocated,0,False,True,08_births_and_k_analysis_2023-01-10.txt,2023-01-10,7/25/2022,2022
2013,Whittier,Whittier,115,False,True,08_births_and_k_analysis_2023-01-10.txt,2023-01-10,7/25/2022,2022
2013,BVSD,BVSD,1912,True,True,08_births_and_k_analysis_2023-01-10.txt,2023-01-10,7/25/2022,2022
2013,Boulder Total,Boulder Total,872,True,True,08_births_and_k_analysis_2023-01-10.txt,2023-01-10,7/25/2022,2022
2013,E County Total,E County Total,934,True,True,08_births_and_k_analysis_2023-01-10.txt,2023-01-10,7/25/2022,2022
2014,Aspen Crk,Aspen Creek,54,False,True,08_births_and_k_analysis_2023-01-10.txt,2023-01-10,7/25/2022,2022
2014,BC-Creekside,BC-Creekside,4,False,True,08_births_and_k_analysis_2023-01-10.txt,2023-01-10,7/25/2022,2022
2014,BC-Mesa,BC-Mesa,25,False,True,08_births_and_k_analysis_2023-01-10.txt,2023-01-10,7/25/2022,2022
2014,Bear Creek,Bear Creek,21,False,True,08_births_and_k_analysis_2023-01-10.txt,2023-01-10,7/25/2022,2022
2014,Birch,Birch,58,False,True,08_births_and_k_analysis_2023-01-10.txt,2023-01-10,7/25/2022,2022
2014,Coal Creek,Coal Creek,63,False,True,08_births_and_k_analysis_2023-01-10.txt,2023-01-10,7/25/2022,2022
2014,Columbine,Columbine,124,False,True,08_births_and_k_analysis_2023-01-10.txt,2023-01-10,7/25/2022,2022
2014,Creekside,Creekside,131,False,True,08_births_and_k_analysis_2023-01-10.txt,2023-01-10,7/25/2022,2022
2014,Crest View,Crest View,123,False,True,08_births_and_k_analysis_2023-01-10.txt,2023-01-10,7/25/2022,2022
2014,Douglass,Douglass,47,False,True,08_births_and_k_analysis_2023-01-10.txt,2023-01-10,7/25/2022,2022
2014,Eisenhower,Eisenhower,75,False,True,08_births_and_k_analysis_2023-01-10.txt,2023-01-10,7/25/2022,2022
2014,Eldorado (K-5),Eldorado,37,False,True,08_births_and_k_analysis_2023-01-10.txt,2023-01-10,7/25/2022,2022
2014,Emerald,Emerald,80,False,True,08_births_and_k_analysis_2023-01-10.txt,2023-01-10,7/25/2022,2022
2014,Fireside,Fireside,45,False,True,08_births_and_k_analysis_2023-01-10.txt,2023-01-10,7/25/2022,2022
2014,Flatirons,Flatirons,43,False,True,08_births_and_k_analysis_2023-01-10.txt,2023-01-10,7/25/2022,2022
2014,Foothill,Foothill,85,False,True,08_births_and_k_analysis_2023-01-10.txt,2023-01-10,7/25/2022,2022
2014,Gold Hill,Gold Hill,0,False,True,08_births_and_k_analysis_2023-01-10.txt,2023-01-10,7/25/2022,2022
2014,Heatherwood,Heatherwood,58,False,True,08_births_and_k_analysis_2023-01-10.txt,2023-01-10,7/25/2022,2022
2014,Jamestown,Jamestown,2,False,True,08_births_and_k_analysis_2023-01-10.txt,2023-01-10,7/25/2022,2022
2014,Kohl,Kohl,59,False,True,08_births_and_k_analysis_2023-01-10.txt,2023-01-10,7/25/2022,2022
2014,Lafayette,Lafayette,109,False,True,08_births_and_k_analysis_2023-01-10.txt,2023-01-10,7/25/2022,2022
2014,Louisville,Louisville,72,False,True,08_births_and_k_analysis_2023-01-10.txt,2023-01-10,7/25/2022,2022
2014,Meadowlark,Meadowlark,33,False,True,08_births_and_k_analysis_2023-01-10.txt,2023-01-10,7/25/2022,2022
2014,Mesa,Mesa,23,False,True,08_births_and_k_analysis_2023-01-10.txt,2023-01-10,7/25/2022,2022
2014,Monarch (K-5),Monarch,79,False,True,08_births_and_k_analysis_2023-01-10.txt,2023-01-10,7/25/2022,2022
2014,Nederland,Nederland,56,False,True,08_births_and_k_analysis_2023-01-10.txt,2023-01-10,7/25/2022,2022
2014,Ryan,Ryan,107,False,True,08_births_and_k_analysis_2023-01-10.txt,2023-01-10,7/25/2022,2022
2014,Sanchez,Sanchez,98,False,True,08_births_and_k_analysis_2023-01-10.txt,2023-01-10,7/25/2022,2022
2014,Superior,Superior,32,False,True,08_births_and_k_analysis_2023-01-10.txt,2023-01-10,7/25/2022,2022
2014,Unlocated,Unlocated,0,False,True,08_births_and_k_analysis_2023-01-10.txt,2023-01-10,7/25/2022,2022
2014,Whittier,Whittier,113,False,True,08_births_and_k_analysis_2023-01-10.txt,2023-01-10,7/25/2022,2022
2014,BVSD,BVSD,1856,True,True,08_births_and_k_analysis_2023-01-10.txt,2023-01-10,7/25/2022,2022
2014,Boulder Total,Boulder Total,825,True,True,08_births_and_k_analysis_2023-01-10.txt,2023-01-10,7/25/2022,2022
2014,E County Total,E County Total,936,True,True,08_births_and_k_analysis_2023-01-10.txt,2023-01-10,7/25/2022,2022
2015,Aspen Crk,Aspen Creek,70,False,True,08_births_and_k_analysis_2023-01-10.txt,2023-01-10,7/25/2022,2022
2015,BC-Creekside,BC-Creekside,6,False,True,08_births_and_k_analysis_2023-01-10.txt,2023-01-10,7/25/2022,2022
2015,BC-Mesa,BC-Mesa,17,False,True,08_births_and_k_analysis_2023-01-10.txt,2023-01-10,7/25/2022,2022
2015,Bear Creek,Bear Creek,11,False,True,08_births_and_k_analysis_2023-01-10.txt,2023-01-10,7/25/2022,2022
2015,Birch,Birch,51,False,True,08_births_and_k_analysis_2023-01-10.txt,2023-01-10,7/25/2022,2022
2015,Coal Creek,Coal Creek,48,False,True,08_births_and_k_analysis_2023-01-10.txt,2023-01-10,7/25/2022,2022
2015,Columbine,Columbine,121,False,True,08_births_and_k_analysis_2023-01-10.txt,2023-01-10,7/25/2022,2022
2015,Creekside,Creekside,158,False,True,08_births_and_k_analysis_2023-01-10.txt,2023-01-10,7/25/2022,2022
2015,Crest View,Crest View,152,False,True,08_births_and_k_analysis_2023-01-10.txt,2023-01-10,7/25/2022,2022
2015,Douglass,Douglass,49,False,True,08_births_and_k_analysis_2023-01-10.txt,2023-01-10,7/25/2022,2022
2015,Eisenhower,Eisenhower,74,False,True,08_births_and_k_analysis_2023-01-10.txt,2023-01-10,7/25/2022,2022
2015,Eldorado (K-5),Eldorado,29,False,True,08_births_and_k_analysis_2023-01-10.txt,2023-01-10,7/25/2022,2022
2015,Emerald,Emerald,112,False,True,08_births_and_k_analysis_2023-01-10.txt,2023-01-10,7/25/2022,2022
2015,Fireside,Fireside,46,False,True,08_births_and_k_analysis_2023-01-10.txt,2023-01-10,7/25/2022,2022
2015,Flatirons,Flatirons,43,False,True,08_births_and_k_analysis_2023-01-10.txt,2023-01-10,7/25/2022,2022
2015,Foothill,Foothill,64,False,True,08_births_and_k_analysis_2023-01-10.txt,2023-01-10,7/25/2022,2022
2015,Gold Hill,Gold Hill,1,False,True,08_births_and_k_analysis_2023-01-10.txt,2023-01-10,7/25/2022,2022
2015,Heatherwood,Heatherwood,71,False,True,08_births_and_k_analysis_2023-01-10.txt,2023-01-10,7/25/2022,2022
2015,Jamestown,Jamestown,1,False,True,08_births_and_k_analysis_2023-01-10.txt,2023-01-10,7/25/2022,2022
2015,Kohl,Kohl,55,False,True,08_births_and_k_analysis_2023-01-10.txt,2023-01-10,7/25/2022,2022
2015,Lafayette,Lafayette,100,False,True,08_births_and_k_analysis_2023-01-10.txt,2023-01-10,7/25/2022,2022
2015,Louisville,Louisville,77,False,True,08_births_and_k_analysis_2023-01-10.txt,2023-01-10,7/25/2022,2022
2015,Meadowlark,Meadowlark,28,False,True,08_births_and_k_analysis_2023-01-10.txt,2023-01-10,7/25/2022,2022
2015,Mesa,Mesa,23,False,True,08_births_and_k_analysis_2023-01-10.txt,2023-01-10,7/25/2022,2022
2015,Monarch (K-5),Monarch,56,False,True,08_births_and_k_analysis_2023-01-10.txt,2023-01-10,7/25/2022,2022
2015,Nederland,Nederland,55,False,True,08_births_and_k_analysis_2023-01-10.txt,2023-01-10,7/25/2022,2022
2015,Ryan,Ryan,102,False,True,08_births_and_k_analysis_2023-01-10.txt,2023-01-10,7/25/2022,2022
2015,Sanchez,Sanchez,111,False,True,08_births_and_k_analysis_2023-01-10.txt,2023-01-10,7/25/2022,2022
2015,Superior,Superior,41,False,True,08_births_and_k_analysis_2023-01-10.txt,2023-01-10,7/25/2022,2022
2015,Unlocated,Unlocated,0,False,True,08_births_and_k_analysis_2023-01-10.txt,2023-01-10,7/25/2022,2022
2015,Whittier,Whittier,106,False,True,08_births_and_k_analysis_2023-01-10.txt,2023-01-10,7/25/2022,2022
2015,BVSD,BVSD,1878,True,True,08_births_and_k_analysis_2023-01-10.txt,2023-01-10,7/25/2022,2022
2015,Boulder Total,Boulder Total,846,True,True,08_births_and_k_analysis_2023-01-10.txt,2023-01-10,7/25/2022,2022
2015,E County Total,E County Total,946,True,True,08_births_and_k_analysis_2023-01-10.txt,2023-01-10,7/25/2022,2022
2016,Aspen Crk,Aspen Creek,61,False,True,08_births_and_k_analysis_2023-01-10.txt,2023-01-10,7/25/2022,2022
2016,BC-Creekside,BC-Creekside,1,False,True,08_births_and_k_analysis_2023-01-10.txt,2023-01-10,7/25/2022,2022
2016,BC-Mesa,BC-Mesa,17,False,True,08_births_and_k_analysis_2023-01-10.txt,2023-01-10,7/25/2022,2022
2016,Bear Creek,Bear Creek,12,False,True,08_births_and_k_analysis_2023-01-10.txt,2023-01-10,7/25/2022,2022
2016,Birch,Birch,55,False,True,08_births_and_k_analysis_2023-01-10.txt,2023-01-10,7/25/2022,2022
2016,Coal Creek,Coal Creek,47,False,True,08_births_and_k_analysis_2023-01-10.txt,2023-01-10,7/25/2022,2022
2016,Columbine,Columbine,123,False,True,08_births_and_k_analysis_2023-01-10.txt,2023-01-10,7/25/2022,2022
2016,Creekside,Creekside,131,False,True,08_births_and_k_analysis_2023-01-10.txt,2023-01-10,7/25/2022,2022
2016,Crest View,Crest View,140,False,True,08_births_and_k_analysis_2023-01-10.txt,2023-01-10,7/25/2022,2022
2016,Douglass,Douglass,45,False,True,08_births_and_k_analysis_2023-01-10.txt,2023-01-10,7/25/2022,2022
2016,Eisenhower,Eisenhower,67,False,True,08_births_and_k_analysis_2023-01-10.txt,2023-01-10,7/25/2022,2022
2016,Eldorado (K-5),Eldorado,30,False,True,08_births_and_k_analysis_2023-01-10.txt,2023-01-10,7/25/2022,2022
2016,Emerald,Emerald,95,False,True,08_births_and_k_analysis_2023-01-10.txt,2023-01-10,7/25/2022,2022
2016,Fireside,Fireside,40,False,True,08_births_and_k_analysis_2023-01-10.txt,2023-01-10,7/25/2022,2022
2016,Flatirons,Flatirons,31,False,True,08_births_and_k_analysis_2023-01-10.txt,2023-01-10,7/25/2022,2022
2016,Foothill,Foothill,66,False,True,08_births_and_k_analysis_2023-01-10.txt,2023-01-10,7/25/2022,2022
2016,Gold Hill,Gold Hill,2,False,True,08_births_and_k_analysis_2023-01-10.txt,2023-01-10,7/25/2022,2022
2016,Heatherwood,Heatherwood,53,False,True,08_births_and_k_analysis_2023-01-10.txt,2023-01-10,7/25/2022,2022
2016,Jamestown,Jamestown,4,False,True,08_births_and_k_analysis_2023-01-10.txt,2023-01-10,7/25/2022,2022
2016,Kohl,Kohl,56,False,True,08_births_and_k_analysis_2023-01-10.txt,2023-01-10,7/25/2022,2022
2016,Lafayette,Lafayette,110,False,True,08_births_and_k_analysis_2023-01-10.txt,2023-01-10,7/25/2022,2022
2016,Louisville,Louisville,64,False,True,08_births_and_k_analysis_2023-01-10.txt,2023-01-10,7/25/2022,2022
2016,Meadowlark,Meadowlark,36,False,True,08_births_and_k_analysis_2023-01-10.txt,2023-01-10,7/25/2022,2022
2016,Mesa,Mesa,26,False,True,08_births_and_k_analysis_2023-01-10.txt,2023-01-10,7/25/2022,2022
2016,Monarch (K-5),Monarch,48,False,True,08_births_and_k_analysis_2023-01-10.txt,2023-01-10,7/25/2022,2022
2016,Nederland,Nederland,54,False,True,08_births_and_k_analysis_2023-01-10.txt,2023-01-10,7/25/2022,2022
2016,Ryan,Ryan,118,False,True,08_births_and_k_analysis_2023-01-10.txt,2023-01-10,7/25/2022,2022
2016,Sanchez,Sanchez,98,False,True,08_births_and_k_analysis_2023-01-10.txt,2023-01-10,7/25/2022,2022
2016,Superior,Superior,39,False,True,08_births_and_k_analysis_2023-01-10.txt,2023-01-10,7/25/2022,2022
2016,Unlocated,Unlocated,0,False,True,08_births_and_k_analysis_2023-01-10.txt,2023-01-10,7/25/2022,2022
2016,Whittier,Whittier,104,False,True,08_births_and_k_analysis_2023-01-10.txt,2023-01-10,7/25/2022,2022
2016,BVSD,BVSD,1773,True,True,08_births_and_k_analysis_2023-01-10.txt,2023-01-10,7/25/2022,2022
2016,Boulder Total,Boulder Total,771,True,True,08_births_and_k_analysis_2023-01-10.txt,2023-01-10,7/25/2022,2022
2016,E County Total,E County Total,912,True,True,08_births_and_k_analysis_2023-01-10.txt,2023-01-10,7/25/2022,2022
2017,Aspen Crk,Aspen Creek,66,False,True,08_births_and_k_analysis_2023-01-10.txt,2023-01-10,7/25/2022,2022
2017,BC-Creekside,BC-Creekside,4,False,True,08_births_and_k_analysis_2023-01-10.txt,2023-01-10,7/25/2022,2022
2017,BC-Mesa,BC-Mesa,16,False,True,08_births_and_k_analysis_2023-01-10.txt,2023-01-10,7/25/2022,2022
2017,Bear Creek,Bear Creek,16,False,True,08_births_and_k_analysis_2023-01-10.txt,2023-01-10,7/25/2022,2022
2017,Birch,Birch,39,False,True,08_births_and_k_analysis_2023-01-10.txt,2023-01-10,7/25/2022,2022
2017,Coal Creek,Coal Creek,50,False,True,08_births_and_k_analysis_2023-01-10.txt,2023-01-10,7/25/2022,2022
2017,Columbine,Columbine,128,False,True,08_births_and_k_analysis_2023-01-10.txt,2023-01-10,7/25/2022,2022
2017,Creekside,Creekside,125,False,True,08_births_and_k_analysis_2023-01-10.txt,2023-01-10,7/25/2022,2022
2017,Crest View,Crest View,128,False,True,08_births_and_k_analysis_2023-01-10.txt,2023-01-10,7/25/2022,2022
2017,Douglass,Douglass,36,False,True,08_births_and_k_analysis_2023-01-10.txt,2023-01-10,7/25/2022,2022
2017,Eisenhower,Eisenhower,64,False,True,08_births_and_k_analysis_2023-01-10.txt,2023-01-10,7/25/2022,2022
2017,Eldorado (K-5),Eldorado,29,False,True,08_births_and_k_analysis_2023-01-10.txt,2023-01-10,7/25/2022,2022
2017,Emerald,Emerald,103,False,True,08_births_and_k_analysis_2023-01-10.txt,2023-01-10,7/25/2022,2022
2017,Fireside,Fireside,37,False,True,08_births_and_k_analysis_2023-01-10.txt,2023-01-10,7/25/2022,2022
2017,Flatirons,Flatirons,39,False,True,08_births_and_k_analysis_2023-01-10.txt,2023-01-10,7/25/2022,2022
2017,Foothill,Foothill,77,False,True,08_births_and_k_analysis_2023-01-10.txt,2023-01-10,7/25/2022,2022
2017,Gold Hill,Gold Hill,3,False,True,08_births_and_k_analysis_2023-01-10.txt,2023-01-10,7/25/2022,2022
2017,Heatherwood,Heatherwood,56,False,True,08_births_and_k_analysis_2023-01-10.txt,2023-01-10,7/25/2022,2022
2017,Jamestown,Jamestown,4,False,True,08_births_and_k_analysis_2023-01-10.txt,2023-01-10,7/25/2022,2022
2017,Kohl,Kohl,51,False,True,08_births_and_k_analysis_2023-01-10.txt,2023-01-10,7/25/2022,2022
2017,Lafayette,Lafayette,95,False,True,08_births_and_k_analysis_2023-01-10.txt,2023-01-10,7/25/2022,2022
2017,Louisville,Louisville,51,False,True,08_births_and_k_analysis_2023-01-10.txt,2023-01-10,7/25/2022,2022
2017,Meadowlark,Meadowlark,52,False,True,08_births_and_k_analysis_2023-01-10.txt,2023-01-10,7/25/2022,2022
2017,Mesa,Mesa,22,False,True,08_births_and_k_analysis_2023-01-10.txt,2023-01-10,7/25/2022,2022
2017,Monarch (K-5),Monarch,53,False,True,08_births_and_k_analysis_2023-01-10.txt,2023-01-10,7/25/2022,2022
2017,Nederland,Nederland,53,False,True,08_births_and_k_analysis_2023-01-10.txt,2023-01-10,7/25/2022,2022
2017,Ryan,Ryan,104,False,True,08_births_and_k_analysis_2023-01-10.txt,2023-01-10,7/25/2022,2022
2017,Sanchez,Sanchez,105,False,True,08_births_and_k_analysis_2023-01-10.txt,2023-01-10,7/25/2022,2022
2017,Superior,Superior,46,False,True,08_births_and_k_analysis_2023-01-10.txt,2023-01-10,7/25/2022,2022
2017,Unlocated,Unlocated,0,False,True,08_births_and_k_analysis_2023-01-10.txt,2023-01-10,7/25/2022,2022
2017,Whittier,Whittier,83,False,True,08_births_and_k_analysis_2023-01-10.txt,2023-01-10,7/25/2022,2022
2017,BVSD,BVSD,1735,True,True,08_births_and_k_analysis_2023-01-10.txt,2023-01-10,7/25/2022,2022
2017,Boulder Total,Boulder Total,758,True,True,08_births_and_k_analysis_2023-01-10.txt,2023-01-10,7/25/2022,2022
2017,E County Total,E County Total,888,True,True,08_births_and_k_analysis_2023-01-10.txt,2023-01-10,7/25/2022,2022
2018,Aspen Crk,Aspen Creek,66,False,True,08_births_and_k_analysis_2023-01-10.txt,2023-01-10,7/25/2022,2022
2018,BC-Creekside,BC-Creekside,5,False,True,08_births_and_k_analysis_2023-01-10.txt,2023-01-10,7/25/2022,2022
2018,BC-Mesa,BC-Mesa,15,False,True,08_births_and_k_analysis_2023-01-10.txt,2023-01-10,7/25/2022,2022
2018,Bear Creek,Bear Creek,13,False,True,08_births_and_k_analysis_2023-01-10.txt,2023-01-10,7/25/2022,2022
2018,Birch,Birch,41,False,True,08_births_and_k_analysis_2023-01-10.txt,2023-01-10,7/25/2022,2022
2018,Coal Creek,Coal Creek,43,False,True,08_births_and_k_analysis_2023-01-10.txt,2023-01-10,7/25/2022,2022
2018,Columbine,Columbine,101,False,True,08_births_and_k_analysis_2023-01-10.txt,2023-01-10,7/25/2022,2022
2018,Creekside,Creekside,112,False,True,08_births_and_k_analysis_2023-01-10.txt,2023-01-10,7/25/2022,2022
2018,Crest View,Crest View,91,False,True,08_births_and_k_analysis_2023-01-10.txt,2023-01-10,7/25/2022,2022
2018,Douglass,Douglass,44,False,True,08_births_and_k_analysis_2023-01-10.txt,2023-01-10,7/25/2022,2022
2018,Eisenhower,Eisenhower,56,False,True,08_births_and_k_analysis_2023-01-10.txt,2023-01-10,7/25/2022,2022
2018,Eldorado (K-5),Eldorado,23,False,True,08_births_and_k_analysis_2023-01-10.txt,2023-01-10,7/25/2022,2022
2018,Emerald,Emerald,96,False,True,08_births_and_k_analysis_2023-01-10.txt,2023-01-10,7/25/2022,2022
2018,Fireside,Fireside,22,False,True,08_births_and_k_analysis_2023-01-10.txt,2023-01-10,7/25/2022,2022
2018,Flatirons,Flatirons,42,False,True,08_births_and_k_analysis_2023-01-10.txt,2023-01-10,7/25/2022,2022
2018,Foothill,Foothill,57,False,True,08_births_and_k_analysis_2023-01-10.txt,2023-01-10,7/25/2022,2022
2018,Gold Hill,Gold Hill,2,False,True,08_births_and_k_analysis_2023-01-10.txt,2023-01-10,7/25/2022,2022
2018,Heatherwood,Heatherwood,46,False,True,08_births_and_k_analysis_2023-01-10.txt,2023-01-10,7/25/2022,2022
2018,Jamestown,Jamestown,2,False,True,08_births_and_k_analysis_2023-01-10.txt,2023-01-10,7/25/2022,2022
2018,Kohl,Kohl,47,False,True,08_births_and_k_analysis_2023-01-10.txt,2023-01-10,7/25/2022,2022
2018,Lafayette,Lafayette,116,False,True,08_births_and_k_analysis_2023-01-10.txt,2023-01-10,7/25/2022,2022
2018,Louisville,Louisville,68,False,True,08_births_and_k_analysis_2023-01-10.txt,2023-01-10,7/25/2022,2022
2018,Meadowlark,Meadowlark,44,False,True,08_births_and_k_analysis_2023-01-10.txt,2023-01-10,7/25/2022,2022
2018,Mesa,Mesa,17,False,True,08_births_and_k_analysis_2023-01-10.txt,2023-01-10,7/25/2022,2022
2018,Monarch (K-5),Monarch,58,False,True,08_births_and_k_analysis_2023-01-10.txt,2023-01-10,7/25/2022,2022
2018,Nederland,Nederland,55,False,True,08_births_and_k_analysis_2023-01-10.txt,2023-01-10,7/25/2022,2022
2018,Ryan,Ryan,114,False,True,08_births_and_k_analysis_2023-01-10.txt,2023-01-10,7/25/2022,2022
2018,Sanchez,Sanchez,86,False,True,08_births_and_k_analysis_2023-01-10.txt,2023-01-10,7/25/2022,2022
2018,Superior,Superior,38,False,True,08_births_and_k_analysis_2023-01-10.txt,2023-01-10,7/25/2022,2022
2018,Unlocated,Unlocated,0,False,True,08_births_and_k_analysis_2023-01-10.txt,2023-01-10,7/25/2022,2022
2018,Whittier,Whittier,84,False,True,08_births_and_k_analysis_2023-01-10.txt,2023-01-10,7/25/2022,2022
2018,BVSD,BVSD,1604,True,True,08_births_and_k_analysis_2023-01-10.txt,2023-01-10,7/25/2022,2022
2018,Boulder Total,Boulder Total,639,True,True,08_births_and_k_analysis_2023-01-10.txt,2023-01-10,7/25/2022,2022
2018,E County Total,E County Total,883,True,True,08_births_and_k_analysis_2023-01-10.txt,2023-01-10,7/25/2022,2022
2019,Aspen Crk,Aspen Creek,48,False,True,08_births_and_k_analysis_2023-01-10.txt,2023-01-10,7/25/2022,2022
2019,BC-Creekside,BC-Creekside,3,False,True,08_births_and_k_analysis_2023-01-10.txt,2023-01-10,7/25/2022,2022
2019,BC-Mesa,BC-Mesa,8,False,True,08_births_and_k_analysis_2023-01-10.txt,2023-01-10,7/25/2022,2022
2019,Bear Creek,Bear Creek,10,False,True,08_births_and_k_analysis_2023-01-10.txt,2023-01-10,7/25/2022,2022
2019,Birch,Birch,48,False,True,08_births_and_k_analysis_2023-01-10.txt,2023-01-10,7/25/2022,2022
2019,Coal Creek,Coal Creek,38,False,True,08_births_and_k_analysis_2023-01-10.txt,2023-01-10,7/25/2022,2022
2019,Columbine,Columbine,92,False,True,08_births_and_k_analysis_2023-01-10.txt,2023-01-10,7/25/2022,2022
2019,Creekside,Creekside,95,False,True,08_births_and_k_analysis_2023-01-10.txt,2023-01-10,7/25/2022,2022
2019,Crest View,Crest View,100,False,True,08_births_and_k_analysis_2023-01-10.txt,2023-01-10,7/25/2022,2022
2019,Douglass,Douglass,35,False,True,08_births_and_k_analysis_2023-01-10.txt,2023-01-10,7/25/2022,2022
2019,Eisenhower,Eisenhower,52,False,True,08_births_and_k_analysis_2023-01-10.txt,2023-01-10,7/25/2022,2022
2019,Eldorado (K-5),Eldorado,37,False,True,08_births_and_k_analysis_2023-01-10.txt,2023-01-10,7/25/2022,2022
2019,Emerald,Emerald,95,False,True,08_births_and_k_analysis_2023-01-10.txt,2023-01-10,7/25/2022,2022
2019,Fireside,Fireside,34,False,True,08_births_and_k_analysis_2023-01-10.txt,2023-01-10,7/25/2022,2022
2019,Flatirons,Flatirons,29,False,True,08_births_and_k_analysis_2023-01-10.txt,2023-01-10,7/25/2022,2022
2019,Foothill,Foothill,64,False,True,08_births_and_k_analysis_2023-01-10.txt,2023-01-10,7/25/2022,2022
2019,Gold Hill,Gold Hill,2,False,True,08_births_and_k_analysis_2023-01-10.txt,2023-01-10,7/25/2022,2022
2019,Heatherwood,Heatherwood,50,False,True,08_births_and_k_analysis_2023-01-10.txt,2023-01-10,7/25/2022,2022
2019,Jamestown,Jamestown,2,False,True,08_births_and_k_analysis_2023-01-10.txt,2023-01-10,7/25/2022,2022
2019,Kohl,Kohl,56,False,True,08_births_and_k_analysis_2023-01-10.txt,2023-01-10,7/25/2022,2022
2019,Lafayette,Lafayette,109,False,True,08_births_and_k_analysis_2023-01-10.txt,2023-01-10,7/25/2022,2022
2019,Louisville,Louisville,57,False,True,08_births_and_k_analysis_2023-01-10.txt,2023-01-10,7/25/2022,2022
2019,Meadowlark,Meadowlark,61,False,True,08_births_and_k_analysis_2023-01-10.txt,2023-01-10,7/25/2022,2022
2019,Mesa,Mesa,12,False,True,08_births_and_k_analysis_2023-01-10.txt,2023-01-10,7/25/2022,2022
2019,Monarch (K-5),Monarch,62,False,True,08_births_and_k_analysis_2023-01-10.txt,2023-01-10,7/25/2022,2022
2019,Nederland,Nederland,47,False,True,08_births_and_k_analysis_2023-01-10.txt,2023-01-10,7/25/2022,2022
2019,Ryan,Ryan,124,False,True,08_births_and_k_analysis_2023-01-10.txt,2023-01-10,7/25/2022,2022
2019,Sanchez,Sanchez,85,False,True,08_births_and_k_analysis_2023-01-10.txt,2023-01-10,7/25/2022,2022
2019,Superior,Superior,38,False,True,08_births_and_k_analysis_2023-01-10.txt,2023-01-10,7/25/2022,2022
2019,Unlocated,Unlocated,0,False,True,08_births_and_k_analysis_2023-01-10.txt,2023-01-10,7/25/2022,2022
2019,Whittier,Whittier,90,False,True,08_births_and_k_analysis_2023-01-10.txt,2023-01-10,7/25/2022,2022
2019,BVSD,BVSD,1583,True,True,08_births_and_k_analysis_2023-01-10.txt,2023-01-10,7/25/2022,2022
2019,Boulder Total,Boulder Total,605,True,True,08_births_and_k_analysis_2023-01-10.txt,2023-01-10,7/25/2022,2022
2019,E County Total,E County Total,890,True,True,08_births_and_k_analysis_2023-01-10.txt,2023-01-10,7/25/2022,2022
2020,Aspen Crk,Aspen Creek,65,False,True,08_births_and_k_analysis_2023-01-10.txt,2023-01-10,7/25/2022,2022
2020,BC-Creekside,BC-Creekside,6,False,True,08_births_and_k_analysis_2023-01-10.txt,2023-01-10,7/25/2022,2022
2020,BC-Mesa,BC-Mesa,11,False,True,08_births_and_k_analysis_2023-01-10.txt,2023-01-10,7/25/2022,2022
2020,Bear Creek,Bear Creek,10,False,True,08_births_and_k_analysis_2023-01-10.txt,2023-01-10,7/25/2022,2022
2020,Birch,Birch,33,False,True,08_births_and_k_analysis_2023-01-10.txt,2023-01-10,7/25/2022,2022
2020,Coal Creek,Coal Creek,37,False,True,08_births_and_k_analysis_2023-01-10.txt,2023-01-10,7/25/2022,2022
2020,Columbine,Columbine,108,False,True,08_births_and_k_analysis_2023-01-10.txt,2023-01-10,7/25/2022,2022
2020,Creekside,Creekside,87,False,True,08_births_and_k_analysis_2023-01-10.txt,2023-01-10,7/25/2022,2022
2020,Crest View,Crest View,122,False,True,08_births_and_k_analysis_2023-01-10.txt,2023-01-10,7/25/2022,2022
2020,Douglass,Douglass,39,False,True,08_births_and_k_analysis_2023-01-10.txt,2023-01-10,7/25/2022,2022
2020,Eisenhower,Eisenhower,54,False,True,08_births_and_k_analysis_2023-01-10.txt,2023-01-10,7/25/2022,2022
2020,Eldorado (K-5),Eldorado,28,False,True,08_births_and_k_analysis_2023-01-10.txt,2023-01-10,7/25/2022,2022
2020,Emerald,Emerald,85,False,True,08_births_and_k_analysis_2023-01-10.txt,2023-01-10,7/25/2022,2022
2020,Fireside,Fireside,38,False,True,08_births_and_k_analysis_2023-01-10.txt,2023-01-10,7/25/2022,2022
2020,Flatirons,Flatirons,38,False,True,08_births_and_k_analysis_2023-01-10.txt,2023-01-10,7/25/2022,2022
2020,Foothill,Foothill,77,False,True,08_births_and_k_analysis_2023-01-10.txt,2023-01-10,7/25/2022,2022
2020,Gold Hill,Gold Hill,4,False,True,08_births_and_k_analysis_2023-01-10.txt,2023-01-10,7/25/2022,2022
2020,Heatherwood,Heatherwood,52,False,True,08_births_and_k_analysis_2023-01-10.txt,2023-01-10,7/25/2022,2022
2020,Jamestown,Jamestown,3,False,True,08_births_and_k_analysis_2023-01-10.txt,2023-01-10,7/25/2022,2022
2020,Kohl,Kohl,53,False,True,08_births_and_k_analysis_2023-01-10.txt,2023-01-10,7/25/2022,2022
2020,Lafayette,Lafayette,100,False,True,08_births_and_k_analysis_2023-01-10.txt,2023-01-10,7/25/2022,2022
2020,Louisville,Louisville,64,False,True,08_births_and_k_analysis_2023-01-10.txt,2023-01-10,7/25/2022,2022
2020,Meadowlark,Meadowlark,47,False,True,08_births_and_k_analysis_2023-01-10.txt,2023-01-10,7/25/2022,2022
2020,Mesa,Mesa,18,False,True,08_births_and_k_analysis_2023-01-10.txt,2023-01-10,7/25/2022,2022
2020,Monarch (K-5),Monarch,70,False,True,08_births_and_k_analysis_2023-01-10.txt,2023-01-10,7/25/2022,2022
2020,Nederland,Nederland,64,False,True,08_births_and_k_analysis_2023-01-10.txt,2023-01-10,7/25/2022,2022
2020,Ryan,Ryan,115,False,True,08_births_and_k_analysis_2023-01-10.txt,2023-01-10,7/25/2022,2022
2020,Sanchez,Sanchez,75,False,True,08_births_and_k_analysis_2023-01-10.txt,2023-01-10,7/25/2022,2022
2020,Superior,Superior,36,False,True,08_births_and_k_analysis_2023-01-10.txt,2023-01-10,7/25/2022,2022
2020,Unlocated,Unlocated,0,False,True,08_births_and_k_analysis_2023-01-10.txt,2023-01-10,7/25/2022,2022
2020,Whittier,Whittier,47,False,True,08_births_and_k_analysis_2023-01-10.txt,2023-01-10,7/25/2022,2022
2020,BVSD,BVSD,1586,True,True,08_births_and_k_analysis_2023-01-10.txt,2023-01-10,7/25/2022,2022
2020,Boulder Total,Boulder Total,630,True,True,08_births_and_k_analysis_2023-01-10.txt,2023-01-10,7/25/2022,2022
2020,E County Total,E County Total,857,True,True,08_births_and_k_analysis_2023-01-10.txt,2023-01-10,7/25/2022,2022
2021,Aspen Crk,Aspen Creek,57,False,True,08_births_and_k_analysis_2023-01-10.txt,2023-01-10,7/25/2022,2022
2021,BC-Creekside,BC-Creekside,2,False,True,08_births_and_k_analysis_2023-01-10.txt,2023-01-10,7/25/2022,2022
2021,BC-Mesa,BC-Mesa,18,False,True,08_births_and_k_analysis_2023-01-10.txt,2023-01-10,7/25/2022,2022
2021,Bear Creek,Bear Creek,10,False,True,08_births_and_k_analysis_2023-01-10.txt,2023-01-10,7/25/2022,2022
2021,Birch,Birch,34,False,True,08_births_and_k_analysis_2023-01-10.txt,2023-01-10,7/25/2022,2022
2021,Coal Creek,Coal Creek,53,False,True,08_births_and_k_analysis_2023-01-10.txt,2023-01-10,7/25/2022,2022
2021,Columbine,Columbine,105,False,True,08_births_and_k_analysis_2023-01-10.txt,2023-01-10,7/25/2022,2022
2021,Creekside,Creekside,84,False,True,08_births_and_k_analysis_2023-01-10.txt,2023-01-10,7/25/2022,2022
2021,Crest View,Crest View,111,False,True,08_births_and_k_analysis_2023-01-10.txt,2023-01-10,7/25/2022,2022
2021,Douglass,Douglass,33,False,True,08_births_and_k_analysis_2023-01-10.txt,2023-01-10,7/25/2022,2022
2021,Eisenhower,Eisenhower,71,False,True,08_births_and_k_analysis_2023-01-10.txt,2023-01-10,7/25/2022,2022
2021,Eldorado (K-5),Eldorado,49,False,True,08_births_and_k_analysis_2023-01-10.txt,2023-01-10,7/25/2022,2022
2021,Emerald,Emerald,81,False,True,08_births_and_k_analysis_2023-01-10.txt,2023-01-10,7/25/2022,2022
2021,Fireside,Fireside,33,False,True,08_births_and_k_analysis_2023-01-10.txt,2023-01-10,7/25/2022,2022
2021,Flatirons,Flatirons,33,False,True,08_births_and_k_analysis_2023-01-10.txt,2023-01-10,7/25/2022,2022
2021,Foothill,Foothill,73,False,True,08_births_and_k_analysis_2023-01-10.txt,2023-01-10,7/25/2022,2022
2021,Gold Hill,Gold Hill,4,False,True,08_births_and_k_analysis_2023-01-10.txt,2023-01-10,7/25/2022,2022
2021,Heatherwood,Heatherwood,42,False,True,08_births_and_k_analysis_2023-01-10.txt,2023-01-10,7/25/2022,2022
2021,Jamestown,Jamestown,5,False,True,08_births_and_k_analysis_2023-01-10.txt,2023-01-10,7/25/2022,2022
2021,Kohl,Kohl,41,False,True,08_births_and_k_analysis_2023-01-10.txt,2023-01-10,7/25/2022,2022
2021,Lafayette,Lafayette,93,False,True,08_births_and_k_analysis_2023-01-10.txt,2023-01-10,7/25/2022,2022
2021,Louisville,Louisville,67,False,True,08_births_and_k_analysis_2023-01-10.txt,2023-01-10,7/25/2022,2022
2021,Meadowlark,Meadowlark,66,False,True,08_births_and_k_analysis_2023-01-10.txt,2023-01-10,7/25/2022,2022
2021,Mesa,Mesa,16,False,True,08_births_and_k_analysis_2023-01-10.txt,2023-01-10,7/25/2022,2022
2021,Monarch (K-5),Monarch,67,False,True,08_births_and_k_analysis_2023-01-10.txt,2023-01-10,7/25/2022,2022
2021,Nederland,Nederland,58,False,True,08_births_and_k_analysis_2023-01-10.txt,2023-01-10,7/25/2022,2022
2021,Ryan,Ryan,111,False,True,08_births_and_k_analysis_2023-01-10.txt,2023-01-10,7/25/2022,2022
2021,Sanchez,Sanchez,107,False,True,08_births_and_k_analysis_2023-01-10.txt,2023-01-10,7/25/2022,2022
2021,Superior,Superior,38,False,True,08_births_and_k_analysis_2023-01-10.txt,2023-01-10,7/25/2022,2022
2021,Unlocated,Unlocated,0,False,True,08_births_and_k_analysis_2023-01-10.txt,2023-01-10,7/25/2022,2022
2021,Whittier,Whittier,83,False,True,08_births_and_k_analysis_2023-01-10.txt,2023-01-10,7/25/2022,2022
2021,BVSD,BVSD,1645,True,True,08_births_and_k_analysis_2023-01-10.txt,2023-01-10,7/25/2022,2022
2021,Boulder Total,Boulder Total,646,True,True,08_births_and_k_analysis_2023-01-10.txt,2023-01-10,7/25/2022,2022
2021,E County Total,E County Total,881,True,True,08_births_and_k_analysis_2023-01-10.txt,2023-01-10,7/25/2022,2022
2005,Aspen Crk,Aspen Creek,53,False,True,08_births_and_k_analysis_2023_2023-12-12.txt,2023-12-12,8/7/2023,2023
2005,BC-Creekside,BC-Creekside,6,False,True,08_births_and_k_analysis_2023_2023-12-12.txt,2023-12-12,8/7/2023,2023
2005,BC-Mesa,BC-Mesa,26,False,True,08_births_and_k_analysis_2023_2023-12-12.txt,2023-12-12,8/7/2023,2023
2005,Bear Creek,Bear Creek,26,False,True,08_births_and_k_analysis_2023_2023-12-12.txt,2023-12-12,8/7/2023,2023
2005,Birch,Birch,60,False,True,08_births_and_k_analysis_2023_2023-12-12.txt,2023-12-12,8/7/2023,2023
2005,Coal Creek,Coal Creek,51,False,True,08_births_and_k_analysis_2023_2023-12-12.txt,2023-12-12,8/7/2023,2023
2005,Columbine,Columbine,163,False,True,08_births_and_k_analysis_2023_2023-12-12.txt,2023-12-12,8/7/2023,2023
2005,Creekside,Creekside,166,False,True,08_births_and_k_analysis_2023_2023-12-12.txt,2023-12-12,8/7/2023,2023
2005,Crest View,Crest View,134,False,True,08_births_and_k_analysis_2023_2023-12-12.txt,2023-12-12,8/7/2023,2023
2005,Douglass,Douglass,44,False,True,08_births_and_k_analysis_2023_2023-12-12.txt,2023-12-12,8/7/2023,2023
2005,Eisenhower,Eisenhower,84,False,True,08_births_and_k_analysis_2023_2023-12-12.txt,2023-12-12,8/7/2023,2023
2005,Eldorado (K-5),Eldorado,76,False,True,08_births_and_k_analysis_2023_2023-12-12.txt,2023-12-12,8/7/2023,2023
2005,Emerald,Emerald,77,False,True,08_births_and_k_analysis_2023_2023-12-12.txt,2023-12-12,8/7/2023,2023
2005,Fireside,Fireside,66,False,True,08_births_and_k_analysis_2023_2023-12-12.txt,2023-12-12,8/7/2023,2023
2005,Flatirons,Flatirons,61,False,True,08_births_and_k_analysis_2023_2023-12-12.txt,2023-12-12,8/7/2023,2023
2005,Foothill,Foothill,95,False,True,08_births_and_k_analysis_2023_2023-12-12.txt,2023-12-12,8/7/2023,2023
2005,Gold Hill,Gold Hill,3,False,True,08_births_and_k_analysis_2023_2023-12-12.txt,2023-12-12,8/7/2023,2023
2005,Heatherwood,Heatherwood,70,False,True,08_births_and_k_analysis_2023_2023-12-12.txt,2023-12-12,8/7/2023,2023
2005,Jamestown,Jamestown,4,False,True,08_births_and_k_analysis_2023_2023-12-12.txt,2023-12-12,8/7/2023,2023
2005,Kohl,Kohl,50,False,True,08_births_and_k_analysis_2023_2023-12-12.txt,2023-12-12,8/7/2023,2023
2005,Lafayette,Lafayette,122,False,True,08_births_and_k_analysis_2023_2023-12-12.txt,2023-12-12,8/7/2023,2023
2005,Louisville,Louisville,65,False,True,08_births_and_k_analysis_2023_2023-12-12.txt,2023-12-12,8/7/2023,2023
2005,Meadowlark,Meadowlark,36,False,True,08_births_and_k_analysis_2023_2023-12-12.txt,2023-12-12,8/7/2023,2023
2005,Mesa,Mesa,30,False,True,08_births_and_k_analysis_2023_2023-12-12.txt,2023-12-12,8/7/2023,2023
2005,Monarch (K-5),Monarch,41,False,True,08_births_and_k_analysis_2023_2023-12-12.txt,2023-12-12,8/7/2023,2023
2005,Nederland,Nederland,101,False,True,08_births_and_k_analysis_2023_2023-12-12.txt,2023-12-12,8/7/2023,2023
2005,Ryan,Ryan,122,False,True,08_births_and_k_analysis_2023_2023-12-12.txt,2023-12-12,8/7/2023,2023
2005,Sanchez,Sanchez,93,False,True,08_births_and_k_analysis_2023_2023-12-12.txt,2023-12-12,8/7/2023,2023
2005,Superior,Superior,70,False,True,08_births_and_k_analysis_2023_2023-12-12.txt,2023-12-12,8/7/2023,2023
2005,Unlocated,Unlocated,0,False,True,08_births_and_k_analysis_2023_2023-12-12.txt,2023-12-12,8/7/2023,2023
2005,Whittier,Whittier,114,False,True,08_births_and_k_analysis_2023_2023-12-12.txt,2023-12-12,8/7/2023,2023
2005,BVSD,BVSD,2109,True,True,08_births_and_k_analysis_2023_2023-12-12.txt,2023-12-12,8/7/2023,2023
2005,Boulder Total,Boulder Total,975,True,True,08_births_and_k_analysis_2023_2023-12-12.txt,2023-12-12,8/7/2023,2023
2005,E County Total,E County Total,950,True,True,08_births_and_k_analysis_2023_2023-12-12.txt,2023-12-12,8/7/2023,2023
2006,Aspen Crk,Aspen Creek,62,False,True,08_births_and_k_analysis_2023_2023-12-12.txt,2023-12-12,8/7/2023,2023
2006,BC-Creekside,BC-Creekside,3,False,True,08_births_and_k_analysis_2023_2023-12-12.txt,2023-12-12,8/7/2023,2023
2006,BC-Mesa,BC-Mesa,21,False,True,08_births_and_k_analysis_2023_2023-12-12.txt,2023-12-12,8/7/2023,2023
2006,Bear Creek,Bear Creek,17,False,True,08_births_and_k_analysis_2023_2023-12-12.txt,2023-12-12,8/7/2023,2023
2006,Birch,Birch,64,False,True,08_births_and_k_analysis_2023_2023-12-12.txt,2023-12-12,8/7/2023,2023
2006,Coal Creek,Coal Creek,72,False,True,08_births_and_k_analysis_2023_2023-12-12.txt,2023-12-12,8/7/2023,2023
2006,Columbine,Columbine,168,False,True,08_births_and_k_analysis_2023_2023-12-12.txt,2023-12-12,8/7/2023,2023
2006,Creekside,Creekside,145,False,True,08_births_and_k_analysis_2023_2023-12-12.txt,2023-12-12,8/7/2023,2023
2006,Crest View,Crest View,115,False,True,08_births_and_k_analysis_2023_2023-12-12.txt,2023-12-12,8/7/2023,2023
2006,Douglass,Douglass,47,False,True,08_births_and_k_analysis_2023_2023-12-12.txt,2023-12-12,8/7/2023,2023
2006,Eisenhower,Eisenhower,81,False,True,08_births_and_k_analysis_2023_2023-12-12.txt,2023-12-12,8/7/2023,2023
2006,Eldorado (K-5),Eldorado,78,False,True,08_births_and_k_analysis_2023_2023-12-12.txt,2023-12-12,8/7/2023,2023
2006,Emerald,Emerald,96,False,True,08_births_and_k_analysis_2023_2023-12-12.txt,2023-12-12,8/7/2023,2023
2006,Fireside,Fireside,57,False,True,08_births_and_k_analysis_2023_2023-12-12.txt,2023-12-12,8/7/2023,2023
2006,Flatirons,Flatirons,58,False,True,08_births_and_k_analysis_2023_2023-12-12.txt,2023-12-12,8/7/2023,2023
2006,Foothill,Foothill,115,False,True,08_births_and_k_analysis_2023_2023-12-12.txt,2023-12-12,8/7/2023,2023
2006,Gold Hill,Gold Hill,1,False,True,08_births_and_k_analysis_2023_2023-12-12.txt,2023-12-12,8/7/2023,2023
2006,Heatherwood,Heatherwood,64,False,True,08_births_and_k_analysis_2023_2023-12-12.txt,2023-12-12,8/7/2023,2023
2006,Jamestown,Jamestown,6,False,True,08_births_and_k_analysis_2023_2023-12-12.txt,2023-12-12,8/7/2023,2023
2006,Kohl,Kohl,50,False,True,08_births_and_k_analysis_2023_2023-12-12.txt,2023-12-12,8/7/2023,2023
2006,Lafayette,Lafayette,121,False,True,08_births_and_k_analysis_2023_2023-12-12.txt,2023-12-12,8/7/2023,2023
2006,Louisville,Louisville,68,False,True,08_births_and_k_analysis_2023_2023-12-12.txt,2023-12-12,8/7/2023,2023
2006,Meadowlark,Meadowlark,44,False,True,08_births_and_k_analysis_2023_2023-12-12.txt,2023-12-12,8/7/2023,2023
2006,Mesa,Mesa,19,False,True,08_births_and_k_analysis_2023_2023-12-12.txt,2023-12-12,8/7/2023,2023
2006,Monarch (K-5),Monarch,45,False,True,08_births_and_k_analysis_2023_2023-12-12.txt,2023-12-12,8/7/2023,2023
2006,Nederland,Nederland,84,False,True,08_births_and_k_analysis_2023_2023-12-12.txt,2023-12-12,8/7/2023,2023
2006,Ryan,Ryan,117,False,True,08_births_and_k_analysis_2023_2023-12-12.txt,2023-12-12,8/7/2023,2023
2006,Sanchez,Sanchez,111,False,True,08_births_and_k_analysis_2023_2023-12-12.txt,2023-12-12,8/7/2023,2023
2006,Superior,Superior,59,False,True,08_births_and_k_analysis_2023_2023-12-12.txt,2023-12-12,8/7/2023,2023
2006,Unlocated,Unlocated,3,False,True,08_births_and_k_analysis_2023_2023-12-12.txt,2023-12-12,8/7/2023,2023
2006,Whittier,Whittier,114,False,True,08_births_and_k_analysis_2023_2023-12-12.txt,2023-12-12,8/7/2023,2023
2006,BVSD,BVSD,2105,True,True,08_births_and_k_analysis_2023_2023-12-12.txt,2023-12-12,8/7/2023,2023
2006,Boulder Total,Boulder Total,920,True,True,08_births_and_k_analysis_2023_2023-12-12.txt,2023-12-12,8/7/2023,2023
2006,E County Total,E County Total,1013,True,True,08_births_and_k_analysis_2023_2023-12-12.txt,2023-12-12,8/7/2023,2023
2007,Aspen Crk,Aspen Creek,52,False,True,08_births_and_k_analysis_2023_2023-12-12.txt,2023-12-12,8/7/2023,2023
2007,BC-Creekside,BC-Creekside,5,False,True,08_births_and_k_analysis_2023_2023-12-12.txt,2023-12-12,8/7/2023,2023
2007,BC-Mesa,BC-Mesa,22,False,True,08_births_and_k_analysis_2023_2023-12-12.txt,2023-12-12,8/7/2023,2023
2007,Bear Creek,Bear Creek,23,False,True,08_births_and_k_analysis_2023_2023-12-12.txt,2023-12-12,8/7/2023,2023
2007,Birch,Birch,52,False,True,08_births_and_k_analysis_2023_2023-12-12.txt,2023-12-12,8/7/2023,2023
2007,Coal Creek,Coal Creek,55,False,True,08_births_and_k_analysis_2023_2023-12-12.txt,2023-12-12,8/7/2023,2023
2007,Columbine,Columbine,157,False,True,08_births_and_k_analysis_2023_2023-12-12.txt,2023-12-12,8/7/2023,2023
2007,Creekside,Creekside,156,False,True,08_births_and_k_analysis_2023_2023-12-12.txt,2023-12-12,8/7/2023,2023
2007,Crest View,Crest View,144,False,True,08_births_and_k_analysis_2023_2023-12-12.txt,2023-12-12,8/7/2023,2023
2007,Douglass,Douglass,54,False,True,08_births_and_k_analysis_2023_2023-12-12.txt,2023-12-12,8/7/2023,2023
2007,Eisenhower,Eisenhower,100,False,True,08_births_and_k_analysis_2023_2023-12-12.txt,2023-12-12,8/7/2023,2023
2007,Eldorado (K-5),Eldorado,65,False,True,08_births_and_k_analysis_2023_2023-12-12.txt,2023-12-12,8/7/2023,2023
2007,Emerald,Emerald,89,False,True,08_births_and_k_analysis_2023_2023-12-12.txt,2023-12-12,8/7/2023,2023
2007,Fireside,Fireside,47,False,True,08_births_and_k_analysis_2023_2023-12-12.txt,2023-12-12,8/7/2023,2023
2007,Flatirons,Flatirons,56,False,True,08_births_and_k_analysis_2023_2023-12-12.txt,2023-12-12,8/7/2023,2023
2007,Foothill,Foothill,84,False,True,08_births_and_k_analysis_2023_2023-12-12.txt,2023-12-12,8/7/2023,2023
2007,Gold Hill,Gold Hill,1,False,True,08_births_and_k_analysis_2023_2023-12-12.txt,2023-12-12,8/7/2023,2023
2007,Heatherwood,Heatherwood,69,False,True,08_births_and_k_analysis_2023_2023-12-12.txt,2023-12-12,8/7/2023,2023
2007,Jamestown,Jamestown,2,False,True,08_births_and_k_analysis_2023_2023-12-12.txt,2023-12-12,8/7/2023,2023
2007,Kohl,Kohl,45,False,True,08_births_and_k_analysis_2023_2023-12-12.txt,2023-12-12,8/7/2023,2023
2007,Lafayette,Lafayette,113,False,True,08_births_and_k_analysis_2023_2023-12-12.txt,2023-12-12,8/7/2023,2023
2007,Louisville,Louisville,90,False,True,08_births_and_k_analysis_2023_2023-12-12.txt,2023-12-12,8/7/2023,2023
2007,Meadowlark,Meadowlark,34,False,True,08_births_and_k_analysis_2023_2023-12-12.txt,2023-12-12,8/7/2023,2023
2007,Mesa,Mesa,31,False,True,08_births_and_k_analysis_2023_2023-12-12.txt,2023-12-12,8/7/2023,2023
2007,Monarch (K-5),Monarch,57,False,True,08_births_and_k_analysis_2023_2023-12-12.txt,2023-12-12,8/7/2023,2023
2007,Nederland,Nederland,65,False,True,08_births_and_k_analysis_2023_2023-12-12.txt,2023-12-12,8/7/2023,2023
2007,Ryan,Ryan,124,False,True,08_births_and_k_analysis_2023_2023-12-12.txt,2023-12-12,8/7/2023,2023
2007,Sanchez,Sanchez,96,False,True,08_births_and_k_analysis_2023_2023-12-12.txt,2023-12-12,8/7/2023,2023
2007,Superior,Superior,55,False,True,08_births_and_k_analysis_2023_2023-12-12.txt,2023-12-12,8/7/2023,2023
2007,Unlocated,Unlocated,0,False,True,08_births_and_k_analysis_2023_2023-12-12.txt,2023-12-12,8/7/2023,2023
2007,Whittier,Whittier,115,False,True,08_births_and_k_analysis_2023_2023-12-12.txt,2023-12-12,8/7/2023,2023
2007,BVSD,BVSD,2058,True,True,08_births_and_k_analysis_2023_2023-12-12.txt,2023-12-12,8/7/2023,2023
2007,Boulder Total,Boulder Total,962,True,True,08_births_and_k_analysis_2023_2023-12-12.txt,2023-12-12,8/7/2023,2023
2007,E County Total,E County Total,963,True,True,08_births_and_k_analysis_2023_2023-12-12.txt,2023-12-12,8/7/2023,2023
2008,Aspen Crk,Aspen Creek,56,False,True,08_births_and_k_analysis_2023_2023-12-12.txt,2023-12-12,8/7/2023,2023
2008,BC-Creekside,BC-Creekside,6,False,True,08_births_and_k_analysis_2023_2023-12-12.txt,2023-12-12,8/7/2023,2023
2008,BC-Mesa,BC-Mesa,27,False,True,08_births_and_k_analysis_2023_2023-12-12.txt,2023-12-12,8/7/2023,2023
2008,Bear Creek,Bear Creek,18,False,True,08_births_and_k_analysis_2023_2023-12-12.txt,2023-12-12,8/7/2023,2023
2008,Birch,Birch,60,False,True,08_births_and_k_analysis_2023_2023-12-12.txt,2023-12-12,8/7/2023,2023
2008,Coal Creek,Coal Creek,54,False,True,08_births_and_k_analysis_2023_2023-12-12.txt,2023-12-12,8/7/2023,2023
2008,Columbine,Columbine,155,False,True,08_births_and_k_analysis_2023_2023-12-12.txt,2023-12-12,8/7/2023,2023
2008,Creekside,Creekside,176,False,True,08_births_and_k_analysis_2023_2023-12-12.txt,2023-12-12,8/7/2023,2023
2008,Crest View,Crest View,114,False,True,08_births_and_k_analysis_2023_2023-12-12.txt,2023-12-12,8/7/2023,2023
2008,Douglass,Douglass,57,False,True,08_births_and_k_analysis_2023_2023-12-12.txt,2023-12-12,8/7/2023,2023
2008,Eisenhower,Eisenhower,82,False,True,08_births_and_k_analysis_2023_2023-12-12.txt,2023-12-12,8/7/2023,2023
2008,Eldorado (K-5),Eldorado,61,False,True,08_births_and_k_analysis_2023_2023-12-12.txt,2023-12-12,8/7/2023,2023
2008,Emerald,Emerald,95,False,True,08_births_and_k_analysis_2023_2023-12-12.txt,2023-12-12,8/7/2023,2023
2008,Fireside,Fireside,53,False,True,08_births_and_k_analysis_2023_2023-12-12.txt,2023-12-12,8/7/2023,2023
2008,Flatirons,Flatirons,53,False,True,08_births_and_k_analysis_2023_2023-12-12.txt,2023-12-12,8/7/2023,2023
2008,Foothill,Foothill,119,False,True,08_births_and_k_analysis_2023_2023-12-12.txt,2023-12-12,8/7/2023,2023
2008,Gold Hill,Gold Hill,1,False,True,08_births_and_k_analysis_2023_2023-12-12.txt,2023-12-12,8/7/2023,2023
2008,Heatherwood,Heatherwood,54,False,True,08_births_and_k_analysis_2023_2023-12-12.txt,2023-12-12,8/7/2023,2023
2008,Jamestown,Jamestown,5,False,True,08_births_and_k_analysis_2023_2023-12-12.txt,2023-12-12,8/7/2023,2023
2008,Kohl,Kohl,57,False,True,08_births_and_k_analysis_2023_2023-12-12.txt,2023-12-12,8/7/2023,2023
2008,Lafayette,Lafayette,113,False,True,08_births_and_k_analysis_2023_2023-12-12.txt,2023-12-12,8/7/2023,2023
2008,Louisville,Louisville,77,False,True,08_births_and_k_analysis_2023_2023-12-12.txt,2023-12-12,8/7/2023,2023
2008,Meadowlark,Meadowlark,39,False,True,08_births_and_k_analysis_2023_2023-12-12.txt,2023-12-12,8/7/2023,2023
2008,Mesa,Mesa,25,False,True,08_births_and_k_analysis_2023_2023-12-12.txt,2023-12-12,8/7/2023,2023
2008,Monarch (K-5),Monarch,45,False,True,08_births_and_k_analysis_2023_2023-12-12.txt,2023-12-12,8/7/2023,2023
2008,Nederland,Nederland,63,False,True,08_births_and_k_analysis_2023_2023-12-12.txt,2023-12-12,8/7/2023,2023
2008,Ryan,Ryan,114,False,True,08_births_and_k_analysis_2023_2023-12-12.txt,2023-12-12,8/7/2023,2023
2008,Sanchez,Sanchez,89,False,True,08_births_and_k_analysis_2023_2023-12-12.txt,2023-12-12,8/7/2023,2023
2008,Superior,Superior,58,False,True,08_births_and_k_analysis_2023_2023-12-12.txt,2023-12-12,8/7/2023,2023
2008,Unlocated,Unlocated,0,False,True,08_births_and_k_analysis_2023_2023-12-12.txt,2023-12-12,8/7/2023,2023
2008,Whittier,Whittier,110,False,True,08_births_and_k_analysis_2023_2023-12-12.txt,2023-12-12,8/7/2023,2023
2008,BVSD,BVSD,2036,True,True,08_births_and_k_analysis_2023_2023-12-12.txt,2023-12-12,8/7/2023,2023
2008,Boulder Total,Boulder Total,939,True,True,08_births_and_k_analysis_2023_2023-12-12.txt,2023-12-12,8/7/2023,2023
2008,E County Total,E County Total,967,True,True,08_births_and_k_analysis_2023_2023-12-12.txt,2023-12-12,8/7/2023,2023
2009,Aspen Crk,Aspen Creek,65,False,True,08_births_and_k_analysis_2023_2023-12-12.txt,2023-12-12,8/7/2023,2023
2009,BC-Creekside,BC-Creekside,2,False,True,08_births_and_k_analysis_2023_2023-12-12.txt,2023-12-12,8/7/2023,2023
2009,BC-Mesa,BC-Mesa,25,False,True,08_births_and_k_analysis_2023_2023-12-12.txt,2023-12-12,8/7/2023,2023
2009,Bear Creek,Bear Creek,25,False,True,08_births_and_k_analysis_2023_2023-12-12.txt,2023-12-12,8/7/2023,2023
2009,Birch,Birch,46,False,True,08_births_and_k_analysis_2023_2023-12-12.txt,2023-12-12,8/7/2023,2023
2009,Coal Creek,Coal Creek,68,False,True,08_births_and_k_analysis_2023_2023-12-12.txt,2023-12-12,8/7/2023,2023
2009,Columbine,Columbine,153,False,True,08_births_and_k_analysis_2023_2023-12-12.txt,2023-12-12,8/7/2023,2023
2009,Creekside,Creekside,159,False,True,08_births_and_k_analysis_2023_2023-12-12.txt,2023-12-12,8/7/2023,2023
2009,Crest View,Crest View,165,False,True,08_births_and_k_analysis_2023_2023-12-12.txt,2023-12-12,8/7/2023,2023
2009,Douglass,Douglass,47,False,True,08_births_and_k_analysis_2023_2023-12-12.txt,2023-12-12,8/7/2023,2023
2009,Eisenhower,Eisenhower,75,False,True,08_births_and_k_analysis_2023_2023-12-12.txt,2023-12-12,8/7/2023,2023
2009,Eldorado (K-5),Eldorado,58,False,True,08_births_and_k_analysis_2023_2023-12-12.txt,2023-12-12,8/7/2023,2023
2009,Emerald,Emerald,77,False,True,08_births_and_k_analysis_2023_2023-12-12.txt,2023-12-12,8/7/2023,2023
2009,Fireside,Fireside,39,False,True,08_births_and_k_analysis_2023_2023-12-12.txt,2023-12-12,8/7/2023,2023
2009,Flatirons,Flatirons,47,False,True,08_births_and_k_analysis_2023_2023-12-12.txt,2023-12-12,8/7/2023,2023
2009,Foothill,Foothill,92,False,True,08_births_and_k_analysis_2023_2023-12-12.txt,2023-12-12,8/7/2023,2023
2009,Gold Hill,Gold Hill,0,False,True,08_births_and_k_analysis_2023_2023-12-12.txt,2023-12-12,8/7/2023,2023
2009,Heatherwood,Heatherwood,77,False,True,08_births_and_k_analysis_2023_2023-12-12.txt,2023-12-12,8/7/2023,2023
2009,Jamestown,Jamestown,4,False,True,08_births_and_k_analysis_2023_2023-12-12.txt,2023-12-12,8/7/2023,2023
2009,Kohl,Kohl,48,False,True,08_births_and_k_analysis_2023_2023-12-12.txt,2023-12-12,8/7/2023,2023
2009,Lafayette,Lafayette,102,False,True,08_births_and_k_analysis_2023_2023-12-12.txt,2023-12-12,8/7/2023,2023
2009,Louisville,Louisville,72,False,True,08_births_and_k_analysis_2023_2023-12-12.txt,2023-12-12,8/7/2023,2023
2009,Meadowlark,Meadowlark,40,False,True,08_births_and_k_analysis_2023_2023-12-12.txt,2023-12-12,8/7/2023,2023
2009,Mesa,Mesa,31,False,True,08_births_and_k_analysis_2023_2023-12-12.txt,2023-12-12,8/7/2023,2023
2009,Monarch (K-5),Monarch,55,False,True,08_births_and_k_analysis_2023_2023-12-12.txt,2023-12-12,8/7/2023,2023
2009,Nederland,Nederland,63,False,True,08_births_and_k_analysis_2023_2023-12-12.txt,2023-12-12,8/7/2023,2023
2009,Ryan,Ryan,121,False,True,08_births_and_k_analysis_2023_2023-12-12.txt,2023-12-12,8/7/2023,2023
2009,Sanchez,Sanchez,92,False,True,08_births_and_k_analysis_2023_2023-12-12.txt,2023-12-12,8/7/2023,2023
2009,Superior,Superior,48,False,True,08_births_and_k_analysis_2023_2023-12-12.txt,2023-12-12,8/7/2023,2023
2009,Unlocated,Unlocated,1,False,True,08_births_and_k_analysis_2023_2023-12-12.txt,2023-12-12,8/7/2023,2023
2009,Whittier,Whittier,115,False,True,08_births_and_k_analysis_2023_2023-12-12.txt,2023-12-12,8/7/2023,2023
2009,BVSD,BVSD,2012,True,True,08_births_and_k_analysis_2023_2023-12-12.txt,2023-12-12,8/7/2023,2023
2009,Boulder Total,Boulder Total,966,True,True,08_births_and_k_analysis_2023_2023-12-12.txt,2023-12-12,8/7/2023,2023
2009,E County Total,E County Total,920,True,True,08_births_and_k_analysis_2023_2023-12-12.txt,2023-12-12,8/7/2023,2023
2010,Aspen Crk,Aspen Creek,56,False,True,08_births_and_k_analysis_2023_2023-12-12.txt,2023-12-12,8/7/2023,2023
2010,BC-Creekside,BC-Creekside,2,False,True,08_births_and_k_analysis_2023_2023-12-12.txt,2023-12-12,8/7/2023,2023
2010,BC-Mesa,BC-Mesa,31,False,True,08_births_and_k_analysis_2023_2023-12-12.txt,2023-12-12,8/7/2023,2023
2010,Bear Creek,Bear Creek,31,False,True,08_births_and_k_analysis_2023_2023-12-12.txt,2023-12-12,8/7/2023,2023
2010,Birch,Birch,56,False,True,08_births_and_k_analysis_2023_2023-12-12.txt,2023-12-12,8/7/2023,2023
2010,Coal Creek,Coal Creek,68,False,True,08_births_and_k_analysis_2023_2023-12-12.txt,2023-12-12,8/7/2023,2023
2010,Columbine,Columbine,135,False,True,08_births_and_k_analysis_2023_2023-12-12.txt,2023-12-12,8/7/2023,2023
2010,Creekside,Creekside,150,False,True,08_births_and_k_analysis_2023_2023-12-12.txt,2023-12-12,8/7/2023,2023
2010,Crest View,Crest View,135,False,True,08_births_and_k_analysis_2023_2023-12-12.txt,2023-12-12,8/7/2023,2023
2010,Douglass,Douglass,47,False,True,08_births_and_k_analysis_2023_2023-12-12.txt,2023-12-12,8/7/2023,2023
2010,Eisenhower,Eisenhower,76,False,True,08_births_and_k_analysis_2023_2023-12-12.txt,2023-12-12,8/7/2023,2023
2010,Eldorado (K-5),Eldorado,46,False,True,08_births_and_k_analysis_2023_2023-12-12.txt,2023-12-12,8/7/2023,2023
2010,Emerald,Emerald,79,False,True,08_births_and_k_analysis_2023_2023-12-12.txt,2023-12-12,8/7/2023,2023
2010,Fireside,Fireside,48,False,True,08_births_and_k_analysis_2023_2023-12-12.txt,2023-12-12,8/7/2023,2023
2010,Flatirons,Flatirons,48,False,True,08_births_and_k_analysis_2023_2023-12-12.txt,2023-12-12,8/7/2023,2023
2010,Foothill,Foothill,80,False,True,08_births_and_k_analysis_2023_2023-12-12.txt,2023-12-12,8/7/2023,2023
2010,Gold Hill,Gold Hill,2,False,True,08_births_and_k_analysis_2023_2023-12-12.txt,2023-12-12,8/7/2023,2023
2010,Heatherwood,Heatherwood,64,False,True,08_births_and_k_analysis_2023_2023-12-12.txt,2023-12-12,8/7/2023,2023
2010,Jamestown,Jamestown,3,False,True,08_births_and_k_analysis_2023_2023-12-12.txt,2023-12-12,8/7/2023,2023
2010,Kohl,Kohl,42,False,True,08_births_and_k_analysis_2023_2023-12-12.txt,2023-12-12,8/7/2023,2023
2010,Lafayette,Lafayette,114,False,True,08_births_and_k_analysis_2023_2023-12-12.txt,2023-12-12,8/7/2023,2023
2010,Louisville,Louisville,59,False,True,08_births_and_k_analysis_2023_2023-12-12.txt,2023-12-12,8/7/2023,2023
2010,Meadowlark,Meadowlark,31,False,True,08_births_and_k_analysis_2023_2023-12-12.txt,2023-12-12,8/7/2023,2023
2010,Mesa,Mesa,23,False,True,08_births_and_k_analysis_2023_2023-12-12.txt,2023-12-12,8/7/2023,2023
2010,Monarch (K-5),Monarch,60,False,True,08_births_and_k_analysis_2023_2023-12-12.txt,2023-12-12,8/7/2023,2023
2010,Nederland,Nederland,62,False,True,08_births_and_k_analysis_2023_2023-12-12.txt,2023-12-12,8/7/2023,2023
2010,Ryan,Ryan,99,False,True,08_births_and_k_analysis_2023_2023-12-12.txt,2023-12-12,8/7/2023,2023
2010,Sanchez,Sanchez,87,False,True,08_births_and_k_analysis_2023_2023-12-12.txt,2023-12-12,8/7/2023,2023
2010,Superior,Superior,52,False,True,08_births_and_k_analysis_2023_2023-12-12.txt,2023-12-12,8/7/2023,2023
2010,Unlocated,Unlocated,0,False,True,08_births_and_k_analysis_2023_2023-12-12.txt,2023-12-12,8/7/2023,2023
2010,Whittier,Whittier,105,False,True,08_births_and_k_analysis_2023_2023-12-12.txt,2023-12-12,8/7/2023,2023
2010,BVSD,BVSD,1891,True,True,08_births_and_k_analysis_2023_2023-12-12.txt,2023-12-12,8/7/2023,2023
2010,Boulder Total,Boulder Total,880,True,True,08_births_and_k_analysis_2023_2023-12-12.txt,2023-12-12,8/7/2023,2023
2010,E County Total,E County Total,898,True,True,08_births_and_k_analysis_2023_2023-12-12.txt,2023-12-12,8/7/2023,2023
2011,Aspen Crk,Aspen Creek,51,False,True,08_births_and_k_analysis_2023_2023-12-12.txt,2023-12-12,8/7/2023,2023
2011,BC-Creekside,BC-Creekside,2,False,True,08_births_and_k_analysis_2023_2023-12-12.txt,2023-12-12,8/7/2023,2023
2011,BC-Mesa,BC-Mesa,24,False,True,08_births_and_k_analysis_2023_2023-12-12.txt,2023-12-12,8/7/2023,2023
2011,Bear Creek,Bear Creek,20,False,True,08_births_and_k_analysis_2023_2023-12-12.txt,2023-12-12,8/7/2023,2023
2011,Birch,Birch,49,False,True,08_births_and_k_analysis_2023_2023-12-12.txt,2023-12-12,8/7/2023,2023
2011,Coal Creek,Coal Creek,51,False,True,08_births_and_k_analysis_2023_2023-12-12.txt,2023-12-12,8/7/2023,2023
2011,Columbine,Columbine,155,False,True,08_births_and_k_analysis_2023_2023-12-12.txt,2023-12-12,8/7/2023,2023
2011,Creekside,Creekside,130,False,True,08_births_and_k_analysis_2023_2023-12-12.txt,2023-12-12,8/7/2023,2023
2011,Crest View,Crest View,123,False,True,08_births_and_k_analysis_2023_2023-12-12.txt,2023-12-12,8/7/2023,2023
2011,Douglass,Douglass,38,False,True,08_births_and_k_analysis_2023_2023-12-12.txt,2023-12-12,8/7/2023,2023
2011,Eisenhower,Eisenhower,91,False,True,08_births_and_k_analysis_2023_2023-12-12.txt,2023-12-12,8/7/2023,2023
2011,Eldorado (K-5),Eldorado,40,False,True,08_births_and_k_analysis_2023_2023-12-12.txt,2023-12-12,8/7/2023,2023
2011,Emerald,Emerald,73,False,True,08_births_and_k_analysis_2023_2023-12-12.txt,2023-12-12,8/7/2023,2023
2011,Fireside,Fireside,57,False,True,08_births_and_k_analysis_2023_2023-12-12.txt,2023-12-12,8/7/2023,2023
2011,Flatirons,Flatirons,47,False,True,08_births_and_k_analysis_2023_2023-12-12.txt,2023-12-12,8/7/2023,2023
2011,Foothill,Foothill,83,False,True,08_births_and_k_analysis_2023_2023-12-12.txt,2023-12-12,8/7/2023,2023
2011,Gold Hill,Gold Hill,2,False,True,08_births_and_k_analysis_2023_2023-12-12.txt,2023-12-12,8/7/2023,2023
2011,Heatherwood,Heatherwood,62,False,True,08_births_and_k_analysis_2023_2023-12-12.txt,2023-12-12,8/7/2023,2023
2011,Jamestown,Jamestown,4,False,True,08_births_and_k_analysis_2023_2023-12-12.txt,2023-12-12,8/7/2023,2023
2011,Kohl,Kohl,55,False,True,08_births_and_k_analysis_2023_2023-12-12.txt,2023-12-12,8/7/2023,2023
2011,Lafayette,Lafayette,124,False,True,08_births_and_k_analysis_2023_2023-12-12.txt,2023-12-12,8/7/2023,2023
2011,Louisville,Louisville,80,False,True,08_births_and_k_analysis_2023_2023-12-12.txt,2023-12-12,8/7/2023,2023
2011,Meadowlark,Meadowlark,38,False,True,08_births_and_k_analysis_2023_2023-12-12.txt,2023-12-12,8/7/2023,2023
2011,Mesa,Mesa,16,False,True,08_births_and_k_analysis_2023_2023-12-12.txt,2023-12-12,8/7/2023,2023
2011,Monarch (K-5),Monarch,59,False,True,08_births_and_k_analysis_2023_2023-12-12.txt,2023-12-12,8/7/2023,2023
2011,Nederland,Nederland,53,False,True,08_births_and_k_analysis_2023_2023-12-12.txt,2023-12-12,8/7/2023,2023
2011,Ryan,Ryan,99,False,True,08_births_and_k_analysis_2023_2023-12-12.txt,2023-12-12,8/7/2023,2023
2011,Sanchez,Sanchez,81,False,True,08_births_and_k_analysis_2023_2023-12-12.txt,2023-12-12,8/7/2023,2023
2011,Superior,Superior,35,False,True,08_births_and_k_analysis_2023_2023-12-12.txt,2023-12-12,8/7/2023,2023
2011,Unlocated,Unlocated,0,False,True,08_births_and_k_analysis_2023_2023-12-12.txt,2023-12-12,8/7/2023,2023
2011,Whittier,Whittier,87,False,True,08_births_and_k_analysis_2023_2023-12-12.txt,2023-12-12,8/7/2023,2023
2011,BVSD,BVSD,1829,True,True,08_births_and_k_analysis_2023_2023-12-12.txt,2023-12-12,8/7/2023,2023
2011,Boulder Total,Boulder Total,840,True,True,08_births_and_k_analysis_2023_2023-12-12.txt,2023-12-12,8/7/2023,2023
2011,E County Total,E County Total,890,True,True,08_births_and_k_analysis_2023_2023-12-12.txt,2023-12-12,8/7/2023,2023
2012,Aspen Crk,Aspen Creek,61,False,True,08_births_and_k_analysis_2023_2023-12-12.txt,2023-12-12,8/7/2023,2023
2012,BC-Creekside,BC-Creekside,8,False,True,08_births_and_k_analysis_2023_2023-12-12.txt,2023-12-12,8/7/2023,2023
2012,BC-Mesa,BC-Mesa,26,False,True,08_births_and_k_analysis_2023_2023-12-12.txt,2023-12-12,8/7/2023,2023
2012,Bear Creek,Bear Creek,19,False,True,08_births_and_k_analysis_2023_2023-12-12.txt,2023-12-12,8/7/2023,2023
2012,Birch,Birch,43,False,True,08_births_and_k_analysis_2023_2023-12-12.txt,2023-12-12,8/7/2023,2023
2012,Coal Creek,Coal Creek,66,False,True,08_births_and_k_analysis_2023_2023-12-12.txt,2023-12-12,8/7/2023,2023
2012,Columbine,Columbine,132,False,True,08_births_and_k_analysis_2023_2023-12-12.txt,2023-12-12,8/7/2023,2023
2012,Creekside,Creekside,157,False,True,08_births_and_k_analysis_2023_2023-12-12.txt,2023-12-12,8/7/2023,2023
2012,Crest View,Crest View,147,False,True,08_births_and_k_analysis_2023_2023-12-12.txt,2023-12-12,8/7/2023,2023
2012,Douglass,Douglass,52,False,True,08_births_and_k_analysis_2023_2023-12-12.txt,2023-12-12,8/7/2023,2023
2012,Eisenhower,Eisenhower,83,False,True,08_births_and_k_analysis_2023_2023-12-12.txt,2023-12-12,8/7/2023,2023
2012,Eldorado (K-5),Eldorado,41,False,True,08_births_and_k_analysis_2023_2023-12-12.txt,2023-12-12,8/7/2023,2023
2012,Emerald,Emerald,90,False,True,08_births_and_k_analysis_2023_2023-12-12.txt,2023-12-12,8/7/2023,2023
2012,Fireside,Fireside,45,False,True,08_births_and_k_analysis_2023_2023-12-12.txt,2023-12-12,8/7/2023,2023
2012,Flatirons,Flatirons,44,False,True,08_births_and_k_analysis_2023_2023-12-12.txt,2023-12-12,8/7/2023,2023
2012,Foothill,Foothill,84,False,True,08_births_and_k_analysis_2023_2023-12-12.txt,2023-12-12,8/7/2023,2023
2012,Gold Hill,Gold Hill,1,False,True,08_births_and_k_analysis_2023_2023-12-12.txt,2023-12-12,8/7/2023,2023
2012,Heatherwood,Heatherwood,71,False,True,08_births_and_k_analysis_2023_2023-12-12.txt,2023-12-12,8/7/2023,2023
2012,Jamestown,Jamestown,6,False,True,08_births_and_k_analysis_2023_2023-12-12.txt,2023-12-12,8/7/2023,2023
2012,Kohl,Kohl,59,False,True,08_births_and_k_analysis_2023_2023-12-12.txt,2023-12-12,8/7/2023,2023
2012,Lafayette,Lafayette,105,False,True,08_births_and_k_analysis_2023_2023-12-12.txt,2023-12-12,8/7/2023,2023
2012,Louisville,Louisville,85,False,True,08_births_and_k_analysis_2023_2023-12-12.txt,2023-12-12,8/7/2023,2023
2012,Meadowlark,Meadowlark,27,False,True,08_births_and_k_analysis_2023_2023-12-12.txt,2023-12-12,8/7/2023,2023
2012,Mesa,Mesa,23,False,True,08_births_and_k_analysis_2023_2023-12-12.txt,2023-12-12,8/7/2023,2023
2012,Monarch (K-5),Monarch,60,False,True,08_births_and_k_analysis_2023_2023-12-12.txt,2023-12-12,8/7/2023,2023
2012,Nederland,Nederland,48,False,True,08_births_and_k_analysis_2023_2023-12-12.txt,2023-12-12,8/7/2023,2023
2012,Ryan,Ryan,143,False,True,08_births_and_k_analysis_2023_2023-12-12.txt,2023-12-12,8/7/2023,2023
2012,Sanchez,Sanchez,83,False,True,08_births_and_k_analysis_2023_2023-12-12.txt,2023-12-12,8/7/2023,2023
2012,Superior,Superior,28,False,True,08_births_and_k_analysis_2023_2023-12-12.txt,2023-12-12,8/7/2023,2023
2012,Unlocated,Unlocated,0,False,True,08_births_and_k_analysis_2023_2023-12-12.txt,2023-12-12,8/7/2023,2023
2012,Whittier,Whittier,119,False,True,08_births_and_k_analysis_2023_2023-12-12.txt,2023-12-12,8/7/2023,2023
2012,BVSD,BVSD,1956,True,True,08_births_and_k_analysis_2023_2023-12-12.txt,2023-12-12,8/7/2023,2023
2012,Boulder Total,Boulder Total,913,True,True,08_births_and_k_analysis_2023_2023-12-12.txt,2023-12-12,8/7/2023,2023
2012,E County Total,E County Total,947,True,True,08_births_and_k_analysis_2023_2023-12-12.txt,2023-12-12,8/7/2023,2023
2013,Aspen Crk,Aspen Creek,67,False,True,08_births_and_k_analysis_2023_2023-12-12.txt,2023-12-12,8/7/2023,2023
2013,BC-Creekside,BC-Creekside,3,False,True,08_births_and_k_analysis_2023_2023-12-12.txt,2023-12-12,8/7/2023,2023
2013,BC-Mesa,BC-Mesa,23,False,True,08_births_and_k_analysis_2023_2023-12-12.txt,2023-12-12,8/7/2023,2023
2013,Bear Creek,Bear Creek,25,False,True,08_births_and_k_analysis_2023_2023-12-12.txt,2023-12-12,8/7/2023,2023
2013,Birch,Birch,65,False,True,08_births_and_k_analysis_2023_2023-12-12.txt,2023-12-12,8/7/2023,2023
2013,Coal Creek,Coal Creek,60,False,True,08_births_and_k_analysis_2023_2023-12-12.txt,2023-12-12,8/7/2023,2023
2013,Columbine,Columbine,129,False,True,08_births_and_k_analysis_2023_2023-12-12.txt,2023-12-12,8/7/2023,2023
2013,Creekside,Creekside,157,False,True,08_births_and_k_analysis_2023_2023-12-12.txt,2023-12-12,8/7/2023,2023
2013,Crest View,Crest View,151,False,True,08_births_and_k_analysis_2023_2023-12-12.txt,2023-12-12,8/7/2023,2023
2013,Douglass,Douglass,46,False,True,08_births_and_k_analysis_2023_2023-12-12.txt,2023-12-12,8/7/2023,2023
2013,Eisenhower,Eisenhower,84,False,True,08_births_and_k_analysis_2023_2023-12-12.txt,2023-12-12,8/7/2023,2023
2013,Eldorado (K-5),Eldorado,46,False,True,08_births_and_k_analysis_2023_2023-12-12.txt,2023-12-12,8/7/2023,2023
2013,Emerald,Emerald,81,False,True,08_births_and_k_analysis_2023_2023-12-12.txt,2023-12-12,8/7/2023,2023
2013,Fireside,Fireside,59,False,True,08_births_and_k_analysis_2023_2023-12-12.txt,2023-12-12,8/7/2023,2023
2013,Flatirons,Flatirons,41,False,True,08_births_and_k_analysis_2023_2023-12-12.txt,2023-12-12,8/7/2023,2023
2013,Foothill,Foothill,64,False,True,08_births_and_k_analysis_2023_2023-12-12.txt,2023-12-12,8/7/2023,2023
2013,Gold Hill,Gold Hill,3,False,True,08_births_and_k_analysis_2023_2023-12-12.txt,2023-12-12,8/7/2023,2023
2013,Heatherwood,Heatherwood,60,False,True,08_births_and_k_analysis_2023_2023-12-12.txt,2023-12-12,8/7/2023,2023
2013,Jamestown,Jamestown,2,False,True,08_births_and_k_analysis_2023_2023-12-12.txt,2023-12-12,8/7/2023,2023
2013,Kohl,Kohl,53,False,True,08_births_and_k_analysis_2023_2023-12-12.txt,2023-12-12,8/7/2023,2023
2013,Lafayette,Lafayette,89,False,True,08_births_and_k_analysis_2023_2023-12-12.txt,2023-12-12,8/7/2023,2023
2013,Louisville,Louisville,79,False,True,08_births_and_k_analysis_2023_2023-12-12.txt,2023-12-12,8/7/2023,2023
2013,Meadowlark,Meadowlark,24,False,True,08_births_and_k_analysis_2023_2023-12-12.txt,2023-12-12,8/7/2023,2023
2013,Mesa,Mesa,20,False,True,08_births_and_k_analysis_2023_2023-12-12.txt,2023-12-12,8/7/2023,2023
2013,Monarch (K-5),Monarch,67,False,True,08_births_and_k_analysis_2023_2023-12-12.txt,2023-12-12,8/7/2023,2023
2013,Nederland,Nederland,55,False,True,08_births_and_k_analysis_2023_2023-12-12.txt,2023-12-12,8/7/2023,2023
2013,Ryan,Ryan,104,False,True,08_births_and_k_analysis_2023_2023-12-12.txt,2023-12-12,8/7/2023,2023
2013,Sanchez,Sanchez,99,False,True,08_births_and_k_analysis_2023_2023-12-12.txt,2023-12-12,8/7/2023,2023
2013,Superior,Superior,41,False,True,08_births_and_k_analysis_2023_2023-12-12.txt,2023-12-12,8/7/2023,2023
2013,Unlocated,Unlocated,0,False,True,08_births_and_k_analysis_2023_2023-12-12.txt,2023-12-12,8/7/2023,2023
2013,Whittier,Whittier,115,False,True,08_births_and_k_analysis_2023_2023-12-12.txt,2023-12-12,8/7/2023,2023
2013,BVSD,BVSD,1912,True,True,08_births_and_k_analysis_2023_2023-12-12.txt,2023-12-12,8/7/2023,2023
2013,Boulder Total,Boulder Total,872,True,True,08_births_and_k_analysis_2023_2023-12-12.txt,2023-12-12,8/7/2023,2023
2013,E County Total,E County Total,934,True,True,08_births_and_k_analysis_2023_2023-12-12.txt,2023-12-12,8/7/2023,2023
2014,Aspen Crk,Aspen Creek,54,False,True,08_births_and_k_analysis_2023_2023-12-12.txt,2023-12-12,8/7/2023,2023
2014,BC-Creekside,BC-Creekside,4,False,True,08_births_and_k_analysis_2023_2023-12-12.txt,2023-12-12,8/7/2023,2023
2014,BC-Mesa,BC-Mesa,25,False,True,08_births_and_k_analysis_2023_2023-12-12.txt,2023-12-12,8/7/2023,2023
2014,Bear Creek,Bear Creek,21,False,True,08_births_and_k_analysis_2023_2023-12-12.txt,2023-12-12,8/7/2023,2023
2014,Birch,Birch,58,False,True,08_births_and_k_analysis_2023_2023-12-12.txt,2023-12-12,8/7/2023,2023
2014,Coal Creek,Coal Creek,63,False,True,08_births_and_k_analysis_2023_2023-12-12.txt,2023-12-12,8/7/2023,2023
2014,Columbine,Columbine,124,False,True,08_births_and_k_analysis_2023_2023-12-12.txt,2023-12-12,8/7/2023,2023
2014,Creekside,Creekside,131,False,True,08_births_and_k_analysis_2023_2023-12-12.txt,2023-12-12,8/7/2023,2023
2014,Crest View,Crest View,123,False,True,08_births_and_k_analysis_2023_2023-12-12.txt,2023-12-12,8/7/2023,2023
2014,Douglass,Douglass,47,False,True,08_births_and_k_analysis_2023_2023-12-12.txt,2023-12-12,8/7/2023,2023
2014,Eisenhower,Eisenhower,75,False,True,08_births_and_k_analysis_2023_2023-12-12.txt,2023-12-12,8/7/2023,2023
2014,Eldorado (K-5),Eldorado,37,False,True,08_births_and_k_analysis_2023_2023-12-12.txt,2023-12-12,8/7/2023,2023
2014,Emerald,Emerald,80,False,True,08_births_and_k_analysis_2023_2023-12-12.txt,2023-12-12,8/7/2023,2023
2014,Fireside,Fireside,45,False,True,08_births_and_k_analysis_2023_2023-12-12.txt,2023-12-12,8/7/2023,2023
2014,Flatirons,Flatirons,43,False,True,08_births_and_k_analysis_2023_2023-12-12.txt,2023-12-12,8/7/2023,2023
2014,Foothill,Foothill,85,False,True,08_births_and_k_analysis_2023_2023-12-12.txt,2023-12-12,8/7/2023,2023
2014,Gold Hill,Gold Hill,0,False,True,08_births_and_k_analysis_2023_2023-12-12.txt,2023-12-12,8/7/2023,2023
2014,Heatherwood,Heatherwood,58,False,True,08_births_and_k_analysis_2023_2023-12-12.txt,2023-12-12,8/7/2023,2023
2014,Jamestown,Jamestown,2,False,True,08_births_and_k_analysis_2023_2023-12-12.txt,2023-12-12,8/7/2023,2023
2014,Kohl,Kohl,59,False,True,08_births_and_k_analysis_2023_2023-12-12.txt,2023-12-12,8/7/2023,2023
2014,Lafayette,Lafayette,109,False,True,08_births_and_k_analysis_2023_2023-12-12.txt,2023-12-12,8/7/2023,2023
2014,Louisville,Louisville,72,False,True,08_births_and_k_analysis_2023_2023-12-12.txt,2023-12-12,8/7/2023,2023
2014,Meadowlark,Meadowlark,33,False,True,08_births_and_k_analysis_2023_2023-12-12.txt,2023-12-12,8/7/2023,2023
2014,Mesa,Mesa,23,False,True,08_births_and_k_analysis_2023_2023-12-12.txt,2023-12-12,8/7/2023,2023
2014,Monarch (K-5),Monarch,79,False,True,08_births_and_k_analysis_2023_2023-12-12.txt,2023-12-12,8/7/2023,2023
2014,Nederland,Nederland,56,False,True,08_births_and_k_analysis_2023_2023-12-12.txt,2023-12-12,8/7/2023,2023
2014,Ryan,Ryan,107,False,True,08_births_and_k_analysis_2023_2023-12-12.txt,2023-12-12,8/7/2023,2023
2014,Sanchez,Sanchez,98,False,True,08_births_and_k_analysis_2023_2023-12-12.txt,2023-12-12,8/7/2023,2023
2014,Superior,Superior,32,False,True,08_births_and_k_analysis_2023_2023-12-12.txt,2023-12-12,8/7/2023,2023
2014,Unlocated,Unlocated,0,False,True,08_births_and_k_analysis_2023_2023-12-12.txt,2023-12-12,8/7/2023,2023
2014,Whittier,Whittier,113,False,True,08_births_and_k_analysis_2023_2023-12-12.txt,2023-12-12,8/7/2023,2023
2014,BVSD,BVSD,1856,True,True,08_births_and_k_analysis_2023_2023-12-12.txt,2023-12-12,8/7/2023,2023
2014,Boulder Total,Boulder Total,825,True,True,08_births_and_k_analysis_2023_2023-12-12.txt,2023-12-12,8/7/2023,2023
2014,E County Total,E County Total,936,True,True,08_births_and_k_analysis_2023_2023-12-12.txt,2023-12-12,8/7/2023,2023
2015,Aspen Crk,Aspen Creek,70,False,True,08_births_and_k_analysis_2023_2023-12-12.txt,2023-12-12,8/7/2023,2023
2015,BC-Creekside,BC-Creekside,6,False,True,08_births_and_k_analysis_2023_2023-12-12.txt,2023-12-12,8/7/2023,2023
2015,BC-Mesa,BC-Mesa,17,False,True,08_births_and_k_analysis_2023_2023-12-12.txt,2023-12-12,8/7/2023,2023
2015,Bear Creek,Bear Creek,11,False,True,08_births_and_k_analysis_2023_2023-12-12.txt,2023-12-12,8/7/2023,2023
2015,Birch,Birch,51,False,True,08_births_and_k_analysis_2023_2023-12-12.txt,2023-12-12,8/7/2023,2023
2015,Coal Creek,Coal Creek,48,False,True,08_births_and_k_analysis_2023_2023-12-12.txt,2023-12-12,8/7/2023,2023
2015,Columbine,Columbine,121,False,True,08_births_and_k_analysis_2023_2023-12-12.txt,2023-12-12,8/7/2023,2023
2015,Creekside,Creekside,158,False,True,08_births_and_k_analysis_2023_2023-12-12.txt,2023-12-12,8/7/2023,2023
2015,Crest View,Crest View,152,False,True,08_births_and_k_analysis_2023_2023-12-12.txt,2023-12-12,8/7/2023,2023
2015,Douglass,Douglass,49,False,True,08_births_and_k_analysis_2023_2023-12-12.txt,2023-12-12,8/7/2023,2023
2015,Eisenhower,Eisenhower,74,False,True,08_births_and_k_analysis_2023_2023-12-12.txt,2023-12-12,8/7/2023,2023
2015,Eldorado (K-5),Eldorado,29,False,True,08_births_and_k_analysis_2023_2023-12-12.txt,2023-12-12,8/7/2023,2023
2015,Emerald,Emerald,112,False,True,08_births_and_k_analysis_2023_2023-12-12.txt,2023-12-12,8/7/2023,2023
2015,Fireside,Fireside,46,False,True,08_births_and_k_analysis_2023_2023-12-12.txt,2023-12-12,8/7/2023,2023
2015,Flatirons,Flatirons,43,False,True,08_births_and_k_analysis_2023_2023-12-12.txt,2023-12-12,8/7/2023,2023
2015,Foothill,Foothill,64,False,True,08_births_and_k_analysis_2023_2023-12-12.txt,2023-12-12,8/7/2023,2023
2015,Gold Hill,Gold Hill,1,False,True,08_births_and_k_analysis_2023_2023-12-12.txt,2023-12-12,8/7/2023,2023
2015,Heatherwood,Heatherwood,71,False,True,08_births_and_k_analysis_2023_2023-12-12.txt,2023-12-12,8/7/2023,2023
2015,Jamestown,Jamestown,1,False,True,08_births_and_k_analysis_2023_2023-12-12.txt,2023-12-12,8/7/2023,2023
2015,Kohl,Kohl,55,False,True,08_births_and_k_analysis_2023_2023-12-12.txt,2023-12-12,8/7/2023,2023
2015,Lafayette,Lafayette,100,False,True,08_births_and_k_analysis_2023_2023-12-12.txt,2023-12-12,8/7/2023,2023
2015,Louisville,Louisville,77,False,True,08_births_and_k_analysis_2023_2023-12-12.txt,2023-12-12,8/7/2023,2023
2015,Meadowlark,Meadowlark,28,False,True,08_births_and_k_analysis_2023_2023-12-12.txt,2023-12-12,8/7/2023,2023
2015,Mesa,Mesa,23,False,True,08_births_and_k_analysis_2023_2023-12-12.txt,2023-12-12,8/7/2023,2023
2015,Monarch (K-5),Monarch,56,False,True,08_births_and_k_analysis_2023_2023-12-12.txt,2023-12-12,8/7/2023,2023
2015,Nederland,Nederland,55,False,True,08_births_and_k_analysis_2023_2023-12-12.txt,2023-12-12,8/7/2023,2023
2015,Ryan,Ryan,102,False,True,08_births_and_k_analysis_2023_2023-12-12.txt,2023-12-12,8/7/2023,2023
2015,Sanchez,Sanchez,111,False,True,08_births_and_k_analysis_2023_2023-12-12.txt,2023-12-12,8/7/2023,2023
2015,Superior,Superior,41,False,True,08_births_and_k_analysis_2023_2023-12-12.txt,2023-12-12,8/7/2023,2023
2015,Unlocated,Unlocated,0,False,True,08_births_and_k_analysis_2023_2023-12-12.txt,2023-12-12,8/7/2023,2023
2015,Whittier,Whittier,106,False,True,08_births_and_k_analysis_2023_2023-12-12.txt,2023-12-12,8/7/2023,2023
2015,BVSD,BVSD,1878,True,True,08_births_and_k_analysis_2023_2023-12-12.txt,2023-12-12,8/7/2023,2023
2015,Boulder Total,Boulder Total,846,True,True,08_births_and_k_analysis_2023_2023-12-12.txt,2023-12-12,8/7/2023,2023
2015,E County Total,E County Total,946,True,True,08_births_and_k_analysis_2023_2023-12-12.txt,2023-12-12,8/7/2023,2023
2016,Aspen Crk,Aspen Creek,61,False,True,08_births_and_k_analysis_2023_2023-12-12.txt,2023-12-12,8/7/2023,2023
2016,BC-Creekside,BC-Creekside,1,False,True,08_births_and_k_analysis_2023_2023-12-12.txt,2023-12-12,8/7/2023,2023
2016,BC-Mesa,BC-Mesa,17,False,True,08_births_and_k_analysis_2023_2023-12-12.txt,2023-12-12,8/7/2023,2023
2016,Bear Creek,Bear Creek,12,False,True,08_births_and_k_analysis_2023_2023-12-12.txt,2023-12-12,8/7/2023,2023
2016,Birch,Birch,55,False,True,08_births_and_k_analysis_2023_2023-12-12.txt,2023-12-12,8/7/2023,2023
2016,Coal Creek,Coal Creek,47,False,True,08_births_and_k_analysis_2023_2023-12-12.txt,2023-12-12,8/7/2023,2023
2016,Columbine,Columbine,123,False,True,08_births_and_k_analysis_2023_2023-12-12.txt,2023-12-12,8/7/2023,2023
2016,Creekside,Creekside,131,False,True,08_births_and_k_analysis_2023_2023-12-12.txt,2023-12-12,8/7/2023,2023
2016,Crest View,Crest View,140,False,True,08_births_and_k_analysis_2023_2023-12-12.txt,2023-12-12,8/7/2023,2023
2016,Douglass,Douglass,45,False,True,08_births_and_k_analysis_2023_2023-12-12.txt,2023-12-12,8/7/2023,2023
2016,Eisenhower,Eisenhower,67,False,True,08_births_and_k_analysis_2023_2023-12-12.txt,2023-12-12,8/7/2023,2023
2016,Eldorado (K-5),Eldorado,30,False,True,08_births_and_k_analysis_2023_2023-12-12.txt,2023-12-12,8/7/2023,2023
2016,Emerald,Emerald,95,False,True,08_births_and_k_analysis_2023_2023-12-12.txt,2023-12-12,8/7/2023,2023
2016,Fireside,Fireside,40,False,True,08_births_and_k_analysis_2023_2023-12-12.txt,2023-12-12,8/7/2023,2023
2016,Flatirons,Flatirons,31,False,True,08_births_and_k_analysis_2023_2023-12-12.txt,2023-12-12,8/7/2023,2023
2016,Foothill,Foothill,66,False,True,08_births_and_k_analysis_2023_2023-12-12.txt,2023-12-12,8/7/2023,2023
2016,Gold Hill,Gold Hill,2,False,True,08_births_and_k_analysis_2023_2023-12-12.txt,2023-12-12,8/7/2023,2023
2016,Heatherwood,Heatherwood,53,False,True,08_births_and_k_analysis_2023_2023-12-12.txt,2023-12-12,8/7/2023,2023
2016,Jamestown,Jamestown,4,False,True,08_births_and_k_analysis_2023_2023-12-12.txt,2023-12-12,8/7/2023,2023
2016,Kohl,Kohl,56,False,True,08_births_and_k_analysis_2023_2023-12-12.txt,2023-12-12,8/7/2023,2023
2016,Lafayette,Lafayette,110,False,True,08_births_and_k_analysis_2023_2023-12-12.txt,2023-12-12,8/7/2023,2023
2016,Louisville,Louisville,64,False,True,08_births_and_k_analysis_2023_2023-12-12.txt,2023-12-12,8/7/2023,2023
2016,Meadowlark,Meadowlark,36,False,True,08_births_and_k_analysis_2023_2023-12-12.txt,2023-12-12,8/7/2023,2023
2016,Mesa,Mesa,26,False,True,08_births_and_k_analysis_2023_2023-12-12.txt,2023-12-12,8/7/2023,2023
2016,Monarch (K-5),Monarch,48,False,True,08_births_and_k_analysis_2023_2023-12-12.txt,2023-12-12,8/7/2023,2023
2016,Nederland,Nederland,54,False,True,08_births_and_k_analysis_2023_2023-12-12.txt,2023-12-12,8/7/2023,2023
2016,Ryan,Ryan,118,False,True,08_births_and_k_analysis_2023_2023-12-12.txt,2023-12-12,8/7/2023,2023
2016,Sanchez,Sanchez,98,False,True,08_births_and_k_analysis_2023_2023-12-12.txt,2023-12-12,8/7/2023,2023
2016,Superior,Superior,39,False,True,08_births_and_k_analysis_2023_2023-12-12.txt,2023-12-12,8/7/2023,2023
2016,Unlocated,Unlocated,0,False,True,08_births_and_k_analysis_2023_2023-12-12.txt,2023-12-12,8/7/2023,2023
2016,Whittier,Whittier,104,False,True,08_births_and_k_analysis_2023_2023-12-12.txt,2023-12-12,8/7/2023,2023
2016,BVSD,BVSD,1773,True,True,08_births_and_k_analysis_2023_2023-12-12.txt,2023-12-12,8/7/2023,2023
2016,Boulder Total,Boulder Total,771,True,True,08_births_and_k_analysis_2023_2023-12-12.txt,2023-12-12,8/7/2023,2023
2016,E County Total,E County Total,912,True,True,08_births_and_k_analysis_2023_2023-12-12.txt,2023-12-12,8/7/2023,2023
2017,Aspen Crk,Aspen Creek,66,False,True,08_births_and_k_analysis_2023_2023-12-12.txt,2023-12-12,8/7/2023,2023
2017,BC-Creekside,BC-Creekside,4,False,True,08_births_and_k_analysis_2023_2023-12-12.txt,2023-12-12,8/7/2023,2023
2017,BC-Mesa,BC-Mesa,16,False,True,08_births_and_k_analysis_2023_2023-12-12.txt,2023-12-12,8/7/2023,2023
2017,Bear Creek,Bear Creek,16,False,True,08_births_and_k_analysis_2023_2023-12-12.txt,2023-12-12,8/7/2023,2023
2017,Birch,Birch,39,False,True,08_births_and_k_analysis_2023_2023-12-12.txt,2023-12-12,8/7/2023,2023
2017,Coal Creek,Coal Creek,50,False,True,08_births_and_k_analysis_2023_2023-12-12.txt,2023-12-12,8/7/2023,2023
2017,Columbine,Columbine,128,False,True,08_births_and_k_analysis_2023_2023-12-12.txt,2023-12-12,8/7/2023,2023
2017,Creekside,Creekside,125,False,True,08_births_and_k_analysis_2023_2023-12-12.txt,2023-12-12,8/7/2023,2023
2017,Crest View,Crest View,128,False,True,08_births_and_k_analysis_2023_2023-12-12.txt,2023-12-12,8/7/2023,2023
2017,Douglass,Douglass,36,False,True,08_births_and_k_analysis_2023_2023-12-12.txt,2023-12-12,8/7/2023,2023
2017,Eisenhower,Eisenhower,64,False,True,08_births_and_k_analysis_2023_2023-12-12.txt,2023-12-12,8/7/2023,2023
2017,Eldorado (K-5),Eldorado,29,False,True,08_births_and_k_analysis_2023_2023-12-12.txt,2023-12-12,8/7/2023,2023
2017,Emerald,Emerald,103,False,True,08_births_and_k_analysis_2023_2023-12-12.txt,2023-12-12,8/7/2023,2023
2017,Fireside,Fireside,37,False,True,08_births_and_k_analysis_2023_2023-12-12.txt,2023-12-12,8/7/2023,2023
2017,Flatirons,Flatirons,39,False,True,08_births_and_k_analysis_2023_2023-12-12.txt,2023-12-12,8/7/2023,2023
2017,Foothill,Foothill,77,False,True,08_births_and_k_analysis_2023_2023-12-12.txt,2023-12-12,8/7/2023,2023
2017,Gold Hill,Gold Hill,3,False,True,08_births_and_k_analysis_2023_2023-12-12.txt,2023-12-12,8/7/2023,2023
2017,Heatherwood,Heatherwood,56,False,True,08_births_and_k_analysis_2023_2023-12-12.txt,2023-12-12,8/7/2023,2023
2017,Jamestown,Jamestown,4,False,True,08_births_and_k_analysis_2023_2023-12-12.txt,2023-12-12,8/7/2023,2023
2017,Kohl,Kohl,51,False,True,08_births_and_k_analysis_2023_2023-12-12.txt,2023-12-12,8/7/2023,2023
2017,Lafayette,Lafayette,95,False,True,08_births_and_k_analysis_2023_2023-12-12.txt,2023-12-12,8/7/2023,2023
2017,Louisville,Louisville,51,False,True,08_births_and_k_analysis_2023_2023-12-12.txt,2023-12-12,8/7/2023,2023
2017,Meadowlark,Meadowlark,52,False,True,08_births_and_k_analysis_2023_2023-12-12.txt,2023-12-12,8/7/2023,2023
2017,Mesa,Mesa,22,False,True,08_births_and_k_analysis_2023_2023-12-12.txt,2023-12-12,8/7/2023,2023
2017,Monarch (K-5),Monarch,53,False,True,08_births_and_k_analysis_2023_2023-12-12.txt,2023-12-12,8/7/2023,2023
2017,Nederland,Nederland,53,False,True,08_births_and_k_analysis_2023_2023-12-12.txt,2023-12-12,8/7/2023,2023
2017,Ryan,Ryan,104,False,True,08_births_and_k_analysis_2023_2023-12-12.txt,2023-12-12,8/7/2023,2023
2017,Sanchez,Sanchez,105,False,True,08_births_and_k_analysis_2023_2023-12-12.txt,2023-12-12,8/7/2023,2023
2017,Superior,Superior,46,False,True,08_births_and_k_analysis_2023_2023-12-12.txt,2023-12-12,8/7/2023,2023
2017,Unlocated,Unlocated,0,False,True,08_births_and_k_analysis_2023_2023-12-12.txt,2023-12-12,8/7/2023,2023
2017,Whittier,Whittier,83,False,True,08_births_and_k_analysis_2023_2023-12-12.txt,2023-12-12,8/7/2023,2023
2017,BVSD,BVSD,1735,True,True,08_births_and_k_analysis_2023_2023-12-12.txt,2023-12-12,8/7/2023,2023
2017,Boulder Total,Boulder Total,758,True,True,08_births_and_k_analysis_2023_2023-12-12.txt,2023-12-12,8/7/2023,2023
2017,E County Total,E County Total,888,True,True,08_births_and_k_analysis_2023_2023-12-12.txt,2023-12-12,8/7/2023,2023
2018,Aspen Crk,Aspen Creek,66,False,True,08_births_and_k_analysis_2023_2023-12-12.txt,2023-12-12,8/7/2023,2023
2018,BC-Creekside,BC-Creekside,5,False,True,08_births_and_k_analysis_2023_2023-12-12.txt,2023-12-12,8/7/2023,2023
2018,BC-Mesa,BC-Mesa,15,False,True,08_births_and_k_analysis_2023_2023-12-12.txt,2023-12-12,8/7/2023,2023
2018,Bear Creek,Bear Creek,13,False,True,08_births_and_k_analysis_2023_2023-12-12.txt,2023-12-12,8/7/2023,2023
2018,Birch,Birch,41,False,True,08_births_and_k_analysis_2023_2023-12-12.txt,2023-12-12,8/7/2023,2023
2018,Coal Creek,Coal Creek,43,False,True,08_births_and_k_analysis_2023_2023-12-12.txt,2023-12-12,8/7/2023,2023
2018,Columbine,Columbine,101,False,True,08_births_and_k_analysis_2023_2023-12-12.txt,2023-12-12,8/7/2023,2023
2018,Creekside,Creekside,112,False,True,08_births_and_k_analysis_2023_2023-12-12.txt,2023-12-12,8/7/2023,2023
2018,Crest View,Crest View,91,False,True,08_births_and_k_analysis_2023_2023-12-12.txt,2023-12-12,8/7/2023,2023
2018,Douglass,Douglass,44,False,True,08_births_and_k_analysis_2023_2023-12-12.txt,2023-12-12,8/7/2023,2023
2018,Eisenhower,Eisenhower,56,False,True,08_births_and_k_analysis_2023_2023-12-12.txt,2023-12-12,8/7/2023,2023
2018,Eldorado (K-5),Eldorado,23,False,True,08_births_and_k_analysis_2023_2023-12-12.txt,2023-12-12,8/7/2023,2023
2018,Emerald,Emerald,96,False,True,08_births_and_k_analysis_2023_2023-12-12.txt,2023-12-12,8/7/2023,2023
2018,Fireside,Fireside,22,False,True,08_births_and_k_analysis_2023_2023-12-12.txt,2023-12-12,8/7/2023,2023
2018,Flatirons,Flatirons,42,False,True,08_births_and_k_analysis_2023_2023-12-12.txt,2023-12-12,8/7/2023,2023
2018,Foothill,Foothill,57,False,True,08_births_and_k_analysis_2023_2023-12-12.txt,2023-12-12,8/7/2023,2023
2018,Gold Hill,Gold Hill,2,False,True,08_births_and_k_analysis_2023_2023-12-12.txt,2023-12-12,8/7/2023,2023
2018,Heatherwood,Heatherwood,46,False,True,08_births_and_k_analysis_2023_2023-12-12.txt,2023-12-12,8/7/2023,2023
2018,Jamestown,Jamestown,2,False,True,08_births_and_k_analysis_2023_2023-12-12.txt,2023-12-12,8/7/2023,2023
2018,Kohl,Kohl,47,False,True,08_births_and_k_analysis_2023_2023-12-12.txt,2023-12-12,8/7/2023,2023
2018,Lafayette,Lafayette,116,False,True,08_births_and_k_analysis_2023_2023-12-12.txt,2023-12-12,8/7/2023,2023
2018,Louisville,Louisville,68,False,True,08_births_and_k_analysis_2023_2023-12-12.txt,2023-12-12,8/7/2023,2023
2018,Meadowlark,Meadowlark,44,False,True,08_births_and_k_analysis_2023_2023-12-12.txt,2023-12-12,8/7/2023,2023
2018,Mesa,Mesa,17,False,True,08_births_and_k_analysis_2023_2023-12-12.txt,2023-12-12,8/7/2023,2023
2018,Monarch (K-5),Monarch,58,False,True,08_births_and_k_analysis_2023_2023-12-12.txt,2023-12-12,8/7/2023,2023
2018,Nederland,Nederland,55,False,True,08_births_and_k_analysis_2023_2023-12-12.txt,2023-12-12,8/7/2023,2023
2018,Ryan,Ryan,114,False,True,08_births_and_k_analysis_2023_2023-12-12.txt,2023-12-12,8/7/2023,2023
2018,Sanchez,Sanchez,86,False,True,08_births_and_k_analysis_2023_2023-12-12.txt,2023-12-12,8/7/2023,2023
2018,Superior,Superior,38,False,True,08_births_and_k_analysis_2023_2023-12-12.txt,2023-12-12,8/7/2023,2023
2018,Unlocated,Unlocated,0,False,True,08_births_and_k_analysis_2023_2023-12-12.txt,2023-12-12,8/7/2023,2023
2018,Whittier,Whittier,84,False,True,08_births_and_k_analysis_2023_2023-12-12.txt,2023-12-12,8/7/2023,2023
2018,BVSD,BVSD,1604,True,True,08_births_and_k_analysis_2023_2023-12-12.txt,2023-12-12,8/7/2023,2023
2018,Boulder Total,Boulder Total,639,True,True,08_births_and_k_analysis_2023_2023-12-12.txt,2023-12-12,8/7/2023,2023
2018,E County Total,E County Total,883,True,True,08_births_and_k_analysis_2023_2023-12-12.txt,2023-12-12,8/7/2023,2023
2019,Aspen Crk,Aspen Creek,48,False,True,08_births_and_k_analysis_2023_2023-12-12.txt,2023-12-12,8/7/2023,2023
2019,BC-Creekside,BC-Creekside,3,False,True,08_births_and_k_analysis_2023_2023-12-12.txt,2023-12-12,8/7/2023,2023
2019,BC-Mesa,BC-Mesa,8,False,True,08_births_and_k_analysis_2023_2023-12-12.txt,2023-12-12,8/7/2023,2023
2019,Bear Creek,Bear Creek,10,False,True,08_births_and_k_analysis_2023_2023-12-12.txt,2023-12-12,8/7/2023,2023
2019,Birch,Birch,48,False,True,08_births_and_k_analysis_2023_2023-12-12.txt,2023-12-12,8/7/2023,2023
2019,Coal Creek,Coal Creek,38,False,True,08_births_and_k_analysis_2023_2023-12-12.txt,2023-12-12,8/7/2023,2023
2019,Columbine,Columbine,92,False,True,08_births_and_k_analysis_2023_2023-12-12.txt,2023-12-12,8/7/2023,2023
2019,Creekside,Creekside,95,False,True,08_births_and_k_analysis_2023_2023-12-12.txt,2023-12-12,8/7/2023,2023
2019,Crest View,Crest View,100,False,True,08_births_and_k_analysis_2023_2023-12-12.txt,2023-12-12,8/7/2023,2023
2019,Douglass,Douglass,35,False,True,08_births_and_k_analysis_2023_2023-12-12.txt,2023-12-12,8/7/2023,2023
2019,Eisenhower,Eisenhower,52,False,True,08_births_and_k_analysis_2023_2023-12-12.txt,2023-12-12,8/7/2023,2023
2019,Eldorado (K-5),Eldorado,37,False,True,08_births_and_k_analysis_2023_2023-12-12.txt,2023-12-12,8/7/2023,2023
2019,Emerald,Emerald,95,False,True,08_births_and_k_analysis_2023_2023-12-12.txt,2023-12-12,8/7/2023,2023
2019,Fireside,Fireside,34,False,True,08_births_and_k_analysis_2023_2023-12-12.txt,2023-12-12,8/7/2023,2023
2019,Flatirons,Flatirons,29,False,True,08_births_and_k_analysis_2023_2023-12-12.txt,2023-12-12,8/7/2023,2023
2019,Foothill,Foothill,64,False,True,08_births_and_k_analysis_2023_2023-12-12.txt,2023-12-12,8/7/2023,2023
2019,Gold Hill,Gold Hill,2,False,True,08_births_and_k_analysis_2023_2023-12-12.txt,2023-12-12,8/7/2023,2023
2019,Heatherwood,Heatherwood,50,False,True,08_births_and_k_analysis_2023_2023-12-12.txt,2023-12-12,8/7/2023,2023
2019,Jamestown,Jamestown,2,False,True,08_births_and_k_analysis_2023_2023-12-12.txt,2023-12-12,8/7/2023,2023
2019,Kohl,Kohl,56,False,True,08_births_and_k_analysis_2023_2023-12-12.txt,2023-12-12,8/7/2023,2023
2019,Lafayette,Lafayette,109,False,True,08_births_and_k_analysis_2023_2023-12-12.txt,2023-12-12,8/7/2023,2023
2019,Louisville,Louisville,57,False,True,08_births_and_k_analysis_2023_2023-12-12.txt,2023-12-12,8/7/2023,2023
2019,Meadowlark,Meadowlark,61,False,True,08_births_and_k_analysis_2023_2023-12-12.txt,2023-12-12,8/7/2023,2023
2019,Mesa,Mesa,12,False,True,08_births_and_k_analysis_2023_2023-12-12.txt,2023-12-12,8/7/2023,2023
2019,Monarch (K-5),Monarch,62,False,True,08_births_and_k_analysis_2023_2023-12-12.txt,2023-12-12,8/7/2023,2023
2019,Nederland,Nederland,47,False,True,08_births_and_k_analysis_2023_2023-12-12.txt,2023-12-12,8/7/2023,2023
2019,Ryan,Ryan,124,False,True,08_births_and_k_analysis_2023_2023-12-12.txt,2023-12-12,8/7/2023,2023
2019,Sanchez,Sanchez,85,False,True,08_births_and_k_analysis_2023_2023-12-12.txt,2023-12-12,8/7/2023,2023
2019,Superior,Superior,38,False,True,08_births_and_k_analysis_2023_2023-12-12.txt,2023-12-12,8/7/2023,2023
2019,Unlocated,Unlocated,0,False,True,08_births_and_k_analysis_2023_2023-12-12.txt,2023-12-12,8/7/2023,2023
2019,Whittier,Whittier,90,False,True,08_births_and_k_analysis_2023_2023-12-12.txt,2023-12-12,8/7/2023,2023
2019,BVSD,BVSD,1583,True,True,08_births_and_k_analysis_2023_2023-12-12.txt,2023-12-12,8/7/2023,2023
2019,Boulder Total,Boulder Total,605,True,True,08_births_and_k_analysis_2023_2023-12-12.txt,2023-12-12,8/7/2023,2023
2019,E County Total,E County Total,890,True,True,08_births_and_k_analysis_2023_2023-12-12.txt,2023-12-12,8/7/2023,2023
2020,Aspen Crk,Aspen Creek,65,False,True,08_births_and_k_analysis_2023_2023-12-12.txt,2023-12-12,8/7/2023,2023
2020,BC-Creekside,BC-Creekside,6,False,True,08_births_and_k_analysis_2023_2023-12-12.txt,2023-12-12,8/7/2023,2023
2020,BC-Mesa,BC-Mesa,11,False,True,08_births_and_k_analysis_2023_2023-12-12.txt,2023-12-12,8/7/2023,2023
2020,Bear Creek,Bear Creek,10,False,True,08_births_and_k_analysis_2023_2023-12-12.txt,2023-12-12,8/7/2023,2023
2020,Birch,Birch,33,False,True,08_births_and_k_analysis_2023_2023-12-12.txt,2023-12-12,8/7/2023,2023
2020,Coal Creek,Coal Creek,37,False,True,08_births_and_k_analysis_2023_2023-12-12.txt,2023-12-12,8/7/2023,2023
2020,Columbine,Columbine,108,False,True,08_births_and_k_analysis_2023_2023-12-12.txt,2023-12-12,8/7/2023,2023
2020,Creekside,Creekside,87,False,True,08_births_and_k_analysis_2023_2023-12-12.txt,2023-12-12,8/7/2023,2023
2020,Crest View,Crest View,122,False,True,08_births_and_k_analysis_2023_2023-12-12.txt,2023-12-12,8/7/2023,2023
2020,Douglass,Douglass,39,False,True,08_births_and_k_analysis_2023_2023-12-12.txt,2023-12-12,8/7/2023,2023
2020,Eisenhower,Eisenhower,54,False,True,08_births_and_k_analysis_2023_2023-12-12.txt,2023-12-12,8/7/2023,2023
2020,Eldorado (K-5),Eldorado,28,False,True,08_births_and_k_analysis_2023_2023-12-12.txt,2023-12-12,8/7/2023,2023
2020,Emerald,Emerald,85,False,True,08_births_and_k_analysis_2023_2023-12-12.txt,2023-12-12,8/7/2023,2023
2020,Fireside,Fireside,38,False,True,08_births_and_k_analysis_2023_2023-12-12.txt,2023-12-12,8/7/2023,2023
2020,Flatirons,Flatirons,38,False,True,08_births_and_k_analysis_2023_2023-12-12.txt,2023-12-12,8/7/2023,2023
2020,Foothill,Foothill,77,False,True,08_births_and_k_analysis_2023_2023-12-12.txt,2023-12-12,8/7/2023,2023
2020,Gold Hill,Gold Hill,4,False,True,08_births_and_k_analysis_2023_2023-12-12.txt,2023-12-12,8/7/2023,2023
2020,Heatherwood,Heatherwood,52,False,True,08_births_and_k_analysis_2023_2023-12-12.txt,2023-12-12,8/7/2023,2023
2020,Jamestown,Jamestown,3,False,True,08_births_and_k_analysis_2023_2023-12-12.txt,2023-12-12,8/7/2023,2023
2020,Kohl,Kohl,53,False,True,08_births_and_k_analysis_2023_2023-12-12.txt,2023-12-12,8/7/2023,2023
2020,Lafayette,Lafayette,100,False,True,08_births_and_k_analysis_2023_2023-12-12.txt,2023-12-12,8/7/2023,2023
2020,Louisville,Louisville,64,False,True,08_births_and_k_analysis_2023_2023-12-12.txt,2023-12-12,8/7/2023,2023
2020,Meadowlark,Meadowlark,47,False,True,08_births_and_k_analysis_2023_2023-12-12.txt,2023-12-12,8/7/2023,2023
2020,Mesa,Mesa,18,False,True,08_births_and_k_analysis_2023_2023-12-12.txt,2023-12-12,8/7/2023,2023
2020,Monarch (K-5),Monarch,70,False,True,08_births_and_k_analysis_2023_2023-12-12.txt,2023-12-12,8/7/2023,2023
2020,Nederland,Nederland,64,False,True,08_births_and_k_analysis_2023_2023-12-12.txt,2023-12-12,8/7/2023,2023
2020,Ryan,Ryan,115,False,True,08_births_and_k_analysis_2023_2023-12-12.txt,2023-12-12,8/7/2023,2023
2020,Sanchez,Sanchez,75,False,True,08_births_and_k_analysis_2023_2023-12-12.txt,2023-12-12,8/7/2023,2023
2020,Superior,Superior,36,False,True,08_births_and_k_analysis_2023_2023-12-12.txt,2023-12-12,8/7/2023,2023
2020,Unlocated,Unlocated,0,False,True,08_births_and_k_analysis_2023_2023-12-12.txt,2023-12-12,8/7/2023,2023
2020,Whittier,Whittier,47,False,True,08_births_and_k_analysis_2023_2023-12-12.txt,2023-12-12,8/7/2023,2023
2020,BVSD,BVSD,1586,True,True,08_births_and_k_analysis_2023_2023-12-12.txt,2023-12-12,8/7/2023,2023
2020,Boulder Total,Boulder Total,630,True,True,08_births_and_k_analysis_2023_2023-12-12.txt,2023-12-12,8/7/2023,2023
2020,E County Total,E County Total,857,True,True,08_births_and_k_analysis_2023_2023-12-12.txt,2023-12-12,8/7/2023,2023
2021,Aspen Crk,Aspen Creek,57,False,True,08_births_and_k_analysis_2023_2023-12-12.txt,2023-12-12,8/7/2023,2023
2021,BC-Creekside,BC-Creekside,2,False,True,08_births_and_k_analysis_2023_2023-12-12.txt,2023-12-12,8/7/2023,2023
2021,BC-Mesa,BC-Mesa,18,False,True,08_births_and_k_analysis_2023_2023-12-12.txt,2023-12-12,8/7/2023,2023
2021,Bear Creek,Bear Creek,10,False,True,08_births_and_k_analysis_2023_2023-12-12.txt,2023-12-12,8/7/2023,2023
2021,Birch,Birch,34,False,True,08_births_and_k_analysis_2023_2023-12-12.txt,2023-12-12,8/7/2023,2023
2021,Coal Creek,Coal Creek,53,False,True,08_births_and_k_analysis_2023_2023-12-12.txt,2023-12-12,8/7/2023,2023
2021,Columbine,Columbine,105,False,True,08_births_and_k_analysis_2023_2023-12-12.txt,2023-12-12,8/7/2023,2023
2021,Creekside,Creekside,84,False,True,08_births_and_k_analysis_2023_2023-12-12.txt,2023-12-12,8/7/2023,2023
2021,Crest View,Crest View,111,False,True,08_births_and_k_analysis_2023_2023-12-12.txt,2023-12-12,8/7/2023,2023
2021,Douglass,Douglass,33,False,True,08_births_and_k_analysis_2023_2023-12-12.txt,2023-12-12,8/7/2023,2023
2021,Eisenhower,Eisenhower,71,False,True,08_births_and_k_analysis_2023_2023-12-12.txt,2023-12-12,8/7/2023,2023
2021,Eldorado (K-5),Eldorado,49,False,True,08_births_and_k_analysis_2023_2023-12-12.txt,2023-12-12,8/7/2023,2023
2021,Emerald,Emerald,81,False,True,08_births_and_k_analysis_2023_2023-12-12.txt,2023-12-12,8/7/2023,2023
2021,Fireside,Fireside,33,False,True,08_births_and_k_analysis_2023_2023-12-12.txt,2023-12-12,8/7/2023,2023
2021,Flatirons,Flatirons,33,False,True,08_births_and_k_analysis_2023_2023-12-12.txt,2023-12-12,8/7/2023,2023
2021,Foothill,Foothill,73,False,True,08_births_and_k_analysis_2023_2023-12-12.txt,2023-12-12,8/7/2023,2023
2021,Gold Hill,Gold Hill,4,False,True,08_births_and_k_analysis_2023_2023-12-12.txt,2023-12-12,8/7/2023,2023
2021,Heatherwood,Heatherwood,42,False,True,08_births_and_k_analysis_2023_2023-12-12.txt,2023-12-12,8/7/2023,2023
2021,Jamestown,Jamestown,5,False,True,08_births_and_k_analysis_2023_2023-12-12.txt,2023-12-12,8/7/2023,2023
2021,Kohl,Kohl,41,False,True,08_births_and_k_analysis_2023_2023-12-12.txt,2023-12-12,8/7/2023,2023
2021,Lafayette,Lafayette,93,False,True,08_births_and_k_analysis_2023_2023-12-12.txt,2023-12-12,8/7/2023,2023
2021,Louisville,Louisville,67,False,True,08_births_and_k_analysis_2023_2023-12-12.txt,2023-12-12,8/7/2023,2023
2021,Meadowlark,Meadowlark,66,False,True,08_births_and_k_analysis_2023_2023-12-12.txt,2023-12-12,8/7/2023,2023
2021,Mesa,Mesa,16,False,True,08_births_and_k_analysis_2023_2023-12-12.txt,2023-12-12,8/7/2023,2023
2021,Monarch (K-5),Monarch,67,False,True,08_births_and_k_analysis_2023_2023-12-12.txt,2023-12-12,8/7/2023,2023
2021,Nederland,Nederland,58,False,True,08_births_and_k_analysis_2023_2023-12-12.txt,2023-12-12,8/7/2023,2023
2021,Ryan,Ryan,111,False,True,08_births_and_k_analysis_2023_2023-12-12.txt,2023-12-12,8/7/2023,2023
2021,Sanchez,Sanchez,107,False,True,08_births_and_k_analysis_2023_2023-12-12.txt,2023-12-12,8/7/2023,2023
2021,Superior,Superior,38,False,True,08_births_and_k_analysis_2023_2023-12-12.txt,2023-12-12,8/7/2023,2023
2021,Unlocated,Unlocated,0,False,True,08_births_and_k_analysis_2023_2023-12-12.txt,2023-12-12,8/7/2023,2023
2021,Whittier,Whittier,83,False,True,08_births_and_k_analysis_2023_2023-12-12.txt,2023-12-12,8/7/2023,2023
2021,BVSD,BVSD,1645,True,True,08_births_and_k_analysis_2023_2023-12-12.txt,2023-12-12,8/7/2023,2023
2021,Boulder Total,Boulder Total,646,True,True,08_births_and_k_analysis_2023_2023-12-12.txt,2023-12-12,8/7/2023,2023
2021,E County Total,E County Total,881,True,True,08_births_and_k_analysis_2023_2023-12-12.txt,2023-12-12,8/7/2023,2023
2022,Aspen Crk,Aspen Creek,56,False,True,08_births_and_k_analysis_2023_2023-12-12.txt,2023-12-12,8/7/2023,2023
2022,BC-Creekside,BC-Creekside,2,False,True,08_births_and_k_analysis_2023_2023-12-12.txt,2023-12-12,8/7/2023,2023
2022,BC-Mesa,BC-Mesa,22,False,True,08_births_and_k_analysis_2023_2023-12-12.txt,2023-12-12,8/7/2023,2023
2022,Bear Creek,Bear Creek,13,False,True,08_births_and_k_analysis_2023_2023-12-12.txt,2023-12-12,8/7/2023,2023
2022,Birch,Birch,38,False,True,08_births_and_k_analysis_2023_2023-12-12.txt,2023-12-12,8/7/2023,2023
2022,Coal Creek,Coal Creek,52,False,True,08_births_and_k_analysis_2023_2023-12-12.txt,2023-12-12,8/7/2023,2023
2022,Columbine,Columbine,85,False,True,08_births_and_k_analysis_2023_2023-12-12.txt,2023-12-12,8/7/2023,2023
2022,Creekside,Creekside,70,False,True,08_births_and_k_analysis_2023_2023-12-12.txt,2023-12-12,8/7/2023,2023
2022,Crest View,Crest View,124,False,True,08_births_and_k_analysis_2023_2023-12-12.txt,2023-12-12,8/7/2023,2023
2022,Douglass,Douglass,42,False,True,08_births_and_k_analysis_2023_2023-12-12.txt,2023-12-12,8/7/2023,2023
2022,Eisenhower,Eisenhower,54,False,True,08_births_and_k_analysis_2023_2023-12-12.txt,2023-12-12,8/7/2023,2023
2022,Eldorado (K-5),Eldorado,32,False,True,08_births_and_k_analysis_2023_2023-12-12.txt,2023-12-12,8/7/2023,2023
2022,Emerald,Emerald,99,False,True,08_births_and_k_analysis_2023_2023-12-12.txt,2023-12-12,8/7/2023,2023
2022,Fireside,Fireside,20,False,True,08_births_and_k_analysis_2023_2023-12-12.txt,2023-12-12,8/7/2023,2023
2022,Flatirons,Flatirons,44,False,True,08_births_and_k_analysis_2023_2023-12-12.txt,2023-12-12,8/7/2023,2023
2022,Foothill,Foothill,53,False,True,08_births_and_k_analysis_2023_2023-12-12.txt,2023-12-12,8/7/2023,2023
2022,Gold Hill,Gold Hill,2,False,True,08_births_and_k_analysis_2023_2023-12-12.txt,2023-12-12,8/7/2023,2023
2022,Heatherwood,Heatherwood,44,False,True,08_births_and_k_analysis_2023_2023-12-12.txt,2023-12-12,8/7/2023,2023
2022,Jamestown,Jamestown,1,False,True,08_births_and_k_analysis_2023_2023-12-12.txt,2023-12-12,8/7/2023,2023
2022,Kohl,Kohl,53,False,True,08_births_and_k_analysis_2023_2023-12-12.txt,2023-12-12,8/7/2023,2023
2022,Lafayette,Lafayette,77,False,True,08_births_and_k_analysis_2023_2023-12-12.txt,2023-12-12,8/7/2023,2023
2022,Louisville,Louisville,58,False,True,08_births_and_k_analysis_2023_2023-12-12.txt,2023-12-12,8/7/2023,2023
2022,Meadowlark,Meadowlark,92,False,True,08_births_and_k_analysis_2023_2023-12-12.txt,2023-12-12,8/7/2023,2023
2022,Mesa,Mesa,20,False,True,08_births_and_k_analysis_2023_2023-12-12.txt,2023-12-12,8/7/2023,2023
2022,Monarch (K-5),Monarch,49,False,True,08_births_and_k_analysis_2023_2023-12-12.txt,2023-12-12,8/7/2023,2023
2022,Nederland,Nederland,53,False,True,08_births_and_k_analysis_2023_2023-12-12.txt,2023-12-12,8/7/2023,2023
2022,Ryan,Ryan,137,False,True,08_births_and_k_analysis_2023_2023-12-12.txt,2023-12-12,8/7/2023,2023
2022,Sanchez,Sanchez,82,False,True,08_births_and_k_analysis_2023_2023-12-12.txt,2023-12-12,8/7/2023,2023
2022,Superior,Superior,38,False,True,08_births_and_k_analysis_2023_2023-12-12.txt,2023-12-12,8/7/2023,2023
2022,Unlocated,Unlocated,0,False,True,08_births_and_k_analysis_2023_2023-12-12.txt,2023-12-12,8/7/2023,2023
2022,Whittier,Whittier,63,False,True,08_births_and_k_analysis_2023_2023-12-12.txt,2023-12-12,8/7/2023,2023
2022,BVSD,BVSD,1575,True,True,08_births_and_k_analysis_2023_2023-12-12.txt,2023-12-12,8/7/2023,2023
2022,Boulder Total,Boulder Total,592,True,True,08_births_and_k_analysis_2023_2023-12-12.txt,2023-12-12,8/7/2023,2023
2022,E County Total,E County Total,893,True,True,08_births_and_k_analysis_2023_2023-12-12.txt,2023-12-12,8/7/2023,2023
2006,Aspen Crk,Aspen Creek,62,False,True,08_births_and_k_analysis_2024_2024-12-10.txt,2024-12-10,8/2/2024,2024
2006,BC-Creekside,BC-Creekside,3,False,True,08_births_and_k_analysis_2024_2024-12-10.txt,2024-12-10,8/2/2024,2024
2006,BC-Mesa,BC-Mesa,21,False,True,08_births_and_k_analysis_2024_2024-12-10.txt,2024-12-10,8/2/2024,2024
2006,Bear Creek,Bear Creek,17,False,True,08_births_and_k_analysis_2024_2024-12-10.txt,2024-12-10,8/2/2024,2024
2006,Birch,Birch,64,False,True,08_births_and_k_analysis_2024_2024-12-10.txt,2024-12-10,8/2/2024,2024
2006,Coal Creek,Coal Creek,72,False,True,08_births_and_k_analysis_2024_2024-12-10.txt,2024-12-10,8/2/2024,2024
2006,Columbine,Columbine,168,False,True,08_births_and_k_analysis_2024_2024-12-10.txt,2024-12-10,8/2/2024,2024
2006,Creekside,Creekside,145,False,True,08_births_and_k_analysis_2024_2024-12-10.txt,2024-12-10,8/2/2024,2024
2006,Crest View,Crest View,115,False,True,08_births_and_k_analysis_2024_2024-12-10.txt,2024-12-10,8/2/2024,2024
2006,Douglass,Douglass,47,False,True,08_births_and_k_analysis_2024_2024-12-10.txt,2024-12-10,8/2/2024,2024
2006,Eisenhower,Eisenhower,81,False,True,08_births_and_k_analysis_2024_2024-12-10.txt,2024-12-10,8/2/2024,2024
2006,Eldorado (K-5),Eldorado,78,False,True,08_births_and_k_analysis_2024_2024-12-10.txt,2024-12-10,8/2/2024,2024
2006,Emerald,Emerald,96,False,True,08_births_and_k_analysis_2024_2024-12-10.txt,2024-12-10,8/2/2024,2024
2006,Fireside,Fireside,57,False,True,08_births_and_k_analysis_2024_2024-12-10.txt,2024-12-10,8/2/2024,2024
2006,Flatirons,Flatirons,58,False,True,08_births_and_k_analysis_2024_2024-12-10.txt,2024-12-10,8/2/2024,2024
2006,Foothill,Foothill,115,False,True,08_births_and_k_analysis_2024_2024-12-10.txt,2024-12-10,8/2/2024,2024
2006,Gold Hill,Gold Hill,1,False,True,08_births_and_k_analysis_2024_2024-12-10.txt,2024-12-10,8/2/2024,2024
2006,Heatherwood,Heatherwood,64,False,True,08_births_and_k_analysis_2024_2024-12-10.txt,2024-12-10,8/2/2024,2024
2006,Jamestown,Jamestown,6,False,True,08_births_and_k_analysis_2024_2024-12-10.txt,2024-12-10,8/2/2024,2024
2006,Kohl,Kohl,50,False,True,08_births_and_k_analysis_2024_2024-12-10.txt,2024-12-10,8/2/2024,2024
2006,Lafayette,Lafayette,121,False,True,08_births_and_k_analysis_2024_2024-12-10.txt,2024-12-10,8/2/2024,2024
2006,Louisville,Louisville,68,False,True,08_births_and_k_analysis_2024_2024-12-10.txt,2024-12-10,8/2/2024,2024
2006,Meadowlark,Meadowlark,44,False,True,08_births_and_k_analysis_2024_2024-12-10.txt,2024-12-10,8/2/2024,2024
2006,Mesa,Mesa,19,False,True,08_births_and_k_analysis_2024_2024-12-10.txt,2024-12-10,8/2/2024,2024
2006,Monarch (K-5),Monarch,45,False,True,08_births_and_k_analysis_2024_2024-12-10.txt,2024-12-10,8/2/2024,2024
2006,Nederland,Nederland,84,False,True,08_births_and_k_analysis_2024_2024-12-10.txt,2024-12-10,8/2/2024,2024
2006,Ryan,Ryan,117,False,True,08_births_and_k_analysis_2024_2024-12-10.txt,2024-12-10,8/2/2024,2024
2006,Sanchez,Sanchez,111,False,True,08_births_and_k_analysis_2024_2024-12-10.txt,2024-12-10,8/2/2024,2024
2006,Superior,Superior,59,False,True,08_births_and_k_analysis_2024_2024-12-10.txt,2024-12-10,8/2/2024,2024
2006,Unlocated,Unlocated,3,False,True,08_births_and_k_analysis_2024_2024-12-10.txt,2024-12-10,8/2/2024,2024
2006,Whittier,Whittier,114,False,True,08_births_and_k_analysis_2024_2024-12-10.txt,2024-12-10,8/2/2024,2024
2006,BVSD,BVSD,2105,True,True,08_births_and_k_analysis_2024_2024-12-10.txt,2024-12-10,8/2/2024,2024
2006,Boulder Total,Boulder Total,920,True,True,08_births_and_k_analysis_2024_2024-12-10.txt,2024-12-10,8/2/2024,2024
2006,E County Total,E County Total,1013,True,True,08_births_and_k_analysis_2024_2024-12-10.txt,2024-12-10,8/2/2024,2024
2007,Aspen Crk,Aspen Creek,52,False,True,08_births_and_k_analysis_2024_2024-12-10.txt,2024-12-10,8/2/2024,2024
2007,BC-Creekside,BC-Creekside,5,False,True,08_births_and_k_analysis_2024_2024-12-10.txt,2024-12-10,8/2/2024,2024
2007,BC-Mesa,BC-Mesa,22,False,True,08_births_and_k_analysis_2024_2024-12-10.txt,2024-12-10,8/2/2024,2024
2007,Bear Creek,Bear Creek,23,False,True,08_births_and_k_analysis_2024_2024-12-10.txt,2024-12-10,8/2/2024,2024
2007,Birch,Birch,52,False,True,08_births_and_k_analysis_2024_2024-12-10.txt,2024-12-10,8/2/2024,2024
2007,Coal Creek,Coal Creek,55,False,True,08_births_and_k_analysis_2024_2024-12-10.txt,2024-12-10,8/2/2024,2024
2007,Columbine,Columbine,157,False,True,08_births_and_k_analysis_2024_2024-12-10.txt,2024-12-10,8/2/2024,2024
2007,Creekside,Creekside,156,False,True,08_births_and_k_analysis_2024_2024-12-10.txt,2024-12-10,8/2/2024,2024
2007,Crest View,Crest View,144,False,True,08_births_and_k_analysis_2024_2024-12-10.txt,2024-12-10,8/2/2024,2024
2007,Douglass,Douglass,54,False,True,08_births_and_k_analysis_2024_2024-12-10.txt,2024-12-10,8/2/2024,2024
2007,Eisenhower,Eisenhower,100,False,True,08_births_and_k_analysis_2024_2024-12-10.txt,2024-12-10,8/2/2024,2024
2007,Eldorado (K-5),Eldorado,65,False,True,08_births_and_k_analysis_2024_2024-12-10.txt,2024-12-10,8/2/2024,2024
2007,Emerald,Emerald,89,False,True,08_births_and_k_analysis_2024_2024-12-10.txt,2024-12-10,8/2/2024,2024
2007,Fireside,Fireside,47,False,True,08_births_and_k_analysis_2024_2024-12-10.txt,2024-12-10,8/2/2024,2024
2007,Flatirons,Flatirons,56,False,True,08_births_and_k_analysis_2024_2024-12-10.txt,2024-12-10,8/2/2024,2024
2007,Foothill,Foothill,84,False,True,08_births_and_k_analysis_2024_2024-12-10.txt,2024-12-10,8/2/2024,2024
2007,Gold Hill,Gold Hill,1,False,True,08_births_and_k_analysis_2024_2024-12-10.txt,2024-12-10,8/2/2024,2024
2007,Heatherwood,Heatherwood,69,False,True,08_births_and_k_analysis_2024_2024-12-10.txt,2024-12-10,8/2/2024,2024
2007,Jamestown,Jamestown,2,False,True,08_births_and_k_analysis_2024_2024-12-10.txt,2024-12-10,8/2/2024,2024
2007,Kohl,Kohl,45,False,True,08_births_and_k_analysis_2024_2024-12-10.txt,2024-12-10,8/2/2024,2024
2007,Lafayette,Lafayette,113,False,True,08_births_and_k_analysis_2024_2024-12-10.txt,2024-12-10,8/2/2024,2024
2007,Louisville,Louisville,90,False,True,08_births_and_k_analysis_2024_2024-12-10.txt,2024-12-10,8/2/2024,2024
2007,Meadowlark,Meadowlark,34,False,True,08_births_and_k_analysis_2024_2024-12-10.txt,2024-12-10,8/2/2024,2024
2007,Mesa,Mesa,31,False,True,08_births_and_k_analysis_2024_2024-12-10.txt,2024-12-10,8/2/2024,2024
2007,Monarch (K-5),Monarch,57,False,True,08_births_and_k_analysis_2024_2024-12-10.txt,2024-12-10,8/2/2024,2024
2007,Nederland,Nederland,65,False,True,08_births_and_k_analysis_2024_2024-12-10.txt,2024-12-10,8/2/2024,2024
2007,Ryan,Ryan,124,False,True,08_births_and_k_analysis_2024_2024-12-10.txt,2024-12-10,8/2/2024,2024
2007,Sanchez,Sanchez,96,False,True,08_births_and_k_analysis_2024_2024-12-10.txt,2024-12-10,8/2/2024,2024
2007,Superior,Superior,55,False,True,08_births_and_k_analysis_2024_2024-12-10.txt,2024-12-10,8/2/2024,2024
2007,Unlocated,Unlocated,0,False,True,08_births_and_k_analysis_2024_2024-12-10.txt,2024-12-10,8/2/2024,2024
2007,Whittier,Whittier,115,False,True,08_births_and_k_analysis_2024_2024-12-10.txt,2024-12-10,8/2/2024,2024
2007,BVSD,BVSD,2058,True,True,08_births_and_k_analysis_2024_2024-12-10.txt,2024-12-10,8/2/2024,2024
2007,Boulder Total,Boulder Total,962,True,True,08_births_and_k_analysis_2024_2024-12-10.txt,2024-12-10,8/2/2024,2024
2007,E County Total,E County Total,963,True,True,08_births_and_k_analysis_2024_2024-12-10.txt,2024-12-10,8/2/2024,2024
2008,Aspen Crk,Aspen Creek,56,False,True,08_births_and_k_analysis_2024_2024-12-10.txt,2024-12-10,8/2/2024,2024
2008,BC-Creekside,BC-Creekside,6,False,True,08_births_and_k_analysis_2024_2024-12-10.txt,2024-12-10,8/2/2024,2024
2008,BC-Mesa,BC-Mesa,27,False,True,08_births_and_k_analysis_2024_2024-12-10.txt,2024-12-10,8/2/2024,2024
2008,Bear Creek,Bear Creek,18,False,True,08_births_and_k_analysis_2024_2024-12-10.txt,2024-12-10,8/2/2024,2024
2008,Birch,Birch,60,False,True,08_births_and_k_analysis_2024_2024-12-10.txt,2024-12-10,8/2/2024,2024
2008,Coal Creek,Coal Creek,54,False,True,08_births_and_k_analysis_2024_2024-12-10.txt,2024-12-10,8/2/2024,2024
2008,Columbine,Columbine,155,False,True,08_births_and_k_analysis_2024_2024-12-10.txt,2024-12-10,8/2/2024,2024
2008,Creekside,Creekside,176,False,True,08_births_and_k_analysis_2024_2024-12-10.txt,2024-12-10,8/2/2024,2024
2008,Crest View,Crest View,114,False,True,08_births_and_k_analysis_2024_2024-12-10.txt,2024-12-10,8/2/2024,2024
2008,Douglass,Douglass,57,False,True,08_births_and_k_analysis_2024_2024-12-10.txt,2024-12-10,8/2/2024,2024
2008,Eisenhower,Eisenhower,82,False,True,08_births_and_k_analysis_2024_2024-12-10.txt,2024-12-10,8/2/2024,2024
2008,Eldorado (K-5),Eldorado,61,False,True,08_births_and_k_analysis_2024_2024-12-10.txt,2024-12-10,8/2/2024,2024
2008,Emerald,Emerald,95,False,True,08_births_and_k_analysis_2024_2024-12-10.txt,2024-12-10,8/2/2024,2024
2008,Fireside,Fireside,53,False,True,08_births_and_k_analysis_2024_2024-12-10.txt,2024-12-10,8/2/2024,2024
2008,Flatirons,Flatirons,53,False,True,08_births_and_k_analysis_2024_2024-12-10.txt,2024-12-10,8/2/2024,2024
2008,Foothill,Foothill,119,False,True,08_births_and_k_analysis_2024_2024-12-10.txt,2024-12-10,8/2/2024,2024
2008,Gold Hill,Gold Hill,1,False,True,08_births_and_k_analysis_2024_2024-12-10.txt,2024-12-10,8/2/2024,2024
2008,Heatherwood,Heatherwood,54,False,True,08_births_and_k_analysis_2024_2024-12-10.txt,2024-12-10,8/2/2024,2024
2008,Jamestown,Jamestown,5,False,True,08_births_and_k_analysis_2024_2024-12-10.txt,2024-12-10,8/2/2024,2024
2008,Kohl,Kohl,57,False,True,08_births_and_k_analysis_2024_2024-12-10.txt,2024-12-10,8/2/2024,2024
2008,Lafayette,Lafayette,113,False,True,08_births_and_k_analysis_2024_2024-12-10.txt,2024-12-10,8/2/2024,2024
2008,Louisville,Louisville,77,False,True,08_births_and_k_analysis_2024_2024-12-10.txt,2024-12-10,8/2/2024,2024
2008,Meadowlark,Meadowlark,39,False,True,08_births_and_k_analysis_2024_2024-12-10.txt,2024-12-10,8/2/2024,2024
2008,Mesa,Mesa,25,False,True,08_births_and_k_analysis_2024_2024-12-10.txt,2024-12-10,8/2/2024,2024
2008,Monarch (K-5),Monarch,45,False,True,08_births_and_k_analysis_2024_2024-12-10.txt,2024-12-10,8/2/2024,2024
2008,Nederland,Nederland,63,False,True,08_births_and_k_analysis_2024_2024-12-10.txt,2024-12-10,8/2/2024,2024
2008,Ryan,Ryan,114,False,True,08_births_and_k_analysis_2024_2024-12-10.txt,2024-12-10,8/2/2024,2024
2008,Sanchez,Sanchez,89,False,True,08_births_and_k_analysis_2024_2024-12-10.txt,2024-12-10,8/2/2024,2024
2008,Superior,Superior,58,False,True,08_births_and_k_analysis_2024_2024-12-10.txt,2024-12-10,8/2/2024,2024
2008,Unlocated,Unlocated,0,False,True,08_births_and_k_analysis_2024_2024-12-10.txt,2024-12-10,8/2/2024,2024
2008,Whittier,Whittier,110,False,True,08_births_and_k_analysis_2024_2024-12-10.txt,2024-12-10,8/2/2024,2024
2008,BVSD,BVSD,2036,True,True,08_births_and_k_analysis_2024_2024-12-10.txt,2024-12-10,8/2/2024,2024
2008,Boulder Total,Boulder Total,939,True,True,08_births_and_k_analysis_2024_2024-12-10.txt,2024-12-10,8/2/2024,2024
2008,E County Total,E County Total,967,True,True,08_births_and_k_analysis_2024_2024-12-10.txt,2024-12-10,8/2/2024,2024
2009,Aspen Crk,Aspen Creek,65,False,True,08_births_and_k_analysis_2024_2024-12-10.txt,2024-12-10,8/2/2024,2024
2009,BC-Creekside,BC-Creekside,2,False,True,08_births_and_k_analysis_2024_2024-12-10.txt,2024-12-10,8/2/2024,2024
2009,BC-Mesa,BC-Mesa,25,False,True,08_births_and_k_analysis_2024_2024-12-10.txt,2024-12-10,8/2/2024,2024
2009,Bear Creek,Bear Creek,25,False,True,08_births_and_k_analysis_2024_2024-12-10.txt,2024-12-10,8/2/2024,2024
2009,Birch,Birch,46,False,True,08_births_and_k_analysis_2024_2024-12-10.txt,2024-12-10,8/2/2024,2024
2009,Coal Creek,Coal Creek,68,False,True,08_births_and_k_analysis_2024_2024-12-10.txt,2024-12-10,8/2/2024,2024
2009,Columbine,Columbine,153,False,True,08_births_and_k_analysis_2024_2024-12-10.txt,2024-12-10,8/2/2024,2024
2009,Creekside,Creekside,159,False,True,08_births_and_k_analysis_2024_2024-12-10.txt,2024-12-10,8/2/2024,2024
2009,Crest View,Crest View,165,False,True,08_births_and_k_analysis_2024_2024-12-10.txt,2024-12-10,8/2/2024,2024
2009,Douglass,Douglass,47,False,True,08_births_and_k_analysis_2024_2024-12-10.txt,2024-12-10,8/2/2024,2024
2009,Eisenhower,Eisenhower,75,False,True,08_births_and_k_analysis_2024_2024-12-10.txt,2024-12-10,8/2/2024,2024
2009,Eldorado (K-5),Eldorado,58,False,True,08_births_and_k_analysis_2024_2024-12-10.txt,2024-12-10,8/2/2024,2024
2009,Emerald,Emerald,77,False,True,08_births_and_k_analysis_2024_2024-12-10.txt,2024-12-10,8/2/2024,2024
2009,Fireside,Fireside,39,False,True,08_births_and_k_analysis_2024_2024-12-10.txt,2024-12-10,8/2/2024,2024
2009,Flatirons,Flatirons,47,False,True,08_births_and_k_analysis_2024_2024-12-10.txt,2024-12-10,8/2/2024,2024
2009,Foothill,Foothill,92,False,True,08_births_and_k_analysis_2024_2024-12-10.txt,2024-12-10,8/2/2024,2024
2009,Gold Hill,Gold Hill,0,False,True,08_births_and_k_analysis_2024_2024-12-10.txt,2024-12-10,8/2/2024,2024
2009,Heatherwood,Heatherwood,77,False,True,08_births_and_k_analysis_2024_2024-12-10.txt,2024-12-10,8/2/2024,2024
2009,Jamestown,Jamestown,4,False,True,08_births_and_k_analysis_2024_2024-12-10.txt,2024-12-10,8/2/2024,2024
2009,Kohl,Kohl,48,False,True,08_births_and_k_analysis_2024_2024-12-10.txt,2024-12-10,8/2/2024,2024
2009,Lafayette,Lafayette,102,False,True,08_births_and_k_analysis_2024_2024-12-10.txt,2024-12-10,8/2/2024,2024
2009,Louisville,Louisville,72,False,True,08_births_and_k_analysis_2024_2024-12-10.txt,2024-12-10,8/2/2024,2024
2009,Meadowlark,Meadowlark,40,False,True,08_births_and_k_analysis_2024_2024-12-10.txt,2024-12-10,8/2/2024,2024
2009,Mesa,Mesa,31,False,True,08_births_and_k_analysis_2024_2024-12-10.txt,2024-12-10,8/2/2024,2024
2009,Monarch (K-5),Monarch,55,False,True,08_births_and_k_analysis_2024_2024-12-10.txt,2024-12-10,8/2/2024,2024
2009,Nederland,Nederland,63,False,True,08_births_and_k_analysis_2024_2024-12-10.txt,2024-12-10,8/2/2024,2024
2009,Ryan,Ryan,121,False,True,08_births_and_k_analysis_2024_2024-12-10.txt,2024-12-10,8/2/2024,2024
2009,Sanchez,Sanchez,92,False,True,08_births_and_k_analysis_2024_2024-12-10.txt,2024-12-10,8/2/2024,2024
2009,Superior,Superior,48,False,True,08_births_and_k_analysis_2024_2024-12-10.txt,2024-12-10,8/2/2024,2024
2009,Unlocated,Unlocated,1,False,True,08_births_and_k_analysis_2024_2024-12-10.txt,2024-12-10,8/2/2024,2024
2009,Whittier,Whittier,115,False,True,08_births_and_k_analysis_2024_2024-12-10.txt,2024-12-10,8/2/2024,2024
2009,BVSD,BVSD,2012,True,True,08_births_and_k_analysis_2024_2024-12-10.txt,2024-12-10,8/2/2024,2024
2009,Boulder Total,Boulder Total,966,True,True,08_births_and_k_analysis_2024_2024-12-10.txt,2024-12-10,8/2/2024,2024
2009,E County Total,E County Total,920,True,True,08_births_and_k_analysis_2024_2024-12-10.txt,2024-12-10,8/2/2024,2024
2010,Aspen Crk,Aspen Creek,56,False,True,08_births_and_k_analysis_2024_2024-12-10.txt,2024-12-10,8/2/2024,2024
2010,BC-Creekside,BC-Creekside,2,False,True,08_births_and_k_analysis_2024_2024-12-10.txt,2024-12-10,8/2/2024,2024
2010,BC-Mesa,BC-Mesa,31,False,True,08_births_and_k_analysis_2024_2024-12-10.txt,2024-12-10,8/2/2024,2024
2010,Bear Creek,Bear Creek,31,False,True,08_births_and_k_analysis_2024_2024-12-10.txt,2024-12-10,8/2/2024,2024
2010,Birch,Birch,56,False,True,08_births_and_k_analysis_2024_2024-12-10.txt,2024-12-10,8/2/2024,2024
2010,Coal Creek,Coal Creek,68,False,True,08_births_and_k_analysis_2024_2024-12-10.txt,2024-12-10,8/2/2024,2024
2010,Columbine,Columbine,135,False,True,08_births_and_k_analysis_2024_2024-12-10.txt,2024-12-10,8/2/2024,2024
2010,Creekside,Creekside,150,False,True,08_births_and_k_analysis_2024_2024-12-10.txt,2024-12-10,8/2/2024,2024
2010,Crest View,Crest View,135,False,True,08_births_and_k_analysis_2024_2024-12-10.txt,2024-12-10,8/2/2024,2024
2010,Douglass,Douglass,47,False,True,08_births_and_k_analysis_2024_2024-12-10.txt,2024-12-10,8/2/2024,2024
2010,Eisenhower,Eisenhower,76,False,True,08_births_and_k_analysis_2024_2024-12-10.txt,2024-12-10,8/2/2024,2024
2010,Eldorado (K-5),Eldorado,46,False,True,08_births_and_k_analysis_2024_2024-12-10.txt,2024-12-10,8/2/2024,2024
2010,Emerald,Emerald,79,False,True,08_births_and_k_analysis_2024_2024-12-10.txt,2024-12-10,8/2/2024,2024
2010,Fireside,Fireside,48,False,True,08_births_and_k_analysis_2024_2024-12-10.txt,2024-12-10,8/2/2024,2024
2010,Flatirons,Flatirons,48,False,True,08_births_and_k_analysis_2024_2024-12-10.txt,2024-12-10,8/2/2024,2024
2010,Foothill,Foothill,80,False,True,08_births_and_k_analysis_2024_2024-12-10.txt,2024-12-10,8/2/2024,2024
2010,Gold Hill,Gold Hill,2,False,True,08_births_and_k_analysis_2024_2024-12-10.txt,2024-12-10,8/2/2024,2024
2010,Heatherwood,Heatherwood,64,False,True,08_births_and_k_analysis_2024_2024-12-10.txt,2024-12-10,8/2/2024,2024
2010,Jamestown,Jamestown,3,False,True,08_births_and_k_analysis_2024_2024-12-10.txt,2024-12-10,8/2/2024,2024
2010,Kohl,Kohl,42,False,True,08_births_and_k_analysis_2024_2024-12-10.txt,2024-12-10,8/2/2024,2024
2010,Lafayette,Lafayette,114,False,True,08_births_and_k_analysis_2024_2024-12-10.txt,2024-12-10,8/2/2024,2024
2010,Louisville,Louisville,59,False,True,08_births_and_k_analysis_2024_2024-12-10.txt,2024-12-10,8/2/2024,2024
2010,Meadowlark,Meadowlark,31,False,True,08_births_and_k_analysis_2024_2024-12-10.txt,2024-12-10,8/2/2024,2024
2010,Mesa,Mesa,23,False,True,08_births_and_k_analysis_2024_2024-12-10.txt,2024-12-10,8/2/2024,2024
2010,Monarch (K-5),Monarch,60,False,True,08_births_and_k_analysis_2024_2024-12-10.txt,2024-12-10,8/2/2024,2024
2010,Nederland,Nederland,62,False,True,08_births_and_k_analysis_2024_2024-12-10.txt,2024-12-10,8/2/2024,2024
2010,Ryan,Ryan,99,False,True,08_births_and_k_analysis_2024_2024-12-10.txt,2024-12-10,8/2/2024,2024
2010,Sanchez,Sanchez,87,False,True,08_births_and_k_analysis_2024_2024-12-10.txt,2024-12-10,8/2/2024,2024
2010,Superior,Superior,52,False,True,08_births_and_k_analysis_2024_2024-12-10.txt,2024-12-10,8/2/2024,2024
2010,Unlocated,Unlocated,0,False,True,08_births_and_k_analysis_2024_2024-12-10.txt,2024-12-10,8/2/2024,2024
2010,Whittier,Whittier,105,False,True,08_births_and_k_analysis_2024_2024-12-10.txt,2024-12-10,8/2/2024,2024
2010,BVSD,BVSD,1891,True,True,08_births_and_k_analysis_2024_2024-12-10.txt,2024-12-10,8/2/2024,2024
2010,Boulder Total,Boulder Total,880,True,True,08_births_and_k_analysis_2024_2024-12-10.txt,2024-12-10,8/2/2024,2024
2010,E County Total,E County Total,898,True,True,08_births_and_k_analysis_2024_2024-12-10.txt,2024-12-10,8/2/2024,2024
2011,Aspen Crk,Aspen Creek,51,False,True,08_births_and_k_analysis_2024_2024-12-10.txt,2024-12-10,8/2/2024,2024
2011,BC-Creekside,BC-Creekside,2,False,True,08_births_and_k_analysis_2024_2024-12-10.txt,2024-12-10,8/2/2024,2024
2011,BC-Mesa,BC-Mesa,24,False,True,08_births_and_k_analysis_2024_2024-12-10.txt,2024-12-10,8/2/2024,2024
2011,Bear Creek,Bear Creek,20,False,True,08_births_and_k_analysis_2024_2024-12-10.txt,2024-12-10,8/2/2024,2024
2011,Birch,Birch,49,False,True,08_births_and_k_analysis_2024_2024-12-10.txt,2024-12-10,8/2/2024,2024
2011,Coal Creek,Coal Creek,51,False,True,08_births_and_k_analysis_2024_2024-12-10.txt,2024-12-10,8/2/2024,2024
2011,Columbine,Columbine,155,False,True,08_births_and_k_analysis_2024_2024-12-10.txt,2024-12-10,8/2/2024,2024
2011,Creekside,Creekside,130,False,True,08_births_and_k_analysis_2024_2024-12-10.txt,2024-12-10,8/2/2024,2024
2011,Crest View,Crest View,123,False,True,08_births_and_k_analysis_2024_2024-12-10.txt,2024-12-10,8/2/2024,2024
2011,Douglass,Douglass,38,False,True,08_births_and_k_analysis_2024_2024-12-10.txt,2024-12-10,8/2/2024,2024
2011,Eisenhower,Eisenhower,91,False,True,08_births_and_k_analysis_2024_2024-12-10.txt,2024-12-10,8/2/2024,2024
2011,Eldorado (K-5),Eldorado,40,False,True,08_births_and_k_analysis_2024_2024-12-10.txt,2024-12-10,8/2/2024,2024
2011,Emerald,Emerald,73,False,True,08_births_and_k_analysis_2024_2024-12-10.txt,2024-12-10,8/2/2024,2024
2011,Fireside,Fireside,57,False,True,08_births_and_k_analysis_2024_2024-12-10.txt,2024-12-10,8/2/2024,2024
2011,Flatirons,Flatirons,47,False,True,08_births_and_k_analysis_2024_2024-12-10.txt,2024-12-10,8/2/2024,2024
2011,Foothill,Foothill,83,False,True,08_births_and_k_analysis_2024_2024-12-10.txt,2024-12-10,8/2/2024,2024
2011,Gold Hill,Gold Hill,2,False,True,08_births_and_k_analysis_2024_2024-12-10.txt,2024-12-10,8/2/2024,2024
2011,Heatherwood,Heatherwood,62,False,True,08_births_and_k_analysis_2024_2024-12-10.txt,2024-12-10,8/2/2024,2024
2011,Jamestown,Jamestown,4,False,True,08_births_and_k_analysis_2024_2024-12-10.txt,2024-12-10,8/2/2024,2024
2011,Kohl,Kohl,55,False,True,08_births_and_k_analysis_2024_2024-12-10.txt,2024-12-10,8/2/2024,2024
2011,Lafayette,Lafayette,124,False,True,08_births_and_k_analysis_2024_2024-12-10.txt,2024-12-10,8/2/2024,2024
2011,Louisville,Louisville,80,False,True,08_births_and_k_analysis_2024_2024-12-10.txt,2024-12-10,8/2/2024,2024
2011,Meadowlark,Meadowlark,38,False,True,08_births_and_k_analysis_2024_2024-12-10.txt,2024-12-10,8/2/2024,2024
2011,Mesa,Mesa,16,False,True,08_births_and_k_analysis_2024_2024-12-10.txt,2024-12-10,8/2/2024,2024
2011,Monarch (K-5),Monarch,59,False,True,08_births_and_k_analysis_2024_2024-12-10.txt,2024-12-10,8/2/2024,2024
2011,Nederland,Nederland,53,False,True,08_births_and_k_analysis_2024_2024-12-10.txt,2024-12-10,8/2/2024,2024
2011,Ryan,Ryan,99,False,True,08_births_and_k_analysis_2024_2024-12-10.txt,2024-12-10,8/2/2024,2024
2011,Sanchez,Sanchez,81,False,True,08_births_and_k_analysis_2024_2024-12-10.txt,2024-12-10,8/2/2024,2024
2011,Superior,Superior,35,False,True,08_births_and_k_analysis_2024_2024-12-10.txt,2024-12-10,8/2/2024,2024
2011,Unlocated,Unlocated,0,False,True,08_births_and_k_analysis_2024_2024-12-10.txt,2024-12-10,8/2/2024,2024
2011,Whittier,Whittier,87,False,True,08_births_and_k_analysis_2024_2024-12-10.txt,2024-12-10,8/2/2024,2024
2011,BVSD,BVSD,1829,True,True,08_births_and_k_analysis_2024_2024-12-10.txt,2024-12-10,8/2/2024,2024
2011,Boulder Total,Boulder Total,840,True,True,08_births_and_k_analysis_2024_2024-12-10.txt,2024-12-10,8/2/2024,2024
2011,E County Total,E County Total,890,True,True,08_births_and_k_analysis_2024_2024-12-10.txt,2024-12-10,8/2/2024,2024
2012,Aspen Crk,Aspen Creek,61,False,True,08_births_and_k_analysis_2024_2024-12-10.txt,2024-12-10,8/2/2024,2024
2012,BC-Creekside,BC-Creekside,8,False,True,08_births_and_k_analysis_2024_2024-12-10.txt,2024-12-10,8/2/2024,2024
2012,BC-Mesa,BC-Mesa,26,False,True,08_births_and_k_analysis_2024_2024-12-10.txt,2024-12-10,8/2/2024,2024
2012,Bear Creek,Bear Creek,19,False,True,08_births_and_k_analysis_2024_2024-12-10.txt,2024-12-10,8/2/2024,2024
2012,Birch,Birch,43,False,True,08_births_and_k_analysis_2024_2024-12-10.txt,2024-12-10,8/2/2024,2024
2012,Coal Creek,Coal Creek,66,False,True,08_births_and_k_analysis_2024_2024-12-10.txt,2024-12-10,8/2/2024,2024
2012,Columbine,Columbine,132,False,True,08_births_and_k_analysis_2024_2024-12-10.txt,2024-12-10,8/2/2024,2024
2012,Creekside,Creekside,157,False,True,08_births_and_k_analysis_2024_2024-12-10.txt,2024-12-10,8/2/2024,2024
2012,Crest View,Crest View,147,False,True,08_births_and_k_analysis_2024_2024-12-10.txt,2024-12-10,8/2/2024,2024
2012,Douglass,Douglass,52,False,True,08_births_and_k_analysis_2024_2024-12-10.txt,2024-12-10,8/2/2024,2024
2012,Eisenhower,Eisenhower,83,False,True,08_births_and_k_analysis_2024_2024-12-10.txt,2024-12-10,8/2/2024,2024
2012,Eldorado (K-5),Eldorado,41,False,True,08_births_and_k_analysis_2024_2024-12-10.txt,2024-12-10,8/2/2024,2024
2012,Emerald,Emerald,90,False,True,08_births_and_k_analysis_2024_2024-12-10.txt,2024-12-10,8/2/2024,2024
2012,Fireside,Fireside,45,False,True,08_births_and_k_analysis_2024_2024-12-10.txt,2024-12-10,8/2/2024,2024
2012,Flatirons,Flatirons,44,False,True,08_births_and_k_analysis_2024_2024-12-10.txt,2024-12-10,8/2/2024,2024
2012,Foothill,Foothill,84,False,True,08_births_and_k_analysis_2024_2024-12-10.txt,2024-12-10,8/2/2024,2024
2012,Gold Hill,Gold Hill,1,False,True,08_births_and_k_analysis_2024_2024-12-10.txt,2024-12-10,8/2/2024,2024
2012,Heatherwood,Heatherwood,71,False,True,08_births_and_k_analysis_2024_2024-12-10.txt,2024-12-10,8/2/2024,2024
2012,Jamestown,Jamestown,6,False,True,08_births_and_k_analysis_2024_2024-12-10.txt,2024-12-10,8/2/2024,2024
2012,Kohl,Kohl,59,False,True,08_births_and_k_analysis_2024_2024-12-10.txt,2024-12-10,8/2/2024,2024
2012,Lafayette,Lafayette,105,False,True,08_births_and_k_analysis_2024_2024-12-10.txt,2024-12-10,8/2/2024,2024
2012,Louisville,Louisville,85,False,True,08_births_and_k_analysis_2024_2024-12-10.txt,2024-12-10,8/2/2024,2024
2012,Meadowlark,Meadowlark,27,False,True,08_births_and_k_analysis_2024_2024-12-10.txt,2024-12-10,8/2/2024,2024
2012,Mesa,Mesa,23,False,True,08_births_and_k_analysis_2024_2024-12-10.txt,2024-12-10,8/2/2024,2024
2012,Monarch (K-5),Monarch,60,False,True,08_births_and_k_analysis_2024_2024-12-10.txt,2024-12-10,8/2/2024,2024
2012,Nederland,Nederland,48,False,True,08_births_and_k_analysis_2024_2024-12-10.txt,2024-12-10,8/2/2024,2024
2012,Ryan,Ryan,143,False,True,08_births_and_k_analysis_2024_2024-12-10.txt,2024-12-10,8/2/2024,2024
2012,Sanchez,Sanchez,83,False,True,08_births_and_k_analysis_2024_2024-12-10.txt,2024-12-10,8/2/2024,2024
2012,Superior,Superior,28,False,True,08_births_and_k_analysis_2024_2024-12-10.txt,2024-12-10,8/2/2024,2024
2012,Unlocated,Unlocated,0,False,True,08_births_and_k_analysis_2024_2024-12-10.txt,2024-12-10,8/2/2024,2024
2012,Whittier,Whittier,119,False,True,08_births_and_k_analysis_2024_2024-12-10.txt,2024-12-10,8/2/2024,2024
2012,BVSD,BVSD,1956,True,True,08_births_and_k_analysis_2024_2024-12-10.txt,2024-12-10,8/2/2024,2024
2012,Boulder Total,Boulder Total,913,True,True,08_births_and_k_analysis_2024_2024-12-10.txt,2024-12-10,8/2/2024,2024
2012,E County Total,E County Total,947,True,True,08_births_and_k_analysis_2024_2024-12-10.txt,2024-12-10,8/2/2024,2024
2013,Aspen Crk,Aspen Creek,67,False,True,08_births_and_k_analysis_2024_2024-12-10.txt,2024-12-10,8/2/2024,2024
2013,BC-Creekside,BC-Creekside,3,False,True,08_births_and_k_analysis_2024_2024-12-10.txt,2024-12-10,8/2/2024,2024
2013,BC-Mesa,BC-Mesa,23,False,True,08_births_and_k_analysis_2024_2024-12-10.txt,2024-12-10,8/2/2024,2024
2013,Bear Creek,Bear Creek,25,False,True,08_births_and_k_analysis_2024_2024-12-10.txt,2024-12-10,8/2/2024,2024
2013,Birch,Birch,65,False,True,08_births_and_k_analysis_2024_2024-12-10.txt,2024-12-10,8/2/2024,2024
2013,Coal Creek,Coal Creek,60,False,True,08_births_and_k_analysis_2024_2024-12-10.txt,2024-12-10,8/2/2024,2024
2013,Columbine,Columbine,129,False,True,08_births_and_k_analysis_2024_2024-12-10.txt,2024-12-10,8/2/2024,2024
2013,Creekside,Creekside,157,False,True,08_births_and_k_analysis_2024_2024-12-10.txt,2024-12-10,8/2/2024,2024
2013,Crest View,Crest View,151,False,True,08_births_and_k_analysis_2024_2024-12-10.txt,2024-12-10,8/2/2024,2024
2013,Douglass,Douglass,46,False,True,08_births_and_k_analysis_2024_2024-12-10.txt,2024-12-10,8/2/2024,2024
2013,Eisenhower,Eisenhower,84,False,True,08_births_and_k_analysis_2024_2024-12-10.txt,2024-12-10,8/2/2024,2024
2013,Eldorado (K-5),Eldorado,46,False,True,08_births_and_k_analysis_2024_2024-12-10.txt,2024-12-10,8/2/2024,2024
2013,Emerald,Emerald,81,False,True,08_births_and_k_analysis_2024_2024-12-10.txt,2024-12-10,8/2/2024,2024
2013,Fireside,Fireside,59,False,True,08_births_and_k_analysis_2024_2024-12-10.txt,2024-12-10,8/2/2024,2024
2013,Flatirons,Flatirons,41,False,True,08_births_and_k_analysis_2024_2024-12-10.txt,2024-12-10,8/2/2024,2024
2013,Foothill,Foothill,64,False,True,08_births_and_k_analysis_2024_2024-12-10.txt,2024-12-10,8/2/2024,2024
2013,Gold Hill,Gold Hill,3,False,True,08_births_and_k_analysis_2024_2024-12-10.txt,2024-12-10,8/2/2024,2024
2013,Heatherwood,Heatherwood,60,False,True,08_births_and_k_analysis_2024_2024-12-10.txt,2024-12-10,8/2/2024,2024
2013,Jamestown,Jamestown,2,False,True,08_births_and_k_analysis_2024_2024-12-10.txt,2024-12-10,8/2/2024,2024
2013,Kohl,Kohl,53,False,True,08_births_and_k_analysis_2024_2024-12-10.txt,2024-12-10,8/2/2024,2024
2013,Lafayette,Lafayette,89,False,True,08_births_and_k_analysis_2024_2024-12-10.txt,2024-12-10,8/2/2024,2024
2013,Louisville,Louisville,79,False,True,08_births_and_k_analysis_2024_2024-12-10.txt,2024-12-10,8/2/2024,2024
2013,Meadowlark,Meadowlark,24,False,True,08_births_and_k_analysis_2024_2024-12-10.txt,2024-12-10,8/2/2024,2024
2013,Mesa,Mesa,20,False,True,08_births_and_k_analysis_2024_2024-12-10.txt,2024-12-10,8/2/2024,2024
2013,Monarch (K-5),Monarch,67,False,True,08_births_and_k_analysis_2024_2024-12-10.txt,2024-12-10,8/2/2024,2024
2013,Nederland,Nederland,55,False,True,08_births_and_k_analysis_2024_2024-12-10.txt,2024-12-10,8/2/2024,2024
2013,Ryan,Ryan,104,False,True,08_births_and_k_analysis_2024_2024-12-10.txt,2024-12-10,8/2/2024,2024
2013,Sanchez,Sanchez,99,False,True,08_births_and_k_analysis_2024_2024-12-10.txt,2024-12-10,8/2/2024,2024
2013,Superior,Superior,41,False,True,08_births_and_k_analysis_2024_2024-12-10.txt,2024-12-10,8/2/2024,2024
2013,Unlocated,Unlocated,0,False,True,08_births_and_k_analysis_2024_2024-12-10.txt,2024-12-10,8/2/2024,2024
2013,Whittier,Whittier,115,False,True,08_births_and_k_analysis_2024_2024-12-10.txt,2024-12-10,8/2/2024,2024
2013,BVSD,BVSD,1912,True,True,08_births_and_k_analysis_2024_2024-12-10.txt,2024-12-10,8/2/2024,2024
2013,Boulder Total,Boulder Total,872,True,True,08_births_and_k_analysis_2024_2024-12-10.txt,2024-12-10,8/2/2024,2024
2013,E County Total,E County Total,934,True,True,08_births_and_k_analysis_2024_2024-12-10.txt,2024-12-10,8/2/2024,2024
2014,Aspen Crk,Aspen Creek,54,False,True,08_births_and_k_analysis_2024_2024-12-10.txt,2024-12-10,8/2/2024,2024
2014,BC-Creekside,BC-Creekside,4,False,True,08_births_and_k_analysis_2024_2024-12-10.txt,2024-12-10,8/2/2024,2024
2014,BC-Mesa,BC-Mesa,25,False,True,08_births_and_k_analysis_2024_2024-12-10.txt,2024-12-10,8/2/2024,2024
2014,Bear Creek,Bear Creek,21,False,True,08_births_and_k_analysis_2024_2024-12-10.txt,2024-12-10,8/2/2024,2024
2014,Birch,Birch,58,False,True,08_births_and_k_analysis_2024_2024-12-10.txt,2024-12-10,8/2/2024,2024
2014,Coal Creek,Coal Creek,63,False,True,08_births_and_k_analysis_2024_2024-12-10.txt,2024-12-10,8/2/2024,2024
2014,Columbine,Columbine,124,False,True,08_births_and_k_analysis_2024_2024-12-10.txt,2024-12-10,8/2/2024,2024
2014,Creekside,Creekside,131,False,True,08_births_and_k_analysis_2024_2024-12-10.txt,2024-12-10,8/2/2024,2024
2014,Crest View,Crest View,123,False,True,08_births_and_k_analysis_2024_2024-12-10.txt,2024-12-10,8/2/2024,2024
2014,Douglass,Douglass,47,False,True,08_births_and_k_analysis_2024_2024-12-10.txt,2024-12-10,8/2/2024,2024
2014,Eisenhower,Eisenhower,75,False,True,08_births_and_k_analysis_2024_2024-12-10.txt,2024-12-10,8/2/2024,2024
2014,Eldorado (K-5),Eldorado,37,False,True,08_births_and_k_analysis_2024_2024-12-10.txt,2024-12-10,8/2/2024,2024
2014,Emerald,Emerald,80,False,True,08_births_and_k_analysis_2024_2024-12-10.txt,2024-12-10,8/2/2024,2024
2014,Fireside,Fireside,45,False,True,08_births_and_k_analysis_2024_2024-12-10.txt,2024-12-10,8/2/2024,2024
2014,Flatirons,Flatirons,43,False,True,08_births_and_k_analysis_2024_2024-12-10.txt,2024-12-10,8/2/2024,2024
2014,Foothill,Foothill,85,False,True,08_births_and_k_analysis_2024_2024-12-10.txt,2024-12-10,8/2/2024,2024
2014,Gold Hill,Gold Hill,0,False,True,08_births_and_k_analysis_2024_2024-12-10.txt,2024-12-10,8/2/2024,2024
2014,Heatherwood,Heatherwood,58,False,True,08_births_and_k_analysis_2024_2024-12-10.txt,2024-12-10,8/2/2024,2024
2014,Jamestown,Jamestown,2,False,True,08_births_and_k_analysis_2024_2024-12-10.txt,2024-12-10,8/2/2024,2024
2014,Kohl,Kohl,59,False,True,08_births_and_k_analysis_2024_2024-12-10.txt,2024-12-10,8/2/2024,2024
2014,Lafayette,Lafayette,109,False,True,08_births_and_k_analysis_2024_2024-12-10.txt,2024-12-10,8/2/2024,2024
2014,Louisville,Louisville,72,False,True,08_births_and_k_analysis_2024_2024-12-10.txt,2024-12-10,8/2/2024,2024
2014,Meadowlark,Meadowlark,33,False,True,08_births_and_k_analysis_2024_2024-12-10.txt,2024-12-10,8/2/2024,2024
2014,Mesa,Mesa,23,False,True,08_births_and_k_analysis_2024_2024-12-10.txt,2024-12-10,8/2/2024,2024
2014,Monarch (K-5),Monarch,79,False,True,08_births_and_k_analysis_2024_2024-12-10.txt,2024-12-10,8/2/2024,2024
2014,Nederland,Nederland,56,False,True,08_births_and_k_analysis_2024_2024-12-10.txt,2024-12-10,8/2/2024,2024
2014,Ryan,Ryan,107,False,True,08_births_and_k_analysis_2024_2024-12-10.txt,2024-12-10,8/2/2024,2024
2014,Sanchez,Sanchez,98,False,True,08_births_and_k_analysis_2024_2024-12-10.txt,2024-12-10,8/2/2024,2024
2014,Superior,Superior,32,False,True,08_births_and_k_analysis_2024_2024-12-10.txt,2024-12-10,8/2/2024,2024
2014,Unlocated,Unlocated,0,False,True,08_births_and_k_analysis_2024_2024-12-10.txt,2024-12-10,8/2/2024,2024
2014,Whittier,Whittier,113,False,True,08_births_and_k_analysis_2024_2024-12-10.txt,2024-12-10,8/2/2024,2024
2014,BVSD,BVSD,1856,True,True,08_births_and_k_analysis_2024_2024-12-10.txt,2024-12-10,8/2/2024,2024
2014,Boulder Total,Boulder Total,825,True,True,08_births_and_k_analysis_2024_2024-12-10.txt,2024-12-10,8/2/2024,2024
2014,E County Total,E County Total,936,True,True,08_births_and_k_analysis_2024_2024-12-10.txt,2024-12-10,8/2/2024,2024
2015,Aspen Crk,Aspen Creek,70,False,True,08_births_and_k_analysis_2024_2024-12-10.txt,2024-12-10,8/2/2024,2024
2015,BC-Creekside,BC-Creekside,6,False,True,08_births_and_k_analysis_2024_2024-12-10.txt,2024-12-10,8/2/2024,2024
2015,BC-Mesa,BC-Mesa,17,False,True,08_births_and_k_analysis_2024_2024-12-10.txt,2024-12-10,8/2/2024,2024
2015,Bear Creek,Bear Creek,11,False,True,08_births_and_k_analysis_2024_2024-12-10.txt,2024-12-10,8/2/2024,2024
2015,Birch,Birch,51,False,True,08_births_and_k_analysis_2024_2024-12-10.txt,2024-12-10,8/2/2024,2024
2015,Coal Creek,Coal Creek,48,False,True,08_births_and_k_analysis_2024_2024-12-10.txt,2024-12-10,8/2/2024,2024
2015,Columbine,Columbine,121,False,True,08_births_and_k_analysis_2024_2024-12-10.txt,2024-12-10,8/2/2024,2024
2015,Creekside,Creekside,158,False,True,08_births_and_k_analysis_2024_2024-12-10.txt,2024-12-10,8/2/2024,2024
2015,Crest View,Crest View,152,False,True,08_births_and_k_analysis_2024_2024-12-10.txt,2024-12-10,8/2/2024,2024
2015,Douglass,Douglass,49,False,True,08_births_and_k_analysis_2024_2024-12-10.txt,2024-12-10,8/2/2024,2024
2015,Eisenhower,Eisenhower,74,False,True,08_births_and_k_analysis_2024_2024-12-10.txt,2024-12-10,8/2/2024,2024
2015,Eldorado (K-5),Eldorado,29,False,True,08_births_and_k_analysis_2024_2024-12-10.txt,2024-12-10,8/2/2024,2024
2015,Emerald,Emerald,112,False,True,08_births_and_k_analysis_2024_2024-12-10.txt,2024-12-10,8/2/2024,2024
2015,Fireside,Fireside,46,False,True,08_births_and_k_analysis_2024_2024-12-10.txt,2024-12-10,8/2/2024,2024
2015,Flatirons,Flatirons,43,False,True,08_births_and_k_analysis_2024_2024-12-10.txt,2024-12-10,8/2/2024,2024
2015,Foothill,Foothill,64,False,True,08_births_and_k_analysis_2024_2024-12-10.txt,2024-12-10,8/2/2024,2024
2015,Gold Hill,Gold Hill,1,False,True,08_births_and_k_analysis_2024_2024-12-10.txt,2024-12-10,8/2/2024,2024
2015,Heatherwood,Heatherwood,71,False,True,08_births_and_k_analysis_2024_2024-12-10.txt,2024-12-10,8/2/2024,2024
2015,Jamestown,Jamestown,1,False,True,08_births_and_k_analysis_2024_2024-12-10.txt,2024-12-10,8/2/2024,2024
2015,Kohl,Kohl,55,False,True,08_births_and_k_analysis_2024_2024-12-10.txt,2024-12-10,8/2/2024,2024
2015,Lafayette,Lafayette,100,False,True,08_births_and_k_analysis_2024_2024-12-10.txt,2024-12-10,8/2/2024,2024
2015,Louisville,Louisville,77,False,True,08_births_and_k_analysis_2024_2024-12-10.txt,2024-12-10,8/2/2024,2024
2015,Meadowlark,Meadowlark,28,False,True,08_births_and_k_analysis_2024_2024-12-10.txt,2024-12-10,8/2/2024,2024
2015,Mesa,Mesa,23,False,True,08_births_and_k_analysis_2024_2024-12-10.txt,2024-12-10,8/2/2024,2024
2015,Monarch (K-5),Monarch,56,False,True,08_births_and_k_analysis_2024_2024-12-10.txt,2024-12-10,8/2/2024,2024
2015,Nederland,Nederland,55,False,True,08_births_and_k_analysis_2024_2024-12-10.txt,2024-12-10,8/2/2024,2024
2015,Ryan,Ryan,102,False,True,08_births_and_k_analysis_2024_2024-12-10.txt,2024-12-10,8/2/2024,2024
2015,Sanchez,Sanchez,111,False,True,08_births_and_k_analysis_2024_2024-12-10.txt,2024-12-10,8/2/2024,2024
2015,Superior,Superior,41,False,True,08_births_and_k_analysis_2024_2024-12-10.txt,2024-12-10,8/2/2024,2024
2015,Unlocated,Unlocated,0,False,True,08_births_and_k_analysis_2024_2024-12-10.txt,2024-12-10,8/2/2024,2024
2015,Whittier,Whittier,106,False,True,08_births_and_k_analysis_2024_2024-12-10.txt,2024-12-10,8/2/2024,2024
2015,BVSD,BVSD,1878,True,True,08_births_and_k_analysis_2024_2024-12-10.txt,2024-12-10,8/2/2024,2024
2015,Boulder Total,Boulder Total,846,True,True,08_births_and_k_analysis_2024_2024-12-10.txt,2024-12-10,8/2/2024,2024
2015,E County Total,E County Total,946,True,True,08_births_and_k_analysis_2024_2024-12-10.txt,2024-12-10,8/2/2024,2024
2016,Aspen Crk,Aspen Creek,61,False,True,08_births_and_k_analysis_2024_2024-12-10.txt,2024-12-10,8/2/2024,2024
2016,BC-Creekside,BC-Creekside,1,False,True,08_births_and_k_analysis_2024_2024-12-10.txt,2024-12-10,8/2/2024,2024
2016,BC-Mesa,BC-Mesa,17,False,True,08_births_and_k_analysis_2024_2024-12-10.txt,2024-12-10,8/2/2024,2024
2016,Bear Creek,Bear Creek,12,False,True,08_births_and_k_analysis_2024_2024-12-10.txt,2024-12-10,8/2/2024,2024
2016,Birch,Birch,55,False,True,08_births_and_k_analysis_2024_2024-12-10.txt,2024-12-10,8/2/2024,2024
2016,Coal Creek,Coal Creek,47,False,True,08_births_and_k_analysis_2024_2024-12-10.txt,2024-12-10,8/2/2024,2024
2016,Columbine,Columbine,123,False,True,08_births_and_k_analysis_2024_2024-12-10.txt,2024-12-10,8/2/2024,2024
2016,Creekside,Creekside,131,False,True,08_births_and_k_analysis_2024_2024-12-10.txt,2024-12-10,8/2/2024,2024
2016,Crest View,Crest View,140,False,True,08_births_and_k_analysis_2024_2024-12-10.txt,2024-12-10,8/2/2024,2024
2016,Douglass,Douglass,45,False,True,08_births_and_k_analysis_2024_2024-12-10.txt,2024-12-10,8/2/2024,2024
2016,Eisenhower,Eisenhower,67,False,True,08_births_and_k_analysis_2024_2024-12-10.txt,2024-12-10,8/2/2024,2024
2016,Eldorado (K-5),Eldorado,30,False,True,08_births_and_k_analysis_2024_2024-12-10.txt,2024-12-10,8/2/2024,2024
2016,Emerald,Emerald,95,False,True,08_births_and_k_analysis_2024_2024-12-10.txt,2024-12-10,8/2/2024,2024
2016,Fireside,Fireside,40,False,True,08_births_and_k_analysis_2024_2024-12-10.txt,2024-12-10,8/2/2024,2024
2016,Flatirons,Flatirons,31,False,True,08_births_and_k_analysis_2024_2024-12-10.txt,2024-12-10,8/2/2024,2024
2016,Foothill,Foothill,66,False,True,08_births_and_k_analysis_2024_2024-12-10.txt,2024-12-10,8/2/2024,2024
2016,Gold Hill,Gold Hill,2,False,True,08_births_and_k_analysis_2024_2024-12-10.txt,2024-12-10,8/2/2024,2024
2016,Heatherwood,Heatherwood,53,False,True,08_births_and_k_analysis_2024_2024-12-10.txt,2024-12-10,8/2/2024,2024
2016,Jamestown,Jamestown,4,False,True,08_births_and_k_analysis_2024_2024-12-10.txt,2024-12-10,8/2/2024,2024
2016,Kohl,Kohl,56,False,True,08_births_and_k_analysis_2024_2024-12-10.txt,2024-12-10,8/2/2024,2024
2016,Lafayette,Lafayette,110,False,True,08_births_and_k_analysis_2024_2024-12-10.txt,2024-12-10,8/2/2024,2024
2016,Louisville,Louisville,64,False,True,08_births_and_k_analysis_2024_2024-12-10.txt,2024-12-10,8/2/2024,2024
2016,Meadowlark,Meadowlark,36,False,True,08_births_and_k_analysis_2024_2024-12-10.txt,2024-12-10,8/2/2024,2024
2016,Mesa,Mesa,26,False,True,08_births_and_k_analysis_2024_2024-12-10.txt,2024-12-10,8/2/2024,2024
2016,Monarch (K-5),Monarch,48,False,True,08_births_and_k_analysis_2024_2024-12-10.txt,2024-12-10,8/2/2024,2024
2016,Nederland,Nederland,54,False,True,08_births_and_k_analysis_2024_2024-12-10.txt,2024-12-10,8/2/2024,2024
2016,Ryan,Ryan,118,False,True,08_births_and_k_analysis_2024_2024-12-10.txt,2024-12-10,8/2/2024,2024
2016,Sanchez,Sanchez,98,False,True,08_births_and_k_analysis_2024_2024-12-10.txt,2024-12-10,8/2/2024,2024
2016,Superior,Superior,39,False,True,08_births_and_k_analysis_2024_2024-12-10.txt,2024-12-10,8/2/2024,2024
2016,Unlocated,Unlocated,0,False,True,08_births_and_k_analysis_2024_2024-12-10.txt,2024-12-10,8/2/2024,2024
2016,Whittier,Whittier,104,False,True,08_births_and_k_analysis_2024_2024-12-10.txt,2024-12-10,8/2/2024,2024
2016,BVSD,BVSD,1773,True,True,08_births_and_k_analysis_2024_2024-12-10.txt,2024-12-10,8/2/2024,2024
2016,Boulder Total,Boulder Total,771,True,True,08_births_and_k_analysis_2024_2024-12-10.txt,2024-12-10,8/2/2024,2024
2016,E County Total,E County Total,912,True,True,08_births_and_k_analysis_2024_2024-12-10.txt,2024-12-10,8/2/2024,2024
2017,Aspen Crk,Aspen Creek,66,False,True,08_births_and_k_analysis_2024_2024-12-10.txt,2024-12-10,8/2/2024,2024
2017,BC-Creekside,BC-Creekside,4,False,True,08_births_and_k_analysis_2024_2024-12-10.txt,2024-12-10,8/2/2024,2024
2017,BC-Mesa,BC-Mesa,16,False,True,08_births_and_k_analysis_2024_2024-12-10.txt,2024-12-10,8/2/2024,2024
2017,Bear Creek,Bear Creek,16,False,True,08_births_and_k_analysis_2024_2024-12-10.txt,2024-12-10,8/2/2024,2024
2017,Birch,Birch,39,False,True,08_births_and_k_analysis_2024_2024-12-10.txt,2024-12-10,8/2/2024,2024
2017,Coal Creek,Coal Creek,50,False,True,08_births_and_k_analysis_2024_2024-12-10.txt,2024-12-10,8/2/2024,2024
2017,Columbine,Columbine,128,False,True,08_births_and_k_analysis_2024_2024-12-10.txt,2024-12-10,8/2/2024,2024
2017,Creekside,Creekside,125,False,True,08_births_and_k_analysis_2024_2024-12-10.txt,2024-12-10,8/2/2024,2024
2017,Crest View,Crest View,128,False,True,08_births_and_k_analysis_2024_2024-12-10.txt,2024-12-10,8/2/2024,2024
2017,Douglass,Douglass,36,False,True,08_births_and_k_analysis_2024_2024-12-10.txt,2024-12-10,8/2/2024,2024
2017,Eisenhower,Eisenhower,64,False,True,08_births_and_k_analysis_2024_2024-12-10.txt,2024-12-10,8/2/2024,2024
2017,Eldorado (K-5),Eldorado,29,False,True,08_births_and_k_analysis_2024_2024-12-10.txt,2024-12-10,8/2/2024,2024
2017,Emerald,Emerald,103,False,True,08_births_and_k_analysis_2024_2024-12-10.txt,2024-12-10,8/2/2024,2024
2017,Fireside,Fireside,37,False,True,08_births_and_k_analysis_2024_2024-12-10.txt,2024-12-10,8/2/2024,2024
2017,Flatirons,Flatirons,39,False,True,08_births_and_k_analysis_2024_2024-12-10.txt,2024-12-10,8/2/2024,2024
2017,Foothill,Foothill,77,False,True,08_births_and_k_analysis_2024_2024-12-10.txt,2024-12-10,8/2/2024,2024
2017,Gold Hill,Gold Hill,3,False,True,08_births_and_k_analysis_2024_2024-12-10.txt,2024-12-10,8/2/2024,2024
2017,Heatherwood,Heatherwood,56,False,True,08_births_and_k_analysis_2024_2024-12-10.txt,2024-12-10,8/2/2024,2024
2017,Jamestown,Jamestown,4,False,True,08_births_and_k_analysis_2024_2024-12-10.txt,2024-12-10,8/2/2024,2024
2017,Kohl,Kohl,51,False,True,08_births_and_k_analysis_2024_2024-12-10.txt,2024-12-10,8/2/2024,2024
2017,Lafayette,Lafayette,95,False,True,08_births_and_k_analysis_2024_2024-12-10.txt,2024-12-10,8/2/2024,2024
2017,Louisville,Louisville,51,False,True,08_births_and_k_analysis_2024_2024-12-10.txt,2024-12-10,8/2/2024,2024
2017,Meadowlark,Meadowlark,52,False,True,08_births_and_k_analysis_2024_2024-12-10.txt,2024-12-10,8/2/2024,2024
2017,Mesa,Mesa,22,False,True,08_births_and_k_analysis_2024_2024-12-10.txt,2024-12-10,8/2/2024,2024
2017,Monarch (K-5),Monarch,53,False,True,08_births_and_k_analysis_2024_2024-12-10.txt,2024-12-10,8/2/2024,2024
2017,Nederland,Nederland,53,False,True,08_births_and_k_analysis_2024_2024-12-10.txt,2024-12-10,8/2/2024,2024
2017,Ryan,Ryan,104,False,True,08_births_and_k_analysis_2024_2024-12-10.txt,2024-12-10,8/2/2024,2024
2017,Sanchez,Sanchez,105,False,True,08_births_and_k_analysis_2024_2024-12-10.txt,2024-12-10,8/2/2024,2024
2017,Superior,Superior,46,False,True,08_births_and_k_analysis_2024_2024-12-10.txt,2024-12-10,8/2/2024,2024
2017,Unlocated,Unlocated,0,False,True,08_births_and_k_analysis_2024_2024-12-10.txt,2024-12-10,8/2/2024,2024
2017,Whittier,Whittier,83,False,True,08_births_and_k_analysis_2024_2024-12-10.txt,2024-12-10,8/2/2024,2024
2017,BVSD,BVSD,1735,True,True,08_births_and_k_analysis_2024_2024-12-10.txt,2024-12-10,8/2/2024,2024
2017,Boulder Total,Boulder Total,758,True,True,08_births_and_k_analysis_2024_2024-12-10.txt,2024-12-10,8/2/2024,2024
2017,E County Total,E County Total,888,True,True,08_births_and_k_analysis_2024_2024-12-10.txt,2024-12-10,8/2/2024,2024
2018,Aspen Crk,Aspen Creek,66,False,True,08_births_and_k_analysis_2024_2024-12-10.txt,2024-12-10,8/2/2024,2024
2018,BC-Creekside,BC-Creekside,5,False,True,08_births_and_k_analysis_2024_2024-12-10.txt,2024-12-10,8/2/2024,2024
2018,BC-Mesa,BC-Mesa,15,False,True,08_births_and_k_analysis_2024_2024-12-10.txt,2024-12-10,8/2/2024,2024
2018,Bear Creek,Bear Creek,13,False,True,08_births_and_k_analysis_2024_2024-12-10.txt,2024-12-10,8/2/2024,2024
2018,Birch,Birch,41,False,True,08_births_and_k_analysis_2024_2024-12-10.txt,2024-12-10,8/2/2024,2024
2018,Coal Creek,Coal Creek,43,False,True,08_births_and_k_analysis_2024_2024-12-10.txt,2024-12-10,8/2/2024,2024
2018,Columbine,Columbine,101,False,True,08_births_and_k_analysis_2024_2024-12-10.txt,2024-12-10,8/2/2024,2024
2018,Creekside,Creekside,112,False,True,08_births_and_k_analysis_2024_2024-12-10.txt,2024-12-10,8/2/2024,2024
2018,Crest View,Crest View,91,False,True,08_births_and_k_analysis_2024_2024-12-10.txt,2024-12-10,8/2/2024,2024
2018,Douglass,Douglass,44,False,True,08_births_and_k_analysis_2024_2024-12-10.txt,2024-12-10,8/2/2024,2024
2018,Eisenhower,Eisenhower,56,False,True,08_births_and_k_analysis_2024_2024-12-10.txt,2024-12-10,8/2/2024,2024
2018,Eldorado (K-5),Eldorado,23,False,True,08_births_and_k_analysis_2024_2024-12-10.txt,2024-12-10,8/2/2024,2024
2018,Emerald,Emerald,96,False,True,08_births_and_k_analysis_2024_2024-12-10.txt,2024-12-10,8/2/2024,2024
2018,Fireside,Fireside,22,False,True,08_births_and_k_analysis_2024_2024-12-10.txt,2024-12-10,8/2/2024,2024
2018,Flatirons,Flatirons,42,False,True,08_births_and_k_analysis_2024_2024-12-10.txt,2024-12-10,8/2/2024,2024
2018,Foothill,Foothill,57,False,True,08_births_and_k_analysis_2024_2024-12-10.txt,2024-12-10,8/2/2024,2024
2018,Gold Hill,Gold Hill,2,False,True,08_births_and_k_analysis_2024_2024-12-10.txt,2024-12-10,8/2/2024,2024
2018,Heatherwood,Heatherwood,46,False,True,08_births_and_k_analysis_2024_2024-12-10.txt,2024-12-10,8/2/2024,2024
2018,Jamestown,Jamestown,2,False,True,08_births_and_k_analysis_2024_2024-12-10.txt,2024-12-10,8/2/2024,2024
2018,Kohl,Kohl,47,False,True,08_births_and_k_analysis_2024_2024-12-10.txt,2024-12-10,8/2/2024,2024
2018,Lafayette,Lafayette,116,False,True,08_births_and_k_analysis_2024_2024-12-10.txt,2024-12-10,8/2/2024,2024
2018,Louisville,Louisville,68,False,True,08_births_and_k_analysis_2024_2024-12-10.txt,2024-12-10,8/2/2024,2024
2018,Meadowlark,Meadowlark,44,False,True,08_births_and_k_analysis_2024_2024-12-10.txt,2024-12-10,8/2/2024,2024
2018,Mesa,Mesa,17,False,True,08_births_and_k_analysis_2024_2024-12-10.txt,2024-12-10,8/2/2024,2024
2018,Monarch (K-5),Monarch,58,False,True,08_births_and_k_analysis_2024_2024-12-10.txt,2024-12-10,8/2/2024,2024
2018,Nederland,Nederland,55,False,True,08_births_and_k_analysis_2024_2024-12-10.txt,2024-12-10,8/2/2024,2024
2018,Ryan,Ryan,114,False,True,08_births_and_k_analysis_2024_2024-12-10.txt,2024-12-10,8/2/2024,2024
2018,Sanchez,Sanchez,86,False,True,08_births_and_k_analysis_2024_2024-12-10.txt,2024-12-10,8/2/2024,2024
2018,Superior,Superior,38,False,True,08_births_and_k_analysis_2024_2024-12-10.txt,2024-12-10,8/2/2024,2024
2018,Unlocated,Unlocated,0,False,True,08_births_and_k_analysis_2024_2024-12-10.txt,2024-12-10,8/2/2024,2024
2018,Whittier,Whittier,84,False,True,08_births_and_k_analysis_2024_2024-12-10.txt,2024-12-10,8/2/2024,2024
2018,BVSD,BVSD,1604,True,True,08_births_and_k_analysis_2024_2024-12-10.txt,2024-12-10,8/2/2024,2024
2018,Boulder Total,Boulder Total,639,True,True,08_births_and_k_analysis_2024_2024-12-10.txt,2024-12-10,8/2/2024,2024
2018,E County Total,E County Total,883,True,True,08_births_and_k_analysis_2024_2024-12-10.txt,2024-12-10,8/2/2024,2024
2019,Aspen Crk,Aspen Creek,48,False,True,08_births_and_k_analysis_2024_2024-12-10.txt,2024-12-10,8/2/2024,2024
2019,BC-Creekside,BC-Creekside,3,False,True,08_births_and_k_analysis_2024_2024-12-10.txt,2024-12-10,8/2/2024,2024
2019,BC-Mesa,BC-Mesa,8,False,True,08_births_and_k_analysis_2024_2024-12-10.txt,2024-12-10,8/2/2024,2024
2019,Bear Creek,Bear Creek,10,False,True,08_births_and_k_analysis_2024_2024-12-10.txt,2024-12-10,8/2/2024,2024
2019,Birch,Birch,48,False,True,08_births_and_k_analysis_2024_2024-12-10.txt,2024-12-10,8/2/2024,2024
2019,Coal Creek,Coal Creek,38,False,True,08_births_and_k_analysis_2024_2024-12-10.txt,2024-12-10,8/2/2024,2024
2019,Columbine,Columbine,92,False,True,08_births_and_k_analysis_2024_2024-12-10.txt,2024-12-10,8/2/2024,2024
2019,Creekside,Creekside,95,False,True,08_births_and_k_analysis_2024_2024-12-10.txt,2024-12-10,8/2/2024,2024
2019,Crest View,Crest View,100,False,True,08_births_and_k_analysis_2024_2024-12-10.txt,2024-12-10,8/2/2024,2024
2019,Douglass,Douglass,35,False,True,08_births_and_k_analysis_2024_2024-12-10.txt,2024-12-10,8/2/2024,2024
2019,Eisenhower,Eisenhower,52,False,True,08_births_and_k_analysis_2024_2024-12-10.txt,2024-12-10,8/2/2024,2024
2019,Eldorado (K-5),Eldorado,37,False,True,08_births_and_k_analysis_2024_2024-12-10.txt,2024-12-10,8/2/2024,2024
2019,Emerald,Emerald,95,False,True,08_births_and_k_analysis_2024_2024-12-10.txt,2024-12-10,8/2/2024,2024
2019,Fireside,Fireside,34,False,True,08_births_and_k_analysis_2024_2024-12-10.txt,2024-12-10,8/2/2024,2024
2019,Flatirons,Flatirons,29,False,True,08_births_and_k_analysis_2024_2024-12-10.txt,2024-12-10,8/2/2024,2024
2019,Foothill,Foothill,64,False,True,08_births_and_k_analysis_2024_2024-12-10.txt,2024-12-10,8/2/2024,2024
2019,Gold Hill,Gold Hill,2,False,True,08_births_and_k_analysis_2024_2024-12-10.txt,2024-12-10,8/2/2024,2024
2019,Heatherwood,Heatherwood,50,False,True,08_births_and_k_analysis_2024_2024-12-10.txt,2024-12-10,8/2/2024,2024
2019,Jamestown,Jamestown,2,False,True,08_births_and_k_analysis_2024_2024-12-10.txt,2024-12-10,8/2/2024,2024
2019,Kohl,Kohl,56,False,True,08_births_and_k_analysis_2024_2024-12-10.txt,2024-12-10,8/2/2024,2024
2019,Lafayette,Lafayette,109,False,True,08_births_and_k_analysis_2024_2024-12-10.txt,2024-12-10,8/2/2024,2024
2019,Louisville,Louisville,57,False,True,08_births_and_k_analysis_2024_2024-12-10.txt,2024-12-10,8/2/2024,2024
2019,Meadowlark,Meadowlark,61,False,True,08_births_and_k_analysis_2024_2024-12-10.txt,2024-12-10,8/2/2024,2024
2019,Mesa,Mesa,12,False,True,08_births_and_k_analysis_2024_2024-12-10.txt,2024-12-10,8/2/2024,2024
2019,Monarch (K-5),Monarch,62,False,True,08_births_and_k_analysis_2024_2024-12-10.txt,2024-12-10,8/2/2024,2024
2019,Nederland,Nederland,47,False,True,08_births_and_k_analysis_2024_2024-12-10.txt,2024-12-10,8/2/2024,2024
2019,Ryan,Ryan,124,False,True,08_births_and_k_analysis_2024_2024-12-10.txt,2024-12-10,8/2/2024,2024
2019,Sanchez,Sanchez,85,False,True,08_births_and_k_analysis_2024_2024-12-10.txt,2024-12-10,8/2/2024,2024
2019,Superior,Superior,38,False,True,08_births_and_k_analysis_2024_2024-12-10.txt,2024-12-10,8/2/2024,2024
2019,Unlocated,Unlocated,0,False,True,08_births_and_k_analysis_2024_2024-12-10.txt,2024-12-10,8/2/2024,2024
2019,Whittier,Whittier,90,False,True,08_births_and_k_analysis_2024_2024-12-10.txt,2024-12-10,8/2/2024,2024
2019,BVSD,BVSD,1583,True,True,08_births_and_k_analysis_2024_2024-12-10.txt,2024-12-10,8/2/2024,2024
2019,Boulder Total,Boulder Total,605,True,True,08_births_and_k_analysis_2024_2024-12-10.txt,2024-12-10,8/2/2024,2024
2019,E County Total,E County Total,890,True,True,08_births_and_k_analysis_2024_2024-12-10.txt,2024-12-10,8/2/2024,2024
2020,Aspen Crk,Aspen Creek,65,False,True,08_births_and_k_analysis_2024_2024-12-10.txt,2024-12-10,8/2/2024,2024
2020,BC-Creekside,BC-Creekside,6,False,True,08_births_and_k_analysis_2024_2024-12-10.txt,2024-12-10,8/2/2024,2024
2020,BC-Mesa,BC-Mesa,11,False,True,08_births_and_k_analysis_2024_2024-12-10.txt,2024-12-10,8/2/2024,2024
2020,Bear Creek,Bear Creek,10,False,True,08_births_and_k_analysis_2024_2024-12-10.txt,2024-12-10,8/2/2024,2024
2020,Birch,Birch,33,False,True,08_births_and_k_analysis_2024_2024-12-10.txt,2024-12-10,8/2/2024,2024
2020,Coal Creek,Coal Creek,37,False,True,08_births_and_k_analysis_2024_2024-12-10.txt,2024-12-10,8/2/2024,2024
2020,Columbine,Columbine,108,False,True,08_births_and_k_analysis_2024_2024-12-10.txt,2024-12-10,8/2/2024,2024
2020,Creekside,Creekside,87,False,True,08_births_and_k_analysis_2024_2024-12-10.txt,2024-12-10,8/2/2024,2024
2020,Crest View,Crest View,122,False,True,08_births_and_k_analysis_2024_2024-12-10.txt,2024-12-10,8/2/2024,2024
2020,Douglass,Douglass,39,False,True,08_births_and_k_analysis_2024_2024-12-10.txt,2024-12-10,8/2/2024,2024
2020,Eisenhower,Eisenhower,54,False,True,08_births_and_k_analysis_2024_2024-12-10.txt,2024-12-10,8/2/2024,2024
2020,Eldorado (K-5),Eldorado,28,False,True,08_births_and_k_analysis_2024_2024-12-10.txt,2024-12-10,8/2/2024,2024
2020,Emerald,Emerald,85,False,True,08_births_and_k_analysis_2024_2024-12-10.txt,2024-12-10,8/2/2024,2024
2020,Fireside,Fireside,38,False,True,08_births_and_k_analysis_2024_2024-12-10.txt,2024-12-10,8/2/2024,2024
2020,Flatirons,Flatirons,38,False,True,08_births_and_k_analysis_2024_2024-12-10.txt,2024-12-10,8/2/2024,2024
2020,Foothill,Foothill,77,False,True,08_births_and_k_analysis_2024_2024-12-10.txt,2024-12-10,8/2/2024,2024
2020,Gold Hill,Gold Hill,4,False,True,08_births_and_k_analysis_2024_2024-12-10.txt,2024-12-10,8/2/2024,2024
2020,Heatherwood,Heatherwood,52,False,True,08_births_and_k_analysis_2024_2024-12-10.txt,2024-12-10,8/2/2024,2024
2020,Jamestown,Jamestown,3,False,True,08_births_and_k_analysis_2024_2024-12-10.txt,2024-12-10,8/2/2024,2024
2020,Kohl,Kohl,53,False,True,08_births_and_k_analysis_2024_2024-12-10.txt,2024-12-10,8/2/2024,2024
2020,Lafayette,Lafayette,100,False,True,08_births_and_k_analysis_2024_2024-12-10.txt,2024-12-10,8/2/2024,2024
2020,Louisville,Louisville,64,False,True,08_births_and_k_analysis_2024_2024-12-10.txt,2024-12-10,8/2/2024,2024
2020,Meadowlark,Meadowlark,47,False,True,08_births_and_k_analysis_2024_2024-12-10.txt,2024-12-10,8/2/2024,2024
2020,Mesa,Mesa,18,False,True,08_births_and_k_analysis_2024_2024-12-10.txt,2024-12-10,8/2/2024,2024
2020,Monarch (K-5),Monarch,70,False,True,08_births_and_k_analysis_2024_2024-12-10.txt,2024-12-10,8/2/2024,2024
2020,Nederland,Nederland,64,False,True,08_births_and_k_analysis_2024_2024-12-10.txt,2024-12-10,8/2/2024,2024
2020,Ryan,Ryan,115,False,True,08_births_and_k_analysis_2024_2024-12-10.txt,2024-12-10,8/2/2024,2024
2020,Sanchez,Sanchez,75,False,True,08_births_and_k_analysis_2024_2024-12-10.txt,2024-12-10,8/2/2024,2024
2020,Superior,Superior,36,False,True,08_births_and_k_analysis_2024_2024-12-10.txt,2024-12-10,8/2/2024,2024
2020,Unlocated,Unlocated,0,False,True,08_births_and_k_analysis_2024_2024-12-10.txt,2024-12-10,8/2/2024,2024
2020,Whittier,Whittier,47,False,True,08_births_and_k_analysis_2024_2024-12-10.txt,2024-12-10,8/2/2024,2024
2020,BVSD,BVSD,1586,True,True,08_births_and_k_analysis_2024_2024-12-10.txt,2024-12-10,8/2/2024,2024
2020,Boulder Total,Boulder Total,630,True,True,08_births_and_k_analysis_2024_2024-12-10.txt,2024-12-10,8/2/2024,2024
2020,E County Total,E County Total,857,True,True,08_births_and_k_analysis_2024_2024-12-10.txt,2024-12-10,8/2/2024,2024
2021,Aspen Crk,Aspen Creek,57,False,True,08_births_and_k_analysis_2024_2024-12-10.txt,2024-12-10,8/2/2024,2024
2021,BC-Creekside,BC-Creekside,2,False,True,08_births_and_k_analysis_2024_2024-12-10.txt,2024-12-10,8/2/2024,2024
2021,BC-Mesa,BC-Mesa,18,False,True,08_births_and_k_analysis_2024_2024-12-10.txt,2024-12-10,8/2/2024,2024
2021,Bear Creek,Bear Creek,10,False,True,08_births_and_k_analysis_2024_2024-12-10.txt,2024-12-10,8/2/2024,2024
2021,Birch,Birch,34,False,True,08_births_and_k_analysis_2024_2024-12-10.txt,2024-12-10,8/2/2024,2024
2021,Coal Creek,Coal Creek,53,False,True,08_births_and_k_analysis_2024_2024-12-10.txt,2024-12-10,8/2/2024,2024
2021,Columbine,Columbine,105,False,True,08_births_and_k_analysis_2024_2024-12-10.txt,2024-12-10,8/2/2024,2024
2021,Creekside,Creekside,84,False,True,08_births_and_k_analysis_2024_2024-12-10.txt,2024-12-10,8/2/2024,2024
2021,Crest View,Crest View,111,False,True,08_births_and_k_analysis_2024_2024-12-10.txt,2024-12-10,8/2/2024,2024
2021,Douglass,Douglass,33,False,True,08_births_and_k_analysis_2024_2024-12-10.txt,2024-12-10,8/2/2024,2024
2021,Eisenhower,Eisenhower,71,False,True,08_births_and_k_analysis_2024_2024-12-10.txt,2024-12-10,8/2/2024,2024
2021,Eldorado (K-5),Eldorado,49,False,True,08_births_and_k_analysis_2024_2024-12-10.txt,2024-12-10,8/2/2024,2024
2021,Emerald,Emerald,81,False,True,08_births_and_k_analysis_2024_2024-12-10.txt,2024-12-10,8/2/2024,2024
2021,Fireside,Fireside,33,False,True,08_births_and_k_analysis_2024_2024-12-10.txt,2024-12-10,8/2/2024,2024
2021,Flatirons,Flatirons,33,False,True,08_births_and_k_analysis_2024_2024-12-10.txt,2024-12-10,8/2/2024,2024
2021,Foothill,Foothill,73,False,True,08_births_and_k_analysis_2024_2024-12-10.txt,2024-12-10,8/2/2024,2024
2021,Gold Hill,Gold Hill,4,False,True,08_births_and_k_analysis_2024_2024-12-10.txt,2024-12-10,8/2/2024,2024
2021,Heatherwood,Heatherwood,42,False,True,08_births_and_k_analysis_2024_2024-12-10.txt,2024-12-10,8/2/2024,2024
2021,Jamestown,Jamestown,5,False,True,08_births_and_k_analysis_2024_2024-12-10.txt,2024-12-10,8/2/2024,2024
2021,Kohl,Kohl,41,False,True,08_births_and_k_analysis_2024_2024-12-10.txt,2024-12-10,8/2/2024,2024
2021,Lafayette,Lafayette,93,False,True,08_births_and_k_analysis_2024_2024-12-10.txt,2024-12-10,8/2/2024,2024
2021,Louisville,Louisville,67,False,True,08_births_and_k_analysis_2024_2024-12-10.txt,2024-12-10,8/2/2024,2024
2021,Meadowlark,Meadowlark,66,False,True,08_births_and_k_analysis_2024_2024-12-10.txt,2024-12-10,8/2/2024,2024
2021,Mesa,Mesa,16,False,True,08_births_and_k_analysis_2024_2024-12-10.txt,2024-12-10,8/2/2024,2024
2021,Monarch (K-5),Monarch,67,False,True,08_births_and_k_analysis_2024_2024-12-10.txt,2024-12-10,8/2/2024,2024
2021,Nederland,Nederland,58,False,True,08_births_and_k_analysis_2024_2024-12-10.txt,2024-12-10,8/2/2024,2024
2021,Ryan,Ryan,111,False,True,08_births_and_k_analysis_2024_2024-12-10.txt,2024-12-10,8/2/2024,2024
2021,Sanchez,Sanchez,107,False,True,08_births_and_k_analysis_2024_2024-12-10.txt,2024-12-10,8/2/2024,2024
2021,Superior,Superior,38,False,True,08_births_and_k_analysis_2024_2024-12-10.txt,2024-12-10,8/2/2024,2024
2021,Unlocated,Unlocated,0,False,True,08_births_and_k_analysis_2024_2024-12-10.txt,2024-12-10,8/2/2024,2024
2021,Whittier,Whittier,83,False,True,08_births_and_k_analysis_2024_2024-12-10.txt,2024-12-10,8/2/2024,2024
2021,BVSD,BVSD,1645,True,True,08_births_and_k_analysis_2024_2024-12-10.txt,2024-12-10,8/2/2024,2024
2021,Boulder Total,Boulder Total,646,True,True,08_births_and_k_analysis_2024_2024-12-10.txt,2024-12-10,8/2/2024,2024
2021,E County Total,E County Total,881,True,True,08_births_and_k_analysis_2024_2024-12-10.txt,2024-12-10,8/2/2024,2024
2022,Aspen Crk,Aspen Creek,56,False,True,08_births_and_k_analysis_2024_2024-12-10.txt,2024-12-10,8/2/2024,2024
2022,BC-Creekside,BC-Creekside,2,False,True,08_births_and_k_analysis_2024_2024-12-10.txt,2024-12-10,8/2/2024,2024
2022,BC-Mesa,BC-Mesa,22,False,True,08_births_and_k_analysis_2024_2024-12-10.txt,2024-12-10,8/2/2024,2024
2022,Bear Creek,Bear Creek,13,False,True,08_births_and_k_analysis_2024_2024-12-10.txt,2024-12-10,8/2/2024,2024
2022,Birch,Birch,38,False,True,08_births_and_k_analysis_2024_2024-12-10.txt,2024-12-10,8/2/2024,2024
2022,Coal Creek,Coal Creek,52,False,True,08_births_and_k_analysis_2024_2024-12-10.txt,2024-12-10,8/2/2024,2024
2022,Columbine,Columbine,85,False,True,08_births_and_k_analysis_2024_2024-12-10.txt,2024-12-10,8/2/2024,2024
2022,Creekside,Creekside,70,False,True,08_births_and_k_analysis_2024_2024-12-10.txt,2024-12-10,8/2/2024,2024
2022,Crest View,Crest View,124,False,True,08_births_and_k_analysis_2024_2024-12-10.txt,2024-12-10,8/2/2024,2024
2022,Douglass,Douglass,42,False,True,08_births_and_k_analysis_2024_2024-12-10.txt,2024-12-10,8/2/2024,2024
2022,Eisenhower,Eisenhower,54,False,True,08_births_and_k_analysis_2024_2024-12-10.txt,2024-12-10,8/2/2024,2024
2022,Eldorado (K-5),Eldorado,32,False,True,08_births_and_k_analysis_2024_2024-12-10.txt,2024-12-10,8/2/2024,2024
2022,Emerald,Emerald,99,False,True,08_births_and_k_analysis_2024_2024-12-10.txt,2024-12-10,8/2/2024,2024
2022,Fireside,Fireside,20,False,True,08_births_and_k_analysis_2024_2024-12-10.txt,2024-12-10,8/2/2024,2024
2022,Flatirons,Flatirons,44,False,True,08_births_and_k_analysis_2024_2024-12-10.txt,2024-12-10,8/2/2024,2024
2022,Foothill,Foothill,53,False,True,08_births_and_k_analysis_2024_2024-12-10.txt,2024-12-10,8/2/2024,2024
2022,Gold Hill,Gold Hill,2,False,True,08_births_and_k_analysis_2024_2024-12-10.txt,2024-12-10,8/2/2024,2024
2022,Heatherwood,Heatherwood,44,False,True,08_births_and_k_analysis_2024_2024-12-10.txt,2024-12-10,8/2/2024,2024
2022,Jamestown,Jamestown,1,False,True,08_births_and_k_analysis_2024_2024-12-10.txt,2024-12-10,8/2/2024,2024
2022,Kohl,Kohl,53,False,True,08_births_and_k_analysis_2024_2024-12-10.txt,2024-12-10,8/2/2024,2024
2022,Lafayette,Lafayette,77,False,True,08_births_and_k_analysis_2024_2024-12-10.txt,2024-12-10,8/2/2024,2024
2022,Louisville,Louisville,58,False,True,08_births_and_k_analysis_2024_2024-12-10.txt,2024-12-10,8/2/2024,2024
2022,Meadowlark,Meadowlark,92,False,True,08_births_and_k_analysis_2024_2024-12-10.txt,2024-12-10,8/2/2024,2024
2022,Mesa,Mesa,20,False,True,08_births_and_k_analysis_2024_2024-12-10.txt,2024-12-10,8/2/2024,2024
2022,Monarch (K-5),Monarch,49,False,True,08_births_and_k_analysis_2024_2024-12-10.txt,2024-12-10,8/2/2024,2024
2022,Nederland,Nederland,53,False,True,08_births_and_k_analysis_2024_2024-12-10.txt,2024-12-10,8/2/2024,2024
2022,Ryan,Ryan,137,False,True,08_births_and_k_analysis_2024_2024-12-10.txt,2024-12-10,8/2/2024,2024
2022,Sanchez,Sanchez,82,False,True,08_births_and_k_analysis_2024_2024-12-10.txt,2024-12-10,8/2/2024,2024
2022,Superior,Superior,38,False,True,08_births_and_k_analysis_2024_2024-12-10.txt,2024-12-10,8/2/2024,2024
2022,Unlocated,Unlocated,0,False,True,08_births_and_k_analysis_2024_2024-12-10.txt,2024-12-10,8/2/2024,2024
2022,Whittier,Whittier,63,False,True,08_births_and_k_analysis_2024_2024-12-10.txt,2024-12-10,8/2/2024,2024
2022,BVSD,BVSD,1575,True,True,08_births_and_k_analysis_2024_2024-12-10.txt,2024-12-10,8/2/2024,2024
2022,Boulder Total,Boulder Total,592,True,True,08_births_and_k_analysis_2024_2024-12-10.txt,2024-12-10,8/2/2024,2024
2022,E County Total,E County Total,893,True,True,08_births_and_k_analysis_2024_2024-12-10.txt,2024-12-10,8/2/2024,2024
2023,Aspen Crk,Aspen Creek,66,False,True,08_births_and_k_analysis_2024_2024-12-10.txt,2024-12-10,8/2/2024,2024
2023,BC-Creekside,BC-Creekside,7,False,True,08_births_and_k_analysis_2024_2024-12-10.txt,2024-12-10,8/2/2024,2024
2023,BC-Mesa,BC-Mesa,11,False,True,08_births_and_k_analysis_2024_2024-12-10.txt,2024-12-10,8/2/2024,2024
2023,Bear Creek,Bear Creek,15,False,True,08_births_and_k_analysis_2024_2024-12-10.txt,2024-12-10,8/2/2024,2024
2023,Birch,Birch,37,False,True,08_births_and_k_analysis_2024_2024-12-10.txt,2024-12-10,8/2/2024,2024
2023,Coal Creek,Coal Creek,20,False,True,08_births_and_k_analysis_2024_2024-12-10.txt,2024-12-10,8/2/2024,2024
2023,Columbine,Columbine,98,False,True,08_births_and_k_analysis_2024_2024-12-10.txt,2024-12-10,8/2/2024,2024
2023,Creekside,Creekside,85,False,True,08_births_and_k_analysis_2024_2024-12-10.txt,2024-12-10,8/2/2024,2024
2023,Crest View,Crest View,98,False,True,08_births_and_k_analysis_2024_2024-12-10.txt,2024-12-10,8/2/2024,2024
2023,Douglass,Douglass,44,False,True,08_births_and_k_analysis_2024_2024-12-10.txt,2024-12-10,8/2/2024,2024
2023,Eisenhower,Eisenhower,61,False,True,08_births_and_k_analysis_2024_2024-12-10.txt,2024-12-10,8/2/2024,2024
2023,Eldorado (K-5),Eldorado,27,False,True,08_births_and_k_analysis_2024_2024-12-10.txt,2024-12-10,8/2/2024,2024
2023,Emerald,Emerald,88,False,True,08_births_and_k_analysis_2024_2024-12-10.txt,2024-12-10,8/2/2024,2024
2023,Fireside,Fireside,32,False,True,08_births_and_k_analysis_2024_2024-12-10.txt,2024-12-10,8/2/2024,2024
2023,Flatirons,Flatirons,34,False,True,08_births_and_k_analysis_2024_2024-12-10.txt,2024-12-10,8/2/2024,2024
2023,Foothill,Foothill,62,False,True,08_births_and_k_analysis_2024_2024-12-10.txt,2024-12-10,8/2/2024,2024
2023,Gold Hill,Gold Hill,4,False,True,08_births_and_k_analysis_2024_2024-12-10.txt,2024-12-10,8/2/2024,2024
2023,Heatherwood,Heatherwood,42,False,True,08_births_and_k_analysis_2024_2024-12-10.txt,2024-12-10,8/2/2024,2024
2023,Jamestown,Jamestown,1,False,True,08_births_and_k_analysis_2024_2024-12-10.txt,2024-12-10,8/2/2024,2024
2023,Kohl,Kohl,51,False,True,08_births_and_k_analysis_2024_2024-12-10.txt,2024-12-10,8/2/2024,2024
2023,Lafayette,Lafayette,59,False,True,08_births_and_k_analysis_2024_2024-12-10.txt,2024-12-10,8/2/2024,2024
2023,Louisville,Louisville,57,False,True,08_births_and_k_analysis_2024_2024-12-10.txt,2024-12-10,8/2/2024,2024
2023,Meadowlark,Meadowlark,75,False,True,08_births_and_k_analysis_2024_2024-12-10.txt,2024-12-10,8/2/2024,2024
2023,Mesa,Mesa,21,False,True,08_births_and_k_analysis_2024_2024-12-10.txt,2024-12-10,8/2/2024,2024
2023,Monarch (K-5),Monarch,61,False,True,08_births_and_k_analysis_2024_2024-12-10.txt,2024-12-10,8/2/2024,2024
2023,Nederland,Nederland,47,False,True,08_births_and_k_analysis_2024_2024-12-10.txt,2024-12-10,8/2/2024,2024
2023,Ryan,Ryan,122,False,True,08_births_and_k_analysis_2024_2024-12-10.txt,2024-12-10,8/2/2024,2024
2023,Sanchez,Sanchez,107,False,True,08_births_and_k_analysis_2024_2024-12-10.txt,2024-12-10,8/2/2024,2024
2023,Superior,Superior,33,False,True,08_births_and_k_analysis_2024_2024-12-10.txt,2024-12-10,8/2/2024,2024
2023,Unlocated,Unlocated,0,False,True,08_births_and_k_analysis_2024_2024-12-10.txt,2024-12-10,8/2/2024,2024
2023,Whittier,Whittier,59,False,True,08_births_and_k_analysis_2024_2024-12-10.txt,2024-12-10,8/2/2024,2024
2023,BVSD,BVSD,1524,True,True,08_births_and_k_analysis_2024_2024-12-10.txt,2024-12-10,8/2/2024,2024
2023,Boulder Total,Boulder Total,586,True,True,08_births_and_k_analysis_2024_2024-12-10.txt,2024-12-10,8/2/2024,2024
2023,E County Total,E County Total,852,True,True,08_births_and_k_analysis_2024_2024-12-10.txt,2024-12-10,8/2/2024,2024
2007,Aspen Crk,Aspen Creek,52,False,True,08_births_2025_2025-12-09.txt,2025-12-09,6/3/2025,2025
2007,BC-Creekside,BC-Creekside,5,False,True,08_births_2025_2025-12-09.txt,2025-12-09,6/3/2025,2025
2007,BC-Mesa,BC-Mesa,22,False,True,08_births_2025_2025-12-09.txt,2025-12-09,6/3/2025,2025
2007,Bear Creek,Bear Creek,23,False,True,08_births_2025_2025-12-09.txt,2025-12-09,6/3/2025,2025
2007,Birch,Birch,52,False,True,08_births_2025_2025-12-09.txt,2025-12-09,6/3/2025,2025
2007,Coal Creek,Coal Creek,55,False,True,08_births_2025_2025-12-09.txt,2025-12-09,6/3/2025,2025
2007,Columbine,Columbine,157,False,True,08_births_2025_2025-12-09.txt,2025-12-09,6/3/2025,2025
2007,Creekside,Creekside,156,False,True,08_births_2025_2025-12-09.txt,2025-12-09,6/3/2025,2025
2007,Crest View,Crest View,144,False,True,08_births_2025_2025-12-09.txt,2025-12-09,6/3/2025,2025
2007,Douglass,Douglass,54,False,True,08_births_2025_2025-12-09.txt,2025-12-09,6/3/2025,2025
2007,Eisenhower,Eisenhower,100,False,True,08_births_2025_2025-12-09.txt,2025-12-09,6/3/2025,2025
2007,Eldorado (K-5),Eldorado,65,False,True,08_births_2025_2025-12-09.txt,2025-12-09,6/3/2025,2025
2007,Emerald,Emerald,89,False,True,08_births_2025_2025-12-09.txt,2025-12-09,6/3/2025,2025
2007,Fireside,Fireside,47,False,True,08_births_2025_2025-12-09.txt,2025-12-09,6/3/2025,2025
2007,Flatirons,Flatirons,56,False,True,08_births_2025_2025-12-09.txt,2025-12-09,6/3/2025,2025
2007,Foothill,Foothill,84,False,True,08_births_2025_2025-12-09.txt,2025-12-09,6/3/2025,2025
2007,Gold Hill,Gold Hill,1,False,True,08_births_2025_2025-12-09.txt,2025-12-09,6/3/2025,2025
2007,Heatherwood,Heatherwood,69,False,True,08_births_2025_2025-12-09.txt,2025-12-09,6/3/2025,2025
2007,Jamestown,Jamestown,2,False,True,08_births_2025_2025-12-09.txt,2025-12-09,6/3/2025,2025
2007,Kohl,Kohl,45,False,True,08_births_2025_2025-12-09.txt,2025-12-09,6/3/2025,2025
2007,Lafayette,Lafayette,113,False,True,08_births_2025_2025-12-09.txt,2025-12-09,6/3/2025,2025
2007,Louisville,Louisville,90,False,True,08_births_2025_2025-12-09.txt,2025-12-09,6/3/2025,2025
2007,Meadowlark,Meadowlark,34,False,True,08_births_2025_2025-12-09.txt,2025-12-09,6/3/2025,2025
2007,Mesa,Mesa,31,False,True,08_births_2025_2025-12-09.txt,2025-12-09,6/3/2025,2025
2007,Monarch (K-5),Monarch,57,False,True,08_births_2025_2025-12-09.txt,2025-12-09,6/3/2025,2025
2007,Nederland,Nederland,65,False,True,08_births_2025_2025-12-09.txt,2025-12-09,6/3/2025,2025
2007,Ryan,Ryan,124,False,True,08_births_2025_2025-12-09.txt,2025-12-09,6/3/2025,2025
2007,Sanchez,Sanchez,96,False,True,08_births_2025_2025-12-09.txt,2025-12-09,6/3/2025,2025
2007,Superior,Superior,55,False,True,08_births_2025_2025-12-09.txt,2025-12-09,6/3/2025,2025
2007,Unlocated,Unlocated,0,False,True,08_births_2025_2025-12-09.txt,2025-12-09,6/3/2025,2025
2007,Whittier,Whittier,115,False,True,08_births_2025_2025-12-09.txt,2025-12-09,6/3/2025,2025
2007,BVSD,BVSD,2058,True,True,08_births_2025_2025-12-09.txt,2025-12-09,6/3/2025,2025
2007,Boulder Total,Boulder Total,962,True,True,08_births_2025_2025-12-09.txt,2025-12-09,6/3/2025,2025
2007,E County Total,E County Total,963,True,True,08_births_2025_2025-12-09.txt,2025-12-09,6/3/2025,2025
2008,Aspen Crk,Aspen Creek,56,False,True,08_births_2025_2025-12-09.txt,2025-12-09,6/3/2025,2025
2008,BC-Creekside,BC-Creekside,6,False,True,08_births_2025_2025-12-09.txt,2025-12-09,6/3/2025,2025
2008,BC-Mesa,BC-Mesa,27,False,True,08_births_2025_2025-12-09.txt,2025-12-09,6/3/2025,2025
2008,Bear Creek,Bear Creek,18,False,True,08_births_2025_2025-12-09.txt,2025-12-09,6/3/2025,2025
2008,Birch,Birch,60,False,True,08_births_2025_2025-12-09.txt,2025-12-09,6/3/2025,2025
2008,Coal Creek,Coal Creek,54,False,True,08_births_2025_2025-12-09.txt,2025-12-09,6/3/2025,2025
2008,Columbine,Columbine,155,False,True,08_births_2025_2025-12-09.txt,2025-12-09,6/3/2025,2025
2008,Creekside,Creekside,176,False,True,08_births_2025_2025-12-09.txt,2025-12-09,6/3/2025,2025
2008,Crest View,Crest View,114,False,True,08_births_2025_2025-12-09.txt,2025-12-09,6/3/2025,2025
2008,Douglass,Douglass,57,False,True,08_births_2025_2025-12-09.txt,2025-12-09,6/3/2025,2025
2008,Eisenhower,Eisenhower,82,False,True,08_births_2025_2025-12-09.txt,2025-12-09,6/3/2025,2025
2008,Eldorado (K-5),Eldorado,61,False,True,08_births_2025_2025-12-09.txt,2025-12-09,6/3/2025,2025
2008,Emerald,Emerald,95,False,True,08_births_2025_2025-12-09.txt,2025-12-09,6/3/2025,2025
2008,Fireside,Fireside,53,False,True,08_births_2025_2025-12-09.txt,2025-12-09,6/3/2025,2025
2008,Flatirons,Flatirons,53,False,True,08_births_2025_2025-12-09.txt,2025-12-09,6/3/2025,2025
2008,Foothill,Foothill,119,False,True,08_births_2025_2025-12-09.txt,2025-12-09,6/3/2025,2025
2008,Gold Hill,Gold Hill,1,False,True,08_births_2025_2025-12-09.txt,2025-12-09,6/3/2025,2025
2008,Heatherwood,Heatherwood,54,False,True,08_births_2025_2025-12-09.txt,2025-12-09,6/3/2025,2025
2008,Jamestown,Jamestown,5,False,True,08_births_2025_2025-12-09.txt,2025-12-09,6/3/2025,2025
2008,Kohl,Kohl,57,False,True,08_births_2025_2025-12-09.txt,2025-12-09,6/3/2025,2025
2008,Lafayette,Lafayette,113,False,True,08_births_2025_2025-12-09.txt,2025-12-09,6/3/2025,2025
2008,Louisville,Louisville,77,False,True,08_births_2025_2025-12-09.txt,2025-12-09,6/3/2025,2025
2008,Meadowlark,Meadowlark,39,False,True,08_births_2025_2025-12-09.txt,2025-12-09,6/3/2025,2025
2008,Mesa,Mesa,25,False,True,08_births_2025_2025-12-09.txt,2025-12-09,6/3/2025,2025
2008,Monarch (K-5),Monarch,45,False,True,08_births_2025_2025-12-09.txt,2025-12-09,6/3/2025,2025
2008,Nederland,Nederland,63,False,True,08_births_2025_2025-12-09.txt,2025-12-09,6/3/2025,2025
2008,Ryan,Ryan,114,False,True,08_births_2025_2025-12-09.txt,2025-12-09,6/3/2025,2025
2008,Sanchez,Sanchez,89,False,True,08_births_2025_2025-12-09.txt,2025-12-09,6/3/2025,2025
2008,Superior,Superior,58,False,True,08_births_2025_2025-12-09.txt,2025-12-09,6/3/2025,2025
2008,Unlocated,Unlocated,0,False,True,08_births_2025_2025-12-09.txt,2025-12-09,6/3/2025,2025
2008,Whittier,Whittier,110,False,True,08_births_2025_2025-12-09.txt,2025-12-09,6/3/2025,2025
2008,BVSD,BVSD,2036,True,True,08_births_2025_2025-12-09.txt,2025-12-09,6/3/2025,2025
2008,Boulder Total,Boulder Total,939,True,True,08_births_2025_2025-12-09.txt,2025-12-09,6/3/2025,2025
2008,E County Total,E County Total,967,True,True,08_births_2025_2025-12-09.txt,2025-12-09,6/3/2025,2025
2009,Aspen Crk,Aspen Creek,65,False,True,08_births_2025_2025-12-09.txt,2025-12-09,6/3/2025,2025
2009,BC-Creekside,BC-Creekside,2,False,True,08_births_2025_2025-12-09.txt,2025-12-09,6/3/2025,2025
2009,BC-Mesa,BC-Mesa,25,False,True,08_births_2025_2025-12-09.txt,2025-12-09,6/3/2025,2025
2009,Bear Creek,Bear Creek,25,False,True,08_births_2025_2025-12-09.txt,2025-12-09,6/3/2025,2025
2009,Birch,Birch,46,False,True,08_births_2025_2025-12-09.txt,2025-12-09,6/3/2025,2025
2009,Coal Creek,Coal Creek,68,False,True,08_births_2025_2025-12-09.txt,2025-12-09,6/3/2025,2025
2009,Columbine,Columbine,153,False,True,08_births_2025_2025-12-09.txt,2025-12-09,6/3/2025,2025
2009,Creekside,Creekside,159,False,True,08_births_2025_2025-12-09.txt,2025-12-09,6/3/2025,2025
2009,Crest View,Crest View,165,False,True,08_births_2025_2025-12-09.txt,2025-12-09,6/3/2025,2025
2009,Douglass,Douglass,47,False,True,08_births_2025_2025-12-09.txt,2025-12-09,6/3/2025,2025
2009,Eisenhower,Eisenhower,75,False,True,08_births_2025_2025-12-09.txt,2025-12-09,6/3/2025,2025
2009,Eldorado (K-5),Eldorado,58,False,True,08_births_2025_2025-12-09.txt,2025-12-09,6/3/2025,2025
2009,Emerald,Emerald,77,False,True,08_births_2025_2025-12-09.txt,2025-12-09,6/3/2025,2025
2009,Fireside,Fireside,39,False,True,08_births_2025_2025-12-09.txt,2025-12-09,6/3/2025,2025
2009,Flatirons,Flatirons,47,False,True,08_births_2025_2025-12-09.txt,2025-12-09,6/3/2025,2025
2009,Foothill,Foothill,92,False,True,08_births_2025_2025-12-09.txt,2025-12-09,6/3/2025,2025
2009,Gold Hill,Gold Hill,0,False,True,08_births_2025_2025-12-09.txt,2025-12-09,6/3/2025,2025
2009,Heatherwood,Heatherwood,77,False,True,08_births_2025_2025-12-09.txt,2025-12-09,6/3/2025,2025
2009,Jamestown,Jamestown,4,False,True,08_births_2025_2025-12-09.txt,2025-12-09,6/3/2025,2025
2009,Kohl,Kohl,48,False,True,08_births_2025_2025-12-09.txt,2025-12-09,6/3/2025,2025
2009,Lafayette,Lafayette,102,False,True,08_births_2025_2025-12-09.txt,2025-12-09,6/3/2025,2025
2009,Louisville,Louisville,72,False,True,08_births_2025_2025-12-09.txt,2025-12-09,6/3/2025,2025
2009,Meadowlark,Meadowlark,40,False,True,08_births_2025_2025-12-09.txt,2025-12-09,6/3/2025,2025
2009,Mesa,Mesa,31,False,True,08_births_2025_2025-12-09.txt,2025-12-09,6/3/2025,2025
2009,Monarch (K-5),Monarch,55,False,True,08_births_2025_2025-12-09.txt,2025-12-09,6/3/2025,2025
2009,Nederland,Nederland,63,False,True,08_births_2025_2025-12-09.txt,2025-12-09,6/3/2025,2025
2009,Ryan,Ryan,121,False,True,08_births_2025_2025-12-09.txt,2025-12-09,6/3/2025,2025
2009,Sanchez,Sanchez,92,False,True,08_births_2025_2025-12-09.txt,2025-12-09,6/3/2025,2025
2009,Superior,Superior,48,False,True,08_births_2025_2025-12-09.txt,2025-12-09,6/3/2025,2025
2009,Unlocated,Unlocated,1,False,True,08_births_2025_2025-12-09.txt,2025-12-09,6/3/2025,2025
2009,Whittier,Whittier,115,False,True,08_births_2025_2025-12-09.txt,2025-12-09,6/3/2025,2025
2009,BVSD,BVSD,2012,True,True,08_births_2025_2025-12-09.txt,2025-12-09,6/3/2025,2025
2009,Boulder Total,Boulder Total,966,True,True,08_births_2025_2025-12-09.txt,2025-12-09,6/3/2025,2025
2009,E County Total,E County Total,920,True,True,08_births_2025_2025-12-09.txt,2025-12-09,6/3/2025,2025
2010,Aspen Crk,Aspen Creek,56,False,True,08_births_2025_2025-12-09.txt,2025-12-09,6/3/2025,2025
2010,BC-Creekside,BC-Creekside,2,False,True,08_births_2025_2025-12-09.txt,2025-12-09,6/3/2025,2025
2010,BC-Mesa,BC-Mesa,31,False,True,08_births_2025_2025-12-09.txt,2025-12-09,6/3/2025,2025
2010,Bear Creek,Bear Creek,31,False,True,08_births_2025_2025-12-09.txt,2025-12-09,6/3/2025,2025
2010,Birch,Birch,56,False,True,08_births_2025_2025-12-09.txt,2025-12-09,6/3/2025,2025
2010,Coal Creek,Coal Creek,68,False,True,08_births_2025_2025-12-09.txt,2025-12-09,6/3/2025,2025
2010,Columbine,Columbine,135,False,True,08_births_2025_2025-12-09.txt,2025-12-09,6/3/2025,2025
2010,Creekside,Creekside,150,False,True,08_births_2025_2025-12-09.txt,2025-12-09,6/3/2025,2025
2010,Crest View,Crest View,135,False,True,08_births_2025_2025-12-09.txt,2025-12-09,6/3/2025,2025
2010,Douglass,Douglass,47,False,True,08_births_2025_2025-12-09.txt,2025-12-09,6/3/2025,2025
2010,Eisenhower,Eisenhower,76,False,True,08_births_2025_2025-12-09.txt,2025-12-09,6/3/2025,2025
2010,Eldorado (K-5),Eldorado,46,False,True,08_births_2025_2025-12-09.txt,2025-12-09,6/3/2025,2025
2010,Emerald,Emerald,79,False,True,08_births_2025_2025-12-09.txt,2025-12-09,6/3/2025,2025
2010,Fireside,Fireside,48,False,True,08_births_2025_2025-12-09.txt,2025-12-09,6/3/2025,2025
2010,Flatirons,Flatirons,48,False,True,08_births_2025_2025-12-09.txt,2025-12-09,6/3/2025,2025
2010,Foothill,Foothill,80,False,True,08_births_2025_2025-12-09.txt,2025-12-09,6/3/2025,2025
2010,Gold Hill,Gold Hill,2,False,True,08_births_2025_2025-12-09.txt,2025-12-09,6/3/2025,2025
2010,Heatherwood,Heatherwood,64,False,True,08_births_2025_2025-12-09.txt,2025-12-09,6/3/2025,2025
2010,Jamestown,Jamestown,3,False,True,08_births_2025_2025-12-09.txt,2025-12-09,6/3/2025,2025
2010,Kohl,Kohl,42,False,True,08_births_2025_2025-12-09.txt,2025-12-09,6/3/2025,2025
2010,Lafayette,Lafayette,114,False,True,08_births_2025_2025-12-09.txt,2025-12-09,6/3/2025,2025
2010,Louisville,Louisville,59,False,True,08_births_2025_2025-12-09.txt,2025-12-09,6/3/2025,2025
2010,Meadowlark,Meadowlark,31,False,True,08_births_2025_2025-12-09.txt,2025-12-09,6/3/2025,2025
2010,Mesa,Mesa,23,False,True,08_births_2025_2025-12-09.txt,2025-12-09,6/3/2025,2025
2010,Monarch (K-5),Monarch,60,False,True,08_births_2025_2025-12-09.txt,2025-12-09,6/3/2025,2025
2010,Nederland,Nederland,62,False,True,08_births_2025_2025-12-09.txt,2025-12-09,6/3/2025,2025
2010,Ryan,Ryan,99,False,True,08_births_2025_2025-12-09.txt,2025-12-09,6/3/2025,2025
2010,Sanchez,Sanchez,87,False,True,08_births_2025_2025-12-09.txt,2025-12-09,6/3/2025,2025
2010,Superior,Superior,52,False,True,08_births_2025_2025-12-09.txt,2025-12-09,6/3/2025,2025
2010,Unlocated,Unlocated,0,False,True,08_births_2025_2025-12-09.txt,2025-12-09,6/3/2025,2025
2010,Whittier,Whittier,105,False,True,08_births_2025_2025-12-09.txt,2025-12-09,6/3/2025,2025
2010,BVSD,BVSD,1891,True,True,08_births_2025_2025-12-09.txt,2025-12-09,6/3/2025,2025
2010,Boulder Total,Boulder Total,880,True,True,08_births_2025_2025-12-09.txt,2025-12-09,6/3/2025,2025
2010,E County Total,E County Total,898,True,True,08_births_2025_2025-12-09.txt,2025-12-09,6/3/2025,2025
2011,Aspen Crk,Aspen Creek,51,False,True,08_births_2025_2025-12-09.txt,2025-12-09,6/3/2025,2025
2011,BC-Creekside,BC-Creekside,2,False,True,08_births_2025_2025-12-09.txt,2025-12-09,6/3/2025,2025
2011,BC-Mesa,BC-Mesa,24,False,True,08_births_2025_2025-12-09.txt,2025-12-09,6/3/2025,2025
2011,Bear Creek,Bear Creek,20,False,True,08_births_2025_2025-12-09.txt,2025-12-09,6/3/2025,2025
2011,Birch,Birch,49,False,True,08_births_2025_2025-12-09.txt,2025-12-09,6/3/2025,2025
2011,Coal Creek,Coal Creek,51,False,True,08_births_2025_2025-12-09.txt,2025-12-09,6/3/2025,2025
2011,Columbine,Columbine,155,False,True,08_births_2025_2025-12-09.txt,2025-12-09,6/3/2025,2025
2011,Creekside,Creekside,130,False,True,08_births_2025_2025-12-09.txt,2025-12-09,6/3/2025,2025
2011,Crest View,Crest View,123,False,True,08_births_2025_2025-12-09.txt,2025-12-09,6/3/2025,2025
2011,Douglass,Douglass,38,False,True,08_births_2025_2025-12-09.txt,2025-12-09,6/3/2025,2025
2011,Eisenhower,Eisenhower,91,False,True,08_births_2025_2025-12-09.txt,2025-12-09,6/3/2025,2025
2011,Eldorado (K-5),Eldorado,40,False,True,08_births_2025_2025-12-09.txt,2025-12-09,6/3/2025,2025
2011,Emerald,Emerald,73,False,True,08_births_2025_2025-12-09.txt,2025-12-09,6/3/2025,2025
2011,Fireside,Fireside,57,False,True,08_births_2025_2025-12-09.txt,2025-12-09,6/3/2025,2025
2011,Flatirons,Flatirons,47,False,True,08_births_2025_2025-12-09.txt,2025-12-09,6/3/2025,2025
2011,Foothill,Foothill,83,False,True,08_births_2025_2025-12-09.txt,2025-12-09,6/3/2025,2025
2011,Gold Hill,Gold Hill,2,False,True,08_births_2025_2025-12-09.txt,2025-12-09,6/3/2025,2025
2011,Heatherwood,Heatherwood,62,False,True,08_births_2025_2025-12-09.txt,2025-12-09,6/3/2025,2025
2011,Jamestown,Jamestown,4,False,True,08_births_2025_2025-12-09.txt,2025-12-09,6/3/2025,2025
2011,Kohl,Kohl,55,False,True,08_births_2025_2025-12-09.txt,2025-12-09,6/3/2025,2025
2011,Lafayette,Lafayette,124,False,True,08_births_2025_2025-12-09.txt,2025-12-09,6/3/2025,2025
2011,Louisville,Louisville,80,False,True,08_births_2025_2025-12-09.txt,2025-12-09,6/3/2025,2025
2011,Meadowlark,Meadowlark,38,False,True,08_births_2025_2025-12-09.txt,2025-12-09,6/3/2025,2025
2011,Mesa,Mesa,16,False,True,08_births_2025_2025-12-09.txt,2025-12-09,6/3/2025,2025
2011,Monarch (K-5),Monarch,59,False,True,08_births_2025_2025-12-09.txt,2025-12-09,6/3/2025,2025
2011,Nederland,Nederland,53,False,True,08_births_2025_2025-12-09.txt,2025-12-09,6/3/2025,2025
2011,Ryan,Ryan,99,False,True,08_births_2025_2025-12-09.txt,2025-12-09,6/3/2025,2025
2011,Sanchez,Sanchez,81,False,True,08_births_2025_2025-12-09.txt,2025-12-09,6/3/2025,2025
2011,Superior,Superior,35,False,True,08_births_2025_2025-12-09.txt,2025-12-09,6/3/2025,2025
2011,Unlocated,Unlocated,0,False,True,08_births_2025_2025-12-09.txt,2025-12-09,6/3/2025,2025
2011,Whittier,Whittier,87,False,True,08_births_2025_2025-12-09.txt,2025-12-09,6/3/2025,2025
2011,BVSD,BVSD,1829,True,True,08_births_2025_2025-12-09.txt,2025-12-09,6/3/2025,2025
2011,Boulder Total,Boulder Total,840,True,True,08_births_2025_2025-12-09.txt,2025-12-09,6/3/2025,2025
2011,E County Total,E County Total,890,True,True,08_births_2025_2025-12-09.txt,2025-12-09,6/3/2025,2025
2012,Aspen Crk,Aspen Creek,61,False,True,08_births_2025_2025-12-09.txt,2025-12-09,6/3/2025,2025
2012,BC-Creekside,BC-Creekside,8,False,True,08_births_2025_2025-12-09.txt,2025-12-09,6/3/2025,2025
2012,BC-Mesa,BC-Mesa,26,False,True,08_births_2025_2025-12-09.txt,2025-12-09,6/3/2025,2025
2012,Bear Creek,Bear Creek,19,False,True,08_births_2025_2025-12-09.txt,2025-12-09,6/3/2025,2025
2012,Birch,Birch,43,False,True,08_births_2025_2025-12-09.txt,2025-12-09,6/3/2025,2025
2012,Coal Creek,Coal Creek,66,False,True,08_births_2025_2025-12-09.txt,2025-12-09,6/3/2025,2025
2012,Columbine,Columbine,132,False,True,08_births_2025_2025-12-09.txt,2025-12-09,6/3/2025,2025
2012,Creekside,Creekside,157,False,True,08_births_2025_2025-12-09.txt,2025-12-09,6/3/2025,2025
2012,Crest View,Crest View,147,False,True,08_births_2025_2025-12-09.txt,2025-12-09,6/3/2025,2025
2012,Douglass,Douglass,52,False,True,08_births_2025_2025-12-09.txt,2025-12-09,6/3/2025,2025
2012,Eisenhower,Eisenhower,83,False,True,08_births_2025_2025-12-09.txt,2025-12-09,6/3/2025,2025
2012,Eldorado (K-5),Eldorado,41,False,True,08_births_2025_2025-12-09.txt,2025-12-09,6/3/2025,2025
2012,Emerald,Emerald,90,False,True,08_births_2025_2025-12-09.txt,2025-12-09,6/3/2025,2025
2012,Fireside,Fireside,45,False,True,08_births_2025_2025-12-09.txt,2025-12-09,6/3/2025,2025
2012,Flatirons,Flatirons,44,False,True,08_births_2025_2025-12-09.txt,2025-12-09,6/3/2025,2025
2012,Foothill,Foothill,84,False,True,08_births_2025_2025-12-09.txt,2025-12-09,6/3/2025,2025
2012,Gold Hill,Gold Hill,1,False,True,08_births_2025_2025-12-09.txt,2025-12-09,6/3/2025,2025
2012,Heatherwood,Heatherwood,71,False,True,08_births_2025_2025-12-09.txt,2025-12-09,6/3/2025,2025
2012,Jamestown,Jamestown,6,False,True,08_births_2025_2025-12-09.txt,2025-12-09,6/3/2025,2025
2012,Kohl,Kohl,59,False,True,08_births_2025_2025-12-09.txt,2025-12-09,6/3/2025,2025
2012,Lafayette,Lafayette,105,False,True,08_births_2025_2025-12-09.txt,2025-12-09,6/3/2025,2025
2012,Louisville,Louisville,85,False,True,08_births_2025_2025-12-09.txt,2025-12-09,6/3/2025,2025
2012,Meadowlark,Meadowlark,27,False,True,08_births_2025_2025-12-09.txt,2025-12-09,6/3/2025,2025
2012,Mesa,Mesa,23,False,True,08_births_2025_2025-12-09.txt,2025-12-09,6/3/2025,2025
2012,Monarch (K-5),Monarch,60,False,True,08_births_2025_2025-12-09.txt,2025-12-09,6/3/2025,2025
2012,Nederland,Nederland,48,False,True,08_births_2025_2025-12-09.txt,2025-12-09,6/3/2025,2025
2012,Ryan,Ryan,143,False,True,08_births_2025_2025-12-09.txt,2025-12-09,6/3/2025,2025
2012,Sanchez,Sanchez,83,False,True,08_births_2025_2025-12-09.txt,2025-12-09,6/3/2025,2025
2012,Superior,Superior,28,False,True,08_births_2025_2025-12-09.txt,2025-12-09,6/3/2025,2025
2012,Unlocated,Unlocated,0,False,True,08_births_2025_2025-12-09.txt,2025-12-09,6/3/2025,2025
2012,Whittier,Whittier,119,False,True,08_births_2025_2025-12-09.txt,2025-12-09,6/3/2025,2025
2012,BVSD,BVSD,1956,True,True,08_births_2025_2025-12-09.txt,2025-12-09,6/3/2025,2025
2012,Boulder Total,Boulder Total,913,True,True,08_births_2025_2025-12-09.txt,2025-12-09,6/3/2025,2025
2012,E County Total,E County Total,947,True,True,08_births_2025_2025-12-09.txt,2025-12-09,6/3/2025,2025
2013,Aspen Crk,Aspen Creek,67,False,True,08_births_2025_2025-12-09.txt,2025-12-09,6/3/2025,2025
2013,BC-Creekside,BC-Creekside,3,False,True,08_births_2025_2025-12-09.txt,2025-12-09,6/3/2025,2025
2013,BC-Mesa,BC-Mesa,23,False,True,08_births_2025_2025-12-09.txt,2025-12-09,6/3/2025,2025
2013,Bear Creek,Bear Creek,25,False,True,08_births_2025_2025-12-09.txt,2025-12-09,6/3/2025,2025
2013,Birch,Birch,65,False,True,08_births_2025_2025-12-09.txt,2025-12-09,6/3/2025,2025
2013,Coal Creek,Coal Creek,60,False,True,08_births_2025_2025-12-09.txt,2025-12-09,6/3/2025,2025
2013,Columbine,Columbine,129,False,True,08_births_2025_2025-12-09.txt,2025-12-09,6/3/2025,2025
2013,Creekside,Creekside,157,False,True,08_births_2025_2025-12-09.txt,2025-12-09,6/3/2025,2025
2013,Crest View,Crest View,151,False,True,08_births_2025_2025-12-09.txt,2025-12-09,6/3/2025,2025
2013,Douglass,Douglass,46,False,True,08_births_2025_2025-12-09.txt,2025-12-09,6/3/2025,2025
2013,Eisenhower,Eisenhower,84,False,True,08_births_2025_2025-12-09.txt,2025-12-09,6/3/2025,2025
2013,Eldorado (K-5),Eldorado,46,False,True,08_births_2025_2025-12-09.txt,2025-12-09,6/3/2025,2025
2013,Emerald,Emerald,81,False,True,08_births_2025_2025-12-09.txt,2025-12-09,6/3/2025,2025
2013,Fireside,Fireside,59,False,True,08_births_2025_2025-12-09.txt,2025-12-09,6/3/2025,2025
2013,Flatirons,Flatirons,41,False,True,08_births_2025_2025-12-09.txt,2025-12-09,6/3/2025,2025
2013,Foothill,Foothill,64,False,True,08_births_2025_2025-12-09.txt,2025-12-09,6/3/2025,2025
2013,Gold Hill,Gold Hill,3,False,True,08_births_2025_2025-12-09.txt,2025-12-09,6/3/2025,2025
2013,Heatherwood,Heatherwood,60,False,True,08_births_2025_2025-12-09.txt,2025-12-09,6/3/2025,2025
2013,Jamestown,Jamestown,2,False,True,08_births_2025_2025-12-09.txt,2025-12-09,6/3/2025,2025
2013,Kohl,Kohl,53,False,True,08_births_2025_2025-12-09.txt,2025-12-09,6/3/2025,2025
2013,Lafayette,Lafayette,89,False,True,08_births_2025_2025-12-09.txt,2025-12-09,6/3/2025,2025
2013,Louisville,Louisville,79,False,True,08_births_2025_2025-12-09.txt,2025-12-09,6/3/2025,2025
2013,Meadowlark,Meadowlark,24,False,True,08_births_2025_2025-12-09.txt,2025-12-09,6/3/2025,2025
2013,Mesa,Mesa,20,False,True,08_births_2025_2025-12-09.txt,2025-12-09,6/3/2025,2025
2013,Monarch (K-5),Monarch,67,False,True,08_births_2025_2025-12-09.txt,2025-12-09,6/3/2025,2025
2013,Nederland,Nederland,55,False,True,08_births_2025_2025-12-09.txt,2025-12-09,6/3/2025,2025
2013,Ryan,Ryan,104,False,True,08_births_2025_2025-12-09.txt,2025-12-09,6/3/2025,2025
2013,Sanchez,Sanchez,99,False,True,08_births_2025_2025-12-09.txt,2025-12-09,6/3/2025,2025
2013,Superior,Superior,41,False,True,08_births_2025_2025-12-09.txt,2025-12-09,6/3/2025,2025
2013,Unlocated,Unlocated,0,False,True,08_births_2025_2025-12-09.txt,2025-12-09,6/3/2025,2025
2013,Whittier,Whittier,115,False,True,08_births_2025_2025-12-09.txt,2025-12-09,6/3/2025,2025
2013,BVSD,BVSD,1912,True,True,08_births_2025_2025-12-09.txt,2025-12-09,6/3/2025,2025
2013,Boulder Total,Boulder Total,872,True,True,08_births_2025_2025-12-09.txt,2025-12-09,6/3/2025,2025
2013,E County Total,E County Total,934,True,True,08_births_2025_2025-12-09.txt,2025-12-09,6/3/2025,2025
2014,Aspen Crk,Aspen Creek,54,False,True,08_births_2025_2025-12-09.txt,2025-12-09,6/3/2025,2025
2014,BC-Creekside,BC-Creekside,4,False,True,08_births_2025_2025-12-09.txt,2025-12-09,6/3/2025,2025
2014,BC-Mesa,BC-Mesa,25,False,True,08_births_2025_2025-12-09.txt,2025-12-09,6/3/2025,2025
2014,Bear Creek,Bear Creek,21,False,True,08_births_2025_2025-12-09.txt,2025-12-09,6/3/2025,2025
2014,Birch,Birch,58,False,True,08_births_2025_2025-12-09.txt,2025-12-09,6/3/2025,2025
2014,Coal Creek,Coal Creek,63,False,True,08_births_2025_2025-12-09.txt,2025-12-09,6/3/2025,2025
2014,Columbine,Columbine,124,False,True,08_births_2025_2025-12-09.txt,2025-12-09,6/3/2025,2025
2014,Creekside,Creekside,131,False,True,08_births_2025_2025-12-09.txt,2025-12-09,6/3/2025,2025
2014,Crest View,Crest View,123,False,True,08_births_2025_2025-12-09.txt,2025-12-09,6/3/2025,2025
2014,Douglass,Douglass,47,False,True,08_births_2025_2025-12-09.txt,2025-12-09,6/3/2025,2025
2014,Eisenhower,Eisenhower,75,False,True,08_births_2025_2025-12-09.txt,2025-12-09,6/3/2025,2025
2014,Eldorado (K-5),Eldorado,37,False,True,08_births_2025_2025-12-09.txt,2025-12-09,6/3/2025,2025
2014,Emerald,Emerald,80,False,True,08_births_2025_2025-12-09.txt,2025-12-09,6/3/2025,2025
2014,Fireside,Fireside,45,False,True,08_births_2025_2025-12-09.txt,2025-12-09,6/3/2025,2025
2014,Flatirons,Flatirons,43,False,True,08_births_2025_2025-12-09.txt,2025-12-09,6/3/2025,2025
2014,Foothill,Foothill,85,False,True,08_births_2025_2025-12-09.txt,2025-12-09,6/3/2025,2025
2014,Gold Hill,Gold Hill,0,False,True,08_births_2025_2025-12-09.txt,2025-12-09,6/3/2025,2025
2014,Heatherwood,Heatherwood,58,False,True,08_births_2025_2025-12-09.txt,2025-12-09,6/3/2025,2025
2014,Jamestown,Jamestown,2,False,True,08_births_2025_2025-12-09.txt,2025-12-09,6/3/2025,2025
2014,Kohl,Kohl,59,False,True,08_births_2025_2025-12-09.txt,2025-12-09,6/3/2025,2025
2014,Lafayette,Lafayette,109,False,True,08_births_2025_2025-12-09.txt,2025-12-09,6/3/2025,2025
2014,Louisville,Louisville,72,False,True,08_births_2025_2025-12-09.txt,2025-12-09,6/3/2025,2025
2014,Meadowlark,Meadowlark,33,False,True,08_births_2025_2025-12-09.txt,2025-12-09,6/3/2025,2025
2014,Mesa,Mesa,23,False,True,08_births_2025_2025-12-09.txt,2025-12-09,6/3/2025,2025
2014,Monarch (K-5),Monarch,79,False,True,08_births_2025_2025-12-09.txt,2025-12-09,6/3/2025,2025
2014,Nederland,Nederland,56,False,True,08_births_2025_2025-12-09.txt,2025-12-09,6/3/2025,2025
2014,Ryan,Ryan,107,False,True,08_births_2025_2025-12-09.txt,2025-12-09,6/3/2025,2025
2014,Sanchez,Sanchez,98,False,True,08_births_2025_2025-12-09.txt,2025-12-09,6/3/2025,2025
2014,Superior,Superior,32,False,True,08_births_2025_2025-12-09.txt,2025-12-09,6/3/2025,2025
2014,Unlocated,Unlocated,0,False,True,08_births_2025_2025-12-09.txt,2025-12-09,6/3/2025,2025
2014,Whittier,Whittier,113,False,True,08_births_2025_2025-12-09.txt,2025-12-09,6/3/2025,2025
2014,BVSD,BVSD,1856,True,True,08_births_2025_2025-12-09.txt,2025-12-09,6/3/2025,2025
2014,Boulder Total,Boulder Total,825,True,True,08_births_2025_2025-12-09.txt,2025-12-09,6/3/2025,2025
2014,E County Total,E County Total,936,True,True,08_births_2025_2025-12-09.txt,2025-12-09,6/3/2025,2025
2015,Aspen Crk,Aspen Creek,70,False,True,08_births_2025_2025-12-09.txt,2025-12-09,6/3/2025,2025
2015,BC-Creekside,BC-Creekside,6,False,True,08_births_2025_2025-12-09.txt,2025-12-09,6/3/2025,2025
2015,BC-Mesa,BC-Mesa,17,False,True,08_births_2025_2025-12-09.txt,2025-12-09,6/3/2025,2025
2015,Bear Creek,Bear Creek,11,False,True,08_births_2025_2025-12-09.txt,2025-12-09,6/3/2025,2025
2015,Birch,Birch,51,False,True,08_births_2025_2025-12-09.txt,2025-12-09,6/3/2025,2025
2015,Coal Creek,Coal Creek,48,False,True,08_births_2025_2025-12-09.txt,2025-12-09,6/3/2025,2025
2015,Columbine,Columbine,121,False,True,08_births_2025_2025-12-09.txt,2025-12-09,6/3/2025,2025
2015,Creekside,Creekside,158,False,True,08_births_2025_2025-12-09.txt,2025-12-09,6/3/2025,2025
2015,Crest View,Crest View,152,False,True,08_births_2025_2025-12-09.txt,2025-12-09,6/3/2025,2025
2015,Douglass,Douglass,49,False,True,08_births_2025_2025-12-09.txt,2025-12-09,6/3/2025,2025
2015,Eisenhower,Eisenhower,74,False,True,08_births_2025_2025-12-09.txt,2025-12-09,6/3/2025,2025
2015,Eldorado (K-5),Eldorado,29,False,True,08_births_2025_2025-12-09.txt,2025-12-09,6/3/2025,2025
2015,Emerald,Emerald,112,False,True,08_births_2025_2025-12-09.txt,2025-12-09,6/3/2025,2025
2015,Fireside,Fireside,46,False,True,08_births_2025_2025-12-09.txt,2025-12-09,6/3/2025,2025
2015,Flatirons,Flatirons,43,False,True,08_births_2025_2025-12-09.txt,2025-12-09,6/3/2025,2025
2015,Foothill,Foothill,64,False,True,08_births_2025_2025-12-09.txt,2025-12-09,6/3/2025,2025
2015,Gold Hill,Gold Hill,1,False,True,08_births_2025_2025-12-09.txt,2025-12-09,6/3/2025,2025
2015,Heatherwood,Heatherwood,71,False,True,08_births_2025_2025-12-09.txt,2025-12-09,6/3/2025,2025
2015,Jamestown,Jamestown,1,False,True,08_births_2025_2025-12-09.txt,2025-12-09,6/3/2025,2025
2015,Kohl,Kohl,55,False,True,08_births_2025_2025-12-09.txt,2025-12-09,6/3/2025,2025
2015,Lafayette,Lafayette,100,False,True,08_births_2025_2025-12-09.txt,2025-12-09,6/3/2025,2025
2015,Louisville,Louisville,77,False,True,08_births_2025_2025-12-09.txt,2025-12-09,6/3/2025,2025
2015,Meadowlark,Meadowlark,28,False,True,08_births_2025_2025-12-09.txt,2025-12-09,6/3/2025,2025
2015,Mesa,Mesa,23,False,True,08_births_2025_2025-12-09.txt,2025-12-09,6/3/2025,2025
2015,Monarch (K-5),Monarch,56,False,True,08_births_2025_2025-12-09.txt,2025-12-09,6/3/2025,2025
2015,Nederland,Nederland,55,False,True,08_births_2025_2025-12-09.txt,2025-12-09,6/3/2025,2025
2015,Ryan,Ryan,102,False,True,08_births_2025_2025-12-09.txt,2025-12-09,6/3/2025,2025
2015,Sanchez,Sanchez,111,False,True,08_births_2025_2025-12-09.txt,2025-12-09,6/3/2025,2025
2015,Superior,Superior,41,False,True,08_births_2025_2025-12-09.txt,2025-12-09,6/3/2025,2025
2015,Unlocated,Unlocated,0,False,True,08_births_2025_2025-12-09.txt,2025-12-09,6/3/2025,2025
2015,Whittier,Whittier,106,False,True,08_births_2025_2025-12-09.txt,2025-12-09,6/3/2025,2025
2015,BVSD,BVSD,1878,True,True,08_births_2025_2025-12-09.txt,2025-12-09,6/3/2025,2025
2015,Boulder Total,Boulder Total,846,True,True,08_births_2025_2025-12-09.txt,2025-12-09,6/3/2025,2025
2015,E County Total,E County Total,946,True,True,08_births_2025_2025-12-09.txt,2025-12-09,6/3/2025,2025
2016,Aspen Crk,Aspen Creek,61,False,True,08_births_2025_2025-12-09.txt,2025-12-09,6/3/2025,2025
2016,BC-Creekside,BC-Creekside,1,False,True,08_births_2025_2025-12-09.txt,2025-12-09,6/3/2025,2025
2016,BC-Mesa,BC-Mesa,17,False,True,08_births_2025_2025-12-09.txt,2025-12-09,6/3/2025,2025
2016,Bear Creek,Bear Creek,12,False,True,08_births_2025_2025-12-09.txt,2025-12-09,6/3/2025,2025
2016,Birch,Birch,55,False,True,08_births_2025_2025-12-09.txt,2025-12-09,6/3/2025,2025
2016,Coal Creek,Coal Creek,47,False,True,08_births_2025_2025-12-09.txt,2025-12-09,6/3/2025,2025
2016,Columbine,Columbine,123,False,True,08_births_2025_2025-12-09.txt,2025-12-09,6/3/2025,2025
2016,Creekside,Creekside,131,False,True,08_births_2025_2025-12-09.txt,2025-12-09,6/3/2025,2025
2016,Crest View,Crest View,140,False,True,08_births_2025_2025-12-09.txt,2025-12-09,6/3/2025,2025
2016,Douglass,Douglass,45,False,True,08_births_2025_2025-12-09.txt,2025-12-09,6/3/2025,2025
2016,Eisenhower,Eisenhower,67,False,True,08_births_2025_2025-12-09.txt,2025-12-09,6/3/2025,2025
2016,Eldorado (K-5),Eldorado,30,False,True,08_births_2025_2025-12-09.txt,2025-12-09,6/3/2025,2025
2016,Emerald,Emerald,95,False,True,08_births_2025_2025-12-09.txt,2025-12-09,6/3/2025,2025
2016,Fireside,Fireside,40,False,True,08_births_2025_2025-12-09.txt,2025-12-09,6/3/2025,2025
2016,Flatirons,Flatirons,31,False,True,08_births_2025_2025-12-09.txt,2025-12-09,6/3/2025,2025
2016,Foothill,Foothill,66,False,True,08_births_2025_2025-12-09.txt,2025-12-09,6/3/2025,2025
2016,Gold Hill,Gold Hill,2,False,True,08_births_2025_2025-12-09.txt,2025-12-09,6/3/2025,2025
2016,Heatherwood,Heatherwood,53,False,True,08_births_2025_2025-12-09.txt,2025-12-09,6/3/2025,2025
2016,Jamestown,Jamestown,4,False,True,08_births_2025_2025-12-09.txt,2025-12-09,6/3/2025,2025
2016,Kohl,Kohl,56,False,True,08_births_2025_2025-12-09.txt,2025-12-09,6/3/2025,2025
2016,Lafayette,Lafayette,110,False,True,08_births_2025_2025-12-09.txt,2025-12-09,6/3/2025,2025
2016,Louisville,Louisville,64,False,True,08_births_2025_2025-12-09.txt,2025-12-09,6/3/2025,2025
2016,Meadowlark,Meadowlark,36,False,True,08_births_2025_2025-12-09.txt,2025-12-09,6/3/2025,2025
2016,Mesa,Mesa,26,False,True,08_births_2025_2025-12-09.txt,2025-12-09,6/3/2025,2025
2016,Monarch (K-5),Monarch,48,False,True,08_births_2025_2025-12-09.txt,2025-12-09,6/3/2025,2025
2016,Nederland,Nederland,54,False,True,08_births_2025_2025-12-09.txt,2025-12-09,6/3/2025,2025
2016,Ryan,Ryan,118,False,True,08_births_2025_2025-12-09.txt,2025-12-09,6/3/2025,2025
2016,Sanchez,Sanchez,98,False,True,08_births_2025_2025-12-09.txt,2025-12-09,6/3/2025,2025
2016,Superior,Superior,39,False,True,08_births_2025_2025-12-09.txt,2025-12-09,6/3/2025,2025
2016,Unlocated,Unlocated,0,False,True,08_births_2025_2025-12-09.txt,2025-12-09,6/3/2025,2025
2016,Whittier,Whittier,104,False,True,08_births_2025_2025-12-09.txt,2025-12-09,6/3/2025,2025
2016,BVSD,BVSD,1773,True,True,08_births_2025_2025-12-09.txt,2025-12-09,6/3/2025,2025
2016,Boulder Total,Boulder Total,771,True,True,08_births_2025_2025-12-09.txt,2025-12-09,6/3/2025,2025
2016,E County Total,E County Total,912,True,True,08_births_2025_2025-12-09.txt,2025-12-09,6/3/2025,2025
2017,Aspen Crk,Aspen Creek,66,False,True,08_births_2025_2025-12-09.txt,2025-12-09,6/3/2025,2025
2017,BC-Creekside,BC-Creekside,4,False,True,08_births_2025_2025-12-09.txt,2025-12-09,6/3/2025,2025
2017,BC-Mesa,BC-Mesa,16,False,True,08_births_2025_2025-12-09.txt,2025-12-09,6/3/2025,2025
2017,Bear Creek,Bear Creek,16,False,True,08_births_2025_2025-12-09.txt,2025-12-09,6/3/2025,2025
2017,Birch,Birch,39,False,True,08_births_2025_2025-12-09.txt,2025-12-09,6/3/2025,2025
2017,Coal Creek,Coal Creek,50,False,True,08_births_2025_2025-12-09.txt,2025-12-09,6/3/2025,2025
2017,Columbine,Columbine,128,False,True,08_births_2025_2025-12-09.txt,2025-12-09,6/3/2025,2025
2017,Creekside,Creekside,125,False,True,08_births_2025_2025-12-09.txt,2025-12-09,6/3/2025,2025
2017,Crest View,Crest View,128,False,True,08_births_2025_2025-12-09.txt,2025-12-09,6/3/2025,2025
2017,Douglass,Douglass,36,False,True,08_births_2025_2025-12-09.txt,2025-12-09,6/3/2025,2025
2017,Eisenhower,Eisenhower,64,False,True,08_births_2025_2025-12-09.txt,2025-12-09,6/3/2025,2025
2017,Eldorado (K-5),Eldorado,29,False,True,08_births_2025_2025-12-09.txt,2025-12-09,6/3/2025,2025
2017,Emerald,Emerald,103,False,True,08_births_2025_2025-12-09.txt,2025-12-09,6/3/2025,2025
2017,Fireside,Fireside,37,False,True,08_births_2025_2025-12-09.txt,2025-12-09,6/3/2025,2025
2017,Flatirons,Flatirons,39,False,True,08_births_2025_2025-12-09.txt,2025-12-09,6/3/2025,2025
2017,Foothill,Foothill,77,False,True,08_births_2025_2025-12-09.txt,2025-12-09,6/3/2025,2025
2017,Gold Hill,Gold Hill,3,False,True,08_births_2025_2025-12-09.txt,2025-12-09,6/3/2025,2025
2017,Heatherwood,Heatherwood,56,False,True,08_births_2025_2025-12-09.txt,2025-12-09,6/3/2025,2025
2017,Jamestown,Jamestown,4,False,True,08_births_2025_2025-12-09.txt,2025-12-09,6/3/2025,2025
2017,Kohl,Kohl,51,False,True,08_births_2025_2025-12-09.txt,2025-12-09,6/3/2025,2025
2017,Lafayette,Lafayette,95,False,True,08_births_2025_2025-12-09.txt,2025-12-09,6/3/2025,2025
2017,Louisville,Louisville,51,False,True,08_births_2025_2025-12-09.txt,2025-12-09,6/3/2025,2025
2017,Meadowlark,Meadowlark,52,False,True,08_births_2025_2025-12-09.txt,2025-12-09,6/3/2025,2025
2017,Mesa,Mesa,22,False,True,08_births_2025_2025-12-09.txt,2025-12-09,6/3/2025,2025
2017,Monarch (K-5),Monarch,53,False,True,08_births_2025_2025-12-09.txt,2025-12-09,6/3/2025,2025
2017,Nederland,Nederland,53,False,True,08_births_2025_2025-12-09.txt,2025-12-09,6/3/2025,2025
2017,Ryan,Ryan,104,False,True,08_births_2025_2025-12-09.txt,2025-12-09,6/3/2025,2025
2017,Sanchez,Sanchez,105,False,True,08_births_2025_2025-12-09.txt,2025-12-09,6/3/2025,2025
2017,Superior,Superior,46,False,True,08_births_2025_2025-12-09.txt,2025-12-09,6/3/2025,2025
2017,Unlocated,Unlocated,0,False,True,08_births_2025_2025-12-09.txt,2025-12-09,6/3/2025,2025
2017,Whittier,Whittier,83,False,True,08_births_2025_2025-12-09.txt,2025-12-09,6/3/2025,2025
2017,BVSD,BVSD,1735,True,True,08_births_2025_2025-12-09.txt,2025-12-09,6/3/2025,2025
2017,Boulder Total,Boulder Total,758,True,True,08_births_2025_2025-12-09.txt,2025-12-09,6/3/2025,2025
2017,E County Total,E County Total,888,True,True,08_births_2025_2025-12-09.txt,2025-12-09,6/3/2025,2025
2018,Aspen Crk,Aspen Creek,66,False,True,08_births_2025_2025-12-09.txt,2025-12-09,6/3/2025,2025
2018,BC-Creekside,BC-Creekside,5,False,True,08_births_2025_2025-12-09.txt,2025-12-09,6/3/2025,2025
2018,BC-Mesa,BC-Mesa,15,False,True,08_births_2025_2025-12-09.txt,2025-12-09,6/3/2025,2025
2018,Bear Creek,Bear Creek,13,False,True,08_births_2025_2025-12-09.txt,2025-12-09,6/3/2025,2025
2018,Birch,Birch,41,False,True,08_births_2025_2025-12-09.txt,2025-12-09,6/3/2025,2025
2018,Coal Creek,Coal Creek,43,False,True,08_births_2025_2025-12-09.txt,2025-12-09,6/3/2025,2025
2018,Columbine,Columbine,101,False,True,08_births_2025_2025-12-09.txt,2025-12-09,6/3/2025,2025
2018,Creekside,Creekside,112,False,True,08_births_2025_2025-12-09.txt,2025-12-09,6/3/2025,2025
2018,Crest View,Crest View,91,False,True,08_births_2025_2025-12-09.txt,2025-12-09,6/3/2025,2025
2018,Douglass,Douglass,44,False,True,08_births_2025_2025-12-09.txt,2025-12-09,6/3/2025,2025
2018,Eisenhower,Eisenhower,56,False,True,08_births_2025_2025-12-09.txt,2025-12-09,6/3/2025,2025
2018,Eldorado (K-5),Eldorado,23,False,True,08_births_2025_2025-12-09.txt,2025-12-09,6/3/2025,2025
2018,Emerald,Emerald,96,False,True,08_births_2025_2025-12-09.txt,2025-12-09,6/3/2025,2025
2018,Fireside,Fireside,22,False,True,08_births_2025_2025-12-09.txt,2025-12-09,6/3/2025,2025
2018,Flatirons,Flatirons,42,False,True,08_births_2025_2025-12-09.txt,2025-12-09,6/3/2025,2025
2018,Foothill,Foothill,57,False,True,08_births_2025_2025-12-09.txt,2025-12-09,6/3/2025,2025
2018,Gold Hill,Gold Hill,2,False,True,08_births_2025_2025-12-09.txt,2025-12-09,6/3/2025,2025
2018,Heatherwood,Heatherwood,46,False,True,08_births_2025_2025-12-09.txt,2025-12-09,6/3/2025,2025
2018,Jamestown,Jamestown,2,False,True,08_births_2025_2025-12-09.txt,2025-12-09,6/3/2025,2025
2018,Kohl,Kohl,47,False,True,08_births_2025_2025-12-09.txt,2025-12-09,6/3/2025,2025
2018,Lafayette,Lafayette,116,False,True,08_births_2025_2025-12-09.txt,2025-12-09,6/3/2025,2025
2018,Louisville,Louisville,68,False,True,08_births_2025_2025-12-09.txt,2025-12-09,6/3/2025,2025
2018,Meadowlark,Meadowlark,44,False,True,08_births_2025_2025-12-09.txt,2025-12-09,6/3/2025,2025
2018,Mesa,Mesa,17,False,True,08_births_2025_2025-12-09.txt,2025-12-09,6/3/2025,2025
2018,Monarch (K-5),Monarch,58,False,True,08_births_2025_2025-12-09.txt,2025-12-09,6/3/2025,2025
2018,Nederland,Nederland,55,False,True,08_births_2025_2025-12-09.txt,2025-12-09,6/3/2025,2025
2018,Ryan,Ryan,114,False,True,08_births_2025_2025-12-09.txt,2025-12-09,6/3/2025,2025
2018,Sanchez,Sanchez,86,False,True,08_births_2025_2025-12-09.txt,2025-12-09,6/3/2025,2025
2018,Superior,Superior,38,False,True,08_births_2025_2025-12-09.txt,2025-12-09,6/3/2025,2025
2018,Unlocated,Unlocated,0,False,True,08_births_2025_2025-12-09.txt,2025-12-09,6/3/2025,2025
2018,Whittier,Whittier,84,False,True,08_births_2025_2025-12-09.txt,2025-12-09,6/3/2025,2025
2018,BVSD,BVSD,1604,True,True,08_births_2025_2025-12-09.txt,2025-12-09,6/3/2025,2025
2018,Boulder Total,Boulder Total,639,True,True,08_births_2025_2025-12-09.txt,2025-12-09,6/3/2025,2025
2018,E County Total,E County Total,883,True,True,08_births_2025_2025-12-09.txt,2025-12-09,6/3/2025,2025
2019,Aspen Crk,Aspen Creek,48,False,True,08_births_2025_2025-12-09.txt,2025-12-09,6/3/2025,2025
2019,BC-Creekside,BC-Creekside,3,False,True,08_births_2025_2025-12-09.txt,2025-12-09,6/3/2025,2025
2019,BC-Mesa,BC-Mesa,8,False,True,08_births_2025_2025-12-09.txt,2025-12-09,6/3/2025,2025
2019,Bear Creek,Bear Creek,10,False,True,08_births_2025_2025-12-09.txt,2025-12-09,6/3/2025,2025
2019,Birch,Birch,48,False,True,08_births_2025_2025-12-09.txt,2025-12-09,6/3/2025,2025
2019,Coal Creek,Coal Creek,38,False,True,08_births_2025_2025-12-09.txt,2025-12-09,6/3/2025,2025
2019,Columbine,Columbine,92,False,True,08_births_2025_2025-12-09.txt,2025-12-09,6/3/2025,2025
2019,Creekside,Creekside,95,False,True,08_births_2025_2025-12-09.txt,2025-12-09,6/3/2025,2025
2019,Crest View,Crest View,100,False,True,08_births_2025_2025-12-09.txt,2025-12-09,6/3/2025,2025
2019,Douglass,Douglass,35,False,True,08_births_2025_2025-12-09.txt,2025-12-09,6/3/2025,2025
2019,Eisenhower,Eisenhower,52,False,True,08_births_2025_2025-12-09.txt,2025-12-09,6/3/2025,2025
2019,Eldorado (K-5),Eldorado,37,False,True,08_births_2025_2025-12-09.txt,2025-12-09,6/3/2025,2025
2019,Emerald,Emerald,95,False,True,08_births_2025_2025-12-09.txt,2025-12-09,6/3/2025,2025
2019,Fireside,Fireside,34,False,True,08_births_2025_2025-12-09.txt,2025-12-09,6/3/2025,2025
2019,Flatirons,Flatirons,29,False,True,08_births_2025_2025-12-09.txt,2025-12-09,6/3/2025,2025
2019,Foothill,Foothill,64,False,True,08_births_2025_2025-12-09.txt,2025-12-09,6/3/2025,2025
2019,Gold Hill,Gold Hill,2,False,True,08_births_2025_2025-12-09.txt,2025-12-09,6/3/2025,2025
2019,Heatherwood,Heatherwood,50,False,True,08_births_2025_2025-12-09.txt,2025-12-09,6/3/2025,2025
2019,Jamestown,Jamestown,2,False,True,08_births_2025_2025-12-09.txt,2025-12-09,6/3/2025,2025
2019,Kohl,Kohl,56,False,True,08_births_2025_2025-12-09.txt,2025-12-09,6/3/2025,2025
2019,Lafayette,Lafayette,109,False,True,08_births_2025_2025-12-09.txt,2025-12-09,6/3/2025,2025
2019,Louisville,Louisville,57,False,True,08_births_2025_2025-12-09.txt,2025-12-09,6/3/2025,2025
2019,Meadowlark,Meadowlark,61,False,True,08_births_2025_2025-12-09.txt,2025-12-09,6/3/2025,2025
2019,Mesa,Mesa,12,False,True,08_births_2025_2025-12-09.txt,2025-12-09,6/3/2025,2025
2019,Monarch (K-5),Monarch,62,False,True,08_births_2025_2025-12-09.txt,2025-12-09,6/3/2025,2025
2019,Nederland,Nederland,47,False,True,08_births_2025_2025-12-09.txt,2025-12-09,6/3/2025,2025
2019,Ryan,Ryan,124,False,True,08_births_2025_2025-12-09.txt,2025-12-09,6/3/2025,2025
2019,Sanchez,Sanchez,85,False,True,08_births_2025_2025-12-09.txt,2025-12-09,6/3/2025,2025
2019,Superior,Superior,38,False,True,08_births_2025_2025-12-09.txt,2025-12-09,6/3/2025,2025
2019,Unlocated,Unlocated,0,False,True,08_births_2025_2025-12-09.txt,2025-12-09,6/3/2025,2025
2019,Whittier,Whittier,90,False,True,08_births_2025_2025-12-09.txt,2025-12-09,6/3/2025,2025
2019,BVSD,BVSD,1583,True,True,08_births_2025_2025-12-09.txt,2025-12-09,6/3/2025,2025
2019,Boulder Total,Boulder Total,605,True,True,08_births_2025_2025-12-09.txt,2025-12-09,6/3/2025,2025
2019,E County Total,E County Total,890,True,True,08_births_2025_2025-12-09.txt,2025-12-09,6/3/2025,2025
2020,Aspen Crk,Aspen Creek,65,False,True,08_births_2025_2025-12-09.txt,2025-12-09,6/3/2025,2025
2020,BC-Creekside,BC-Creekside,6,False,True,08_births_2025_2025-12-09.txt,2025-12-09,6/3/2025,2025
2020,BC-Mesa,BC-Mesa,11,False,True,08_births_2025_2025-12-09.txt,2025-12-09,6/3/2025,2025
2020,Bear Creek,Bear Creek,10,False,True,08_births_2025_2025-12-09.txt,2025-12-09,6/3/2025,2025
2020,Birch,Birch,33,False,True,08_births_2025_2025-12-09.txt,2025-12-09,6/3/2025,2025
2020,Coal Creek,Coal Creek,37,False,True,08_births_2025_2025-12-09.txt,2025-12-09,6/3/2025,2025
2020,Columbine,Columbine,108,False,True,08_births_2025_2025-12-09.txt,2025-12-09,6/3/2025,2025
2020,Creekside,Creekside,87,False,True,08_births_2025_2025-12-09.txt,2025-12-09,6/3/2025,2025
2020,Crest View,Crest View,122,False,True,08_births_2025_2025-12-09.txt,2025-12-09,6/3/2025,2025
2020,Douglass,Douglass,39,False,True,08_births_2025_2025-12-09.txt,2025-12-09,6/3/2025,2025
2020,Eisenhower,Eisenhower,54,False,True,08_births_2025_2025-12-09.txt,2025-12-09,6/3/2025,2025
2020,Eldorado (K-5),Eldorado,28,False,True,08_births_2025_2025-12-09.txt,2025-12-09,6/3/2025,2025
2020,Emerald,Emerald,85,False,True,08_births_2025_2025-12-09.txt,2025-12-09,6/3/2025,2025
2020,Fireside,Fireside,38,False,True,08_births_2025_2025-12-09.txt,2025-12-09,6/3/2025,2025
2020,Flatirons,Flatirons,38,False,True,08_births_2025_2025-12-09.txt,2025-12-09,6/3/2025,2025
2020,Foothill,Foothill,77,False,True,08_births_2025_2025-12-09.txt,2025-12-09,6/3/2025,2025
2020,Gold Hill,Gold Hill,4,False,True,08_births_2025_2025-12-09.txt,2025-12-09,6/3/2025,2025
2020,Heatherwood,Heatherwood,52,False,True,08_births_2025_2025-12-09.txt,2025-12-09,6/3/2025,2025
2020,Jamestown,Jamestown,3,False,True,08_births_2025_2025-12-09.txt,2025-12-09,6/3/2025,2025
2020,Kohl,Kohl,53,False,True,08_births_2025_2025-12-09.txt,2025-12-09,6/3/2025,2025
2020,Lafayette,Lafayette,100,False,True,08_births_2025_2025-12-09.txt,2025-12-09,6/3/2025,2025
2020,Louisville,Louisville,64,False,True,08_births_2025_2025-12-09.txt,2025-12-09,6/3/2025,2025
2020,Meadowlark,Meadowlark,47,False,True,08_births_2025_2025-12-09.txt,2025-12-09,6/3/2025,2025
2020,Mesa,Mesa,18,False,True,08_births_2025_2025-12-09.txt,2025-12-09,6/3/2025,2025
2020,Monarch (K-5),Monarch,70,False,True,08_births_2025_2025-12-09.txt,2025-12-09,6/3/2025,2025
2020,Nederland,Nederland,64,False,True,08_births_2025_2025-12-09.txt,2025-12-09,6/3/2025,2025
2020,Ryan,Ryan,115,False,True,08_births_2025_2025-12-09.txt,2025-12-09,6/3/2025,2025
2020,Sanchez,Sanchez,75,False,True,08_births_2025_2025-12-09.txt,2025-12-09,6/3/2025,2025
2020,Superior,Superior,36,False,True,08_births_2025_2025-12-09.txt,2025-12-09,6/3/2025,2025
2020,Unlocated,Unlocated,0,False,True,08_births_2025_2025-12-09.txt,2025-12-09,6/3/2025,2025
2020,Whittier,Whittier,47,False,True,08_births_2025_2025-12-09.txt,2025-12-09,6/3/2025,2025
2020,BVSD,BVSD,1586,True,True,08_births_2025_2025-12-09.txt,2025-12-09,6/3/2025,2025
2020,Boulder Total,Boulder Total,630,True,True,08_births_2025_2025-12-09.txt,2025-12-09,6/3/2025,2025
2020,E County Total,E County Total,857,True,True,08_births_2025_2025-12-09.txt,2025-12-09,6/3/2025,2025
2021,Aspen Crk,Aspen Creek,57,False,True,08_births_2025_2025-12-09.txt,2025-12-09,6/3/2025,2025
2021,BC-Creekside,BC-Creekside,2,False,True,08_births_2025_2025-12-09.txt,2025-12-09,6/3/2025,2025
2021,BC-Mesa,BC-Mesa,18,False,True,08_births_2025_2025-12-09.txt,2025-12-09,6/3/2025,2025
2021,Bear Creek,Bear Creek,10,False,True,08_births_2025_2025-12-09.txt,2025-12-09,6/3/2025,2025
2021,Birch,Birch,34,False,True,08_births_2025_2025-12-09.txt,2025-12-09,6/3/2025,2025
2021,Coal Creek,Coal Creek,53,False,True,08_births_2025_2025-12-09.txt,2025-12-09,6/3/2025,2025
2021,Columbine,Columbine,105,False,True,08_births_2025_2025-12-09.txt,2025-12-09,6/3/2025,2025
2021,Creekside,Creekside,84,False,True,08_births_2025_2025-12-09.txt,2025-12-09,6/3/2025,2025
2021,Crest View,Crest View,111,False,True,08_births_2025_2025-12-09.txt,2025-12-09,6/3/2025,2025
2021,Douglass,Douglass,33,False,True,08_births_2025_2025-12-09.txt,2025-12-09,6/3/2025,2025
2021,Eisenhower,Eisenhower,71,False,True,08_births_2025_2025-12-09.txt,2025-12-09,6/3/2025,2025
2021,Eldorado (K-5),Eldorado,49,False,True,08_births_2025_2025-12-09.txt,2025-12-09,6/3/2025,2025
2021,Emerald,Emerald,81,False,True,08_births_2025_2025-12-09.txt,2025-12-09,6/3/2025,2025
2021,Fireside,Fireside,33,False,True,08_births_2025_2025-12-09.txt,2025-12-09,6/3/2025,2025
2021,Flatirons,Flatirons,33,False,True,08_births_2025_2025-12-09.txt,2025-12-09,6/3/2025,2025
2021,Foothill,Foothill,73,False,True,08_births_2025_2025-12-09.txt,2025-12-09,6/3/2025,2025
2021,Gold Hill,Gold Hill,4,False,True,08_births_2025_2025-12-09.txt,2025-12-09,6/3/2025,2025
2021,Heatherwood,Heatherwood,42,False,True,08_births_2025_2025-12-09.txt,2025-12-09,6/3/2025,2025
2021,Jamestown,Jamestown,5,False,True,08_births_2025_2025-12-09.txt,2025-12-09,6/3/2025,2025
2021,Kohl,Kohl,41,False,True,08_births_2025_2025-12-09.txt,2025-12-09,6/3/2025,2025
2021,Lafayette,Lafayette,93,False,True,08_births_2025_2025-12-09.txt,2025-12-09,6/3/2025,2025
2021,Louisville,Louisville,67,False,True,08_births_2025_2025-12-09.txt,2025-12-09,6/3/2025,2025
2021,Meadowlark,Meadowlark,66,False,True,08_births_2025_2025-12-09.txt,2025-12-09,6/3/2025,2025
2021,Mesa,Mesa,16,False,True,08_births_2025_2025-12-09.txt,2025-12-09,6/3/2025,2025
2021,Monarch (K-5),Monarch,67,False,True,08_births_2025_2025-12-09.txt,2025-12-09,6/3/2025,2025
2021,Nederland,Nederland,58,False,True,08_births_2025_2025-12-09.txt,2025-12-09,6/3/2025,2025
2021,Ryan,Ryan,111,False,True,08_births_2025_2025-12-09.txt,2025-12-09,6/3/2025,2025
2021,Sanchez,Sanchez,107,False,True,08_births_2025_2025-12-09.txt,2025-12-09,6/3/2025,2025
2021,Superior,Superior,38,False,True,08_births_2025_2025-12-09.txt,2025-12-09,6/3/2025,2025
2021,Unlocated,Unlocated,0,False,True,08_births_2025_2025-12-09.txt,2025-12-09,6/3/2025,2025
2021,Whittier,Whittier,83,False,True,08_births_2025_2025-12-09.txt,2025-12-09,6/3/2025,2025
2021,BVSD,BVSD,1645,True,True,08_births_2025_2025-12-09.txt,2025-12-09,6/3/2025,2025
2021,Boulder Total,Boulder Total,646,True,True,08_births_2025_2025-12-09.txt,2025-12-09,6/3/2025,2025
2021,E County Total,E County Total,881,True,True,08_births_2025_2025-12-09.txt,2025-12-09,6/3/2025,2025
2022,Aspen Crk,Aspen Creek,56,False,True,08_births_2025_2025-12-09.txt,2025-12-09,6/3/2025,2025
2022,BC-Creekside,BC-Creekside,2,False,True,08_births_2025_2025-12-09.txt,2025-12-09,6/3/2025,2025
2022,BC-Mesa,BC-Mesa,22,False,True,08_births_2025_2025-12-09.txt,2025-12-09,6/3/2025,2025
2022,Bear Creek,Bear Creek,13,False,True,08_births_2025_2025-12-09.txt,2025-12-09,6/3/2025,2025
2022,Birch,Birch,38,False,True,08_births_2025_2025-12-09.txt,2025-12-09,6/3/2025,2025
2022,Coal Creek,Coal Creek,52,False,True,08_births_2025_2025-12-09.txt,2025-12-09,6/3/2025,2025
2022,Columbine,Columbine,85,False,True,08_births_2025_2025-12-09.txt,2025-12-09,6/3/2025,2025
2022,Creekside,Creekside,70,False,True,08_births_2025_2025-12-09.txt,2025-12-09,6/3/2025,2025
2022,Crest View,Crest View,124,False,True,08_births_2025_2025-12-09.txt,2025-12-09,6/3/2025,2025
2022,Douglass,Douglass,42,False,True,08_births_2025_2025-12-09.txt,2025-12-09,6/3/2025,2025
2022,Eisenhower,Eisenhower,54,False,True,08_births_2025_2025-12-09.txt,2025-12-09,6/3/2025,2025
2022,Eldorado (K-5),Eldorado,32,False,True,08_births_2025_2025-12-09.txt,2025-12-09,6/3/2025,2025
2022,Emerald,Emerald,99,False,True,08_births_2025_2025-12-09.txt,2025-12-09,6/3/2025,2025
2022,Fireside,Fireside,20,False,True,08_births_2025_2025-12-09.txt,2025-12-09,6/3/2025,2025
2022,Flatirons,Flatirons,44,False,True,08_births_2025_2025-12-09.txt,2025-12-09,6/3/2025,2025
2022,Foothill,Foothill,53,False,True,08_births_2025_2025-12-09.txt,2025-12-09,6/3/2025,2025
2022,Gold Hill,Gold Hill,2,False,True,08_births_2025_2025-12-09.txt,2025-12-09,6/3/2025,2025
2022,Heatherwood,Heatherwood,44,False,True,08_births_2025_2025-12-09.txt,2025-12-09,6/3/2025,2025
2022,Jamestown,Jamestown,1,False,True,08_births_2025_2025-12-09.txt,2025-12-09,6/3/2025,2025
2022,Kohl,Kohl,53,False,True,08_births_2025_2025-12-09.txt,2025-12-09,6/3/2025,2025
2022,Lafayette,Lafayette,77,False,True,08_births_2025_2025-12-09.txt,2025-12-09,6/3/2025,2025
2022,Louisville,Louisville,58,False,True,08_births_2025_2025-12-09.txt,2025-12-09,6/3/2025,2025
2022,Meadowlark,Meadowlark,92,False,True,08_births_2025_2025-12-09.txt,2025-12-09,6/3/2025,2025
2022,Mesa,Mesa,20,False,True,08_births_2025_2025-12-09.txt,2025-12-09,6/3/2025,2025
2022,Monarch (K-5),Monarch,49,False,True,08_births_2025_2025-12-09.txt,2025-12-09,6/3/2025,2025
2022,Nederland,Nederland,53,False,True,08_births_2025_2025-12-09.txt,2025-12-09,6/3/2025,2025
2022,Ryan,Ryan,137,False,True,08_births_2025_2025-12-09.txt,2025-12-09,6/3/2025,2025
2022,Sanchez,Sanchez,82,False,True,08_births_2025_2025-12-09.txt,2025-12-09,6/3/2025,2025
2022,Superior,Superior,38,False,True,08_births_2025_2025-12-09.txt,2025-12-09,6/3/2025,2025
2022,Unlocated,Unlocated,0,False,True,08_births_2025_2025-12-09.txt,2025-12-09,6/3/2025,2025
2022,Whittier,Whittier,63,False,True,08_births_2025_2025-12-09.txt,2025-12-09,6/3/2025,2025
2022,BVSD,BVSD,1575,True,True,08_births_2025_2025-12-09.txt,2025-12-09,6/3/2025,2025
2022,Boulder Total,Boulder Total,592,True,True,08_births_2025_2025-12-09.txt,2025-12-09,6/3/2025,2025
2022,E County Total,E County Total,893,True,True,08_births_2025_2025-12-09.txt,2025-12-09,6/3/2025,2025
2023,Aspen Crk,Aspen Creek,66,False,True,08_births_2025_2025-12-09.txt,2025-12-09,6/3/2025,2025
2023,BC-Creekside,BC-Creekside,7,False,True,08_births_2025_2025-12-09.txt,2025-12-09,6/3/2025,2025
2023,BC-Mesa,BC-Mesa,11,False,True,08_births_2025_2025-12-09.txt,2025-12-09,6/3/2025,2025
2023,Bear Creek,Bear Creek,15,False,True,08_births_2025_2025-12-09.txt,2025-12-09,6/3/2025,2025
2023,Birch,Birch,37,False,True,08_births_2025_2025-12-09.txt,2025-12-09,6/3/2025,2025
2023,Coal Creek,Coal Creek,20,False,True,08_births_2025_2025-12-09.txt,2025-12-09,6/3/2025,2025
2023,Columbine,Columbine,98,False,True,08_births_2025_2025-12-09.txt,2025-12-09,6/3/2025,2025
2023,Creekside,Creekside,85,False,True,08_births_2025_2025-12-09.txt,2025-12-09,6/3/2025,2025
2023,Crest View,Crest View,98,False,True,08_births_2025_2025-12-09.txt,2025-12-09,6/3/2025,2025
2023,Douglass,Douglass,44,False,True,08_births_2025_2025-12-09.txt,2025-12-09,6/3/2025,2025
2023,Eisenhower,Eisenhower,61,False,True,08_births_2025_2025-12-09.txt,2025-12-09,6/3/2025,2025
2023,Eldorado (K-5),Eldorado,27,False,True,08_births_2025_2025-12-09.txt,2025-12-09,6/3/2025,2025
2023,Emerald,Emerald,88,False,True,08_births_2025_2025-12-09.txt,2025-12-09,6/3/2025,2025
2023,Fireside,Fireside,32,False,True,08_births_2025_2025-12-09.txt,2025-12-09,6/3/2025,2025
2023,Flatirons,Flatirons,34,False,True,08_births_2025_2025-12-09.txt,2025-12-09,6/3/2025,2025
2023,Foothill,Foothill,62,False,True,08_births_2025_2025-12-09.txt,2025-12-09,6/3/2025,2025
2023,Gold Hill,Gold Hill,4,False,True,08_births_2025_2025-12-09.txt,2025-12-09,6/3/2025,2025
2023,Heatherwood,Heatherwood,42,False,True,08_births_2025_2025-12-09.txt,2025-12-09,6/3/2025,2025
2023,Jamestown,Jamestown,1,False,True,08_births_2025_2025-12-09.txt,2025-12-09,6/3/2025,2025
2023,Kohl,Kohl,51,False,True,08_births_2025_2025-12-09.txt,2025-12-09,6/3/2025,2025
2023,Lafayette,Lafayette,59,False,True,08_births_2025_2025-12-09.txt,2025-12-09,6/3/2025,2025
2023,Louisville,Louisville,57,False,True,08_births_2025_2025-12-09.txt,2025-12-09,6/3/2025,2025
2023,Meadowlark,Meadowlark,75,False,True,08_births_2025_2025-12-09.txt,2025-12-09,6/3/2025,2025
2023,Mesa,Mesa,21,False,True,08_births_2025_2025-12-09.txt,2025-12-09,6/3/2025,2025
2023,Monarch (K-5),Monarch,61,False,True,08_births_2025_2025-12-09.txt,2025-12-09,6/3/2025,2025
2023,Nederland,Nederland,47,False,True,08_births_2025_2025-12-09.txt,2025-12-09,6/3/2025,2025
2023,Ryan,Ryan,122,False,True,08_births_2025_2025-12-09.txt,2025-12-09,6/3/2025,2025
2023,Sanchez,Sanchez,107,False,True,08_births_2025_2025-12-09.txt,2025-12-09,6/3/2025,2025
2023,Superior,Superior,33,False,True,08_births_2025_2025-12-09.txt,2025-12-09,6/3/2025,2025
2023,Unlocated,Unlocated,0,False,True,08_births_2025_2025-12-09.txt,2025-12-09,6/3/2025,2025
2023,Whittier,Whittier,59,False,True,08_births_2025_2025-12-09.txt,2025-12-09,6/3/2025,2025
2023,BVSD,BVSD,1524,True,True,08_births_2025_2025-12-09.txt,2025-12-09,6/3/2025,2025
2023,Boulder Total,Boulder Total,586,True,True,08_births_2025_2025-12-09.txt,2025-12-09,6/3/2025,2025
2023,E County Total,E County Total,852,True,True,08_births_2025_2025-12-09.txt,2025-12-09,6/3/2025,2025
2024,Aspen Crk,Aspen Creek,64,False,True,08_births_2025_2025-12-09.txt,2025-12-09,6/3/2025,2025
2024,BC-Creekside,BC-Creekside,3,False,True,08_births_2025_2025-12-09.txt,2025-12-09,6/3/2025,2025
2024,BC-Mesa,BC-Mesa,28,False,True,08_births_2025_2025-12-09.txt,2025-12-09,6/3/2025,2025
2024,Bear Creek,Bear Creek,17,False,True,08_births_2025_2025-12-09.txt,2025-12-09,6/3/2025,2025
2024,Birch,Birch,40,False,True,08_births_2025_2025-12-09.txt,2025-12-09,6/3/2025,2025
2024,Coal Creek,Coal Creek,40,False,True,08_births_2025_2025-12-09.txt,2025-12-09,6/3/2025,2025
2024,Columbine,Columbine,99,False,True,08_births_2025_2025-12-09.txt,2025-12-09,6/3/2025,2025
2024,Creekside,Creekside,76,False,True,08_births_2025_2025-12-09.txt,2025-12-09,6/3/2025,2025
2024,Crest View,Crest View,115,False,True,08_births_2025_2025-12-09.txt,2025-12-09,6/3/2025,2025
2024,Douglass,Douglass,41,False,True,08_births_2025_2025-12-09.txt,2025-12-09,6/3/2025,2025
2024,Eisenhower,Eisenhower,61,False,True,08_births_2025_2025-12-09.txt,2025-12-09,6/3/2025,2025
2024,Eldorado (K-5),Eldorado,34,False,True,08_births_2025_2025-12-09.txt,2025-12-09,6/3/2025,2025
2024,Emerald,Emerald,79,False,True,08_births_2025_2025-12-09.txt,2025-12-09,6/3/2025,2025
2024,Fireside,Fireside,26,False,True,08_births_2025_2025-12-09.txt,2025-12-09,6/3/2025,2025
2024,Flatirons,Flatirons,35,False,True,08_births_2025_2025-12-09.txt,2025-12-09,6/3/2025,2025
2024,Foothill,Foothill,59,False,True,08_births_2025_2025-12-09.txt,2025-12-09,6/3/2025,2025
2024,Gold Hill,Gold Hill,3,False,True,08_births_2025_2025-12-09.txt,2025-12-09,6/3/2025,2025
2024,Heatherwood,Heatherwood,53,False,True,08_births_2025_2025-12-09.txt,2025-12-09,6/3/2025,2025
2024,Jamestown,Jamestown,3,False,True,08_births_2025_2025-12-09.txt,2025-12-09,6/3/2025,2025
2024,Kohl,Kohl,47,False,True,08_births_2025_2025-12-09.txt,2025-12-09,6/3/2025,2025
2024,Lafayette,Lafayette,84,False,True,08_births_2025_2025-12-09.txt,2025-12-09,6/3/2025,2025
2024,Louisville,Louisville,48,False,True,08_births_2025_2025-12-09.txt,2025-12-09,6/3/2025,2025
2024,Meadowlark,Meadowlark,73,False,True,08_births_2025_2025-12-09.txt,2025-12-09,6/3/2025,2025
2024,Mesa,Mesa,22,False,True,08_births_2025_2025-12-09.txt,2025-12-09,6/3/2025,2025
2024,Monarch (K-5),Monarch,80,False,True,08_births_2025_2025-12-09.txt,2025-12-09,6/3/2025,2025
2024,Nederland,Nederland,46,False,True,08_births_2025_2025-12-09.txt,2025-12-09,6/3/2025,2025
2024,Ryan,Ryan,124,False,True,08_births_2025_2025-12-09.txt,2025-12-09,6/3/2025,2025
2024,Sanchez,Sanchez,108,False,True,08_births_2025_2025-12-09.txt,2025-12-09,6/3/2025,2025
2024,Superior,Superior,23,False,True,08_births_2025_2025-12-09.txt,2025-12-09,6/3/2025,2025
2024,Unlocated,Unlocated,0,False,True,08_births_2025_2025-12-09.txt,2025-12-09,6/3/2025,2025
2024,Whittier,Whittier,56,False,True,08_births_2025_2025-12-09.txt,2025-12-09,6/3/2025,2025
2024,BVSD,BVSD,1587,True,True,08_births_2025_2025-12-09.txt,2025-12-09,6/3/2025,2025
2024,Boulder Total,Boulder Total,621,True,True,08_births_2025_2025-12-09.txt,2025-12-09,6/3/2025,2025
2024,E County Total,E County Total,877,True,True,08_births_2025_2025-12-09.txt,2025-12-09,6/3/2025,2025
