png,y,x,conf,text
data/raw/bvsd/page_renders/resilient_schools_proposal_2026-08-25_p13.png,57,61,0.985,Resilient SchoolsProposal
data/raw/bvsd/page_renders/resilient_schools_proposal_2026-08-25_p13.png,89,60,0.996,5-year Elementary Enrollment Projections
data/raw/bvsd/page_renders/resilient_schools_proposal_2026-08-25_p13.png,229,65,0.97,ELEMENTARYENROLLMENTTRENDS
data/raw/bvsd/page_renders/resilient_schools_proposal_2026-08-25_p13.png,314,170,1.0,Boulder
data/raw/bvsd/page_renders/resilient_schools_proposal_2026-08-25_p13.png,370,173,0.993,Continued enrollment declines
data/raw/bvsd/page_renders/resilient_schools_proposal_2026-08-25_p13.png,415,172,0.992,8 of 14 (57%) schools projected to be at or below 2 classes per grade level with a regional building utilization of 59%. Two
data/raw/bvsd/page_renders/resilient_schools_proposal_2026-08-25_p13.png,457,171,0.996,additional schools are projected to be near the threshold for only two classes per grade level.
data/raw/bvsd/page_renders/resilient_schools_proposal_2026-08-25_p13.png,534,171,0.999,Louisville-Superior
data/raw/bvsd/page_renders/resilient_schools_proposal_2026-08-25_p13.png,587,173,0.984,Continued enrollment declines
data/raw/bvsd/page_renders/resilient_schools_proposal_2026-08-25_p13.png,631,172,0.994,3 of 6 (50%) schools projected to be at or below 2 classes per grade level with a regional building utilization of 64%
data/raw/bvsd/page_renders/resilient_schools_proposal_2026-08-25_p13.png,708,173,0.999,Lafayette-Erie
data/raw/bvsd/page_renders/resilient_schools_proposal_2026-08-25_p13.png,759,172,0.988,Slow enrollment growth
data/raw/bvsd/page_renders/resilient_schools_proposal_2026-08-25_p13.png,807,173,0.986,One school projected to be at or below 2 classes per grade level with a regional building utilization of 82%
data/raw/bvsd/page_renders/resilient_schools_proposal_2026-08-25_p13.png,881,171,0.995,Broomfield
data/raw/bvsd/page_renders/resilient_schools_proposal_2026-08-25_p13.png,936,173,0.991,Continued enrollment declines
data/raw/bvsd/page_renders/resilient_schools_proposal_2026-08-25_p13.png,980,173,0.99,2 of 4 (50%) schools projected to be at or below 2 classes per grade level with a regional building utilization of 74%
data/raw/bvsd/page_renders/resilient_schools_proposal_2026-08-25_p13.png,1141,70,0.995,BVSD
data/raw/bvsd/page_renders/resilient_schools_proposal_2026-08-25_p13.png,1147,2085,0.999,13
data/raw/bvsd/page_renders/resilient_schools_proposal_2026-08-25_p43.png,56,60,0.985,ResilientSchoolsProposal|Boulder
data/raw/bvsd/page_renders/resilient_schools_proposal_2026-08-25_p43.png,101,59,0.997,Elementary
data/raw/bvsd/page_renders/resilient_schools_proposal_2026-08-25_p43.png,104,518,0.993,Attendance Areas
data/raw/bvsd/page_renders/resilient_schools_proposal_2026-08-25_p43.png,228,1572,0.99,Current State
data/raw/bvsd/page_renders/resilient_schools_proposal_2026-08-25_p43.png,289,1372,0.992,2025K-5Utilization
data/raw/bvsd/page_renders/resilient_schools_proposal_2026-08-25_p43.png,289,1799,0.998,2030K-5Utilization
data/raw/bvsd/page_renders/resilient_schools_proposal_2026-08-25_p43.png,388,338,0.993,Jamestown
data/raw/bvsd/page_renders/resilient_schools_proposal_2026-08-25_p43.png,398,1348,0.999,Excess
data/raw/bvsd/page_renders/resilient_schools_proposal_2026-08-25_p43.png,409,1770,0.996,Excess
data/raw/bvsd/page_renders/resilient_schools_proposal_2026-08-25_p43.png,437,1350,0.989,Capacity
data/raw/bvsd/page_renders/resilient_schools_proposal_2026-08-25_p43.png,448,1771,0.983,Capacity
data/raw/bvsd/page_renders/resilient_schools_proposal_2026-08-25_p43.png,474,1348,1.0,36.9%
data/raw/bvsd/page_renders/resilient_schools_proposal_2026-08-25_p43.png,486,1769,1.0,39.5%
data/raw/bvsd/page_renders/resilient_schools_proposal_2026-08-25_p43.png,502,760,0.991,CrestView
data/raw/bvsd/page_renders/resilient_schools_proposal_2026-08-25_p43.png,520,1464,0.999,Total
data/raw/bvsd/page_renders/resilient_schools_proposal_2026-08-25_p43.png,523,1886,0.999,Total
data/raw/bvsd/page_renders/resilient_schools_proposal_2026-08-25_p43.png,538,594,0.989,Foothill
data/raw/bvsd/page_renders/resilient_schools_proposal_2026-08-25_p43.png,557,1465,0.996,Enrollment
data/raw/bvsd/page_renders/resilient_schools_proposal_2026-08-25_p43.png,561,1888,0.997,Enrollment
data/raw/bvsd/page_renders/resilient_schools_proposal_2026-08-25_p43.png,567,228,0.954,Gold Hill
data/raw/bvsd/page_renders/resilient_schools_proposal_2026-08-25_p43.png,580,895,0.994,Heatherwood
data/raw/bvsd/page_renders/resilient_schools_proposal_2026-08-25_p43.png,597,1464,1.0,63.1%
data/raw/bvsd/page_renders/resilient_schools_proposal_2026-08-25_p43.png,600,1887,1.0,60.5%
data/raw/bvsd/page_renders/resilient_schools_proposal_2026-08-25_p43.png,643,731,0.872,olumbine
data/raw/bvsd/page_renders/resilient_schools_proposal_2026-08-25_p43.png,681,1374,0.999,2585openseats
data/raw/bvsd/page_renders/resilient_schools_proposal_2026-08-25_p43.png,681,1807,0.999,2763openseats
data/raw/bvsd/page_renders/resilient_schools_proposal_2026-08-25_p43.png,693,975,0.991,Douglass
data/raw/bvsd/page_renders/resilient_schools_proposal_2026-08-25_p43.png,702,686,0.982,Whittier
data/raw/bvsd/page_renders/resilient_schools_proposal_2026-08-25_p43.png,709,889,0.922,Arapahpe Rd
data/raw/bvsd/page_renders/resilient_schools_proposal_2026-08-25_p43.png,733,1353,0.979,"There are 2,113 elementary students living in north Boulder and"
data/raw/bvsd/page_renders/resilient_schools_proposal_2026-08-25_p43.png,738,435,0.925,Boulder Cyn Dr.
data/raw/bvsd/page_renders/resilient_schools_proposal_2026-08-25_p43.png,753,605,0.989,Flatirons
data/raw/bvsd/page_renders/resilient_schools_proposal_2026-08-25_p43.png,765,1350,0.988,seven schools (one focus and six neighborhood).
data/raw/bvsd/page_renders/resilient_schools_proposal_2026-08-25_p43.png,786,812,0.992,Eisenhower
data/raw/bvsd/page_renders/resilient_schools_proposal_2026-08-25_p43.png,797,723,0.989,Creekside
data/raw/bvsd/page_renders/resilient_schools_proposal_2026-08-25_p43.png,816,1353,0.994,"Thereare1,757elementarystudentslivinginsouthBoulderand"
data/raw/bvsd/page_renders/resilient_schools_proposal_2026-08-25_p43.png,830,709,0.949,Bear-Creek
data/raw/bvsd/page_renders/resilient_schools_proposal_2026-08-25_p43.png,845,1349,0.998,nine schools (four focus/charter and five neighborhood).
data/raw/bvsd/page_renders/resilient_schools_proposal_2026-08-25_p43.png,917,1308,0.958,CurrentPK-5 schools:16
data/raw/bvsd/page_renders/resilient_schools_proposal_2026-08-25_p43.png,939,1748,0.96,Schools needed
data/raw/bvsd/page_renders/resilient_schools_proposal_2026-08-25_p43.png,946,2002,0.999,10
data/raw/bvsd/page_renders/resilient_schools_proposal_2026-08-25_p43.png,967,759,0.995,Mesa
data/raw/bvsd/page_renders/resilient_schools_proposal_2026-08-25_p43.png,967,1303,0.999,2030
data/raw/bvsd/page_renders/resilient_schools_proposal_2026-08-25_p43.png,974,832,0.96,Foothills Hwy
data/raw/bvsd/page_renders/resilient_schools_proposal_2026-08-25_p43.png,979,1748,0.976,tosustain three
data/raw/bvsd/page_renders/resilient_schools_proposal_2026-08-25_p43.png,1007,1305,0.98,"Projected resident students:3,522"
data/raw/bvsd/page_renders/resilient_schools_proposal_2026-08-25_p43.png,1011,1748,0.992,classes/grade
data/raw/bvsd/page_renders/resilient_schools_proposal_2026-08-25_p43.png,1041,1304,0.984,"Projected enrollment: 4,241"
data/raw/bvsd/page_renders/resilient_schools_proposal_2026-08-25_p43.png,1141,77,0.996,BVSD
data/raw/bvsd/page_renders/resilient_schools_proposal_2026-08-25_p43.png,1148,2083,1.0,43
data/raw/bvsd/page_renders/resilient_schools_proposal_2026-08-25_p44.png,55,60,0.991,ResilientSchoolsProposal|Boulder
data/raw/bvsd/page_renders/resilient_schools_proposal_2026-08-25_p44.png,106,736,0.983,Student Composition
data/raw/bvsd/page_renders/resilient_schools_proposal_2026-08-25_p44.png,112,61,0.963,AttendanceAreas
data/raw/bvsd/page_renders/resilient_schools_proposal_2026-08-25_p44.png,221,766,1.0,2025-26
data/raw/bvsd/page_renders/resilient_schools_proposal_2026-08-25_p44.png,250,1757,0.984,2030 Projected resident
data/raw/bvsd/page_renders/resilient_schools_proposal_2026-08-25_p44.png,282,360,0.999,100
data/raw/bvsd/page_renders/resilient_schools_proposal_2026-08-25_p44.png,282,950,0.999,400
data/raw/bvsd/page_renders/resilient_schools_proposal_2026-08-25_p44.png,282,1146,1.0,500
data/raw/bvsd/page_renders/resilient_schools_proposal_2026-08-25_p44.png,283,557,1.0,200
data/raw/bvsd/page_renders/resilient_schools_proposal_2026-08-25_p44.png,283,756,1.0,300
data/raw/bvsd/page_renders/resilient_schools_proposal_2026-08-25_p44.png,284,1345,0.999,600
data/raw/bvsd/page_renders/resilient_schools_proposal_2026-08-25_p44.png,284,1542,1.0,700
data/raw/bvsd/page_renders/resilient_schools_proposal_2026-08-25_p44.png,287,1756,1.0,students
data/raw/bvsd/page_renders/resilient_schools_proposal_2026-08-25_p44.png,291,183,0.895,0
data/raw/bvsd/page_renders/resilient_schools_proposal_2026-08-25_p44.png,342,1755,1.0,2 classes/grade
data/raw/bvsd/page_renders/resilient_schools_proposal_2026-08-25_p44.png,346,64,0.999,Flatirons
data/raw/bvsd/page_renders/resilient_schools_proposal_2026-08-25_p44.png,394,1757,1.0,Attending neighborhood
data/raw/bvsd/page_renders/resilient_schools_proposal_2026-08-25_p44.png,414,101,0.997,Mesa
data/raw/bvsd/page_renders/resilient_schools_proposal_2026-08-25_p44.png,431,1756,0.999,school
data/raw/bvsd/page_renders/resilient_schools_proposal_2026-08-25_p44.png,479,45,0.999,BearCreek
data/raw/bvsd/page_renders/resilient_schools_proposal_2026-08-25_p44.png,485,1758,0.982,Attending a different
data/raw/bvsd/page_renders/resilient_schools_proposal_2026-08-25_p44.png,520,1756,1.0,school
data/raw/bvsd/page_renders/resilient_schools_proposal_2026-08-25_p44.png,546,60,1.0,Douglass
data/raw/bvsd/page_renders/resilient_schools_proposal_2026-08-25_p44.png,609,76,0.994,Whittier
data/raw/bvsd/page_renders/resilient_schools_proposal_2026-08-25_p44.png,614,1636,0.991,Takeaway
data/raw/bvsd/page_renders/resilient_schools_proposal_2026-08-25_p44.png,678,16,1.0,Heatherwood
data/raw/bvsd/page_renders/resilient_schools_proposal_2026-08-25_p44.png,696,1706,0.976,There are not enough
data/raw/bvsd/page_renders/resilient_schools_proposal_2026-08-25_p44.png,742,37,0.999,Eisenhower
data/raw/bvsd/page_renders/resilient_schools_proposal_2026-08-25_p44.png,744,1704,0.998,resident students in
data/raw/bvsd/page_renders/resilient_schools_proposal_2026-08-25_p44.png,786,1705,0.998,Boulder to sustain 16
data/raw/bvsd/page_renders/resilient_schools_proposal_2026-08-25_p44.png,807,79,1.0,Foothill
data/raw/bvsd/page_renders/resilient_schools_proposal_2026-08-25_p44.png,831,1703,0.999,elementary schools
data/raw/bvsd/page_renders/resilient_schools_proposal_2026-08-25_p44.png,872,54,0.999,Creekside
data/raw/bvsd/page_renders/resilient_schools_proposal_2026-08-25_p44.png,879,1703,0.981,above two
data/raw/bvsd/page_renders/resilient_schools_proposal_2026-08-25_p44.png,926,1705,0.977,classes/grade.
data/raw/bvsd/page_renders/resilient_schools_proposal_2026-08-25_p44.png,937,45,1.0,Columbine
data/raw/bvsd/page_renders/resilient_schools_proposal_2026-08-25_p44.png,1006,47,0.998,CrestView
data/raw/bvsd/page_renders/resilient_schools_proposal_2026-08-25_p44.png,1060,602,0.968,Number of Resident Students
data/raw/bvsd/page_renders/resilient_schools_proposal_2026-08-25_p44.png,1141,77,0.996,BVSD
data/raw/bvsd/page_renders/resilient_schools_proposal_2026-08-25_p44.png,1147,2083,1.0,44
data/raw/bvsd/page_renders/resilient_schools_proposal_2026-08-25_p45.png,57,61,0.99,ResilientSchoolsProposal|Boulder
data/raw/bvsd/page_renders/resilient_schools_proposal_2026-08-25_p45.png,101,60,0.98,School Enrollment Composition
data/raw/bvsd/page_renders/resilient_schools_proposal_2026-08-25_p45.png,225,760,1.0,2025-26
data/raw/bvsd/page_renders/resilient_schools_proposal_2026-08-25_p45.png,251,1759,0.997,Projected 2030
data/raw/bvsd/page_renders/resilient_schools_proposal_2026-08-25_p45.png,268,470,0.999,100
data/raw/bvsd/page_renders/resilient_schools_proposal_2026-08-25_p45.png,268,662,1.0,200
data/raw/bvsd/page_renders/resilient_schools_proposal_2026-08-25_p45.png,268,852,0.999,300
data/raw/bvsd/page_renders/resilient_schools_proposal_2026-08-25_p45.png,268,1045,1.0,400
data/raw/bvsd/page_renders/resilient_schools_proposal_2026-08-25_p45.png,268,1237,1.0,500
data/raw/bvsd/page_renders/resilient_schools_proposal_2026-08-25_p45.png,268,1428,0.999,600
data/raw/bvsd/page_renders/resilient_schools_proposal_2026-08-25_p45.png,273,294,0.902,0
data/raw/bvsd/page_renders/resilient_schools_proposal_2026-08-25_p45.png,294,1759,1.0,Capacity
data/raw/bvsd/page_renders/resilient_schools_proposal_2026-08-25_p45.png,318,186,1.0,Flatirons
data/raw/bvsd/page_renders/resilient_schools_proposal_2026-08-25_p45.png,343,1758,0.994,2 classes/grade
data/raw/bvsd/page_renders/resilient_schools_proposal_2026-08-25_p45.png,366,163,0.999,Montessori
data/raw/bvsd/page_renders/resilient_schools_proposal_2026-08-25_p45.png,388,1762,0.998,Attending neighborhood school
data/raw/bvsd/page_renders/resilient_schools_proposal_2026-08-25_p45.png,411,221,0.998,Mesa
data/raw/bvsd/page_renders/resilient_schools_proposal_2026-08-25_p45.png,433,1762,0.97,OE-Infrom differentschool
data/raw/bvsd/page_renders/resilient_schools_proposal_2026-08-25_p45.png,457,142,1.0,Heatherwood
data/raw/bvsd/page_renders/resilient_schools_proposal_2026-08-25_p45.png,478,1760,0.954,Out of District enrollment
data/raw/bvsd/page_renders/resilient_schools_proposal_2026-08-25_p45.png,500,185,0.999,Horizons
data/raw/bvsd/page_renders/resilient_schools_proposal_2026-08-25_p45.png,548,214,0.998,BCSIS
data/raw/bvsd/page_renders/resilient_schools_proposal_2026-08-25_p45.png,592,198,0.964,Whittier
data/raw/bvsd/page_renders/resilient_schools_proposal_2026-08-25_p45.png,597,1707,0.991,Takeaway
data/raw/bvsd/page_renders/resilient_schools_proposal_2026-08-25_p45.png,639,162,0.999,Eisenhower
data/raw/bvsd/page_renders/resilient_schools_proposal_2026-08-25_p45.png,679,1760,0.98,14 of 15 non-charter
data/raw/bvsd/page_renders/resilient_schools_proposal_2026-08-25_p45.png,682,182,1.0,Douglass
data/raw/bvsd/page_renders/resilient_schools_proposal_2026-08-25_p45.png,724,1763,0.96,elementary schools have
data/raw/bvsd/page_renders/resilient_schools_proposal_2026-08-25_p45.png,727,162,0.999,High Peaks
data/raw/bvsd/page_renders/resilient_schools_proposal_2026-08-25_p45.png,762,1758,0.981,"available capacity,"
data/raw/bvsd/page_renders/resilient_schools_proposal_2026-08-25_p45.png,773,177,0.999,Creekside
data/raw/bvsd/page_renders/resilient_schools_proposal_2026-08-25_p45.png,804,1759,0.991,demonstrating the region
data/raw/bvsd/page_renders/resilient_schools_proposal_2026-08-25_p45.png,821,169,0.999,BearCreek
data/raw/bvsd/page_renders/resilient_schools_proposal_2026-08-25_p45.png,844,1758,0.972,has more elementary
data/raw/bvsd/page_renders/resilient_schools_proposal_2026-08-25_p45.png,865,170,0.999,Columbine
data/raw/bvsd/page_renders/resilient_schools_proposal_2026-08-25_p45.png,887,1759,0.983,capacity than its
data/raw/bvsd/page_renders/resilient_schools_proposal_2026-08-25_p45.png,912,171,0.997,CrestView
data/raw/bvsd/page_renders/resilient_schools_proposal_2026-08-25_p45.png,926,1759,0.991,projected enrollment and
data/raw/bvsd/page_renders/resilient_schools_proposal_2026-08-25_p45.png,955,198,0.998,Uni-Hill
data/raw/bvsd/page_renders/resilient_schools_proposal_2026-08-25_p45.png,969,1758,0.997,resident student
data/raw/bvsd/page_renders/resilient_schools_proposal_2026-08-25_p45.png,1002,201,1.0,Foothill
data/raw/bvsd/page_renders/resilient_schools_proposal_2026-08-25_p45.png,1012,1759,0.976,population require.
data/raw/bvsd/page_renders/resilient_schools_proposal_2026-08-25_p45.png,1065,708,0.955,Number of Enrolled Students
data/raw/bvsd/page_renders/resilient_schools_proposal_2026-08-25_p45.png,1141,77,0.996,BVSD
data/raw/bvsd/page_renders/resilient_schools_proposal_2026-08-25_p45.png,1147,2083,1.0,45
data/raw/bvsd/page_renders/resilient_schools_proposal_2026-08-25_p51.png,55,60,0.981,ResilientSchoolsProposal|Boulder
data/raw/bvsd/page_renders/resilient_schools_proposal_2026-08-25_p51.png,107,65,0.96,ConsolidateMesa and Bear Creek
data/raw/bvsd/page_renders/resilient_schools_proposal_2026-08-25_p51.png,248,837,0.992,Enrollment&Utilization
data/raw/bvsd/page_renders/resilient_schools_proposal_2026-08-25_p51.png,338,1513,0.999,Projected*
data/raw/bvsd/page_renders/resilient_schools_proposal_2026-08-25_p51.png,344,476,0.999,Current
data/raw/bvsd/page_renders/resilient_schools_proposal_2026-08-25_p51.png,608,1455,0.982,Consolidated School
data/raw/bvsd/page_renders/resilient_schools_proposal_2026-08-25_p51.png,634,766,0.999,Mesa
data/raw/bvsd/page_renders/resilient_schools_proposal_2026-08-25_p51.png,638,213,0.962,Bear Creek
data/raw/bvsd/page_renders/resilient_schools_proposal_2026-08-25_p51.png,650,1554,0.994,Capacity: 492
data/raw/bvsd/page_renders/resilient_schools_proposal_2026-08-25_p51.png,682,732,0.993,Capacity: 418
data/raw/bvsd/page_renders/resilient_schools_proposal_2026-08-25_p51.png,683,225,0.992,Capacity: 492
data/raw/bvsd/page_renders/resilient_schools_proposal_2026-08-25_p51.png,720,1521,0.996,2027-28Projected
data/raw/bvsd/page_renders/resilient_schools_proposal_2026-08-25_p51.png,754,255,1.0,2025-26
data/raw/bvsd/page_renders/resilient_schools_proposal_2026-08-25_p51.png,754,763,1.0,2025-26
data/raw/bvsd/page_renders/resilient_schools_proposal_2026-08-25_p51.png,756,1493,0.999,ResidentStudents:473
data/raw/bvsd/page_renders/resilient_schools_proposal_2026-08-25_p51.png,790,1449,0.975,EnrolledStudents:392to445
data/raw/bvsd/page_renders/resilient_schools_proposal_2026-08-25_p51.png,793,162,0.999,ResidentStudents:275
data/raw/bvsd/page_renders/resilient_schools_proposal_2026-08-25_p51.png,794,670,0.998,ResidentStudents:228
data/raw/bvsd/page_renders/resilient_schools_proposal_2026-08-25_p51.png,828,1495,0.978,Utilization:80%to90%
data/raw/bvsd/page_renders/resilient_schools_proposal_2026-08-25_p51.png,830,167,0.977,Enrolled Students:312
data/raw/bvsd/page_renders/resilient_schools_proposal_2026-08-25_p51.png,830,674,0.992,EnrolledStudents:224
data/raw/bvsd/page_renders/resilient_schools_proposal_2026-08-25_p51.png,864,212,0.972,Utilization: 63%
data/raw/bvsd/page_renders/resilient_schools_proposal_2026-08-25_p51.png,864,720,0.97,Utilization: 54%
data/raw/bvsd/page_renders/resilient_schools_proposal_2026-08-25_p51.png,893,1520,0.997,2030-31Projected
data/raw/bvsd/page_renders/resilient_schools_proposal_2026-08-25_p51.png,931,1493,0.999,ResidentStudents:522
data/raw/bvsd/page_renders/resilient_schools_proposal_2026-08-25_p51.png,965,1451,0.996,EnrolledStudents:403to462
data/raw/bvsd/page_renders/resilient_schools_proposal_2026-08-25_p51.png,1002,1496,0.955,Utilization:82%to94%
data/raw/bvsd/page_renders/resilient_schools_proposal_2026-08-25_p51.png,1067,388,0.988,*Projected enrollment ranges dependent on number of resident students from the sending school attending the receiving school.
data/raw/bvsd/page_renders/resilient_schools_proposal_2026-08-25_p51.png,1141,75,0.994,BVSD
data/raw/bvsd/page_renders/resilient_schools_proposal_2026-08-25_p51.png,1146,2083,1.0,51
data/raw/bvsd/page_renders/resilient_schools_proposal_2026-08-25_p55.png,56,59,0.994,ResilientSchoolsProposal|Boulder
data/raw/bvsd/page_renders/resilient_schools_proposal_2026-08-25_p55.png,101,57,0.993,All Proposed Changes
data/raw/bvsd/page_renders/resilient_schools_proposal_2026-08-25_p55.png,268,478,0.985,Current and Post Change K-5 Utilization in Boulder
data/raw/bvsd/page_renders/resilient_schools_proposal_2026-08-25_p55.png,414,324,0.995,2025K-5Utilization
data/raw/bvsd/page_renders/resilient_schools_proposal_2026-08-25_p55.png,415,1320,0.995,2030PostClosuresK-5Utilization
data/raw/bvsd/page_renders/resilient_schools_proposal_2026-08-25_p55.png,579,285,0.999,Excess
data/raw/bvsd/page_renders/resilient_schools_proposal_2026-08-25_p55.png,594,1396,0.998,Excess
data/raw/bvsd/page_renders/resilient_schools_proposal_2026-08-25_p55.png,637,285,0.991,Capacity
data/raw/bvsd/page_renders/resilient_schools_proposal_2026-08-25_p55.png,645,1394,0.966,Capacity
data/raw/bvsd/page_renders/resilient_schools_proposal_2026-08-25_p55.png,700,286,1.0,36.9%
data/raw/bvsd/page_renders/resilient_schools_proposal_2026-08-25_p55.png,705,1395,1.0,32.1%
data/raw/bvsd/page_renders/resilient_schools_proposal_2026-08-25_p55.png,764,1579,0.999,Total
data/raw/bvsd/page_renders/resilient_schools_proposal_2026-08-25_p55.png,768,465,0.999,Total
data/raw/bvsd/page_renders/resilient_schools_proposal_2026-08-25_p55.png,821,1580,0.996,Enrollment
data/raw/bvsd/page_renders/resilient_schools_proposal_2026-08-25_p55.png,827,466,0.995,Enrollment
data/raw/bvsd/page_renders/resilient_schools_proposal_2026-08-25_p55.png,884,1580,1.0,67.9%
data/raw/bvsd/page_renders/resilient_schools_proposal_2026-08-25_p55.png,887,467,1.0,63.1%
data/raw/bvsd/page_renders/resilient_schools_proposal_2026-08-25_p55.png,1141,75,0.995,BVSD
data/raw/bvsd/page_renders/resilient_schools_proposal_2026-08-25_p55.png,1147,2084,0.997,55
data/raw/bvsd/page_renders/trend_report_feb2024_p08.png,668,770,0.992,Enrollment
data/raw/bvsd/page_renders/trend_report_feb2024_p08.png,673,1433,0.997,Trend
data/raw/bvsd/page_renders/trend_report_feb2024_p08.png,678,330,0.995,Annual
data/raw/bvsd/page_renders/trend_report_feb2024_p08.png,835,866,0.997,Report
data/raw/bvsd/page_renders/trend_report_feb2024_p11.png,65,1262,0.984,YellowindcatesinitialAdvisoryPhasecriteriamet(<=2roundsand/or<=60%)
data/raw/bvsd/page_renders/trend_report_feb2024_p11.png,68,120,0.994,BVSDCAPACITYSUMMARY2023-24
data/raw/bvsd/page_renders/trend_report_feb2024_p11.png,93,119,0.978,PercentCapacitybySchool（updated1/26/2024)
data/raw/bvsd/page_renders/trend_report_feb2024_p11.png,95,1200,0.988,OrangeindicatesinitialEngagementPhasecriteriamet(<=1.5roundsand/or<=50%)
data/raw/bvsd/page_renders/trend_report_feb2024_p11.png,126,961,0.983,BoxIndicatesallEngagementPhaseCriteraMet（<=1.5roundsand<=50%in2023-24andprojectedfor5years)
data/raw/bvsd/page_renders/trend_report_feb2024_p11.png,149,1572,0.977,Mountainorspecializedprogram(exempt)
data/raw/bvsd/page_renders/trend_report_feb2024_p11.png,188,483,0.997,ACTUAL
data/raw/bvsd/page_renders/trend_report_feb2024_p11.png,189,1343,0.997,PROJECTED
data/raw/bvsd/page_renders/trend_report_feb2024_p11.png,213,1521,0.998,2027-28
data/raw/bvsd/page_renders/trend_report_feb2024_p11.png,214,996,0.998,2025-26
data/raw/bvsd/page_renders/trend_report_feb2024_p11.png,214,1703,0.999,2027
data/raw/bvsd/page_renders/trend_report_feb2024_p11.png,215,518,0.998,2023-24
data/raw/bvsd/page_renders/trend_report_feb2024_p11.png,215,1175,0.999,2025
data/raw/bvsd/page_renders/trend_report_feb2024_p11.png,215,1384,0.978,%
data/raw/bvsd/page_renders/trend_report_feb2024_p11.png,216,302,0.998,2023-24
data/raw/bvsd/page_renders/trend_report_feb2024_p11.png,216,634,0.901,%
data/raw/bvsd/page_renders/trend_report_feb2024_p11.png,216,689,0.999,2023
data/raw/bvsd/page_renders/trend_report_feb2024_p11.png,216,759,0.998,2024-25
data/raw/bvsd/page_renders/trend_report_feb2024_p11.png,216,873,0.838,%
data/raw/bvsd/page_renders/trend_report_feb2024_p11.png,216,928,0.999,2024
data/raw/bvsd/page_renders/trend_report_feb2024_p11.png,216,1251,0.998,2026-27
data/raw/bvsd/page_renders/trend_report_feb2024_p11.png,216,1456,0.999,2026
data/raw/bvsd/page_renders/trend_report_feb2024_p11.png,216,1643,0.978,%
data/raw/bvsd/page_renders/trend_report_feb2024_p11.png,216,1781,0.998,2028-29
data/raw/bvsd/page_renders/trend_report_feb2024_p11.png,216,1906,0.981,%
data/raw/bvsd/page_renders/trend_report_feb2024_p11.png,216,1973,0.999,2028
data/raw/bvsd/page_renders/trend_report_feb2024_p11.png,217,412,0.964,Capacity
data/raw/bvsd/page_renders/trend_report_feb2024_p11.png,217,1114,0.993,%
data/raw/bvsd/page_renders/trend_report_feb2024_p11.png,240,1016,0.989,Proj.
data/raw/bvsd/page_renders/trend_report_feb2024_p11.png,241,777,0.993,Proj.
data/raw/bvsd/page_renders/trend_report_feb2024_p11.png,241,1269,0.991,Proj.
data/raw/bvsd/page_renders/trend_report_feb2024_p11.png,241,1369,0.967,Cap.
data/raw/bvsd/page_renders/trend_report_feb2024_p11.png,241,1542,0.986,Proj.
data/raw/bvsd/page_renders/trend_report_feb2024_p11.png,241,1629,0.982,Cap.
data/raw/bvsd/page_renders/trend_report_feb2024_p11.png,241,1799,0.984,Proj.
data/raw/bvsd/page_renders/trend_report_feb2024_p11.png,242,115,0.993,Elementary
data/raw/bvsd/page_renders/trend_report_feb2024_p11.png,242,532,0.996,Enroll
data/raw/bvsd/page_renders/trend_report_feb2024_p11.png,242,621,0.992,Cap.
data/raw/bvsd/page_renders/trend_report_feb2024_p11.png,242,1893,0.989,Cap.
data/raw/bvsd/page_renders/trend_report_feb2024_p11.png,243,417,0.998,Rounds
data/raw/bvsd/page_renders/trend_report_feb2024_p11.png,243,862,0.983,Cap.
data/raw/bvsd/page_renders/trend_report_feb2024_p11.png,243,1100,0.992,Cap.
data/raw/bvsd/page_renders/trend_report_feb2024_p11.png,244,297,0.996,Capacity*
data/raw/bvsd/page_renders/trend_report_feb2024_p11.png,244,687,0.994,Rnds.
data/raw/bvsd/page_renders/trend_report_feb2024_p11.png,244,925,0.994,Rnds.
data/raw/bvsd/page_renders/trend_report_feb2024_p11.png,244,1452,0.993,Rnds.
data/raw/bvsd/page_renders/trend_report_feb2024_p11.png,244,1703,0.993,Rnds.
data/raw/bvsd/page_renders/trend_report_feb2024_p11.png,245,1969,0.994,Rnds.
data/raw/bvsd/page_renders/trend_report_feb2024_p11.png,246,1173,0.993,Rnds.
data/raw/bvsd/page_renders/trend_report_feb2024_p11.png,271,813,0.999,440
data/raw/bvsd/page_renders/trend_report_feb2024_p11.png,271,1305,0.999,440
data/raw/bvsd/page_renders/trend_report_feb2024_p11.png,273,328,0.996,461
data/raw/bvsd/page_renders/trend_report_feb2024_p11.png,273,477,0.999,3.0
data/raw/bvsd/page_renders/trend_report_feb2024_p11.png,273,544,0.999,420
data/raw/bvsd/page_renders/trend_report_feb2024_p11.png,273,634,0.981,91%
data/raw/bvsd/page_renders/trend_report_feb2024_p11.png,273,722,0.999,2.8
data/raw/bvsd/page_renders/trend_report_feb2024_p11.png,273,873,0.998,95%
data/raw/bvsd/page_renders/trend_report_feb2024_p11.png,273,959,0.999,2.9
data/raw/bvsd/page_renders/trend_report_feb2024_p11.png,273,1026,0.998,439
data/raw/bvsd/page_renders/trend_report_feb2024_p11.png,273,1113,0.999,95%
data/raw/bvsd/page_renders/trend_report_feb2024_p11.png,273,1213,0.998,2.9
data/raw/bvsd/page_renders/trend_report_feb2024_p11.png,273,1487,0.999,2.9
data/raw/bvsd/page_renders/trend_report_feb2024_p11.png,273,1550,0.998,429
data/raw/bvsd/page_renders/trend_report_feb2024_p11.png,273,1735,0.999,2.9
data/raw/bvsd/page_renders/trend_report_feb2024_p11.png,273,2010,0.999,2.8
data/raw/bvsd/page_renders/trend_report_feb2024_p11.png,274,115,0.951,Aspen Creek
data/raw/bvsd/page_renders/trend_report_feb2024_p11.png,274,1401,0.999,95%
data/raw/bvsd/page_renders/trend_report_feb2024_p11.png,274,1650,0.998,93%
data/raw/bvsd/page_renders/trend_report_feb2024_p11.png,274,1806,0.996,415
data/raw/bvsd/page_renders/trend_report_feb2024_p11.png,274,1914,0.998,%06
data/raw/bvsd/page_renders/trend_report_feb2024_p11.png,294,474,0.997,4.0
data/raw/bvsd/page_renders/trend_report_feb2024_p11.png,294,720,0.999,3.4
data/raw/bvsd/page_renders/trend_report_feb2024_p11.png,295,1486,0.949,3.2
data/raw/bvsd/page_renders/trend_report_feb2024_p11.png,296,958,0.998,3.2
data/raw/bvsd/page_renders/trend_report_feb2024_p11.png,296,1213,0.998,3.2
data/raw/bvsd/page_renders/trend_report_feb2024_p11.png,296,1735,0.985,3.1
data/raw/bvsd/page_renders/trend_report_feb2024_p11.png,296,2009,0.996,3.1
data/raw/bvsd/page_renders/trend_report_feb2024_p11.png,297,328,0.999,590
data/raw/bvsd/page_renders/trend_report_feb2024_p11.png,297,544,0.999,510
data/raw/bvsd/page_renders/trend_report_feb2024_p11.png,297,634,0.997,%98
data/raw/bvsd/page_renders/trend_report_feb2024_p11.png,297,817,0.999,486
data/raw/bvsd/page_renders/trend_report_feb2024_p11.png,297,873,0.998,82%
data/raw/bvsd/page_renders/trend_report_feb2024_p11.png,297,1027,0.999,480
data/raw/bvsd/page_renders/trend_report_feb2024_p11.png,297,1113,0.919,81%
data/raw/bvsd/page_renders/trend_report_feb2024_p11.png,297,1308,0.999,475
data/raw/bvsd/page_renders/trend_report_feb2024_p11.png,297,1400,0.969,81%
data/raw/bvsd/page_renders/trend_report_feb2024_p11.png,297,1551,0.999,462
data/raw/bvsd/page_renders/trend_report_feb2024_p11.png,297,1652,0.999,78%
data/raw/bvsd/page_renders/trend_report_feb2024_p11.png,297,1807,0.999,459
data/raw/bvsd/page_renders/trend_report_feb2024_p11.png,297,1914,0.999,78%
data/raw/bvsd/page_renders/trend_report_feb2024_p11.png,300,116,0.995,BCSIS-HP
data/raw/bvsd/page_renders/trend_report_feb2024_p11.png,319,1736,0.997,1.7
data/raw/bvsd/page_renders/trend_report_feb2024_p11.png,320,476,0.998,3.0
data/raw/bvsd/page_renders/trend_report_feb2024_p11.png,320,721,0.999,2.0
data/raw/bvsd/page_renders/trend_report_feb2024_p11.png,320,959,0.996,1.9
data/raw/bvsd/page_renders/trend_report_feb2024_p11.png,320,1214,0.996,1.8
data/raw/bvsd/page_renders/trend_report_feb2024_p11.png,320,1486,0.997,1.8
data/raw/bvsd/page_renders/trend_report_feb2024_p11.png,321,329,0.999,467
data/raw/bvsd/page_renders/trend_report_feb2024_p11.png,321,545,0.999,298
data/raw/bvsd/page_renders/trend_report_feb2024_p11.png,321,636,0.999,64%
data/raw/bvsd/page_renders/trend_report_feb2024_p11.png,321,815,0.999,287
data/raw/bvsd/page_renders/trend_report_feb2024_p11.png,321,874,0.962,61%
data/raw/bvsd/page_renders/trend_report_feb2024_p11.png,321,1027,0.999,273
data/raw/bvsd/page_renders/trend_report_feb2024_p11.png,321,1114,0.999,58%
data/raw/bvsd/page_renders/trend_report_feb2024_p11.png,321,1309,0.997,271
data/raw/bvsd/page_renders/trend_report_feb2024_p11.png,321,1402,0.998,58%
data/raw/bvsd/page_renders/trend_report_feb2024_p11.png,321,1551,0.999,262
data/raw/bvsd/page_renders/trend_report_feb2024_p11.png,321,1652,0.998,56%
data/raw/bvsd/page_renders/trend_report_feb2024_p11.png,321,1807,0.999,248
data/raw/bvsd/page_renders/trend_report_feb2024_p11.png,321,1914,0.998,53%
data/raw/bvsd/page_renders/trend_report_feb2024_p11.png,321,2009,0.998,1.7
data/raw/bvsd/page_renders/trend_report_feb2024_p11.png,324,116,0.995,BearCreek
data/raw/bvsd/page_renders/trend_report_feb2024_p11.png,343,722,0.998,1.9
data/raw/bvsd/page_renders/trend_report_feb2024_p11.png,344,328,0.998,418
data/raw/bvsd/page_renders/trend_report_feb2024_p11.png,344,476,0.998,3.0
data/raw/bvsd/page_renders/trend_report_feb2024_p11.png,344,815,0.999,259
data/raw/bvsd/page_renders/trend_report_feb2024_p11.png,344,958,0.998,1.7
data/raw/bvsd/page_renders/trend_report_feb2024_p11.png,344,1027,0.999,237
data/raw/bvsd/page_renders/trend_report_feb2024_p11.png,344,1214,0.997,1.6
data/raw/bvsd/page_renders/trend_report_feb2024_p11.png,344,1402,0.998,52%
data/raw/bvsd/page_renders/trend_report_feb2024_p11.png,344,1486,0.995,1.4
data/raw/bvsd/page_renders/trend_report_feb2024_p11.png,344,1736,0.995,1.3
data/raw/bvsd/page_renders/trend_report_feb2024_p11.png,344,2009,0.984,1.1
data/raw/bvsd/page_renders/trend_report_feb2024_p11.png,345,544,0.999,279
data/raw/bvsd/page_renders/trend_report_feb2024_p11.png,345,635,0.999,67%
data/raw/bvsd/page_renders/trend_report_feb2024_p11.png,345,874,0.986,62%
data/raw/bvsd/page_renders/trend_report_feb2024_p11.png,345,1113,0.997,57%
data/raw/bvsd/page_renders/trend_report_feb2024_p11.png,345,1308,0.996,217
data/raw/bvsd/page_renders/trend_report_feb2024_p11.png,345,1552,0.999,189
data/raw/bvsd/page_renders/trend_report_feb2024_p11.png,345,1652,0.998,45%
data/raw/bvsd/page_renders/trend_report_feb2024_p11.png,345,1807,0.998,165
data/raw/bvsd/page_renders/trend_report_feb2024_p11.png,345,1914,0.998,39%
data/raw/bvsd/page_renders/trend_report_feb2024_p11.png,347,115,0.998,Birch
data/raw/bvsd/page_renders/trend_report_feb2024_p11.png,366,720,0.998,2.0
data/raw/bvsd/page_renders/trend_report_feb2024_p11.png,366,1734,0.997,1.5
data/raw/bvsd/page_renders/trend_report_feb2024_p11.png,367,2009,0.987,1.5
data/raw/bvsd/page_renders/trend_report_feb2024_p11.png,368,476,0.998,3.5
data/raw/bvsd/page_renders/trend_report_feb2024_p11.png,368,545,0.999,305
data/raw/bvsd/page_renders/trend_report_feb2024_p11.png,368,636,0.999,59%
data/raw/bvsd/page_renders/trend_report_feb2024_p11.png,368,815,0.999,278
data/raw/bvsd/page_renders/trend_report_feb2024_p11.png,368,874,0.998,54%
data/raw/bvsd/page_renders/trend_report_feb2024_p11.png,368,958,0.998,1.9
data/raw/bvsd/page_renders/trend_report_feb2024_p11.png,368,1027,0.999,263
data/raw/bvsd/page_renders/trend_report_feb2024_p11.png,368,1113,0.977,51%
data/raw/bvsd/page_renders/trend_report_feb2024_p11.png,368,1213,0.997,1.8
data/raw/bvsd/page_renders/trend_report_feb2024_p11.png,368,1308,0.998,244
data/raw/bvsd/page_renders/trend_report_feb2024_p11.png,368,1485,0.996,1.6
data/raw/bvsd/page_renders/trend_report_feb2024_p11.png,368,1552,1.0,226
data/raw/bvsd/page_renders/trend_report_feb2024_p11.png,368,1652,0.998,44%
data/raw/bvsd/page_renders/trend_report_feb2024_p11.png,368,1914,0.996,44%
data/raw/bvsd/page_renders/trend_report_feb2024_p11.png,369,328,0.998,516
data/raw/bvsd/page_renders/trend_report_feb2024_p11.png,369,1402,0.997,47%
data/raw/bvsd/page_renders/trend_report_feb2024_p11.png,369,1807,0.999,225
data/raw/bvsd/page_renders/trend_report_feb2024_p11.png,371,116,0.95,Coal Creek
data/raw/bvsd/page_renders/trend_report_feb2024_p11.png,389,635,0.998,%09
data/raw/bvsd/page_renders/trend_report_feb2024_p11.png,389,720,0.999,2.3
data/raw/bvsd/page_renders/trend_report_feb2024_p11.png,391,959,0.998,2.2
data/raw/bvsd/page_renders/trend_report_feb2024_p11.png,391,1486,0.999,2.0
data/raw/bvsd/page_renders/trend_report_feb2024_p11.png,391,1650,0.998,49%
data/raw/bvsd/page_renders/trend_report_feb2024_p11.png,391,1805,0.999,285
data/raw/bvsd/page_renders/trend_report_feb2024_p11.png,391,1913,0.997,48%
data/raw/bvsd/page_renders/trend_report_feb2024_p11.png,392,329,0.999,590
data/raw/bvsd/page_renders/trend_report_feb2024_p11.png,392,476,0.998,4.0
data/raw/bvsd/page_renders/trend_report_feb2024_p11.png,392,545,0.999,352
data/raw/bvsd/page_renders/trend_report_feb2024_p11.png,392,817,0.999,324
data/raw/bvsd/page_renders/trend_report_feb2024_p11.png,392,874,0.998,55%
data/raw/bvsd/page_renders/trend_report_feb2024_p11.png,392,1027,0.998,309
data/raw/bvsd/page_renders/trend_report_feb2024_p11.png,392,1114,0.998,52%
data/raw/bvsd/page_renders/trend_report_feb2024_p11.png,392,1213,0.995,2.1
data/raw/bvsd/page_renders/trend_report_feb2024_p11.png,392,1309,0.999,298
data/raw/bvsd/page_renders/trend_report_feb2024_p11.png,392,1552,0.999,288
data/raw/bvsd/page_renders/trend_report_feb2024_p11.png,392,1736,0.993,1.9
data/raw/bvsd/page_renders/trend_report_feb2024_p11.png,392,2009,0.998,1.9
data/raw/bvsd/page_renders/trend_report_feb2024_p11.png,393,114,0.996,Columbine
data/raw/bvsd/page_renders/trend_report_feb2024_p11.png,393,1402,0.994,51%
data/raw/bvsd/page_renders/trend_report_feb2024_p11.png,412,956,0.995,1.5
data/raw/bvsd/page_renders/trend_report_feb2024_p11.png,412,1306,0.999,222
data/raw/bvsd/page_renders/trend_report_feb2024_p11.png,414,476,0.999,2.5
data/raw/bvsd/page_renders/trend_report_feb2024_p11.png,414,722,0.999,1.5
data/raw/bvsd/page_renders/trend_report_feb2024_p11.png,414,815,0.999,226
data/raw/bvsd/page_renders/trend_report_feb2024_p11.png,414,1214,0.997,1.5
data/raw/bvsd/page_renders/trend_report_feb2024_p11.png,414,1485,0.997,1.5
data/raw/bvsd/page_renders/trend_report_feb2024_p11.png,414,1552,0.999,227
data/raw/bvsd/page_renders/trend_report_feb2024_p11.png,414,1735,0.996,1.5
data/raw/bvsd/page_renders/trend_report_feb2024_p11.png,415,329,0.999,392
data/raw/bvsd/page_renders/trend_report_feb2024_p11.png,415,544,0.999,227
data/raw/bvsd/page_renders/trend_report_feb2024_p11.png,415,636,0.998,58%
data/raw/bvsd/page_renders/trend_report_feb2024_p11.png,415,874,0.999,58%
data/raw/bvsd/page_renders/trend_report_feb2024_p11.png,415,1027,0.999,227
data/raw/bvsd/page_renders/trend_report_feb2024_p11.png,415,1114,0.998,58%
data/raw/bvsd/page_renders/trend_report_feb2024_p11.png,415,1402,0.998,57%
data/raw/bvsd/page_renders/trend_report_feb2024_p11.png,415,1652,0.998,58%
data/raw/bvsd/page_renders/trend_report_feb2024_p11.png,415,1807,0.999,229
data/raw/bvsd/page_renders/trend_report_feb2024_p11.png,415,1914,0.998,58%
data/raw/bvsd/page_renders/trend_report_feb2024_p11.png,415,2009,0.996,1.5
data/raw/bvsd/page_renders/trend_report_feb2024_p11.png,418,114,0.997,Montessori
data/raw/bvsd/page_renders/trend_report_feb2024_p11.png,438,476,0.999,2.5
data/raw/bvsd/page_renders/trend_report_feb2024_p11.png,438,721,0.999,2.2
data/raw/bvsd/page_renders/trend_report_feb2024_p11.png,438,815,0.981,321
data/raw/bvsd/page_renders/trend_report_feb2024_p11.png,438,958,0.994,2.1
data/raw/bvsd/page_renders/trend_report_feb2024_p11.png,438,1027,0.992,313
data/raw/bvsd/page_renders/trend_report_feb2024_p11.png,438,1212,0.995,2.1
data/raw/bvsd/page_renders/trend_report_feb2024_p11.png,438,1308,0.999,300
data/raw/bvsd/page_renders/trend_report_feb2024_p11.png,438,1486,0.998,2.0
data/raw/bvsd/page_renders/trend_report_feb2024_p11.png,438,1734,0.992,1.8
data/raw/bvsd/page_renders/trend_report_feb2024_p11.png,439,328,0.999,369
data/raw/bvsd/page_renders/trend_report_feb2024_p11.png,439,544,0.999,333
data/raw/bvsd/page_renders/trend_report_feb2024_p11.png,439,635,0.998,%06
data/raw/bvsd/page_renders/trend_report_feb2024_p11.png,439,873,0.998,87%
data/raw/bvsd/page_renders/trend_report_feb2024_p11.png,439,1113,0.999,85%
data/raw/bvsd/page_renders/trend_report_feb2024_p11.png,439,1401,0.983,81%
data/raw/bvsd/page_renders/trend_report_feb2024_p11.png,439,1551,0.998,273
data/raw/bvsd/page_renders/trend_report_feb2024_p11.png,439,1652,0.998,74%
data/raw/bvsd/page_renders/trend_report_feb2024_p11.png,439,1807,0.999,246
data/raw/bvsd/page_renders/trend_report_feb2024_p11.png,439,1913,0.848,67%
data/raw/bvsd/page_renders/trend_report_feb2024_p11.png,439,2008,0.997,1.6
data/raw/bvsd/page_renders/trend_report_feb2024_p11.png,443,116,0.994,Creekside
data/raw/bvsd/page_renders/trend_report_feb2024_p11.png,460,474,0.997,4.0
data/raw/bvsd/page_renders/trend_report_feb2024_p11.png,461,721,1.0,2.7
data/raw/bvsd/page_renders/trend_report_feb2024_p11.png,461,1486,0.999,2.4
data/raw/bvsd/page_renders/trend_report_feb2024_p11.png,462,959,0.999,2.6
data/raw/bvsd/page_renders/trend_report_feb2024_p11.png,462,1213,0.999,2.4
data/raw/bvsd/page_renders/trend_report_feb2024_p11.png,462,1309,0.998,356
data/raw/bvsd/page_renders/trend_report_feb2024_p11.png,462,1552,0.999,342
data/raw/bvsd/page_renders/trend_report_feb2024_p11.png,462,1735,0.997,2.3
data/raw/bvsd/page_renders/trend_report_feb2024_p11.png,462,2009,0.998,2.3
data/raw/bvsd/page_renders/trend_report_feb2024_p11.png,463,329,0.998,615
data/raw/bvsd/page_renders/trend_report_feb2024_p11.png,463,544,0.997,410
data/raw/bvsd/page_renders/trend_report_feb2024_p11.png,463,636,0.999,67%
data/raw/bvsd/page_renders/trend_report_feb2024_p11.png,463,817,0.999,385
data/raw/bvsd/page_renders/trend_report_feb2024_p11.png,463,874,0.999,63%
data/raw/bvsd/page_renders/trend_report_feb2024_p11.png,463,1027,0.999,362
data/raw/bvsd/page_renders/trend_report_feb2024_p11.png,463,1114,0.998,59%
data/raw/bvsd/page_renders/trend_report_feb2024_p11.png,463,1402,0.998,58%
data/raw/bvsd/page_renders/trend_report_feb2024_p11.png,463,1652,0.998,56%
data/raw/bvsd/page_renders/trend_report_feb2024_p11.png,463,1808,0.999,342
data/raw/bvsd/page_renders/trend_report_feb2024_p11.png,463,1914,0.998,56%
data/raw/bvsd/page_renders/trend_report_feb2024_p11.png,464,115,0.995,CrestView
data/raw/bvsd/page_renders/trend_report_feb2024_p11.png,485,722,0.998,1.9
data/raw/bvsd/page_renders/trend_report_feb2024_p11.png,486,329,0.999,442
data/raw/bvsd/page_renders/trend_report_feb2024_p11.png,486,476,0.999,3.0
data/raw/bvsd/page_renders/trend_report_feb2024_p11.png,486,544,1.0,286
data/raw/bvsd/page_renders/trend_report_feb2024_p11.png,486,815,0.999,272
data/raw/bvsd/page_renders/trend_report_feb2024_p11.png,486,959,0.998,1.8
data/raw/bvsd/page_renders/trend_report_feb2024_p11.png,486,1027,1.0,265
data/raw/bvsd/page_renders/trend_report_feb2024_p11.png,486,1114,0.998,%09
data/raw/bvsd/page_renders/trend_report_feb2024_p11.png,486,1214,0.998,1.8
data/raw/bvsd/page_renders/trend_report_feb2024_p11.png,486,1308,0.999,269
data/raw/bvsd/page_renders/trend_report_feb2024_p11.png,486,1486,0.995,1.8
data/raw/bvsd/page_renders/trend_report_feb2024_p11.png,486,1551,0.999,262
data/raw/bvsd/page_renders/trend_report_feb2024_p11.png,486,1652,0.999,59%
data/raw/bvsd/page_renders/trend_report_feb2024_p11.png,486,1735,0.998,1.7
data/raw/bvsd/page_renders/trend_report_feb2024_p11.png,486,1807,0.994,251
data/raw/bvsd/page_renders/trend_report_feb2024_p11.png,486,1913,0.998,57%
data/raw/bvsd/page_renders/trend_report_feb2024_p11.png,486,2009,0.998,1.7
data/raw/bvsd/page_renders/trend_report_feb2024_p11.png,487,114,0.996,Douglass
data/raw/bvsd/page_renders/trend_report_feb2024_p11.png,487,636,1.0,65%
data/raw/bvsd/page_renders/trend_report_feb2024_p11.png,487,874,0.995,62%
data/raw/bvsd/page_renders/trend_report_feb2024_p11.png,487,1402,0.939,61%
data/raw/bvsd/page_renders/trend_report_feb2024_p11.png,508,873,0.999,58%
data/raw/bvsd/page_renders/trend_report_feb2024_p11.png,509,1485,0.998,1.8
data/raw/bvsd/page_renders/trend_report_feb2024_p11.png,510,329,0.999,492
data/raw/bvsd/page_renders/trend_report_feb2024_p11.png,510,476,0.999,3.5
data/raw/bvsd/page_renders/trend_report_feb2024_p11.png,510,544,0.998,311
data/raw/bvsd/page_renders/trend_report_feb2024_p11.png,510,636,0.999,63%
data/raw/bvsd/page_renders/trend_report_feb2024_p11.png,510,722,0.997,2.1
data/raw/bvsd/page_renders/trend_report_feb2024_p11.png,510,817,1.0,285
data/raw/bvsd/page_renders/trend_report_feb2024_p11.png,510,958,0.998,1.9
data/raw/bvsd/page_renders/trend_report_feb2024_p11.png,510,1027,0.999,276
data/raw/bvsd/page_renders/trend_report_feb2024_p11.png,510,1113,0.998,56%
data/raw/bvsd/page_renders/trend_report_feb2024_p11.png,510,1214,0.998,1.8
data/raw/bvsd/page_renders/trend_report_feb2024_p11.png,510,1309,0.999,263
data/raw/bvsd/page_renders/trend_report_feb2024_p11.png,510,1401,0.998,53%
data/raw/bvsd/page_renders/trend_report_feb2024_p11.png,510,1552,1.0,266
data/raw/bvsd/page_renders/trend_report_feb2024_p11.png,510,1652,0.998,54%
data/raw/bvsd/page_renders/trend_report_feb2024_p11.png,510,1736,0.997,1.8
data/raw/bvsd/page_renders/trend_report_feb2024_p11.png,510,1807,0.999,269
data/raw/bvsd/page_renders/trend_report_feb2024_p11.png,510,1914,0.999,55%
data/raw/bvsd/page_renders/trend_report_feb2024_p11.png,510,2009,0.998,1.8
data/raw/bvsd/page_renders/trend_report_feb2024_p11.png,511,114,0.995,Eisenhower
data/raw/bvsd/page_renders/trend_report_feb2024_p11.png,530,956,0.998,1.7
data/raw/bvsd/page_renders/trend_report_feb2024_p11.png,530,1485,0.999,1.7
data/raw/bvsd/page_renders/trend_report_feb2024_p11.png,532,1650,0.997,45%
data/raw/bvsd/page_renders/trend_report_feb2024_p11.png,533,722,0.998,1.8
data/raw/bvsd/page_renders/trend_report_feb2024_p11.png,533,1736,0.998,1.7
data/raw/bvsd/page_renders/trend_report_feb2024_p11.png,534,329,0.999,568
data/raw/bvsd/page_renders/trend_report_feb2024_p11.png,534,476,0.998,4.0
data/raw/bvsd/page_renders/trend_report_feb2024_p11.png,534,545,1.0,263
data/raw/bvsd/page_renders/trend_report_feb2024_p11.png,534,636,0.998,46%
data/raw/bvsd/page_renders/trend_report_feb2024_p11.png,534,815,0.999,252
data/raw/bvsd/page_renders/trend_report_feb2024_p11.png,534,874,0.88,44%
data/raw/bvsd/page_renders/trend_report_feb2024_p11.png,534,1027,1.0,245
data/raw/bvsd/page_renders/trend_report_feb2024_p11.png,534,1113,0.996,43%
data/raw/bvsd/page_renders/trend_report_feb2024_p11.png,534,1214,0.997,1.6
data/raw/bvsd/page_renders/trend_report_feb2024_p11.png,534,1309,0.999,255
data/raw/bvsd/page_renders/trend_report_feb2024_p11.png,534,1402,0.998,45%
data/raw/bvsd/page_renders/trend_report_feb2024_p11.png,534,1552,1.0,254
data/raw/bvsd/page_renders/trend_report_feb2024_p11.png,534,1807,0.999,266
data/raw/bvsd/page_renders/trend_report_feb2024_p11.png,534,1914,0.998,47%
data/raw/bvsd/page_renders/trend_report_feb2024_p11.png,534,2009,0.998,1.8
data/raw/bvsd/page_renders/trend_report_feb2024_p11.png,537,116,0.99,Eldorado
data/raw/bvsd/page_renders/trend_report_feb2024_p11.png,557,476,0.999,2.5
data/raw/bvsd/page_renders/trend_report_feb2024_p11.png,557,722,1.0,2.4
data/raw/bvsd/page_renders/trend_report_feb2024_p11.png,557,959,0.998,2.3
data/raw/bvsd/page_renders/trend_report_feb2024_p11.png,557,1213,0.998,2.2
data/raw/bvsd/page_renders/trend_report_feb2024_p11.png,557,1486,0.994,2.1
data/raw/bvsd/page_renders/trend_report_feb2024_p11.png,557,1735,0.999,2.0
data/raw/bvsd/page_renders/trend_report_feb2024_p11.png,557,2009,0.998,1.9
data/raw/bvsd/page_renders/trend_report_feb2024_p11.png,558,328,0.999,393
data/raw/bvsd/page_renders/trend_report_feb2024_p11.png,558,544,1.0,356
data/raw/bvsd/page_renders/trend_report_feb2024_p11.png,558,635,0.998,91%
data/raw/bvsd/page_renders/trend_report_feb2024_p11.png,558,817,0.999,344
data/raw/bvsd/page_renders/trend_report_feb2024_p11.png,558,874,0.999,88%
data/raw/bvsd/page_renders/trend_report_feb2024_p11.png,558,1027,0.999,334
data/raw/bvsd/page_renders/trend_report_feb2024_p11.png,558,1114,0.999,85%
data/raw/bvsd/page_renders/trend_report_feb2024_p11.png,558,1308,0.998,315
data/raw/bvsd/page_renders/trend_report_feb2024_p11.png,558,1401,0.999,80%
data/raw/bvsd/page_renders/trend_report_feb2024_p11.png,558,1552,0.998,301
data/raw/bvsd/page_renders/trend_report_feb2024_p11.png,558,1652,0.997,77%
data/raw/bvsd/page_renders/trend_report_feb2024_p11.png,558,1807,0.999,280
data/raw/bvsd/page_renders/trend_report_feb2024_p11.png,558,1914,0.992,71%
data/raw/bvsd/page_renders/trend_report_feb2024_p11.png,561,116,0.992,Emerald
data/raw/bvsd/page_renders/trend_report_feb2024_p11.png,578,635,0.999,77%
data/raw/bvsd/page_renders/trend_report_feb2024_p11.png,579,873,0.999,74%
data/raw/bvsd/page_renders/trend_report_feb2024_p11.png,579,1735,0.998,2.3
data/raw/bvsd/page_renders/trend_report_feb2024_p11.png,580,476,0.998,3.5
data/raw/bvsd/page_renders/trend_report_feb2024_p11.png,580,545,1.0,396
data/raw/bvsd/page_renders/trend_report_feb2024_p11.png,580,722,0.999,2.6
data/raw/bvsd/page_renders/trend_report_feb2024_p11.png,580,817,0.999,384
data/raw/bvsd/page_renders/trend_report_feb2024_p11.png,580,959,0.999,2.6
data/raw/bvsd/page_renders/trend_report_feb2024_p11.png,580,1027,0.999,383
data/raw/bvsd/page_renders/trend_report_feb2024_p11.png,580,1114,0.998,74%
data/raw/bvsd/page_renders/trend_report_feb2024_p11.png,580,1213,0.998,2.6
data/raw/bvsd/page_renders/trend_report_feb2024_p11.png,580,1309,0.999,367
data/raw/bvsd/page_renders/trend_report_feb2024_p11.png,580,1486,0.999,2.4
data/raw/bvsd/page_renders/trend_report_feb2024_p11.png,580,2009,0.998,2.2
data/raw/bvsd/page_renders/trend_report_feb2024_p11.png,581,328,0.999,516
data/raw/bvsd/page_renders/trend_report_feb2024_p11.png,581,1402,0.982,71%
data/raw/bvsd/page_renders/trend_report_feb2024_p11.png,581,1551,0.999,344
data/raw/bvsd/page_renders/trend_report_feb2024_p11.png,581,1652,0.998,67%
data/raw/bvsd/page_renders/trend_report_feb2024_p11.png,581,1807,0.999,335
data/raw/bvsd/page_renders/trend_report_feb2024_p11.png,581,1914,0.999,65%
data/raw/bvsd/page_renders/trend_report_feb2024_p11.png,583,114,0.995,Fireside
data/raw/bvsd/page_renders/trend_report_feb2024_p11.png,603,635,0.996,51%
data/raw/bvsd/page_renders/trend_report_feb2024_p11.png,604,328,1.0,320
data/raw/bvsd/page_renders/trend_report_feb2024_p11.png,604,476,0.999,2.0
data/raw/bvsd/page_renders/trend_report_feb2024_p11.png,604,544,0.998,164
data/raw/bvsd/page_renders/trend_report_feb2024_p11.png,604,723,0.99,1.1
data/raw/bvsd/page_renders/trend_report_feb2024_p11.png,604,815,0.998,162
data/raw/bvsd/page_renders/trend_report_feb2024_p11.png,604,1027,0.999,159
data/raw/bvsd/page_renders/trend_report_feb2024_p11.png,604,1309,0.999,160
data/raw/bvsd/page_renders/trend_report_feb2024_p11.png,604,1552,0.999,166
data/raw/bvsd/page_renders/trend_report_feb2024_p11.png,605,114,0.96,Flatirons
data/raw/bvsd/page_renders/trend_report_feb2024_p11.png,605,874,0.983,51%
data/raw/bvsd/page_renders/trend_report_feb2024_p11.png,605,959,0.99,1.1
data/raw/bvsd/page_renders/trend_report_feb2024_p11.png,605,1113,0.999,50%
data/raw/bvsd/page_renders/trend_report_feb2024_p11.png,605,1215,0.986,1.1
data/raw/bvsd/page_renders/trend_report_feb2024_p11.png,605,1401,0.999,50%
data/raw/bvsd/page_renders/trend_report_feb2024_p11.png,605,1487,0.985,1.1
data/raw/bvsd/page_renders/trend_report_feb2024_p11.png,605,1652,0.998,52%
data/raw/bvsd/page_renders/trend_report_feb2024_p11.png,605,1738,0.968,1.1
data/raw/bvsd/page_renders/trend_report_feb2024_p11.png,605,1807,0.998,161
data/raw/bvsd/page_renders/trend_report_feb2024_p11.png,605,1914,0.998,50%
data/raw/bvsd/page_renders/trend_report_feb2024_p11.png,605,2010,0.993,1.1
data/raw/bvsd/page_renders/trend_report_feb2024_p11.png,626,1114,0.999,74%
data/raw/bvsd/page_renders/trend_report_feb2024_p11.png,626,2006,0.998,2.7
data/raw/bvsd/page_renders/trend_report_feb2024_p11.png,627,635,0.999,77%
data/raw/bvsd/page_renders/trend_report_feb2024_p11.png,627,721,0.999,2.9
data/raw/bvsd/page_renders/trend_report_feb2024_p11.png,628,328,1.0,565
data/raw/bvsd/page_renders/trend_report_feb2024_p11.png,628,476,0.997,4.0
data/raw/bvsd/page_renders/trend_report_feb2024_p11.png,628,544,0.999,437
data/raw/bvsd/page_renders/trend_report_feb2024_p11.png,628,815,0.988,414
data/raw/bvsd/page_renders/trend_report_feb2024_p11.png,628,959,0.996,2.8
data/raw/bvsd/page_renders/trend_report_feb2024_p11.png,628,1026,0.983,419
data/raw/bvsd/page_renders/trend_report_feb2024_p11.png,628,1213,0.998,2.8
data/raw/bvsd/page_renders/trend_report_feb2024_p11.png,628,1308,0.999,422
data/raw/bvsd/page_renders/trend_report_feb2024_p11.png,628,1486,0.998,2.8
data/raw/bvsd/page_renders/trend_report_feb2024_p11.png,628,1551,0.998,409
data/raw/bvsd/page_renders/trend_report_feb2024_p11.png,628,1735,0.999,2.7
data/raw/bvsd/page_renders/trend_report_feb2024_p11.png,629,875,0.998,73%
data/raw/bvsd/page_renders/trend_report_feb2024_p11.png,629,1402,0.998,75%
data/raw/bvsd/page_renders/trend_report_feb2024_p11.png,629,1652,0.999,72%
data/raw/bvsd/page_renders/trend_report_feb2024_p11.png,629,1807,0.999,398
data/raw/bvsd/page_renders/trend_report_feb2024_p11.png,629,1914,0.998,70%
data/raw/bvsd/page_renders/trend_report_feb2024_p11.png,631,115,0.998,Foothill
data/raw/bvsd/page_renders/trend_report_feb2024_p11.png,650,475,0.999,0.5
data/raw/bvsd/page_renders/trend_report_feb2024_p11.png,650,549,0.997,12
data/raw/bvsd/page_renders/trend_report_feb2024_p11.png,650,722,0.999,0.1
data/raw/bvsd/page_renders/trend_report_feb2024_p11.png,650,1485,0.997,0.1
data/raw/bvsd/page_renders/trend_report_feb2024_p11.png,651,636,0.998,24%
data/raw/bvsd/page_renders/trend_report_feb2024_p11.png,651,827,0.992,13
data/raw/bvsd/page_renders/trend_report_feb2024_p11.png,651,874,0.997,27%
data/raw/bvsd/page_renders/trend_report_feb2024_p11.png,651,958,0.997,0.1
data/raw/bvsd/page_renders/trend_report_feb2024_p11.png,651,1114,0.998,24%
data/raw/bvsd/page_renders/trend_report_feb2024_p11.png,651,1213,0.995,0.1
data/raw/bvsd/page_renders/trend_report_feb2024_p11.png,651,1320,0.994,12
data/raw/bvsd/page_renders/trend_report_feb2024_p11.png,651,1402,0.998,24%
data/raw/bvsd/page_renders/trend_report_feb2024_p11.png,651,1652,0.998,24%
data/raw/bvsd/page_renders/trend_report_feb2024_p11.png,651,1735,0.994,0.1
data/raw/bvsd/page_renders/trend_report_feb2024_p11.png,651,1914,0.999,20%
data/raw/bvsd/page_renders/trend_report_feb2024_p11.png,651,2008,0.997,0.1
data/raw/bvsd/page_renders/trend_report_feb2024_p11.png,652,114,0.943,Gold Hill
data/raw/bvsd/page_renders/trend_report_feb2024_p11.png,652,334,1.0,49
data/raw/bvsd/page_renders/trend_report_feb2024_p11.png,652,1032,0.995,12
data/raw/bvsd/page_renders/trend_report_feb2024_p11.png,652,1558,0.992,12
data/raw/bvsd/page_renders/trend_report_feb2024_p11.png,652,1814,0.996,10
data/raw/bvsd/page_renders/trend_report_feb2024_p11.png,674,329,0.999,492
data/raw/bvsd/page_renders/trend_report_feb2024_p11.png,674,476,0.998,3.5
data/raw/bvsd/page_renders/trend_report_feb2024_p11.png,674,1649,0.999,40%
data/raw/bvsd/page_renders/trend_report_feb2024_p11.png,675,544,1.0,226
data/raw/bvsd/page_renders/trend_report_feb2024_p11.png,675,634,0.999,46%
data/raw/bvsd/page_renders/trend_report_feb2024_p11.png,675,815,0.998,227
data/raw/bvsd/page_renders/trend_report_feb2024_p11.png,675,873,0.999,46%
data/raw/bvsd/page_renders/trend_report_feb2024_p11.png,675,959,0.995,1.5
data/raw/bvsd/page_renders/trend_report_feb2024_p11.png,675,1027,0.997,217
data/raw/bvsd/page_renders/trend_report_feb2024_p11.png,675,1113,0.986,44%
data/raw/bvsd/page_renders/trend_report_feb2024_p11.png,675,1309,0.999,209
data/raw/bvsd/page_renders/trend_report_feb2024_p11.png,675,1488,0.992,1.4
data/raw/bvsd/page_renders/trend_report_feb2024_p11.png,675,1554,0.998,196
data/raw/bvsd/page_renders/trend_report_feb2024_p11.png,675,1738,0.997,1.3
data/raw/bvsd/page_renders/trend_report_feb2024_p11.png,675,1807,0.999,203
data/raw/bvsd/page_renders/trend_report_feb2024_p11.png,676,724,0.997,1.5
data/raw/bvsd/page_renders/trend_report_feb2024_p11.png,676,1401,0.999,42%
data/raw/bvsd/page_renders/trend_report_feb2024_p11.png,676,2012,0.994,1.4
data/raw/bvsd/page_renders/trend_report_feb2024_p11.png,677,1914,0.98,41%
data/raw/bvsd/page_renders/trend_report_feb2024_p11.png,678,114,0.995,Heatherwood
data/raw/bvsd/page_renders/trend_report_feb2024_p11.png,698,872,0.999,60%
data/raw/bvsd/page_renders/trend_report_feb2024_p11.png,698,1112,0.998,60%
data/raw/bvsd/page_renders/trend_report_feb2024_p11.png,698,1649,0.998,60%
data/raw/bvsd/page_renders/trend_report_feb2024_p11.png,699,333,1.0,25
data/raw/bvsd/page_renders/trend_report_feb2024_p11.png,699,475,0.999,0.5
data/raw/bvsd/page_renders/trend_report_feb2024_p11.png,699,721,0.996,0.1
data/raw/bvsd/page_renders/trend_report_feb2024_p11.png,699,1734,0.995,0.1
data/raw/bvsd/page_renders/trend_report_feb2024_p11.png,700,113,0.994,Jamestown
data/raw/bvsd/page_renders/trend_report_feb2024_p11.png,700,550,0.999,18
data/raw/bvsd/page_renders/trend_report_feb2024_p11.png,700,637,0.998,72%
data/raw/bvsd/page_renders/trend_report_feb2024_p11.png,700,829,0.996,15
data/raw/bvsd/page_renders/trend_report_feb2024_p11.png,700,958,0.993,0.1
data/raw/bvsd/page_renders/trend_report_feb2024_p11.png,700,1032,0.998,15
data/raw/bvsd/page_renders/trend_report_feb2024_p11.png,700,1212,0.996,0.1
data/raw/bvsd/page_renders/trend_report_feb2024_p11.png,700,1320,0.991,16
data/raw/bvsd/page_renders/trend_report_feb2024_p11.png,700,1401,0.999,64%
data/raw/bvsd/page_renders/trend_report_feb2024_p11.png,700,1485,0.996,0.1
data/raw/bvsd/page_renders/trend_report_feb2024_p11.png,700,1558,0.998,15
data/raw/bvsd/page_renders/trend_report_feb2024_p11.png,700,1813,0.998,15
data/raw/bvsd/page_renders/trend_report_feb2024_p11.png,700,1913,0.999,60%
data/raw/bvsd/page_renders/trend_report_feb2024_p11.png,700,2008,0.998,0.1
data/raw/bvsd/page_renders/trend_report_feb2024_p11.png,722,329,0.998,516
data/raw/bvsd/page_renders/trend_report_feb2024_p11.png,722,476,0.998,3.5
data/raw/bvsd/page_renders/trend_report_feb2024_p11.png,722,544,0.999,251
data/raw/bvsd/page_renders/trend_report_feb2024_p11.png,722,635,0.998,49%
data/raw/bvsd/page_renders/trend_report_feb2024_p11.png,722,721,0.999,1.7
data/raw/bvsd/page_renders/trend_report_feb2024_p11.png,722,817,0.999,238
data/raw/bvsd/page_renders/trend_report_feb2024_p11.png,722,958,0.996,1.6
data/raw/bvsd/page_renders/trend_report_feb2024_p11.png,722,1027,0.999,234
data/raw/bvsd/page_renders/trend_report_feb2024_p11.png,722,1114,0.997,45%
data/raw/bvsd/page_renders/trend_report_feb2024_p11.png,722,1213,0.996,1.6
data/raw/bvsd/page_renders/trend_report_feb2024_p11.png,722,1309,0.999,227
data/raw/bvsd/page_renders/trend_report_feb2024_p11.png,722,1402,0.996,44%
data/raw/bvsd/page_renders/trend_report_feb2024_p11.png,722,1486,0.997,1.5
data/raw/bvsd/page_renders/trend_report_feb2024_p11.png,722,1552,0.995,221
data/raw/bvsd/page_renders/trend_report_feb2024_p11.png,722,1652,0.997,43%
data/raw/bvsd/page_renders/trend_report_feb2024_p11.png,722,1736,0.997,1.5
data/raw/bvsd/page_renders/trend_report_feb2024_p11.png,722,1807,0.999,222
data/raw/bvsd/page_renders/trend_report_feb2024_p11.png,722,1914,0.998,43%
data/raw/bvsd/page_renders/trend_report_feb2024_p11.png,722,2009,0.997,1.5
data/raw/bvsd/page_renders/trend_report_feb2024_p11.png,724,875,0.998,46%
data/raw/bvsd/page_renders/trend_report_feb2024_p11.png,726,114,0.981,Kohl
data/raw/bvsd/page_renders/trend_report_feb2024_p11.png,744,872,0.998,83%
data/raw/bvsd/page_renders/trend_report_feb2024_p11.png,745,721,0.999,3.0
data/raw/bvsd/page_renders/trend_report_feb2024_p11.png,745,959,0.987,3.1
data/raw/bvsd/page_renders/trend_report_feb2024_p11.png,745,1213,0.998,3.0
data/raw/bvsd/page_renders/trend_report_feb2024_p11.png,745,1309,0.999,440
data/raw/bvsd/page_renders/trend_report_feb2024_p11.png,745,1486,0.999,2.9
data/raw/bvsd/page_renders/trend_report_feb2024_p11.png,745,1734,0.999,2.7
data/raw/bvsd/page_renders/trend_report_feb2024_p11.png,746,329,0.999,565
data/raw/bvsd/page_renders/trend_report_feb2024_p11.png,746,476,0.998,4.0
data/raw/bvsd/page_renders/trend_report_feb2024_p11.png,746,544,0.999,444
data/raw/bvsd/page_renders/trend_report_feb2024_p11.png,746,636,0.999,79%
data/raw/bvsd/page_renders/trend_report_feb2024_p11.png,746,817,0.999,467
data/raw/bvsd/page_renders/trend_report_feb2024_p11.png,746,1027,0.999,453
data/raw/bvsd/page_renders/trend_report_feb2024_p11.png,746,1113,0.997,%08
data/raw/bvsd/page_renders/trend_report_feb2024_p11.png,746,1402,0.998,78%
data/raw/bvsd/page_renders/trend_report_feb2024_p11.png,746,1551,0.995,412
data/raw/bvsd/page_renders/trend_report_feb2024_p11.png,746,1652,0.998,73%
data/raw/bvsd/page_renders/trend_report_feb2024_p11.png,746,1807,0.999,397
data/raw/bvsd/page_renders/trend_report_feb2024_p11.png,746,1914,0.998,70%
data/raw/bvsd/page_renders/trend_report_feb2024_p11.png,746,2009,0.999,2.6
data/raw/bvsd/page_renders/trend_report_feb2024_p11.png,749,113,0.954,Lafayette
data/raw/bvsd/page_renders/trend_report_feb2024_p11.png,769,475,0.997,4.0
data/raw/bvsd/page_renders/trend_report_feb2024_p11.png,769,722,1.0,2.8
data/raw/bvsd/page_renders/trend_report_feb2024_p11.png,769,958,0.999,2.7
data/raw/bvsd/page_renders/trend_report_feb2024_p11.png,769,1213,0.999,2.6
data/raw/bvsd/page_renders/trend_report_feb2024_p11.png,769,1486,0.999,2.6
data/raw/bvsd/page_renders/trend_report_feb2024_p11.png,769,1735,0.989,2.5
data/raw/bvsd/page_renders/trend_report_feb2024_p11.png,770,328,0.998,615
data/raw/bvsd/page_renders/trend_report_feb2024_p11.png,770,544,0.999,422
data/raw/bvsd/page_renders/trend_report_feb2024_p11.png,770,636,0.998,%69
data/raw/bvsd/page_renders/trend_report_feb2024_p11.png,770,817,0.999,408
data/raw/bvsd/page_renders/trend_report_feb2024_p11.png,770,874,0.999,66%
data/raw/bvsd/page_renders/trend_report_feb2024_p11.png,770,1027,0.999,393
data/raw/bvsd/page_renders/trend_report_feb2024_p11.png,770,1114,0.999,64%
data/raw/bvsd/page_renders/trend_report_feb2024_p11.png,770,1308,0.998,391
data/raw/bvsd/page_renders/trend_report_feb2024_p11.png,770,1402,0.999,64%
data/raw/bvsd/page_renders/trend_report_feb2024_p11.png,770,1551,0.998,377
data/raw/bvsd/page_renders/trend_report_feb2024_p11.png,770,1650,0.986,61%
data/raw/bvsd/page_renders/trend_report_feb2024_p11.png,770,1807,0.999,384
data/raw/bvsd/page_renders/trend_report_feb2024_p11.png,770,1914,0.999,62%
data/raw/bvsd/page_renders/trend_report_feb2024_p11.png,770,2009,0.999,2.6
data/raw/bvsd/page_renders/trend_report_feb2024_p11.png,773,116,0.949,Louisville
data/raw/bvsd/page_renders/trend_report_feb2024_p11.png,790,717,0.997,3.1
data/raw/bvsd/page_renders/trend_report_feb2024_p11.png,791,474,0.998,3.0
data/raw/bvsd/page_renders/trend_report_feb2024_p11.png,791,1485,0.998,3.3
data/raw/bvsd/page_renders/trend_report_feb2024_p11.png,793,545,0.999,464
data/raw/bvsd/page_renders/trend_report_feb2024_p11.png,793,959,0.998,3.2
data/raw/bvsd/page_renders/trend_report_feb2024_p11.png,793,1213,0.997,3.1
data/raw/bvsd/page_renders/trend_report_feb2024_p11.png,793,1551,0.999,520
data/raw/bvsd/page_renders/trend_report_feb2024_p11.png,793,1735,0.999,3.5
data/raw/bvsd/page_renders/trend_report_feb2024_p11.png,793,2009,0.999,3.7
data/raw/bvsd/page_renders/trend_report_feb2024_p11.png,794,329,0.991,441
data/raw/bvsd/page_renders/trend_report_feb2024_p11.png,794,625,0.998,105%
data/raw/bvsd/page_renders/trend_report_feb2024_p11.png,794,817,0.999,475
data/raw/bvsd/page_renders/trend_report_feb2024_p11.png,794,866,0.999,108%
data/raw/bvsd/page_renders/trend_report_feb2024_p11.png,794,1103,0.998,107%
data/raw/bvsd/page_renders/trend_report_feb2024_p11.png,794,1308,0.999,496
data/raw/bvsd/page_renders/trend_report_feb2024_p11.png,794,1392,0.989,112%
data/raw/bvsd/page_renders/trend_report_feb2024_p11.png,794,1642,0.988,118%
data/raw/bvsd/page_renders/trend_report_feb2024_p11.png,794,1807,0.999,556
data/raw/bvsd/page_renders/trend_report_feb2024_p11.png,794,1904,0.999,126%
data/raw/bvsd/page_renders/trend_report_feb2024_p11.png,795,115,0.995,Meadowlark
data/raw/bvsd/page_renders/trend_report_feb2024_p11.png,795,1028,0.995,471
data/raw/bvsd/page_renders/trend_report_feb2024_p11.png,814,1734,0.989,1.4
data/raw/bvsd/page_renders/trend_report_feb2024_p11.png,816,958,0.997,1.5
data/raw/bvsd/page_renders/trend_report_feb2024_p11.png,817,476,0.998,3.0
data/raw/bvsd/page_renders/trend_report_feb2024_p11.png,817,544,0.999,233
data/raw/bvsd/page_renders/trend_report_feb2024_p11.png,817,722,0.997,1.6
data/raw/bvsd/page_renders/trend_report_feb2024_p11.png,817,815,0.999,220
data/raw/bvsd/page_renders/trend_report_feb2024_p11.png,817,874,0.998,53%
data/raw/bvsd/page_renders/trend_report_feb2024_p11.png,817,1214,0.988,1.4
data/raw/bvsd/page_renders/trend_report_feb2024_p11.png,817,1308,0.999,202
data/raw/bvsd/page_renders/trend_report_feb2024_p11.png,817,1485,0.996,1.3
data/raw/bvsd/page_renders/trend_report_feb2024_p11.png,817,1551,0.999,203
data/raw/bvsd/page_renders/trend_report_feb2024_p11.png,817,2009,0.995,1.3
data/raw/bvsd/page_renders/trend_report_feb2024_p11.png,818,113,0.994,Mesa
data/raw/bvsd/page_renders/trend_report_feb2024_p11.png,818,328,0.998,418
data/raw/bvsd/page_renders/trend_report_feb2024_p11.png,818,635,0.999,56%
data/raw/bvsd/page_renders/trend_report_feb2024_p11.png,818,1027,0.989,211
data/raw/bvsd/page_renders/trend_report_feb2024_p11.png,818,1113,0.999,50%
data/raw/bvsd/page_renders/trend_report_feb2024_p11.png,818,1402,0.997,48%
data/raw/bvsd/page_renders/trend_report_feb2024_p11.png,818,1652,0.999,49%
data/raw/bvsd/page_renders/trend_report_feb2024_p11.png,818,1807,0.999,202
data/raw/bvsd/page_renders/trend_report_feb2024_p11.png,818,1914,0.998,48%
data/raw/bvsd/page_renders/trend_report_feb2024_p11.png,839,1400,0.998,84%
data/raw/bvsd/page_renders/trend_report_feb2024_p11.png,840,722,0.998,1.8
data/raw/bvsd/page_renders/trend_report_feb2024_p11.png,841,329,0.993,381
data/raw/bvsd/page_renders/trend_report_feb2024_p11.png,841,476,0.999,2.5
data/raw/bvsd/page_renders/trend_report_feb2024_p11.png,841,545,0.999,274
data/raw/bvsd/page_renders/trend_report_feb2024_p11.png,841,636,0.999,72%
data/raw/bvsd/page_renders/trend_report_feb2024_p11.png,841,817,0.993,301
data/raw/bvsd/page_renders/trend_report_feb2024_p11.png,841,875,0.998,79%
data/raw/bvsd/page_renders/trend_report_feb2024_p11.png,841,958,0.998,2.0
data/raw/bvsd/page_renders/trend_report_feb2024_p11.png,841,1027,0.998,303
data/raw/bvsd/page_renders/trend_report_feb2024_p11.png,841,1213,0.999,2.0
data/raw/bvsd/page_renders/trend_report_feb2024_p11.png,841,1309,0.999,320
data/raw/bvsd/page_renders/trend_report_feb2024_p11.png,841,1486,0.997,2.1
data/raw/bvsd/page_renders/trend_report_feb2024_p11.png,841,1552,0.977,317
data/raw/bvsd/page_renders/trend_report_feb2024_p11.png,841,1735,0.997,2.1
data/raw/bvsd/page_renders/trend_report_feb2024_p11.png,841,1807,0.877,312
data/raw/bvsd/page_renders/trend_report_feb2024_p11.png,841,1914,0.998,82%
data/raw/bvsd/page_renders/trend_report_feb2024_p11.png,841,2009,0.998,2.1
data/raw/bvsd/page_renders/trend_report_feb2024_p11.png,842,1113,0.999,80%
data/raw/bvsd/page_renders/trend_report_feb2024_p11.png,842,1650,0.998,83%
data/raw/bvsd/page_renders/trend_report_feb2024_p11.png,844,115,0.995,Monarch
data/raw/bvsd/page_renders/trend_report_feb2024_p11.png,864,722,0.994,1.1
data/raw/bvsd/page_renders/trend_report_feb2024_p11.png,864,958,0.986,1.1
data/raw/bvsd/page_renders/trend_report_feb2024_p11.png,864,1485,0.985,1.1
data/raw/bvsd/page_renders/trend_report_feb2024_p11.png,864,1734,0.963,1.0
data/raw/bvsd/page_renders/trend_report_feb2024_p11.png,864,2008,0.997,1.1
data/raw/bvsd/page_renders/trend_report_feb2024_p11.png,865,328,0.999,467
data/raw/bvsd/page_renders/trend_report_feb2024_p11.png,865,476,0.998,3.0
data/raw/bvsd/page_renders/trend_report_feb2024_p11.png,865,545,0.998,165
data/raw/bvsd/page_renders/trend_report_feb2024_p11.png,865,635,0.999,35%
data/raw/bvsd/page_renders/trend_report_feb2024_p11.png,865,815,0.998,159
data/raw/bvsd/page_renders/trend_report_feb2024_p11.png,865,874,0.972,34%
data/raw/bvsd/page_renders/trend_report_feb2024_p11.png,865,1028,0.998,159
data/raw/bvsd/page_renders/trend_report_feb2024_p11.png,865,1114,0.996,34%
data/raw/bvsd/page_renders/trend_report_feb2024_p11.png,865,1215,0.976,1.1
data/raw/bvsd/page_renders/trend_report_feb2024_p11.png,865,1308,0.988,161
data/raw/bvsd/page_renders/trend_report_feb2024_p11.png,865,1401,0.999,34%
data/raw/bvsd/page_renders/trend_report_feb2024_p11.png,865,1552,0.999,154
data/raw/bvsd/page_renders/trend_report_feb2024_p11.png,865,1652,0.992,33%
data/raw/bvsd/page_renders/trend_report_feb2024_p11.png,865,1807,0.999,158
data/raw/bvsd/page_renders/trend_report_feb2024_p11.png,865,1914,0.998,34%
data/raw/bvsd/page_renders/trend_report_feb2024_p11.png,868,115,0.991,Nederland
data/raw/bvsd/page_renders/trend_report_feb2024_p11.png,885,542,0.999,415
data/raw/bvsd/page_renders/trend_report_feb2024_p11.png,886,874,0.998,75%
data/raw/bvsd/page_renders/trend_report_feb2024_p11.png,887,476,0.998,3.5
data/raw/bvsd/page_renders/trend_report_feb2024_p11.png,887,721,0.999,2.8
data/raw/bvsd/page_renders/trend_report_feb2024_p11.png,887,958,0.999,2.7
data/raw/bvsd/page_renders/trend_report_feb2024_p11.png,887,1213,0.999,2.7
data/raw/bvsd/page_renders/trend_report_feb2024_p11.png,887,1485,0.999,2.7
data/raw/bvsd/page_renders/trend_report_feb2024_p11.png,887,1734,0.999,2.7
data/raw/bvsd/page_renders/trend_report_feb2024_p11.png,887,2008,0.999,2.7
data/raw/bvsd/page_renders/trend_report_feb2024_p11.png,888,328,0.993,541
data/raw/bvsd/page_renders/trend_report_feb2024_p11.png,888,636,0.999,77%
data/raw/bvsd/page_renders/trend_report_feb2024_p11.png,888,815,0.999,406
data/raw/bvsd/page_renders/trend_report_feb2024_p11.png,888,1027,0.999,403
data/raw/bvsd/page_renders/trend_report_feb2024_p11.png,888,1114,0.998,74%
data/raw/bvsd/page_renders/trend_report_feb2024_p11.png,888,1308,0.999,403
data/raw/bvsd/page_renders/trend_report_feb2024_p11.png,888,1402,0.998,74%
data/raw/bvsd/page_renders/trend_report_feb2024_p11.png,888,1551,0.994,401
data/raw/bvsd/page_renders/trend_report_feb2024_p11.png,888,1652,0.998,74%
data/raw/bvsd/page_renders/trend_report_feb2024_p11.png,888,1807,0.996,401
data/raw/bvsd/page_renders/trend_report_feb2024_p11.png,888,1914,0.998,74%
data/raw/bvsd/page_renders/trend_report_feb2024_p11.png,890,113,0.99,Pioneer
data/raw/bvsd/page_renders/trend_report_feb2024_p11.png,909,814,0.998,424
data/raw/bvsd/page_renders/trend_report_feb2024_p11.png,910,1024,0.971,416
data/raw/bvsd/page_renders/trend_report_feb2024_p11.png,910,1305,0.995,418
data/raw/bvsd/page_renders/trend_report_feb2024_p11.png,911,476,0.99,3.0
data/raw/bvsd/page_renders/trend_report_feb2024_p11.png,911,544,0.999,426
data/raw/bvsd/page_renders/trend_report_feb2024_p11.png,911,721,0.999,2.8
data/raw/bvsd/page_renders/trend_report_feb2024_p11.png,911,958,0.999,2.8
data/raw/bvsd/page_renders/trend_report_feb2024_p11.png,911,1213,0.999,2.8
data/raw/bvsd/page_renders/trend_report_feb2024_p11.png,911,1486,0.999,2.8
data/raw/bvsd/page_renders/trend_report_feb2024_p11.png,911,1552,0.995,421
data/raw/bvsd/page_renders/trend_report_feb2024_p11.png,911,1735,0.999,2.8
data/raw/bvsd/page_renders/trend_report_feb2024_p11.png,911,1807,0.992,421
data/raw/bvsd/page_renders/trend_report_feb2024_p11.png,911,2009,0.999,2.8
data/raw/bvsd/page_renders/trend_report_feb2024_p11.png,912,329,0.999,467
data/raw/bvsd/page_renders/trend_report_feb2024_p11.png,912,635,0.997,91%
data/raw/bvsd/page_renders/trend_report_feb2024_p11.png,912,874,0.85,91%
data/raw/bvsd/page_renders/trend_report_feb2024_p11.png,912,1114,0.995,%68
data/raw/bvsd/page_renders/trend_report_feb2024_p11.png,912,1402,0.998,%06
data/raw/bvsd/page_renders/trend_report_feb2024_p11.png,912,1652,0.999,%06
data/raw/bvsd/page_renders/trend_report_feb2024_p11.png,912,1914,0.997,%06
data/raw/bvsd/page_renders/trend_report_feb2024_p11.png,916,115,0.999,Ryan
data/raw/bvsd/page_renders/trend_report_feb2024_p11.png,934,958,0.955,2.1
data/raw/bvsd/page_renders/trend_report_feb2024_p11.png,934,1400,0.999,80%
data/raw/bvsd/page_renders/trend_report_feb2024_p11.png,934,1486,0.999,2.2
data/raw/bvsd/page_renders/trend_report_feb2024_p11.png,934,1649,0.999,%08
data/raw/bvsd/page_renders/trend_report_feb2024_p11.png,934,1735,0.999,2.2
data/raw/bvsd/page_renders/trend_report_feb2024_p11.png,935,328,0.997,418
data/raw/bvsd/page_renders/trend_report_feb2024_p11.png,935,476,0.998,3.0
data/raw/bvsd/page_renders/trend_report_feb2024_p11.png,935,544,0.999,285
data/raw/bvsd/page_renders/trend_report_feb2024_p11.png,935,636,0.999,68%
data/raw/bvsd/page_renders/trend_report_feb2024_p11.png,935,722,0.998,1.9
data/raw/bvsd/page_renders/trend_report_feb2024_p11.png,935,815,0.997,310
data/raw/bvsd/page_renders/trend_report_feb2024_p11.png,935,875,0.999,74%
data/raw/bvsd/page_renders/trend_report_feb2024_p11.png,935,1026,0.997,318
data/raw/bvsd/page_renders/trend_report_feb2024_p11.png,935,1114,0.998,76%
data/raw/bvsd/page_renders/trend_report_feb2024_p11.png,935,1213,0.981,2.1
data/raw/bvsd/page_renders/trend_report_feb2024_p11.png,935,1309,0.999,335
data/raw/bvsd/page_renders/trend_report_feb2024_p11.png,935,1551,0.999,334
data/raw/bvsd/page_renders/trend_report_feb2024_p11.png,935,1807,0.977,334
data/raw/bvsd/page_renders/trend_report_feb2024_p11.png,935,1913,0.999,80%
data/raw/bvsd/page_renders/trend_report_feb2024_p11.png,935,2009,0.999,2.2
data/raw/bvsd/page_renders/trend_report_feb2024_p11.png,937,115,0.996,Sanchez
data/raw/bvsd/page_renders/trend_report_feb2024_p11.png,957,720,0.999,2.9
data/raw/bvsd/page_renders/trend_report_feb2024_p11.png,957,1112,0.998,94%
data/raw/bvsd/page_renders/trend_report_feb2024_p11.png,957,1734,0.998,3.0
data/raw/bvsd/page_renders/trend_report_feb2024_p11.png,958,873,0.998,93%
data/raw/bvsd/page_renders/trend_report_feb2024_p11.png,958,1400,0.997,92%
data/raw/bvsd/page_renders/trend_report_feb2024_p11.png,958,1486,0.999,2.9
data/raw/bvsd/page_renders/trend_report_feb2024_p11.png,958,1649,0.998,98%
data/raw/bvsd/page_renders/trend_report_feb2024_p11.png,959,328,0.999,467
data/raw/bvsd/page_renders/trend_report_feb2024_p11.png,959,475,0.998,3.0
data/raw/bvsd/page_renders/trend_report_feb2024_p11.png,959,544,0.999,429
data/raw/bvsd/page_renders/trend_report_feb2024_p11.png,959,635,0.998,92%
data/raw/bvsd/page_renders/trend_report_feb2024_p11.png,959,815,0.999,433
data/raw/bvsd/page_renders/trend_report_feb2024_p11.png,959,958,0.995,2.9
data/raw/bvsd/page_renders/trend_report_feb2024_p11.png,959,1026,0.998,437
data/raw/bvsd/page_renders/trend_report_feb2024_p11.png,959,1213,0.999,2.9
data/raw/bvsd/page_renders/trend_report_feb2024_p11.png,959,1308,0.999,428
data/raw/bvsd/page_renders/trend_report_feb2024_p11.png,959,1551,0.999,457
data/raw/bvsd/page_renders/trend_report_feb2024_p11.png,959,1807,0.999,432
data/raw/bvsd/page_renders/trend_report_feb2024_p11.png,959,1913,0.998,93%
data/raw/bvsd/page_renders/trend_report_feb2024_p11.png,959,2009,0.999,2.9
data/raw/bvsd/page_renders/trend_report_feb2024_p11.png,961,115,0.997,Superior
data/raw/bvsd/page_renders/trend_report_feb2024_p11.png,981,720,0.999,2.5
data/raw/bvsd/page_renders/trend_report_feb2024_p11.png,982,476,0.996,4.0
data/raw/bvsd/page_renders/trend_report_feb2024_p11.png,982,959,0.999,2.4
data/raw/bvsd/page_renders/trend_report_feb2024_p11.png,982,1486,0.999,2.2
data/raw/bvsd/page_renders/trend_report_feb2024_p11.png,982,1735,0.998,2.2
data/raw/bvsd/page_renders/trend_report_feb2024_p11.png,983,114,0.942,UniversityHill(p)
data/raw/bvsd/page_renders/trend_report_feb2024_p11.png,983,328,0.999,590
data/raw/bvsd/page_renders/trend_report_feb2024_p11.png,983,544,0.999,372
data/raw/bvsd/page_renders/trend_report_feb2024_p11.png,983,636,0.999,63%
data/raw/bvsd/page_renders/trend_report_feb2024_p11.png,983,817,0.999,354
data/raw/bvsd/page_renders/trend_report_feb2024_p11.png,983,874,0.999,60%
data/raw/bvsd/page_renders/trend_report_feb2024_p11.png,983,1027,0.999,343
data/raw/bvsd/page_renders/trend_report_feb2024_p11.png,983,1213,0.998,2.3
data/raw/bvsd/page_renders/trend_report_feb2024_p11.png,983,1309,0.998,334
data/raw/bvsd/page_renders/trend_report_feb2024_p11.png,983,1552,0.999,332
data/raw/bvsd/page_renders/trend_report_feb2024_p11.png,983,1807,0.999,324
data/raw/bvsd/page_renders/trend_report_feb2024_p11.png,983,1914,0.999,55%
data/raw/bvsd/page_renders/trend_report_feb2024_p11.png,983,2009,0.999,2.2
data/raw/bvsd/page_renders/trend_report_feb2024_p11.png,984,1114,0.999,58%
data/raw/bvsd/page_renders/trend_report_feb2024_p11.png,984,1402,0.998,57%
data/raw/bvsd/page_renders/trend_report_feb2024_p11.png,984,1650,0.999,56%
data/raw/bvsd/page_renders/trend_report_feb2024_p11.png,1002,1734,0.99,1.6
data/raw/bvsd/page_renders/trend_report_feb2024_p11.png,1003,326,0.998,442
data/raw/bvsd/page_renders/trend_report_feb2024_p11.png,1003,721,0.999,1.9
data/raw/bvsd/page_renders/trend_report_feb2024_p11.png,1003,1913,0.998,52%
data/raw/bvsd/page_renders/trend_report_feb2024_p11.png,1005,475,0.998,3.0
data/raw/bvsd/page_renders/trend_report_feb2024_p11.png,1005,544,0.999,291
data/raw/bvsd/page_renders/trend_report_feb2024_p11.png,1005,815,0.999,273
data/raw/bvsd/page_renders/trend_report_feb2024_p11.png,1005,873,0.998,62%
data/raw/bvsd/page_renders/trend_report_feb2024_p11.png,1005,958,0.997,1.8
data/raw/bvsd/page_renders/trend_report_feb2024_p11.png,1005,1113,0.998,57%
data/raw/bvsd/page_renders/trend_report_feb2024_p11.png,1005,1213,0.998,1.7
data/raw/bvsd/page_renders/trend_report_feb2024_p11.png,1005,1309,0.999,240
data/raw/bvsd/page_renders/trend_report_feb2024_p11.png,1005,1486,0.996,1.6
data/raw/bvsd/page_renders/trend_report_feb2024_p11.png,1006,635,0.996,%99
data/raw/bvsd/page_renders/trend_report_feb2024_p11.png,1006,1026,0.999,250
data/raw/bvsd/page_renders/trend_report_feb2024_p11.png,1006,1402,0.998,54%
data/raw/bvsd/page_renders/trend_report_feb2024_p11.png,1006,1551,0.999,236
data/raw/bvsd/page_renders/trend_report_feb2024_p11.png,1006,1650,0.998,53%
data/raw/bvsd/page_renders/trend_report_feb2024_p11.png,1006,1807,0.999,229
data/raw/bvsd/page_renders/trend_report_feb2024_p11.png,1007,113,0.903,Whittier
data/raw/bvsd/page_renders/trend_report_feb2024_p11.png,1007,2010,0.998,1.5
data/raw/bvsd/page_renders/trend_report_feb2024_p11.png,1032,115,0.994,Elem.Total
data/raw/bvsd/page_renders/trend_report_feb2024_p11.png,1033,624,0.999,%69
data/raw/bvsd/page_renders/trend_report_feb2024_p11.png,1033,1373,0.999,65%
data/raw/bvsd/page_renders/trend_report_feb2024_p11.png,1033,1633,0.998,64%
data/raw/bvsd/page_renders/trend_report_feb2024_p11.png,1035,863,0.998,67%
data/raw/bvsd/page_renders/trend_report_feb2024_p11.png,1035,1102,0.999,66%
data/raw/bvsd/page_renders/trend_report_feb2024_p11.png,1035,1897,0.999,63%
data/raw/bvsd/page_renders/trend_report_feb2024_p11.png,1036,310,0.997,"14,608"
data/raw/bvsd/page_renders/trend_report_feb2024_p11.png,1036,528,0.995,"10,074"
data/raw/bvsd/page_renders/trend_report_feb2024_p11.png,1036,775,0.996,"9,842"
data/raw/bvsd/page_renders/trend_report_feb2024_p11.png,1036,1015,0.992,"9,619"
data/raw/bvsd/page_renders/trend_report_feb2024_p11.png,1036,1267,0.99,"9,506"
data/raw/bvsd/page_renders/trend_report_feb2024_p11.png,1036,1541,0.98,"9,308"
data/raw/bvsd/page_renders/trend_report_feb2024_p11.png,1036,1796,0.987,"9,174"
data/raw/bvsd/page_renders/trend_report_feb2024_p11.png,1058,116,0.97,*programcapacitybasedoncurrentuseof thebuilding
data/raw/bvsd/page_renders/trend_report_feb2024_p11.png,1153,155,0.928,LRAC Update & Annual Enrollment Trend Report
data/raw/bvsd/page_renders/trend_report_feb2024_p11.png,1156,2054,0.999,11
data/raw/bvsd/page_renders/trend_report_feb2024_p12.png,65,2086,0.993,SH52
data/raw/bvsd/page_renders/trend_report_feb2024_p12.png,66,1740,0.97,INERALRD
data/raw/bvsd/page_renders/trend_report_feb2024_p12.png,117,93,0.996,Enrollment Metrics
data/raw/bvsd/page_renders/trend_report_feb2024_p12.png,154,1870,0.935,owlark(K-5)
data/raw/bvsd/page_renders/trend_report_feb2024_p12.png,200,899,0.995,Foothill
data/raw/bvsd/page_renders/trend_report_feb2024_p12.png,201,1200,0.986,CrestView
data/raw/bvsd/page_renders/trend_report_feb2024_p12.png,216,109,1.0,5-yr projections
data/raw/bvsd/page_renders/trend_report_feb2024_p12.png,220,1543,0.706,点
data/raw/bvsd/page_renders/trend_report_feb2024_p12.png,231,1849,0.888,ISHL
data/raw/bvsd/page_renders/trend_report_feb2024_p12.png,238,1526,0.535,邮
data/raw/bvsd/page_renders/trend_report_feb2024_p12.png,255,1922,0.884,PER RD
data/raw/bvsd/page_renders/trend_report_feb2024_p12.png,270,2029,0.977,JAY RD
data/raw/bvsd/page_renders/trend_report_feb2024_p12.png,279,1434,0.995,AY RD
data/raw/bvsd/page_renders/trend_report_feb2024_p12.png,291,110,0.988,Enrollment Advisory Status
data/raw/bvsd/page_renders/trend_report_feb2024_p12.png,336,108,0.964,<=2 rounds 0r <=60%
data/raw/bvsd/page_renders/trend_report_feb2024_p12.png,356,1915,0.922,ERIE PKWY
data/raw/bvsd/page_renders/trend_report_feb2024_p12.png,387,1210,0.985,ne
data/raw/bvsd/page_renders/trend_report_feb2024_p12.png,401,1206,0.972,NTRD
data/raw/bvsd/page_renders/trend_report_feb2024_p12.png,402,1181,0.825,LMC
data/raw/bvsd/page_renders/trend_report_feb2024_p12.png,413,110,0.984,Community Engagement Status
data/raw/bvsd/page_renders/trend_report_feb2024_p12.png,418,1085,0.593,A
data/raw/bvsd/page_renders/trend_report_feb2024_p12.png,437,2071,0.908,VSTAPKWY
data/raw/bvsd/page_renders/trend_report_feb2024_p12.png,442,1260,0.963,PEAR
data/raw/bvsd/page_renders/trend_report_feb2024_p12.png,458,1141,0.859,田
data/raw/bvsd/page_renders/trend_report_feb2024_p12.png,460,1117,0.745,田
data/raw/bvsd/page_renders/trend_report_feb2024_p12.png,461,110,0.975,<=1.5 rounds and<=50%
data/raw/bvsd/page_renders/trend_report_feb2024_p12.png,477,1545,0.953,ARAPAHOE RD
data/raw/bvsd/page_renders/trend_report_feb2024_p12.png,483,1252,0.952,ARAPAHOEA
data/raw/bvsd/page_renders/trend_report_feb2024_p12.png,508,1522,0.992,Douglass
data/raw/bvsd/page_renders/trend_report_feb2024_p12.png,511,1058,0.884,5
data/raw/bvsd/page_renders/trend_report_feb2024_p12.png,517,1179,0.958,OLORADOAV
data/raw/bvsd/page_renders/trend_report_feb2024_p12.png,536,1299,0.742,田
data/raw/bvsd/page_renders/trend_report_feb2024_p12.png,559,1129,0.915,BASELINERBASELINERD
data/raw/bvsd/page_renders/trend_report_feb2024_p12.png,562,1844,0.989,WBASELINERD
data/raw/bvsd/page_renders/trend_report_feb2024_p12.png,564,1650,0.969,BASELINE RD
data/raw/bvsd/page_renders/trend_report_feb2024_p12.png,564,1742,0.926,V BASELINE RD
data/raw/bvsd/page_renders/trend_report_feb2024_p12.png,566,115,0.999,2023-24-Actual
data/raw/bvsd/page_renders/trend_report_feb2024_p12.png,566,450,0.971,2024-25 -Projected
data/raw/bvsd/page_renders/trend_report_feb2024_p12.png,566,1296,0.877,BASL
data/raw/bvsd/page_renders/trend_report_feb2024_p12.png,566,1328,0.958,LINE RD
data/raw/bvsd/page_renders/trend_report_feb2024_p12.png,580,1367,0.899,CHERRY
data/raw/bvsd/page_renders/trend_report_feb2024_p12.png,583,1294,0.915,hower
data/raw/bvsd/page_renders/trend_report_feb2024_p12.png,584,1248,0.873,Eiseni
data/raw/bvsd/page_renders/trend_report_feb2024_p12.png,603,1116,0.988,Creeks
data/raw/bvsd/page_renders/trend_report_feb2024_p12.png,610,115,0.998,Advisory: 6
data/raw/bvsd/page_renders/trend_report_feb2024_p12.png,610,450,0.997,Advisory: 7
data/raw/bvsd/page_renders/trend_report_feb2024_p12.png,639,1883,0.938,RRD
data/raw/bvsd/page_renders/trend_report_feb2024_p12.png,640,1401,0.975,SOUTH BOULDER RD
data/raw/bvsd/page_renders/trend_report_feb2024_p12.png,650,450,0.973,Engagement: 1
data/raw/bvsd/page_renders/trend_report_feb2024_p12.png,652,116,0.996,Engagement: 1
data/raw/bvsd/page_renders/trend_report_feb2024_p12.png,670,1594,0.986,田
data/raw/bvsd/page_renders/trend_report_feb2024_p12.png,685,1757,0.777,leEl
data/raw/bvsd/page_renders/trend_report_feb2024_p12.png,687,1694,0.836,Loui
data/raw/bvsd/page_renders/trend_report_feb2024_p12.png,720,1845,0.998,SH42
data/raw/bvsd/page_renders/trend_report_feb2024_p12.png,728,1926,0.943,ran
data/raw/bvsd/page_renders/trend_report_feb2024_p12.png,737,1153,0.58,田
data/raw/bvsd/page_renders/trend_report_feb2024_p12.png,739,1181,0.5,出
data/raw/bvsd/page_renders/trend_report_feb2024_p12.png,752,115,0.97,2025-26 - Projected
data/raw/bvsd/page_renders/trend_report_feb2024_p12.png,752,457,0.999,2026-27-Projected
data/raw/bvsd/page_renders/trend_report_feb2024_p12.png,758,1630,0.909,HERRYST
data/raw/bvsd/page_renders/trend_report_feb2024_p12.png,775,1386,0.874,MARSHALLDF
data/raw/bvsd/page_renders/trend_report_feb2024_p12.png,791,1593,0.931,DILLONRD
data/raw/bvsd/page_renders/trend_report_feb2024_p12.png,791,1914,0.876,NORTE
data/raw/bvsd/page_renders/trend_report_feb2024_p12.png,796,118,0.999,Advisory: 9
data/raw/bvsd/page_renders/trend_report_feb2024_p12.png,796,459,1.0,Advisory: 8
data/raw/bvsd/page_renders/trend_report_feb2024_p12.png,797,1838,0.983,NESTPKWY
data/raw/bvsd/page_renders/trend_report_feb2024_p12.png,804,1997,0.924,DLLON RD
data/raw/bvsd/page_renders/trend_report_feb2024_p12.png,833,1549,0.993,Mon
data/raw/bvsd/page_renders/trend_report_feb2024_p12.png,835,115,0.974,Engagement: 3
data/raw/bvsd/page_renders/trend_report_feb2024_p12.png,835,458,0.97,Engagement: 4
data/raw/bvsd/page_renders/trend_report_feb2024_p12.png,858,1857,0.957,AspenCreek(K-5)
data/raw/bvsd/page_renders/trend_report_feb2024_p12.png,887,1142,0.996,Mesa
data/raw/bvsd/page_renders/trend_report_feb2024_p12.png,926,1620,0.939,口
data/raw/bvsd/page_renders/trend_report_feb2024_p12.png,933,1513,0.984,Superior
data/raw/bvsd/page_renders/trend_report_feb2024_p12.png,939,115,0.999,2027-28-Projected
data/raw/bvsd/page_renders/trend_report_feb2024_p12.png,939,458,0.964,2028-29 - Projected
data/raw/bvsd/page_renders/trend_report_feb2024_p12.png,964,1588,0.951,OALTONDR
data/raw/bvsd/page_renders/trend_report_feb2024_p12.png,971,2030,0.935,田
data/raw/bvsd/page_renders/trend_report_feb2024_p12.png,972,2060,0.92,田
data/raw/bvsd/page_renders/trend_report_feb2024_p12.png,981,1932,0.726,田
data/raw/bvsd/page_renders/trend_report_feb2024_p12.png,982,459,1.0,Advisory: 7
data/raw/bvsd/page_renders/trend_report_feb2024_p12.png,983,116,0.999,Advisory: 8
data/raw/bvsd/page_renders/trend_report_feb2024_p12.png,984,1960,0.81,田
data/raw/bvsd/page_renders/trend_report_feb2024_p12.png,1014,2004,0.947,merald
data/raw/bvsd/page_renders/trend_report_feb2024_p12.png,1016,1460,0.957,Eldorado(K-5
data/raw/bvsd/page_renders/trend_report_feb2024_p12.png,1020,457,0.971,Engagement: 6
data/raw/bvsd/page_renders/trend_report_feb2024_p12.png,1023,115,0.959,Engagement: 5
data/raw/bvsd/page_renders/trend_report_feb2024_p12.png,1025,1962,0.582,日
data/raw/bvsd/page_renders/trend_report_feb2024_p12.png,1037,1789,0.99,SH128
data/raw/bvsd/page_renders/trend_report_feb2024_p12.png,1152,2052,0.999,12
data/raw/bvsd/page_renders/trend_report_feb2024_p12.png,1154,154,0.957,LRAC Update & Annual Enrollment Trend Report
data/raw/bvsd/page_renders/trend_report_feb2025_p09.png,67,136,0.994,BVSDCAPACITYSUMMARY2024-25
data/raw/bvsd/page_renders/trend_report_feb2025_p09.png,67,1300,0.971,YellowindcatesinitialAdvisorycriteriamet（<=2roundsand/or<=60%)
data/raw/bvsd/page_renders/trend_report_feb2025_p09.png,90,135,0.983,PercentCapacitybySchool(updated1/24/2025)
data/raw/bvsd/page_renders/trend_report_feb2025_p09.png,145,1543,0.986,Mountainorspecializedprogram(exempt)
data/raw/bvsd/page_renders/trend_report_feb2025_p09.png,188,491,0.995,ACTUAL
data/raw/bvsd/page_renders/trend_report_feb2025_p09.png,188,1318,0.996,PROJECTED
data/raw/bvsd/page_renders/trend_report_feb2025_p09.png,210,419,0.998,Capacity
data/raw/bvsd/page_renders/trend_report_feb2025_p09.png,210,696,0.999,2024
data/raw/bvsd/page_renders/trend_report_feb2025_p09.png,210,921,0.999,2025
data/raw/bvsd/page_renders/trend_report_feb2025_p09.png,212,529,0.998,2024-25
data/raw/bvsd/page_renders/trend_report_feb2025_p09.png,212,641,0.998,%
data/raw/bvsd/page_renders/trend_report_feb2025_p09.png,212,763,0.997,2025-26
data/raw/bvsd/page_renders/trend_report_feb2025_p09.png,212,989,0.998,2026-27
data/raw/bvsd/page_renders/trend_report_feb2025_p09.png,212,1094,0.995,%
data/raw/bvsd/page_renders/trend_report_feb2025_p09.png,212,1156,0.999,2026
data/raw/bvsd/page_renders/trend_report_feb2025_p09.png,212,1228,0.998,2027-28
data/raw/bvsd/page_renders/trend_report_feb2025_p09.png,212,1349,0.996,%
data/raw/bvsd/page_renders/trend_report_feb2025_p09.png,212,1604,0.995,%
data/raw/bvsd/page_renders/trend_report_feb2025_p09.png,212,1863,0.997,%
data/raw/bvsd/page_renders/trend_report_feb2025_p09.png,213,868,0.972,%
data/raw/bvsd/page_renders/trend_report_feb2025_p09.png,213,1422,0.999,2027
data/raw/bvsd/page_renders/trend_report_feb2025_p09.png,213,1490,0.998,2028-29
data/raw/bvsd/page_renders/trend_report_feb2025_p09.png,213,1665,0.999,2028
data/raw/bvsd/page_renders/trend_report_feb2025_p09.png,213,1742,0.998,2029-30
data/raw/bvsd/page_renders/trend_report_feb2025_p09.png,213,1928,0.999,2029
data/raw/bvsd/page_renders/trend_report_feb2025_p09.png,214,319,0.999,2024-25
data/raw/bvsd/page_renders/trend_report_feb2025_p09.png,236,852,0.982,Cap.
data/raw/bvsd/page_renders/trend_report_feb2025_p09.png,236,1243,0.992,Proj.
data/raw/bvsd/page_renders/trend_report_feb2025_p09.png,238,626,0.99,Cap.
data/raw/bvsd/page_renders/trend_report_feb2025_p09.png,238,777,0.994,Proj.
data/raw/bvsd/page_renders/trend_report_feb2025_p09.png,238,1080,0.986,Cap.
data/raw/bvsd/page_renders/trend_report_feb2025_p09.png,238,1335,0.989,Cap.
data/raw/bvsd/page_renders/trend_report_feb2025_p09.png,238,1591,0.988,Cap.
data/raw/bvsd/page_renders/trend_report_feb2025_p09.png,239,307,0.979,Capacity*
data/raw/bvsd/page_renders/trend_report_feb2025_p09.png,239,689,0.997,Rnds.
data/raw/bvsd/page_renders/trend_report_feb2025_p09.png,239,1004,0.993,Proj.
data/raw/bvsd/page_renders/trend_report_feb2025_p09.png,239,1505,0.992,Proj.
data/raw/bvsd/page_renders/trend_report_feb2025_p09.png,239,1756,0.993,Proj.
data/raw/bvsd/page_renders/trend_report_feb2025_p09.png,239,1848,0.985,Cap.
data/raw/bvsd/page_renders/trend_report_feb2025_p09.png,240,133,0.997,Elementary
data/raw/bvsd/page_renders/trend_report_feb2025_p09.png,240,424,0.997,Rounds
data/raw/bvsd/page_renders/trend_report_feb2025_p09.png,240,539,0.997,Enroll
data/raw/bvsd/page_renders/trend_report_feb2025_p09.png,241,1416,0.994,Rnds.
data/raw/bvsd/page_renders/trend_report_feb2025_p09.png,242,917,0.991,Rnds.
data/raw/bvsd/page_renders/trend_report_feb2025_p09.png,242,1152,0.995,Rnds.
data/raw/bvsd/page_renders/trend_report_feb2025_p09.png,242,1661,0.995,Rnds.
data/raw/bvsd/page_renders/trend_report_feb2025_p09.png,242,1924,0.994,Rnds.
data/raw/bvsd/page_renders/trend_report_feb2025_p09.png,268,638,0.999,96%
data/raw/bvsd/page_renders/trend_report_feb2025_p09.png,268,725,0.999,3.0
data/raw/bvsd/page_renders/trend_report_feb2025_p09.png,269,342,0.998,461
data/raw/bvsd/page_renders/trend_report_feb2025_p09.png,269,484,0.998,3.0
data/raw/bvsd/page_renders/trend_report_feb2025_p09.png,269,553,0.999,443
data/raw/bvsd/page_renders/trend_report_feb2025_p09.png,269,950,0.994,3.1
data/raw/bvsd/page_renders/trend_report_feb2025_p09.png,269,1013,0.998,467
data/raw/bvsd/page_renders/trend_report_feb2025_p09.png,269,1193,0.992,3.1
data/raw/bvsd/page_renders/trend_report_feb2025_p09.png,269,1450,0.994,3.1
data/raw/bvsd/page_renders/trend_report_feb2025_p09.png,269,1694,0.992,3.1
data/raw/bvsd/page_renders/trend_report_feb2025_p09.png,269,1766,0.998,477
data/raw/bvsd/page_renders/trend_report_feb2025_p09.png,269,1964,0.997,3.2
data/raw/bvsd/page_renders/trend_report_feb2025_p09.png,270,812,0.998,462
data/raw/bvsd/page_renders/trend_report_feb2025_p09.png,270,855,0.876,100%
data/raw/bvsd/page_renders/trend_report_feb2025_p09.png,270,1083,0.999,101%
data/raw/bvsd/page_renders/trend_report_feb2025_p09.png,270,1275,0.998,470
data/raw/bvsd/page_renders/trend_report_feb2025_p09.png,270,1355,0.999,102%
data/raw/bvsd/page_renders/trend_report_feb2025_p09.png,270,1513,0.994,471
data/raw/bvsd/page_renders/trend_report_feb2025_p09.png,270,1599,0.999,102%
data/raw/bvsd/page_renders/trend_report_feb2025_p09.png,270,1857,0.999,103%
data/raw/bvsd/page_renders/trend_report_feb2025_p09.png,271,133,0.997,AspenCreek
data/raw/bvsd/page_renders/trend_report_feb2025_p09.png,290,725,0.997,3.4
data/raw/bvsd/page_renders/trend_report_feb2025_p09.png,291,486,0.998,4.0
data/raw/bvsd/page_renders/trend_report_feb2025_p09.png,291,1964,0.998,3.4
data/raw/bvsd/page_renders/trend_report_feb2025_p09.png,292,342,0.999,590
data/raw/bvsd/page_renders/trend_report_feb2025_p09.png,292,553,0.999,511
data/raw/bvsd/page_renders/trend_report_feb2025_p09.png,292,812,0.999,509
data/raw/bvsd/page_renders/trend_report_feb2025_p09.png,292,952,0.997,3.4
data/raw/bvsd/page_renders/trend_report_feb2025_p09.png,292,1013,0.998,516
data/raw/bvsd/page_renders/trend_report_feb2025_p09.png,292,1193,0.996,3.4
data/raw/bvsd/page_renders/trend_report_feb2025_p09.png,292,1275,0.999,508
data/raw/bvsd/page_renders/trend_report_feb2025_p09.png,292,1450,0.996,3.4
data/raw/bvsd/page_renders/trend_report_feb2025_p09.png,292,1514,0.999,509
data/raw/bvsd/page_renders/trend_report_feb2025_p09.png,292,1695,0.996,3.4
data/raw/bvsd/page_renders/trend_report_feb2025_p09.png,292,1766,0.999,512
data/raw/bvsd/page_renders/trend_report_feb2025_p09.png,293,640,0.985,87%
data/raw/bvsd/page_renders/trend_report_feb2025_p09.png,293,866,0.999,86%
data/raw/bvsd/page_renders/trend_report_feb2025_p09.png,293,1092,0.899,87%
data/raw/bvsd/page_renders/trend_report_feb2025_p09.png,293,1365,0.929,86%
data/raw/bvsd/page_renders/trend_report_feb2025_p09.png,293,1609,0.999,86%
data/raw/bvsd/page_renders/trend_report_feb2025_p09.png,293,1867,0.891,87%
data/raw/bvsd/page_renders/trend_report_feb2025_p09.png,295,134,0.997,BCSIS-HP
data/raw/bvsd/page_renders/trend_report_feb2025_p09.png,314,726,0.997,2.1
data/raw/bvsd/page_renders/trend_report_feb2025_p09.png,314,952,0.999,2.1
data/raw/bvsd/page_renders/trend_report_feb2025_p09.png,315,486,0.998,3.5
data/raw/bvsd/page_renders/trend_report_feb2025_p09.png,315,1014,0.999,302
data/raw/bvsd/page_renders/trend_report_feb2025_p09.png,315,1194,0.998,2.0
data/raw/bvsd/page_renders/trend_report_feb2025_p09.png,315,1276,0.998,290
data/raw/bvsd/page_renders/trend_report_feb2025_p09.png,315,1365,0.999,59%
data/raw/bvsd/page_renders/trend_report_feb2025_p09.png,315,1450,0.997,1.9
data/raw/bvsd/page_renders/trend_report_feb2025_p09.png,315,1514,0.998,274
data/raw/bvsd/page_renders/trend_report_feb2025_p09.png,315,1696,0.994,1.8
data/raw/bvsd/page_renders/trend_report_feb2025_p09.png,315,1766,0.999,272
data/raw/bvsd/page_renders/trend_report_feb2025_p09.png,315,1964,0.998,1.8
data/raw/bvsd/page_renders/trend_report_feb2025_p09.png,316,342,0.999,492
data/raw/bvsd/page_renders/trend_report_feb2025_p09.png,316,554,0.999,318
data/raw/bvsd/page_renders/trend_report_feb2025_p09.png,316,640,0.985,65%
data/raw/bvsd/page_renders/trend_report_feb2025_p09.png,316,812,0.999,308
data/raw/bvsd/page_renders/trend_report_feb2025_p09.png,316,867,0.952,63%
data/raw/bvsd/page_renders/trend_report_feb2025_p09.png,316,1093,0.996,61%
data/raw/bvsd/page_renders/trend_report_feb2025_p09.png,316,1610,0.956,56%
data/raw/bvsd/page_renders/trend_report_feb2025_p09.png,316,1868,0.998,55%
data/raw/bvsd/page_renders/trend_report_feb2025_p09.png,319,134,0.996,BearCreek
data/raw/bvsd/page_renders/trend_report_feb2025_p09.png,336,866,0.999,64%
data/raw/bvsd/page_renders/trend_report_feb2025_p09.png,336,1093,0.999,63%
data/raw/bvsd/page_renders/trend_report_feb2025_p09.png,336,1867,0.999,58%
data/raw/bvsd/page_renders/trend_report_feb2025_p09.png,337,727,0.999,1.8
data/raw/bvsd/page_renders/trend_report_feb2025_p09.png,337,1193,0.997,1.7
data/raw/bvsd/page_renders/trend_report_feb2025_p09.png,337,1276,0.999,251
data/raw/bvsd/page_renders/trend_report_feb2025_p09.png,337,1450,0.998,1.7
data/raw/bvsd/page_renders/trend_report_feb2025_p09.png,337,1515,0.999,241
data/raw/bvsd/page_renders/trend_report_feb2025_p09.png,337,1695,0.997,1.6
data/raw/bvsd/page_renders/trend_report_feb2025_p09.png,337,1964,0.997,1.6
data/raw/bvsd/page_renders/trend_report_feb2025_p09.png,338,342,0.999,418
data/raw/bvsd/page_renders/trend_report_feb2025_p09.png,338,486,0.999,3.0
data/raw/bvsd/page_renders/trend_report_feb2025_p09.png,338,554,0.999,275
data/raw/bvsd/page_renders/trend_report_feb2025_p09.png,338,641,0.999,66%
data/raw/bvsd/page_renders/trend_report_feb2025_p09.png,338,812,0.999,269
data/raw/bvsd/page_renders/trend_report_feb2025_p09.png,338,953,0.998,1.8
data/raw/bvsd/page_renders/trend_report_feb2025_p09.png,338,1015,0.999,262
data/raw/bvsd/page_renders/trend_report_feb2025_p09.png,338,1365,0.881,60%
data/raw/bvsd/page_renders/trend_report_feb2025_p09.png,338,1610,0.96,58%
data/raw/bvsd/page_renders/trend_report_feb2025_p09.png,338,1766,0.999,242
data/raw/bvsd/page_renders/trend_report_feb2025_p09.png,342,133,0.999,Birch
data/raw/bvsd/page_renders/trend_report_feb2025_p09.png,360,639,0.963,58%
data/raw/bvsd/page_renders/trend_report_feb2025_p09.png,360,727,0.998,1.9
data/raw/bvsd/page_renders/trend_report_feb2025_p09.png,360,1193,0.997,1.7
data/raw/bvsd/page_renders/trend_report_feb2025_p09.png,360,1274,0.999,240
data/raw/bvsd/page_renders/trend_report_feb2025_p09.png,361,486,0.998,3.5
data/raw/bvsd/page_renders/trend_report_feb2025_p09.png,361,812,0.999,268
data/raw/bvsd/page_renders/trend_report_feb2025_p09.png,361,953,0.998,1.8
data/raw/bvsd/page_renders/trend_report_feb2025_p09.png,361,1014,1.0,248
data/raw/bvsd/page_renders/trend_report_feb2025_p09.png,361,1450,0.997,1.6
data/raw/bvsd/page_renders/trend_report_feb2025_p09.png,361,1515,0.999,242
data/raw/bvsd/page_renders/trend_report_feb2025_p09.png,361,1695,0.998,1.6
data/raw/bvsd/page_renders/trend_report_feb2025_p09.png,361,1766,0.999,247
data/raw/bvsd/page_renders/trend_report_feb2025_p09.png,361,1964,0.997,1.6
data/raw/bvsd/page_renders/trend_report_feb2025_p09.png,362,342,0.999,492
data/raw/bvsd/page_renders/trend_report_feb2025_p09.png,362,554,0.999,283
data/raw/bvsd/page_renders/trend_report_feb2025_p09.png,362,867,0.998,54%
data/raw/bvsd/page_renders/trend_report_feb2025_p09.png,362,1093,0.999,50%
data/raw/bvsd/page_renders/trend_report_feb2025_p09.png,362,1366,0.999,49%
data/raw/bvsd/page_renders/trend_report_feb2025_p09.png,362,1610,0.99,49%
data/raw/bvsd/page_renders/trend_report_feb2025_p09.png,362,1867,0.999,50%
data/raw/bvsd/page_renders/trend_report_feb2025_p09.png,363,132,0.979,Coal Creek
data/raw/bvsd/page_renders/trend_report_feb2025_p09.png,383,866,0.999,59%
data/raw/bvsd/page_renders/trend_report_feb2025_p09.png,383,950,0.997,2.3
data/raw/bvsd/page_renders/trend_report_feb2025_p09.png,384,486,0.987,4.0
data/raw/bvsd/page_renders/trend_report_feb2025_p09.png,384,727,0.997,2.3
data/raw/bvsd/page_renders/trend_report_feb2025_p09.png,384,1194,0.998,2.3
data/raw/bvsd/page_renders/trend_report_feb2025_p09.png,384,1450,0.998,2.2
data/raw/bvsd/page_renders/trend_report_feb2025_p09.png,384,1695,0.996,2.1
data/raw/bvsd/page_renders/trend_report_feb2025_p09.png,384,1964,0.997,2.0
data/raw/bvsd/page_renders/trend_report_feb2025_p09.png,385,131,0.998,Columbine
data/raw/bvsd/page_renders/trend_report_feb2025_p09.png,385,342,0.999,590
data/raw/bvsd/page_renders/trend_report_feb2025_p09.png,385,554,1.0,343
data/raw/bvsd/page_renders/trend_report_feb2025_p09.png,385,641,0.999,58%
data/raw/bvsd/page_renders/trend_report_feb2025_p09.png,385,812,0.998,347
data/raw/bvsd/page_renders/trend_report_feb2025_p09.png,385,1014,0.999,345
data/raw/bvsd/page_renders/trend_report_feb2025_p09.png,385,1276,0.999,333
data/raw/bvsd/page_renders/trend_report_feb2025_p09.png,385,1365,0.977,56%
data/raw/bvsd/page_renders/trend_report_feb2025_p09.png,385,1515,0.999,310
data/raw/bvsd/page_renders/trend_report_feb2025_p09.png,385,1766,0.999,294
data/raw/bvsd/page_renders/trend_report_feb2025_p09.png,385,1868,0.998,50%
data/raw/bvsd/page_renders/trend_report_feb2025_p09.png,386,1094,0.97,58%
data/raw/bvsd/page_renders/trend_report_feb2025_p09.png,386,1610,0.999,53%
data/raw/bvsd/page_renders/trend_report_feb2025_p09.png,406,640,0.999,59%
data/raw/bvsd/page_renders/trend_report_feb2025_p09.png,407,727,0.998,1.5
data/raw/bvsd/page_renders/trend_report_feb2025_p09.png,407,1093,0.999,59%
data/raw/bvsd/page_renders/trend_report_feb2025_p09.png,408,342,0.999,392
data/raw/bvsd/page_renders/trend_report_feb2025_p09.png,408,486,0.998,2.5
data/raw/bvsd/page_renders/trend_report_feb2025_p09.png,408,554,1.0,232
data/raw/bvsd/page_renders/trend_report_feb2025_p09.png,408,812,0.999,232
data/raw/bvsd/page_renders/trend_report_feb2025_p09.png,408,953,0.998,1.5
data/raw/bvsd/page_renders/trend_report_feb2025_p09.png,408,1015,0.999,233
data/raw/bvsd/page_renders/trend_report_feb2025_p09.png,408,1193,0.996,1.6
data/raw/bvsd/page_renders/trend_report_feb2025_p09.png,408,1276,0.999,237
data/raw/bvsd/page_renders/trend_report_feb2025_p09.png,408,1450,0.996,1.6
data/raw/bvsd/page_renders/trend_report_feb2025_p09.png,408,1515,0.999,238
data/raw/bvsd/page_renders/trend_report_feb2025_p09.png,408,1695,0.997,1.6
data/raw/bvsd/page_renders/trend_report_feb2025_p09.png,408,1766,0.999,240
data/raw/bvsd/page_renders/trend_report_feb2025_p09.png,408,1964,0.997,1.6
data/raw/bvsd/page_renders/trend_report_feb2025_p09.png,409,867,0.999,59%
data/raw/bvsd/page_renders/trend_report_feb2025_p09.png,409,1366,0.999,60%
data/raw/bvsd/page_renders/trend_report_feb2025_p09.png,409,1610,0.86,61%
data/raw/bvsd/page_renders/trend_report_feb2025_p09.png,409,1868,0.926,61%
data/raw/bvsd/page_renders/trend_report_feb2025_p09.png,412,134,0.99,Montessori
data/raw/bvsd/page_renders/trend_report_feb2025_p09.png,429,1448,0.998,1.8
data/raw/bvsd/page_renders/trend_report_feb2025_p09.png,432,342,0.999,369
data/raw/bvsd/page_renders/trend_report_feb2025_p09.png,432,486,0.999,2.5
data/raw/bvsd/page_renders/trend_report_feb2025_p09.png,432,554,0.999,327
data/raw/bvsd/page_renders/trend_report_feb2025_p09.png,432,641,0.999,89%
data/raw/bvsd/page_renders/trend_report_feb2025_p09.png,432,727,0.998,2.2
data/raw/bvsd/page_renders/trend_report_feb2025_p09.png,432,812,0.999,310
data/raw/bvsd/page_renders/trend_report_feb2025_p09.png,432,952,0.999,2.1
data/raw/bvsd/page_renders/trend_report_feb2025_p09.png,432,1015,1.0,296
data/raw/bvsd/page_renders/trend_report_feb2025_p09.png,432,1094,0.999,80%
data/raw/bvsd/page_renders/trend_report_feb2025_p09.png,432,1194,0.999,2.0
data/raw/bvsd/page_renders/trend_report_feb2025_p09.png,432,1276,0.999,268
data/raw/bvsd/page_renders/trend_report_feb2025_p09.png,432,1366,0.999,73%
data/raw/bvsd/page_renders/trend_report_feb2025_p09.png,432,1515,1.0,244
data/raw/bvsd/page_renders/trend_report_feb2025_p09.png,432,1610,0.999,66%
data/raw/bvsd/page_renders/trend_report_feb2025_p09.png,432,1695,0.997,1.6
data/raw/bvsd/page_renders/trend_report_feb2025_p09.png,432,1767,0.999,229
data/raw/bvsd/page_renders/trend_report_feb2025_p09.png,432,1868,0.999,62%
data/raw/bvsd/page_renders/trend_report_feb2025_p09.png,432,1964,0.996,1.5
data/raw/bvsd/page_renders/trend_report_feb2025_p09.png,433,867,0.998,84%
data/raw/bvsd/page_renders/trend_report_feb2025_p09.png,435,133,0.995,Creekside
data/raw/bvsd/page_renders/trend_report_feb2025_p09.png,455,486,0.998,4.0
data/raw/bvsd/page_renders/trend_report_feb2025_p09.png,455,727,0.999,2.6
data/raw/bvsd/page_renders/trend_report_feb2025_p09.png,455,953,0.999,2.4
data/raw/bvsd/page_renders/trend_report_feb2025_p09.png,455,1194,0.998,2.4
data/raw/bvsd/page_renders/trend_report_feb2025_p09.png,455,1276,0.999,343
data/raw/bvsd/page_renders/trend_report_feb2025_p09.png,455,1450,0.987,2.3
data/raw/bvsd/page_renders/trend_report_feb2025_p09.png,455,1695,0.998,2.2
data/raw/bvsd/page_renders/trend_report_feb2025_p09.png,456,131,0.995,CrestView
data/raw/bvsd/page_renders/trend_report_feb2025_p09.png,456,342,0.999,615
data/raw/bvsd/page_renders/trend_report_feb2025_p09.png,456,554,1.0,390
data/raw/bvsd/page_renders/trend_report_feb2025_p09.png,456,641,1.0,63%
data/raw/bvsd/page_renders/trend_report_feb2025_p09.png,456,813,0.999,362
data/raw/bvsd/page_renders/trend_report_feb2025_p09.png,456,867,0.998,59%
data/raw/bvsd/page_renders/trend_report_feb2025_p09.png,456,1015,0.999,361
data/raw/bvsd/page_renders/trend_report_feb2025_p09.png,456,1094,0.999,59%
data/raw/bvsd/page_renders/trend_report_feb2025_p09.png,456,1365,0.97,56%
data/raw/bvsd/page_renders/trend_report_feb2025_p09.png,456,1515,0.999,332
data/raw/bvsd/page_renders/trend_report_feb2025_p09.png,456,1610,0.997,54%
data/raw/bvsd/page_renders/trend_report_feb2025_p09.png,456,1767,0.999,335
data/raw/bvsd/page_renders/trend_report_feb2025_p09.png,456,1868,0.996,54%
data/raw/bvsd/page_renders/trend_report_feb2025_p09.png,456,1964,0.998,2.2
data/raw/bvsd/page_renders/trend_report_feb2025_p09.png,475,1191,0.996,1.8
data/raw/bvsd/page_renders/trend_report_feb2025_p09.png,475,1448,0.998,1.8
data/raw/bvsd/page_renders/trend_report_feb2025_p09.png,477,727,0.998,1.9
data/raw/bvsd/page_renders/trend_report_feb2025_p09.png,477,812,0.999,272
data/raw/bvsd/page_renders/trend_report_feb2025_p09.png,477,953,0.997,1.8
data/raw/bvsd/page_renders/trend_report_feb2025_p09.png,477,1014,0.999,273
data/raw/bvsd/page_renders/trend_report_feb2025_p09.png,477,1695,0.998,1.8
data/raw/bvsd/page_renders/trend_report_feb2025_p09.png,478,342,0.999,418
data/raw/bvsd/page_renders/trend_report_feb2025_p09.png,478,554,1.0,282
data/raw/bvsd/page_renders/trend_report_feb2025_p09.png,478,641,0.999,67%
data/raw/bvsd/page_renders/trend_report_feb2025_p09.png,478,867,0.97,65%
data/raw/bvsd/page_renders/trend_report_feb2025_p09.png,478,1094,0.999,65%
data/raw/bvsd/page_renders/trend_report_feb2025_p09.png,478,1276,1.0,270
data/raw/bvsd/page_renders/trend_report_feb2025_p09.png,478,1366,0.999,65%
data/raw/bvsd/page_renders/trend_report_feb2025_p09.png,478,1515,0.999,263
data/raw/bvsd/page_renders/trend_report_feb2025_p09.png,478,1611,0.999,63%
data/raw/bvsd/page_renders/trend_report_feb2025_p09.png,478,1767,0.999,260
data/raw/bvsd/page_renders/trend_report_feb2025_p09.png,478,1868,0.997,62%
data/raw/bvsd/page_renders/trend_report_feb2025_p09.png,479,487,0.997,3.0
data/raw/bvsd/page_renders/trend_report_feb2025_p09.png,479,1965,0.998,1.7
data/raw/bvsd/page_renders/trend_report_feb2025_p09.png,481,133,0.996,Douglass
data/raw/bvsd/page_renders/trend_report_feb2025_p09.png,499,639,0.999,56%
data/raw/bvsd/page_renders/trend_report_feb2025_p09.png,499,864,0.997,54%
data/raw/bvsd/page_renders/trend_report_feb2025_p09.png,499,1092,0.999,52%
data/raw/bvsd/page_renders/trend_report_feb2025_p09.png,499,1609,0.999,52%
data/raw/bvsd/page_renders/trend_report_feb2025_p09.png,500,727,0.999,1.8
data/raw/bvsd/page_renders/trend_report_feb2025_p09.png,500,1364,0.992,52%
data/raw/bvsd/page_renders/trend_report_feb2025_p09.png,500,1695,0.998,1.7
data/raw/bvsd/page_renders/trend_report_feb2025_p09.png,501,342,0.999,492
data/raw/bvsd/page_renders/trend_report_feb2025_p09.png,501,486,0.998,3.5
data/raw/bvsd/page_renders/trend_report_feb2025_p09.png,501,554,0.999,276
data/raw/bvsd/page_renders/trend_report_feb2025_p09.png,501,812,0.999,267
data/raw/bvsd/page_renders/trend_report_feb2025_p09.png,501,953,0.998,1.8
data/raw/bvsd/page_renders/trend_report_feb2025_p09.png,501,1015,1.0,255
data/raw/bvsd/page_renders/trend_report_feb2025_p09.png,501,1193,0.997,1.7
data/raw/bvsd/page_renders/trend_report_feb2025_p09.png,501,1276,0.999,258
data/raw/bvsd/page_renders/trend_report_feb2025_p09.png,501,1515,1.0,257
data/raw/bvsd/page_renders/trend_report_feb2025_p09.png,501,1767,0.999,258
data/raw/bvsd/page_renders/trend_report_feb2025_p09.png,501,1867,0.997,52%
data/raw/bvsd/page_renders/trend_report_feb2025_p09.png,502,132,0.995,Eisenhower
data/raw/bvsd/page_renders/trend_report_feb2025_p09.png,502,1451,0.998,1.7
data/raw/bvsd/page_renders/trend_report_feb2025_p09.png,502,1965,0.998,1.7
data/raw/bvsd/page_renders/trend_report_feb2025_p09.png,522,1448,0.996,1.6
data/raw/bvsd/page_renders/trend_report_feb2025_p09.png,523,727,0.999,1.7
data/raw/bvsd/page_renders/trend_report_feb2025_p09.png,524,486,0.998,4.0
data/raw/bvsd/page_renders/trend_report_feb2025_p09.png,524,953,0.999,1.7
data/raw/bvsd/page_renders/trend_report_feb2025_p09.png,524,1015,1.0,242
data/raw/bvsd/page_renders/trend_report_feb2025_p09.png,524,1194,0.995,1.6
data/raw/bvsd/page_renders/trend_report_feb2025_p09.png,524,1515,0.999,247
data/raw/bvsd/page_renders/trend_report_feb2025_p09.png,524,1695,0.997,1.6
data/raw/bvsd/page_renders/trend_report_feb2025_p09.png,525,131,0.992,Eldorado
data/raw/bvsd/page_renders/trend_report_feb2025_p09.png,525,342,0.999,568
data/raw/bvsd/page_renders/trend_report_feb2025_p09.png,525,554,1.0,256
data/raw/bvsd/page_renders/trend_report_feb2025_p09.png,525,641,0.999,45%
data/raw/bvsd/page_renders/trend_report_feb2025_p09.png,525,813,0.999,250
data/raw/bvsd/page_renders/trend_report_feb2025_p09.png,525,867,0.997,44%
data/raw/bvsd/page_renders/trend_report_feb2025_p09.png,525,1094,0.998,43%
data/raw/bvsd/page_renders/trend_report_feb2025_p09.png,525,1276,0.999,239
data/raw/bvsd/page_renders/trend_report_feb2025_p09.png,525,1366,0.999,42%
data/raw/bvsd/page_renders/trend_report_feb2025_p09.png,525,1611,0.997,43%
data/raw/bvsd/page_renders/trend_report_feb2025_p09.png,525,1766,0.999,256
data/raw/bvsd/page_renders/trend_report_feb2025_p09.png,525,1868,0.999,45%
data/raw/bvsd/page_renders/trend_report_feb2025_p09.png,526,1965,0.998,1.7
data/raw/bvsd/page_renders/trend_report_feb2025_p09.png,546,950,0.999,2.4
data/raw/bvsd/page_renders/trend_report_feb2025_p09.png,547,727,0.996,2.3
data/raw/bvsd/page_renders/trend_report_feb2025_p09.png,547,1093,0.999,89%
data/raw/bvsd/page_renders/trend_report_feb2025_p09.png,548,342,0.999,393
data/raw/bvsd/page_renders/trend_report_feb2025_p09.png,548,486,0.999,2.5
data/raw/bvsd/page_renders/trend_report_feb2025_p09.png,548,554,0.999,348
data/raw/bvsd/page_renders/trend_report_feb2025_p09.png,548,641,0.999,89%
data/raw/bvsd/page_renders/trend_report_feb2025_p09.png,548,813,0.999,353
data/raw/bvsd/page_renders/trend_report_feb2025_p09.png,548,1014,0.999,348
data/raw/bvsd/page_renders/trend_report_feb2025_p09.png,548,1194,0.972,2.3
data/raw/bvsd/page_renders/trend_report_feb2025_p09.png,548,1276,0.999,348
data/raw/bvsd/page_renders/trend_report_feb2025_p09.png,548,1450,0.995,2.3
data/raw/bvsd/page_renders/trend_report_feb2025_p09.png,548,1515,0.999,350
data/raw/bvsd/page_renders/trend_report_feb2025_p09.png,548,1695,0.994,2.3
data/raw/bvsd/page_renders/trend_report_feb2025_p09.png,548,1767,0.999,365
data/raw/bvsd/page_renders/trend_report_feb2025_p09.png,548,1964,0.998,2.4
data/raw/bvsd/page_renders/trend_report_feb2025_p09.png,549,867,0.993,90%
data/raw/bvsd/page_renders/trend_report_feb2025_p09.png,549,1366,0.942,89%
data/raw/bvsd/page_renders/trend_report_feb2025_p09.png,549,1611,0.845,89%
data/raw/bvsd/page_renders/trend_report_feb2025_p09.png,549,1868,0.967,93%
data/raw/bvsd/page_renders/trend_report_feb2025_p09.png,550,132,0.995,Emerald
data/raw/bvsd/page_renders/trend_report_feb2025_p09.png,570,1194,0.998,2.5
data/raw/bvsd/page_renders/trend_report_feb2025_p09.png,570,1450,0.998,2.4
data/raw/bvsd/page_renders/trend_report_feb2025_p09.png,570,1695,0.999,2.2
data/raw/bvsd/page_renders/trend_report_feb2025_p09.png,571,486,0.999,3.5
data/raw/bvsd/page_renders/trend_report_feb2025_p09.png,571,554,1.0,397
data/raw/bvsd/page_renders/trend_report_feb2025_p09.png,571,727,0.998,2.6
data/raw/bvsd/page_renders/trend_report_feb2025_p09.png,571,812,0.999,396
data/raw/bvsd/page_renders/trend_report_feb2025_p09.png,571,952,0.998,2.6
data/raw/bvsd/page_renders/trend_report_feb2025_p09.png,571,1014,0.999,375
data/raw/bvsd/page_renders/trend_report_feb2025_p09.png,571,1276,1.0,358
data/raw/bvsd/page_renders/trend_report_feb2025_p09.png,571,1515,0.999,333
data/raw/bvsd/page_renders/trend_report_feb2025_p09.png,571,1767,0.999,326
data/raw/bvsd/page_renders/trend_report_feb2025_p09.png,571,1964,0.998,2.2
data/raw/bvsd/page_renders/trend_report_feb2025_p09.png,572,131,0.996,Fireside
data/raw/bvsd/page_renders/trend_report_feb2025_p09.png,572,342,0.999,516
data/raw/bvsd/page_renders/trend_report_feb2025_p09.png,572,641,0.999,77%
data/raw/bvsd/page_renders/trend_report_feb2025_p09.png,572,867,0.998,77%
data/raw/bvsd/page_renders/trend_report_feb2025_p09.png,572,1094,0.998,73%
data/raw/bvsd/page_renders/trend_report_feb2025_p09.png,572,1365,0.978,69%
data/raw/bvsd/page_renders/trend_report_feb2025_p09.png,572,1610,1.0,65%
data/raw/bvsd/page_renders/trend_report_feb2025_p09.png,572,1868,0.947,63%
data/raw/bvsd/page_renders/trend_report_feb2025_p09.png,592,1092,0.998,51%
data/raw/bvsd/page_renders/trend_report_feb2025_p09.png,592,1364,0.999,55%
data/raw/bvsd/page_renders/trend_report_feb2025_p09.png,592,1867,0.999,53%
data/raw/bvsd/page_renders/trend_report_feb2025_p09.png,593,727,0.996,1.1
data/raw/bvsd/page_renders/trend_report_feb2025_p09.png,593,866,0.999,52%
data/raw/bvsd/page_renders/trend_report_feb2025_p09.png,593,952,0.998,1.1
data/raw/bvsd/page_renders/trend_report_feb2025_p09.png,593,1450,0.996,1.2
data/raw/bvsd/page_renders/trend_report_feb2025_p09.png,593,1695,0.984,1.1
data/raw/bvsd/page_renders/trend_report_feb2025_p09.png,594,342,1.0,320
data/raw/bvsd/page_renders/trend_report_feb2025_p09.png,594,486,0.999,2.0
data/raw/bvsd/page_renders/trend_report_feb2025_p09.png,594,554,0.999,163
data/raw/bvsd/page_renders/trend_report_feb2025_p09.png,594,640,0.998,51%
data/raw/bvsd/page_renders/trend_report_feb2025_p09.png,594,812,0.999,165
data/raw/bvsd/page_renders/trend_report_feb2025_p09.png,594,1015,0.999,164
data/raw/bvsd/page_renders/trend_report_feb2025_p09.png,594,1193,0.993,1.1
data/raw/bvsd/page_renders/trend_report_feb2025_p09.png,594,1276,0.999,175
data/raw/bvsd/page_renders/trend_report_feb2025_p09.png,594,1515,0.999,169
data/raw/bvsd/page_renders/trend_report_feb2025_p09.png,594,1610,0.931,53%
data/raw/bvsd/page_renders/trend_report_feb2025_p09.png,594,1767,0.999,169
data/raw/bvsd/page_renders/trend_report_feb2025_p09.png,596,131,0.993,Flatirons
data/raw/bvsd/page_renders/trend_report_feb2025_p09.png,596,1965,0.994,1.1
data/raw/bvsd/page_renders/trend_report_feb2025_p09.png,616,640,0.998,74%
data/raw/bvsd/page_renders/trend_report_feb2025_p09.png,616,1093,0.997,74%
data/raw/bvsd/page_renders/trend_report_feb2025_p09.png,617,342,1.0,565
data/raw/bvsd/page_renders/trend_report_feb2025_p09.png,617,486,0.997,4.0
data/raw/bvsd/page_renders/trend_report_feb2025_p09.png,617,727,0.997,2.8
data/raw/bvsd/page_renders/trend_report_feb2025_p09.png,617,812,0.999,422
data/raw/bvsd/page_renders/trend_report_feb2025_p09.png,617,952,0.999,2.8
data/raw/bvsd/page_renders/trend_report_feb2025_p09.png,617,1015,0.999,418
data/raw/bvsd/page_renders/trend_report_feb2025_p09.png,617,1194,0.999,2.8
data/raw/bvsd/page_renders/trend_report_feb2025_p09.png,617,1276,0.998,402
data/raw/bvsd/page_renders/trend_report_feb2025_p09.png,617,1450,0.999,2.7
data/raw/bvsd/page_renders/trend_report_feb2025_p09.png,617,1514,0.998,376
data/raw/bvsd/page_renders/trend_report_feb2025_p09.png,617,1695,0.997,2.5
data/raw/bvsd/page_renders/trend_report_feb2025_p09.png,617,1964,0.999,2.4
data/raw/bvsd/page_renders/trend_report_feb2025_p09.png,618,554,0.999,418
data/raw/bvsd/page_renders/trend_report_feb2025_p09.png,618,867,0.991,75%
data/raw/bvsd/page_renders/trend_report_feb2025_p09.png,618,1365,0.989,71%
data/raw/bvsd/page_renders/trend_report_feb2025_p09.png,618,1610,0.932,67%
data/raw/bvsd/page_renders/trend_report_feb2025_p09.png,618,1767,0.999,353
data/raw/bvsd/page_renders/trend_report_feb2025_p09.png,618,1868,0.995,62%
data/raw/bvsd/page_renders/trend_report_feb2025_p09.png,619,132,0.94,Foothill
data/raw/bvsd/page_renders/trend_report_feb2025_p09.png,639,726,0.997,0.1
data/raw/bvsd/page_renders/trend_report_feb2025_p09.png,639,952,0.998,0.1
data/raw/bvsd/page_renders/trend_report_feb2025_p09.png,639,1193,0.998,0.1
data/raw/bvsd/page_renders/trend_report_feb2025_p09.png,639,1450,0.998,0.1
data/raw/bvsd/page_renders/trend_report_feb2025_p09.png,639,1695,0.998,0.1
data/raw/bvsd/page_renders/trend_report_feb2025_p09.png,639,1867,0.997,20%
data/raw/bvsd/page_renders/trend_report_feb2025_p09.png,640,347,0.999,49
data/raw/bvsd/page_renders/trend_report_feb2025_p09.png,640,640,0.999,20%
data/raw/bvsd/page_renders/trend_report_feb2025_p09.png,640,867,0.999,20%
data/raw/bvsd/page_renders/trend_report_feb2025_p09.png,640,1094,0.999,24%
data/raw/bvsd/page_renders/trend_report_feb2025_p09.png,640,1365,0.995,24%
data/raw/bvsd/page_renders/trend_report_feb2025_p09.png,640,1610,0.994,20%
data/raw/bvsd/page_renders/trend_report_feb2025_p09.png,641,131,0.96,Gold Hill
data/raw/bvsd/page_renders/trend_report_feb2025_p09.png,641,487,0.998,0.5
data/raw/bvsd/page_renders/trend_report_feb2025_p09.png,641,559,0.999,10
data/raw/bvsd/page_renders/trend_report_feb2025_p09.png,641,823,0.999,10
data/raw/bvsd/page_renders/trend_report_feb2025_p09.png,641,1020,0.997,12
data/raw/bvsd/page_renders/trend_report_feb2025_p09.png,641,1287,0.999,12
data/raw/bvsd/page_renders/trend_report_feb2025_p09.png,641,1521,0.999,10
data/raw/bvsd/page_renders/trend_report_feb2025_p09.png,641,1774,0.999,10
data/raw/bvsd/page_renders/trend_report_feb2025_p09.png,641,1964,0.997,0.1
data/raw/bvsd/page_renders/trend_report_feb2025_p09.png,660,1192,0.858,1.5
data/raw/bvsd/page_renders/trend_report_feb2025_p09.png,662,486,0.998,3.5
data/raw/bvsd/page_renders/trend_report_feb2025_p09.png,662,812,0.999,228
data/raw/bvsd/page_renders/trend_report_feb2025_p09.png,663,343,1.0,492
data/raw/bvsd/page_renders/trend_report_feb2025_p09.png,663,554,1.0,233
data/raw/bvsd/page_renders/trend_report_feb2025_p09.png,663,1015,0.999,224
data/raw/bvsd/page_renders/trend_report_feb2025_p09.png,663,1276,0.999,213
data/raw/bvsd/page_renders/trend_report_feb2025_p09.png,663,1697,0.996,1.4
data/raw/bvsd/page_renders/trend_report_feb2025_p09.png,663,1766,0.997,211
data/raw/bvsd/page_renders/trend_report_feb2025_p09.png,664,641,0.998,47%
data/raw/bvsd/page_renders/trend_report_feb2025_p09.png,664,953,0.993,1.5
data/raw/bvsd/page_renders/trend_report_feb2025_p09.png,664,1094,0.999,46%
data/raw/bvsd/page_renders/trend_report_feb2025_p09.png,664,1450,0.994,1.4
data/raw/bvsd/page_renders/trend_report_feb2025_p09.png,664,1514,0.999,215
data/raw/bvsd/page_renders/trend_report_feb2025_p09.png,664,1610,0.997,44%
data/raw/bvsd/page_renders/trend_report_feb2025_p09.png,664,1867,0.853,43%
data/raw/bvsd/page_renders/trend_report_feb2025_p09.png,665,728,0.998,1.6
data/raw/bvsd/page_renders/trend_report_feb2025_p09.png,665,867,0.999,46%
data/raw/bvsd/page_renders/trend_report_feb2025_p09.png,665,1365,0.998,43%
data/raw/bvsd/page_renders/trend_report_feb2025_p09.png,666,132,0.982,Heatherwood^
data/raw/bvsd/page_renders/trend_report_feb2025_p09.png,666,1965,0.995,1.4
data/raw/bvsd/page_renders/trend_report_feb2025_p09.png,686,867,0.998,64%
data/raw/bvsd/page_renders/trend_report_feb2025_p09.png,686,1609,0.999,68%
data/raw/bvsd/page_renders/trend_report_feb2025_p09.png,686,1866,0.984,68%
data/raw/bvsd/page_renders/trend_report_feb2025_p09.png,687,486,0.999,0.5
data/raw/bvsd/page_renders/trend_report_feb2025_p09.png,687,726,0.997,0.1
data/raw/bvsd/page_renders/trend_report_feb2025_p09.png,688,560,1.0,17
data/raw/bvsd/page_renders/trend_report_feb2025_p09.png,688,640,0.975,68%
data/raw/bvsd/page_renders/trend_report_feb2025_p09.png,688,950,0.998,0.1
data/raw/bvsd/page_renders/trend_report_feb2025_p09.png,688,1020,0.997,17
data/raw/bvsd/page_renders/trend_report_feb2025_p09.png,688,1094,0.999,68%
data/raw/bvsd/page_renders/trend_report_feb2025_p09.png,688,1193,0.997,0.1
data/raw/bvsd/page_renders/trend_report_feb2025_p09.png,688,1287,0.997,16
data/raw/bvsd/page_renders/trend_report_feb2025_p09.png,688,1365,0.947,64%
data/raw/bvsd/page_renders/trend_report_feb2025_p09.png,688,1449,0.997,0.1
data/raw/bvsd/page_renders/trend_report_feb2025_p09.png,688,1521,0.998,17
data/raw/bvsd/page_renders/trend_report_feb2025_p09.png,688,1694,0.997,0.1
data/raw/bvsd/page_renders/trend_report_feb2025_p09.png,688,1772,0.997,17
data/raw/bvsd/page_renders/trend_report_feb2025_p09.png,688,1963,0.998,0.1
data/raw/bvsd/page_renders/trend_report_feb2025_p09.png,689,132,0.992,Jamestown
data/raw/bvsd/page_renders/trend_report_feb2025_p09.png,689,347,1.0,25
data/raw/bvsd/page_renders/trend_report_feb2025_p09.png,689,823,0.997,16
data/raw/bvsd/page_renders/trend_report_feb2025_p09.png,709,727,0.999,1.7
data/raw/bvsd/page_renders/trend_report_feb2025_p09.png,709,1695,0.996,1.5
data/raw/bvsd/page_renders/trend_report_feb2025_p09.png,709,1964,0.996,1.5
data/raw/bvsd/page_renders/trend_report_feb2025_p09.png,711,342,0.999,516
data/raw/bvsd/page_renders/trend_report_feb2025_p09.png,711,486,0.999,3.5
data/raw/bvsd/page_renders/trend_report_feb2025_p09.png,711,554,1.0,254
data/raw/bvsd/page_renders/trend_report_feb2025_p09.png,711,641,0.999,49%
data/raw/bvsd/page_renders/trend_report_feb2025_p09.png,711,812,0.999,247
data/raw/bvsd/page_renders/trend_report_feb2025_p09.png,711,868,0.998,48%
data/raw/bvsd/page_renders/trend_report_feb2025_p09.png,711,953,0.997,1.6
data/raw/bvsd/page_renders/trend_report_feb2025_p09.png,711,1015,1.0,245
data/raw/bvsd/page_renders/trend_report_feb2025_p09.png,711,1094,0.998,47%
data/raw/bvsd/page_renders/trend_report_feb2025_p09.png,711,1193,0.995,1.6
data/raw/bvsd/page_renders/trend_report_feb2025_p09.png,711,1276,0.999,237
data/raw/bvsd/page_renders/trend_report_feb2025_p09.png,711,1365,0.94,46%
data/raw/bvsd/page_renders/trend_report_feb2025_p09.png,711,1450,0.996,1.6
data/raw/bvsd/page_renders/trend_report_feb2025_p09.png,711,1515,0.999,227
data/raw/bvsd/page_renders/trend_report_feb2025_p09.png,711,1610,0.994,44%
data/raw/bvsd/page_renders/trend_report_feb2025_p09.png,711,1766,0.999,227
data/raw/bvsd/page_renders/trend_report_feb2025_p09.png,711,1868,0.997,44%
data/raw/bvsd/page_renders/trend_report_feb2025_p09.png,714,132,0.981,Kohl
data/raw/bvsd/page_renders/trend_report_feb2025_p09.png,732,552,1.0,465
data/raw/bvsd/page_renders/trend_report_feb2025_p09.png,732,640,0.999,82%
data/raw/bvsd/page_renders/trend_report_feb2025_p09.png,733,486,0.998,4.0
data/raw/bvsd/page_renders/trend_report_feb2025_p09.png,733,726,0.998,3.1
data/raw/bvsd/page_renders/trend_report_feb2025_p09.png,733,813,0.999,464
data/raw/bvsd/page_renders/trend_report_feb2025_p09.png,733,952,0.998,3.1
data/raw/bvsd/page_renders/trend_report_feb2025_p09.png,733,1015,0.999,478
data/raw/bvsd/page_renders/trend_report_feb2025_p09.png,733,1194,0.994,3.2
data/raw/bvsd/page_renders/trend_report_feb2025_p09.png,733,1276,0.999,460
data/raw/bvsd/page_renders/trend_report_feb2025_p09.png,733,1450,0.996,3.1
data/raw/bvsd/page_renders/trend_report_feb2025_p09.png,733,1515,0.999,435
data/raw/bvsd/page_renders/trend_report_feb2025_p09.png,733,1695,0.996,2.9
data/raw/bvsd/page_renders/trend_report_feb2025_p09.png,733,1767,0.999,423
data/raw/bvsd/page_renders/trend_report_feb2025_p09.png,734,131,0.988,Lafayette
data/raw/bvsd/page_renders/trend_report_feb2025_p09.png,734,342,1.0,565
data/raw/bvsd/page_renders/trend_report_feb2025_p09.png,734,867,0.983,82%
data/raw/bvsd/page_renders/trend_report_feb2025_p09.png,734,1094,1.0,85%
data/raw/bvsd/page_renders/trend_report_feb2025_p09.png,734,1365,0.957,81%
data/raw/bvsd/page_renders/trend_report_feb2025_p09.png,734,1611,0.998,77%
data/raw/bvsd/page_renders/trend_report_feb2025_p09.png,734,1868,0.991,75%
data/raw/bvsd/page_renders/trend_report_feb2025_p09.png,736,1965,0.998,2.8
data/raw/bvsd/page_renders/trend_report_feb2025_p09.png,756,727,0.998,2.8
data/raw/bvsd/page_renders/trend_report_feb2025_p09.png,756,952,0.999,2.7
data/raw/bvsd/page_renders/trend_report_feb2025_p09.png,756,1194,0.997,2.6
data/raw/bvsd/page_renders/trend_report_feb2025_p09.png,756,1450,0.998,2.4
data/raw/bvsd/page_renders/trend_report_feb2025_p09.png,756,1695,0.997,2.5
data/raw/bvsd/page_renders/trend_report_feb2025_p09.png,756,1965,0.999,2.4
data/raw/bvsd/page_renders/trend_report_feb2025_p09.png,757,342,0.999,615
data/raw/bvsd/page_renders/trend_report_feb2025_p09.png,757,486,0.998,4.0
data/raw/bvsd/page_renders/trend_report_feb2025_p09.png,757,554,1.0,417
data/raw/bvsd/page_renders/trend_report_feb2025_p09.png,757,641,0.999,68%
data/raw/bvsd/page_renders/trend_report_feb2025_p09.png,757,812,0.998,407
data/raw/bvsd/page_renders/trend_report_feb2025_p09.png,757,868,0.999,66%
data/raw/bvsd/page_renders/trend_report_feb2025_p09.png,757,1015,0.999,388
data/raw/bvsd/page_renders/trend_report_feb2025_p09.png,757,1094,0.999,63%
data/raw/bvsd/page_renders/trend_report_feb2025_p09.png,757,1276,0.999,367
data/raw/bvsd/page_renders/trend_report_feb2025_p09.png,757,1365,0.963,60%
data/raw/bvsd/page_renders/trend_report_feb2025_p09.png,757,1515,0.999,370
data/raw/bvsd/page_renders/trend_report_feb2025_p09.png,757,1610,0.875,60%
data/raw/bvsd/page_renders/trend_report_feb2025_p09.png,757,1767,0.996,366
data/raw/bvsd/page_renders/trend_report_feb2025_p09.png,757,1867,0.999,60%
data/raw/bvsd/page_renders/trend_report_feb2025_p09.png,760,133,0.997,Louisville
data/raw/bvsd/page_renders/trend_report_feb2025_p09.png,778,1962,0.998,3.9
data/raw/bvsd/page_renders/trend_report_feb2025_p09.png,779,726,0.996,3.1
data/raw/bvsd/page_renders/trend_report_feb2025_p09.png,779,1194,0.997,3.1
data/raw/bvsd/page_renders/trend_report_feb2025_p09.png,780,342,0.999,441
data/raw/bvsd/page_renders/trend_report_feb2025_p09.png,780,486,0.998,3.0
data/raw/bvsd/page_renders/trend_report_feb2025_p09.png,780,812,0.999,453
data/raw/bvsd/page_renders/trend_report_feb2025_p09.png,780,952,0.998,3.0
data/raw/bvsd/page_renders/trend_report_feb2025_p09.png,780,1276,0.999,497
data/raw/bvsd/page_renders/trend_report_feb2025_p09.png,780,1450,0.996,3.3
data/raw/bvsd/page_renders/trend_report_feb2025_p09.png,780,1515,0.996,537
data/raw/bvsd/page_renders/trend_report_feb2025_p09.png,780,1600,0.999,122%
data/raw/bvsd/page_renders/trend_report_feb2025_p09.png,780,1695,0.998,3.6
data/raw/bvsd/page_renders/trend_report_feb2025_p09.png,780,1766,0.999,582
data/raw/bvsd/page_renders/trend_report_feb2025_p09.png,781,554,0.999,468
data/raw/bvsd/page_renders/trend_report_feb2025_p09.png,781,630,0.994,106%
data/raw/bvsd/page_renders/trend_report_feb2025_p09.png,781,858,0.999,103%
data/raw/bvsd/page_renders/trend_report_feb2025_p09.png,781,1016,0.999,461
data/raw/bvsd/page_renders/trend_report_feb2025_p09.png,781,1084,0.999,105%
data/raw/bvsd/page_renders/trend_report_feb2025_p09.png,781,1355,0.926,113%
data/raw/bvsd/page_renders/trend_report_feb2025_p09.png,781,1858,0.998,132%
data/raw/bvsd/page_renders/trend_report_feb2025_p09.png,782,133,0.994,Meadowlark
data/raw/bvsd/page_renders/trend_report_feb2025_p09.png,802,1866,0.997,54%
data/raw/bvsd/page_renders/trend_report_feb2025_p09.png,803,727,0.997,1.5
data/raw/bvsd/page_renders/trend_report_feb2025_p09.png,803,812,0.999,230
data/raw/bvsd/page_renders/trend_report_feb2025_p09.png,803,953,0.998,1.5
data/raw/bvsd/page_renders/trend_report_feb2025_p09.png,803,1015,0.999,220
data/raw/bvsd/page_renders/trend_report_feb2025_p09.png,803,1193,0.995,1.5
data/raw/bvsd/page_renders/trend_report_feb2025_p09.png,803,1450,0.996,1.5
data/raw/bvsd/page_renders/trend_report_feb2025_p09.png,803,1695,0.991,1.4
data/raw/bvsd/page_renders/trend_report_feb2025_p09.png,804,132,0.997,Mesa
data/raw/bvsd/page_renders/trend_report_feb2025_p09.png,804,342,0.999,418
data/raw/bvsd/page_renders/trend_report_feb2025_p09.png,804,554,1.0,230
data/raw/bvsd/page_renders/trend_report_feb2025_p09.png,804,640,0.997,55%
data/raw/bvsd/page_renders/trend_report_feb2025_p09.png,804,867,0.979,55%
data/raw/bvsd/page_renders/trend_report_feb2025_p09.png,804,1093,0.992,53%
data/raw/bvsd/page_renders/trend_report_feb2025_p09.png,804,1276,0.895,218
data/raw/bvsd/page_renders/trend_report_feb2025_p09.png,804,1365,0.987,52%
data/raw/bvsd/page_renders/trend_report_feb2025_p09.png,804,1515,0.999,216
data/raw/bvsd/page_renders/trend_report_feb2025_p09.png,804,1610,0.996,52%
data/raw/bvsd/page_renders/trend_report_feb2025_p09.png,804,1767,0.999,224
data/raw/bvsd/page_renders/trend_report_feb2025_p09.png,804,1964,0.995,1.5
data/raw/bvsd/page_renders/trend_report_feb2025_p09.png,805,487,0.997,3.0
data/raw/bvsd/page_renders/trend_report_feb2025_p09.png,824,1365,0.998,75%
data/raw/bvsd/page_renders/trend_report_feb2025_p09.png,824,1610,0.999,76%
data/raw/bvsd/page_renders/trend_report_feb2025_p09.png,826,812,0.999,257
data/raw/bvsd/page_renders/trend_report_feb2025_p09.png,827,342,0.999,381
data/raw/bvsd/page_renders/trend_report_feb2025_p09.png,827,486,0.999,2.5
data/raw/bvsd/page_renders/trend_report_feb2025_p09.png,827,554,0.999,264
data/raw/bvsd/page_renders/trend_report_feb2025_p09.png,827,641,0.999,69%
data/raw/bvsd/page_renders/trend_report_feb2025_p09.png,827,727,0.997,1.8
data/raw/bvsd/page_renders/trend_report_feb2025_p09.png,827,868,0.998,67%
data/raw/bvsd/page_renders/trend_report_feb2025_p09.png,827,953,0.999,1.7
data/raw/bvsd/page_renders/trend_report_feb2025_p09.png,827,1014,0.999,278
data/raw/bvsd/page_renders/trend_report_feb2025_p09.png,827,1094,0.997,73%
data/raw/bvsd/page_renders/trend_report_feb2025_p09.png,827,1193,0.997,1.9
data/raw/bvsd/page_renders/trend_report_feb2025_p09.png,827,1276,0.999,284
data/raw/bvsd/page_renders/trend_report_feb2025_p09.png,827,1450,0.997,1.9
data/raw/bvsd/page_renders/trend_report_feb2025_p09.png,827,1515,0.999,289
data/raw/bvsd/page_renders/trend_report_feb2025_p09.png,827,1695,0.998,1.9
data/raw/bvsd/page_renders/trend_report_feb2025_p09.png,827,1767,0.999,293
data/raw/bvsd/page_renders/trend_report_feb2025_p09.png,827,1964,0.998,2.0
data/raw/bvsd/page_renders/trend_report_feb2025_p09.png,828,132,0.996,Monarch
data/raw/bvsd/page_renders/trend_report_feb2025_p09.png,828,1868,0.995,77%
data/raw/bvsd/page_renders/trend_report_feb2025_p09.png,848,727,0.998,1.1
data/raw/bvsd/page_renders/trend_report_feb2025_p09.png,848,1013,0.998,179
data/raw/bvsd/page_renders/trend_report_feb2025_p09.png,849,342,0.999,467
data/raw/bvsd/page_renders/trend_report_feb2025_p09.png,849,486,0.998,3.0
data/raw/bvsd/page_renders/trend_report_feb2025_p09.png,849,812,0.998,177
data/raw/bvsd/page_renders/trend_report_feb2025_p09.png,849,868,0.998,38%
data/raw/bvsd/page_renders/trend_report_feb2025_p09.png,849,952,0.997,1.2
data/raw/bvsd/page_renders/trend_report_feb2025_p09.png,849,1094,0.998,38%
data/raw/bvsd/page_renders/trend_report_feb2025_p09.png,849,1193,0.996,1.2
data/raw/bvsd/page_renders/trend_report_feb2025_p09.png,849,1450,0.997,1.2
data/raw/bvsd/page_renders/trend_report_feb2025_p09.png,849,1515,0.997,181
data/raw/bvsd/page_renders/trend_report_feb2025_p09.png,849,1695,0.995,1.2
data/raw/bvsd/page_renders/trend_report_feb2025_p09.png,849,1767,0.998,184
data/raw/bvsd/page_renders/trend_report_feb2025_p09.png,849,1964,0.995,1.2
data/raw/bvsd/page_renders/trend_report_feb2025_p09.png,850,130,0.944,Nederland
data/raw/bvsd/page_renders/trend_report_feb2025_p09.png,850,554,0.999,172
data/raw/bvsd/page_renders/trend_report_feb2025_p09.png,850,641,0.996,37%
data/raw/bvsd/page_renders/trend_report_feb2025_p09.png,850,1276,0.999,177
data/raw/bvsd/page_renders/trend_report_feb2025_p09.png,850,1365,0.871,38%
data/raw/bvsd/page_renders/trend_report_feb2025_p09.png,850,1610,0.941,39%
data/raw/bvsd/page_renders/trend_report_feb2025_p09.png,850,1868,0.994,39%
data/raw/bvsd/page_renders/trend_report_feb2025_p09.png,873,342,0.999,541
data/raw/bvsd/page_renders/trend_report_feb2025_p09.png,873,486,0.998,3.5
data/raw/bvsd/page_renders/trend_report_feb2025_p09.png,873,554,0.999,397
data/raw/bvsd/page_renders/trend_report_feb2025_p09.png,873,727,0.998,2.6
data/raw/bvsd/page_renders/trend_report_feb2025_p09.png,873,812,0.999,388
data/raw/bvsd/page_renders/trend_report_feb2025_p09.png,873,952,0.998,2.6
data/raw/bvsd/page_renders/trend_report_feb2025_p09.png,873,1015,0.998,390
data/raw/bvsd/page_renders/trend_report_feb2025_p09.png,873,1193,0.998,2.6
data/raw/bvsd/page_renders/trend_report_feb2025_p09.png,873,1276,0.998,389
data/raw/bvsd/page_renders/trend_report_feb2025_p09.png,873,1450,0.997,2.6
data/raw/bvsd/page_renders/trend_report_feb2025_p09.png,873,1515,0.999,388
data/raw/bvsd/page_renders/trend_report_feb2025_p09.png,873,1695,0.997,2.6
data/raw/bvsd/page_renders/trend_report_feb2025_p09.png,873,1767,0.998,392
data/raw/bvsd/page_renders/trend_report_feb2025_p09.png,874,131,0.992,Pioneer
data/raw/bvsd/page_renders/trend_report_feb2025_p09.png,874,868,0.999,72%
data/raw/bvsd/page_renders/trend_report_feb2025_p09.png,874,1094,0.999,72%
data/raw/bvsd/page_renders/trend_report_feb2025_p09.png,874,1366,0.985,72%
data/raw/bvsd/page_renders/trend_report_feb2025_p09.png,874,1611,0.999,72%
data/raw/bvsd/page_renders/trend_report_feb2025_p09.png,874,1868,0.998,72%
data/raw/bvsd/page_renders/trend_report_feb2025_p09.png,874,1964,0.998,2.6
data/raw/bvsd/page_renders/trend_report_feb2025_p09.png,875,642,0.999,73%
data/raw/bvsd/page_renders/trend_report_feb2025_p09.png,894,950,0.998,2.7
data/raw/bvsd/page_renders/trend_report_feb2025_p09.png,895,727,0.998,2.7
data/raw/bvsd/page_renders/trend_report_feb2025_p09.png,895,1092,0.998,91%
data/raw/bvsd/page_renders/trend_report_feb2025_p09.png,895,1194,0.998,2.8
data/raw/bvsd/page_renders/trend_report_feb2025_p09.png,895,1365,0.999,89%
data/raw/bvsd/page_renders/trend_report_feb2025_p09.png,895,1695,0.998,2.8
data/raw/bvsd/page_renders/trend_report_feb2025_p09.png,896,342,0.999,467
data/raw/bvsd/page_renders/trend_report_feb2025_p09.png,896,486,0.998,3.0
data/raw/bvsd/page_renders/trend_report_feb2025_p09.png,896,641,0.999,88%
data/raw/bvsd/page_renders/trend_report_feb2025_p09.png,896,812,0.998,406
data/raw/bvsd/page_renders/trend_report_feb2025_p09.png,896,1015,0.999,424
data/raw/bvsd/page_renders/trend_report_feb2025_p09.png,896,1276,0.999,416
data/raw/bvsd/page_renders/trend_report_feb2025_p09.png,896,1450,0.998,2.8
data/raw/bvsd/page_renders/trend_report_feb2025_p09.png,896,1515,0.999,417
data/raw/bvsd/page_renders/trend_report_feb2025_p09.png,896,1766,0.999,418
data/raw/bvsd/page_renders/trend_report_feb2025_p09.png,896,1965,0.999,2.8
data/raw/bvsd/page_renders/trend_report_feb2025_p09.png,897,554,0.999,410
data/raw/bvsd/page_renders/trend_report_feb2025_p09.png,897,868,0.998,87%
data/raw/bvsd/page_renders/trend_report_feb2025_p09.png,897,1611,0.999,89%
data/raw/bvsd/page_renders/trend_report_feb2025_p09.png,897,1868,0.997,%06
data/raw/bvsd/page_renders/trend_report_feb2025_p09.png,900,133,0.998,Ryan
data/raw/bvsd/page_renders/trend_report_feb2025_p09.png,918,1867,0.999,75%
data/raw/bvsd/page_renders/trend_report_feb2025_p09.png,919,727,0.998,1.9
data/raw/bvsd/page_renders/trend_report_feb2025_p09.png,919,1194,0.996,2.2
data/raw/bvsd/page_renders/trend_report_feb2025_p09.png,919,1276,0.999,323
data/raw/bvsd/page_renders/trend_report_feb2025_p09.png,919,1450,0.998,2.2
data/raw/bvsd/page_renders/trend_report_feb2025_p09.png,919,1695,0.991,2.1
data/raw/bvsd/page_renders/trend_report_feb2025_p09.png,920,342,0.999,418
data/raw/bvsd/page_renders/trend_report_feb2025_p09.png,920,486,0.998,3.0
data/raw/bvsd/page_renders/trend_report_feb2025_p09.png,920,554,1.0,290
data/raw/bvsd/page_renders/trend_report_feb2025_p09.png,920,640,0.999,69%
data/raw/bvsd/page_renders/trend_report_feb2025_p09.png,920,812,0.999,306
data/raw/bvsd/page_renders/trend_report_feb2025_p09.png,920,868,0.998,73%
data/raw/bvsd/page_renders/trend_report_feb2025_p09.png,920,952,0.999,2.0
data/raw/bvsd/page_renders/trend_report_feb2025_p09.png,920,1014,0.999,323
data/raw/bvsd/page_renders/trend_report_feb2025_p09.png,920,1093,0.992,77%
data/raw/bvsd/page_renders/trend_report_feb2025_p09.png,920,1365,0.984,77%
data/raw/bvsd/page_renders/trend_report_feb2025_p09.png,920,1515,0.999,322
data/raw/bvsd/page_renders/trend_report_feb2025_p09.png,920,1610,0.941,77%
data/raw/bvsd/page_renders/trend_report_feb2025_p09.png,920,1766,0.999,315
data/raw/bvsd/page_renders/trend_report_feb2025_p09.png,920,1964,0.998,2.1
data/raw/bvsd/page_renders/trend_report_feb2025_p09.png,921,131,0.994,Sanchez
data/raw/bvsd/page_renders/trend_report_feb2025_p09.png,941,950,0.998,2.8
data/raw/bvsd/page_renders/trend_report_feb2025_p09.png,943,486,0.998,3.0
data/raw/bvsd/page_renders/trend_report_feb2025_p09.png,943,727,0.997,2.8
data/raw/bvsd/page_renders/trend_report_feb2025_p09.png,943,812,0.998,419
data/raw/bvsd/page_renders/trend_report_feb2025_p09.png,943,1015,0.998,399
data/raw/bvsd/page_renders/trend_report_feb2025_p09.png,943,1193,0.999,2.7
data/raw/bvsd/page_renders/trend_report_feb2025_p09.png,943,1276,0.998,397
data/raw/bvsd/page_renders/trend_report_feb2025_p09.png,943,1450,0.997,2.6
data/raw/bvsd/page_renders/trend_report_feb2025_p09.png,943,1695,0.999,2.7
data/raw/bvsd/page_renders/trend_report_feb2025_p09.png,943,1964,0.998,2.5
data/raw/bvsd/page_renders/trend_report_feb2025_p09.png,944,132,0.996,Superior
data/raw/bvsd/page_renders/trend_report_feb2025_p09.png,944,342,0.999,467
data/raw/bvsd/page_renders/trend_report_feb2025_p09.png,944,554,0.999,416
data/raw/bvsd/page_renders/trend_report_feb2025_p09.png,944,641,1.0,89%
data/raw/bvsd/page_renders/trend_report_feb2025_p09.png,944,867,0.998,%06
data/raw/bvsd/page_renders/trend_report_feb2025_p09.png,944,1093,0.956,85%
data/raw/bvsd/page_renders/trend_report_feb2025_p09.png,944,1366,0.999,85%
data/raw/bvsd/page_renders/trend_report_feb2025_p09.png,944,1515,0.997,402
data/raw/bvsd/page_renders/trend_report_feb2025_p09.png,944,1610,0.899,86%
data/raw/bvsd/page_renders/trend_report_feb2025_p09.png,944,1766,0.998,374
data/raw/bvsd/page_renders/trend_report_feb2025_p09.png,944,1868,0.999,80%
data/raw/bvsd/page_renders/trend_report_feb2025_p09.png,963,483,0.997,4.0
data/raw/bvsd/page_renders/trend_report_feb2025_p09.png,963,726,0.997,2.5
data/raw/bvsd/page_renders/trend_report_feb2025_p09.png,963,952,0.999,2.5
data/raw/bvsd/page_renders/trend_report_feb2025_p09.png,964,1694,0.997,2.2
data/raw/bvsd/page_renders/trend_report_feb2025_p09.png,964,1867,0.998,57%
data/raw/bvsd/page_renders/trend_report_feb2025_p09.png,965,1093,0.998,61%
data/raw/bvsd/page_renders/trend_report_feb2025_p09.png,965,1194,0.998,2.4
data/raw/bvsd/page_renders/trend_report_feb2025_p09.png,965,1276,0.999,352
data/raw/bvsd/page_renders/trend_report_feb2025_p09.png,965,1451,0.996,2.3
data/raw/bvsd/page_renders/trend_report_feb2025_p09.png,965,1964,0.99,2.2
data/raw/bvsd/page_renders/trend_report_feb2025_p09.png,967,342,0.999,590
data/raw/bvsd/page_renders/trend_report_feb2025_p09.png,967,554,0.999,380
data/raw/bvsd/page_renders/trend_report_feb2025_p09.png,967,641,0.999,64%
data/raw/bvsd/page_renders/trend_report_feb2025_p09.png,967,812,0.998,373
data/raw/bvsd/page_renders/trend_report_feb2025_p09.png,967,868,0.999,63%
data/raw/bvsd/page_renders/trend_report_feb2025_p09.png,967,1014,0.999,360
data/raw/bvsd/page_renders/trend_report_feb2025_p09.png,967,1365,0.98,60%
data/raw/bvsd/page_renders/trend_report_feb2025_p09.png,967,1515,0.999,333
data/raw/bvsd/page_renders/trend_report_feb2025_p09.png,967,1610,0.961,56%
data/raw/bvsd/page_renders/trend_report_feb2025_p09.png,967,1767,0.999,337
data/raw/bvsd/page_renders/trend_report_feb2025_p09.png,969,132,0.958,UniversityHill
data/raw/bvsd/page_renders/trend_report_feb2025_p09.png,986,639,0.999,60%
data/raw/bvsd/page_renders/trend_report_feb2025_p09.png,986,727,0.998,1.8
data/raw/bvsd/page_renders/trend_report_feb2025_p09.png,986,1608,0.998,52%
data/raw/bvsd/page_renders/trend_report_feb2025_p09.png,987,486,0.998,3.0
data/raw/bvsd/page_renders/trend_report_feb2025_p09.png,987,812,0.999,252
data/raw/bvsd/page_renders/trend_report_feb2025_p09.png,987,864,0.998,57%
data/raw/bvsd/page_renders/trend_report_feb2025_p09.png,987,952,0.998,1.7
data/raw/bvsd/page_renders/trend_report_feb2025_p09.png,987,1014,1.0,240
data/raw/bvsd/page_renders/trend_report_feb2025_p09.png,987,1093,0.999,54%
data/raw/bvsd/page_renders/trend_report_feb2025_p09.png,987,1193,0.995,1.6
data/raw/bvsd/page_renders/trend_report_feb2025_p09.png,987,1276,0.998,241
data/raw/bvsd/page_renders/trend_report_feb2025_p09.png,987,1695,0.996,1.5
data/raw/bvsd/page_renders/trend_report_feb2025_p09.png,987,1963,0.997,1.5
data/raw/bvsd/page_renders/trend_report_feb2025_p09.png,988,342,0.999,442
data/raw/bvsd/page_renders/trend_report_feb2025_p09.png,988,554,1.0,267
data/raw/bvsd/page_renders/trend_report_feb2025_p09.png,988,1365,0.962,55%
data/raw/bvsd/page_renders/trend_report_feb2025_p09.png,988,1450,0.995,1.6
data/raw/bvsd/page_renders/trend_report_feb2025_p09.png,988,1514,0.999,229
data/raw/bvsd/page_renders/trend_report_feb2025_p09.png,988,1766,0.999,223
data/raw/bvsd/page_renders/trend_report_feb2025_p09.png,988,1867,0.767,50%
data/raw/bvsd/page_renders/trend_report_feb2025_p09.png,990,130,0.941,Whittier
data/raw/bvsd/page_renders/trend_report_feb2025_p09.png,1015,132,0.992,Elem.Total
data/raw/bvsd/page_renders/trend_report_feb2025_p09.png,1019,1339,0.998,66%
data/raw/bvsd/page_renders/trend_report_feb2025_p09.png,1020,326,0.986,"14,585"
data/raw/bvsd/page_renders/trend_report_feb2025_p09.png,1020,543,0.992,"9,952"
data/raw/bvsd/page_renders/trend_report_feb2025_p09.png,1020,631,0.999,68%
data/raw/bvsd/page_renders/trend_report_feb2025_p09.png,1020,777,0.99,"9,825"
data/raw/bvsd/page_renders/trend_report_feb2025_p09.png,1020,858,0.999,67%
data/raw/bvsd/page_renders/trend_report_feb2025_p09.png,1020,1004,0.983,"9,743"
data/raw/bvsd/page_renders/trend_report_feb2025_p09.png,1020,1084,0.999,67%
data/raw/bvsd/page_renders/trend_report_feb2025_p09.png,1020,1242,0.987,"9,589"
data/raw/bvsd/page_renders/trend_report_feb2025_p09.png,1020,1505,0.992,"9,444"
data/raw/bvsd/page_renders/trend_report_feb2025_p09.png,1020,1755,0.979,"9,431"
data/raw/bvsd/page_renders/trend_report_feb2025_p09.png,1021,1597,0.999,65%
data/raw/bvsd/page_renders/trend_report_feb2025_p09.png,1021,1854,0.999,65%
data/raw/bvsd/page_renders/trend_report_feb2025_p09.png,1039,134,0.974,*programcapacitybasedoncurrentuseofthebuilding
data/raw/bvsd/page_renders/trend_report_feb2025_p09.png,1063,131,0.974,^Heatherwoodinitiatedtheengagementprocessinthe2023SYandwillcontinuetobemonitoredunderthatdesignationforseveralyears.
data/raw/bvsd/page_renders/trend_report_feb2025_p09.png,1138,78,0.996,BVSD
data/raw/bvsd/page_renders/trend_report_feb2025_p10.png,65,2086,0.993,SH52
data/raw/bvsd/page_renders/trend_report_feb2025_p10.png,66,1740,0.97,INERALRD
data/raw/bvsd/page_renders/trend_report_feb2025_p10.png,84,63,0.984,Enrollment Metrics
data/raw/bvsd/page_renders/trend_report_feb2025_p10.png,154,1871,0.846,Howlark(K-5)
data/raw/bvsd/page_renders/trend_report_feb2025_p10.png,200,899,0.995,Foothill
data/raw/bvsd/page_renders/trend_report_feb2025_p10.png,204,1202,0.982,CrestView
data/raw/bvsd/page_renders/trend_report_feb2025_p10.png,216,109,1.0,5-yr projections
data/raw/bvsd/page_renders/trend_report_feb2025_p10.png,222,1545,0.712,5
data/raw/bvsd/page_renders/trend_report_feb2025_p10.png,231,1849,0.962,ISHL
data/raw/bvsd/page_renders/trend_report_feb2025_p10.png,255,1922,0.884,PER RD
data/raw/bvsd/page_renders/trend_report_feb2025_p10.png,270,2030,0.983,JAY RD
data/raw/bvsd/page_renders/trend_report_feb2025_p10.png,292,110,0.975,Enrollment Advisory Status
data/raw/bvsd/page_renders/trend_report_feb2025_p10.png,334,108,0.978,<=2 rounds and <=60% of capacity
data/raw/bvsd/page_renders/trend_report_feb2025_p10.png,356,1915,0.922,ERIE PKWY
data/raw/bvsd/page_renders/trend_report_feb2025_p10.png,358,1808,0.892,BELLERO
data/raw/bvsd/page_renders/trend_report_feb2025_p10.png,401,1206,0.972,NTRD
data/raw/bvsd/page_renders/trend_report_feb2025_p10.png,413,110,0.991,Community Engagement Status
data/raw/bvsd/page_renders/trend_report_feb2025_p10.png,437,1129,0.819,5
data/raw/bvsd/page_renders/trend_report_feb2025_p10.png,437,2071,0.908,VSTAPKWY
data/raw/bvsd/page_renders/trend_report_feb2025_p10.png,439,1728,0.673,HIG6
data/raw/bvsd/page_renders/trend_report_feb2025_p10.png,457,108,0.974,<=1.5 rounds and <=50% of capacity
data/raw/bvsd/page_renders/trend_report_feb2025_p10.png,457,1115,0.523,田
data/raw/bvsd/page_renders/trend_report_feb2025_p10.png,478,1544,0.957,ARAPAHOE RD
data/raw/bvsd/page_renders/trend_report_feb2025_p10.png,507,1057,0.888,5
data/raw/bvsd/page_renders/trend_report_feb2025_p10.png,507,1522,0.994,Douglass
data/raw/bvsd/page_renders/trend_report_feb2025_p10.png,517,1180,0.955,OLORADOAV
data/raw/bvsd/page_renders/trend_report_feb2025_p10.png,535,1272,0.516,田
data/raw/bvsd/page_renders/trend_report_feb2025_p10.png,535,1298,0.836,田
data/raw/bvsd/page_renders/trend_report_feb2025_p10.png,561,1131,0.958,BASELINER
data/raw/bvsd/page_renders/trend_report_feb2025_p10.png,562,1844,0.989,WBASELINERD
data/raw/bvsd/page_renders/trend_report_feb2025_p10.png,563,1649,0.979,BASELINERD
data/raw/bvsd/page_renders/trend_report_feb2025_p10.png,564,1742,0.926,V BASELINE RD
data/raw/bvsd/page_renders/trend_report_feb2025_p10.png,565,450,0.962,SY 2025 - Projected
data/raw/bvsd/page_renders/trend_report_feb2025_p10.png,565,1337,0.898,NE RD
data/raw/bvsd/page_renders/trend_report_feb2025_p10.png,565,1550,0.916,JNE RD
data/raw/bvsd/page_renders/trend_report_feb2025_p10.png,568,118,0.977,SY 2024-Actual
data/raw/bvsd/page_renders/trend_report_feb2025_p10.png,580,1367,0.899,CHERRY
data/raw/bvsd/page_renders/trend_report_feb2025_p10.png,583,1247,0.977,Eiseni
data/raw/bvsd/page_renders/trend_report_feb2025_p10.png,585,1297,0.881,nower
data/raw/bvsd/page_renders/trend_report_feb2025_p10.png,603,1116,0.988,Creeks
data/raw/bvsd/page_renders/trend_report_feb2025_p10.png,608,114,0.997,Advisory: 8
data/raw/bvsd/page_renders/trend_report_feb2025_p10.png,610,450,0.996,Advisory: 8
data/raw/bvsd/page_renders/trend_report_feb2025_p10.png,639,1885,0.866,RRD
data/raw/bvsd/page_renders/trend_report_feb2025_p10.png,640,1401,0.98,SOUTH BOULDER RD
data/raw/bvsd/page_renders/trend_report_feb2025_p10.png,650,450,0.998,Engagement: 1
data/raw/bvsd/page_renders/trend_report_feb2025_p10.png,652,116,0.997,Engagement: 1
data/raw/bvsd/page_renders/trend_report_feb2025_p10.png,673,1620,0.876,田
data/raw/bvsd/page_renders/trend_report_feb2025_p10.png,685,1758,0.803,eEl
data/raw/bvsd/page_renders/trend_report_feb2025_p10.png,688,1695,0.942,Lou
data/raw/bvsd/page_renders/trend_report_feb2025_p10.png,690,1248,0.768,出
data/raw/bvsd/page_renders/trend_report_feb2025_p10.png,720,1845,0.998,SH42
data/raw/bvsd/page_renders/trend_report_feb2025_p10.png,728,1926,0.943,ran
data/raw/bvsd/page_renders/trend_report_feb2025_p10.png,751,456,0.952,SY 2027 - Projected
data/raw/bvsd/page_renders/trend_report_feb2025_p10.png,752,115,0.966,SY 2026 - Projected
data/raw/bvsd/page_renders/trend_report_feb2025_p10.png,759,1632,0.936,HERRYS
data/raw/bvsd/page_renders/trend_report_feb2025_p10.png,775,1386,0.874,MARSHALLDF
data/raw/bvsd/page_renders/trend_report_feb2025_p10.png,791,1595,0.916,DILONRD
data/raw/bvsd/page_renders/trend_report_feb2025_p10.png,794,458,1.0,Advisory: 10
data/raw/bvsd/page_renders/trend_report_feb2025_p10.png,796,118,0.999,Advisory: 8
data/raw/bvsd/page_renders/trend_report_feb2025_p10.png,798,1839,0.984,NESTPKWY
data/raw/bvsd/page_renders/trend_report_feb2025_p10.png,804,1997,0.924,DLLON RD
data/raw/bvsd/page_renders/trend_report_feb2025_p10.png,827,1594,0.894,rch(K-5)
data/raw/bvsd/page_renders/trend_report_feb2025_p10.png,833,1549,0.993,Mon
data/raw/bvsd/page_renders/trend_report_feb2025_p10.png,835,115,0.998,Engagement: 1
data/raw/bvsd/page_renders/trend_report_feb2025_p10.png,835,458,0.997,Engagement: 1
data/raw/bvsd/page_renders/trend_report_feb2025_p10.png,858,1857,0.955,AspenCreek(K-5)
data/raw/bvsd/page_renders/trend_report_feb2025_p10.png,885,1141,0.996,Mesa
data/raw/bvsd/page_renders/trend_report_feb2025_p10.png,926,1620,0.939,口
data/raw/bvsd/page_renders/trend_report_feb2025_p10.png,933,1513,0.984,Superior
data/raw/bvsd/page_renders/trend_report_feb2025_p10.png,939,115,0.97,SY 2028 - Projected
data/raw/bvsd/page_renders/trend_report_feb2025_p10.png,939,458,0.958,SY 2029 - Projected
data/raw/bvsd/page_renders/trend_report_feb2025_p10.png,964,1588,0.951,OALTONDR
data/raw/bvsd/page_renders/trend_report_feb2025_p10.png,971,2033,0.876,田
data/raw/bvsd/page_renders/trend_report_feb2025_p10.png,981,1932,0.726,田
data/raw/bvsd/page_renders/trend_report_feb2025_p10.png,982,459,0.999,Advisory: 8
data/raw/bvsd/page_renders/trend_report_feb2025_p10.png,983,116,0.998,Advisory: 8
data/raw/bvsd/page_renders/trend_report_feb2025_p10.png,984,1960,0.81,田
data/raw/bvsd/page_renders/trend_report_feb2025_p10.png,1014,2004,0.947,merald
data/raw/bvsd/page_renders/trend_report_feb2025_p10.png,1016,1460,0.957,Eldorado(K-5
data/raw/bvsd/page_renders/trend_report_feb2025_p10.png,1020,457,0.951,Engagement: 3
data/raw/bvsd/page_renders/trend_report_feb2025_p10.png,1022,114,1.0,Engagement: 2
data/raw/bvsd/page_renders/trend_report_feb2025_p10.png,1025,1962,0.582,日
data/raw/bvsd/page_renders/trend_report_feb2025_p10.png,1037,1789,0.99,SH128
data/raw/bvsd/page_renders/trend_report_feb2025_p10.png,1141,77,0.996,BVSD
data/raw/bvsd/page_renders/trend_report_feb2025_p10.png,1147,2085,0.999,10
data/raw/bvsd/page_renders/trend_report_feb2026_p09.png,60,1256,0.974,YellowindicatesinitialAdvisorycriteriamet（<=2roundsand/or<=60%)
data/raw/bvsd/page_renders/trend_report_feb2026_p09.png,62,150,0.994,BVSDCAPACITYSUMMARY2025-26
data/raw/bvsd/page_renders/trend_report_feb2026_p09.png,88,147,0.982,PercentCapacitybySchool(updated1/26/2026)
data/raw/bvsd/page_renders/trend_report_feb2026_p09.png,90,1193,0.971,Orangeindicatesinitial Engagementcriteriamet（<=1.5roundsand/or<=50%)
data/raw/bvsd/page_renders/trend_report_feb2026_p09.png,118,962,0.968,BoxIndicates allEngagement CriteraMet(<=1.5roundsand<=50%in2023-24andprojectedfor5years)
data/raw/bvsd/page_renders/trend_report_feb2026_p09.png,141,1500,0.97,Mountain orspecializedprogram(exempt)
data/raw/bvsd/page_renders/trend_report_feb2026_p09.png,184,1294,0.996,PROJECTED
data/raw/bvsd/page_renders/trend_report_feb2026_p09.png,186,495,0.994,ACTUAL
data/raw/bvsd/page_renders/trend_report_feb2026_p09.png,206,1142,0.999,2027
data/raw/bvsd/page_renders/trend_report_feb2026_p09.png,207,422,0.956,Capacity
data/raw/bvsd/page_renders/trend_report_feb2026_p09.png,208,692,0.999,2025
data/raw/bvsd/page_renders/trend_report_feb2026_p09.png,208,912,0.996,2026
data/raw/bvsd/page_renders/trend_report_feb2026_p09.png,208,1630,0.999,2029
data/raw/bvsd/page_renders/trend_report_feb2026_p09.png,209,328,0.994,2025-26
data/raw/bvsd/page_renders/trend_report_feb2026_p09.png,209,532,0.995,2025-26
data/raw/bvsd/page_renders/trend_report_feb2026_p09.png,209,639,0.998,%
data/raw/bvsd/page_renders/trend_report_feb2026_p09.png,209,758,0.994,2026-27
data/raw/bvsd/page_renders/trend_report_feb2026_p09.png,209,859,0.969,%
data/raw/bvsd/page_renders/trend_report_feb2026_p09.png,209,979,0.994,2027-28
data/raw/bvsd/page_renders/trend_report_feb2026_p09.png,209,1082,0.99,%
data/raw/bvsd/page_renders/trend_report_feb2026_p09.png,209,1214,0.996,2028-29
data/raw/bvsd/page_renders/trend_report_feb2026_p09.png,209,1329,0.981,%
data/raw/bvsd/page_renders/trend_report_feb2026_p09.png,209,1397,0.999,2028
data/raw/bvsd/page_renders/trend_report_feb2026_p09.png,209,1464,0.995,2029-30
data/raw/bvsd/page_renders/trend_report_feb2026_p09.png,209,1572,0.981,%
data/raw/bvsd/page_renders/trend_report_feb2026_p09.png,209,1705,0.992,2030-31
data/raw/bvsd/page_renders/trend_report_feb2026_p09.png,209,1882,0.999,2030
data/raw/bvsd/page_renders/trend_report_feb2026_p09.png,210,1820,0.995,%
data/raw/bvsd/page_renders/trend_report_feb2026_p09.png,238,147,0.995,Elementary
data/raw/bvsd/page_renders/trend_report_feb2026_p09.png,240,622,0.983,Cap.
data/raw/bvsd/page_renders/trend_report_feb2026_p09.png,241,766,0.984,Proj.
data/raw/bvsd/page_renders/trend_report_feb2026_p09.png,241,987,0.985,Proj.
data/raw/bvsd/page_renders/trend_report_feb2026_p09.png,241,1223,0.983,Proj.
data/raw/bvsd/page_renders/trend_report_feb2026_p09.png,241,1392,0.984,Rnds.
data/raw/bvsd/page_renders/trend_report_feb2026_p09.png,241,1473,0.979,Proj.
data/raw/bvsd/page_renders/trend_report_feb2026_p09.png,241,1713,0.981,Proj.
data/raw/bvsd/page_renders/trend_report_feb2026_p09.png,242,536,0.992,Enroll
data/raw/bvsd/page_renders/trend_report_feb2026_p09.png,242,687,0.99,Rnds.
data/raw/bvsd/page_renders/trend_report_feb2026_p09.png,242,843,0.973,Cap.
data/raw/bvsd/page_renders/trend_report_feb2026_p09.png,242,1627,0.989,Rnds.
data/raw/bvsd/page_renders/trend_report_feb2026_p09.png,242,1878,0.987,Rnds.
data/raw/bvsd/page_renders/trend_report_feb2026_p09.png,243,428,0.996,Rounds
data/raw/bvsd/page_renders/trend_report_feb2026_p09.png,243,909,0.983,Rnds.
data/raw/bvsd/page_renders/trend_report_feb2026_p09.png,243,1066,0.97,Cap.
data/raw/bvsd/page_renders/trend_report_feb2026_p09.png,243,1314,0.945,Cap.
data/raw/bvsd/page_renders/trend_report_feb2026_p09.png,243,1558,0.962,Cap.
data/raw/bvsd/page_renders/trend_report_feb2026_p09.png,243,1805,0.965,Cap.
data/raw/bvsd/page_renders/trend_report_feb2026_p09.png,244,315,0.985,Capacity*
data/raw/bvsd/page_renders/trend_report_feb2026_p09.png,244,1140,0.991,Rnds.
data/raw/bvsd/page_renders/trend_report_feb2026_p09.png,267,1253,0.998,510
data/raw/bvsd/page_renders/trend_report_feb2026_p09.png,268,486,0.994,3.0
data/raw/bvsd/page_renders/trend_report_feb2026_p09.png,268,719,0.88,3.1
data/raw/bvsd/page_renders/trend_report_feb2026_p09.png,269,347,0.998,442
data/raw/bvsd/page_renders/trend_report_feb2026_p09.png,269,551,0.999,472
data/raw/bvsd/page_renders/trend_report_feb2026_p09.png,269,626,0.999,107%
data/raw/bvsd/page_renders/trend_report_feb2026_p09.png,269,938,0.983,3.3
data/raw/bvsd/page_renders/trend_report_feb2026_p09.png,269,1177,0.993,3.4
data/raw/bvsd/page_renders/trend_report_feb2026_p09.png,269,1423,0.984,3.4
data/raw/bvsd/page_renders/trend_report_feb2026_p09.png,269,1656,0.99,3.4
data/raw/bvsd/page_renders/trend_report_feb2026_p09.png,269,1914,0.991,3.4
data/raw/bvsd/page_renders/trend_report_feb2026_p09.png,270,847,0.996,111%
data/raw/bvsd/page_renders/trend_report_feb2026_p09.png,270,1069,0.997,114%
data/raw/bvsd/page_renders/trend_report_feb2026_p09.png,270,1331,0.871,115%
data/raw/bvsd/page_renders/trend_report_feb2026_p09.png,270,1564,0.998,116%
data/raw/bvsd/page_renders/trend_report_feb2026_p09.png,270,1812,0.935,114%
data/raw/bvsd/page_renders/trend_report_feb2026_p09.png,271,148,0.994,AspenCreek
data/raw/bvsd/page_renders/trend_report_feb2026_p09.png,271,800,0.999,490
data/raw/bvsd/page_renders/trend_report_feb2026_p09.png,271,998,0.999,503
data/raw/bvsd/page_renders/trend_report_feb2026_p09.png,271,1484,0.998,511
data/raw/bvsd/page_renders/trend_report_feb2026_p09.png,271,1726,0.999,504
data/raw/bvsd/page_renders/trend_report_feb2026_p09.png,291,1423,0.991,3.5
data/raw/bvsd/page_renders/trend_report_feb2026_p09.png,292,486,0.993,4.0
data/raw/bvsd/page_renders/trend_report_feb2026_p09.png,292,551,0.999,536
data/raw/bvsd/page_renders/trend_report_feb2026_p09.png,292,719,0.996,3.6
data/raw/bvsd/page_renders/trend_report_feb2026_p09.png,292,799,0.997,529
data/raw/bvsd/page_renders/trend_report_feb2026_p09.png,292,940,0.992,3.5
data/raw/bvsd/page_renders/trend_report_feb2026_p09.png,292,997,0.997,514
data/raw/bvsd/page_renders/trend_report_feb2026_p09.png,292,1178,0.995,3.4
data/raw/bvsd/page_renders/trend_report_feb2026_p09.png,292,1255,0.999,520
data/raw/bvsd/page_renders/trend_report_feb2026_p09.png,292,1485,0.998,525
data/raw/bvsd/page_renders/trend_report_feb2026_p09.png,292,1657,0.996,3.5
data/raw/bvsd/page_renders/trend_report_feb2026_p09.png,292,1915,0.997,3.5
data/raw/bvsd/page_renders/trend_report_feb2026_p09.png,293,347,0.999,590
data/raw/bvsd/page_renders/trend_report_feb2026_p09.png,293,635,0.995,91%
data/raw/bvsd/page_renders/trend_report_feb2026_p09.png,293,857,0.995,%06
data/raw/bvsd/page_renders/trend_report_feb2026_p09.png,293,1079,0.996,87%
data/raw/bvsd/page_renders/trend_report_feb2026_p09.png,293,1340,0.988,%88
data/raw/bvsd/page_renders/trend_report_feb2026_p09.png,293,1574,0.983,%68
data/raw/bvsd/page_renders/trend_report_feb2026_p09.png,293,1725,0.999,526
data/raw/bvsd/page_renders/trend_report_feb2026_p09.png,293,1822,0.986,%68
data/raw/bvsd/page_renders/trend_report_feb2026_p09.png,295,148,0.994,BCSIS-HP
data/raw/bvsd/page_renders/trend_report_feb2026_p09.png,315,720,0.995,2.1
data/raw/bvsd/page_renders/trend_report_feb2026_p09.png,315,940,0.995,2.0
data/raw/bvsd/page_renders/trend_report_feb2026_p09.png,315,1178,0.996,2.0
data/raw/bvsd/page_renders/trend_report_feb2026_p09.png,315,1424,0.994,1.9
data/raw/bvsd/page_renders/trend_report_feb2026_p09.png,315,1657,0.993,2.1
data/raw/bvsd/page_renders/trend_report_feb2026_p09.png,315,1915,0.995,2.1
data/raw/bvsd/page_renders/trend_report_feb2026_p09.png,316,347,0.998,492
data/raw/bvsd/page_renders/trend_report_feb2026_p09.png,316,486,0.991,3.5
data/raw/bvsd/page_renders/trend_report_feb2026_p09.png,316,551,0.999,312
data/raw/bvsd/page_renders/trend_report_feb2026_p09.png,316,799,0.997,299
data/raw/bvsd/page_renders/trend_report_feb2026_p09.png,316,999,0.999,293
data/raw/bvsd/page_renders/trend_report_feb2026_p09.png,316,1255,0.998,288
data/raw/bvsd/page_renders/trend_report_feb2026_p09.png,316,1341,0.997,59%
data/raw/bvsd/page_renders/trend_report_feb2026_p09.png,316,1485,0.999,310
data/raw/bvsd/page_renders/trend_report_feb2026_p09.png,316,1726,0.999,320
data/raw/bvsd/page_renders/trend_report_feb2026_p09.png,317,636,0.937,63%
data/raw/bvsd/page_renders/trend_report_feb2026_p09.png,317,857,0.997,61%
data/raw/bvsd/page_renders/trend_report_feb2026_p09.png,317,1080,0.998,60%
data/raw/bvsd/page_renders/trend_report_feb2026_p09.png,317,1575,0.991,63%
data/raw/bvsd/page_renders/trend_report_feb2026_p09.png,317,1822,0.952,65%
data/raw/bvsd/page_renders/trend_report_feb2026_p09.png,318,147,0.991,BearCreek
data/raw/bvsd/page_renders/trend_report_feb2026_p09.png,336,1423,0.827,1.4
data/raw/bvsd/page_renders/trend_report_feb2026_p09.png,337,798,0.997,238
data/raw/bvsd/page_renders/trend_report_feb2026_p09.png,337,1574,0.995,50%
data/raw/bvsd/page_renders/trend_report_feb2026_p09.png,338,486,0.99,3.0
data/raw/bvsd/page_renders/trend_report_feb2026_p09.png,338,720,0.996,1.7
data/raw/bvsd/page_renders/trend_report_feb2026_p09.png,338,941,0.995,1.6
data/raw/bvsd/page_renders/trend_report_feb2026_p09.png,338,1179,0.971,1.4
data/raw/bvsd/page_renders/trend_report_feb2026_p09.png,338,1256,0.999,205
data/raw/bvsd/page_renders/trend_report_feb2026_p09.png,338,1658,0.873,1.4
data/raw/bvsd/page_renders/trend_report_feb2026_p09.png,338,1916,0.954,1.4
data/raw/bvsd/page_renders/trend_report_feb2026_p09.png,340,348,0.998,418
data/raw/bvsd/page_renders/trend_report_feb2026_p09.png,340,551,0.998,259
data/raw/bvsd/page_renders/trend_report_feb2026_p09.png,340,636,0.983,62%
data/raw/bvsd/page_renders/trend_report_feb2026_p09.png,340,858,0.991,57%
data/raw/bvsd/page_renders/trend_report_feb2026_p09.png,340,999,0.998,215
data/raw/bvsd/page_renders/trend_report_feb2026_p09.png,340,1080,0.989,51%
data/raw/bvsd/page_renders/trend_report_feb2026_p09.png,340,1342,0.986,49%
data/raw/bvsd/page_renders/trend_report_feb2026_p09.png,340,1485,0.998,211
data/raw/bvsd/page_renders/trend_report_feb2026_p09.png,340,1726,0.999,208
data/raw/bvsd/page_renders/trend_report_feb2026_p09.png,340,1822,0.995,50%
data/raw/bvsd/page_renders/trend_report_feb2026_p09.png,342,148,0.994,Birch
data/raw/bvsd/page_renders/trend_report_feb2026_p09.png,358,855,0.997,52%
data/raw/bvsd/page_renders/trend_report_feb2026_p09.png,362,147,0.987,CoalCreek
data/raw/bvsd/page_renders/trend_report_feb2026_p09.png,362,348,0.999,492
data/raw/bvsd/page_renders/trend_report_feb2026_p09.png,362,486,0.993,3.5
data/raw/bvsd/page_renders/trend_report_feb2026_p09.png,362,551,0.998,269
data/raw/bvsd/page_renders/trend_report_feb2026_p09.png,362,720,0.997,1.8
data/raw/bvsd/page_renders/trend_report_feb2026_p09.png,362,800,0.998,256
data/raw/bvsd/page_renders/trend_report_feb2026_p09.png,362,941,0.924,1.7
data/raw/bvsd/page_renders/trend_report_feb2026_p09.png,362,999,0.999,252
data/raw/bvsd/page_renders/trend_report_feb2026_p09.png,362,1179,0.973,1.7
data/raw/bvsd/page_renders/trend_report_feb2026_p09.png,362,1256,0.999,256
data/raw/bvsd/page_renders/trend_report_feb2026_p09.png,362,1342,0.997,52%
data/raw/bvsd/page_renders/trend_report_feb2026_p09.png,362,1424,0.965,1.7
data/raw/bvsd/page_renders/trend_report_feb2026_p09.png,362,1485,0.997,251
data/raw/bvsd/page_renders/trend_report_feb2026_p09.png,362,1658,0.993,1.7
data/raw/bvsd/page_renders/trend_report_feb2026_p09.png,362,1725,0.998,248
data/raw/bvsd/page_renders/trend_report_feb2026_p09.png,362,1822,0.997,50%
data/raw/bvsd/page_renders/trend_report_feb2026_p09.png,362,1916,0.987,1.7
data/raw/bvsd/page_renders/trend_report_feb2026_p09.png,363,636,0.926,55%
data/raw/bvsd/page_renders/trend_report_feb2026_p09.png,363,1080,0.996,51%
data/raw/bvsd/page_renders/trend_report_feb2026_p09.png,363,1574,0.998,51%
data/raw/bvsd/page_renders/trend_report_feb2026_p09.png,385,1573,0.994,54%
data/raw/bvsd/page_renders/trend_report_feb2026_p09.png,385,1821,0.997,55%
data/raw/bvsd/page_renders/trend_report_feb2026_p09.png,386,347,0.999,590
data/raw/bvsd/page_renders/trend_report_feb2026_p09.png,386,486,0.992,4.0
data/raw/bvsd/page_renders/trend_report_feb2026_p09.png,386,551,0.998,313
data/raw/bvsd/page_renders/trend_report_feb2026_p09.png,386,719,0.831,2.1
data/raw/bvsd/page_renders/trend_report_feb2026_p09.png,386,800,0.999,322
data/raw/bvsd/page_renders/trend_report_feb2026_p09.png,386,858,0.996,55%
data/raw/bvsd/page_renders/trend_report_feb2026_p09.png,386,940,0.985,2.1
data/raw/bvsd/page_renders/trend_report_feb2026_p09.png,386,999,0.999,322
data/raw/bvsd/page_renders/trend_report_feb2026_p09.png,386,1080,0.995,55%
data/raw/bvsd/page_renders/trend_report_feb2026_p09.png,386,1178,0.992,2.1
data/raw/bvsd/page_renders/trend_report_feb2026_p09.png,386,1255,0.998,325
data/raw/bvsd/page_renders/trend_report_feb2026_p09.png,386,1342,0.997,55%
data/raw/bvsd/page_renders/trend_report_feb2026_p09.png,386,1423,0.939,2.2
data/raw/bvsd/page_renders/trend_report_feb2026_p09.png,386,1485,0.997,321
data/raw/bvsd/page_renders/trend_report_feb2026_p09.png,386,1656,0.944,2.1
data/raw/bvsd/page_renders/trend_report_feb2026_p09.png,386,1726,0.999,322
data/raw/bvsd/page_renders/trend_report_feb2026_p09.png,386,1915,0.99,2.1
data/raw/bvsd/page_renders/trend_report_feb2026_p09.png,387,636,0.988,53%
data/raw/bvsd/page_renders/trend_report_feb2026_p09.png,389,149,0.997,Columbine
data/raw/bvsd/page_renders/trend_report_feb2026_p09.png,409,486,0.996,2.5
data/raw/bvsd/page_renders/trend_report_feb2026_p09.png,409,941,0.998,12
data/raw/bvsd/page_renders/trend_report_feb2026_p09.png,409,1179,0.993,11
data/raw/bvsd/page_renders/trend_report_feb2026_p09.png,409,1424,0.993,11
data/raw/bvsd/page_renders/trend_report_feb2026_p09.png,409,1658,0.975,11
data/raw/bvsd/page_renders/trend_report_feb2026_p09.png,410,348,0.998,369
data/raw/bvsd/page_renders/trend_report_feb2026_p09.png,410,552,0.998,193
data/raw/bvsd/page_renders/trend_report_feb2026_p09.png,410,636,0.997,52%
data/raw/bvsd/page_renders/trend_report_feb2026_p09.png,410,720,0.982,1.3
data/raw/bvsd/page_renders/trend_report_feb2026_p09.png,410,801,0.998,175
data/raw/bvsd/page_renders/trend_report_feb2026_p09.png,410,858,0.993,47%
data/raw/bvsd/page_renders/trend_report_feb2026_p09.png,410,999,0.998,172
data/raw/bvsd/page_renders/trend_report_feb2026_p09.png,410,1081,0.995,47%
data/raw/bvsd/page_renders/trend_report_feb2026_p09.png,410,1256,0.998,163
data/raw/bvsd/page_renders/trend_report_feb2026_p09.png,410,1343,0.987,44%
data/raw/bvsd/page_renders/trend_report_feb2026_p09.png,410,1486,0.998,167
data/raw/bvsd/page_renders/trend_report_feb2026_p09.png,410,1575,0.976,45%
data/raw/bvsd/page_renders/trend_report_feb2026_p09.png,410,1726,0.998,167
data/raw/bvsd/page_renders/trend_report_feb2026_p09.png,410,1822,0.936,45%
data/raw/bvsd/page_renders/trend_report_feb2026_p09.png,411,1917,0.952,1.1
data/raw/bvsd/page_renders/trend_report_feb2026_p09.png,413,148,0.995,Montessori
data/raw/bvsd/page_renders/trend_report_feb2026_p09.png,433,147,0.991,Creekside
data/raw/bvsd/page_renders/trend_report_feb2026_p09.png,433,486,0.996,2.5
data/raw/bvsd/page_renders/trend_report_feb2026_p09.png,433,720,0.995,1.9
data/raw/bvsd/page_renders/trend_report_feb2026_p09.png,433,799,0.999,277
data/raw/bvsd/page_renders/trend_report_feb2026_p09.png,433,941,0.994,1.8
data/raw/bvsd/page_renders/trend_report_feb2026_p09.png,433,999,0.999,252
data/raw/bvsd/page_renders/trend_report_feb2026_p09.png,433,1179,0.993,1.7
data/raw/bvsd/page_renders/trend_report_feb2026_p09.png,433,1255,0.999,226
data/raw/bvsd/page_renders/trend_report_feb2026_p09.png,433,1424,0.98,1.5
data/raw/bvsd/page_renders/trend_report_feb2026_p09.png,433,1485,0.999,223
data/raw/bvsd/page_renders/trend_report_feb2026_p09.png,433,1658,0.992,1.5
data/raw/bvsd/page_renders/trend_report_feb2026_p09.png,433,1916,0.983,1.4
data/raw/bvsd/page_renders/trend_report_feb2026_p09.png,434,348,0.998,369
data/raw/bvsd/page_renders/trend_report_feb2026_p09.png,434,551,0.997,288
data/raw/bvsd/page_renders/trend_report_feb2026_p09.png,434,636,0.99,78%
data/raw/bvsd/page_renders/trend_report_feb2026_p09.png,434,858,0.924,75%
data/raw/bvsd/page_renders/trend_report_feb2026_p09.png,434,1080,0.998,68%
data/raw/bvsd/page_renders/trend_report_feb2026_p09.png,434,1341,0.979,61%
data/raw/bvsd/page_renders/trend_report_feb2026_p09.png,434,1574,0.993,60%
data/raw/bvsd/page_renders/trend_report_feb2026_p09.png,434,1725,0.999,215
data/raw/bvsd/page_renders/trend_report_feb2026_p09.png,434,1822,0.988,58%
data/raw/bvsd/page_renders/trend_report_feb2026_p09.png,455,856,0.902,52%
data/raw/bvsd/page_renders/trend_report_feb2026_p09.png,455,1079,0.998,49%
data/raw/bvsd/page_renders/trend_report_feb2026_p09.png,455,1341,0.997,49%
data/raw/bvsd/page_renders/trend_report_feb2026_p09.png,456,635,0.994,54%
data/raw/bvsd/page_renders/trend_report_feb2026_p09.png,456,1574,0.994,50%
data/raw/bvsd/page_renders/trend_report_feb2026_p09.png,457,147,0.991,CrestView
data/raw/bvsd/page_renders/trend_report_feb2026_p09.png,457,347,0.999,615
data/raw/bvsd/page_renders/trend_report_feb2026_p09.png,457,486,0.993,4.0
data/raw/bvsd/page_renders/trend_report_feb2026_p09.png,457,551,0.999,330
data/raw/bvsd/page_renders/trend_report_feb2026_p09.png,457,720,0.996,2.2
data/raw/bvsd/page_renders/trend_report_feb2026_p09.png,457,799,0.998,318
data/raw/bvsd/page_renders/trend_report_feb2026_p09.png,457,940,0.988,2.1
data/raw/bvsd/page_renders/trend_report_feb2026_p09.png,457,999,0.998,304
data/raw/bvsd/page_renders/trend_report_feb2026_p09.png,457,1178,0.985,2.0
data/raw/bvsd/page_renders/trend_report_feb2026_p09.png,457,1255,0.999,300
data/raw/bvsd/page_renders/trend_report_feb2026_p09.png,457,1423,0.992,2.0
data/raw/bvsd/page_renders/trend_report_feb2026_p09.png,457,1485,0.999,310
data/raw/bvsd/page_renders/trend_report_feb2026_p09.png,457,1725,0.998,327
data/raw/bvsd/page_renders/trend_report_feb2026_p09.png,458,1657,0.971,2.1
data/raw/bvsd/page_renders/trend_report_feb2026_p09.png,458,1822,0.921,53%
data/raw/bvsd/page_renders/trend_report_feb2026_p09.png,458,1915,0.994,2.2
data/raw/bvsd/page_renders/trend_report_feb2026_p09.png,479,486,0.994,3.0
data/raw/bvsd/page_renders/trend_report_feb2026_p09.png,479,720,0.996,1.9
data/raw/bvsd/page_renders/trend_report_feb2026_p09.png,479,799,0.999,278
data/raw/bvsd/page_renders/trend_report_feb2026_p09.png,479,1179,0.997,1.9
data/raw/bvsd/page_renders/trend_report_feb2026_p09.png,479,1255,0.999,272
data/raw/bvsd/page_renders/trend_report_feb2026_p09.png,479,1424,0.992,1.8
data/raw/bvsd/page_renders/trend_report_feb2026_p09.png,479,1658,0.992,1.8
data/raw/bvsd/page_renders/trend_report_feb2026_p09.png,479,1916,0.995,1.9
data/raw/bvsd/page_renders/trend_report_feb2026_p09.png,481,348,0.998,418
data/raw/bvsd/page_renders/trend_report_feb2026_p09.png,481,551,0.997,281
data/raw/bvsd/page_renders/trend_report_feb2026_p09.png,481,636,0.987,67%
data/raw/bvsd/page_renders/trend_report_feb2026_p09.png,481,941,0.996,1.9
data/raw/bvsd/page_renders/trend_report_feb2026_p09.png,481,998,0.999,278
data/raw/bvsd/page_renders/trend_report_feb2026_p09.png,481,1080,0.999,67%
data/raw/bvsd/page_renders/trend_report_feb2026_p09.png,481,1342,0.996,65%
data/raw/bvsd/page_renders/trend_report_feb2026_p09.png,481,1485,0.999,277
data/raw/bvsd/page_renders/trend_report_feb2026_p09.png,481,1726,0.998,284
data/raw/bvsd/page_renders/trend_report_feb2026_p09.png,482,858,0.997,67%
data/raw/bvsd/page_renders/trend_report_feb2026_p09.png,482,1575,0.993,66%
data/raw/bvsd/page_renders/trend_report_feb2026_p09.png,482,1824,0.91,%89
data/raw/bvsd/page_renders/trend_report_feb2026_p09.png,484,148,0.994,Douglass
data/raw/bvsd/page_renders/trend_report_feb2026_p09.png,502,635,0.994,54%
data/raw/bvsd/page_renders/trend_report_feb2026_p09.png,503,348,0.999,492
data/raw/bvsd/page_renders/trend_report_feb2026_p09.png,503,486,0.995,3.5
data/raw/bvsd/page_renders/trend_report_feb2026_p09.png,503,551,0.999,265
data/raw/bvsd/page_renders/trend_report_feb2026_p09.png,503,720,0.996,1.8
data/raw/bvsd/page_renders/trend_report_feb2026_p09.png,503,800,0.999,253
data/raw/bvsd/page_renders/trend_report_feb2026_p09.png,503,858,0.992,51%
data/raw/bvsd/page_renders/trend_report_feb2026_p09.png,503,941,0.99,1.7
data/raw/bvsd/page_renders/trend_report_feb2026_p09.png,503,998,0.999,246
data/raw/bvsd/page_renders/trend_report_feb2026_p09.png,503,1179,0.99,1.6
data/raw/bvsd/page_renders/trend_report_feb2026_p09.png,503,1255,0.999,246
data/raw/bvsd/page_renders/trend_report_feb2026_p09.png,503,1341,0.995,50%
data/raw/bvsd/page_renders/trend_report_feb2026_p09.png,503,1424,0.992,1.6
data/raw/bvsd/page_renders/trend_report_feb2026_p09.png,503,1574,0.99,50%
data/raw/bvsd/page_renders/trend_report_feb2026_p09.png,503,1657,0.992,1.6
data/raw/bvsd/page_renders/trend_report_feb2026_p09.png,503,1725,0.999,255
data/raw/bvsd/page_renders/trend_report_feb2026_p09.png,503,1822,0.998,52%
data/raw/bvsd/page_renders/trend_report_feb2026_p09.png,503,1915,0.972,1.7
data/raw/bvsd/page_renders/trend_report_feb2026_p09.png,504,146,0.994,Eisenhower
data/raw/bvsd/page_renders/trend_report_feb2026_p09.png,504,1080,0.995,50%
data/raw/bvsd/page_renders/trend_report_feb2026_p09.png,504,1485,0.999,247
data/raw/bvsd/page_renders/trend_report_feb2026_p09.png,525,635,0.995,44%
data/raw/bvsd/page_renders/trend_report_feb2026_p09.png,525,857,0.992,45%
data/raw/bvsd/page_renders/trend_report_feb2026_p09.png,525,1079,0.992,43%
data/raw/bvsd/page_renders/trend_report_feb2026_p09.png,526,1574,0.991,44%
data/raw/bvsd/page_renders/trend_report_feb2026_p09.png,527,146,0.989,Eldorado
data/raw/bvsd/page_renders/trend_report_feb2026_p09.png,527,347,0.998,568
data/raw/bvsd/page_renders/trend_report_feb2026_p09.png,527,486,0.992,4.0
data/raw/bvsd/page_renders/trend_report_feb2026_p09.png,527,551,0.999,252
data/raw/bvsd/page_renders/trend_report_feb2026_p09.png,527,799,0.998,253
data/raw/bvsd/page_renders/trend_report_feb2026_p09.png,527,941,0.986,1.7
data/raw/bvsd/page_renders/trend_report_feb2026_p09.png,527,999,0.999,247
data/raw/bvsd/page_renders/trend_report_feb2026_p09.png,527,1179,0.995,1.6
data/raw/bvsd/page_renders/trend_report_feb2026_p09.png,527,1255,0.862,248
data/raw/bvsd/page_renders/trend_report_feb2026_p09.png,527,1342,0.994,44%
data/raw/bvsd/page_renders/trend_report_feb2026_p09.png,527,1424,0.993,1.7
data/raw/bvsd/page_renders/trend_report_feb2026_p09.png,527,1485,0.999,250
data/raw/bvsd/page_renders/trend_report_feb2026_p09.png,527,1658,0.992,1.7
data/raw/bvsd/page_renders/trend_report_feb2026_p09.png,527,1725,0.998,249
data/raw/bvsd/page_renders/trend_report_feb2026_p09.png,528,721,0.998,1.7
data/raw/bvsd/page_renders/trend_report_feb2026_p09.png,528,1822,0.963,44%
data/raw/bvsd/page_renders/trend_report_feb2026_p09.png,528,1917,0.984,1.7
data/raw/bvsd/page_renders/trend_report_feb2026_p09.png,550,486,0.993,2.5
data/raw/bvsd/page_renders/trend_report_feb2026_p09.png,550,720,0.996,2.4
data/raw/bvsd/page_renders/trend_report_feb2026_p09.png,550,940,0.994,2.4
data/raw/bvsd/page_renders/trend_report_feb2026_p09.png,550,1423,0.999,22
data/raw/bvsd/page_renders/trend_report_feb2026_p09.png,550,1657,0.983,2.3
data/raw/bvsd/page_renders/trend_report_feb2026_p09.png,550,1822,0.995,88%
data/raw/bvsd/page_renders/trend_report_feb2026_p09.png,551,348,0.999,393
data/raw/bvsd/page_renders/trend_report_feb2026_p09.png,551,551,0.998,365
data/raw/bvsd/page_renders/trend_report_feb2026_p09.png,551,636,0.935,93%
data/raw/bvsd/page_renders/trend_report_feb2026_p09.png,551,800,0.998,355
data/raw/bvsd/page_renders/trend_report_feb2026_p09.png,551,999,0.998,341
data/raw/bvsd/page_renders/trend_report_feb2026_p09.png,551,1178,0.993,2.3
data/raw/bvsd/page_renders/trend_report_feb2026_p09.png,551,1256,0.998,337
data/raw/bvsd/page_renders/trend_report_feb2026_p09.png,551,1342,0.993,%98
data/raw/bvsd/page_renders/trend_report_feb2026_p09.png,551,1485,0.998,346
data/raw/bvsd/page_renders/trend_report_feb2026_p09.png,551,1575,0.983,%88
data/raw/bvsd/page_renders/trend_report_feb2026_p09.png,551,1726,0.999,345
data/raw/bvsd/page_renders/trend_report_feb2026_p09.png,551,1915,0.986,2.3
data/raw/bvsd/page_renders/trend_report_feb2026_p09.png,552,147,0.99,Emerald
data/raw/bvsd/page_renders/trend_report_feb2026_p09.png,552,858,0.993,%06
data/raw/bvsd/page_renders/trend_report_feb2026_p09.png,552,1080,0.998,87%
data/raw/bvsd/page_renders/trend_report_feb2026_p09.png,571,635,0.997,78%
data/raw/bvsd/page_renders/trend_report_feb2026_p09.png,571,1574,0.998,69%
data/raw/bvsd/page_renders/trend_report_feb2026_p09.png,572,940,0.921,2.6
data/raw/bvsd/page_renders/trend_report_feb2026_p09.png,572,1178,0.992,2.5
data/raw/bvsd/page_renders/trend_report_feb2026_p09.png,572,1423,0.938,2.4
data/raw/bvsd/page_renders/trend_report_feb2026_p09.png,572,1657,0.978,2.4
data/raw/bvsd/page_renders/trend_report_feb2026_p09.png,572,1915,0.963,2.4
data/raw/bvsd/page_renders/trend_report_feb2026_p09.png,573,347,0.998,516
data/raw/bvsd/page_renders/trend_report_feb2026_p09.png,573,486,0.995,3.5
data/raw/bvsd/page_renders/trend_report_feb2026_p09.png,573,551,0.999,405
data/raw/bvsd/page_renders/trend_report_feb2026_p09.png,573,719,0.998,2.7
data/raw/bvsd/page_renders/trend_report_feb2026_p09.png,573,800,0.998,385
data/raw/bvsd/page_renders/trend_report_feb2026_p09.png,573,858,0.995,75%
data/raw/bvsd/page_renders/trend_report_feb2026_p09.png,573,998,0.998,373
data/raw/bvsd/page_renders/trend_report_feb2026_p09.png,573,1081,0.998,72%
data/raw/bvsd/page_renders/trend_report_feb2026_p09.png,573,1255,0.998,358
data/raw/bvsd/page_renders/trend_report_feb2026_p09.png,573,1342,0.996,69%
data/raw/bvsd/page_renders/trend_report_feb2026_p09.png,573,1485,0.999,355
data/raw/bvsd/page_renders/trend_report_feb2026_p09.png,573,1726,0.998,359
data/raw/bvsd/page_renders/trend_report_feb2026_p09.png,573,1822,0.998,70%
data/raw/bvsd/page_renders/trend_report_feb2026_p09.png,576,147,0.993,Fireside
data/raw/bvsd/page_renders/trend_report_feb2026_p09.png,593,1422,0.968,1.0
data/raw/bvsd/page_renders/trend_report_feb2026_p09.png,594,1341,0.996,47%
data/raw/bvsd/page_renders/trend_report_feb2026_p09.png,596,942,0.981,1.0
data/raw/bvsd/page_renders/trend_report_feb2026_p09.png,596,1574,0.954,46%
data/raw/bvsd/page_renders/trend_report_feb2026_p09.png,596,1658,0.963,1.0
data/raw/bvsd/page_renders/trend_report_feb2026_p09.png,596,1915,0.994,1.0
data/raw/bvsd/page_renders/trend_report_feb2026_p09.png,597,347,0.999,320
data/raw/bvsd/page_renders/trend_report_feb2026_p09.png,597,487,0.997,2.0
data/raw/bvsd/page_renders/trend_report_feb2026_p09.png,597,552,0.998,151
data/raw/bvsd/page_renders/trend_report_feb2026_p09.png,597,720,0.998,1.0
data/raw/bvsd/page_renders/trend_report_feb2026_p09.png,597,800,0.998,147
data/raw/bvsd/page_renders/trend_report_feb2026_p09.png,597,999,0.999,154
data/raw/bvsd/page_renders/trend_report_feb2026_p09.png,597,1080,0.998,48%
data/raw/bvsd/page_renders/trend_report_feb2026_p09.png,597,1180,0.987,1.0
data/raw/bvsd/page_renders/trend_report_feb2026_p09.png,597,1256,0.993,149
data/raw/bvsd/page_renders/trend_report_feb2026_p09.png,597,1486,0.999,146
data/raw/bvsd/page_renders/trend_report_feb2026_p09.png,597,1726,0.999,157
data/raw/bvsd/page_renders/trend_report_feb2026_p09.png,598,146,0.99,Flatirons
data/raw/bvsd/page_renders/trend_report_feb2026_p09.png,598,636,0.979,47%
data/raw/bvsd/page_renders/trend_report_feb2026_p09.png,598,858,0.992,46%
data/raw/bvsd/page_renders/trend_report_feb2026_p09.png,598,1822,0.959,49%
data/raw/bvsd/page_renders/trend_report_feb2026_p09.png,619,1575,0.998,76%
data/raw/bvsd/page_renders/trend_report_feb2026_p09.png,621,486,0.994,4.0
data/raw/bvsd/page_renders/trend_report_feb2026_p09.png,621,720,0.998,2.9
data/raw/bvsd/page_renders/trend_report_feb2026_p09.png,621,999,0.998,444
data/raw/bvsd/page_renders/trend_report_feb2026_p09.png,621,1657,0.99,2.9
data/raw/bvsd/page_renders/trend_report_feb2026_p09.png,621,1726,0.999,438
data/raw/bvsd/page_renders/trend_report_feb2026_p09.png,622,145,0.994,Foothill
data/raw/bvsd/page_renders/trend_report_feb2026_p09.png,622,348,0.998,565
data/raw/bvsd/page_renders/trend_report_feb2026_p09.png,622,551,0.998,434
data/raw/bvsd/page_renders/trend_report_feb2026_p09.png,622,637,0.999,77%
data/raw/bvsd/page_renders/trend_report_feb2026_p09.png,622,800,0.999,437
data/raw/bvsd/page_renders/trend_report_feb2026_p09.png,622,858,0.995,77%
data/raw/bvsd/page_renders/trend_report_feb2026_p09.png,622,940,0.996,2.9
data/raw/bvsd/page_renders/trend_report_feb2026_p09.png,622,1081,0.998,79%
data/raw/bvsd/page_renders/trend_report_feb2026_p09.png,622,1178,0.995,3.0
data/raw/bvsd/page_renders/trend_report_feb2026_p09.png,622,1256,0.998,439
data/raw/bvsd/page_renders/trend_report_feb2026_p09.png,622,1342,0.996,78%
data/raw/bvsd/page_renders/trend_report_feb2026_p09.png,622,1423,0.989,2.9
data/raw/bvsd/page_renders/trend_report_feb2026_p09.png,622,1486,0.998,432
data/raw/bvsd/page_renders/trend_report_feb2026_p09.png,622,1824,0.995,78%
data/raw/bvsd/page_renders/trend_report_feb2026_p09.png,622,1915,0.991,2.9
data/raw/bvsd/page_renders/trend_report_feb2026_p09.png,641,635,0.997,22%
data/raw/bvsd/page_renders/trend_report_feb2026_p09.png,642,1178,0.995,0.1
data/raw/bvsd/page_renders/trend_report_feb2026_p09.png,642,1423,0.991,0.1
data/raw/bvsd/page_renders/trend_report_feb2026_p09.png,642,1656,0.991,0.1
data/raw/bvsd/page_renders/trend_report_feb2026_p09.png,642,1821,0.991,24%
data/raw/bvsd/page_renders/trend_report_feb2026_p09.png,643,486,0.997,0.5
data/raw/bvsd/page_renders/trend_report_feb2026_p09.png,643,719,0.998,0.1
data/raw/bvsd/page_renders/trend_report_feb2026_p09.png,643,857,0.972,27%
data/raw/bvsd/page_renders/trend_report_feb2026_p09.png,643,940,0.996,0.1
data/raw/bvsd/page_renders/trend_report_feb2026_p09.png,643,1006,0.998,13
data/raw/bvsd/page_renders/trend_report_feb2026_p09.png,643,1080,0.968,27%
data/raw/bvsd/page_renders/trend_report_feb2026_p09.png,643,1267,0.998,13
data/raw/bvsd/page_renders/trend_report_feb2026_p09.png,643,1341,0.998,27%
data/raw/bvsd/page_renders/trend_report_feb2026_p09.png,643,1574,0.945,24%
data/raw/bvsd/page_renders/trend_report_feb2026_p09.png,643,1915,0.995,0.1
data/raw/bvsd/page_renders/trend_report_feb2026_p09.png,644,353,0.998,49
data/raw/bvsd/page_renders/trend_report_feb2026_p09.png,644,557,0.997,11
data/raw/bvsd/page_renders/trend_report_feb2026_p09.png,644,810,0.998,13
data/raw/bvsd/page_renders/trend_report_feb2026_p09.png,644,1490,0.999,12
data/raw/bvsd/page_renders/trend_report_feb2026_p09.png,644,1733,0.999,12
data/raw/bvsd/page_renders/trend_report_feb2026_p09.png,648,148,0.985,GoldHill
data/raw/bvsd/page_renders/trend_report_feb2026_p09.png,664,1253,0.998,214
data/raw/bvsd/page_renders/trend_report_feb2026_p09.png,665,797,0.998,216
data/raw/bvsd/page_renders/trend_report_feb2026_p09.png,666,486,0.994,3.5
data/raw/bvsd/page_renders/trend_report_feb2026_p09.png,666,551,0.999,225
data/raw/bvsd/page_renders/trend_report_feb2026_p09.png,666,720,0.996,1.5
data/raw/bvsd/page_renders/trend_report_feb2026_p09.png,666,941,0.908,1.4
data/raw/bvsd/page_renders/trend_report_feb2026_p09.png,666,1179,0.991,14
data/raw/bvsd/page_renders/trend_report_feb2026_p09.png,666,1424,0.99,14
data/raw/bvsd/page_renders/trend_report_feb2026_p09.png,666,1658,0.842,1.4
data/raw/bvsd/page_renders/trend_report_feb2026_p09.png,667,348,0.999,492
data/raw/bvsd/page_renders/trend_report_feb2026_p09.png,667,637,0.998,46%
data/raw/bvsd/page_renders/trend_report_feb2026_p09.png,667,999,0.997,209
data/raw/bvsd/page_renders/trend_report_feb2026_p09.png,667,1342,0.989,43%
data/raw/bvsd/page_renders/trend_report_feb2026_p09.png,667,1486,0.999,203
data/raw/bvsd/page_renders/trend_report_feb2026_p09.png,667,1575,0.965,41%
data/raw/bvsd/page_renders/trend_report_feb2026_p09.png,667,1726,0.999,210
data/raw/bvsd/page_renders/trend_report_feb2026_p09.png,668,859,0.99,44%
data/raw/bvsd/page_renders/trend_report_feb2026_p09.png,668,1081,0.99,42%
data/raw/bvsd/page_renders/trend_report_feb2026_p09.png,668,1822,0.952,43%
data/raw/bvsd/page_renders/trend_report_feb2026_p09.png,668,1917,0.997,14
data/raw/bvsd/page_renders/trend_report_feb2026_p09.png,670,147,0.994,Heatherwood
data/raw/bvsd/page_renders/trend_report_feb2026_p09.png,691,486,0.997,0.5
data/raw/bvsd/page_renders/trend_report_feb2026_p09.png,691,1006,0.998,17
data/raw/bvsd/page_renders/trend_report_feb2026_p09.png,691,1178,0.983,0.1
data/raw/bvsd/page_renders/trend_report_feb2026_p09.png,691,1423,0.988,0.1
data/raw/bvsd/page_renders/trend_report_feb2026_p09.png,691,1656,0.946,0.1
data/raw/bvsd/page_renders/trend_report_feb2026_p09.png,692,145,0.994,Jamestown
data/raw/bvsd/page_renders/trend_report_feb2026_p09.png,692,353,0.999,25
data/raw/bvsd/page_renders/trend_report_feb2026_p09.png,692,559,0.998,17
data/raw/bvsd/page_renders/trend_report_feb2026_p09.png,692,636,0.859,68%
data/raw/bvsd/page_renders/trend_report_feb2026_p09.png,692,719,0.998,0.1
data/raw/bvsd/page_renders/trend_report_feb2026_p09.png,692,811,0.993,19
data/raw/bvsd/page_renders/trend_report_feb2026_p09.png,692,858,0.993,76%
data/raw/bvsd/page_renders/trend_report_feb2026_p09.png,692,940,0.979,0.1
data/raw/bvsd/page_renders/trend_report_feb2026_p09.png,692,1080,0.997,68%
data/raw/bvsd/page_renders/trend_report_feb2026_p09.png,692,1268,0.997,16
data/raw/bvsd/page_renders/trend_report_feb2026_p09.png,692,1341,0.935,64%
data/raw/bvsd/page_renders/trend_report_feb2026_p09.png,692,1490,0.997,16
data/raw/bvsd/page_renders/trend_report_feb2026_p09.png,692,1574,0.988,64%
data/raw/bvsd/page_renders/trend_report_feb2026_p09.png,692,1733,0.997,14
data/raw/bvsd/page_renders/trend_report_feb2026_p09.png,692,1822,0.833,56%
data/raw/bvsd/page_renders/trend_report_feb2026_p09.png,692,1914,0.994,0.1
data/raw/bvsd/page_renders/trend_report_feb2026_p09.png,713,856,0.992,48%
data/raw/bvsd/page_renders/trend_report_feb2026_p09.png,715,347,0.998,541
data/raw/bvsd/page_renders/trend_report_feb2026_p09.png,715,486,0.995,3.5
data/raw/bvsd/page_renders/trend_report_feb2026_p09.png,715,551,0.999,256
data/raw/bvsd/page_renders/trend_report_feb2026_p09.png,715,720,0.997,1.7
data/raw/bvsd/page_renders/trend_report_feb2026_p09.png,715,799,0.998,258
data/raw/bvsd/page_renders/trend_report_feb2026_p09.png,715,941,0.991,1.7
data/raw/bvsd/page_renders/trend_report_feb2026_p09.png,715,999,0.999,258
data/raw/bvsd/page_renders/trend_report_feb2026_p09.png,715,1179,0.972,1.7
data/raw/bvsd/page_renders/trend_report_feb2026_p09.png,715,1255,0.999,256
data/raw/bvsd/page_renders/trend_report_feb2026_p09.png,715,1342,0.996,47%
data/raw/bvsd/page_renders/trend_report_feb2026_p09.png,715,1424,0.985,1.7
data/raw/bvsd/page_renders/trend_report_feb2026_p09.png,715,1658,0.851,1.7
data/raw/bvsd/page_renders/trend_report_feb2026_p09.png,715,1916,0.993,1.8
data/raw/bvsd/page_renders/trend_report_feb2026_p09.png,716,146,0.965,Kohl
data/raw/bvsd/page_renders/trend_report_feb2026_p09.png,716,636,0.985,47%
data/raw/bvsd/page_renders/trend_report_feb2026_p09.png,716,1080,0.974,48%
data/raw/bvsd/page_renders/trend_report_feb2026_p09.png,716,1485,0.996,262
data/raw/bvsd/page_renders/trend_report_feb2026_p09.png,716,1575,0.982,48%
data/raw/bvsd/page_renders/trend_report_feb2026_p09.png,716,1726,0.998,266
data/raw/bvsd/page_renders/trend_report_feb2026_p09.png,716,1822,0.993,49%
data/raw/bvsd/page_renders/trend_report_feb2026_p09.png,738,720,0.997,3.0
data/raw/bvsd/page_renders/trend_report_feb2026_p09.png,738,800,0.998,454
data/raw/bvsd/page_renders/trend_report_feb2026_p09.png,738,940,0.99,3.0
data/raw/bvsd/page_renders/trend_report_feb2026_p09.png,738,1178,0.991,2.9
data/raw/bvsd/page_renders/trend_report_feb2026_p09.png,738,1423,0.994,2.8
data/raw/bvsd/page_renders/trend_report_feb2026_p09.png,738,1657,0.995,2.7
data/raw/bvsd/page_renders/trend_report_feb2026_p09.png,739,145,0.992,Lafayette
data/raw/bvsd/page_renders/trend_report_feb2026_p09.png,739,348,0.999,565
data/raw/bvsd/page_renders/trend_report_feb2026_p09.png,739,486,0.991,4.0
data/raw/bvsd/page_renders/trend_report_feb2026_p09.png,739,551,0.999,450
data/raw/bvsd/page_renders/trend_report_feb2026_p09.png,739,857,0.995,%08
data/raw/bvsd/page_renders/trend_report_feb2026_p09.png,739,999,0.999,435
data/raw/bvsd/page_renders/trend_report_feb2026_p09.png,739,1256,0.999,420
data/raw/bvsd/page_renders/trend_report_feb2026_p09.png,739,1486,0.996,411
data/raw/bvsd/page_renders/trend_report_feb2026_p09.png,739,1726,0.998,392
data/raw/bvsd/page_renders/trend_report_feb2026_p09.png,739,1915,0.993,2.6
data/raw/bvsd/page_renders/trend_report_feb2026_p09.png,740,636,0.998,80%
data/raw/bvsd/page_renders/trend_report_feb2026_p09.png,740,1080,0.857,77%
data/raw/bvsd/page_renders/trend_report_feb2026_p09.png,740,1342,0.996,74%
data/raw/bvsd/page_renders/trend_report_feb2026_p09.png,740,1575,0.889,73%
data/raw/bvsd/page_renders/trend_report_feb2026_p09.png,740,1822,0.997,%69
data/raw/bvsd/page_renders/trend_report_feb2026_p09.png,759,483,0.991,4.0
data/raw/bvsd/page_renders/trend_report_feb2026_p09.png,760,940,0.994,2.5
data/raw/bvsd/page_renders/trend_report_feb2026_p09.png,760,1657,0.991,2.4
data/raw/bvsd/page_renders/trend_report_feb2026_p09.png,762,551,0.998,382
data/raw/bvsd/page_renders/trend_report_feb2026_p09.png,762,720,0.997,2.5
data/raw/bvsd/page_renders/trend_report_feb2026_p09.png,762,799,0.998,373
data/raw/bvsd/page_renders/trend_report_feb2026_p09.png,762,999,0.998,363
data/raw/bvsd/page_renders/trend_report_feb2026_p09.png,762,1178,0.995,2.4
data/raw/bvsd/page_renders/trend_report_feb2026_p09.png,762,1255,0.999,360
data/raw/bvsd/page_renders/trend_report_feb2026_p09.png,762,1423,0.958,2.4
data/raw/bvsd/page_renders/trend_report_feb2026_p09.png,762,1485,0.999,355
data/raw/bvsd/page_renders/trend_report_feb2026_p09.png,762,1726,0.999,343
data/raw/bvsd/page_renders/trend_report_feb2026_p09.png,762,1915,0.986,2.3
data/raw/bvsd/page_renders/trend_report_feb2026_p09.png,763,145,0.988,Louisville
data/raw/bvsd/page_renders/trend_report_feb2026_p09.png,763,347,0.999,590
data/raw/bvsd/page_renders/trend_report_feb2026_p09.png,763,636,0.898,%99
data/raw/bvsd/page_renders/trend_report_feb2026_p09.png,763,858,0.836,63%
data/raw/bvsd/page_renders/trend_report_feb2026_p09.png,763,1080,0.963,62%
data/raw/bvsd/page_renders/trend_report_feb2026_p09.png,763,1341,0.998,61%
data/raw/bvsd/page_renders/trend_report_feb2026_p09.png,763,1575,0.948,%09
data/raw/bvsd/page_renders/trend_report_feb2026_p09.png,763,1822,0.996,58%
data/raw/bvsd/page_renders/trend_report_feb2026_p09.png,784,940,0.994,3.2
data/raw/bvsd/page_renders/trend_report_feb2026_p09.png,784,1423,0.982,3.6
data/raw/bvsd/page_renders/trend_report_feb2026_p09.png,785,347,0.998,441
data/raw/bvsd/page_renders/trend_report_feb2026_p09.png,785,486,0.996,3.0
data/raw/bvsd/page_renders/trend_report_feb2026_p09.png,785,551,0.996,471
data/raw/bvsd/page_renders/trend_report_feb2026_p09.png,785,626,0.998,107%
data/raw/bvsd/page_renders/trend_report_feb2026_p09.png,785,719,0.994,3.1
data/raw/bvsd/page_renders/trend_report_feb2026_p09.png,785,799,0.997,479
data/raw/bvsd/page_renders/trend_report_feb2026_p09.png,785,998,0.997,511
data/raw/bvsd/page_renders/trend_report_feb2026_p09.png,785,1179,0.996,3.4
data/raw/bvsd/page_renders/trend_report_feb2026_p09.png,785,1255,0.998,544
data/raw/bvsd/page_renders/trend_report_feb2026_p09.png,785,1485,0.998,577
data/raw/bvsd/page_renders/trend_report_feb2026_p09.png,785,1657,0.995,3.8
data/raw/bvsd/page_renders/trend_report_feb2026_p09.png,785,1726,0.999,605
data/raw/bvsd/page_renders/trend_report_feb2026_p09.png,785,1915,0.996,4.0
data/raw/bvsd/page_renders/trend_report_feb2026_p09.png,786,849,0.998,109%
data/raw/bvsd/page_renders/trend_report_feb2026_p09.png,786,1070,0.996,116%
data/raw/bvsd/page_renders/trend_report_feb2026_p09.png,786,1333,0.994,123%
data/raw/bvsd/page_renders/trend_report_feb2026_p09.png,786,1564,0.997,131%
data/raw/bvsd/page_renders/trend_report_feb2026_p09.png,786,1813,0.96,137%
data/raw/bvsd/page_renders/trend_report_feb2026_p09.png,788,146,0.933,Meadowlark^
data/raw/bvsd/page_renders/trend_report_feb2026_p09.png,806,1915,0.992,1.3
data/raw/bvsd/page_renders/trend_report_feb2026_p09.png,807,1575,0.985,48%
data/raw/bvsd/page_renders/trend_report_feb2026_p09.png,808,486,0.995,3.0
data/raw/bvsd/page_renders/trend_report_feb2026_p09.png,808,720,0.995,1.5
data/raw/bvsd/page_renders/trend_report_feb2026_p09.png,808,799,0.998,217
data/raw/bvsd/page_renders/trend_report_feb2026_p09.png,808,941,0.977,1.4
data/raw/bvsd/page_renders/trend_report_feb2026_p09.png,808,1180,0.98,1.4
data/raw/bvsd/page_renders/trend_report_feb2026_p09.png,808,1424,0.872,1.4
data/raw/bvsd/page_renders/trend_report_feb2026_p09.png,808,1658,0.997,13
data/raw/bvsd/page_renders/trend_report_feb2026_p09.png,809,348,0.998,418
data/raw/bvsd/page_renders/trend_report_feb2026_p09.png,809,551,0.999,224
data/raw/bvsd/page_renders/trend_report_feb2026_p09.png,809,636,0.99,54%
data/raw/bvsd/page_renders/trend_report_feb2026_p09.png,809,858,0.997,52%
data/raw/bvsd/page_renders/trend_report_feb2026_p09.png,809,999,0.999,203
data/raw/bvsd/page_renders/trend_report_feb2026_p09.png,809,1080,0.997,49%
data/raw/bvsd/page_renders/trend_report_feb2026_p09.png,809,1256,0.999,203
data/raw/bvsd/page_renders/trend_report_feb2026_p09.png,809,1342,0.995,49%
data/raw/bvsd/page_renders/trend_report_feb2026_p09.png,809,1485,0.999,202
data/raw/bvsd/page_renders/trend_report_feb2026_p09.png,809,1726,0.998,201
data/raw/bvsd/page_renders/trend_report_feb2026_p09.png,809,1822,0.99,48%
data/raw/bvsd/page_renders/trend_report_feb2026_p09.png,810,146,0.996,Mesa
data/raw/bvsd/page_renders/trend_report_feb2026_p09.png,831,486,0.995,2.5
data/raw/bvsd/page_renders/trend_report_feb2026_p09.png,832,348,0.998,381
data/raw/bvsd/page_renders/trend_report_feb2026_p09.png,832,551,0.999,264
data/raw/bvsd/page_renders/trend_report_feb2026_p09.png,832,720,0.997,1.8
data/raw/bvsd/page_renders/trend_report_feb2026_p09.png,832,799,0.999,270
data/raw/bvsd/page_renders/trend_report_feb2026_p09.png,832,941,0.996,1.8
data/raw/bvsd/page_renders/trend_report_feb2026_p09.png,832,998,0.998,258
data/raw/bvsd/page_renders/trend_report_feb2026_p09.png,832,1179,0.989,1.7
data/raw/bvsd/page_renders/trend_report_feb2026_p09.png,832,1255,0.998,258
data/raw/bvsd/page_renders/trend_report_feb2026_p09.png,832,1424,0.932,1.7
data/raw/bvsd/page_renders/trend_report_feb2026_p09.png,832,1485,0.999,274
data/raw/bvsd/page_renders/trend_report_feb2026_p09.png,832,1658,0.994,1.8
data/raw/bvsd/page_renders/trend_report_feb2026_p09.png,832,1725,0.998,284
data/raw/bvsd/page_renders/trend_report_feb2026_p09.png,832,1915,0.996,1.9
data/raw/bvsd/page_renders/trend_report_feb2026_p09.png,833,636,0.995,%69
data/raw/bvsd/page_renders/trend_report_feb2026_p09.png,833,858,0.983,71%
data/raw/bvsd/page_renders/trend_report_feb2026_p09.png,833,1080,0.996,68%
data/raw/bvsd/page_renders/trend_report_feb2026_p09.png,833,1342,0.983,%89
data/raw/bvsd/page_renders/trend_report_feb2026_p09.png,833,1575,0.978,72%
data/raw/bvsd/page_renders/trend_report_feb2026_p09.png,833,1822,0.994,75%
data/raw/bvsd/page_renders/trend_report_feb2026_p09.png,835,147,0.994,Monarch
data/raw/bvsd/page_renders/trend_report_feb2026_p09.png,854,1340,0.996,36%
data/raw/bvsd/page_renders/trend_report_feb2026_p09.png,855,486,0.994,3.0
data/raw/bvsd/page_renders/trend_report_feb2026_p09.png,855,941,0.955,1.1
data/raw/bvsd/page_renders/trend_report_feb2026_p09.png,855,1179,0.965,1.1
data/raw/bvsd/page_renders/trend_report_feb2026_p09.png,855,1658,0.943,1.1
data/raw/bvsd/page_renders/trend_report_feb2026_p09.png,855,1821,0.975,34%
data/raw/bvsd/page_renders/trend_report_feb2026_p09.png,856,347,0.999,467
data/raw/bvsd/page_renders/trend_report_feb2026_p09.png,856,552,0.998,166
data/raw/bvsd/page_renders/trend_report_feb2026_p09.png,856,636,0.855,36%
data/raw/bvsd/page_renders/trend_report_feb2026_p09.png,856,720,0.989,1.1
data/raw/bvsd/page_renders/trend_report_feb2026_p09.png,856,800,0.995,171
data/raw/bvsd/page_renders/trend_report_feb2026_p09.png,856,857,0.997,37%
data/raw/bvsd/page_renders/trend_report_feb2026_p09.png,856,999,0.998,166
data/raw/bvsd/page_renders/trend_report_feb2026_p09.png,856,1080,0.991,36%
data/raw/bvsd/page_renders/trend_report_feb2026_p09.png,856,1256,0.998,167
data/raw/bvsd/page_renders/trend_report_feb2026_p09.png,856,1424,0.948,1.1
data/raw/bvsd/page_renders/trend_report_feb2026_p09.png,856,1486,0.998,169
data/raw/bvsd/page_renders/trend_report_feb2026_p09.png,856,1575,0.887,36%
data/raw/bvsd/page_renders/trend_report_feb2026_p09.png,856,1726,0.999,160
data/raw/bvsd/page_renders/trend_report_feb2026_p09.png,856,1915,0.994,11
data/raw/bvsd/page_renders/trend_report_feb2026_p09.png,857,145,0.987,Nederland
data/raw/bvsd/page_renders/trend_report_feb2026_p09.png,878,1484,0.998,336
data/raw/bvsd/page_renders/trend_report_feb2026_p09.png,879,486,0.994,3.5
data/raw/bvsd/page_renders/trend_report_feb2026_p09.png,879,720,0.998,2.5
data/raw/bvsd/page_renders/trend_report_feb2026_p09.png,879,940,0.993,2.3
data/raw/bvsd/page_renders/trend_report_feb2026_p09.png,880,145,0.989,Pioneer
data/raw/bvsd/page_renders/trend_report_feb2026_p09.png,880,347,0.998,541
data/raw/bvsd/page_renders/trend_report_feb2026_p09.png,880,551,0.997,371
data/raw/bvsd/page_renders/trend_report_feb2026_p09.png,880,800,0.998,349
data/raw/bvsd/page_renders/trend_report_feb2026_p09.png,880,999,0.997,341
data/raw/bvsd/page_renders/trend_report_feb2026_p09.png,880,1178,0.994,2.3
data/raw/bvsd/page_renders/trend_report_feb2026_p09.png,880,1255,0.998,337
data/raw/bvsd/page_renders/trend_report_feb2026_p09.png,880,1342,0.998,62%
data/raw/bvsd/page_renders/trend_report_feb2026_p09.png,880,1423,0.989,2.2
data/raw/bvsd/page_renders/trend_report_feb2026_p09.png,880,1657,0.923,2.2
data/raw/bvsd/page_renders/trend_report_feb2026_p09.png,880,1726,0.999,343
data/raw/bvsd/page_renders/trend_report_feb2026_p09.png,880,1915,0.986,2.3
data/raw/bvsd/page_renders/trend_report_feb2026_p09.png,881,636,0.985,69%
data/raw/bvsd/page_renders/trend_report_feb2026_p09.png,881,858,0.999,65%
data/raw/bvsd/page_renders/trend_report_feb2026_p09.png,881,1080,0.997,63%
data/raw/bvsd/page_renders/trend_report_feb2026_p09.png,881,1575,0.997,62%
data/raw/bvsd/page_renders/trend_report_feb2026_p09.png,881,1824,0.997,63%
data/raw/bvsd/page_renders/trend_report_feb2026_p09.png,903,486,0.996,3.0
data/raw/bvsd/page_renders/trend_report_feb2026_p09.png,903,720,0.997,2.6
data/raw/bvsd/page_renders/trend_report_feb2026_p09.png,903,800,0.997,381
data/raw/bvsd/page_renders/trend_report_feb2026_p09.png,903,940,0.994,2.5
data/raw/bvsd/page_renders/trend_report_feb2026_p09.png,903,999,0.998,365
data/raw/bvsd/page_renders/trend_report_feb2026_p09.png,903,1178,0.995,2.4
data/raw/bvsd/page_renders/trend_report_feb2026_p09.png,903,1256,0.998,348
data/raw/bvsd/page_renders/trend_report_feb2026_p09.png,903,1423,0.971,2.3
data/raw/bvsd/page_renders/trend_report_feb2026_p09.png,903,1485,0.998,337
data/raw/bvsd/page_renders/trend_report_feb2026_p09.png,903,1657,0.994,2.2
data/raw/bvsd/page_renders/trend_report_feb2026_p09.png,903,1726,0.998,346
data/raw/bvsd/page_renders/trend_report_feb2026_p09.png,903,1915,0.996,2.3
data/raw/bvsd/page_renders/trend_report_feb2026_p09.png,904,145,0.995,Ryan
data/raw/bvsd/page_renders/trend_report_feb2026_p09.png,904,347,0.998,467
data/raw/bvsd/page_renders/trend_report_feb2026_p09.png,904,551,0.998,393
data/raw/bvsd/page_renders/trend_report_feb2026_p09.png,904,636,0.964,84%
data/raw/bvsd/page_renders/trend_report_feb2026_p09.png,904,858,0.951,82%
data/raw/bvsd/page_renders/trend_report_feb2026_p09.png,904,1080,0.977,78%
data/raw/bvsd/page_renders/trend_report_feb2026_p09.png,904,1341,0.9,75%
data/raw/bvsd/page_renders/trend_report_feb2026_p09.png,904,1575,0.991,72%
data/raw/bvsd/page_renders/trend_report_feb2026_p09.png,904,1822,0.993,74%
data/raw/bvsd/page_renders/trend_report_feb2026_p09.png,924,1079,0.995,%89
data/raw/bvsd/page_renders/trend_report_feb2026_p09.png,925,1574,0.995,69%
data/raw/bvsd/page_renders/trend_report_feb2026_p09.png,926,146,0.987,Sanchez
data/raw/bvsd/page_renders/trend_report_feb2026_p09.png,926,347,0.998,418
data/raw/bvsd/page_renders/trend_report_feb2026_p09.png,926,486,0.996,3.0
data/raw/bvsd/page_renders/trend_report_feb2026_p09.png,926,551,0.999,276
data/raw/bvsd/page_renders/trend_report_feb2026_p09.png,926,636,0.999,66%
data/raw/bvsd/page_renders/trend_report_feb2026_p09.png,926,720,0.997,1.8
data/raw/bvsd/page_renders/trend_report_feb2026_p09.png,926,799,0.998,286
data/raw/bvsd/page_renders/trend_report_feb2026_p09.png,926,858,0.993,%89
data/raw/bvsd/page_renders/trend_report_feb2026_p09.png,926,941,0.994,1.9
data/raw/bvsd/page_renders/trend_report_feb2026_p09.png,926,998,0.998,284
data/raw/bvsd/page_renders/trend_report_feb2026_p09.png,926,1179,0.994,1.9
data/raw/bvsd/page_renders/trend_report_feb2026_p09.png,926,1255,0.998,278
data/raw/bvsd/page_renders/trend_report_feb2026_p09.png,926,1424,0.99,1.9
data/raw/bvsd/page_renders/trend_report_feb2026_p09.png,926,1485,0.999,289
data/raw/bvsd/page_renders/trend_report_feb2026_p09.png,926,1658,0.995,1.9
data/raw/bvsd/page_renders/trend_report_feb2026_p09.png,926,1726,0.999,298
data/raw/bvsd/page_renders/trend_report_feb2026_p09.png,926,1915,0.992,2.0
data/raw/bvsd/page_renders/trend_report_feb2026_p09.png,928,1342,0.996,67%
data/raw/bvsd/page_renders/trend_report_feb2026_p09.png,928,1822,0.989,71%
data/raw/bvsd/page_renders/trend_report_feb2026_p09.png,948,1079,0.998,92%
data/raw/bvsd/page_renders/trend_report_feb2026_p09.png,949,486,0.994,3.0
data/raw/bvsd/page_renders/trend_report_feb2026_p09.png,949,720,0.998,2.9
data/raw/bvsd/page_renders/trend_report_feb2026_p09.png,949,940,0.995,2.8
data/raw/bvsd/page_renders/trend_report_feb2026_p09.png,949,1340,0.865,93%
data/raw/bvsd/page_renders/trend_report_feb2026_p09.png,949,1574,0.964,90%
data/raw/bvsd/page_renders/trend_report_feb2026_p09.png,950,146,0.993,Superior
data/raw/bvsd/page_renders/trend_report_feb2026_p09.png,950,347,0.999,467
data/raw/bvsd/page_renders/trend_report_feb2026_p09.png,950,551,0.998,433
data/raw/bvsd/page_renders/trend_report_feb2026_p09.png,950,636,0.958,93%
data/raw/bvsd/page_renders/trend_report_feb2026_p09.png,950,800,0.999,425
data/raw/bvsd/page_renders/trend_report_feb2026_p09.png,950,998,0.999,430
data/raw/bvsd/page_renders/trend_report_feb2026_p09.png,950,1178,0.995,2.9
data/raw/bvsd/page_renders/trend_report_feb2026_p09.png,950,1255,0.999,434
data/raw/bvsd/page_renders/trend_report_feb2026_p09.png,950,1423,0.98,2.9
data/raw/bvsd/page_renders/trend_report_feb2026_p09.png,950,1486,0.999,420
data/raw/bvsd/page_renders/trend_report_feb2026_p09.png,950,1657,0.995,2.8
data/raw/bvsd/page_renders/trend_report_feb2026_p09.png,950,1726,0.999,433
data/raw/bvsd/page_renders/trend_report_feb2026_p09.png,950,1915,0.985,2.9
data/raw/bvsd/page_renders/trend_report_feb2026_p09.png,951,858,0.997,91%
data/raw/bvsd/page_renders/trend_report_feb2026_p09.png,951,1822,0.994,93%
data/raw/bvsd/page_renders/trend_report_feb2026_p09.png,972,719,0.997,2.5
data/raw/bvsd/page_renders/trend_report_feb2026_p09.png,972,940,0.995,2.4
data/raw/bvsd/page_renders/trend_report_feb2026_p09.png,973,486,0.992,4.0
data/raw/bvsd/page_renders/trend_report_feb2026_p09.png,973,800,0.998,359
data/raw/bvsd/page_renders/trend_report_feb2026_p09.png,973,1178,0.983,2.3
data/raw/bvsd/page_renders/trend_report_feb2026_p09.png,973,1255,0.998,336
data/raw/bvsd/page_renders/trend_report_feb2026_p09.png,973,1423,0.918,2.2
data/raw/bvsd/page_renders/trend_report_feb2026_p09.png,973,1657,0.993,2.3
data/raw/bvsd/page_renders/trend_report_feb2026_p09.png,973,1726,0.998,345
data/raw/bvsd/page_renders/trend_report_feb2026_p09.png,973,1914,0.994,2.3
data/raw/bvsd/page_renders/trend_report_feb2026_p09.png,974,347,0.999,590
data/raw/bvsd/page_renders/trend_report_feb2026_p09.png,974,551,0.998,368
data/raw/bvsd/page_renders/trend_report_feb2026_p09.png,974,636,0.902,62%
data/raw/bvsd/page_renders/trend_report_feb2026_p09.png,974,857,0.996,61%
data/raw/bvsd/page_renders/trend_report_feb2026_p09.png,974,998,0.999,348
data/raw/bvsd/page_renders/trend_report_feb2026_p09.png,974,1080,0.996,59%
data/raw/bvsd/page_renders/trend_report_feb2026_p09.png,974,1342,0.989,57%
data/raw/bvsd/page_renders/trend_report_feb2026_p09.png,974,1485,0.998,338
data/raw/bvsd/page_renders/trend_report_feb2026_p09.png,974,1574,0.999,57%
data/raw/bvsd/page_renders/trend_report_feb2026_p09.png,974,1822,0.994,58%
data/raw/bvsd/page_renders/trend_report_feb2026_p09.png,975,147,0.972,UniversityHill
data/raw/bvsd/page_renders/trend_report_feb2026_p09.png,994,635,0.997,58%
data/raw/bvsd/page_renders/trend_report_feb2026_p09.png,994,856,0.888,58%
data/raw/bvsd/page_renders/trend_report_feb2026_p09.png,995,1573,0.996,53%
data/raw/bvsd/page_renders/trend_report_feb2026_p09.png,996,551,0.999,257
data/raw/bvsd/page_renders/trend_report_feb2026_p09.png,996,720,0.997,1.7
data/raw/bvsd/page_renders/trend_report_feb2026_p09.png,996,800,0.999,258
data/raw/bvsd/page_renders/trend_report_feb2026_p09.png,996,998,0.999,256
data/raw/bvsd/page_renders/trend_report_feb2026_p09.png,996,1080,0.997,58%
data/raw/bvsd/page_renders/trend_report_feb2026_p09.png,996,1179,0.984,1.7
data/raw/bvsd/page_renders/trend_report_feb2026_p09.png,996,1255,0.999,247
data/raw/bvsd/page_renders/trend_report_feb2026_p09.png,996,1342,0.998,56%
data/raw/bvsd/page_renders/trend_report_feb2026_p09.png,996,1424,0.983,1.6
data/raw/bvsd/page_renders/trend_report_feb2026_p09.png,996,1485,0.998,236
data/raw/bvsd/page_renders/trend_report_feb2026_p09.png,996,1658,0.992,1.6
data/raw/bvsd/page_renders/trend_report_feb2026_p09.png,996,1725,0.998,232
data/raw/bvsd/page_renders/trend_report_feb2026_p09.png,996,1916,0.973,1.5
data/raw/bvsd/page_renders/trend_report_feb2026_p09.png,997,488,0.996,3.0
data/raw/bvsd/page_renders/trend_report_feb2026_p09.png,997,942,0.997,1.7
data/raw/bvsd/page_renders/trend_report_feb2026_p09.png,997,1822,0.985,52%
data/raw/bvsd/page_renders/trend_report_feb2026_p09.png,998,348,0.999,442
data/raw/bvsd/page_renders/trend_report_feb2026_p09.png,1000,147,0.953,Whittier
data/raw/bvsd/page_renders/trend_report_feb2026_p09.png,1023,147,0.991,Elem.Total
data/raw/bvsd/page_renders/trend_report_feb2026_p09.png,1026,542,0.991,"9,689"
data/raw/bvsd/page_renders/trend_report_feb2026_p09.png,1026,629,0.998,67%
data/raw/bvsd/page_renders/trend_report_feb2026_p09.png,1026,768,0.976,"9,540"
data/raw/bvsd/page_renders/trend_report_feb2026_p09.png,1026,849,0.997,66%
data/raw/bvsd/page_renders/trend_report_feb2026_p09.png,1026,990,0.968,"9,367"
data/raw/bvsd/page_renders/trend_report_feb2026_p09.png,1026,1071,0.998,64%
data/raw/bvsd/page_renders/trend_report_feb2026_p09.png,1026,1225,0.989,"9,273"
data/raw/bvsd/page_renders/trend_report_feb2026_p09.png,1026,1318,0.998,64%
data/raw/bvsd/page_renders/trend_report_feb2026_p09.png,1026,1562,0.989,64%
data/raw/bvsd/page_renders/trend_report_feb2026_p09.png,1026,1717,0.99,"9,408"
data/raw/bvsd/page_renders/trend_report_feb2026_p09.png,1026,1809,0.997,65%
data/raw/bvsd/page_renders/trend_report_feb2026_p09.png,1027,334,0.986,"14,543"
data/raw/bvsd/page_renders/trend_report_feb2026_p09.png,1027,1476,0.97,"9,319"
data/raw/bvsd/page_renders/trend_report_feb2026_p09.png,1052,149,0.946,programcapacity based on current use of thebuilding
data/raw/bvsd/page_renders/trend_report_feb2026_p09.png,1076,147,0.972,Additional4portableclassroomsnotincludedincapacity(addsapproximately100seats)
data/raw/bvsd/page_renders/trend_report_feb2026_p09.png,1137,76,0.994,BVSD
data/raw/bvsd/page_renders/trend_report_feb2026_p10.png,65,2086,0.993,SH52
data/raw/bvsd/page_renders/trend_report_feb2026_p10.png,66,1740,0.97,INERALRD
data/raw/bvsd/page_renders/trend_report_feb2026_p10.png,84,63,0.984,Enrollment Metrics
data/raw/bvsd/page_renders/trend_report_feb2026_p10.png,154,1870,0.935,owlark(K-5)
data/raw/bvsd/page_renders/trend_report_feb2026_p10.png,200,899,0.995,Foothill
data/raw/bvsd/page_renders/trend_report_feb2026_p10.png,201,1200,0.986,CrestView
data/raw/bvsd/page_renders/trend_report_feb2026_p10.png,216,109,1.0,5-yr projections
data/raw/bvsd/page_renders/trend_report_feb2026_p10.png,222,1545,0.712,5
data/raw/bvsd/page_renders/trend_report_feb2026_p10.png,231,1849,0.962,ISHL
data/raw/bvsd/page_renders/trend_report_feb2026_p10.png,255,1922,0.884,PER RD
data/raw/bvsd/page_renders/trend_report_feb2026_p10.png,270,2030,0.983,JAY RD
data/raw/bvsd/page_renders/trend_report_feb2026_p10.png,279,1434,0.995,AY RD
data/raw/bvsd/page_renders/trend_report_feb2026_p10.png,292,110,0.975,Enrollment Advisory Status
data/raw/bvsd/page_renders/trend_report_feb2026_p10.png,334,108,0.978,<=2 rounds and <=60% of capacity
data/raw/bvsd/page_renders/trend_report_feb2026_p10.png,356,1915,0.922,ERIE PKWY
data/raw/bvsd/page_renders/trend_report_feb2026_p10.png,358,1808,0.892,BELLERO
data/raw/bvsd/page_renders/trend_report_feb2026_p10.png,401,1173,0.889,VALMO
data/raw/bvsd/page_renders/trend_report_feb2026_p10.png,401,1206,0.972,NTRD
data/raw/bvsd/page_renders/trend_report_feb2026_p10.png,413,110,0.991,Community Engagement Status
data/raw/bvsd/page_renders/trend_report_feb2026_p10.png,418,1087,0.987,AM AV
data/raw/bvsd/page_renders/trend_report_feb2026_p10.png,436,1128,0.651,5
data/raw/bvsd/page_renders/trend_report_feb2026_p10.png,437,2071,0.908,VSTAPKWY
data/raw/bvsd/page_renders/trend_report_feb2026_p10.png,439,1728,0.673,HIG6
data/raw/bvsd/page_renders/trend_report_feb2026_p10.png,443,1260,0.969,PEA
data/raw/bvsd/page_renders/trend_report_feb2026_p10.png,457,108,0.974,<=1.5 rounds and <=50% of capacity
data/raw/bvsd/page_renders/trend_report_feb2026_p10.png,478,1544,0.957,ARAPAHOE RD
data/raw/bvsd/page_renders/trend_report_feb2026_p10.png,507,1522,0.994,Douglass
data/raw/bvsd/page_renders/trend_report_feb2026_p10.png,511,1060,0.887,5
data/raw/bvsd/page_renders/trend_report_feb2026_p10.png,517,1180,0.955,OLORADOAV
data/raw/bvsd/page_renders/trend_report_feb2026_p10.png,533,1070,0.97,田
data/raw/bvsd/page_renders/trend_report_feb2026_p10.png,535,1298,0.836,田
data/raw/bvsd/page_renders/trend_report_feb2026_p10.png,561,1131,0.892,BASELINE.R
data/raw/bvsd/page_renders/trend_report_feb2026_p10.png,562,1844,0.989,WBASELINERD
data/raw/bvsd/page_renders/trend_report_feb2026_p10.png,563,1649,0.977,BASELINERD
data/raw/bvsd/page_renders/trend_report_feb2026_p10.png,564,1742,0.926,V BASELINE RD
data/raw/bvsd/page_renders/trend_report_feb2026_p10.png,565,450,0.979,SY 2026 - Projected
data/raw/bvsd/page_renders/trend_report_feb2026_p10.png,565,1550,0.916,JNE RD
data/raw/bvsd/page_renders/trend_report_feb2026_p10.png,566,1214,0.875,BASELINE RD
data/raw/bvsd/page_renders/trend_report_feb2026_p10.png,566,1337,0.832,NE RD
data/raw/bvsd/page_renders/trend_report_feb2026_p10.png,568,118,0.967,SY 2025-Actual
data/raw/bvsd/page_renders/trend_report_feb2026_p10.png,568,1293,0.521,sy
data/raw/bvsd/page_renders/trend_report_feb2026_p10.png,580,1367,0.899,CHERRY
data/raw/bvsd/page_renders/trend_report_feb2026_p10.png,584,1248,0.921,Eiseni
data/raw/bvsd/page_renders/trend_report_feb2026_p10.png,585,1299,0.839,iower
data/raw/bvsd/page_renders/trend_report_feb2026_p10.png,603,1116,0.988,Creeks
data/raw/bvsd/page_renders/trend_report_feb2026_p10.png,610,115,0.987,Advisory: 7
data/raw/bvsd/page_renders/trend_report_feb2026_p10.png,610,450,0.997,Advisory: 7
data/raw/bvsd/page_renders/trend_report_feb2026_p10.png,625,1228,0.51,田
data/raw/bvsd/page_renders/trend_report_feb2026_p10.png,639,1885,0.866,RRD
data/raw/bvsd/page_renders/trend_report_feb2026_p10.png,640,1401,0.98,SOUTH BOULDER RD
data/raw/bvsd/page_renders/trend_report_feb2026_p10.png,642,1822,0.968,JHB
data/raw/bvsd/page_renders/trend_report_feb2026_p10.png,649,114,0.96,Engagement: 2
data/raw/bvsd/page_renders/trend_report_feb2026_p10.png,650,450,0.996,Engagement: 3
data/raw/bvsd/page_renders/trend_report_feb2026_p10.png,653,1305,0.923,BOULDERTA
data/raw/bvsd/page_renders/trend_report_feb2026_p10.png,673,1620,0.876,田
data/raw/bvsd/page_renders/trend_report_feb2026_p10.png,685,1758,0.803,eEl
data/raw/bvsd/page_renders/trend_report_feb2026_p10.png,687,1245,0.878,田
data/raw/bvsd/page_renders/trend_report_feb2026_p10.png,688,1222,0.601,出
data/raw/bvsd/page_renders/trend_report_feb2026_p10.png,688,1695,0.942,Lou
data/raw/bvsd/page_renders/trend_report_feb2026_p10.png,720,1845,0.998,SH42
data/raw/bvsd/page_renders/trend_report_feb2026_p10.png,728,1926,0.943,ran
data/raw/bvsd/page_renders/trend_report_feb2026_p10.png,738,1154,0.551,田
data/raw/bvsd/page_renders/trend_report_feb2026_p10.png,751,109,0.976,SY 2027 - Projected
data/raw/bvsd/page_renders/trend_report_feb2026_p10.png,752,451,0.959,SY 2028 - Projected
data/raw/bvsd/page_renders/trend_report_feb2026_p10.png,759,1632,0.936,HERRYS
data/raw/bvsd/page_renders/trend_report_feb2026_p10.png,775,1386,0.874,MARSHALLDF
data/raw/bvsd/page_renders/trend_report_feb2026_p10.png,791,1595,0.916,DILONRD
data/raw/bvsd/page_renders/trend_report_feb2026_p10.png,796,111,0.999,Advisory: 8
data/raw/bvsd/page_renders/trend_report_feb2026_p10.png,796,453,0.999,Advisory: 7
data/raw/bvsd/page_renders/trend_report_feb2026_p10.png,798,1839,0.984,NESTPKWY
data/raw/bvsd/page_renders/trend_report_feb2026_p10.png,804,1997,0.924,DLLON RD
data/raw/bvsd/page_renders/trend_report_feb2026_p10.png,827,1594,0.894,rch(K-5)
data/raw/bvsd/page_renders/trend_report_feb2026_p10.png,833,1549,0.993,Mon
data/raw/bvsd/page_renders/trend_report_feb2026_p10.png,835,109,0.998,Engagement: 4
data/raw/bvsd/page_renders/trend_report_feb2026_p10.png,835,452,0.999,Engagement: 5
data/raw/bvsd/page_renders/trend_report_feb2026_p10.png,858,1857,0.955,AspenCreek(K-5)
data/raw/bvsd/page_renders/trend_report_feb2026_p10.png,885,1141,0.996,Mesa
data/raw/bvsd/page_renders/trend_report_feb2026_p10.png,926,1620,0.939,口
data/raw/bvsd/page_renders/trend_report_feb2026_p10.png,933,1513,0.987,Superior
data/raw/bvsd/page_renders/trend_report_feb2026_p10.png,938,452,0.98,SY 2030 - Projected
data/raw/bvsd/page_renders/trend_report_feb2026_p10.png,939,110,0.985,SY 2029 - Projected
data/raw/bvsd/page_renders/trend_report_feb2026_p10.png,964,1588,0.951,OALTONDR
data/raw/bvsd/page_renders/trend_report_feb2026_p10.png,972,2032,0.779,田
data/raw/bvsd/page_renders/trend_report_feb2026_p10.png,972,2060,0.92,田
data/raw/bvsd/page_renders/trend_report_feb2026_p10.png,982,454,1.0,Advisory: 6
data/raw/bvsd/page_renders/trend_report_feb2026_p10.png,983,110,0.999,Advisory: 6
data/raw/bvsd/page_renders/trend_report_feb2026_p10.png,1014,2004,0.947,merald
data/raw/bvsd/page_renders/trend_report_feb2026_p10.png,1016,1460,0.957,Eldorado(K-5
data/raw/bvsd/page_renders/trend_report_feb2026_p10.png,1023,110,0.997,Engagement: 5
data/raw/bvsd/page_renders/trend_report_feb2026_p10.png,1023,453,0.993,Engagement: 5
data/raw/bvsd/page_renders/trend_report_feb2026_p10.png,1025,1962,0.539,日
data/raw/bvsd/page_renders/trend_report_feb2026_p10.png,1037,1789,0.99,SH128
data/raw/bvsd/page_renders/trend_report_feb2026_p10.png,1141,78,0.996,BVSD
data/raw/bvsd/page_renders/trend_report_feb2026_p10.png,1147,2085,0.999,10
data/raw/bvsd/page_renders/worksession_2025-10-21_p11.png,76,54,0.983,BVSD Elementary Building Capacity
data/raw/bvsd/page_renders/worksession_2025-10-21_p11.png,305,1347,0.997,BVSDUtilization2028-29
data/raw/bvsd/page_renders/worksession_2025-10-21_p11.png,327,176,0.977,"BVSD has the capacity to serve 14,585 K-5"
data/raw/bvsd/page_renders/worksession_2025-10-21_p11.png,383,177,0.987,students in our non-charter schools.
data/raw/bvsd/page_renders/worksession_2025-10-21_p11.png,464,176,0.999,"We currently serve 9,952 (SY 24-25) K-5"
data/raw/bvsd/page_renders/worksession_2025-10-21_p11.png,507,1152,0.996,Excess Capacity
data/raw/bvsd/page_renders/worksession_2025-10-21_p11.png,519,176,0.985,non-charter students.
data/raw/bvsd/page_renders/worksession_2025-10-21_p11.png,550,1152,1.0,35.3%
data/raw/bvsd/page_renders/worksession_2025-10-21_p11.png,598,174,0.993,"The utilization rate is 68% with 4,633 open"
data/raw/bvsd/page_renders/worksession_2025-10-21_p11.png,656,176,0.997,seats (SY 2024-25).
data/raw/bvsd/page_renders/worksession_2025-10-21_p11.png,709,1979,0.974,Enrolled
data/raw/bvsd/page_renders/worksession_2025-10-21_p11.png,740,176,0.973,"Projected to g0 to 9,431, or 65% in 5-years"
data/raw/bvsd/page_renders/worksession_2025-10-21_p11.png,750,2001,1.0,64.7%
data/raw/bvsd/page_renders/worksession_2025-10-21_p11.png,794,176,0.971,"with 5,154 open seats."
data/raw/bvsd/page_renders/worksession_2025-10-21_p11.png,1141,73,0.992,BVSD
data/raw/bvsd/page_renders/worksession_2025-10-21_p11.png,1150,2092,0.999,11
data/raw/bvsd/page_renders/worksession_2025-10-21_p12.png,63,50,0.998,Elementary Attendance Area Regions
data/raw/bvsd/page_renders/worksession_2025-10-21_p12.png,218,882,0.999,Douglass
data/raw/bvsd/page_renders/worksession_2025-10-21_p12.png,218,1165,0.999,Horizons K-5
data/raw/bvsd/page_renders/worksession_2025-10-21_p12.png,219,519,0.985,BCSIS/High Peaks
data/raw/bvsd/page_renders/worksession_2025-10-21_p12.png,258,1582,0.996,"Total Capacity: 7,102"
data/raw/bvsd/page_renders/worksession_2025-10-21_p12.png,260,884,0.999,Eisenhower
data/raw/bvsd/page_renders/worksession_2025-10-21_p12.png,264,520,0.966,Bear Creek
data/raw/bvsd/page_renders/worksession_2025-10-21_p12.png,264,1166,1.0,Jamestown
data/raw/bvsd/page_renders/worksession_2025-10-21_p12.png,294,1581,0.988,"Resident Students:4,111"
data/raw/bvsd/page_renders/worksession_2025-10-21_p12.png,305,519,0.999,Columbine
data/raw/bvsd/page_renders/worksession_2025-10-21_p12.png,306,884,0.999,Flatirons
data/raw/bvsd/page_renders/worksession_2025-10-21_p12.png,307,1164,0.998,Mesa
data/raw/bvsd/page_renders/worksession_2025-10-21_p12.png,325,73,0.999,BOULDER
data/raw/bvsd/page_renders/worksession_2025-10-21_p12.png,330,1581,0.974,"Enrolled Students: 4,636"
data/raw/bvsd/page_renders/worksession_2025-10-21_p12.png,348,519,0.998,C. Montessori
data/raw/bvsd/page_renders/worksession_2025-10-21_p12.png,348,883,0.999,Foothill
data/raw/bvsd/page_renders/worksession_2025-10-21_p12.png,350,1167,0.998,University Hill
data/raw/bvsd/page_renders/worksession_2025-10-21_p12.png,364,1581,0.994,"Open Seats: 2,466"
data/raw/bvsd/page_renders/worksession_2025-10-21_p12.png,391,519,0.999,Creekside
data/raw/bvsd/page_renders/worksession_2025-10-21_p12.png,392,885,0.988,Gold Hill
data/raw/bvsd/page_renders/worksession_2025-10-21_p12.png,392,1165,0.999,Whittier
data/raw/bvsd/page_renders/worksession_2025-10-21_p12.png,406,1583,0.989,Utilization2024/2029*:65%/59%
data/raw/bvsd/page_renders/worksession_2025-10-21_p12.png,434,883,1.0,Heatherwood
data/raw/bvsd/page_renders/worksession_2025-10-21_p12.png,435,519,0.993,Crest View
data/raw/bvsd/page_renders/worksession_2025-10-21_p12.png,504,1575,0.999,"Total Capacity: 3,039"
data/raw/bvsd/page_renders/worksession_2025-10-21_p12.png,522,980,1.0,Louisville Elementary
data/raw/bvsd/page_renders/worksession_2025-10-21_p12.png,536,519,0.988,Coal Creek
data/raw/bvsd/page_renders/worksession_2025-10-21_p12.png,541,1574,0.999,"Resident Students: 1,995"
data/raw/bvsd/page_renders/worksession_2025-10-21_p12.png,548,73,0.997,LOUISVILLE/
data/raw/bvsd/page_renders/worksession_2025-10-21_p12.png,566,981,0.996,Monarch K-5
data/raw/bvsd/page_renders/worksession_2025-10-21_p12.png,578,519,0.999,EldoradoK-5
data/raw/bvsd/page_renders/worksession_2025-10-21_p12.png,580,1578,0.972,"Enrolled Students:2,033"
data/raw/bvsd/page_renders/worksession_2025-10-21_p12.png,605,73,0.997,SUPERIOR
data/raw/bvsd/page_renders/worksession_2025-10-21_p12.png,611,979,1.0,Superior
data/raw/bvsd/page_renders/worksession_2025-10-21_p12.png,614,1575,0.971,"Open Seats: 1,006"
data/raw/bvsd/page_renders/worksession_2025-10-21_p12.png,621,517,0.999,Fireside
data/raw/bvsd/page_renders/worksession_2025-10-21_p12.png,653,1576,0.974,Utilization2024/2029*:67%/61%
data/raw/bvsd/page_renders/worksession_2025-10-21_p12.png,702,1575,0.999,"Total Capacity: 2,877"
data/raw/bvsd/page_renders/worksession_2025-10-21_p12.png,725,982,0.995,MeadowlarkK-5
data/raw/bvsd/page_renders/worksession_2025-10-21_p12.png,736,520,0.958,Alicia Sanchez
data/raw/bvsd/page_renders/worksession_2025-10-21_p12.png,739,72,0.995,LAFAYETTE/
data/raw/bvsd/page_renders/worksession_2025-10-21_p12.png,741,1576,0.987,"ResidentStudents:2,483"
data/raw/bvsd/page_renders/worksession_2025-10-21_p12.png,767,978,1.0,Ryan
data/raw/bvsd/page_renders/worksession_2025-10-21_p12.png,773,1574,0.989,"Enrolled Students: 2,475"
data/raw/bvsd/page_renders/worksession_2025-10-21_p12.png,778,518,0.988,Escuela Bilingue Pioneer
data/raw/bvsd/page_renders/worksession_2025-10-21_p12.png,797,72,0.997,ERIE
data/raw/bvsd/page_renders/worksession_2025-10-21_p12.png,811,981,0.935,Peak to Peak K-5
data/raw/bvsd/page_renders/worksession_2025-10-21_p12.png,811,1575,0.987,Open Seats:402
data/raw/bvsd/page_renders/worksession_2025-10-21_p12.png,820,517,0.999,Lafayette Elementary
data/raw/bvsd/page_renders/worksession_2025-10-21_p12.png,846,1575,0.974,Utilization2024/2029*:86%/89%
data/raw/bvsd/page_renders/worksession_2025-10-21_p12.png,896,1576,0.988,"Total Capacity: 1,788"
data/raw/bvsd/page_renders/worksession_2025-10-21_p12.png,934,981,0.999,Emerald
data/raw/bvsd/page_renders/worksession_2025-10-21_p12.png,934,1576,0.981,"Resident Students: 1,165"
data/raw/bvsd/page_renders/worksession_2025-10-21_p12.png,937,518,0.996,Aspen Creek K-5
data/raw/bvsd/page_renders/worksession_2025-10-21_p12.png,964,75,0.992,BROOMFIELD
data/raw/bvsd/page_renders/worksession_2025-10-21_p12.png,970,1575,0.984,"EnrolledStudents:1,320"
data/raw/bvsd/page_renders/worksession_2025-10-21_p12.png,976,978,0.999,Kohl
data/raw/bvsd/page_renders/worksession_2025-10-21_p12.png,982,517,1.0,Birch
data/raw/bvsd/page_renders/worksession_2025-10-21_p12.png,1002,1575,0.995,Open Seats: 468
data/raw/bvsd/page_renders/worksession_2025-10-21_p12.png,1040,1575,0.972,Utilization2024/2029*:74%/73%
data/raw/bvsd/page_renders/worksession_2025-10-21_p12.png,1141,2063,1.0,12
data/raw/bvsd/page_renders/worksession_2025-10-21_p13.png,63,515,0.999,Enrollment Change by Region
data/raw/bvsd/page_renders/worksession_2025-10-21_p13.png,65,54,0.998,Elementary
data/raw/bvsd/page_renders/worksession_2025-10-21_p13.png,215,766,0.998,Boulder
data/raw/bvsd/page_renders/worksession_2025-10-21_p13.png,215,1448,0.998,Louisville-Superior
data/raw/bvsd/page_renders/worksession_2025-10-21_p13.png,261,472,0.999,7000
data/raw/bvsd/page_renders/worksession_2025-10-21_p13.png,261,1236,0.999,3000
data/raw/bvsd/page_renders/worksession_2025-10-21_p13.png,298,471,0.999,6000
data/raw/bvsd/page_renders/worksession_2025-10-21_p13.png,299,777,0.975,"2,466 open seats"
data/raw/bvsd/page_renders/worksession_2025-10-21_p13.png,299,1542,0.985,"1,006 open seats"
data/raw/bvsd/page_renders/worksession_2025-10-21_p13.png,306,1236,1.0,2500
data/raw/bvsd/page_renders/worksession_2025-10-21_p13.png,336,471,0.999,5000
data/raw/bvsd/page_renders/worksession_2025-10-21_p13.png,349,1236,0.999,2000
data/raw/bvsd/page_renders/worksession_2025-10-21_p13.png,375,472,0.999,4000
data/raw/bvsd/page_renders/worksession_2025-10-21_p13.png,393,1236,1.0,1500
data/raw/bvsd/page_renders/worksession_2025-10-21_p13.png,413,472,0.999,3000
data/raw/bvsd/page_renders/worksession_2025-10-21_p13.png,438,1237,0.999,1000
data/raw/bvsd/page_renders/worksession_2025-10-21_p13.png,449,471,1.0,2000
data/raw/bvsd/page_renders/worksession_2025-10-21_p13.png,482,1247,1.0,500
data/raw/bvsd/page_renders/worksession_2025-10-21_p13.png,487,471,0.999,1000
data/raw/bvsd/page_renders/worksession_2025-10-21_p13.png,495,105,0.993,ACTUAL
data/raw/bvsd/page_renders/worksession_2025-10-21_p13.png,528,1272,0.965,0
data/raw/bvsd/page_renders/worksession_2025-10-21_p13.png,529,510,0.948,0
data/raw/bvsd/page_renders/worksession_2025-10-21_p13.png,558,547,0.969,20
data/raw/bvsd/page_renders/worksession_2025-10-21_p13.png,558,999,0.948,28
data/raw/bvsd/page_renders/worksession_2025-10-21_p13.png,558,1056,0.852,29
data/raw/bvsd/page_renders/worksession_2025-10-21_p13.png,558,1309,0.941,20
data/raw/bvsd/page_renders/worksession_2025-10-21_p13.png,558,1422,0.816,飞
data/raw/bvsd/page_renders/worksession_2025-10-21_p13.png,558,1763,0.828,28
data/raw/bvsd/page_renders/worksession_2025-10-21_p13.png,559,659,0.839,22
data/raw/bvsd/page_renders/worksession_2025-10-21_p13.png,559,944,0.955,2
data/raw/bvsd/page_renders/worksession_2025-10-21_p13.png,560,602,0.614,2
data/raw/bvsd/page_renders/worksession_2025-10-21_p13.png,560,716,0.946,23
data/raw/bvsd/page_renders/worksession_2025-10-21_p13.png,560,1115,0.856,30
data/raw/bvsd/page_renders/worksession_2025-10-21_p13.png,560,1480,0.915,23
data/raw/bvsd/page_renders/worksession_2025-10-21_p13.png,560,1707,0.757,2
data/raw/bvsd/page_renders/worksession_2025-10-21_p13.png,560,1880,0.8,30
data/raw/bvsd/page_renders/worksession_2025-10-21_p13.png,561,95,0.995,PROJECTED
data/raw/bvsd/page_renders/worksession_2025-10-21_p13.png,562,889,0.929,2
data/raw/bvsd/page_renders/worksession_2025-10-21_p13.png,565,1316,0.999,2020-
data/raw/bvsd/page_renders/worksession_2025-10-21_p13.png,566,499,0.995,2019-
data/raw/bvsd/page_renders/worksession_2025-10-21_p13.png,566,553,0.998,2020-
data/raw/bvsd/page_renders/worksession_2025-10-21_p13.png,567,1771,0.997,2028-
data/raw/bvsd/page_renders/worksession_2025-10-21_p13.png,568,1007,0.994,2028-
data/raw/bvsd/page_renders/worksession_2025-10-21_p13.png,568,1264,0.994,2019-
data/raw/bvsd/page_renders/worksession_2025-10-21_p13.png,568,1717,0.929,2027-
data/raw/bvsd/page_renders/worksession_2025-10-21_p13.png,570,954,0.976,2027-
data/raw/bvsd/page_renders/worksession_2025-10-21_p13.png,570,1429,0.941,2022-
data/raw/bvsd/page_renders/worksession_2025-10-21_p13.png,571,611,0.909,2021-
data/raw/bvsd/page_renders/worksession_2025-10-21_p13.png,571,670,0.918,2022-
data/raw/bvsd/page_renders/worksession_2025-10-21_p13.png,571,1065,0.962,2029-
data/raw/bvsd/page_renders/worksession_2025-10-21_p13.png,571,1376,0.991,2021
data/raw/bvsd/page_renders/worksession_2025-10-21_p13.png,571,1829,0.979,2029-
data/raw/bvsd/page_renders/worksession_2025-10-21_p13.png,622,89,0.999,--- Capacity
data/raw/bvsd/page_renders/worksession_2025-10-21_p13.png,681,720,0.998,Lafayette-Erie
data/raw/bvsd/page_renders/worksession_2025-10-21_p13.png,681,1508,0.997,Broomfield
data/raw/bvsd/page_renders/worksession_2025-10-21_p13.png,703,95,0.952,— Preliminary
data/raw/bvsd/page_renders/worksession_2025-10-21_p13.png,727,470,0.999,3000
data/raw/bvsd/page_renders/worksession_2025-10-21_p13.png,727,1236,0.999,1800
data/raw/bvsd/page_renders/worksession_2025-10-21_p13.png,747,140,1.0,Enrollment
data/raw/bvsd/page_renders/worksession_2025-10-21_p13.png,752,662,1.0,402openseats
data/raw/bvsd/page_renders/worksession_2025-10-21_p13.png,755,1236,1.0,1600
data/raw/bvsd/page_renders/worksession_2025-10-21_p13.png,758,1547,0.963,468open seats
data/raw/bvsd/page_renders/worksession_2025-10-21_p13.png,769,471,1.0,2500
data/raw/bvsd/page_renders/worksession_2025-10-21_p13.png,783,1236,1.0,1400
data/raw/bvsd/page_renders/worksession_2025-10-21_p13.png,811,1236,0.999,1200
data/raw/bvsd/page_renders/worksession_2025-10-21_p13.png,813,471,0.999,2000
data/raw/bvsd/page_renders/worksession_2025-10-21_p13.png,841,1237,0.999,1000
data/raw/bvsd/page_renders/worksession_2025-10-21_p13.png,856,471,1.0,1500
data/raw/bvsd/page_renders/worksession_2025-10-21_p13.png,869,1247,0.999,800
data/raw/bvsd/page_renders/worksession_2025-10-21_p13.png,897,471,0.999,1000
data/raw/bvsd/page_renders/worksession_2025-10-21_p13.png,897,1248,0.999,600
data/raw/bvsd/page_renders/worksession_2025-10-21_p13.png,926,1248,0.999,400
data/raw/bvsd/page_renders/worksession_2025-10-21_p13.png,941,482,1.0,500
data/raw/bvsd/page_renders/worksession_2025-10-21_p13.png,956,1248,1.0,200
data/raw/bvsd/page_renders/worksession_2025-10-21_p13.png,986,1272,0.98,0
data/raw/bvsd/page_renders/worksession_2025-10-21_p13.png,987,508,0.895,0
data/raw/bvsd/page_renders/worksession_2025-10-21_p13.png,1002,1713,0.999,2027-28
data/raw/bvsd/page_renders/worksession_2025-10-21_p13.png,1003,499,0.999,2019-20
data/raw/bvsd/page_renders/worksession_2025-10-21_p13.png,1003,1263,0.998,2019-20
data/raw/bvsd/page_renders/worksession_2025-10-21_p13.png,1005,950,0.998,2027-28
data/raw/bvsd/page_renders/worksession_2025-10-21_p13.png,1006,554,0.998,2020-21
data/raw/bvsd/page_renders/worksession_2025-10-21_p13.png,1006,1318,0.998,2020-21
data/raw/bvsd/page_renders/worksession_2025-10-21_p13.png,1014,1534,0.984,24
data/raw/bvsd/page_renders/worksession_2025-10-21_p13.png,1015,659,0.713,飞
data/raw/bvsd/page_renders/worksession_2025-10-21_p13.png,1015,1422,0.677,飞
data/raw/bvsd/page_renders/worksession_2025-10-21_p13.png,1016,772,0.742,2A
data/raw/bvsd/page_renders/worksession_2025-10-21_p13.png,1016,1707,0.837,2
data/raw/bvsd/page_renders/worksession_2025-10-21_p13.png,1016,1818,0.795,29
data/raw/bvsd/page_renders/worksession_2025-10-21_p13.png,1016,1878,0.889,30
data/raw/bvsd/page_renders/worksession_2025-10-21_p13.png,1018,717,0.827,23
data/raw/bvsd/page_renders/worksession_2025-10-21_p13.png,1018,944,0.912,2
data/raw/bvsd/page_renders/worksession_2025-10-21_p13.png,1018,1480,0.932,23
data/raw/bvsd/page_renders/worksession_2025-10-21_p13.png,1019,1115,0.757,30
data/raw/bvsd/page_renders/worksession_2025-10-21_p13.png,1024,670,0.997,2022-
data/raw/bvsd/page_renders/worksession_2025-10-21_p13.png,1024,1375,0.995,2021-
data/raw/bvsd/page_renders/worksession_2025-10-21_p13.png,1024,1772,0.996,2028-
data/raw/bvsd/page_renders/worksession_2025-10-21_p13.png,1025,613,0.97,2021-
data/raw/bvsd/page_renders/worksession_2025-10-21_p13.png,1025,1009,0.994,2028-
data/raw/bvsd/page_renders/worksession_2025-10-21_p13.png,1025,1066,0.964,2029-
data/raw/bvsd/page_renders/worksession_2025-10-21_p13.png,1025,1432,0.996,2022-
data/raw/bvsd/page_renders/worksession_2025-10-21_p13.png,1025,1490,0.995,2023-
data/raw/bvsd/page_renders/worksession_2025-10-21_p13.png,1025,1604,0.994,2025-
data/raw/bvsd/page_renders/worksession_2025-10-21_p13.png,1025,1830,0.976,2029-
data/raw/bvsd/page_renders/worksession_2025-10-21_p13.png,1026,729,0.989,2023-
data/raw/bvsd/page_renders/worksession_2025-10-21_p13.png,1026,842,0.989,2025-
data/raw/bvsd/page_renders/worksession_2025-10-21_p13.png,1026,1659,0.95,2026-
data/raw/bvsd/page_renders/worksession_2025-10-21_p13.png,1028,786,0.971,2024-
data/raw/bvsd/page_renders/worksession_2025-10-21_p13.png,1141,77,0.996,BVSD
data/raw/bvsd/page_renders/worksession_2025-10-21_p13.png,1148,2085,0.999,13
data/raw/bvsd/page_renders/worksession_2025-10-21_p14.png,84,63,0.989,Enrollment Metrics
data/raw/bvsd/page_renders/worksession_2025-10-21_p14.png,217,110,1.0,5-yr projections
data/raw/bvsd/page_renders/worksession_2025-10-21_p14.png,292,111,0.984,Enrollment Advisory Status
data/raw/bvsd/page_renders/worksession_2025-10-21_p14.png,328,947,0.602,H
data/raw/bvsd/page_renders/worksession_2025-10-21_p14.png,334,108,0.984,<=2 rounds and <=60% of capacity
data/raw/bvsd/page_renders/worksession_2025-10-21_p14.png,350,1024,0.561,出
data/raw/bvsd/page_renders/worksession_2025-10-21_p14.png,407,1015,0.941,点
data/raw/bvsd/page_renders/worksession_2025-10-21_p14.png,413,110,0.992,Community Engagement Status
data/raw/bvsd/page_renders/worksession_2025-10-21_p14.png,456,108,0.986,<=1.5 rounds and <=50% of capacity
data/raw/bvsd/page_renders/worksession_2025-10-21_p14.png,490,1114,0.971,DO.AV
data/raw/bvsd/page_renders/worksession_2025-10-21_p14.png,490,1193,0.575,点
data/raw/bvsd/page_renders/worksession_2025-10-21_p14.png,507,929,0.654,甲由
data/raw/bvsd/page_renders/worksession_2025-10-21_p14.png,566,116,0.978,SY 2024-Actual
data/raw/bvsd/page_renders/worksession_2025-10-21_p14.png,566,450,0.97,SY 2025 - Projected
data/raw/bvsd/page_renders/worksession_2025-10-21_p14.png,608,114,0.991,Advisory: 8
data/raw/bvsd/page_renders/worksession_2025-10-21_p14.png,611,451,0.999,Advisory: 8
data/raw/bvsd/page_renders/worksession_2025-10-21_p14.png,650,450,0.997,Engagement: 1
data/raw/bvsd/page_renders/worksession_2025-10-21_p14.png,652,118,0.994,Engagement: 1
data/raw/bvsd/page_renders/worksession_2025-10-21_p14.png,752,115,0.964,SY 2026 - Projected
data/raw/bvsd/page_renders/worksession_2025-10-21_p14.png,753,458,0.956,SY 2027 - Projected
data/raw/bvsd/page_renders/worksession_2025-10-21_p14.png,793,115,0.999,Advisory: 8
data/raw/bvsd/page_renders/worksession_2025-10-21_p14.png,795,458,1.0,Advisory: 10
data/raw/bvsd/page_renders/worksession_2025-10-21_p14.png,833,114,0.987,Engagement: 1
data/raw/bvsd/page_renders/worksession_2025-10-21_p14.png,833,456,0.978,Engagement: 1
data/raw/bvsd/page_renders/worksession_2025-10-21_p14.png,894,2065,0.503,田田
data/raw/bvsd/page_renders/worksession_2025-10-21_p14.png,937,458,0.987,SY 2029 - Projected
data/raw/bvsd/page_renders/worksession_2025-10-21_p14.png,939,115,0.985,SY 2028 - Projected
data/raw/bvsd/page_renders/worksession_2025-10-21_p14.png,982,459,0.999,Advisory: 8
data/raw/bvsd/page_renders/worksession_2025-10-21_p14.png,983,116,0.998,Advisory: 8
data/raw/bvsd/page_renders/worksession_2025-10-21_p14.png,1021,458,0.994,Engagement: 3
data/raw/bvsd/page_renders/worksession_2025-10-21_p14.png,1022,114,0.966,Engagement: 2
data/raw/bvsd/page_renders/worksession_2025-10-21_p14.png,1065,1541,0.628,甲由
data/raw/bvsd/page_renders/worksession_2025-10-21_p14.png,1141,77,0.996,BVSD
data/raw/bvsd/page_renders/worksession_2025-10-21_p14.png,1147,2085,1.0,14
data/raw/bvsd/page_renders/worksession_2025-10-21_p15.png,554,174,0.999,Boulder Region
data/raw/bvsd/page_renders/worksession_2025-10-21_p15.png,1144,2084,1.0,15
data/raw/bvsd/page_renders/worksession_2025-10-21_p17.png,61,49,0.981,Elementary Attendance Area Region - Boulder
data/raw/bvsd/page_renders/worksession_2025-10-21_p17.png,230,64,0.938,BOULDER（14schoolbuildings)
data/raw/bvsd/page_renders/worksession_2025-10-21_p17.png,268,1343,0.995,PROJECTED
data/raw/bvsd/page_renders/worksession_2025-10-21_p17.png,270,451,0.992,ACTUAL
data/raw/bvsd/page_renders/worksession_2025-10-21_p17.png,296,488,0.997,2024-25
data/raw/bvsd/page_renders/worksession_2025-10-21_p17.png,296,1653,0.997,%
data/raw/bvsd/page_renders/worksession_2025-10-21_p17.png,297,259,0.958,2024-25Capacity
data/raw/bvsd/page_renders/worksession_2025-10-21_p17.png,297,672,0.999,2024
data/raw/bvsd/page_renders/worksession_2025-10-21_p17.png,297,918,0.999,2025
data/raw/bvsd/page_renders/worksession_2025-10-21_p17.png,297,1720,0.999,2028
data/raw/bvsd/page_renders/worksession_2025-10-21_p17.png,298,613,0.997,%
data/raw/bvsd/page_renders/worksession_2025-10-21_p17.png,298,742,0.998,2025-26
data/raw/bvsd/page_renders/worksession_2025-10-21_p17.png,298,987,0.998,2026-27
data/raw/bvsd/page_renders/worksession_2025-10-21_p17.png,298,1103,0.967,%
data/raw/bvsd/page_renders/worksession_2025-10-21_p17.png,298,1249,0.998,2027-28
data/raw/bvsd/page_renders/worksession_2025-10-21_p17.png,298,1530,0.998,2028-29
data/raw/bvsd/page_renders/worksession_2025-10-21_p17.png,298,1803,0.998,2029-30
data/raw/bvsd/page_renders/worksession_2025-10-21_p17.png,298,1935,0.997,%
data/raw/bvsd/page_renders/worksession_2025-10-21_p17.png,299,857,0.999,%
data/raw/bvsd/page_renders/worksession_2025-10-21_p17.png,299,1173,0.999,2026
data/raw/bvsd/page_renders/worksession_2025-10-21_p17.png,299,1379,0.997,%
data/raw/bvsd/page_renders/worksession_2025-10-21_p17.png,299,1458,0.999,2027
data/raw/bvsd/page_renders/worksession_2025-10-21_p17.png,299,2004,0.999,2029
data/raw/bvsd/page_renders/worksession_2025-10-21_p17.png,332,60,0.994,Elementary
data/raw/bvsd/page_renders/worksession_2025-10-21_p17.png,332,1004,0.99,Proj.
data/raw/bvsd/page_renders/worksession_2025-10-21_p17.png,332,1264,0.989,Proj.
data/raw/bvsd/page_renders/worksession_2025-10-21_p17.png,333,500,0.995,Enroll
data/raw/bvsd/page_renders/worksession_2025-10-21_p17.png,333,844,0.992,Cap.
data/raw/bvsd/page_renders/worksession_2025-10-21_p17.png,333,1089,0.991,Cap.
data/raw/bvsd/page_renders/worksession_2025-10-21_p17.png,333,1364,0.99,Cap.
data/raw/bvsd/page_renders/worksession_2025-10-21_p17.png,333,1918,0.992,Cap.
data/raw/bvsd/page_renders/worksession_2025-10-21_p17.png,334,373,0.996,Rounds
data/raw/bvsd/page_renders/worksession_2025-10-21_p17.png,334,599,0.993,Cap.
data/raw/bvsd/page_renders/worksession_2025-10-21_p17.png,334,761,0.989,Proj.
data/raw/bvsd/page_renders/worksession_2025-10-21_p17.png,334,1548,0.989,Proj.
data/raw/bvsd/page_renders/worksession_2025-10-21_p17.png,334,1641,0.992,Cap.
data/raw/bvsd/page_renders/worksession_2025-10-21_p17.png,334,1818,0.993,Proj.
data/raw/bvsd/page_renders/worksession_2025-10-21_p17.png,334,1999,0.993,Rnds.
data/raw/bvsd/page_renders/worksession_2025-10-21_p17.png,335,251,0.974,Capacity*
data/raw/bvsd/page_renders/worksession_2025-10-21_p17.png,335,666,0.992,Rnds.
data/raw/bvsd/page_renders/worksession_2025-10-21_p17.png,335,910,0.988,Rnds.
data/raw/bvsd/page_renders/worksession_2025-10-21_p17.png,335,1163,0.994,Rnds.
data/raw/bvsd/page_renders/worksession_2025-10-21_p17.png,335,1450,0.992,Rnds.
data/raw/bvsd/page_renders/worksession_2025-10-21_p17.png,335,1713,0.977,Rnds.
data/raw/bvsd/page_renders/worksession_2025-10-21_p17.png,368,61,0.995,BCSIS-HP
data/raw/bvsd/page_renders/worksession_2025-10-21_p17.png,368,704,0.993,3.4
data/raw/bvsd/page_renders/worksession_2025-10-21_p17.png,368,948,0.988,3.4
data/raw/bvsd/page_renders/worksession_2025-10-21_p17.png,368,1211,0.997,3.4
data/raw/bvsd/page_renders/worksession_2025-10-21_p17.png,368,1752,0.987,3.4
data/raw/bvsd/page_renders/worksession_2025-10-21_p17.png,369,286,0.998,590
data/raw/bvsd/page_renders/worksession_2025-10-21_p17.png,369,516,0.997,511
data/raw/bvsd/page_renders/worksession_2025-10-21_p17.png,369,611,0.997,87%
data/raw/bvsd/page_renders/worksession_2025-10-21_p17.png,369,856,0.996,86%
data/raw/bvsd/page_renders/worksession_2025-10-21_p17.png,369,1016,0.998,516
data/raw/bvsd/page_renders/worksession_2025-10-21_p17.png,369,1101,0.997,87%
data/raw/bvsd/page_renders/worksession_2025-10-21_p17.png,369,1300,0.999,508
data/raw/bvsd/page_renders/worksession_2025-10-21_p17.png,369,1395,0.99,%98
data/raw/bvsd/page_renders/worksession_2025-10-21_p17.png,369,1488,0.996,3.4
data/raw/bvsd/page_renders/worksession_2025-10-21_p17.png,369,1557,0.998,509
data/raw/bvsd/page_renders/worksession_2025-10-21_p17.png,369,1658,0.997,86%
data/raw/bvsd/page_renders/worksession_2025-10-21_p17.png,369,1830,0.998,512
data/raw/bvsd/page_renders/worksession_2025-10-21_p17.png,369,1937,0.996,87%
data/raw/bvsd/page_renders/worksession_2025-10-21_p17.png,369,2042,0.986,3.4
data/raw/bvsd/page_renders/worksession_2025-10-21_p17.png,370,442,0.994,4.0
data/raw/bvsd/page_renders/worksession_2025-10-21_p17.png,370,799,0.999,509
data/raw/bvsd/page_renders/worksession_2025-10-21_p17.png,394,439,0.994,3.5
data/raw/bvsd/page_renders/worksession_2025-10-21_p17.png,395,704,0.994,2.1
data/raw/bvsd/page_renders/worksession_2025-10-21_p17.png,395,947,0.945,2.1
data/raw/bvsd/page_renders/worksession_2025-10-21_p17.png,396,798,0.998,308
data/raw/bvsd/page_renders/worksession_2025-10-21_p17.png,396,1212,0.999,2.0
data/raw/bvsd/page_renders/worksession_2025-10-21_p17.png,396,1488,0.998,1.9
data/raw/bvsd/page_renders/worksession_2025-10-21_p17.png,396,1752,0.998,1.8
data/raw/bvsd/page_renders/worksession_2025-10-21_p17.png,396,1830,0.999,272
data/raw/bvsd/page_renders/worksession_2025-10-21_p17.png,396,2042,0.998,1.8
data/raw/bvsd/page_renders/worksession_2025-10-21_p17.png,397,60,0.991,BearCreek
data/raw/bvsd/page_renders/worksession_2025-10-21_p17.png,397,286,0.998,492
data/raw/bvsd/page_renders/worksession_2025-10-21_p17.png,397,516,0.998,318
data/raw/bvsd/page_renders/worksession_2025-10-21_p17.png,397,611,0.998,65%
data/raw/bvsd/page_renders/worksession_2025-10-21_p17.png,397,856,0.998,63%
data/raw/bvsd/page_renders/worksession_2025-10-21_p17.png,397,1018,0.999,302
data/raw/bvsd/page_renders/worksession_2025-10-21_p17.png,397,1102,0.995,61%
data/raw/bvsd/page_renders/worksession_2025-10-21_p17.png,397,1300,0.999,290
data/raw/bvsd/page_renders/worksession_2025-10-21_p17.png,397,1396,0.998,59%
data/raw/bvsd/page_renders/worksession_2025-10-21_p17.png,397,1659,0.997,56%
data/raw/bvsd/page_renders/worksession_2025-10-21_p17.png,397,1938,0.997,55%
data/raw/bvsd/page_renders/worksession_2025-10-21_p17.png,398,1558,0.999,274
data/raw/bvsd/page_renders/worksession_2025-10-21_p17.png,424,59,0.994,Columbine
data/raw/bvsd/page_renders/worksession_2025-10-21_p17.png,424,704,0.996,2.3
data/raw/bvsd/page_renders/worksession_2025-10-21_p17.png,424,947,0.996,2.3
data/raw/bvsd/page_renders/worksession_2025-10-21_p17.png,424,1211,0.996,2.3
data/raw/bvsd/page_renders/worksession_2025-10-21_p17.png,424,1487,0.998,2.2
data/raw/bvsd/page_renders/worksession_2025-10-21_p17.png,424,1752,0.991,2.1
data/raw/bvsd/page_renders/worksession_2025-10-21_p17.png,424,1830,0.999,294
data/raw/bvsd/page_renders/worksession_2025-10-21_p17.png,424,2042,0.999,2.0
data/raw/bvsd/page_renders/worksession_2025-10-21_p17.png,425,286,0.998,590
data/raw/bvsd/page_renders/worksession_2025-10-21_p17.png,425,799,0.998,347
data/raw/bvsd/page_renders/worksession_2025-10-21_p17.png,425,856,0.998,59%
data/raw/bvsd/page_renders/worksession_2025-10-21_p17.png,425,1102,0.995,58%
data/raw/bvsd/page_renders/worksession_2025-10-21_p17.png,425,1396,0.997,56%
data/raw/bvsd/page_renders/worksession_2025-10-21_p17.png,425,1557,0.998,310
data/raw/bvsd/page_renders/worksession_2025-10-21_p17.png,425,1659,0.994,53%
data/raw/bvsd/page_renders/worksession_2025-10-21_p17.png,425,1939,0.998,50%
data/raw/bvsd/page_renders/worksession_2025-10-21_p17.png,426,443,0.994,4.0
data/raw/bvsd/page_renders/worksession_2025-10-21_p17.png,426,518,0.999,343
data/raw/bvsd/page_renders/worksession_2025-10-21_p17.png,426,613,0.998,58%
data/raw/bvsd/page_renders/worksession_2025-10-21_p17.png,426,1018,0.999,345
data/raw/bvsd/page_renders/worksession_2025-10-21_p17.png,426,1301,0.999,333
data/raw/bvsd/page_renders/worksession_2025-10-21_p17.png,450,2040,0.996,1.6
data/raw/bvsd/page_renders/worksession_2025-10-21_p17.png,452,611,0.998,59%
data/raw/bvsd/page_renders/worksession_2025-10-21_p17.png,452,705,0.998,1.5
data/raw/bvsd/page_renders/worksession_2025-10-21_p17.png,452,948,0.998,1.5
data/raw/bvsd/page_renders/worksession_2025-10-21_p17.png,452,1101,0.998,59%
data/raw/bvsd/page_renders/worksession_2025-10-21_p17.png,452,1212,0.998,1.6
data/raw/bvsd/page_renders/worksession_2025-10-21_p17.png,452,1488,0.998,1.6
data/raw/bvsd/page_renders/worksession_2025-10-21_p17.png,452,1752,0.997,1.6
data/raw/bvsd/page_renders/worksession_2025-10-21_p17.png,452,1830,0.999,240
data/raw/bvsd/page_renders/worksession_2025-10-21_p17.png,453,442,0.997,2.5
data/raw/bvsd/page_renders/worksession_2025-10-21_p17.png,453,798,0.999,232
data/raw/bvsd/page_renders/worksession_2025-10-21_p17.png,453,856,0.998,59%
data/raw/bvsd/page_renders/worksession_2025-10-21_p17.png,453,1396,0.998,%09
data/raw/bvsd/page_renders/worksession_2025-10-21_p17.png,455,286,0.998,392
data/raw/bvsd/page_renders/worksession_2025-10-21_p17.png,455,518,0.999,232
data/raw/bvsd/page_renders/worksession_2025-10-21_p17.png,455,1018,0.999,233
data/raw/bvsd/page_renders/worksession_2025-10-21_p17.png,455,1301,0.999,237
data/raw/bvsd/page_renders/worksession_2025-10-21_p17.png,455,1659,0.996,61%
data/raw/bvsd/page_renders/worksession_2025-10-21_p17.png,455,1938,0.997,61%
data/raw/bvsd/page_renders/worksession_2025-10-21_p17.png,456,60,0.993,Montessori
data/raw/bvsd/page_renders/worksession_2025-10-21_p17.png,456,1558,0.999,238
data/raw/bvsd/page_renders/worksession_2025-10-21_p17.png,481,441,0.996,2.5
data/raw/bvsd/page_renders/worksession_2025-10-21_p17.png,481,2042,0.997,1.5
data/raw/bvsd/page_renders/worksession_2025-10-21_p17.png,482,947,0.979,2.1
data/raw/bvsd/page_renders/worksession_2025-10-21_p17.png,482,1212,0.999,2.0
data/raw/bvsd/page_renders/worksession_2025-10-21_p17.png,482,1752,0.998,1.6
data/raw/bvsd/page_renders/worksession_2025-10-21_p17.png,483,705,0.996,2.2
data/raw/bvsd/page_renders/worksession_2025-10-21_p17.png,483,856,0.997,84%
data/raw/bvsd/page_renders/worksession_2025-10-21_p17.png,483,1102,0.997,80%
data/raw/bvsd/page_renders/worksession_2025-10-21_p17.png,483,1300,0.998,268
data/raw/bvsd/page_renders/worksession_2025-10-21_p17.png,483,1396,0.996,73%
data/raw/bvsd/page_renders/worksession_2025-10-21_p17.png,483,1489,0.998,1.8
data/raw/bvsd/page_renders/worksession_2025-10-21_p17.png,483,1659,0.998,66%
data/raw/bvsd/page_renders/worksession_2025-10-21_p17.png,483,1831,0.999,229
data/raw/bvsd/page_renders/worksession_2025-10-21_p17.png,483,1938,0.998,62%
data/raw/bvsd/page_renders/worksession_2025-10-21_p17.png,484,61,0.993,Creekside
data/raw/bvsd/page_renders/worksession_2025-10-21_p17.png,484,289,0.999,369
data/raw/bvsd/page_renders/worksession_2025-10-21_p17.png,484,518,0.998,327
data/raw/bvsd/page_renders/worksession_2025-10-21_p17.png,484,613,0.999,89%
data/raw/bvsd/page_renders/worksession_2025-10-21_p17.png,484,799,0.999,310
data/raw/bvsd/page_renders/worksession_2025-10-21_p17.png,484,1018,0.999,296
data/raw/bvsd/page_renders/worksession_2025-10-21_p17.png,484,1558,0.999,244
data/raw/bvsd/page_renders/worksession_2025-10-21_p17.png,509,60,0.992,CrestView
data/raw/bvsd/page_renders/worksession_2025-10-21_p17.png,509,704,0.998,2.6
data/raw/bvsd/page_renders/worksession_2025-10-21_p17.png,510,441,0.994,4.0
data/raw/bvsd/page_renders/worksession_2025-10-21_p17.png,510,948,0.956,2.4
data/raw/bvsd/page_renders/worksession_2025-10-21_p17.png,510,1211,0.996,2.4
data/raw/bvsd/page_renders/worksession_2025-10-21_p17.png,510,1487,0.854,2.3
data/raw/bvsd/page_renders/worksession_2025-10-21_p17.png,510,1752,0.946,2.2
data/raw/bvsd/page_renders/worksession_2025-10-21_p17.png,511,856,0.998,59%
data/raw/bvsd/page_renders/worksession_2025-10-21_p17.png,511,1102,0.999,59%
data/raw/bvsd/page_renders/worksession_2025-10-21_p17.png,511,1396,0.998,56%
data/raw/bvsd/page_renders/worksession_2025-10-21_p17.png,511,1659,0.998,54%
data/raw/bvsd/page_renders/worksession_2025-10-21_p17.png,511,1831,0.998,335
data/raw/bvsd/page_renders/worksession_2025-10-21_p17.png,511,1938,0.998,54%
data/raw/bvsd/page_renders/worksession_2025-10-21_p17.png,512,289,0.998,615
data/raw/bvsd/page_renders/worksession_2025-10-21_p17.png,512,518,0.999,390
data/raw/bvsd/page_renders/worksession_2025-10-21_p17.png,512,613,0.999,63%
data/raw/bvsd/page_renders/worksession_2025-10-21_p17.png,512,799,0.999,362
data/raw/bvsd/page_renders/worksession_2025-10-21_p17.png,512,1019,0.998,361
data/raw/bvsd/page_renders/worksession_2025-10-21_p17.png,512,1302,0.999,343
data/raw/bvsd/page_renders/worksession_2025-10-21_p17.png,512,1559,0.998,332
data/raw/bvsd/page_renders/worksession_2025-10-21_p17.png,512,2042,0.993,2.2
data/raw/bvsd/page_renders/worksession_2025-10-21_p17.png,536,946,0.996,1.8
data/raw/bvsd/page_renders/worksession_2025-10-21_p17.png,537,59,0.994,Douglass
data/raw/bvsd/page_renders/worksession_2025-10-21_p17.png,538,705,0.998,1.9
data/raw/bvsd/page_renders/worksession_2025-10-21_p17.png,538,1752,0.998,1.8
data/raw/bvsd/page_renders/worksession_2025-10-21_p17.png,539,286,0.998,418
data/raw/bvsd/page_renders/worksession_2025-10-21_p17.png,539,798,0.999,272
data/raw/bvsd/page_renders/worksession_2025-10-21_p17.png,539,856,0.998,65%
data/raw/bvsd/page_renders/worksession_2025-10-21_p17.png,539,1102,0.998,65%
data/raw/bvsd/page_renders/worksession_2025-10-21_p17.png,539,1300,0.999,270
data/raw/bvsd/page_renders/worksession_2025-10-21_p17.png,539,1396,0.998,65%
data/raw/bvsd/page_renders/worksession_2025-10-21_p17.png,539,1659,0.995,63%
data/raw/bvsd/page_renders/worksession_2025-10-21_p17.png,539,1938,0.998,62%
data/raw/bvsd/page_renders/worksession_2025-10-21_p17.png,539,2044,0.998,1.7
data/raw/bvsd/page_renders/worksession_2025-10-21_p17.png,540,443,0.996,3.0
data/raw/bvsd/page_renders/worksession_2025-10-21_p17.png,540,518,0.998,282
data/raw/bvsd/page_renders/worksession_2025-10-21_p17.png,540,613,0.999,67%
data/raw/bvsd/page_renders/worksession_2025-10-21_p17.png,540,1017,0.999,273
data/raw/bvsd/page_renders/worksession_2025-10-21_p17.png,540,1213,0.998,1.8
data/raw/bvsd/page_renders/worksession_2025-10-21_p17.png,540,1489,0.998,1.8
data/raw/bvsd/page_renders/worksession_2025-10-21_p17.png,540,1558,0.999,263
data/raw/bvsd/page_renders/worksession_2025-10-21_p17.png,540,1831,0.999,260
data/raw/bvsd/page_renders/worksession_2025-10-21_p17.png,565,1752,0.998,1.7
data/raw/bvsd/page_renders/worksession_2025-10-21_p17.png,567,286,0.999,492
data/raw/bvsd/page_renders/worksession_2025-10-21_p17.png,567,612,0.998,56%
data/raw/bvsd/page_renders/worksession_2025-10-21_p17.png,567,856,0.998,54%
data/raw/bvsd/page_renders/worksession_2025-10-21_p17.png,567,1102,0.997,52%
data/raw/bvsd/page_renders/worksession_2025-10-21_p17.png,567,1213,0.998,1.7
data/raw/bvsd/page_renders/worksession_2025-10-21_p17.png,567,1300,0.999,258
data/raw/bvsd/page_renders/worksession_2025-10-21_p17.png,567,1396,0.997,52%
data/raw/bvsd/page_renders/worksession_2025-10-21_p17.png,567,1659,0.997,52%
data/raw/bvsd/page_renders/worksession_2025-10-21_p17.png,567,1938,0.997,52%
data/raw/bvsd/page_renders/worksession_2025-10-21_p17.png,567,2044,0.994,1.7
data/raw/bvsd/page_renders/worksession_2025-10-21_p17.png,568,442,0.996,3.5
data/raw/bvsd/page_renders/worksession_2025-10-21_p17.png,568,518,0.999,276
data/raw/bvsd/page_renders/worksession_2025-10-21_p17.png,568,707,0.997,1.8
data/raw/bvsd/page_renders/worksession_2025-10-21_p17.png,568,799,0.999,267
data/raw/bvsd/page_renders/worksession_2025-10-21_p17.png,568,949,0.998,1.8
data/raw/bvsd/page_renders/worksession_2025-10-21_p17.png,568,1018,0.998,255
data/raw/bvsd/page_renders/worksession_2025-10-21_p17.png,568,1489,0.914,1.7
data/raw/bvsd/page_renders/worksession_2025-10-21_p17.png,568,1558,0.999,257
data/raw/bvsd/page_renders/worksession_2025-10-21_p17.png,568,1831,0.999,258
data/raw/bvsd/page_renders/worksession_2025-10-21_p17.png,570,61,0.995,Eisenhower
data/raw/bvsd/page_renders/worksession_2025-10-21_p17.png,594,1488,0.998,1.2
data/raw/bvsd/page_renders/worksession_2025-10-21_p17.png,596,286,0.998,320
data/raw/bvsd/page_renders/worksession_2025-10-21_p17.png,596,442,0.997,2.0
data/raw/bvsd/page_renders/worksession_2025-10-21_p17.png,596,612,0.997,51%
data/raw/bvsd/page_renders/worksession_2025-10-21_p17.png,596,798,0.998,165
data/raw/bvsd/page_renders/worksession_2025-10-21_p17.png,596,948,0.995,1.1
data/raw/bvsd/page_renders/worksession_2025-10-21_p17.png,596,1211,0.985,1.1
data/raw/bvsd/page_renders/worksession_2025-10-21_p17.png,596,1396,0.997,55%
data/raw/bvsd/page_renders/worksession_2025-10-21_p17.png,596,1831,0.998,169
data/raw/bvsd/page_renders/worksession_2025-10-21_p17.png,597,59,0.966,Flatirons
data/raw/bvsd/page_renders/worksession_2025-10-21_p17.png,597,519,0.999,163
data/raw/bvsd/page_renders/worksession_2025-10-21_p17.png,597,707,0.996,1.1
data/raw/bvsd/page_renders/worksession_2025-10-21_p17.png,597,856,0.999,52%
data/raw/bvsd/page_renders/worksession_2025-10-21_p17.png,597,1019,0.999,164
data/raw/bvsd/page_renders/worksession_2025-10-21_p17.png,597,1102,0.996,51%
data/raw/bvsd/page_renders/worksession_2025-10-21_p17.png,597,1302,0.998,175
data/raw/bvsd/page_renders/worksession_2025-10-21_p17.png,597,1559,0.998,169
data/raw/bvsd/page_renders/worksession_2025-10-21_p17.png,597,1659,0.997,53%
data/raw/bvsd/page_renders/worksession_2025-10-21_p17.png,597,1753,0.978,1.1
data/raw/bvsd/page_renders/worksession_2025-10-21_p17.png,597,1938,0.995,53%
data/raw/bvsd/page_renders/worksession_2025-10-21_p17.png,597,2044,0.995,1.1
data/raw/bvsd/page_renders/worksession_2025-10-21_p17.png,623,611,0.997,74%
data/raw/bvsd/page_renders/worksession_2025-10-21_p17.png,623,1751,0.995,2.5
data/raw/bvsd/page_renders/worksession_2025-10-21_p17.png,624,704,0.997,2.8
data/raw/bvsd/page_renders/worksession_2025-10-21_p17.png,624,947,0.995,2.8
data/raw/bvsd/page_renders/worksession_2025-10-21_p17.png,624,1210,0.994,2.8
data/raw/bvsd/page_renders/worksession_2025-10-21_p17.png,624,1300,0.999,402
data/raw/bvsd/page_renders/worksession_2025-10-21_p17.png,624,1487,0.989,2.7
data/raw/bvsd/page_renders/worksession_2025-10-21_p17.png,624,1557,0.998,376
data/raw/bvsd/page_renders/worksession_2025-10-21_p17.png,624,1830,0.997,353
data/raw/bvsd/page_renders/worksession_2025-10-21_p17.png,624,2041,0.99,2.4
data/raw/bvsd/page_renders/worksession_2025-10-21_p17.png,625,442,0.994,4.0
data/raw/bvsd/page_renders/worksession_2025-10-21_p17.png,625,798,0.999,422
data/raw/bvsd/page_renders/worksession_2025-10-21_p17.png,625,857,0.998,75%
data/raw/bvsd/page_renders/worksession_2025-10-21_p17.png,625,1102,0.998,74%
data/raw/bvsd/page_renders/worksession_2025-10-21_p17.png,625,1396,0.997,71%
data/raw/bvsd/page_renders/worksession_2025-10-21_p17.png,625,1659,0.998,67%
data/raw/bvsd/page_renders/worksession_2025-10-21_p17.png,625,1938,0.998,62%
data/raw/bvsd/page_renders/worksession_2025-10-21_p17.png,626,60,0.997,Foothill
data/raw/bvsd/page_renders/worksession_2025-10-21_p17.png,626,289,0.999,565
data/raw/bvsd/page_renders/worksession_2025-10-21_p17.png,626,517,0.998,418
data/raw/bvsd/page_renders/worksession_2025-10-21_p17.png,626,1017,0.998,418
data/raw/bvsd/page_renders/worksession_2025-10-21_p17.png,650,1298,0.999,213
data/raw/bvsd/page_renders/worksession_2025-10-21_p17.png,651,610,0.998,47%
data/raw/bvsd/page_renders/worksession_2025-10-21_p17.png,651,1488,0.997,1.4
data/raw/bvsd/page_renders/worksession_2025-10-21_p17.png,652,441,0.996,3.5
data/raw/bvsd/page_renders/worksession_2025-10-21_p17.png,652,705,0.997,1.6
data/raw/bvsd/page_renders/worksession_2025-10-21_p17.png,652,798,0.999,228
data/raw/bvsd/page_renders/worksession_2025-10-21_p17.png,652,948,0.997,1.5
data/raw/bvsd/page_renders/worksession_2025-10-21_p17.png,652,1016,0.999,224
data/raw/bvsd/page_renders/worksession_2025-10-21_p17.png,652,1211,0.997,1.5
data/raw/bvsd/page_renders/worksession_2025-10-21_p17.png,652,1752,0.994,1.4
data/raw/bvsd/page_renders/worksession_2025-10-21_p17.png,652,1830,0.998,211
data/raw/bvsd/page_renders/worksession_2025-10-21_p17.png,652,2041,0.995,1.4
data/raw/bvsd/page_renders/worksession_2025-10-21_p17.png,653,856,0.998,46%
data/raw/bvsd/page_renders/worksession_2025-10-21_p17.png,653,1102,0.996,46%
data/raw/bvsd/page_renders/worksession_2025-10-21_p17.png,653,1659,0.996,44%
data/raw/bvsd/page_renders/worksession_2025-10-21_p17.png,653,1938,0.993,43%
data/raw/bvsd/page_renders/worksession_2025-10-21_p17.png,654,61,0.943,Heatherwood^
data/raw/bvsd/page_renders/worksession_2025-10-21_p17.png,654,287,0.999,492
data/raw/bvsd/page_renders/worksession_2025-10-21_p17.png,654,518,0.999,233
data/raw/bvsd/page_renders/worksession_2025-10-21_p17.png,654,1397,0.998,43%
data/raw/bvsd/page_renders/worksession_2025-10-21_p17.png,654,1558,0.998,215
data/raw/bvsd/page_renders/worksession_2025-10-21_p17.png,678,795,0.999,230
data/raw/bvsd/page_renders/worksession_2025-10-21_p17.png,678,947,0.998,1.5
data/raw/bvsd/page_renders/worksession_2025-10-21_p17.png,679,855,0.998,55%
data/raw/bvsd/page_renders/worksession_2025-10-21_p17.png,680,705,0.998,1.5
data/raw/bvsd/page_renders/worksession_2025-10-21_p17.png,680,1211,0.998,1.5
data/raw/bvsd/page_renders/worksession_2025-10-21_p17.png,680,1488,0.998,1.5
data/raw/bvsd/page_renders/worksession_2025-10-21_p17.png,680,1752,0.996,1.4
data/raw/bvsd/page_renders/worksession_2025-10-21_p17.png,680,1830,1.0,224
data/raw/bvsd/page_renders/worksession_2025-10-21_p17.png,680,2041,0.998,1.5
data/raw/bvsd/page_renders/worksession_2025-10-21_p17.png,681,286,0.998,418
data/raw/bvsd/page_renders/worksession_2025-10-21_p17.png,681,612,0.999,55%
data/raw/bvsd/page_renders/worksession_2025-10-21_p17.png,681,1102,0.995,53%
data/raw/bvsd/page_renders/worksession_2025-10-21_p17.png,681,1300,0.998,218
data/raw/bvsd/page_renders/worksession_2025-10-21_p17.png,681,1396,0.998,52%
data/raw/bvsd/page_renders/worksession_2025-10-21_p17.png,681,1557,0.998,216
data/raw/bvsd/page_renders/worksession_2025-10-21_p17.png,681,1659,0.996,52%
data/raw/bvsd/page_renders/worksession_2025-10-21_p17.png,681,1938,0.995,54%
data/raw/bvsd/page_renders/worksession_2025-10-21_p17.png,682,60,0.996,Mesa
data/raw/bvsd/page_renders/worksession_2025-10-21_p17.png,682,443,0.991,3.0
data/raw/bvsd/page_renders/worksession_2025-10-21_p17.png,682,518,0.999,230
data/raw/bvsd/page_renders/worksession_2025-10-21_p17.png,682,1018,0.999,220
data/raw/bvsd/page_renders/worksession_2025-10-21_p17.png,708,442,0.995,4.0
data/raw/bvsd/page_renders/worksession_2025-10-21_p17.png,708,704,0.996,2.5
data/raw/bvsd/page_renders/worksession_2025-10-21_p17.png,708,947,0.995,2.5
data/raw/bvsd/page_renders/worksession_2025-10-21_p17.png,708,1211,0.993,2.4
data/raw/bvsd/page_renders/worksession_2025-10-21_p17.png,708,1487,0.995,2.3
data/raw/bvsd/page_renders/worksession_2025-10-21_p17.png,708,1751,0.987,2.2
data/raw/bvsd/page_renders/worksession_2025-10-21_p17.png,708,1829,0.997,337
data/raw/bvsd/page_renders/worksession_2025-10-21_p17.png,709,60,0.973,University Hill
data/raw/bvsd/page_renders/worksession_2025-10-21_p17.png,709,286,0.998,590
data/raw/bvsd/page_renders/worksession_2025-10-21_p17.png,709,612,0.87,64%
data/raw/bvsd/page_renders/worksession_2025-10-21_p17.png,709,1102,0.994,61%
data/raw/bvsd/page_renders/worksession_2025-10-21_p17.png,709,1300,0.998,352
data/raw/bvsd/page_renders/worksession_2025-10-21_p17.png,709,1396,0.997,%09
data/raw/bvsd/page_renders/worksession_2025-10-21_p17.png,709,1557,0.998,333
data/raw/bvsd/page_renders/worksession_2025-10-21_p17.png,709,2041,0.994,2.2
data/raw/bvsd/page_renders/worksession_2025-10-21_p17.png,711,518,0.997,380
data/raw/bvsd/page_renders/worksession_2025-10-21_p17.png,711,799,0.998,373
data/raw/bvsd/page_renders/worksession_2025-10-21_p17.png,711,856,0.997,63%
data/raw/bvsd/page_renders/worksession_2025-10-21_p17.png,711,1018,0.999,360
data/raw/bvsd/page_renders/worksession_2025-10-21_p17.png,711,1659,0.998,56%
data/raw/bvsd/page_renders/worksession_2025-10-21_p17.png,711,1938,0.998,57%
data/raw/bvsd/page_renders/worksession_2025-10-21_p17.png,737,948,0.998,1.7
data/raw/bvsd/page_renders/worksession_2025-10-21_p17.png,737,1101,0.998,54%
data/raw/bvsd/page_renders/worksession_2025-10-21_p17.png,737,1751,0.997,1.5
data/raw/bvsd/page_renders/worksession_2025-10-21_p17.png,737,2041,0.998,1.5
data/raw/bvsd/page_renders/worksession_2025-10-21_p17.png,738,286,0.998,442
data/raw/bvsd/page_renders/worksession_2025-10-21_p17.png,738,612,0.999,60%
data/raw/bvsd/page_renders/worksession_2025-10-21_p17.png,738,705,0.997,1.8
data/raw/bvsd/page_renders/worksession_2025-10-21_p17.png,738,1016,0.999,240
data/raw/bvsd/page_renders/worksession_2025-10-21_p17.png,738,1211,0.995,1.6
data/raw/bvsd/page_renders/worksession_2025-10-21_p17.png,738,1299,0.997,241
data/raw/bvsd/page_renders/worksession_2025-10-21_p17.png,738,1488,0.997,1.6
data/raw/bvsd/page_renders/worksession_2025-10-21_p17.png,738,1556,0.999,229
data/raw/bvsd/page_renders/worksession_2025-10-21_p17.png,738,1830,0.999,223
data/raw/bvsd/page_renders/worksession_2025-10-21_p17.png,738,1939,0.999,50%
data/raw/bvsd/page_renders/worksession_2025-10-21_p17.png,739,442,0.997,3.0
data/raw/bvsd/page_renders/worksession_2025-10-21_p17.png,739,516,0.999,267
data/raw/bvsd/page_renders/worksession_2025-10-21_p17.png,739,799,0.999,252
data/raw/bvsd/page_renders/worksession_2025-10-21_p17.png,739,856,0.999,57%
data/raw/bvsd/page_renders/worksession_2025-10-21_p17.png,739,1396,0.999,55%
data/raw/bvsd/page_renders/worksession_2025-10-21_p17.png,739,1659,0.998,52%
data/raw/bvsd/page_renders/worksession_2025-10-21_p17.png,740,60,0.97,Whittier
data/raw/bvsd/page_renders/worksession_2025-10-21_p17.png,766,138,0.996,Summary
data/raw/bvsd/page_renders/worksession_2025-10-21_p17.png,767,432,0.997,46.5
data/raw/bvsd/page_renders/worksession_2025-10-21_p17.png,767,512,0.999,4370
data/raw/bvsd/page_renders/worksession_2025-10-21_p17.png,767,766,0.998,4277
data/raw/bvsd/page_renders/worksession_2025-10-21_p17.png,767,938,0.998,28.5
data/raw/bvsd/page_renders/worksession_2025-10-21_p17.png,767,1010,0.999,4207
data/raw/bvsd/page_renders/worksession_2025-10-21_p17.png,767,1271,0.999,4108
data/raw/bvsd/page_renders/worksession_2025-10-21_p17.png,767,1477,0.996,27.4
data/raw/bvsd/page_renders/worksession_2025-10-21_p17.png,767,1552,0.999,3965
data/raw/bvsd/page_renders/worksession_2025-10-21_p17.png,767,1741,0.996,26.3
data/raw/bvsd/page_renders/worksession_2025-10-21_p17.png,767,1824,0.999,3917
data/raw/bvsd/page_renders/worksession_2025-10-21_p17.png,767,1941,0.997,58%
data/raw/bvsd/page_renders/worksession_2025-10-21_p17.png,767,2033,0.999,26.0
data/raw/bvsd/page_renders/worksession_2025-10-21_p17.png,768,278,0.984,"6,785"
data/raw/bvsd/page_renders/worksession_2025-10-21_p17.png,768,614,0.959,64%
data/raw/bvsd/page_renders/worksession_2025-10-21_p17.png,768,696,0.999,29.1
data/raw/bvsd/page_renders/worksession_2025-10-21_p17.png,768,860,0.998,63%
data/raw/bvsd/page_renders/worksession_2025-10-21_p17.png,768,1105,0.996,62%
data/raw/bvsd/page_renders/worksession_2025-10-21_p17.png,768,1202,0.998,28.1
data/raw/bvsd/page_renders/worksession_2025-10-21_p17.png,768,1399,0.998,61%
data/raw/bvsd/page_renders/worksession_2025-10-21_p17.png,768,1664,0.998,58%
data/raw/bvsd/page_renders/worksession_2025-10-21_p17.png,793,148,0.995,Average
data/raw/bvsd/page_renders/worksession_2025-10-21_p17.png,794,1752,0.996,1.9
data/raw/bvsd/page_renders/worksession_2025-10-21_p17.png,795,704,0.998,2.1
data/raw/bvsd/page_renders/worksession_2025-10-21_p17.png,795,1210,0.997,2.0
data/raw/bvsd/page_renders/worksession_2025-10-21_p17.png,795,1486,0.996,2.0
data/raw/bvsd/page_renders/worksession_2025-10-21_p17.png,795,2042,0.997,1.9
data/raw/bvsd/page_renders/worksession_2025-10-21_p17.png,796,442,0.995,3.3
data/raw/bvsd/page_renders/worksession_2025-10-21_p17.png,796,948,0.998,2.0
data/raw/bvsd/page_renders/worksession_2025-10-21_p17.png,821,73,0.967,No.in Advisory
data/raw/bvsd/page_renders/worksession_2025-10-21_p17.png,824,725,0.998,5
data/raw/bvsd/page_renders/worksession_2025-10-21_p17.png,824,1231,0.999,5
data/raw/bvsd/page_renders/worksession_2025-10-21_p17.png,826,969,0.999,5
data/raw/bvsd/page_renders/worksession_2025-10-21_p17.png,826,1508,0.999,6
data/raw/bvsd/page_renders/worksession_2025-10-21_p17.png,826,1772,0.999,5
data/raw/bvsd/page_renders/worksession_2025-10-21_p17.png,826,2062,0.996,6
data/raw/bvsd/page_renders/worksession_2025-10-21_p17.png,852,37,0.994,No.inEngagement
data/raw/bvsd/page_renders/worksession_2025-10-21_p17.png,857,729,0.954,1
data/raw/bvsd/page_renders/worksession_2025-10-21_p17.png,937,45,0.991,"* Does not include capacity for schools not subject to LRAC criteria (Horizons, Gold Hill, and Jamestown)"
data/raw/bvsd/page_renders/worksession_2025-10-21_p17.png,1140,77,0.995,BVSD
data/raw/bvsd/page_renders/worksession_2025-10-21_p17.png,1146,2085,1.0,17
data/raw/bvsd/page_renders/worksession_2025-10-21_p18.png,63,49,0.973,Regional Enrollment Profile
data/raw/bvsd/page_renders/worksession_2025-10-21_p18.png,228,1504,0.994,South Boulder
data/raw/bvsd/page_renders/worksession_2025-10-21_p18.png,233,431,0.985,North Boulder
data/raw/bvsd/page_renders/worksession_2025-10-21_p18.png,314,696,0.974,BVsDEnrollmentComposition
data/raw/bvsd/page_renders/worksession_2025-10-21_p18.png,315,169,0.965,BVSDStudentsResiding inBVSD
data/raw/bvsd/page_renders/worksession_2025-10-21_p18.png,318,1247,0.989,BVSDStudentsResidinginBVSD
data/raw/bvsd/page_renders/worksession_2025-10-21_p18.png,318,1731,0.975,BVSDEnrollmentComposition
data/raw/bvsd/page_renders/worksession_2025-10-21_p18.png,336,152,0.963,Year.2024SY|Level:Elementary|Region:NorthBoulder
data/raw/bvsd/page_renders/worksession_2025-10-21_p18.png,336,663,0.954,Year.2024SY|Level:Elementary|Region:North Boulder
data/raw/bvsd/page_renders/worksession_2025-10-21_p18.png,341,1231,0.978,Year.2024SY|Level:Elementary|Region:SouthBoulder
data/raw/bvsd/page_renders/worksession_2025-10-21_p18.png,341,1702,0.969,Year.2024SY|Level:Elementary|Region:SouthBoulder
data/raw/bvsd/page_renders/worksession_2025-10-21_p18.png,359,710,0.963,Unmatched Addresses
data/raw/bvsd/page_renders/worksession_2025-10-21_p18.png,361,1743,0.936,Unmatched Addresses
data/raw/bvsd/page_renders/worksession_2025-10-21_p18.png,368,1222,0.94,Out to Focus School
data/raw/bvsd/page_renders/worksession_2025-10-21_p18.png,370,136,0.94,Out to Focus School
data/raw/bvsd/page_renders/worksession_2025-10-21_p18.png,378,766,0.998,0%
data/raw/bvsd/page_renders/worksession_2025-10-21_p18.png,381,1795,0.997,0%
data/raw/bvsd/page_renders/worksession_2025-10-21_p18.png,383,1263,0.994,19%
data/raw/bvsd/page_renders/worksession_2025-10-21_p18.png,384,179,0.992,21%
data/raw/bvsd/page_renders/worksession_2025-10-21_p18.png,389,760,0.908,(N=4)
data/raw/bvsd/page_renders/worksession_2025-10-21_p18.png,394,1791,0.886,(N=2)
data/raw/bvsd/page_renders/worksession_2025-10-21_p18.png,396,1254,0.945,(N=320)
data/raw/bvsd/page_renders/worksession_2025-10-21_p18.png,398,171,0.962,(N=508)
data/raw/bvsd/page_renders/worksession_2025-10-21_p18.png,406,601,0.985,OEfromWithinDistrict
data/raw/bvsd/page_renders/worksession_2025-10-21_p18.png,422,652,0.975,33%
data/raw/bvsd/page_renders/worksession_2025-10-21_p18.png,434,642,0.535,(52L=N)
data/raw/bvsd/page_renders/worksession_2025-10-21_p18.png,444,1900,0.97,Attending Own Neighborhood School
data/raw/bvsd/page_renders/worksession_2025-10-21_p18.png,459,1979,0.994,44%
data/raw/bvsd/page_renders/worksession_2025-10-21_p18.png,471,1972,0.971,"(N=1,060)"
data/raw/bvsd/page_renders/worksession_2025-10-21_p18.png,481,308,0.996,2024-25
data/raw/bvsd/page_renders/worksession_2025-10-21_p18.png,481,819,0.996,2024-25
data/raw/bvsd/page_renders/worksession_2025-10-21_p18.png,481,1374,0.994,2024-25
data/raw/bvsd/page_renders/worksession_2025-10-21_p18.png,481,1843,0.994,2024-25
data/raw/bvsd/page_renders/worksession_2025-10-21_p18.png,495,290,0.976,Total Students
data/raw/bvsd/page_renders/worksession_2025-10-21_p18.png,495,799,0.965,Total Students
data/raw/bvsd/page_renders/worksession_2025-10-21_p18.png,495,1357,0.956,Total Students
data/raw/bvsd/page_renders/worksession_2025-10-21_p18.png,495,1824,0.975,Total Students
data/raw/bvsd/page_renders/worksession_2025-10-21_p18.png,508,1348,0.967,Residingin BVSD
data/raw/bvsd/page_renders/worksession_2025-10-21_p18.png,508,1819,0.896,Enrolled in BVSD
data/raw/bvsd/page_renders/worksession_2025-10-21_p18.png,509,280,0.963,Residingin BVSD
data/raw/bvsd/page_renders/worksession_2025-10-21_p18.png,509,793,0.935,Enrolled in BVSD
data/raw/bvsd/page_renders/worksession_2025-10-21_p18.png,510,1183,0.975,Out toDifferent
data/raw/bvsd/page_renders/worksession_2025-10-21_p18.png,514,1636,0.97,OEfrom WithinDistrict
data/raw/bvsd/page_renders/worksession_2025-10-21_p18.png,523,315,0.973,"2,447"
data/raw/bvsd/page_renders/worksession_2025-10-21_p18.png,523,1384,0.992,"1,664"
data/raw/bvsd/page_renders/worksession_2025-10-21_p18.png,523,1852,0.985,"2,415"
data/raw/bvsd/page_renders/worksession_2025-10-21_p18.png,524,827,0.984,"2,221"
data/raw/bvsd/page_renders/worksession_2025-10-21_p18.png,524,1165,0.976,Neighborhood School
data/raw/bvsd/page_renders/worksession_2025-10-21_p18.png,529,1682,0.992,51%
data/raw/bvsd/page_renders/worksession_2025-10-21_p18.png,538,1210,0.996,12%
data/raw/bvsd/page_renders/worksession_2025-10-21_p18.png,540,369,0.966,Attending OwnNeighborhood School
data/raw/bvsd/page_renders/worksession_2025-10-21_p18.png,541,1669,0.958,"(N=1,235)"
data/raw/bvsd/page_renders/worksession_2025-10-21_p18.png,543,101,0.966,Out toDifferent
data/raw/bvsd/page_renders/worksession_2025-10-21_p18.png,551,1203,0.907,(66L=N)
data/raw/bvsd/page_renders/worksession_2025-10-21_p18.png,555,462,0.998,58%
data/raw/bvsd/page_renders/worksession_2025-10-21_p18.png,558,1431,0.964,Attending Own Neighborhood School
data/raw/bvsd/page_renders/worksession_2025-10-21_p18.png,559,83,0.977,Neighborhood School
data/raw/bvsd/page_renders/worksession_2025-10-21_p18.png,559,878,0.993,AttendingOwnNeighborhoodSchool
data/raw/bvsd/page_renders/worksession_2025-10-21_p18.png,566,445,0.937,"(N=1,424)"
data/raw/bvsd/page_renders/worksession_2025-10-21_p18.png,568,1179,0.97,Out to Charter School
data/raw/bvsd/page_renders/worksession_2025-10-21_p18.png,573,133,0.997,18%
data/raw/bvsd/page_renders/worksession_2025-10-21_p18.png,573,1515,0.997,64%
data/raw/bvsd/page_renders/worksession_2025-10-21_p18.png,576,604,0.99,OEfromOut-of-District
data/raw/bvsd/page_renders/worksession_2025-10-21_p18.png,577,972,0.998,64%
data/raw/bvsd/page_renders/worksession_2025-10-21_p18.png,585,1227,0.993,5%
data/raw/bvsd/page_renders/worksession_2025-10-21_p18.png,585,1501,0.974,"(N=1,060)"
data/raw/bvsd/page_renders/worksession_2025-10-21_p18.png,587,123,0.989,(N=437)
data/raw/bvsd/page_renders/worksession_2025-10-21_p18.png,588,956,0.929,"(N=1,424)"
data/raw/bvsd/page_renders/worksession_2025-10-21_p18.png,592,661,0.996,3%
data/raw/bvsd/page_renders/worksession_2025-10-21_p18.png,597,1219,0.85,(S8=N)
data/raw/bvsd/page_renders/worksession_2025-10-21_p18.png,605,651,0.963,(N=60)
data/raw/bvsd/page_renders/worksession_2025-10-21_p18.png,608,132,0.957,Out to Charter School
data/raw/bvsd/page_renders/worksession_2025-10-21_p18.png,611,1894,0.969,OEfromOut-of-District
data/raw/bvsd/page_renders/worksession_2025-10-21_p18.png,623,184,0.994,3%
data/raw/bvsd/page_renders/worksession_2025-10-21_p18.png,626,1943,0.994,5%
data/raw/bvsd/page_renders/worksession_2025-10-21_p18.png,635,175,0.975,(N=78)
data/raw/bvsd/page_renders/worksession_2025-10-21_p18.png,638,1932,0.751,(8LL=N)
data/raw/bvsd/page_renders/worksession_2025-10-21_p18.png,664,1701,0.975,Students
data/raw/bvsd/page_renders/worksession_2025-10-21_p18.png,665,1232,0.979,Students
data/raw/bvsd/page_renders/worksession_2025-10-21_p18.png,667,152,0.983,Students
data/raw/bvsd/page_renders/worksession_2025-10-21_p18.png,670,665,0.986,Students
data/raw/bvsd/page_renders/worksession_2025-10-21_p18.png,678,1230,0.968,Residing
data/raw/bvsd/page_renders/worksession_2025-10-21_p18.png,679,1171,0.991,School
data/raw/bvsd/page_renders/worksession_2025-10-21_p18.png,680,1642,0.983,School
data/raw/bvsd/page_renders/worksession_2025-10-21_p18.png,681,1702,0.979,Enrolled
data/raw/bvsd/page_renders/worksession_2025-10-21_p18.png,682,151,0.995,Residing
data/raw/bvsd/page_renders/worksession_2025-10-21_p18.png,683,87,0.989,School
data/raw/bvsd/page_renders/worksession_2025-10-21_p18.png,685,599,0.984,School
data/raw/bvsd/page_renders/worksession_2025-10-21_p18.png,686,664,0.983,Enrolled
data/raw/bvsd/page_renders/worksession_2025-10-21_p18.png,694,1231,0.963,inBVSD
data/raw/bvsd/page_renders/worksession_2025-10-21_p18.png,695,1173,0.993,Year
data/raw/bvsd/page_renders/worksession_2025-10-21_p18.png,695,1702,0.985,inBVSD
data/raw/bvsd/page_renders/worksession_2025-10-21_p18.png,696,1642,0.992,Year
data/raw/bvsd/page_renders/worksession_2025-10-21_p18.png,699,152,0.972,inBVSD
data/raw/bvsd/page_renders/worksession_2025-10-21_p18.png,700,88,0.936,Year
data/raw/bvsd/page_renders/worksession_2025-10-21_p18.png,700,665,0.98,inBVSD
data/raw/bvsd/page_renders/worksession_2025-10-21_p18.png,701,600,0.972,Year
data/raw/bvsd/page_renders/worksession_2025-10-21_p18.png,713,1359,0.998,64%
data/raw/bvsd/page_renders/worksession_2025-10-21_p18.png,714,1801,0.958,45%
data/raw/bvsd/page_renders/worksession_2025-10-21_p18.png,716,1461,0.852,17%
data/raw/bvsd/page_renders/worksession_2025-10-21_p18.png,716,1500,0.867,20%
data/raw/bvsd/page_renders/worksession_2025-10-21_p18.png,716,1936,0.865,57%
data/raw/bvsd/page_renders/worksession_2025-10-21_p18.png,718,282,0.986,61%
data/raw/bvsd/page_renders/worksession_2025-10-21_p18.png,719,799,0.837,67%
data/raw/bvsd/page_renders/worksession_2025-10-21_p18.png,719,937,0.919,30%
data/raw/bvsd/page_renders/worksession_2025-10-21_p18.png,720,391,0.899,15%
data/raw/bvsd/page_renders/worksession_2025-10-21_p18.png,720,443,0.988,20%
data/raw/bvsd/page_renders/worksession_2025-10-21_p18.png,720,1173,0.997,2023SY
data/raw/bvsd/page_renders/worksession_2025-10-21_p18.png,720,1231,0.982,"1,723"
data/raw/bvsd/page_renders/worksession_2025-10-21_p18.png,721,1642,0.997,2023SY
data/raw/bvsd/page_renders/worksession_2025-10-21_p18.png,721,1698,0.945,"2,443"
data/raw/bvsd/page_renders/worksession_2025-10-21_p18.png,726,88,0.997,2023SY
data/raw/bvsd/page_renders/worksession_2025-10-21_p18.png,726,151,0.981,"2,506"
data/raw/bvsd/page_renders/worksession_2025-10-21_p18.png,727,599,0.997,2023SY
data/raw/bvsd/page_renders/worksession_2025-10-21_p18.png,728,665,0.988,"2,282"
data/raw/bvsd/page_renders/worksession_2025-10-21_p18.png,728,1355,0.924,"1,109"
data/raw/bvsd/page_renders/worksession_2025-10-21_p18.png,729,1461,0.999,188
data/raw/bvsd/page_renders/worksession_2025-10-21_p18.png,729,1502,0.997,336
data/raw/bvsd/page_renders/worksession_2025-10-21_p18.png,730,1801,0.984,"1,109"
data/raw/bvsd/page_renders/worksession_2025-10-21_p18.png,730,1936,0.977,"1,241"
data/raw/bvsd/page_renders/worksession_2025-10-21_p18.png,734,281,0.983,"1,528"
data/raw/bvsd/page_renders/worksession_2025-10-21_p18.png,734,394,0.998,384
data/raw/bvsd/page_renders/worksession_2025-10-21_p18.png,734,444,0.996,512
data/raw/bvsd/page_renders/worksession_2025-10-21_p18.png,734,941,0.989,681
data/raw/bvsd/page_renders/worksession_2025-10-21_p18.png,736,798,0.983,"1,528"
data/raw/bvsd/page_renders/worksession_2025-10-21_p18.png,751,1366,0.998,68%
data/raw/bvsd/page_renders/worksession_2025-10-21_p18.png,752,1806,0.997,48%
data/raw/bvsd/page_renders/worksession_2025-10-21_p18.png,753,1510,0.998,18%
data/raw/bvsd/page_renders/worksession_2025-10-21_p18.png,754,1477,0.998,9%
data/raw/bvsd/page_renders/worksession_2025-10-21_p18.png,754,1948,0.998,49%
data/raw/bvsd/page_renders/worksession_2025-10-21_p18.png,757,287,0.999,62%
data/raw/bvsd/page_renders/worksession_2025-10-21_p18.png,758,952,0.999,29%
data/raw/bvsd/page_renders/worksession_2025-10-21_p18.png,758,1173,0.998,2022SY
data/raw/bvsd/page_renders/worksession_2025-10-21_p18.png,759,403,0.971,14%
data/raw/bvsd/page_renders/worksession_2025-10-21_p18.png,759,452,0.999,20%
data/raw/bvsd/page_renders/worksession_2025-10-21_p18.png,759,806,0.998,68%
data/raw/bvsd/page_renders/worksession_2025-10-21_p18.png,760,1232,0.99,"1,776"
data/raw/bvsd/page_renders/worksession_2025-10-21_p18.png,762,1643,0.997,2022SY
data/raw/bvsd/page_renders/worksession_2025-10-21_p18.png,762,1702,0.981,"2,531"
data/raw/bvsd/page_renders/worksession_2025-10-21_p18.png,765,88,0.997,2022SY
data/raw/bvsd/page_renders/worksession_2025-10-21_p18.png,765,151,0.98,"2,612"
data/raw/bvsd/page_renders/worksession_2025-10-21_p18.png,766,599,0.996,2022SY
data/raw/bvsd/page_renders/worksession_2025-10-21_p18.png,767,665,0.986,"2,382"
data/raw/bvsd/page_renders/worksession_2025-10-21_p18.png,767,1365,0.991,"1,210"
data/raw/bvsd/page_renders/worksession_2025-10-21_p18.png,767,1477,0.998,157
data/raw/bvsd/page_renders/worksession_2025-10-21_p18.png,767,1511,0.997,326
data/raw/bvsd/page_renders/worksession_2025-10-21_p18.png,768,1805,0.991,"1,210"
data/raw/bvsd/page_renders/worksession_2025-10-21_p18.png,768,1946,0.943,"1,234"
data/raw/bvsd/page_renders/worksession_2025-10-21_p18.png,772,802,0.978,"1,624"
data/raw/bvsd/page_renders/worksession_2025-10-21_p18.png,772,953,0.991,694
data/raw/bvsd/page_renders/worksession_2025-10-21_p18.png,773,287,0.989,"1,624"
data/raw/bvsd/page_renders/worksession_2025-10-21_p18.png,773,405,0.998,364
data/raw/bvsd/page_renders/worksession_2025-10-21_p18.png,773,454,0.998,533
data/raw/bvsd/page_renders/worksession_2025-10-21_p18.png,789,1366,0.998,68%
data/raw/bvsd/page_renders/worksession_2025-10-21_p18.png,790,1807,0.997,49%
data/raw/bvsd/page_renders/worksession_2025-10-21_p18.png,790,1947,0.997,48%
data/raw/bvsd/page_renders/worksession_2025-10-21_p18.png,791,1478,0.996,8%
data/raw/bvsd/page_renders/worksession_2025-10-21_p18.png,791,1511,0.997,19%
data/raw/bvsd/page_renders/worksession_2025-10-21_p18.png,794,289,0.999,63%
data/raw/bvsd/page_renders/worksession_2025-10-21_p18.png,796,807,0.999,69%
data/raw/bvsd/page_renders/worksession_2025-10-21_p18.png,796,1230,0.98,"1,809"
data/raw/bvsd/page_renders/worksession_2025-10-21_p18.png,797,956,0.998,29%
data/raw/bvsd/page_renders/worksession_2025-10-21_p18.png,797,1173,0.997,2021SY
data/raw/bvsd/page_renders/worksession_2025-10-21_p18.png,797,1642,0.997,2021SY
data/raw/bvsd/page_renders/worksession_2025-10-21_p18.png,798,405,0.914,13%
data/raw/bvsd/page_renders/worksession_2025-10-21_p18.png,798,456,0.993,20%
data/raw/bvsd/page_renders/worksession_2025-10-21_p18.png,798,1702,0.98,"2,526"
data/raw/bvsd/page_renders/worksession_2025-10-21_p18.png,804,599,0.996,2021SY
data/raw/bvsd/page_renders/worksession_2025-10-21_p18.png,804,663,0.98,"2,417"
data/raw/bvsd/page_renders/worksession_2025-10-21_p18.png,804,1364,0.979,"1,230"
data/raw/bvsd/page_renders/worksession_2025-10-21_p18.png,804,1515,0.998,344
data/raw/bvsd/page_renders/worksession_2025-10-21_p18.png,805,152,0.988,"2,636"
data/raw/bvsd/page_renders/worksession_2025-10-21_p18.png,805,1480,0.997,151
data/raw/bvsd/page_renders/worksession_2025-10-21_p18.png,806,89,0.997,2021SY
data/raw/bvsd/page_renders/worksession_2025-10-21_p18.png,806,1807,0.985,"1,230"
data/raw/bvsd/page_renders/worksession_2025-10-21_p18.png,806,1947,0.985,"1,212"
data/raw/bvsd/page_renders/worksession_2025-10-21_p18.png,810,289,0.985,"1,661"
data/raw/bvsd/page_renders/worksession_2025-10-21_p18.png,810,405,0.995,347
data/raw/bvsd/page_renders/worksession_2025-10-21_p18.png,810,456,0.998,538
data/raw/bvsd/page_renders/worksession_2025-10-21_p18.png,811,805,0.963,"1,661"
data/raw/bvsd/page_renders/worksession_2025-10-21_p18.png,811,957,0.998,697
data/raw/bvsd/page_renders/worksession_2025-10-21_p18.png,828,1364,0.999,66%
data/raw/bvsd/page_renders/worksession_2025-10-21_p18.png,828,1805,0.996,47%
data/raw/bvsd/page_renders/worksession_2025-10-21_p18.png,829,1472,0.973,%8
data/raw/bvsd/page_renders/worksession_2025-10-21_p18.png,830,1509,0.997,22%
data/raw/bvsd/page_renders/worksession_2025-10-21_p18.png,830,1946,0.998,50%
data/raw/bvsd/page_renders/worksession_2025-10-21_p18.png,834,291,0.755,61%
data/raw/bvsd/page_renders/worksession_2025-10-21_p18.png,834,458,0.998,22%
data/raw/bvsd/page_renders/worksession_2025-10-21_p18.png,836,956,0.998,28%
data/raw/bvsd/page_renders/worksession_2025-10-21_p18.png,837,405,0.895,13%
data/raw/bvsd/page_renders/worksession_2025-10-21_p18.png,837,809,0.998,69%
data/raw/bvsd/page_renders/worksession_2025-10-21_p18.png,837,1174,0.998,2020SY
data/raw/bvsd/page_renders/worksession_2025-10-21_p18.png,837,1234,0.989,"1,803"
data/raw/bvsd/page_renders/worksession_2025-10-21_p18.png,837,1643,0.945,2020 SY
data/raw/bvsd/page_renders/worksession_2025-10-21_p18.png,837,1702,0.981,"2,507"
data/raw/bvsd/page_renders/worksession_2025-10-21_p18.png,842,1362,0.978,"1,182"
data/raw/bvsd/page_renders/worksession_2025-10-21_p18.png,843,599,0.996,2020SY
data/raw/bvsd/page_renders/worksession_2025-10-21_p18.png,843,664,0.985,"2,412"
data/raw/bvsd/page_renders/worksession_2025-10-21_p18.png,843,1472,0.994,144
data/raw/bvsd/page_renders/worksession_2025-10-21_p18.png,843,1512,0.997,392
data/raw/bvsd/page_renders/worksession_2025-10-21_p18.png,843,1804,0.987,"1,182"
data/raw/bvsd/page_renders/worksession_2025-10-21_p18.png,844,88,0.997,2020SY
data/raw/bvsd/page_renders/worksession_2025-10-21_p18.png,844,152,0.981,"2,706"
data/raw/bvsd/page_renders/worksession_2025-10-21_p18.png,844,1944,0.978,"1,258"
data/raw/bvsd/page_renders/worksession_2025-10-21_p18.png,849,289,0.986,"1,663"
data/raw/bvsd/page_renders/worksession_2025-10-21_p18.png,849,459,0.999,605
data/raw/bvsd/page_renders/worksession_2025-10-21_p18.png,850,406,0.998,347
data/raw/bvsd/page_renders/worksession_2025-10-21_p18.png,850,806,0.988,"1,663"
data/raw/bvsd/page_renders/worksession_2025-10-21_p18.png,850,957,0.999,678
data/raw/bvsd/page_renders/worksession_2025-10-21_p18.png,866,1383,0.952,70%
data/raw/bvsd/page_renders/worksession_2025-10-21_p18.png,867,1979,0.996,47%
data/raw/bvsd/page_renders/worksession_2025-10-21_p18.png,868,1550,0.974,19%
data/raw/bvsd/page_renders/worksession_2025-10-21_p18.png,868,1821,0.998,50%
data/raw/bvsd/page_renders/worksession_2025-10-21_p18.png,871,1171,0.994,2019SY
data/raw/bvsd/page_renders/worksession_2025-10-21_p18.png,871,1514,0.915,7%
data/raw/bvsd/page_renders/worksession_2025-10-21_p18.png,873,1231,0.983,"2,064"
data/raw/bvsd/page_renders/worksession_2025-10-21_p18.png,873,1642,0.997,2019SY
data/raw/bvsd/page_renders/worksession_2025-10-21_p18.png,875,309,0.999,66%
data/raw/bvsd/page_renders/worksession_2025-10-21_p18.png,875,442,0.951,12%
data/raw/bvsd/page_renders/worksession_2025-10-21_p18.png,875,494,0.997,19%
data/raw/bvsd/page_renders/worksession_2025-10-21_p18.png,875,1701,0.981,"2,868"
data/raw/bvsd/page_renders/worksession_2025-10-21_p18.png,877,827,0.998,72%
data/raw/bvsd/page_renders/worksession_2025-10-21_p18.png,877,998,0.998,26%
data/raw/bvsd/page_renders/worksession_2025-10-21_p18.png,879,1977,0.946,"1,350"
data/raw/bvsd/page_renders/worksession_2025-10-21_p18.png,880,1382,0.939,"1,446"
data/raw/bvsd/page_renders/worksession_2025-10-21_p18.png,881,1511,0.993,144
data/raw/bvsd/page_renders/worksession_2025-10-21_p18.png,881,1550,0.859,394
data/raw/bvsd/page_renders/worksession_2025-10-21_p18.png,881,1819,0.979,"1,446"
data/raw/bvsd/page_renders/worksession_2025-10-21_p18.png,882,152,0.98,"2,996"
data/raw/bvsd/page_renders/worksession_2025-10-21_p18.png,882,599,0.997,2019SY
data/raw/bvsd/page_renders/worksession_2025-10-21_p18.png,882,663,0.983,"2,756"
data/raw/bvsd/page_renders/worksession_2025-10-21_p18.png,884,89,0.998,2019SY
data/raw/bvsd/page_renders/worksession_2025-10-21_p18.png,887,823,0.984,"1,979"
data/raw/bvsd/page_renders/worksession_2025-10-21_p18.png,888,306,0.983,"1,979"
data/raw/bvsd/page_renders/worksession_2025-10-21_p18.png,888,442,0.995,351
data/raw/bvsd/page_renders/worksession_2025-10-21_p18.png,890,495,0.998,569
data/raw/bvsd/page_renders/worksession_2025-10-21_p18.png,891,999,0.999,720
data/raw/bvsd/page_renders/worksession_2025-10-21_p18.png,903,1510,0.986,9%
data/raw/bvsd/page_renders/worksession_2025-10-21_p18.png,904,1383,0.998,68%
data/raw/bvsd/page_renders/worksession_2025-10-21_p18.png,905,1819,0.999,50%
data/raw/bvsd/page_renders/worksession_2025-10-21_p18.png,905,1979,0.997,48%
data/raw/bvsd/page_renders/worksession_2025-10-21_p18.png,906,1555,0.981,19%
data/raw/bvsd/page_renders/worksession_2025-10-21_p18.png,912,312,0.999,66%
data/raw/bvsd/page_renders/worksession_2025-10-21_p18.png,912,1173,0.995,2018SY
data/raw/bvsd/page_renders/worksession_2025-10-21_p18.png,912,1642,0.993,2018SY
data/raw/bvsd/page_renders/worksession_2025-10-21_p18.png,912,1697,0.978,"2,866"
data/raw/bvsd/page_renders/worksession_2025-10-21_p18.png,913,831,0.998,72%
data/raw/bvsd/page_renders/worksession_2025-10-21_p18.png,913,1007,0.999,26%
data/raw/bvsd/page_renders/worksession_2025-10-21_p18.png,913,1231,0.983,"2,096"
data/raw/bvsd/page_renders/worksession_2025-10-21_p18.png,915,454,0.998,13%
data/raw/bvsd/page_renders/worksession_2025-10-21_p18.png,915,508,0.976,18%
data/raw/bvsd/page_renders/worksession_2025-10-21_p18.png,918,1382,0.97,"1,435"
data/raw/bvsd/page_renders/worksession_2025-10-21_p18.png,919,1817,0.958,"1,435"
data/raw/bvsd/page_renders/worksession_2025-10-21_p18.png,919,1977,0.924,"1,363"
data/raw/bvsd/page_renders/worksession_2025-10-21_p18.png,920,1511,0.994,181
data/raw/bvsd/page_renders/worksession_2025-10-21_p18.png,920,1557,0.998,396
data/raw/bvsd/page_renders/worksession_2025-10-21_p18.png,921,88,0.997,2018SY
data/raw/bvsd/page_renders/worksession_2025-10-21_p18.png,921,599,0.997,2018SY
data/raw/bvsd/page_renders/worksession_2025-10-21_p18.png,921,663,0.987,"2,859"
data/raw/bvsd/page_renders/worksession_2025-10-21_p18.png,922,154,0.945,"3,125"
data/raw/bvsd/page_renders/worksession_2025-10-21_p18.png,928,310,0.971,"2,058"
data/raw/bvsd/page_renders/worksession_2025-10-21_p18.png,928,510,0.999,562
data/raw/bvsd/page_renders/worksession_2025-10-21_p18.png,929,454,0.997,399
data/raw/bvsd/page_renders/worksession_2025-10-21_p18.png,929,829,0.964,"2,058"
data/raw/bvsd/page_renders/worksession_2025-10-21_p18.png,930,1011,0.999,740
data/raw/bvsd/page_renders/worksession_2025-10-21_p18.png,945,1425,0.998,1000
data/raw/bvsd/page_renders/worksession_2025-10-21_p18.png,945,1504,0.999,1500
data/raw/bvsd/page_renders/worksession_2025-10-21_p18.png,945,1581,0.982,2000
data/raw/bvsd/page_renders/worksession_2025-10-21_p18.png,945,1852,0.997,1000
data/raw/bvsd/page_renders/worksession_2025-10-21_p18.png,945,1965,0.999,2000
data/raw/bvsd/page_renders/worksession_2025-10-21_p18.png,946,1354,0.999,500
data/raw/bvsd/page_renders/worksession_2025-10-21_p18.png,946,1799,0.999,500
data/raw/bvsd/page_renders/worksession_2025-10-21_p18.png,946,1910,0.998,1500
data/raw/bvsd/page_renders/worksession_2025-10-21_p18.png,946,2025,0.999,2500
data/raw/bvsd/page_renders/worksession_2025-10-21_p18.png,946,2067,0.997,3000
data/raw/bvsd/page_renders/worksession_2025-10-21_p18.png,947,1287,0.968,0
data/raw/bvsd/page_renders/worksession_2025-10-21_p18.png,948,1752,0.966,0
data/raw/bvsd/page_renders/worksession_2025-10-21_p18.png,955,366,0.999,1500
data/raw/bvsd/page_renders/worksession_2025-10-21_p18.png,955,891,0.999,1500
data/raw/bvsd/page_renders/worksession_2025-10-21_p18.png,956,258,0.999,500
data/raw/bvsd/page_renders/worksession_2025-10-21_p18.png,956,771,0.999,500
data/raw/bvsd/page_renders/worksession_2025-10-21_p18.png,957,212,0.961,0
data/raw/bvsd/page_renders/worksession_2025-10-21_p18.png,957,311,0.999,1000
data/raw/bvsd/page_renders/worksession_2025-10-21_p18.png,957,422,0.998,2000
data/raw/bvsd/page_renders/worksession_2025-10-21_p18.png,957,479,0.999,2500
data/raw/bvsd/page_renders/worksession_2025-10-21_p18.png,957,536,0.998,3000
data/raw/bvsd/page_renders/worksession_2025-10-21_p18.png,957,720,0.909,0
data/raw/bvsd/page_renders/worksession_2025-10-21_p18.png,957,831,0.999,1000
data/raw/bvsd/page_renders/worksession_2025-10-21_p18.png,957,954,0.998,2000
data/raw/bvsd/page_renders/worksession_2025-10-21_p18.png,957,1016,0.999,2500
data/raw/bvsd/page_renders/worksession_2025-10-21_p18.png,957,1064,0.998,3000
data/raw/bvsd/page_renders/worksession_2025-10-21_p18.png,968,1402,0.976,Number of Students
data/raw/bvsd/page_renders/worksession_2025-10-21_p18.png,968,1870,0.989,Number of Students
data/raw/bvsd/page_renders/worksession_2025-10-21_p18.png,974,845,0.978,Number of Students
data/raw/bvsd/page_renders/worksession_2025-10-21_p18.png,975,338,0.96,Number of Students
data/raw/bvsd/page_renders/worksession_2025-10-21_p18.png,986,1329,0.932,Note:BVsD students only.For information on home school and private school enrollment seereports underHome School/Private School’ tab.
data/raw/bvsd/page_renders/worksession_2025-10-21_p18.png,996,257,0.958,Note:BVSD students only.Forinformation onhome schoolandprivateschoolenrollment seereports underHomeSchool/PrivateSchooltab.
data/raw/bvsd/page_renders/worksession_2025-10-21_p18.png,1140,82,0.999,BVSD
data/raw/bvsd/page_renders/worksession_2025-10-21_p18.png,1147,2085,1.0,18
data/raw/bvsd/page_renders/worksession_2025-10-21_p19.png,59,61,0.969,Boulder Region
data/raw/bvsd/page_renders/worksession_2025-10-21_p19.png,105,56,0.993,Attendance Area Student Composition
data/raw/bvsd/page_renders/worksession_2025-10-21_p19.png,221,766,1.0,2024-25
data/raw/bvsd/page_renders/worksession_2025-10-21_p19.png,265,1726,0.974,2 round school
data/raw/bvsd/page_renders/worksession_2025-10-21_p19.png,277,856,1.0,400
data/raw/bvsd/page_renders/worksession_2025-10-21_p19.png,278,370,0.999,100
data/raw/bvsd/page_renders/worksession_2025-10-21_p19.png,278,532,1.0,200
data/raw/bvsd/page_renders/worksession_2025-10-21_p19.png,278,695,1.0,300
data/raw/bvsd/page_renders/worksession_2025-10-21_p19.png,278,1018,1.0,500
data/raw/bvsd/page_renders/worksession_2025-10-21_p19.png,278,1179,0.999,600
data/raw/bvsd/page_renders/worksession_2025-10-21_p19.png,278,1342,1.0,700
data/raw/bvsd/page_renders/worksession_2025-10-21_p19.png,278,1504,0.999,800
data/raw/bvsd/page_renders/worksession_2025-10-21_p19.png,321,1728,0.999,Attendingneighborhood
data/raw/bvsd/page_renders/worksession_2025-10-21_p19.png,343,97,0.999,Columbine
data/raw/bvsd/page_renders/worksession_2025-10-21_p19.png,356,1727,1.0,school
data/raw/bvsd/page_renders/worksession_2025-10-21_p19.png,409,1727,0.988,Attending a different
data/raw/bvsd/page_renders/worksession_2025-10-21_p19.png,411,98,0.998,CrestView
data/raw/bvsd/page_renders/worksession_2025-10-21_p19.png,443,1723,0.999,school
data/raw/bvsd/page_renders/worksession_2025-10-21_p19.png,477,114,1.0,Flatirons
data/raw/bvsd/page_renders/worksession_2025-10-21_p19.png,548,130,0.998,Foothill
data/raw/bvsd/page_renders/worksession_2025-10-21_p19.png,551,1631,0.989,Takeaways
data/raw/bvsd/page_renders/worksession_2025-10-21_p19.png,617,69,1.0,Heatherwood
data/raw/bvsd/page_renders/worksession_2025-10-21_p19.png,637,1695,0.984,Resident students cannot
data/raw/bvsd/page_renders/worksession_2025-10-21_p19.png,674,1694,0.964,support 2 rounds at
data/raw/bvsd/page_renders/worksession_2025-10-21_p19.png,683,124,0.993,Whittier
data/raw/bvsd/page_renders/worksession_2025-10-21_p19.png,712,1694,0.996,"Flatirons, Douglass and"
data/raw/bvsd/page_renders/worksession_2025-10-21_p19.png,751,1691,0.993,Mesa
data/raw/bvsd/page_renders/worksession_2025-10-21_p19.png,754,95,0.953,Bear Creek
data/raw/bvsd/page_renders/worksession_2025-10-21_p19.png,810,1697,0.956,Heatherwood and Whittier
data/raw/bvsd/page_renders/worksession_2025-10-21_p19.png,822,106,0.999,Creekside
data/raw/bvsd/page_renders/worksession_2025-10-21_p19.png,848,1694,0.996,at 2 rounds
data/raw/bvsd/page_renders/worksession_2025-10-21_p19.png,892,109,1.0,Douglass
data/raw/bvsd/page_renders/worksession_2025-10-21_p19.png,901,1695,0.996,"Creekside, Columbine, and"
data/raw/bvsd/page_renders/worksession_2025-10-21_p19.png,928,1056,0.998,Note:Chartdoesnotreflect
data/raw/bvsd/page_renders/worksession_2025-10-21_p19.png,942,1696,0.947,Crest View
data/raw/bvsd/page_renders/worksession_2025-10-21_p19.png,960,87,0.999,Eisenhower
data/raw/bvsd/page_renders/worksession_2025-10-21_p19.png,962,1054,0.984,new 2026-27 attendance area
data/raw/bvsd/page_renders/worksession_2025-10-21_p19.png,983,1694,0.994,resident-attending near or
data/raw/bvsd/page_renders/worksession_2025-10-21_p19.png,998,1054,1.0,boundaries.
data/raw/bvsd/page_renders/worksession_2025-10-21_p19.png,1021,1695,0.999,below50%
data/raw/bvsd/page_renders/worksession_2025-10-21_p19.png,1029,148,0.998,Mesa
data/raw/bvsd/page_renders/worksession_2025-10-21_p19.png,1141,77,0.996,BVSD
data/raw/bvsd/page_renders/worksession_2025-10-21_p19.png,1147,2085,1.0,19
data/raw/bvsd/page_renders/worksession_2025-10-21_p20.png,59,61,0.965,Boulder Region
data/raw/bvsd/page_renders/worksession_2025-10-21_p20.png,100,60,0.994,School Enrollment Composition
data/raw/bvsd/page_renders/worksession_2025-10-21_p20.png,225,759,1.0,2024-25
data/raw/bvsd/page_renders/worksession_2025-10-21_p20.png,251,1682,0.988,Projected 2029
data/raw/bvsd/page_renders/worksession_2025-10-21_p20.png,286,651,1.0,150
data/raw/bvsd/page_renders/worksession_2025-10-21_p20.png,287,364,1.0,50
data/raw/bvsd/page_renders/worksession_2025-10-21_p20.png,287,504,0.999,100
data/raw/bvsd/page_renders/worksession_2025-10-21_p20.png,287,799,1.0,200
data/raw/bvsd/page_renders/worksession_2025-10-21_p20.png,287,946,1.0,250
data/raw/bvsd/page_renders/worksession_2025-10-21_p20.png,287,1242,1.0,350
data/raw/bvsd/page_renders/worksession_2025-10-21_p20.png,287,1389,1.0,400
data/raw/bvsd/page_renders/worksession_2025-10-21_p20.png,289,1095,0.999,300
data/raw/bvsd/page_renders/worksession_2025-10-21_p20.png,292,224,0.959,0
data/raw/bvsd/page_renders/worksession_2025-10-21_p20.png,295,1680,0.972,2 round school
data/raw/bvsd/page_renders/worksession_2025-10-21_p20.png,341,93,0.999,Columbine
data/raw/bvsd/page_renders/worksession_2025-10-21_p20.png,343,1684,0.987,Attending neighborhood school
data/raw/bvsd/page_renders/worksession_2025-10-21_p20.png,387,1683,0.943,OE-In from different school
data/raw/bvsd/page_renders/worksession_2025-10-21_p20.png,392,94,0.997,CrestView
data/raw/bvsd/page_renders/worksession_2025-10-21_p20.png,434,1684,0.997,OutofDistrictenrollment
data/raw/bvsd/page_renders/worksession_2025-10-21_p20.png,437,110,1.0,Flatirons
data/raw/bvsd/page_renders/worksession_2025-10-21_p20.png,486,126,1.0,Foothill
data/raw/bvsd/page_renders/worksession_2025-10-21_p20.png,537,64,0.999,Heatherwood
data/raw/bvsd/page_renders/worksession_2025-10-21_p20.png,568,1561,0.99,Takeaways
data/raw/bvsd/page_renders/worksession_2025-10-21_p20.png,583,123,0.995,Uni-Hill
data/raw/bvsd/page_renders/worksession_2025-10-21_p20.png,634,123,0.988,Whittier
data/raw/bvsd/page_renders/worksession_2025-10-21_p20.png,653,1624,0.968,10 schools expected to continue
data/raw/bvsd/page_renders/worksession_2025-10-21_p20.png,681,139,0.999,BCSIS
data/raw/bvsd/page_renders/worksession_2025-10-21_p20.png,691,1624,0.994,to decline
data/raw/bvsd/page_renders/worksession_2025-10-21_p20.png,730,90,0.951,Bear Creek
data/raw/bvsd/page_renders/worksession_2025-10-21_p20.png,746,1625,0.961,6 schools currently enrolled
data/raw/bvsd/page_renders/worksession_2025-10-21_p20.png,781,85,0.998,Montessori
data/raw/bvsd/page_renders/worksession_2025-10-21_p20.png,786,1627,0.996,above2rounds
data/raw/bvsd/page_renders/worksession_2025-10-21_p20.png,827,102,0.999,Creekside
data/raw/bvsd/page_renders/worksession_2025-10-21_p20.png,842,1627,0.958,Only3 schools expected to be
data/raw/bvsd/page_renders/worksession_2025-10-21_p20.png,873,103,1.0,Douglass
data/raw/bvsd/page_renders/worksession_2025-10-21_p20.png,880,1625,0.973,above 2 rounds in 2029
data/raw/bvsd/page_renders/worksession_2025-10-21_p20.png,924,83,0.999,Eisenhower
data/raw/bvsd/page_renders/worksession_2025-10-21_p20.png,971,84,0.998,High Peaks
data/raw/bvsd/page_renders/worksession_2025-10-21_p20.png,1021,110,1.0,Horizons
data/raw/bvsd/page_renders/worksession_2025-10-21_p20.png,1072,146,0.998,Mesa
data/raw/bvsd/page_renders/worksession_2025-10-21_p20.png,1141,78,0.996,BVSD
data/raw/bvsd/page_renders/worksession_2025-10-21_p20.png,1148,2083,1.0,20
data/raw/bvsd/page_renders/worksession_2025-10-21_p21.png,559,180,1.0,Louisville-Superior
data/raw/bvsd/page_renders/worksession_2025-10-21_p21.png,726,179,0.999,Region
data/raw/bvsd/page_renders/worksession_2025-10-21_p21.png,1146,2081,0.999,21
data/raw/bvsd/page_renders/worksession_2025-10-21_p27.png,555,173,0.999,Lafayette-Erie
data/raw/bvsd/page_renders/worksession_2025-10-21_p27.png,722,176,1.0,Region
data/raw/bvsd/page_renders/worksession_2025-10-21_p27.png,1146,2081,1.0,27
data/raw/bvsd/page_renders/worksession_2025-10-21_p33.png,562,181,0.996,Broomfield
data/raw/bvsd/page_renders/worksession_2025-10-21_p33.png,721,174,1.0,Region
data/raw/bvsd/page_renders/worksession_2025-10-21_p33.png,1147,2084,1.0,33
data/raw/bvsd/page_renders/worksession_2025-10-21_p40.png,564,186,0.998,Middle School
data/raw/bvsd/page_renders/worksession_2025-10-21_p40.png,726,185,0.996,Enrollment Data
data/raw/bvsd/page_renders/worksession_2025-10-21_p40.png,1148,2083,1.0,40
data/raw/bvsd/page_renders/worksession_2025-10-21_p42.png,72,58,0.995,Middle Level 5-Year Projections
data/raw/bvsd/page_renders/worksession_2025-10-21_p42.png,230,719,0.998,2024-25
data/raw/bvsd/page_renders/worksession_2025-10-21_p42.png,230,889,0.998,2025-26
data/raw/bvsd/page_renders/worksession_2025-10-21_p42.png,230,1059,0.998,2026-27
data/raw/bvsd/page_renders/worksession_2025-10-21_p42.png,230,1229,0.998,2027-28
data/raw/bvsd/page_renders/worksession_2025-10-21_p42.png,230,1401,0.997,2028-29
data/raw/bvsd/page_renders/worksession_2025-10-21_p42.png,230,1573,0.998,2029-30
data/raw/bvsd/page_renders/worksession_2025-10-21_p42.png,231,593,0.999,2024
data/raw/bvsd/page_renders/worksession_2025-10-21_p42.png,264,328,0.994,MIDDLE
data/raw/bvsd/page_renders/worksession_2025-10-21_p42.png,264,1646,0.966,Cap.
data/raw/bvsd/page_renders/worksession_2025-10-21_p42.png,265,570,0.995,Capacity
data/raw/bvsd/page_renders/worksession_2025-10-21_p42.png,265,695,0.972,Actual Cap.
data/raw/bvsd/page_renders/worksession_2025-10-21_p42.png,266,1212,0.981,Proj.
data/raw/bvsd/page_renders/worksession_2025-10-21_p42.png,266,1305,0.986,Cap.
data/raw/bvsd/page_renders/worksession_2025-10-21_p42.png,267,876,0.985,Proj.
data/raw/bvsd/page_renders/worksession_2025-10-21_p42.png,267,1046,0.981,Proj.
data/raw/bvsd/page_renders/worksession_2025-10-21_p42.png,267,1389,0.982,Proj.
data/raw/bvsd/page_renders/worksession_2025-10-21_p42.png,267,1561,0.976,Proj.
data/raw/bvsd/page_renders/worksession_2025-10-21_p42.png,268,965,0.984,Cap.
data/raw/bvsd/page_renders/worksession_2025-10-21_p42.png,269,1132,0.99,Cap.
data/raw/bvsd/page_renders/worksession_2025-10-21_p42.png,269,1476,0.989,Cap.
data/raw/bvsd/page_renders/worksession_2025-10-21_p42.png,305,326,0.975,General FundSchools
data/raw/bvsd/page_renders/worksession_2025-10-21_p42.png,335,1322,0.953,71%
data/raw/bvsd/page_renders/worksession_2025-10-21_p42.png,336,599,0.995,941
data/raw/bvsd/page_renders/worksession_2025-10-21_p42.png,336,713,0.989,616
data/raw/bvsd/page_renders/worksession_2025-10-21_p42.png,336,885,0.999,634
data/raw/bvsd/page_renders/worksession_2025-10-21_p42.png,336,1225,0.994,671
data/raw/bvsd/page_renders/worksession_2025-10-21_p42.png,336,1569,0.996,691
data/raw/bvsd/page_renders/worksession_2025-10-21_p42.png,337,341,0.995,Angevine
data/raw/bvsd/page_renders/worksession_2025-10-21_p42.png,337,811,0.997,65%
data/raw/bvsd/page_renders/worksession_2025-10-21_p42.png,337,1055,0.999,635
data/raw/bvsd/page_renders/worksession_2025-10-21_p42.png,337,1396,0.999,675
data/raw/bvsd/page_renders/worksession_2025-10-21_p42.png,338,1494,0.995,72%
data/raw/bvsd/page_renders/worksession_2025-10-21_p42.png,338,1668,0.996,73%
data/raw/bvsd/page_renders/worksession_2025-10-21_p42.png,340,983,0.986,67%
data/raw/bvsd/page_renders/worksession_2025-10-21_p42.png,340,1150,0.996,67%
data/raw/bvsd/page_renders/worksession_2025-10-21_p42.png,367,713,0.997,371
data/raw/bvsd/page_renders/worksession_2025-10-21_p42.png,367,1055,0.999,398
data/raw/bvsd/page_renders/worksession_2025-10-21_p42.png,367,1396,0.993,401
data/raw/bvsd/page_renders/worksession_2025-10-21_p42.png,367,1569,0.999,387
data/raw/bvsd/page_renders/worksession_2025-10-21_p42.png,368,341,0.967,AspenCrk.(6-8)
data/raw/bvsd/page_renders/worksession_2025-10-21_p42.png,368,600,0.997,497
data/raw/bvsd/page_renders/worksession_2025-10-21_p42.png,368,885,0.999,380
data/raw/bvsd/page_renders/worksession_2025-10-21_p42.png,368,1225,0.999,392
data/raw/bvsd/page_renders/worksession_2025-10-21_p42.png,369,811,0.997,75%
data/raw/bvsd/page_renders/worksession_2025-10-21_p42.png,369,983,0.918,76%
data/raw/bvsd/page_renders/worksession_2025-10-21_p42.png,369,1148,0.999,80%
data/raw/bvsd/page_renders/worksession_2025-10-21_p42.png,369,1324,0.997,79%
data/raw/bvsd/page_renders/worksession_2025-10-21_p42.png,369,1492,0.938,81%
data/raw/bvsd/page_renders/worksession_2025-10-21_p42.png,369,1668,0.998,78%
data/raw/bvsd/page_renders/worksession_2025-10-21_p42.png,396,339,0.989,BoulderUniv.
data/raw/bvsd/page_renders/worksession_2025-10-21_p42.png,397,1060,0.999,34
data/raw/bvsd/page_renders/worksession_2025-10-21_p42.png,397,1404,0.99,31
data/raw/bvsd/page_renders/worksession_2025-10-21_p42.png,397,1574,0.999,36
data/raw/bvsd/page_renders/worksession_2025-10-21_p42.png,398,723,0.999,49
data/raw/bvsd/page_renders/worksession_2025-10-21_p42.png,398,894,0.999,38
data/raw/bvsd/page_renders/worksession_2025-10-21_p42.png,398,1231,0.999,34
data/raw/bvsd/page_renders/worksession_2025-10-21_p42.png,426,339,0.957,Broomfield Hts.
data/raw/bvsd/page_renders/worksession_2025-10-21_p42.png,429,600,0.999,832
data/raw/bvsd/page_renders/worksession_2025-10-21_p42.png,429,715,0.999,488
data/raw/bvsd/page_renders/worksession_2025-10-21_p42.png,429,885,0.999,470
data/raw/bvsd/page_renders/worksession_2025-10-21_p42.png,429,1226,0.999,450
data/raw/bvsd/page_renders/worksession_2025-10-21_p42.png,429,1397,0.999,453
data/raw/bvsd/page_renders/worksession_2025-10-21_p42.png,429,1571,0.999,437
data/raw/bvsd/page_renders/worksession_2025-10-21_p42.png,430,1057,0.992,441
data/raw/bvsd/page_renders/worksession_2025-10-21_p42.png,432,812,0.998,59%
data/raw/bvsd/page_renders/worksession_2025-10-21_p42.png,432,983,0.997,56%
data/raw/bvsd/page_renders/worksession_2025-10-21_p42.png,432,1150,0.997,53%
data/raw/bvsd/page_renders/worksession_2025-10-21_p42.png,432,1324,0.997,54%
data/raw/bvsd/page_renders/worksession_2025-10-21_p42.png,432,1494,0.996,54%
data/raw/bvsd/page_renders/worksession_2025-10-21_p42.png,432,1668,0.998,53%
data/raw/bvsd/page_renders/worksession_2025-10-21_p42.png,458,338,0.993,Casey
data/raw/bvsd/page_renders/worksession_2025-10-21_p42.png,459,600,0.999,743
data/raw/bvsd/page_renders/worksession_2025-10-21_p42.png,459,714,0.998,360
data/raw/bvsd/page_renders/worksession_2025-10-21_p42.png,459,885,0.999,344
data/raw/bvsd/page_renders/worksession_2025-10-21_p42.png,459,1056,0.998,329
data/raw/bvsd/page_renders/worksession_2025-10-21_p42.png,459,1225,0.993,311
data/raw/bvsd/page_renders/worksession_2025-10-21_p42.png,459,1397,0.999,304
data/raw/bvsd/page_renders/worksession_2025-10-21_p42.png,459,1570,0.999,299
data/raw/bvsd/page_renders/worksession_2025-10-21_p42.png,460,811,0.997,48%
data/raw/bvsd/page_renders/worksession_2025-10-21_p42.png,460,983,0.944,46%
data/raw/bvsd/page_renders/worksession_2025-10-21_p42.png,460,1149,0.963,44%
data/raw/bvsd/page_renders/worksession_2025-10-21_p42.png,460,1323,0.982,42%
data/raw/bvsd/page_renders/worksession_2025-10-21_p42.png,462,1494,0.935,47%
data/raw/bvsd/page_renders/worksession_2025-10-21_p42.png,462,1669,0.999,40%
data/raw/bvsd/page_renders/worksession_2025-10-21_p42.png,488,339,0.993,Centennial
data/raw/bvsd/page_renders/worksession_2025-10-21_p42.png,488,1396,0.999,555
data/raw/bvsd/page_renders/worksession_2025-10-21_p42.png,489,600,0.999,753
data/raw/bvsd/page_renders/worksession_2025-10-21_p42.png,489,714,0.999,593
data/raw/bvsd/page_renders/worksession_2025-10-21_p42.png,489,886,0.999,599
data/raw/bvsd/page_renders/worksession_2025-10-21_p42.png,489,1056,0.999,567
data/raw/bvsd/page_renders/worksession_2025-10-21_p42.png,489,1226,0.999,562
data/raw/bvsd/page_renders/worksession_2025-10-21_p42.png,489,1570,0.995,561
data/raw/bvsd/page_renders/worksession_2025-10-21_p42.png,491,1324,0.996,75%
data/raw/bvsd/page_renders/worksession_2025-10-21_p42.png,493,812,0.998,79%
data/raw/bvsd/page_renders/worksession_2025-10-21_p42.png,493,984,0.998,80%
data/raw/bvsd/page_renders/worksession_2025-10-21_p42.png,493,1151,0.997,75%
data/raw/bvsd/page_renders/worksession_2025-10-21_p42.png,493,1495,0.998,74%
data/raw/bvsd/page_renders/worksession_2025-10-21_p42.png,493,1669,0.998,75%
data/raw/bvsd/page_renders/worksession_2025-10-21_p42.png,519,338,0.959,Eldorado(6-8)
data/raw/bvsd/page_renders/worksession_2025-10-21_p42.png,521,600,0.999,494
data/raw/bvsd/page_renders/worksession_2025-10-21_p42.png,521,714,0.999,240
data/raw/bvsd/page_renders/worksession_2025-10-21_p42.png,521,886,0.999,203
data/raw/bvsd/page_renders/worksession_2025-10-21_p42.png,521,980,0.933,41%
data/raw/bvsd/page_renders/worksession_2025-10-21_p42.png,521,1056,0.996,215
data/raw/bvsd/page_renders/worksession_2025-10-21_p42.png,521,1146,0.998,44%
data/raw/bvsd/page_renders/worksession_2025-10-21_p42.png,521,1226,0.999,223
data/raw/bvsd/page_renders/worksession_2025-10-21_p42.png,521,1397,0.999,209
data/raw/bvsd/page_renders/worksession_2025-10-21_p42.png,521,1490,0.997,42%
data/raw/bvsd/page_renders/worksession_2025-10-21_p42.png,521,1570,0.999,195
data/raw/bvsd/page_renders/worksession_2025-10-21_p42.png,522,810,0.842,49%
data/raw/bvsd/page_renders/worksession_2025-10-21_p42.png,522,1323,0.94,45%
data/raw/bvsd/page_renders/worksession_2025-10-21_p42.png,524,1668,0.998,39%
data/raw/bvsd/page_renders/worksession_2025-10-21_p42.png,548,338,0.99,Halcyon
data/raw/bvsd/page_renders/worksession_2025-10-21_p42.png,552,900,0.997,6
data/raw/bvsd/page_renders/worksession_2025-10-21_p42.png,552,1070,0.999,8
data/raw/bvsd/page_renders/worksession_2025-10-21_p42.png,552,1240,0.999,8
data/raw/bvsd/page_renders/worksession_2025-10-21_p42.png,552,1584,0.998,6
data/raw/bvsd/page_renders/worksession_2025-10-21_p42.png,553,731,0.997,7
data/raw/bvsd/page_renders/worksession_2025-10-21_p42.png,553,1413,0.995,9
data/raw/bvsd/page_renders/worksession_2025-10-21_p42.png,580,338,0.974,Louisville(6-8)
data/raw/bvsd/page_renders/worksession_2025-10-21_p42.png,581,600,0.999,708
data/raw/bvsd/page_renders/worksession_2025-10-21_p42.png,581,714,0.998,627
data/raw/bvsd/page_renders/worksession_2025-10-21_p42.png,581,1056,0.999,595
data/raw/bvsd/page_renders/worksession_2025-10-21_p42.png,581,1397,0.999,539
data/raw/bvsd/page_renders/worksession_2025-10-21_p42.png,581,1570,0.999,503
data/raw/bvsd/page_renders/worksession_2025-10-21_p42.png,583,885,0.982,612
data/raw/bvsd/page_renders/worksession_2025-10-21_p42.png,583,1226,0.999,578
data/raw/bvsd/page_renders/worksession_2025-10-21_p42.png,584,1668,0.985,71%
data/raw/bvsd/page_renders/worksession_2025-10-21_p42.png,585,811,0.998,89%
data/raw/bvsd/page_renders/worksession_2025-10-21_p42.png,585,1149,0.995,84%
data/raw/bvsd/page_renders/worksession_2025-10-21_p42.png,585,1323,0.995,82%
data/raw/bvsd/page_renders/worksession_2025-10-21_p42.png,585,1495,0.998,76%
data/raw/bvsd/page_renders/worksession_2025-10-21_p42.png,586,983,0.999,86%
data/raw/bvsd/page_renders/worksession_2025-10-21_p42.png,612,600,0.999,643
data/raw/bvsd/page_renders/worksession_2025-10-21_p42.png,612,714,0.999,480
data/raw/bvsd/page_renders/worksession_2025-10-21_p42.png,612,885,0.999,472
data/raw/bvsd/page_renders/worksession_2025-10-21_p42.png,613,1056,0.999,494
data/raw/bvsd/page_renders/worksession_2025-10-21_p42.png,613,1226,0.997,460
data/raw/bvsd/page_renders/worksession_2025-10-21_p42.png,613,1397,0.999,457
data/raw/bvsd/page_renders/worksession_2025-10-21_p42.png,614,340,0.995,Manhattan
data/raw/bvsd/page_renders/worksession_2025-10-21_p42.png,614,811,0.996,75%
data/raw/bvsd/page_renders/worksession_2025-10-21_p42.png,614,983,0.985,73%
data/raw/bvsd/page_renders/worksession_2025-10-21_p42.png,614,1150,0.997,77%
data/raw/bvsd/page_renders/worksession_2025-10-21_p42.png,614,1324,0.996,72%
data/raw/bvsd/page_renders/worksession_2025-10-21_p42.png,614,1494,0.948,71%
data/raw/bvsd/page_renders/worksession_2025-10-21_p42.png,614,1571,0.994,431
data/raw/bvsd/page_renders/worksession_2025-10-21_p42.png,614,1667,0.911,67%
data/raw/bvsd/page_renders/worksession_2025-10-21_p42.png,642,714,0.999,226
data/raw/bvsd/page_renders/worksession_2025-10-21_p42.png,643,340,0.968,Meadowlark(6-8)
data/raw/bvsd/page_renders/worksession_2025-10-21_p42.png,643,600,0.999,250
data/raw/bvsd/page_renders/worksession_2025-10-21_p42.png,643,886,0.999,256
data/raw/bvsd/page_renders/worksession_2025-10-21_p42.png,643,1056,0.999,255
data/raw/bvsd/page_renders/worksession_2025-10-21_p42.png,643,1226,0.999,254
data/raw/bvsd/page_renders/worksession_2025-10-21_p42.png,643,1397,0.999,236
data/raw/bvsd/page_renders/worksession_2025-10-21_p42.png,643,1570,0.999,229
data/raw/bvsd/page_renders/worksession_2025-10-21_p42.png,644,811,0.998,90%
data/raw/bvsd/page_renders/worksession_2025-10-21_p42.png,644,1314,0.997,102%
data/raw/bvsd/page_renders/worksession_2025-10-21_p42.png,644,1493,0.901,94%
data/raw/bvsd/page_renders/worksession_2025-10-21_p42.png,644,1667,0.983,92%
data/raw/bvsd/page_renders/worksession_2025-10-21_p42.png,647,975,0.979,102%
data/raw/bvsd/page_renders/worksession_2025-10-21_p42.png,647,1140,0.996,102%
data/raw/bvsd/page_renders/worksession_2025-10-21_p42.png,673,1054,0.999,422
data/raw/bvsd/page_renders/worksession_2025-10-21_p42.png,674,340,0.967,Monarch(6-8)
data/raw/bvsd/page_renders/worksession_2025-10-21_p42.png,674,600,0.999,509
data/raw/bvsd/page_renders/worksession_2025-10-21_p42.png,674,714,0.999,398
data/raw/bvsd/page_renders/worksession_2025-10-21_p42.png,674,885,0.999,406
data/raw/bvsd/page_renders/worksession_2025-10-21_p42.png,674,1226,0.999,404
data/raw/bvsd/page_renders/worksession_2025-10-21_p42.png,674,1397,0.999,406
data/raw/bvsd/page_renders/worksession_2025-10-21_p42.png,674,1570,0.997,361
data/raw/bvsd/page_renders/worksession_2025-10-21_p42.png,677,812,0.998,78%
data/raw/bvsd/page_renders/worksession_2025-10-21_p42.png,677,983,0.998,80%
data/raw/bvsd/page_renders/worksession_2025-10-21_p42.png,677,1149,0.994,83%
data/raw/bvsd/page_renders/worksession_2025-10-21_p42.png,677,1325,0.998,79%
data/raw/bvsd/page_renders/worksession_2025-10-21_p42.png,677,1494,0.998,80%
data/raw/bvsd/page_renders/worksession_2025-10-21_p42.png,677,1669,0.957,71%
data/raw/bvsd/page_renders/worksession_2025-10-21_p42.png,704,340,0.971,Nederland(6-8)
data/raw/bvsd/page_renders/worksession_2025-10-21_p42.png,704,600,0.999,254
data/raw/bvsd/page_renders/worksession_2025-10-21_p42.png,705,722,0.998,99
data/raw/bvsd/page_renders/worksession_2025-10-21_p42.png,705,893,0.999,98
data/raw/bvsd/page_renders/worksession_2025-10-21_p42.png,705,1061,0.999,94
data/raw/bvsd/page_renders/worksession_2025-10-21_p42.png,705,1231,0.999,97
data/raw/bvsd/page_renders/worksession_2025-10-21_p42.png,705,1404,0.995,91
data/raw/bvsd/page_renders/worksession_2025-10-21_p42.png,705,1575,0.999,88
data/raw/bvsd/page_renders/worksession_2025-10-21_p42.png,707,812,0.998,39%
data/raw/bvsd/page_renders/worksession_2025-10-21_p42.png,707,983,0.997,39%
data/raw/bvsd/page_renders/worksession_2025-10-21_p42.png,707,1150,0.994,37%
data/raw/bvsd/page_renders/worksession_2025-10-21_p42.png,707,1324,0.997,38%
data/raw/bvsd/page_renders/worksession_2025-10-21_p42.png,707,1494,0.996,36%
data/raw/bvsd/page_renders/worksession_2025-10-21_p42.png,707,1668,0.997,35%
data/raw/bvsd/page_renders/worksession_2025-10-21_p42.png,733,598,0.999,862
data/raw/bvsd/page_renders/worksession_2025-10-21_p42.png,733,713,0.999,483
data/raw/bvsd/page_renders/worksession_2025-10-21_p42.png,734,886,0.999,480
data/raw/bvsd/page_renders/worksession_2025-10-21_p42.png,736,1056,0.999,432
data/raw/bvsd/page_renders/worksession_2025-10-21_p42.png,736,1226,0.997,447
data/raw/bvsd/page_renders/worksession_2025-10-21_p42.png,736,1397,0.999,438
data/raw/bvsd/page_renders/worksession_2025-10-21_p42.png,736,1571,0.999,456
data/raw/bvsd/page_renders/worksession_2025-10-21_p42.png,737,341,0.993,NevinPlatt
data/raw/bvsd/page_renders/worksession_2025-10-21_p42.png,737,811,0.997,56%
data/raw/bvsd/page_renders/worksession_2025-10-21_p42.png,737,983,0.948,56%
data/raw/bvsd/page_renders/worksession_2025-10-21_p42.png,737,1323,0.988,52%
data/raw/bvsd/page_renders/worksession_2025-10-21_p42.png,737,1493,0.878,57%
data/raw/bvsd/page_renders/worksession_2025-10-21_p42.png,737,1667,0.998,53%
data/raw/bvsd/page_renders/worksession_2025-10-21_p42.png,738,1150,0.998,50%
data/raw/bvsd/page_renders/worksession_2025-10-21_p42.png,764,339,0.992,SouthernHills
data/raw/bvsd/page_renders/worksession_2025-10-21_p42.png,765,600,0.999,659
data/raw/bvsd/page_renders/worksession_2025-10-21_p42.png,766,713,0.997,501
data/raw/bvsd/page_renders/worksession_2025-10-21_p42.png,766,885,0.995,515
data/raw/bvsd/page_renders/worksession_2025-10-21_p42.png,766,1055,0.999,488
data/raw/bvsd/page_renders/worksession_2025-10-21_p42.png,766,1225,0.999,473
data/raw/bvsd/page_renders/worksession_2025-10-21_p42.png,766,1396,0.999,473
data/raw/bvsd/page_renders/worksession_2025-10-21_p42.png,766,1569,0.999,453
data/raw/bvsd/page_renders/worksession_2025-10-21_p42.png,767,1150,0.997,74%
data/raw/bvsd/page_renders/worksession_2025-10-21_p42.png,769,812,0.998,76%
data/raw/bvsd/page_renders/worksession_2025-10-21_p42.png,769,985,0.997,78%
data/raw/bvsd/page_renders/worksession_2025-10-21_p42.png,769,1325,0.997,72%
data/raw/bvsd/page_renders/worksession_2025-10-21_p42.png,769,1495,0.997,72%
data/raw/bvsd/page_renders/worksession_2025-10-21_p42.png,769,1668,0.998,69%
data/raw/bvsd/page_renders/worksession_2025-10-21_p42.png,798,1389,0.998,5277
data/raw/bvsd/page_renders/worksession_2025-10-21_p42.png,800,417,0.996,GFSubtotal
data/raw/bvsd/page_renders/worksession_2025-10-21_p42.png,800,708,0.999,5538
data/raw/bvsd/page_renders/worksession_2025-10-21_p42.png,800,879,0.998,5513
data/raw/bvsd/page_renders/worksession_2025-10-21_p42.png,800,1047,0.999,5407
data/raw/bvsd/page_renders/worksession_2025-10-21_p42.png,800,1217,0.999,5364
data/raw/bvsd/page_renders/worksession_2025-10-21_p42.png,800,1561,0.997,5133
data/raw/bvsd/page_renders/worksession_2025-10-21_p42.png,862,326,0.99,Charter
data/raw/bvsd/page_renders/worksession_2025-10-21_p42.png,894,340,0.975,Horizons(6-8)
data/raw/bvsd/page_renders/worksession_2025-10-21_p42.png,894,599,0.999,149
data/raw/bvsd/page_renders/worksession_2025-10-21_p42.png,894,714,0.999,120
data/raw/bvsd/page_renders/worksession_2025-10-21_p42.png,894,885,0.998,129
data/raw/bvsd/page_renders/worksession_2025-10-21_p42.png,894,1055,0.997,123
data/raw/bvsd/page_renders/worksession_2025-10-21_p42.png,894,1225,0.998,127
data/raw/bvsd/page_renders/worksession_2025-10-21_p42.png,894,1397,0.998,130
data/raw/bvsd/page_renders/worksession_2025-10-21_p42.png,894,1569,0.988,131
data/raw/bvsd/page_renders/worksession_2025-10-21_p42.png,895,809,0.904,81%
data/raw/bvsd/page_renders/worksession_2025-10-21_p42.png,895,981,0.997,87%
data/raw/bvsd/page_renders/worksession_2025-10-21_p42.png,895,1148,0.998,83%
data/raw/bvsd/page_renders/worksession_2025-10-21_p42.png,895,1322,0.998,85%
data/raw/bvsd/page_renders/worksession_2025-10-21_p42.png,895,1492,0.997,87%
data/raw/bvsd/page_renders/worksession_2025-10-21_p42.png,895,1666,0.997,88%
data/raw/bvsd/page_renders/worksession_2025-10-21_p42.png,923,340,0.973,Justice(6-8)
data/raw/bvsd/page_renders/worksession_2025-10-21_p42.png,924,721,0.999,10
data/raw/bvsd/page_renders/worksession_2025-10-21_p42.png,925,900,0.988,9
data/raw/bvsd/page_renders/worksession_2025-10-21_p42.png,925,1069,0.997,7
data/raw/bvsd/page_renders/worksession_2025-10-21_p42.png,925,1240,0.999,7
data/raw/bvsd/page_renders/worksession_2025-10-21_p42.png,925,1411,0.999,7
data/raw/bvsd/page_renders/worksession_2025-10-21_p42.png,925,1584,0.998,7
data/raw/bvsd/page_renders/worksession_2025-10-21_p42.png,954,713,0.999,403
data/raw/bvsd/page_renders/worksession_2025-10-21_p42.png,955,1055,0.999,404
data/raw/bvsd/page_renders/worksession_2025-10-21_p42.png,955,1226,0.999,404
data/raw/bvsd/page_renders/worksession_2025-10-21_p42.png,956,340,0.954,PeaktoPeak(6-8)
data/raw/bvsd/page_renders/worksession_2025-10-21_p42.png,956,885,0.999,403
data/raw/bvsd/page_renders/worksession_2025-10-21_p42.png,956,1397,0.999,404
data/raw/bvsd/page_renders/worksession_2025-10-21_p42.png,956,1570,0.999,402
data/raw/bvsd/page_renders/worksession_2025-10-21_p42.png,986,340,0.99,Summit
data/raw/bvsd/page_renders/worksession_2025-10-21_p42.png,986,599,0.998,368
data/raw/bvsd/page_renders/worksession_2025-10-21_p42.png,986,713,0.998,366
data/raw/bvsd/page_renders/worksession_2025-10-21_p42.png,986,885,0.998,366
data/raw/bvsd/page_renders/worksession_2025-10-21_p42.png,986,1055,0.999,364
data/raw/bvsd/page_renders/worksession_2025-10-21_p42.png,986,1225,0.998,364
data/raw/bvsd/page_renders/worksession_2025-10-21_p42.png,987,810,0.992,%66
data/raw/bvsd/page_renders/worksession_2025-10-21_p42.png,987,1148,0.998,99%
data/raw/bvsd/page_renders/worksession_2025-10-21_p42.png,987,1322,0.997,99%
data/raw/bvsd/page_renders/worksession_2025-10-21_p42.png,987,1396,0.998,364
data/raw/bvsd/page_renders/worksession_2025-10-21_p42.png,987,1569,0.999,364
data/raw/bvsd/page_renders/worksession_2025-10-21_p42.png,989,983,0.997,99%
data/raw/bvsd/page_renders/worksession_2025-10-21_p42.png,989,1494,0.997,99%
data/raw/bvsd/page_renders/worksession_2025-10-21_p42.png,989,1668,0.998,99%
data/raw/bvsd/page_renders/worksession_2025-10-21_p42.png,1023,883,0.999,907
data/raw/bvsd/page_renders/worksession_2025-10-21_p42.png,1023,1568,0.999,904
data/raw/bvsd/page_renders/worksession_2025-10-21_p42.png,1025,361,0.995,CharterSubtotal
data/raw/bvsd/page_renders/worksession_2025-10-21_p42.png,1025,713,0.999,899
data/raw/bvsd/page_renders/worksession_2025-10-21_p42.png,1025,1224,0.999,902
data/raw/bvsd/page_renders/worksession_2025-10-21_p42.png,1025,1396,0.999,904
data/raw/bvsd/page_renders/worksession_2025-10-21_p42.png,1064,875,0.998,6420
data/raw/bvsd/page_renders/worksession_2025-10-21_p42.png,1065,386,0.988,MIDDLETotal
data/raw/bvsd/page_renders/worksession_2025-10-21_p42.png,1065,1388,0.987,6181
data/raw/bvsd/page_renders/worksession_2025-10-21_p42.png,1066,1216,0.999,6266
data/raw/bvsd/page_renders/worksession_2025-10-21_p42.png,1067,707,0.998,6437
data/raw/bvsd/page_renders/worksession_2025-10-21_p42.png,1067,1047,0.999,6306
data/raw/bvsd/page_renders/worksession_2025-10-21_p42.png,1067,1561,0.999,6037
data/raw/bvsd/page_renders/worksession_2025-10-21_p42.png,1140,77,0.995,BVSD
data/raw/bvsd/page_renders/worksession_2025-10-21_p42.png,1146,2082,1.0,42
data/raw/bvsd/page_renders/worksession_2025-10-21_p44.png,550,833,0.99,Options
data/raw/bvsd/page_renders/worksession_2025-10-21_p44.png,1139,74,0.994,BVSD
data/raw/bvsd/page_renders/worksession_2025-10-21_p44.png,1146,2082,1.0,44
